store_id,product_id,date,category,sales,price,Discount_Applied,safety_stock,lead_time_days,promotion,is_outlier,day_of_week,day_of_month,week_of_year,month,quarter,day_of_year,is_weekend,sin_day_of_week,cos_day_of_week,sin_month,cos_month,lag_1,has_lag_1,lag_7,has_lag_7,lag_14,has_lag_14,lag_28,has_lag_28,rolling_mean_7,rolling_std_7,rolling_min_7,rolling_max_7,rolling_mean_14,rolling_mean_28,rolling_std_28,rolling_min_28,rolling_max_28,trend_ratio,is_promotion,previous_price,price_change,price_change_pct,store_id_Germany,store_id_India,store_id_Pakistan,store_id_UAE,store_id_UK,store_id_USA,product_id_4K Smart TV,product_id_Air Fryer,product_id_Blender,product_id_Coffee Maker,product_id_Cotton T-Shirt,product_id_Cycling Helmet,product_id_Denim Jeans,product_id_Dumbbell Set,product_id_Face Wash,product_id_Football,product_id_Formal Shirt,product_id_Gaming Laptop,product_id_Hair Serum,product_id_Lipstick Set,product_id_Microwave Oven,product_id_Moisturizing Cream,product_id_Perfume,product_id_Running Shoes,product_id_Smartphone 128GB,product_id_Smartwatch,product_id_Tennis Racket,product_id_Vacuum Cleaner,product_id_Winter Jacket,product_id_Wireless Noise-Canceling Headphones,product_id_Yoga Mat,category_Apparel,category_Beauty,category_Electronics,category_Home & Kitchen,category_Sports
UK,Cotton T-Shirt,2025-05-23,Apparel,0.0,124.78,,20.0,2.0,0.0,0.0,4,23,21,5,2,143,0,-0.433883739117558,-0.9009688679024191,0.49999999999999994,-0.8660254037844387,2.0,1,0.0,1,0.0,1,0.0,1,1.0,1.914854215512675,0.0,5.0,0.7857142857142857,0.6785714285714286,1.2187902754164635,0.0,5.0,1.4736842105263157,0,124.78,0.0,0.0,False,False,False,False,True,False,False,False,False,False,True,False,False,False,False,False,False,False,False,False,False,False,False,False,False,False,False,False,False,False,False,True,False,False,False,False
UK,Cotton T-Shirt,2025-05-24,Apparel,0.0,124.78,,20.0,2.0,0.0,0.0,5,24,21,5,2,144,1,-0.9749279121818236,-0.2225209339563146,0.49999999999999994,-0.8660254037844387,0.0,1,0.0,1,0.0,1,2.0,1,1.0,1.914854215512675,0.0,5.0,0.7857142857142857,0.6785714285714286,1.2187902754164635,0.0,5.0,1.4736842105263157,0,124.78,0.0,0.0,False,False,False,False,True,False,False,False,False,False,True,False,False,False,False,False,False,False,False,False,False,False,False,False,False,False,False,False,False,False,False,True,False,False,False,False
UK,Cotton T-Shirt,2025-05-25,Apparel,2.0,94.69,0.06,20.0,2.0,1.0,0.0,6,25,21,5,2,145,1,-0.7818314824680299,0.6234898018587334,0.49999999999999994,-0.8660254037844387,0.0,1,5.0,1,2.0,1,0.0,1,1.0,1.914854215512675,0.0,5.0,0.7857142857142857,0.6071428571428571,1.1968874978625543,0.0,5.0,1.647058823529412,1,124.78,-30.090000000000003,-0.24114441416893737,False,False,False,False,True,False,False,False,False,False,True,False,False,False,False,False,False,False,False,False,False,False,False,False,False,False,False,False,False,False,False,True,False,False,False,False
UK,Cotton T-Shirt,2025-05-26,Apparel,0.0,94.69,,20.0,2.0,0.0,0.0,0,26,22,5,2,146,0,0.0,1.0,0.49999999999999994,-0.8660254037844387,2.0,1,0.0,1,2.0,1,0.0,1,0.5714285714285714,0.9759000729485308,0.0,2.0,0.7857142857142857,0.6785714285714286,1.2187902754164635,0.0,5.0,0.8421052631578947,0,94.69,0.0,0.0,False,False,False,False,True,False,False,False,False,False,True,False,False,False,False,False,False,False,False,False,False,False,False,False,False,False,False,False,False,False,False,True,False,False,False,False
UK,Cotton T-Shirt,2025-05-27,Apparel,0.0,94.69,,20.0,2.0,0.0,0.0,1,27,22,5,2,147,0,0.7818314824680298,0.6234898018587336,0.49999999999999994,-0.8660254037844387,0.0,1,0.0,1,0.0,1,1.0,1,0.5714285714285714,0.9759000729485308,0.0,2.0,0.6428571428571429,0.6785714285714286,1.2187902754164635,0.0,5.0,0.8421052631578947,0,94.69,0.0,0.0,False,False,False,False,True,False,False,False,False,False,True,False,False,False,False,False,False,False,False,False,False,False,False,False,False,False,False,False,False,False,False,True,False,False,False,False
UK,Cotton T-Shirt,2025-05-28,Apparel,0.0,94.69,,20.0,2.0,0.0,0.0,2,28,22,5,2,148,0,0.9749279121818236,-0.22252093395631434,0.49999999999999994,-0.8660254037844387,0.0,1,0.0,1,0.0,1,0.0,1,0.5714285714285714,0.9759000729485308,0.0,2.0,0.6428571428571429,0.6428571428571429,1.2236643728386067,0.0,5.0,0.8888888888888887,0,94.69,0.0,0.0,False,False,False,False,True,False,False,False,False,False,True,False,False,False,False,False,False,False,False,False,False,False,False,False,False,False,False,False,False,False,False,True,False,False,False,False
UK,Cotton T-Shirt,2025-05-29,Apparel,0.0,94.69,,20.0,2.0,0.0,0.0,3,29,22,5,2,149,0,0.43388373911755823,-0.900968867902419,0.49999999999999994,-0.8660254037844387,0.0,1,2.0,1,0.0,1,0.0,1,0.5714285714285714,0.9759000729485308,0.0,2.0,0.6428571428571429,0.6428571428571429,1.2236643728386067,0.0,5.0,0.8888888888888887,0,94.69,0.0,0.0,False,False,False,False,True,False,False,False,False,False,True,False,False,False,False,False,False,False,False,False,False,False,False,False,False,False,False,False,False,False,False,True,False,False,False,False
UK,Cotton T-Shirt,2025-05-30,Apparel,0.0,94.69,,20.0,2.0,0.0,0.0,4,30,22,5,2,150,0,-0.433883739117558,-0.9009688679024191,0.49999999999999994,-0.8660254037844387,0.0,1,0.0,1,0.0,1,3.0,1,0.2857142857142857,0.7559289460184513,0.0,2.0,0.6428571428571429,0.6428571428571429,1.2236643728386067,0.0,5.0,0.44444444444444436,0,94.69,0.0,0.0,False,False,False,False,True,False,False,False,False,False,True,False,False,False,False,False,False,False,False,False,False,False,False,False,False,False,False,False,False,False,False,True,False,False,False,False
UK,Cotton T-Shirt,2025-05-31,Apparel,0.0,94.69,,20.0,2.0,0.0,0.0,5,31,22,5,2,151,1,-0.9749279121818236,-0.2225209339563146,0.49999999999999994,-0.8660254037844387,0.0,1,0.0,1,0.0,1,0.0,1,0.2857142857142857,0.7559289460184513,0.0,2.0,0.6428571428571429,0.5357142857142857,1.137969043943441,0.0,5.0,0.5333333333333333,0,94.69,0.0,0.0,False,False,False,False,True,False,False,False,False,False,True,False,False,False,False,False,False,False,False,False,False,False,False,False,False,False,False,False,False,False,False,True,False,False,False,False
UK,Cotton T-Shirt,2025-06-01,Apparel,0.0,94.69,,20.0,2.0,0.0,0.0,6,1,22,6,2,152,1,-0.7818314824680299,0.6234898018587334,1.2246467991473532e-16,-1.0,0.0,1,2.0,1,5.0,1,0.0,1,0.2857142857142857,0.7559289460184513,0.0,2.0,0.6428571428571429,0.5357142857142857,1.137969043943441,0.0,5.0,0.5333333333333333,0,94.69,0.0,0.0,False,False,False,False,True,False,False,False,False,False,True,False,False,False,False,False,False,False,False,False,False,False,False,False,False,False,False,False,False,False,False,True,False,False,False,False
UK,Cotton T-Shirt,2025-06-02,Apparel,0.0,94.69,,20.0,2.0,0.0,0.0,0,2,23,6,2,153,0,0.0,1.0,1.2246467991473532e-16,-1.0,0.0,1,0.0,1,0.0,1,0.0,1,0.0,0.0,0.0,0.0,0.2857142857142857,0.5357142857142857,1.137969043943441,0.0,5.0,0.0,0,94.69,0.0,0.0,False,False,False,False,True,False,False,False,False,False,True,False,False,False,False,False,False,False,False,False,False,False,False,False,False,False,False,False,False,False,False,True,False,False,False,False
UK,Cotton T-Shirt,2025-06-03,Apparel,0.0,94.69,,20.0,2.0,0.0,0.0,1,3,23,6,2,154,0,0.7818314824680298,0.6234898018587336,1.2246467991473532e-16,-1.0,0.0,1,0.0,1,0.0,1,1.0,1,0.0,0.0,0.0,0.0,0.2857142857142857,0.5357142857142857,1.137969043943441,0.0,5.0,0.0,0,94.69,0.0,0.0,False,False,False,False,True,False,False,False,False,False,True,False,False,False,False,False,False,False,False,False,False,False,False,False,False,False,False,False,False,False,False,True,False,False,False,False
UK,Cotton T-Shirt,2025-06-04,Apparel,0.0,94.69,,20.0,2.0,0.0,0.0,2,4,23,6,2,155,0,0.9749279121818236,-0.22252093395631434,1.2246467991473532e-16,-1.0,0.0,1,0.0,1,0.0,1,1.0,1,0.0,0.0,0.0,0.0,0.2857142857142857,0.5,1.138550085106624,0.0,5.0,0.0,0,94.69,0.0,0.0,False,False,False,False,True,False,False,False,False,False,True,False,False,False,False,False,False,False,False,False,False,False,False,False,False,False,False,False,False,False,False,True,False,False,False,False
UK,Cotton T-Shirt,2025-06-05,Apparel,0.0,94.69,,20.0,2.0,0.0,0.0,3,5,23,6,2,156,0,0.43388373911755823,-0.900968867902419,1.2246467991473532e-16,-1.0,0.0,1,0.0,1,2.0,1,0.0,1,0.0,0.0,0.0,0.0,0.2857142857142857,0.4642857142857143,1.1379690439434411,0.0,5.0,0.0,0,94.69,0.0,0.0,False,False,False,False,True,False,False,False,False,False,True,False,False,False,False,False,False,False,False,False,False,False,False,False,False,False,False,False,False,False,False,True,False,False,False,False
UK,Cotton T-Shirt,2025-06-06,Apparel,0.0,94.69,,20.0,2.0,0.0,0.0,4,6,23,6,2,157,0,-0.433883739117558,-0.9009688679024191,1.2246467991473532e-16,-1.0,0.0,1,0.0,1,0.0,1,0.0,1,0.0,0.0,0.0,0.0,0.14285714285714285,0.4642857142857143,1.1379690439434411,0.0,5.0,0.0,0,94.69,0.0,0.0,False,False,False,False,True,False,False,False,False,False,True,False,False,False,False,False,False,False,False,False,False,False,False,False,False,False,False,False,False,False,False,True,False,False,False,False
UK,Cotton T-Shirt,2025-06-07,Apparel,0.0,94.69,,20.0,2.0,0.0,0.0,5,7,23,6,2,158,1,-0.9749279121818236,-0.2225209339563146,1.2246467991473532e-16,-1.0,0.0,1,0.0,1,0.0,1,0.0,1,0.0,0.0,0.0,0.0,0.14285714285714285,0.4642857142857143,1.1379690439434411,0.0,5.0,0.0,0,94.69,0.0,0.0,False,False,False,False,True,False,False,False,False,False,True,False,False,False,False,False,False,False,False,False,False,False,False,False,False,False,False,False,False,False,False,True,False,False,False,False
UK,Cotton T-Shirt,2025-06-08,Apparel,0.0,94.69,,20.0,2.0,0.0,0.0,6,8,23,6,2,159,1,-0.7818314824680299,0.6234898018587334,1.2246467991473532e-16,-1.0,0.0,1,0.0,1,2.0,1,2.0,1,0.0,0.0,0.0,0.0,0.14285714285714285,0.4642857142857143,1.1379690439434411,0.0,5.0,0.0,0,94.69,0.0,0.0,False,False,False,False,True,False,False,False,False,False,True,False,False,False,False,False,False,False,False,False,False,False,False,False,False,False,False,False,False,False,False,True,False,False,False,False
UK,Cotton T-Shirt,2025-06-09,Apparel,0.0,94.69,,20.0,2.0,0.0,0.0,0,9,24,6,2,160,0,0.0,1.0,1.2246467991473532e-16,-1.0,0.0,1,0.0,1,0.0,1,2.0,1,0.0,0.0,0.0,0.0,0.0,0.39285714285714285,1.1001442906807566,0.0,5.0,0.0,0,94.69,0.0,0.0,False,False,False,False,True,False,False,False,False,False,True,False,False,False,False,False,False,False,False,False,False,False,False,False,False,False,False,False,False,False,False,True,False,False,False,False
UK,Cotton T-Shirt,2025-06-10,Apparel,0.0,94.69,,20.0,2.0,0.0,0.0,1,10,24,6,2,161,0,0.7818314824680298,0.6234898018587336,1.2246467991473532e-16,-1.0,0.0,1,0.0,1,0.0,1,0.0,1,0.0,0.0,0.0,0.0,0.0,0.32142857142857145,1.0559731838827016,0.0,5.0,0.0,0,94.69,0.0,0.0,False,False,False,False,True,False,False,False,False,False,True,False,False,False,False,False,False,False,False,False,False,False,False,False,False,False,False,False,False,False,False,True,False,False,False,False
UK,Cotton T-Shirt,2025-06-11,Apparel,0.0,94.69,,20.0,2.0,0.0,0.0,2,11,24,6,2,162,0,0.9749279121818236,-0.22252093395631434,1.2246467991473532e-16,-1.0,0.0,1,0.0,1,0.0,1,0.0,1,0.0,0.0,0.0,0.0,0.0,0.32142857142857145,1.0559731838827016,0.0,5.0,0.0,0,94.69,0.0,0.0,False,False,False,False,True,False,False,False,False,False,True,False,False,False,False,False,False,False,False,False,False,False,False,False,False,False,False,False,False,False,False,True,False,False,False,False
UK,Cotton T-Shirt,2025-06-12,Apparel,0.0,94.69,,20.0,2.0,0.0,0.0,3,12,24,6,2,163,0,0.43388373911755823,-0.900968867902419,1.2246467991473532e-16,-1.0,0.0,1,0.0,1,0.0,1,0.0,1,0.0,0.0,0.0,0.0,0.0,0.32142857142857145,1.0559731838827016,0.0,5.0,0.0,0,94.69,0.0,0.0,False,False,False,False,True,False,False,False,False,False,True,False,False,False,False,False,False,False,False,False,False,False,False,False,False,False,False,False,False,False,False,True,False,False,False,False
UK,Cotton T-Shirt,2025-06-13,Apparel,0.0,94.69,,20.0,2.0,0.0,0.0,4,13,24,6,2,164,0,-0.433883739117558,-0.9009688679024191,1.2246467991473532e-16,-1.0,0.0,1,0.0,1,0.0,1,0.0,1,0.0,0.0,0.0,0.0,0.0,0.32142857142857145,1.0559731838827016,0.0,5.0,0.0,0,94.69,0.0,0.0,False,False,False,False,True,False,False,False,False,False,True,False,False,False,False,False,False,False,False,False,False,False,False,False,False,False,False,False,False,False,False,True,False,False,False,False
UK,Cotton T-Shirt,2025-06-14,Apparel,0.0,94.69,,20.0,2.0,0.0,0.0,5,14,24,6,2,165,1,-0.9749279121818236,-0.2225209339563146,1.2246467991473532e-16,-1.0,0.0,1,0.0,1,0.0,1,0.0,1,0.0,0.0,0.0,0.0,0.0,0.32142857142857145,1.0559731838827016,0.0,5.0,0.0,0,94.69,0.0,0.0,False,False,False,False,True,False,False,False,False,False,True,False,False,False,False,False,False,False,False,False,False,False,False,False,False,False,False,False,False,False,False,True,False,False,False,False
UK,Cotton T-Shirt,2025-06-15,Apparel,0.0,94.69,,20.0,2.0,0.0,0.0,6,15,24,6,2,166,1,-0.7818314824680299,0.6234898018587334,1.2246467991473532e-16,-1.0,0.0,1,0.0,1,0.0,1,5.0,1,0.0,0.0,0.0,0.0,0.0,0.32142857142857145,1.0559731838827016,0.0,5.0,0.0,0,94.69,0.0,0.0,False,False,False,False,True,False,False,False,False,False,True,False,False,False,False,False,False,False,False,False,False,False,False,False,False,False,False,False,False,False,False,True,False,False,False,False
UK,Cotton T-Shirt,2025-06-16,Apparel,0.0,94.69,,20.0,2.0,0.0,0.0,0,16,25,6,2,167,0,0.0,1.0,1.2246467991473532e-16,-1.0,0.0,1,0.0,1,0.0,1,0.0,1,0.0,0.0,0.0,0.0,0.0,0.14285714285714285,0.5245305283129675,0.0,2.0,0.0,0,94.69,0.0,0.0,False,False,False,False,True,False,False,False,False,False,True,False,False,False,False,False,False,False,False,False,False,False,False,False,False,False,False,False,False,False,False,True,False,False,False,False
UK,Cotton T-Shirt,2025-06-17,Apparel,0.0,94.69,,20.0,2.0,0.0,0.0,1,17,25,6,2,168,0,0.7818314824680298,0.6234898018587336,1.2246467991473532e-16,-1.0,0.0,1,0.0,1,0.0,1,0.0,1,0.0,0.0,0.0,0.0,0.0,0.14285714285714285,0.5245305283129675,0.0,2.0,0.0,0,94.69,0.0,0.0,False,False,False,False,True,False,False,False,False,False,True,False,False,False,False,False,False,False,False,False,False,False,False,False,False,False,False,False,False,False,False,True,False,False,False,False
UK,Cotton T-Shirt,2025-06-18,Apparel,3.0,33.01,0.08,20.0,2.0,1.0,0.0,2,18,25,6,2,169,0,0.9749279121818236,-0.22252093395631434,1.2246467991473532e-16,-1.0,0.0,1,0.0,1,0.0,1,0.0,1,0.0,0.0,0.0,0.0,0.0,0.14285714285714285,0.5245305283129675,0.0,2.0,0.0,1,94.69,-61.68,-0.6513887422114267,False,False,False,False,True,False,False,False,False,False,True,False,False,False,False,False,False,False,False,False,False,False,False,False,False,False,False,False,False,False,False,True,False,False,False,False
UK,Cotton T-Shirt,2025-06-19,Apparel,0.0,33.01,,20.0,2.0,0.0,0.0,3,19,25,6,2,170,0,0.43388373911755823,-0.900968867902419,1.2246467991473532e-16,-1.0,3.0,1,0.0,1,0.0,1,2.0,1,0.42857142857142855,1.1338934190276795,0.0,3.0,0.21428571428571427,0.25,0.7515416254704859,0.0,3.0,1.7142857142857142,0,33.01,0.0,0.0,False,False,False,False,True,False,False,False,False,False,True,False,False,False,False,False,False,False,False,False,False,False,False,False,False,False,False,False,False,False,False,True,False,False,False,False
UK,Cotton T-Shirt,2025-06-20,Apparel,0.0,33.01,,20.0,2.0,0.0,0.0,4,20,25,6,2,171,0,-0.433883739117558,-0.9009688679024191,1.2246467991473532e-16,-1.0,0.0,1,0.0,1,0.0,1,0.0,1,0.42857142857142855,1.1338934190276795,0.0,3.0,0.21428571428571427,0.17857142857142858,0.6696362433535866,0.0,3.0,2.4,0,33.01,0.0,0.0,False,False,False,False,True,False,False,False,False,False,True,False,False,False,False,False,False,False,False,False,False,False,False,False,False,False,False,False,False,False,False,True,False,False,False,False
UK,Cotton T-Shirt,2025-06-21,Apparel,1.0,149.92,0.01,20.0,2.0,1.0,0.0,5,21,25,6,2,172,1,-0.9749279121818236,-0.2225209339563146,1.2246467991473532e-16,-1.0,0.0,1,0.0,1,0.0,1,0.0,1,0.42857142857142855,1.1338934190276795,0.0,3.0,0.21428571428571427,0.17857142857142858,0.6696362433535866,0.0,3.0,2.4,1,33.01,116.91,3.5416540442290216,False,False,False,False,True,False,False,False,False,False,True,False,False,False,False,False,False,False,False,False,False,False,False,False,False,False,False,False,False,False,False,True,False,False,False,False
UK,Cotton T-Shirt,2025-06-22,Apparel,0.0,149.92,,20.0,2.0,0.0,0.0,6,22,25,6,2,173,1,-0.7818314824680299,0.6234898018587334,1.2246467991473532e-16,-1.0,1.0,1,0.0,1,0.0,1,2.0,1,0.5714285714285714,1.1338934190276795,0.0,3.0,0.2857142857142857,0.21428571428571427,0.6862211530545209,0.0,3.0,2.6666666666666665,0,149.92,0.0,0.0,False,False,False,False,True,False,False,False,False,False,True,False,False,False,False,False,False,False,False,False,False,False,False,False,False,False,False,False,False,False,False,True,False,False,False,False
UK,Cotton T-Shirt,2025-06-23,Apparel,2.0,50.02,0.03,20.0,2.0,1.0,0.0,0,23,26,6,2,174,0,0.0,1.0,1.2246467991473532e-16,-1.0,0.0,1,0.0,1,0.0,1,0.0,1,0.5714285714285714,1.1338934190276795,0.0,3.0,0.2857142857142857,0.14285714285714285,0.5909368402852837,0.0,3.0,4.0,1,149.92,-99.89999999999998,-0.6663553895410885,False,False,False,False,True,False,False,False,False,False,True,False,False,False,False,False,False,False,False,False,False,False,False,False,False,False,False,False,False,False,False,True,False,False,False,False
UK,Cotton T-Shirt,2025-06-24,Apparel,0.0,50.02,,20.0,2.0,0.0,0.0,1,24,26,6,2,175,0,0.7818314824680298,0.6234898018587336,1.2246467991473532e-16,-1.0,2.0,1,0.0,1,0.0,1,0.0,1,0.8571428571428571,1.21498579258791,0.0,3.0,0.42857142857142855,0.21428571428571427,0.6862211530545209,0.0,3.0,4.0,0,50.02,0.0,0.0,False,False,False,False,True,False,False,False,False,False,True,False,False,False,False,False,False,False,False,False,False,False,False,False,False,False,False,False,False,False,False,True,False,False,False,False
UK,Cotton T-Shirt,2025-06-25,Apparel,0.0,50.02,,20.0,2.0,0.0,0.0,2,25,26,6,2,176,0,0.9749279121818236,-0.22252093395631434,1.2246467991473532e-16,-1.0,0.0,1,3.0,1,0.0,1,0.0,1,0.8571428571428571,1.21498579258791,0.0,3.0,0.42857142857142855,0.21428571428571427,0.6862211530545209,0.0,3.0,4.0,0,50.02,0.0,0.0,False,False,False,False,True,False,False,False,False,False,True,False,False,False,False,False,False,False,False,False,False,False,False,False,False,False,False,False,False,False,False,True,False,False,False,False
UK,Cotton T-Shirt,2025-06-26,Apparel,3.0,73.595,0.14,20.0,2.0,1.0,0.0,3,26,26,6,2,177,0,0.43388373911755823,-0.900968867902419,1.2246467991473532e-16,-1.0,0.0,1,0.0,1,0.0,1,0.0,1,0.42857142857142855,0.7867957924694401,0.0,2.0,0.42857142857142855,0.21428571428571427,0.6862211530545209,0.0,3.0,2.0,1,50.02,23.574999999999996,0.471311475409836,False,False,False,False,True,False,False,False,False,False,True,False,False,False,False,False,False,False,False,False,False,False,False,False,False,False,False,False,False,False,False,True,False,False,False,False
UK,Cotton T-Shirt,2025-06-27,Apparel,0.0,73.595,,20.0,2.0,0.0,0.0,4,27,26,6,2,178,0,-0.433883739117558,-0.9009688679024191,1.2246467991473532e-16,-1.0,3.0,1,0.0,1,0.0,1,0.0,1,0.8571428571428571,1.21498579258791,0.0,3.0,0.6428571428571429,0.32142857142857145,0.8629652337776994,0.0,3.0,2.6666666666666665,0,73.595,0.0,0.0,False,False,False,False,True,False,False,False,False,False,True,False,False,False,False,False,False,False,False,False,False,False,False,False,False,False,False,False,False,False,False,True,False,False,False,False
UK,Cotton T-Shirt,2025-06-28,Apparel,3.0,87.22,0.0,20.0,2.0,0.0,0.0,5,28,26,6,2,179,1,-0.9749279121818236,-0.2225209339563146,1.2246467991473532e-16,-1.0,0.0,1,1.0,1,0.0,1,0.0,1,0.8571428571428571,1.21498579258791,0.0,3.0,0.6428571428571429,0.32142857142857145,0.8629652337776994,0.0,3.0,2.6666666666666665,0,73.595,13.625,0.185134859705143,False,False,False,False,True,False,False,False,False,False,True,False,False,False,False,False,False,False,False,False,False,False,False,False,False,False,False,False,False,False,False,True,False,False,False,False
UK,Cotton T-Shirt,2025-06-29,Apparel,0.0,87.22,,20.0,2.0,0.0,0.0,6,29,26,6,2,180,1,-0.7818314824680299,0.6234898018587334,1.2246467991473532e-16,-1.0,3.0,1,0.0,1,0.0,1,0.0,1,1.1428571428571428,1.4638501094227983,0.0,3.0,0.8571428571428571,0.42857142857142855,0.9973509887241296,0.0,3.0,2.6666666666666665,0,87.22,0.0,0.0,False,False,False,False,True,False,False,False,False,False,True,False,False,False,False,False,False,False,False,False,False,False,False,False,False,False,False,False,False,False,False,True,False,False,False,False
UK,Cotton T-Shirt,2025-06-30,Apparel,0.0,87.22,,20.0,2.0,0.0,0.0,0,30,27,6,2,181,0,0.0,1.0,1.2246467991473532e-16,-1.0,0.0,1,2.0,1,0.0,1,0.0,1,1.1428571428571428,1.4638501094227983,0.0,3.0,0.8571428571428571,0.42857142857142855,0.9973509887241296,0.0,3.0,2.6666666666666665,0,87.22,0.0,0.0,False,False,False,False,True,False,False,False,False,False,True,False,False,False,False,False,False,False,False,False,False,False,False,False,False,False,False,False,False,False,False,True,False,False,False,False
UK,Cotton T-Shirt,2025-07-01,Apparel,0.0,87.22,,20.0,2.0,0.0,0.0,1,1,27,7,3,182,0,0.7818314824680298,0.6234898018587336,-0.4999999999999997,-0.8660254037844388,0.0,1,0.0,1,0.0,1,0.0,1,0.8571428571428571,1.4638501094227983,0.0,3.0,0.8571428571428571,0.42857142857142855,0.9973509887241296,0.0,3.0,2.0,0,87.22,0.0,0.0,False,False,False,False,True,False,False,False,False,False,True,False,False,False,False,False,False,False,False,False,False,False,False,False,False,False,False,False,False,False,False,True,False,False,False,False
UK,Cotton T-Shirt,2025-07-02,Apparel,0.0,87.22,,20.0,2.0,0.0,0.0,2,2,27,7,3,183,0,0.9749279121818236,-0.22252093395631434,-0.4999999999999997,-0.8660254037844388,0.0,1,0.0,1,3.0,1,0.0,1,0.8571428571428571,1.4638501094227983,0.0,3.0,0.8571428571428571,0.42857142857142855,0.9973509887241296,0.0,3.0,2.0,0,87.22,0.0,0.0,False,False,False,False,True,False,False,False,False,False,True,False,False,False,False,False,False,False,False,False,False,False,False,False,False,False,False,False,False,False,False,True,False,False,False,False
UK,Cotton T-Shirt,2025-07-03,Apparel,1.0,140.0,0.04,20.0,2.0,1.0,0.0,3,3,27,7,3,184,0,0.43388373911755823,-0.900968867902419,-0.4999999999999997,-0.8660254037844388,0.0,1,3.0,1,0.0,1,0.0,1,0.8571428571428571,1.4638501094227983,0.0,3.0,0.6428571428571429,0.42857142857142855,0.9973509887241296,0.0,3.0,2.0,1,87.22,52.78,0.6051364365971108,False,False,False,False,True,False,False,False,False,False,True,False,False,False,False,False,False,False,False,False,False,False,False,False,False,False,False,False,False,False,False,True,False,False,False,False
UK,Cotton T-Shirt,2025-07-04,Apparel,0.0,140.0,,20.0,2.0,0.0,0.0,4,4,27,7,3,185,0,-0.433883739117558,-0.9009688679024191,-0.4999999999999997,-0.8660254037844388,1.0,1,0.0,1,0.0,1,0.0,1,0.5714285714285714,1.1338934190276795,0.0,3.0,0.7142857142857143,0.4642857142857143,0.9993384054849752,0.0,3.0,1.2307692307692306,0,140.0,0.0,0.0,False,False,False,False,True,False,False,False,False,False,True,False,False,False,False,False,False,False,False,False,False,False,False,False,False,False,False,False,False,False,False,True,False,False,False,False
UK,Cotton T-Shirt,2025-07-05,Apparel,2.0,46.86,0.01,20.0,2.0,1.0,0.0,5,5,27,7,3,186,1,-0.9749279121818236,-0.2225209339563146,-0.4999999999999997,-0.8660254037844388,0.0,1,3.0,1,1.0,1,0.0,1,0.5714285714285714,1.1338934190276795,0.0,3.0,0.7142857142857143,0.4642857142857143,0.9993384054849752,0.0,3.0,1.2307692307692306,1,140.0,-93.14,-0.6652857142857143,False,False,False,False,True,False,False,False,False,False,True,False,False,False,False,False,False,False,False,False,False,False,False,False,False,False,False,False,False,False,False,True,False,False,False,False
UK,Cotton T-Shirt,2025-07-06,Apparel,0.0,46.86,,20.0,2.0,0.0,0.0,6,6,27,7,3,187,1,-0.7818314824680299,0.6234898018587334,-0.4999999999999997,-0.8660254037844388,2.0,1,0.0,1,0.0,1,0.0,1,0.42857142857142855,0.7867957924694401,0.0,2.0,0.7857142857142857,0.5357142857142857,1.0357370915204913,0.0,3.0,0.7999999999999999,0,46.86,0.0,0.0,False,False,False,False,True,False,False,False,False,False,True,False,False,False,False,False,False,False,False,False,False,False,False,False,False,False,False,False,False,False,False,True,False,False,False,False
UK,Cotton T-Shirt,2025-07-07,Apparel,0.0,46.86,,20.0,2.0,0.0,0.0,0,7,28,7,3,188,0,0.0,1.0,-0.4999999999999997,-0.8660254037844388,0.0,1,0.0,1,2.0,1,0.0,1,0.42857142857142855,0.7867957924694401,0.0,2.0,0.7857142857142857,0.5357142857142857,1.0357370915204913,0.0,3.0,0.7999999999999999,0,46.86,0.0,0.0,False,False,False,False,True,False,False,False,False,False,True,False,False,False,False,False,False,False,False,False,False,False,False,False,False,False,False,False,False,False,False,True,False,False,False,False
UK,Cotton T-Shirt,2025-07-08,Apparel,0.0,46.86,,20.0,2.0,0.0,0.0,1,8,28,7,3,189,0,0.7818314824680298,0.6234898018587336,-0.4999999999999997,-0.8660254037844388,0.0,1,0.0,1,0.0,1,0.0,1,0.42857142857142855,0.7867957924694401,0.0,2.0,0.6428571428571429,0.5357142857142857,1.0357370915204913,0.0,3.0,0.7999999999999999,0,46.86,0.0,0.0,False,False,False,False,True,False,False,False,False,False,True,False,False,False,False,False,False,False,False,False,False,False,False,False,False,False,False,False,False,False,False,True,False,False,False,False
UK,Cotton T-Shirt,2025-07-09,Apparel,0.0,46.86,,20.0,2.0,0.0,0.0,2,9,28,7,3,190,0,0.9749279121818236,-0.22252093395631434,-0.4999999999999997,-0.8660254037844388,0.0,1,0.0,1,0.0,1,0.0,1,0.42857142857142855,0.7867957924694401,0.0,2.0,0.6428571428571429,0.5357142857142857,1.0357370915204913,0.0,3.0,0.7999999999999999,0,46.86,0.0,0.0,False,False,False,False,True,False,False,False,False,False,True,False,False,False,False,False,False,False,False,False,False,False,False,False,False,False,False,False,False,False,False,True,False,False,False,False
UK,Cotton T-Shirt,2025-07-10,Apparel,1.0,89.56,0.01,20.0,2.0,1.0,0.0,3,10,28,7,3,191,0,0.43388373911755823,-0.900968867902419,-0.4999999999999997,-0.8660254037844388,0.0,1,1.0,1,3.0,1,0.0,1,0.42857142857142855,0.7867957924694401,0.0,2.0,0.6428571428571429,0.5357142857142857,1.0357370915204913,0.0,3.0,0.7999999999999999,1,46.86,42.7,0.9112249253094324,False,False,False,False,True,False,False,False,False,False,True,False,False,False,False,False,False,False,False,False,False,False,False,False,False,False,False,False,False,False,False,True,False,False,False,False
UK,Cotton T-Shirt,2025-07-11,Apparel,0.0,89.56,,20.0,2.0,0.0,0.0,4,11,28,7,3,192,0,-0.433883739117558,-0.9009688679024191,-0.4999999999999997,-0.8660254037844388,1.0,1,0.0,1,0.0,1,0.0,1,0.42857142857142855,0.7867957924694401,0.0,2.0,0.5,0.5714285714285714,1.0338196500275434,0.0,3.0,0.75,0,89.56,0.0,0.0,False,False,False,False,True,False,False,False,False,False,True,False,False,False,False,False,False,False,False,False,False,False,False,False,False,False,False,False,False,False,False,True,False,False,False,False
UK,Cotton T-Shirt,2025-07-12,Apparel,2.0,62.18,0.0,20.0,2.0,0.0,0.0,5,12,28,7,3,193,1,-0.9749279121818236,-0.2225209339563146,-0.4999999999999997,-0.8660254037844388,0.0,1,2.0,1,3.0,1,0.0,1,0.42857142857142855,0.7867957924694401,0.0,2.0,0.5,0.5714285714285714,1.0338196500275434,0.0,3.0,0.75,0,89.56,-27.380000000000003,-0.30571683787405096,False,False,False,False,True,False,False,False,False,False,True,False,False,False,False,False,False,False,False,False,False,False,False,False,False,False,False,False,False,False,False,True,False,False,False,False
UK,Cotton T-Shirt,2025-07-13,Apparel,0.0,62.18,,20.0,2.0,0.0,0.0,6,13,28,7,3,194,1,-0.7818314824680299,0.6234898018587334,-0.4999999999999997,-0.8660254037844388,2.0,1,0.0,1,0.0,1,0.0,1,0.42857142857142855,0.7867957924694401,0.0,2.0,0.42857142857142855,0.6428571428571429,1.0615950861718089,0.0,3.0,0.6666666666666666,0,62.18,0.0,0.0,False,False,False,False,True,False,False,False,False,False,True,False,False,False,False,False,False,False,False,False,False,False,False,False,False,False,False,False,False,False,False,True,False,False,False,False
UK,Cotton T-Shirt,2025-07-14,Apparel,0.0,62.18,,20.0,2.0,0.0,0.0,0,14,29,7,3,195,0,0.0,1.0,-0.4999999999999997,-0.8660254037844388,0.0,1,0.0,1,0.0,1,0.0,1,0.42857142857142855,0.7867957924694401,0.0,2.0,0.42857142857142855,0.6428571428571429,1.0615950861718089,0.0,3.0,0.6666666666666666,0,62.18,0.0,0.0,False,False,False,False,True,False,False,False,False,False,True,False,False,False,False,False,False,False,False,False,False,False,False,False,False,False,False,False,False,False,False,True,False,False,False,False
UK,Cotton T-Shirt,2025-07-15,Apparel,0.0,62.18,,20.0,2.0,0.0,0.0,1,15,29,7,3,196,0,0.7818314824680298,0.6234898018587336,-0.4999999999999997,-0.8660254037844388,0.0,1,0.0,1,0.0,1,0.0,1,0.42857142857142855,0.7867957924694401,0.0,2.0,0.42857142857142855,0.6428571428571429,1.0615950861718089,0.0,3.0,0.6666666666666666,0,62.18,0.0,0.0,False,False,False,False,True,False,False,False,False,False,True,False,False,False,False,False,False,False,False,False,False,False,False,False,False,False,False,False,False,False,False,True,False,False,False,False
UK,Cotton T-Shirt,2025-07-16,Apparel,0.0,62.18,,20.0,2.0,0.0,0.0,2,16,29,7,3,197,0,0.9749279121818236,-0.22252093395631434,-0.4999999999999997,-0.8660254037844388,0.0,1,0.0,1,0.0,1,3.0,1,0.42857142857142855,0.7867957924694401,0.0,2.0,0.42857142857142855,0.6428571428571429,1.0615950861718089,0.0,3.0,0.6666666666666666,0,62.18,0.0,0.0,False,False,False,False,True,False,False,False,False,False,True,False,False,False,False,False,False,False,False,False,False,False,False,False,False,False,False,False,False,False,False,True,False,False,False,False
UK,Cotton T-Shirt,2025-07-17,Apparel,0.0,62.18,,20.0,2.0,0.0,0.0,3,17,29,7,3,198,0,0.43388373911755823,-0.900968867902419,-0.4999999999999997,-0.8660254037844388,0.0,1,1.0,1,1.0,1,0.0,1,0.42857142857142855,0.7867957924694401,0.0,2.0,0.42857142857142855,0.5357142857142857,0.9615628812527958,0.0,3.0,0.7999999999999999,0,62.18,0.0,0.0,False,False,False,False,True,False,False,False,False,False,True,False,False,False,False,False,False,False,False,False,False,False,False,False,False,False,False,False,False,False,False,True,False,False,False,False
UK,Cotton T-Shirt,2025-07-18,Apparel,2.0,22.5,0.02,20.0,2.0,1.0,0.0,4,18,29,7,3,199,0,-0.433883739117558,-0.9009688679024191,-0.4999999999999997,-0.8660254037844388,0.0,1,0.0,1,0.0,1,0.0,1,0.2857142857142857,0.7559289460184512,0.0,2.0,0.35714285714285715,0.5357142857142857,0.9615628812527958,0.0,3.0,0.5333333333333333,1,62.18,-39.68,-0.6381473142489547,False,False,False,False,True,False,False,False,False,False,True,False,False,False,False,False,False,False,False,False,False,False,False,False,False,False,False,False,False,False,False,True,False,False,False,False
UK,Cotton T-Shirt,2025-07-19,Apparel,0.0,22.5,,20.0,2.0,0.0,0.0,5,19,29,7,3,200,1,-0.9749279121818236,-0.2225209339563146,-0.4999999999999997,-0.8660254037844388,2.0,1,2.0,1,2.0,1,1.0,1,0.5714285714285714,0.9759000729485308,0.0,2.0,0.5,0.6071428571428571,0.9940297973880066,0.0,3.0,0.9411764705882353,0,22.5,0.0,0.0,False,False,False,False,True,False,False,False,False,False,True,False,False,False,False,False,False,False,False,False,False,False,False,False,False,False,False,False,False,False,False,True,False,False,False,False
UK,Cotton T-Shirt,2025-07-20,Apparel,0.0,22.5,,20.0,2.0,0.0,0.0,6,20,29,7,3,201,1,-0.7818314824680299,0.6234898018587334,-0.4999999999999997,-0.8660254037844388,0.0,1,0.0,1,0.0,1,0.0,1,0.2857142857142857,0.7559289460184512,0.0,2.0,0.35714285714285715,0.5714285714285714,0.9973509887241293,0.0,3.0,0.5,0,22.5,0.0,0.0,False,False,False,False,True,False,False,False,False,False,True,False,False,False,False,False,False,False,False,False,False,False,False,False,False,False,False,False,False,False,False,True,False,False,False,False
UK,Cotton T-Shirt,2025-07-21,Apparel,1.0,141.82,0.08,20.0,2.0,1.0,0.0,0,21,30,7,3,202,0,0.0,1.0,-0.4999999999999997,-0.8660254037844388,0.0,1,0.0,1,0.0,1,2.0,1,0.2857142857142857,0.7559289460184512,0.0,2.0,0.35714285714285715,0.5714285714285714,0.9973509887241293,0.0,3.0,0.5,1,22.5,119.32,5.303111111111111,False,False,False,False,True,False,False,False,False,False,True,False,False,False,False,False,False,False,False,False,False,False,False,False,False,False,False,False,False,False,False,True,False,False,False,False
UK,Cotton T-Shirt,2025-07-22,Apparel,0.0,141.82,,20.0,2.0,0.0,0.0,1,22,30,7,3,203,0,0.7818314824680298,0.6234898018587336,-0.4999999999999997,-0.8660254037844388,1.0,1,0.0,1,0.0,1,0.0,1,0.42857142857142855,0.7867957924694401,0.0,2.0,0.42857142857142855,0.5357142857142857,0.9615628812527958,0.0,3.0,0.7999999999999999,0,141.82,0.0,0.0,False,False,False,False,True,False,False,False,False,False,True,False,False,False,False,False,False,False,False,False,False,False,False,False,False,False,False,False,False,False,False,True,False,False,False,False
UK,Cotton T-Shirt,2025-07-23,Apparel,0.0,141.82,,20.0,2.0,0.0,0.0,2,23,30,7,3,204,0,0.9749279121818236,-0.22252093395631434,-0.4999999999999997,-0.8660254037844388,0.0,1,0.0,1,0.0,1,0.0,1,0.42857142857142855,0.7867957924694401,0.0,2.0,0.42857142857142855,0.5357142857142857,0.9615628812527958,0.0,3.0,0.7999999999999999,0,141.82,0.0,0.0,False,False,False,False,True,False,False,False,False,False,True,False,False,False,False,False,False,False,False,False,False,False,False,False,False,False,False,False,False,False,False,True,False,False,False,False
UK,Cotton T-Shirt,2025-07-24,Apparel,0.0,141.82,,20.0,2.0,0.0,0.0,3,24,30,7,3,205,0,0.43388373911755823,-0.900968867902419,-0.4999999999999997,-0.8660254037844388,0.0,1,0.0,1,1.0,1,3.0,1,0.42857142857142855,0.7867957924694401,0.0,2.0,0.42857142857142855,0.5357142857142857,0.9615628812527958,0.0,3.0,0.7999999999999999,0,141.82,0.0,0.0,False,False,False,False,True,False,False,False,False,False,True,False,False,False,False,False,False,False,False,False,False,False,False,False,False,False,False,False,False,False,False,True,False,False,False,False
UK,Cotton T-Shirt,2025-07-25,Apparel,0.0,141.82,,20.0,2.0,0.0,0.0,4,25,30,7,3,206,0,-0.433883739117558,-0.9009688679024191,-0.4999999999999997,-0.8660254037844388,0.0,1,2.0,1,0.0,1,0.0,1,0.42857142857142855,0.7867957924694401,0.0,2.0,0.35714285714285715,0.42857142857142855,0.8357108940373474,0.0,3.0,1.0,0,141.82,0.0,0.0,False,False,False,False,True,False,False,False,False,False,True,False,False,False,False,False,False,False,False,False,False,False,False,False,False,False,False,False,False,False,False,True,False,False,False,False
UK,Cotton T-Shirt,2025-07-26,Apparel,1.0,146.05,0.05,20.0,2.0,1.0,0.0,5,26,30,7,3,207,1,-0.9749279121818236,-0.2225209339563146,-0.4999999999999997,-0.8660254037844388,0.0,1,0.0,1,2.0,1,3.0,1,0.14285714285714285,0.3779644730092207,0.0,1.0,0.35714285714285715,0.42857142857142855,0.8357108940373474,0.0,3.0,0.3333333333333333,1,141.82,4.230000000000018,0.02982654068537596,False,False,False,False,True,False,False,False,False,False,True,False,False,False,False,False,False,False,False,False,False,False,False,False,False,False,False,False,False,False,False,True,False,False,False,False
UK,Cotton T-Shirt,2025-07-27,Apparel,3.0,109.83,0.04,20.0,2.0,1.0,0.0,6,27,30,7,3,208,1,-0.7818314824680299,0.6234898018587334,-0.4999999999999997,-0.8660254037844388,1.0,1,0.0,1,0.0,1,0.0,1,0.2857142857142857,0.48795003647426155,0.0,1.0,0.2857142857142857,0.35714285714285715,0.6784669927988133,0.0,2.0,0.7999999999999999,1,146.05,-36.22000000000001,-0.2479972612119138,False,False,False,False,True,False,False,False,False,False,True,False,False,False,False,False,False,False,False,False,False,False,False,False,False,False,False,False,False,False,False,True,False,False,False,False
UK,Cotton T-Shirt,2025-07-28,Apparel,3.0,99.58,0.06,20.0,2.0,1.0,0.0,0,28,31,7,3,209,0,0.0,1.0,-0.4999999999999997,-0.8660254037844388,3.0,1,1.0,1,0.0,1,0.0,1,0.7142857142857143,1.1126972805283715,0.0,3.0,0.5,0.4642857142857143,0.8380817098475282,0.0,3.0,1.5384615384615385,1,109.83,-10.25,-0.0933260493489939,False,False,False,False,True,False,False,False,False,False,True,False,False,False,False,False,False,False,False,False,False,False,False,False,False,False,False,False,False,False,False,True,False,False,False,False
UK,Cotton T-Shirt,2025-07-29,Apparel,0.0,99.58,,20.0,2.0,0.0,0.0,1,29,31,7,3,210,0,0.7818314824680298,0.6234898018587336,-0.4999999999999997,-0.8660254037844388,3.0,1,0.0,1,0.0,1,0.0,1,1.0,1.4142135623730934,0.0,3.0,0.7142857142857143,0.5714285714285714,0.9594972228385676,0.0,3.0,1.75,0,99.58,0.0,0.0,False,False,False,False,True,False,False,False,False,False,True,False,False,False,False,False,False,False,False,False,False,False,False,False,False,False,False,False,False,False,False,True,False,False,False,False
UK,Cotton T-Shirt,2025-07-30,Apparel,0.0,99.58,,20.0,2.0,0.0,0.0,2,30,31,7,3,211,0,0.9749279121818236,-0.22252093395631434,-0.4999999999999997,-0.8660254037844388,0.0,1,0.0,1,0.0,1,0.0,1,1.0,1.4142135623730934,0.0,3.0,0.7142857142857143,0.5714285714285714,0.9594972228385676,0.0,3.0,1.75,0,99.58,0.0,0.0,False,False,False,False,True,False,False,False,False,False,True,False,False,False,False,False,False,False,False,False,False,False,False,False,False,False,False,False,False,False,False,True,False,False,False,False
UK,Cotton T-Shirt,2025-07-31,Apparel,0.0,99.58,,20.0,2.0,0.0,0.0,3,31,31,7,3,212,0,0.43388373911755823,-0.900968867902419,-0.4999999999999997,-0.8660254037844388,0.0,1,0.0,1,0.0,1,1.0,1,1.0,1.4142135623730934,0.0,3.0,0.7142857142857143,0.5714285714285714,0.9594972228385676,0.0,3.0,1.75,0,99.58,0.0,0.0,False,False,False,False,True,False,False,False,False,False,True,False,False,False,False,False,False,False,False,False,False,False,False,False,False,False,False,False,False,False,False,True,False,False,False,False
UK,Cotton T-Shirt,2025-08-01,Apparel,0.0,99.58,,20.0,2.0,0.0,0.0,4,1,31,8,3,213,0,-0.433883739117558,-0.9009688679024191,-0.8660254037844385,-0.5000000000000004,0.0,1,0.0,1,2.0,1,0.0,1,1.0,1.4142135623730934,0.0,3.0,0.7142857142857143,0.5357142857142857,0.9615628812527958,0.0,3.0,1.8666666666666667,0,99.58,0.0,0.0,False,False,False,False,True,False,False,False,False,False,True,False,False,False,False,False,False,False,False,False,False,False,False,False,False,False,False,False,False,False,False,True,False,False,False,False
UK,Cotton T-Shirt,2025-08-02,Apparel,0.0,99.58,,20.0,2.0,0.0,0.0,5,2,31,8,3,214,1,-0.9749279121818236,-0.2225209339563146,-0.8660254037844385,-0.5000000000000004,0.0,1,1.0,1,0.0,1,2.0,1,1.0,1.4142135623730934,0.0,3.0,0.5714285714285714,0.5357142857142857,0.9615628812527958,0.0,3.0,1.8666666666666667,0,99.58,0.0,0.0,False,False,False,False,True,False,False,False,False,False,True,False,False,False,False,False,False,False,False,False,False,False,False,False,False,False,False,False,False,False,False,True,False,False,False,False
UK,Cotton T-Shirt,2025-08-03,Apparel,0.0,99.58,,20.0,2.0,0.0,0.0,6,3,31,8,3,215,1,-0.7818314824680299,0.6234898018587334,-0.8660254037844385,-0.5000000000000004,0.0,1,3.0,1,0.0,1,0.0,1,0.8571428571428571,1.4638501094227983,0.0,3.0,0.5714285714285714,0.4642857142857143,0.9222413461394499,0.0,3.0,1.846153846153846,0,99.58,0.0,0.0,False,False,False,False,True,False,False,False,False,False,True,False,False,False,False,False,False,False,False,False,False,False,False,False,False,False,False,False,False,False,False,True,False,False,False,False
UK,Cotton T-Shirt,2025-08-04,Apparel,0.0,99.58,,20.0,2.0,0.0,0.0,0,4,32,8,3,216,0,0.0,1.0,-0.8660254037844385,-0.5000000000000004,0.0,1,3.0,1,1.0,1,0.0,1,0.42857142857142855,1.1338934190276795,0.0,3.0,0.5714285714285714,0.4642857142857143,0.9222413461394499,0.0,3.0,0.923076923076923,0,99.58,0.0,0.0,False,False,False,False,True,False,False,False,False,False,True,False,False,False,False,False,False,False,False,False,False,False,False,False,False,False,False,False,False,False,False,True,False,False,False,False
UK,Cotton T-Shirt,2025-08-05,Apparel,0.0,99.58,,20.0,2.0,0.0,0.0,1,5,32,8,3,217,0,0.7818314824680298,0.6234898018587336,-0.8660254037844385,-0.5000000000000004,0.0,1,0.0,1,0.0,1,0.0,1,0.0,0.0,0.0,0.0,0.5,0.4642857142857143,0.9222413461394499,0.0,3.0,0.0,0,99.58,0.0,0.0,False,False,False,False,True,False,False,False,False,False,True,False,False,False,False,False,False,False,False,False,False,False,False,False,False,False,False,False,False,False,False,True,False,False,False,False
UK,Cotton T-Shirt,2025-08-06,Apparel,0.0,99.58,,20.0,2.0,0.0,0.0,2,6,32,8,3,218,0,0.9749279121818236,-0.22252093395631434,-0.8660254037844385,-0.5000000000000004,0.0,1,0.0,1,0.0,1,0.0,1,0.0,0.0,0.0,0.0,0.5,0.4642857142857143,0.9222413461394499,0.0,3.0,0.0,0,99.58,0.0,0.0,False,False,False,False,True,False,False,False,False,False,True,False,False,False,False,False,False,False,False,False,False,False,False,False,False,False,False,False,False,False,False,True,False,False,False,False
UK,Cotton T-Shirt,2025-08-07,Apparel,0.0,99.58,,20.0,2.0,0.0,0.0,3,7,32,8,3,219,0,0.43388373911755823,-0.900968867902419,-0.8660254037844385,-0.5000000000000004,0.0,1,0.0,1,0.0,1,1.0,1,0.0,0.0,0.0,0.0,0.5,0.4642857142857143,0.9222413461394499,0.0,3.0,0.0,0,99.58,0.0,0.0,False,False,False,False,True,False,False,False,False,False,True,False,False,False,False,False,False,False,False,False,False,False,False,False,False,False,False,False,False,False,False,True,False,False,False,False
UK,Cotton T-Shirt,2025-08-08,Apparel,0.0,99.58,,20.0,2.0,0.0,0.0,4,8,32,8,3,220,0,-0.433883739117558,-0.9009688679024191,-0.8660254037844385,-0.5000000000000004,0.0,1,0.0,1,0.0,1,0.0,1,0.0,0.0,0.0,0.0,0.5,0.42857142857142855,0.9200874124564746,0.0,3.0,0.0,0,99.58,0.0,0.0,False,False,False,False,True,False,False,False,False,False,True,False,False,False,False,False,False,False,False,False,False,False,False,False,False,False,False,False,False,False,False,True,False,False,False,False
UK,Cotton T-Shirt,2025-08-09,Apparel,0.0,99.58,,20.0,2.0,0.0,0.0,5,9,32,8,3,221,1,-0.9749279121818236,-0.2225209339563146,-0.8660254037844385,-0.5000000000000004,0.0,1,0.0,1,1.0,1,2.0,1,0.0,0.0,0.0,0.0,0.5,0.42857142857142855,0.9200874124564746,0.0,3.0,0.0,0,99.58,0.0,0.0,False,False,False,False,True,False,False,False,False,False,True,False,False,False,False,False,False,False,False,False,False,False,False,False,False,False,False,False,False,False,False,True,False,False,False,False
UK,Cotton T-Shirt,2025-08-10,Apparel,0.0,99.58,,20.0,2.0,0.0,0.0,6,10,32,8,3,222,1,-0.7818314824680299,0.6234898018587334,-0.8660254037844385,-0.5000000000000004,0.0,1,0.0,1,3.0,1,0.0,1,0.0,0.0,0.0,0.0,0.42857142857142855,0.35714285714285715,0.8698354767504951,0.0,3.0,0.0,0,99.58,0.0,0.0,False,False,False,False,True,False,False,False,False,False,True,False,False,False,False,False,False,False,False,False,False,False,False,False,False,False,False,False,False,False,False,True,False,False,False,False
UK,Cotton T-Shirt,2025-08-11,Apparel,2.0,48.87,0.12,20.0,2.0,1.0,0.0,0,11,33,8,3,223,0,0.0,1.0,-0.8660254037844385,-0.5000000000000004,0.0,1,0.0,1,3.0,1,0.0,1,0.0,0.0,0.0,0.0,0.21428571428571427,0.35714285714285715,0.8698354767504951,0.0,3.0,0.0,1,99.58,-50.71,-0.5092388029724845,False,False,False,False,True,False,False,False,False,False,True,False,False,False,False,False,False,False,False,False,False,False,False,False,False,False,False,False,False,False,False,True,False,False,False,False
UK,Cotton T-Shirt,2025-08-12,Apparel,2.0,74.19,0.05,20.0,2.0,1.0,0.0,1,12,33,8,3,224,0,0.7818314824680298,0.6234898018587336,-0.8660254037844385,-0.5000000000000004,2.0,1,0.0,1,0.0,1,0.0,1,0.2857142857142857,0.7559289460184513,0.0,2.0,0.14285714285714285,0.42857142857142855,0.9200874124564746,0.0,3.0,0.6666666666666666,1,48.87,25.32,0.518109269490485,False,False,False,False,True,False,False,False,False,False,True,False,False,False,False,False,False,False,False,False,False,False,False,False,False,False,False,False,False,False,False,True,False,False,False,False
UK,Cotton T-Shirt,2025-08-13,Apparel,2.0,42.0,0.01,20.0,2.0,1.0,0.0,2,13,33,8,3,225,0,0.9749279121818236,-0.22252093395631434,-0.8660254037844385,-0.5000000000000004,2.0,1,0.0,1,0.0,1,0.0,1,0.5714285714285714,0.9759000729485308,0.0,2.0,0.2857142857142857,0.5,0.9622504486493783,0.0,3.0,1.1428571428571428,1,74.19,-32.19,-0.43388596845936106,False,False,False,False,True,False,False,False,False,False,True,False,False,False,False,False,False,False,False,False,False,False,False,False,False,False,False,False,False,False,False,True,False,False,False,False
UK,Cotton T-Shirt,2025-08-14,Apparel,0.0,42.0,,20.0,2.0,0.0,0.0,3,14,33,8,3,226,0,0.43388373911755823,-0.900968867902419,-0.8660254037844385,-0.5000000000000004,2.0,1,0.0,1,0.0,1,0.0,1,0.8571428571428571,1.0690449676496954,0.0,2.0,0.42857142857142855,0.5714285714285714,0.9973509887241292,0.0,3.0,1.5,0,42.0,0.0,0.0,False,False,False,False,True,False,False,False,False,False,True,False,False,False,False,False,False,False,False,False,False,False,False,False,False,False,False,False,False,False,False,True,False,False,False,False
UK,Cotton T-Shirt,2025-08-15,Apparel,2.0,18.24,0.08,20.0,2.0,1.0,0.0,4,15,33,8,3,227,0,-0.433883739117558,-0.9009688679024191,-0.8660254037844385,-0.5000000000000004,0.0,1,0.0,1,0.0,1,2.0,1,0.8571428571428571,1.0690449676496954,0.0,2.0,0.42857142857142855,0.5714285714285714,0.9973509887241292,0.0,3.0,1.5,1,42.0,-23.76,-0.5657142857142857,False,False,False,False,True,False,False,False,False,False,True,False,False,False,False,False,False,False,False,False,False,False,False,False,False,False,False,False,False,False,False,True,False,False,False,False
UK,Cotton T-Shirt,2025-08-16,Apparel,0.0,18.24,,20.0,2.0,0.0,0.0,5,16,33,8,3,228,1,-0.9749279121818236,-0.2225209339563146,-0.8660254037844385,-0.5000000000000004,2.0,1,0.0,1,0.0,1,0.0,1,1.1428571428571428,1.0690449676496956,0.0,2.0,0.5714285714285714,0.5714285714285714,0.9973509887241292,0.0,3.0,2.0,0,18.24,0.0,0.0,False,False,False,False,True,False,False,False,False,False,True,False,False,False,False,False,False,False,False,False,False,False,False,False,False,False,False,False,False,False,False,True,False,False,False,False
UK,Cotton T-Shirt,2025-08-17,Apparel,0.0,18.24,,20.0,2.0,0.0,0.0,6,17,33,8,3,229,1,-0.7818314824680299,0.6234898018587334,-0.8660254037844385,-0.5000000000000004,0.0,1,0.0,1,0.0,1,0.0,1,1.1428571428571428,1.0690449676496956,0.0,2.0,0.5714285714285714,0.5714285714285714,0.9973509887241292,0.0,3.0,2.0,0,18.24,0.0,0.0,False,False,False,False,True,False,False,False,False,False,True,False,False,False,False,False,False,False,False,False,False,False,False,False,False,False,False,False,False,False,False,True,False,False,False,False
UK,Cotton T-Shirt,2025-08-18,Apparel,0.0,18.24,,20.0,2.0,0.0,0.0,0,18,34,8,3,230,0,0.0,1.0,-0.8660254037844385,-0.5000000000000004,0.0,1,2.0,1,0.0,1,1.0,1,1.1428571428571428,1.0690449676496956,0.0,2.0,0.5714285714285714,0.5714285714285714,0.9973509887241292,0.0,3.0,2.0,0,18.24,0.0,0.0,False,False,False,False,True,False,False,False,False,False,True,False,False,False,False,False,False,False,False,False,False,False,False,False,False,False,False,False,False,False,False,True,False,False,False,False
UK,Cotton T-Shirt,2025-08-19,Apparel,0.0,18.24,,20.0,2.0,0.0,0.0,1,19,34,8,3,231,0,0.7818314824680298,0.6234898018587336,-0.8660254037844385,-0.5000000000000004,0.0,1,2.0,1,0.0,1,0.0,1,0.8571428571428571,1.0690449676496954,0.0,2.0,0.5714285714285714,0.5357142857142857,0.999338405484975,0.0,3.0,1.5999999999999999,0,18.24,0.0,0.0,False,False,False,False,True,False,False,False,False,False,True,False,False,False,False,False,False,False,False,False,False,False,False,False,False,False,False,False,False,False,False,True,False,False,False,False
UK,Cotton T-Shirt,2025-08-20,Apparel,3.0,47.17,0.01,20.0,2.0,1.0,0.0,2,20,34,8,3,232,0,0.9749279121818236,-0.22252093395631434,-0.8660254037844385,-0.5000000000000004,0.0,1,2.0,1,0.0,1,0.0,1,0.5714285714285714,0.9759000729485308,0.0,2.0,0.5714285714285714,0.5357142857142857,0.999338405484975,0.0,3.0,1.0666666666666667,1,18.24,28.930000000000003,1.586074561403509,False,False,False,False,True,False,False,False,False,False,True,False,False,False,False,False,False,False,False,False,False,False,False,False,False,False,False,False,False,False,False,True,False,False,False,False
UK,Cotton T-Shirt,2025-08-21,Apparel,0.0,47.17,,20.0,2.0,0.0,0.0,3,21,34,8,3,233,0,0.43388373911755823,-0.900968867902419,-0.8660254037844385,-0.5000000000000004,3.0,1,0.0,1,0.0,1,0.0,1,0.7142857142857143,1.2535663410560156,0.0,3.0,0.7857142857142857,0.6428571428571429,1.0959280090672945,0.0,3.0,1.1111111111111112,0,47.17,0.0,0.0,False,False,False,False,True,False,False,False,False,False,True,False,False,False,False,False,False,False,False,False,False,False,False,False,False,False,False,False,False,False,False,True,False,False,False,False
UK,Cotton T-Shirt,2025-08-22,Apparel,0.0,47.17,,20.0,2.0,0.0,0.0,4,22,34,8,3,234,0,-0.433883739117558,-0.9009688679024191,-0.8660254037844385,-0.5000000000000004,0.0,1,2.0,1,0.0,1,0.0,1,0.7142857142857143,1.2535663410560156,0.0,3.0,0.7857142857142857,0.6428571428571429,1.0959280090672945,0.0,3.0,1.1111111111111112,0,47.17,0.0,0.0,False,False,False,False,True,False,False,False,False,False,True,False,False,False,False,False,False,False,False,False,False,False,False,False,False,False,False,False,False,False,False,True,False,False,False,False
UK,Cotton T-Shirt,2025-08-23,Apparel,0.0,47.17,,20.0,2.0,0.0,0.0,5,23,34,8,3,235,1,-0.9749279121818236,-0.2225209339563146,-0.8660254037844385,-0.5000000000000004,0.0,1,0.0,1,0.0,1,1.0,1,0.42857142857142855,1.1338934190276795,0.0,3.0,0.7857142857142857,0.6428571428571429,1.0959280090672945,0.0,3.0,0.6666666666666666,0,47.17,0.0,0.0,False,False,False,False,True,False,False,False,False,False,True,False,False,False,False,False,False,False,False,False,False,False,False,False,False,False,False,False,False,False,False,True,False,False,False,False
UK,Cotton T-Shirt,2025-08-24,Apparel,0.0,47.17,,20.0,2.0,0.0,0.0,6,24,34,8,3,236,1,-0.7818314824680299,0.6234898018587334,-0.8660254037844385,-0.5000000000000004,0.0,1,0.0,1,0.0,1,3.0,1,0.42857142857142855,1.1338934190276795,0.0,3.0,0.7857142857142857,0.6071428571428571,1.100144290680756,0.0,3.0,0.7058823529411765,0,47.17,0.0,0.0,False,False,False,False,True,False,False,False,False,False,True,False,False,False,False,False,False,False,False,False,False,False,False,False,False,False,False,False,False,False,False,True,False,False,False,False
UK,Cotton T-Shirt,2025-08-25,Apparel,0.0,47.17,,20.0,2.0,0.0,0.0,0,25,35,8,3,237,0,0.0,1.0,-0.8660254037844385,-0.5000000000000004,0.0,1,0.0,1,2.0,1,3.0,1,0.42857142857142855,1.1338934190276795,0.0,3.0,0.7857142857142857,0.5,1.0000000000000018,0.0,3.0,0.8571428571428571,0,47.17,0.0,0.0,False,False,False,False,True,False,False,False,False,False,True,False,False,False,False,False,False,False,False,False,False,False,False,False,False,False,False,False,False,False,False,True,False,False,False,False
UK,Cotton T-Shirt,2025-08-26,Apparel,0.0,47.17,,20.0,2.0,0.0,0.0,1,26,35,8,3,238,0,0.7818314824680298,0.6234898018587336,-0.8660254037844385,-0.5000000000000004,0.0,1,0.0,1,2.0,1,0.0,1,0.42857142857142855,1.1338934190276795,0.0,3.0,0.6428571428571429,0.39285714285714285,0.875141711880436,0.0,3.0,1.0909090909090908,0,47.17,0.0,0.0,False,False,False,False,True,False,False,False,False,False,True,False,False,False,False,False,False,False,False,False,False,False,False,False,False,False,False,False,False,False,False,True,False,False,False,False
UK,Cotton T-Shirt,2025-08-27,Apparel,0.0,47.17,,20.0,2.0,0.0,0.0,2,27,35,8,3,239,0,0.9749279121818236,-0.22252093395631434,-0.8660254037844385,-0.5000000000000004,0.0,1,3.0,1,2.0,1,0.0,1,0.42857142857142855,1.1338934190276795,0.0,3.0,0.5,0.39285714285714285,0.875141711880436,0.0,3.0,1.0909090909090908,0,47.17,0.0,0.0,False,False,False,False,True,False,False,False,False,False,True,False,False,False,False,False,False,False,False,False,False,False,False,False,False,False,False,False,False,False,False,True,False,False,False,False
UK,Cotton T-Shirt,2025-08-28,Apparel,0.0,47.17,,20.0,2.0,0.0,0.0,3,28,35,8,3,240,0,0.43388373911755823,-0.900968867902419,-0.8660254037844385,-0.5000000000000004,0.0,1,0.0,1,0.0,1,0.0,1,0.0,0.0,0.0,0.0,0.35714285714285715,0.39285714285714285,0.875141711880436,0.0,3.0,0.0,0,47.17,0.0,0.0,False,False,False,False,True,False,False,False,False,False,True,False,False,False,False,False,False,False,False,False,False,False,False,False,False,False,False,False,False,False,False,True,False,False,False,False
UK,Cotton T-Shirt,2025-08-29,Apparel,0.0,47.17,,20.0,2.0,0.0,0.0,4,29,35,8,3,241,0,-0.433883739117558,-0.9009688679024191,-0.8660254037844385,-0.5000000000000004,0.0,1,0.0,1,2.0,1,0.0,1,0.0,0.0,0.0,0.0,0.35714285714285715,0.39285714285714285,0.875141711880436,0.0,3.0,0.0,0,47.17,0.0,0.0,False,False,False,False,True,False,False,False,False,False,True,False,False,False,False,False,False,False,False,False,False,False,False,False,False,False,False,False,False,False,False,True,False,False,False,False
UK,Cotton T-Shirt,2025-08-30,Apparel,2.0,78.53,0.08,20.0,2.0,1.0,0.0,5,30,35,8,3,242,1,-0.9749279121818236,-0.2225209339563146,-0.8660254037844385,-0.5000000000000004,0.0,1,0.0,1,0.0,1,0.0,1,0.0,0.0,0.0,0.0,0.21428571428571427,0.39285714285714285,0.875141711880436,0.0,3.0,0.0,1,47.17,31.36,0.6648293406826372,False,False,False,False,True,False,False,False,False,False,True,False,False,False,False,False,False,False,False,False,False,False,False,False,False,False,False,False,False,False,False,True,False,False,False,False
UK,Cotton T-Shirt,2025-08-31,Apparel,0.0,78.53,,20.0,2.0,0.0,0.0,6,31,35,8,3,243,1,-0.7818314824680299,0.6234898018587334,-0.8660254037844385,-0.5000000000000004,2.0,1,0.0,1,0.0,1,0.0,1,0.2857142857142857,0.7559289460184512,0.0,2.0,0.35714285714285715,0.4642857142857143,0.9222413461394497,0.0,3.0,0.6153846153846153,0,78.53,0.0,0.0,False,False,False,False,True,False,False,False,False,False,True,False,False,False,False,False,False,False,False,False,False,False,False,False,False,False,False,False,False,False,False,True,False,False,False,False
UK,Cotton T-Shirt,2025-09-01,Apparel,0.0,78.53,,20.0,2.0,0.0,0.0,0,1,36,9,3,244,0,0.0,1.0,-1.0,-1.8369701987210297e-16,0.0,1,0.0,1,0.0,1,0.0,1,0.2857142857142857,0.7559289460184512,0.0,2.0,0.35714285714285715,0.4642857142857143,0.9222413461394497,0.0,3.0,0.6153846153846153,0,78.53,0.0,0.0,False,False,False,False,True,False,False,False,False,False,True,False,False,False,False,False,False,False,False,False,False,False,False,False,False,False,False,False,False,False,False,True,False,False,False,False
UK,Cotton T-Shirt,2025-09-02,Apparel,0.0,78.53,,20.0,2.0,0.0,0.0,1,2,36,9,3,245,0,0.7818314824680298,0.6234898018587336,-1.0,-1.8369701987210297e-16,0.0,1,0.0,1,0.0,1,0.0,1,0.2857142857142857,0.7559289460184512,0.0,2.0,0.35714285714285715,0.4642857142857143,0.9222413461394497,0.0,3.0,0.6153846153846153,0,78.53,0.0,0.0,False,False,False,False,True,False,False,False,False,False,True,False,False,False,False,False,False,False,False,False,False,False,False,False,False,False,False,False,False,False,False,True,False,False,False,False
UK,Cotton T-Shirt,2025-09-03,Apparel,0.0,78.53,,20.0,2.0,0.0,0.0,2,3,36,9,3,246,0,0.9749279121818236,-0.22252093395631434,-1.0,-1.8369701987210297e-16,0.0,1,0.0,1,3.0,1,0.0,1,0.2857142857142857,0.7559289460184512,0.0,2.0,0.35714285714285715,0.4642857142857143,0.9222413461394497,0.0,3.0,0.6153846153846153,0,78.53,0.0,0.0,False,False,False,False,True,False,False,False,False,False,True,False,False,False,False,False,False,False,False,False,False,False,False,False,False,False,False,False,False,False,False,True,False,False,False,False
UK,Cotton T-Shirt,2025-09-04,Apparel,0.0,78.53,,20.0,2.0,0.0,0.0,3,4,36,9,3,247,0,0.43388373911755823,-0.900968867902419,-1.0,-1.8369701987210297e-16,0.0,1,0.0,1,0.0,1,0.0,1,0.2857142857142857,0.7559289460184512,0.0,2.0,0.14285714285714285,0.4642857142857143,0.9222413461394497,0.0,3.0,0.6153846153846153,0,78.53,0.0,0.0,False,False,False,False,True,False,False,False,False,False,True,False,False,False,False,False,False,False,False,False,False,False,False,False,False,False,False,False,False,False,False,True,False,False,False,False
UK,Cotton T-Shirt,2025-09-05,Apparel,0.0,78.53,,20.0,2.0,0.0,0.0,4,5,36,9,3,248,0,-0.433883739117558,-0.9009688679024191,-1.0,-1.8369701987210297e-16,0.0,1,0.0,1,0.0,1,0.0,1,0.2857142857142857,0.7559289460184512,0.0,2.0,0.14285714285714285,0.4642857142857143,0.9222413461394497,0.0,3.0,0.6153846153846153,0,78.53,0.0,0.0,False,False,False,False,True,False,False,False,False,False,True,False,False,False,False,False,False,False,False,False,False,False,False,False,False,False,False,False,False,False,False,True,False,False,False,False
UK,Cotton T-Shirt,2025-09-06,Apparel,0.0,78.53,,20.0,2.0,0.0,0.0,5,6,36,9,3,249,1,-0.9749279121818236,-0.2225209339563146,-1.0,-1.8369701987210297e-16,0.0,1,2.0,1,0.0,1,0.0,1,0.2857142857142857,0.7559289460184512,0.0,2.0,0.14285714285714285,0.4642857142857143,0.9222413461394497,0.0,3.0,0.6153846153846153,0,78.53,0.0,0.0,False,False,False,False,True,False,False,False,False,False,True,False,False,False,False,False,False,False,False,False,False,False,False,False,False,False,False,False,False,False,False,True,False,False,False,False
UK,Cotton T-Shirt,2025-09-07,Apparel,0.0,78.53,,20.0,2.0,0.0,0.0,6,7,36,9,3,250,1,-0.7818314824680299,0.6234898018587334,-1.0,-1.8369701987210297e-16,0.0,1,0.0,1,0.0,1,0.0,1,0.0,0.0,0.0,0.0,0.14285714285714285,0.4642857142857143,0.9222413461394497,0.0,3.0,0.0,0,78.53,0.0,0.0,False,False,False,False,True,False,False,False,False,False,True,False,False,False,False,False,False,False,False,False,False,False,False,False,False,False,False,False,False,False,False,True,False,False,False,False
UK,Cotton T-Shirt,2025-09-08,Apparel,0.0,78.53,,20.0,2.0,0.0,0.0,0,8,37,9,3,251,0,0.0,1.0,-1.0,-1.8369701987210297e-16,0.0,1,0.0,1,0.0,1,2.0,1,0.0,0.0,0.0,0.0,0.14285714285714285,0.4642857142857143,0.9222413461394497,0.0,3.0,0.0,0,78.53,0.0,0.0,False,False,False,False,True,False,False,False,False,False,True,False,False,False,False,False,False,False,False,False,False,False,False,False,False,False,False,False,False,False,False,True,False,False,False,False
UK,Cotton T-Shirt,2025-09-09,Apparel,0.0,78.53,,20.0,2.0,0.0,0.0,1,9,37,9,3,252,0,0.7818314824680298,0.6234898018587336,-1.0,-1.8369701987210297e-16,0.0,1,0.0,1,0.0,1,2.0,1,0.0,0.0,0.0,0.0,0.14285714285714285,0.39285714285714285,0.875141711880436,0.0,3.0,0.0,0,78.53,0.0,0.0,False,False,False,False,True,False,False,False,False,False,True,False,False,False,False,False,False,False,False,False,False,False,False,False,False,False,False,False,False,False,False,True,False,False,False,False
UK,Cotton T-Shirt,2025-09-10,Apparel,2.0,16.79,0.12,20.0,2.0,1.0,0.0,2,10,37,9,3,253,0,0.9749279121818236,-0.22252093395631434,-1.0,-1.8369701987210297e-16,0.0,1,0.0,1,0.0,1,2.0,1,0.0,0.0,0.0,0.0,0.14285714285714285,0.32142857142857145,0.8189230248533284,0.0,3.0,0.0,1,78.53,-61.74,-0.7861963580797148,False,False,False,False,True,False,False,False,False,False,True,False,False,False,False,False,False,False,False,False,False,False,False,False,False,False,False,False,False,False,False,True,False,False,False,False
UK,Cotton T-Shirt,2025-09-11,Apparel,4.0,26.865000000000002,0.13,20.0,2.0,1.0,0.0,3,11,37,9,3,254,0,0.43388373911755823,-0.900968867902419,-1.0,-1.8369701987210297e-16,2.0,1,0.0,1,0.0,1,0.0,1,0.2857142857142857,0.7559289460184512,0.0,2.0,0.2857142857142857,0.32142857142857145,0.8189230248533284,0.0,3.0,0.8888888888888887,1,16.79,10.075000000000003,0.6000595592614654,False,False,False,False,True,False,False,False,False,False,True,False,False,False,False,False,False,False,False,False,False,False,False,False,False,False,False,False,False,False,False,True,False,False,False,False
UK,Cotton T-Shirt,2025-09-12,Apparel,0.0,26.865000000000002,,20.0,2.0,0.0,0.0,4,12,37,9,3,255,0,-0.433883739117558,-0.9009688679024191,-1.0,-1.8369701987210297e-16,4.0,1,0.0,1,0.0,1,2.0,1,0.8571428571428571,1.5735915849388848,0.0,4.0,0.5714285714285714,0.4642857142857143,1.0708993401928124,0.0,4.0,1.846153846153846,0,26.865000000000002,0.0,0.0,False,False,False,False,True,False,False,False,False,False,True,False,False,False,False,False,False,False,False,False,False,False,False,False,False,False,False,False,False,False,False,True,False,False,False,False
UK,Cotton T-Shirt,2025-09-13,Apparel,0.0,26.865000000000002,,20.0,2.0,0.0,0.0,5,13,37,9,3,256,1,-0.9749279121818236,-0.2225209339563146,-1.0,-1.8369701987210297e-16,0.0,1,0.0,1,2.0,1,0.0,1,0.8571428571428571,1.5735915849388848,0.0,4.0,0.5714285714285714,0.39285714285714285,1.030615986761954,0.0,4.0,2.1818181818181817,0,26.865000000000002,0.0,0.0,False,False,False,False,True,False,False,False,False,False,True,False,False,False,False,False,False,False,False,False,False,False,False,False,False,False,False,False,False,False,False,True,False,False,False,False
UK,Cotton T-Shirt,2025-09-14,Apparel,2.0,83.24,0.08,20.0,2.0,1.0,0.0,6,14,37,9,3,257,1,-0.7818314824680299,0.6234898018587334,-1.0,-1.8369701987210297e-16,0.0,1,0.0,1,0.0,1,0.0,1,0.8571428571428571,1.5735915849388848,0.0,4.0,0.42857142857142855,0.39285714285714285,1.030615986761954,0.0,4.0,2.1818181818181817,1,26.865000000000002,56.37499999999999,2.0984552391587563,False,False,False,False,True,False,False,False,False,False,True,False,False,False,False,False,False,False,False,False,False,False,False,False,False,False,False,False,False,False,False,True,False,False,False,False
UK,Cotton T-Shirt,2025-09-15,Apparel,1.0,79.44,0.07,20.0,2.0,1.0,0.0,0,15,38,9,3,258,0,0.0,1.0,-1.0,-1.8369701987210297e-16,2.0,1,0.0,1,0.0,1,0.0,1,1.1428571428571428,1.5735915849388848,0.0,4.0,0.5714285714285714,0.4642857142857143,1.0708993401928124,0.0,4.0,2.4615384615384612,1,83.24,-3.799999999999997,-0.04565112926477652,False,False,False,False,True,False,False,False,False,False,True,False,False,False,False,False,False,False,False,False,False,False,False,False,False,False,False,False,False,False,False,True,False,False,False,False
UK,Cotton T-Shirt,2025-09-16,Apparel,0.0,79.44,,20.0,2.0,0.0,0.0,1,16,38,9,3,259,0,0.7818314824680298,0.6234898018587336,-1.0,-1.8369701987210297e-16,1.0,1,0.0,1,0.0,1,0.0,1,1.2857142857142858,1.4960264830861898,0.0,4.0,0.6428571428571429,0.5,1.0715167512214412,0.0,4.0,2.5714285714285716,0,79.44,0.0,0.0,False,False,False,False,True,False,False,False,False,False,True,False,False,False,False,False,False,False,False,False,False,False,False,False,False,False,False,False,False,False,False,True,False,False,False,False
UK,Cotton T-Shirt,2025-09-17,Apparel,0.0,79.44,,20.0,2.0,0.0,0.0,2,17,38,9,3,260,0,0.9749279121818236,-0.22252093395631434,-1.0,-1.8369701987210297e-16,0.0,1,2.0,1,0.0,1,3.0,1,1.2857142857142858,1.4960264830861898,0.0,4.0,0.6428571428571429,0.5,1.0715167512214412,0.0,4.0,2.5714285714285716,0,79.44,0.0,0.0,False,False,False,False,True,False,False,False,False,False,True,False,False,False,False,False,False,False,False,False,False,False,False,False,False,False,False,False,False,False,False,True,False,False,False,False
UK,Cotton T-Shirt,2025-09-18,Apparel,0.0,79.44,,20.0,2.0,0.0,0.0,3,18,38,9,3,261,0,0.43388373911755823,-0.900968867902419,-1.0,-1.8369701987210297e-16,0.0,1,4.0,1,0.0,1,0.0,1,1.0,1.5275252316519452,0.0,4.0,0.6428571428571429,0.39285714285714285,0.9560445408144791,0.0,4.0,2.5454545454545454,0,79.44,0.0,0.0,False,False,False,False,True,False,False,False,False,False,True,False,False,False,False,False,False,False,False,False,False,False,False,False,False,False,False,False,False,False,False,True,False,False,False,False
UK,Cotton T-Shirt,2025-09-19,Apparel,1.0,17.59,0.06,20.0,2.0,1.0,0.0,4,19,38,9,3,262,0,-0.433883739117558,-0.9009688679024191,-1.0,-1.8369701987210297e-16,0.0,1,0.0,1,0.0,1,0.0,1,0.42857142857142855,0.7867957924694399,0.0,2.0,0.6428571428571429,0.39285714285714285,0.9560445408144791,0.0,4.0,1.0909090909090908,1,79.44,-61.849999999999994,-0.7785750251762336,False,False,False,False,True,False,False,False,False,False,True,False,False,False,False,False,False,False,False,False,False,False,False,False,False,False,False,False,False,False,False,True,False,False,False,False
UK,Cotton T-Shirt,2025-09-20,Apparel,0.0,17.59,,20.0,2.0,0.0,0.0,5,20,38,9,3,263,1,-0.9749279121818236,-0.2225209339563146,-1.0,-1.8369701987210297e-16,1.0,1,0.0,1,0.0,1,0.0,1,0.5714285714285714,0.78679579246944,0.0,2.0,0.7142857142857143,0.42857142857142855,0.9594972228385681,0.0,4.0,1.3333333333333333,0,17.59,0.0,0.0,False,False,False,False,True,False,False,False,False,False,True,False,False,False,False,False,False,False,False,False,False,False,False,False,False,False,False,False,False,False,False,True,False,False,False,False
UK,Cotton T-Shirt,2025-09-21,Apparel,2.0,80.36,0.14,20.0,2.0,1.0,0.0,6,21,38,9,3,264,1,-0.7818314824680299,0.6234898018587334,-1.0,-1.8369701987210297e-16,0.0,1,2.0,1,0.0,1,0.0,1,0.5714285714285714,0.78679579246944,0.0,2.0,0.7142857142857143,0.42857142857142855,0.9594972228385681,0.0,4.0,1.3333333333333333,1,17.59,62.769999999999996,3.568504832291074,False,False,False,False,True,False,False,False,False,False,True,False,False,False,False,False,False,False,False,False,False,False,False,False,False,False,False,False,False,False,False,True,False,False,False,False
UK,Cotton T-Shirt,2025-09-22,Apparel,0.0,80.36,,20.0,2.0,0.0,0.0,0,22,39,9,3,265,0,0.0,1.0,-1.0,-1.8369701987210297e-16,2.0,1,1.0,1,0.0,1,0.0,1,0.5714285714285714,0.78679579246944,0.0,2.0,0.8571428571428571,0.5,1.0000000000000018,0.0,4.0,1.1428571428571428,0,80.36,0.0,0.0,False,False,False,False,True,False,False,False,False,False,True,False,False,False,False,False,False,False,False,False,False,False,False,False,False,False,False,False,False,False,False,True,False,False,False,False
UK,Cotton T-Shirt,2025-09-23,Apparel,2.0,76.84,0.11,20.0,2.0,1.0,0.0,1,23,39,9,3,266,0,0.7818314824680298,0.6234898018587336,-1.0,-1.8369701987210297e-16,0.0,1,0.0,1,0.0,1,0.0,1,0.42857142857142855,0.7867957924694399,0.0,2.0,0.8571428571428571,0.5,1.0000000000000018,0.0,4.0,0.8571428571428571,1,80.36,-3.519999999999996,-0.04380288700846187,False,False,False,False,True,False,False,False,False,False,True,False,False,False,False,False,False,False,False,False,False,False,False,False,False,False,False,False,False,False,False,True,False,False,False,False
UK,Cotton T-Shirt,2025-09-24,Apparel,0.0,76.84,,20.0,2.0,0.0,0.0,2,24,39,9,3,267,0,0.9749279121818236,-0.22252093395631434,-1.0,-1.8369701987210297e-16,2.0,1,0.0,1,2.0,1,0.0,1,0.7142857142857143,0.9511897312113393,0.0,2.0,1.0,0.5714285714285714,1.0338196500275434,0.0,4.0,1.25,0,76.84,0.0,0.0,False,False,False,False,True,False,False,False,False,False,True,False,False,False,False,False,False,False,False,False,False,False,False,False,False,False,False,False,False,False,False,True,False,False,False,False
UK,Cotton T-Shirt,2025-09-25,Apparel,0.0,76.84,,20.0,2.0,0.0,0.0,3,25,39,9,3,268,0,0.43388373911755823,-0.900968867902419,-1.0,-1.8369701987210297e-16,0.0,1,0.0,1,4.0,1,0.0,1,0.7142857142857143,0.9511897312113393,0.0,2.0,0.8571428571428571,0.5714285714285714,1.0338196500275434,0.0,4.0,1.25,0,76.84,0.0,0.0,False,False,False,False,True,False,False,False,False,False,True,False,False,False,False,False,False,False,False,False,False,False,False,False,False,False,False,False,False,False,False,True,False,False,False,False
UK,Cotton T-Shirt,2025-09-26,Apparel,0.0,76.84,,20.0,2.0,0.0,0.0,4,26,39,9,3,269,0,-0.433883739117558,-0.9009688679024191,-1.0,-1.8369701987210297e-16,0.0,1,1.0,1,0.0,1,0.0,1,0.7142857142857143,0.9511897312113393,0.0,2.0,0.5714285714285714,0.5714285714285714,1.0338196500275434,0.0,4.0,1.25,0,76.84,0.0,0.0,False,False,False,False,True,False,False,False,False,False,True,False,False,False,False,False,False,False,False,False,False,False,False,False,False,False,False,False,False,False,False,True,False,False,False,False
UK,Cotton T-Shirt,2025-09-27,Apparel,0.0,76.84,,20.0,2.0,0.0,0.0,5,27,39,9,3,270,1,-0.9749279121818236,-0.2225209339563146,-1.0,-1.8369701987210297e-16,0.0,1,0.0,1,0.0,1,2.0,1,0.5714285714285714,0.9759000729485305,0.0,2.0,0.5714285714285714,0.5714285714285714,1.0338196500275434,0.0,4.0,1.0,0,76.84,0.0,0.0,False,False,False,False,True,False,False,False,False,False,True,False,False,False,False,False,False,False,False,False,False,False,False,False,False,False,False,False,False,False,False,True,False,False,False,False
UK,Cotton T-Shirt,2025-09-28,Apparel,0.0,76.84,,20.0,2.0,0.0,0.0,6,28,39,9,3,271,1,-0.7818314824680299,0.6234898018587334,-1.0,-1.8369701987210297e-16,0.0,1,2.0,1,2.0,1,0.0,1,0.5714285714285714,0.9759000729485305,0.0,2.0,0.5714285714285714,0.5,1.0000000000000018,0.0,4.0,1.1428571428571428,0,76.84,0.0,0.0,False,False,False,False,True,False,False,False,False,False,True,False,False,False,False,False,False,False,False,False,False,False,False,False,False,False,False,False,False,False,False,True,False,False,False,False
UK,Cotton T-Shirt,2025-09-29,Apparel,0.0,76.84,,20.0,2.0,0.0,0.0,0,29,40,9,3,272,0,0.0,1.0,-1.0,-1.8369701987210297e-16,0.0,1,0.0,1,1.0,1,0.0,1,0.2857142857142857,0.755928946018451,0.0,2.0,0.42857142857142855,0.5,1.0000000000000018,0.0,4.0,0.5714285714285714,0,76.84,0.0,0.0,False,False,False,False,True,False,False,False,False,False,True,False,False,False,False,False,False,False,False,False,False,False,False,False,False,False,False,False,False,False,False,True,False,False,False,False
UK,Cotton T-Shirt,2025-09-30,Apparel,0.0,76.84,,20.0,2.0,0.0,0.0,1,30,40,9,3,273,0,0.7818314824680298,0.6234898018587336,-1.0,-1.8369701987210297e-16,0.0,1,2.0,1,0.0,1,0.0,1,0.2857142857142857,0.755928946018451,0.0,2.0,0.35714285714285715,0.5,1.0000000000000018,0.0,4.0,0.5714285714285714,0,76.84,0.0,0.0,False,False,False,False,True,False,False,False,False,False,True,False,False,False,False,False,False,False,False,False,False,False,False,False,False,False,False,False,False,False,False,True,False,False,False,False
UK,Cotton T-Shirt,2025-10-01,Apparel,0.0,76.84,,20.0,2.0,0.0,0.0,2,1,40,10,4,274,0,0.9749279121818236,-0.22252093395631434,-0.8660254037844386,0.5000000000000001,0.0,1,0.0,1,0.0,1,0.0,1,0.0,0.0,0.0,0.0,0.35714285714285715,0.5,1.0000000000000018,0.0,4.0,0.0,0,76.84,0.0,0.0,False,False,False,False,True,False,False,False,False,False,True,False,False,False,False,False,False,False,False,False,False,False,False,False,False,False,False,False,False,False,False,True,False,False,False,False
UK,Cotton T-Shirt,2025-10-02,Apparel,4.0,109.905,0.07,20.0,2.0,1.0,0.0,3,2,40,10,4,275,0,0.43388373911755823,-0.900968867902419,-0.8660254037844386,0.5000000000000001,0.0,1,0.0,1,0.0,1,0.0,1,0.0,0.0,0.0,0.0,0.35714285714285715,0.5,1.0000000000000018,0.0,4.0,0.0,1,76.84,33.065,0.4303097345132743,False,False,False,False,True,False,False,False,False,False,True,False,False,False,False,False,False,False,False,False,False,False,False,False,False,False,False,False,False,False,False,True,False,False,False,False
UK,Cotton T-Shirt,2025-10-03,Apparel,2.0,49.98,0.11,20.0,2.0,1.0,0.0,4,3,40,10,4,276,0,-0.433883739117558,-0.9009688679024191,-0.8660254037844386,0.5000000000000001,4.0,1,0.0,1,1.0,1,0.0,1,0.5714285714285714,1.5118578920369072,0.0,4.0,0.6428571428571429,0.6428571428571429,1.1930131697849886,0.0,4.0,0.8888888888888887,1,109.905,-59.925000000000004,-0.5452436194895592,False,False,False,False,True,False,False,False,False,False,True,False,False,False,False,False,False,False,False,False,False,False,False,False,False,False,False,False,False,False,False,True,False,False,False,False
UK,Cotton T-Shirt,2025-10-04,Apparel,4.0,32.065,0.13,20.0,2.0,1.0,0.0,5,4,40,10,4,277,1,-0.9749279121818236,-0.2225209339563146,-0.8660254037844386,0.5000000000000001,2.0,1,0.0,1,0.0,1,0.0,1,0.8571428571428571,1.5735915849388848,0.0,4.0,0.7142857142857143,0.7142857142857143,1.2128064441201958,0.0,4.0,1.2,1,49.98,-17.915,-0.3584433773509404,False,False,False,False,True,False,False,False,False,False,True,False,False,False,False,False,False,False,False,False,False,False,False,False,False,False,False,False,False,False,False,True,False,False,False,False
UK,Cotton T-Shirt,2025-10-05,Apparel,0.0,32.065,,20.0,2.0,0.0,0.0,6,5,40,10,4,278,1,-0.7818314824680299,0.6234898018587334,-0.8660254037844386,0.5000000000000001,4.0,1,0.0,1,2.0,1,0.0,1,1.4285714285714286,1.9023794624226829,0.0,4.0,1.0,0.8571428571428571,1.3530291315000695,0.0,4.0,1.6666666666666667,0,32.065,0.0,0.0,False,False,False,False,True,False,False,False,False,False,True,False,False,False,False,False,False,False,False,False,False,False,False,False,False,False,False,False,False,False,False,True,False,False,False,False
UK,Cotton T-Shirt,2025-10-06,Apparel,0.0,32.065,,20.0,2.0,0.0,0.0,0,6,41,10,4,279,0,0.0,1.0,-0.8660254037844386,0.5000000000000001,0.0,1,0.0,1,0.0,1,0.0,1,1.4285714285714286,1.9023794624226829,0.0,4.0,0.8571428571428571,0.8571428571428571,1.3530291315000695,0.0,4.0,1.6666666666666667,0,32.065,0.0,0.0,False,False,False,False,True,False,False,False,False,False,True,False,False,False,False,False,False,False,False,False,False,False,False,False,False,False,False,False,False,False,False,True,False,False,False,False
UK,Cotton T-Shirt,2025-10-07,Apparel,4.0,123.12,0.14,20.0,2.0,1.0,0.0,1,7,41,10,4,280,0,0.7818314824680298,0.6234898018587336,-0.8660254037844386,0.5000000000000001,0.0,1,0.0,1,2.0,1,0.0,1,1.4285714285714286,1.9023794624226829,0.0,4.0,0.8571428571428571,0.8571428571428571,1.3530291315000695,0.0,4.0,1.6666666666666667,1,32.065,91.055,2.8397006081397165,False,False,False,False,True,False,False,False,False,False,True,False,False,False,False,False,False,False,False,False,False,False,False,False,False,False,False,False,False,False,False,True,False,False,False,False
UK,Cotton T-Shirt,2025-10-08,Apparel,0.0,123.12,,20.0,2.0,0.0,0.0,2,8,41,10,4,281,0,0.9749279121818236,-0.22252093395631434,-0.8660254037844386,0.5000000000000001,4.0,1,0.0,1,0.0,1,2.0,1,2.0,1.9999999999999991,0.0,4.0,1.0,1.0,1.4656562175858803,0.0,4.0,2.0,0,123.12,0.0,0.0,False,False,False,False,True,False,False,False,False,False,True,False,False,False,False,False,False,False,False,False,False,False,False,False,False,False,False,False,False,False,False,True,False,False,False,False
UK,Cotton T-Shirt,2025-10-09,Apparel,1.0,64.3,0.03,20.0,2.0,1.0,0.0,3,9,41,10,4,282,0,0.43388373911755823,-0.900968867902419,-0.8660254037844386,0.5000000000000001,0.0,1,4.0,1,0.0,1,4.0,1,2.0,1.9999999999999991,0.0,4.0,1.0,0.9285714285714286,1.4638501094228002,0.0,4.0,2.1538461538461537,1,123.12,-58.82000000000001,-0.47774528914879794,False,False,False,False,True,False,False,False,False,False,True,False,False,False,False,False,False,False,False,False,False,False,False,False,False,False,False,False,False,False,False,True,False,False,False,False
UK,Cotton T-Shirt,2025-10-10,Apparel,2.0,107.27,0.11,20.0,2.0,1.0,0.0,4,10,41,10,4,283,0,-0.433883739117558,-0.9009688679024191,-0.8660254037844386,0.5000000000000001,1.0,1,2.0,1,0.0,1,0.0,1,1.5714285714285714,1.8126539343499306,0.0,4.0,1.0714285714285714,0.8214285714285714,1.3348205990866466,0.0,4.0,1.9130434782608696,1,64.3,42.97,0.6682737169517885,False,False,False,False,True,False,False,False,False,False,True,False,False,False,False,False,False,False,False,False,False,False,False,False,False,False,False,False,False,False,False,True,False,False,False,False
UK,Cotton T-Shirt,2025-10-11,Apparel,0.0,107.27,,20.0,2.0,0.0,0.0,5,11,41,10,4,284,1,-0.9749279121818236,-0.2225209339563146,-0.8660254037844386,0.5000000000000001,2.0,1,4.0,1,0.0,1,0.0,1,1.5714285714285714,1.8126539343499306,0.0,4.0,1.2142857142857142,0.8928571428571429,1.342724861209494,0.0,4.0,1.7599999999999998,0,107.27,0.0,0.0,False,False,False,False,True,False,False,False,False,False,True,False,False,False,False,False,False,False,False,False,False,False,False,False,False,False,False,False,False,False,False,True,False,False,False,False
UK,Cotton T-Shirt,2025-10-12,Apparel,2.0,75.01,0.01,20.0,2.0,1.0,0.0,6,12,41,10,4,285,1,-0.7818314824680299,0.6234898018587334,-0.8660254037844386,0.5000000000000001,0.0,1,0.0,1,0.0,1,2.0,1,1.0,1.5275252316519454,0.0,4.0,1.2142857142857142,0.8928571428571429,1.342724861209494,0.0,4.0,1.1199999999999999,1,107.27,-32.25999999999999,-0.3007364594015101,False,False,False,False,True,False,False,False,False,False,True,False,False,False,False,False,False,False,False,False,False,False,False,False,False,False,False,False,False,False,False,True,False,False,False,False
UK,Cotton T-Shirt,2025-10-13,Apparel,0.0,75.01,,20.0,2.0,0.0,0.0,0,13,42,10,4,286,0,0.0,1.0,-0.8660254037844386,0.5000000000000001,2.0,1,0.0,1,0.0,1,1.0,1,1.2857142857142858,1.49602648308619,0.0,4.0,1.3571428571428572,0.8928571428571429,1.342724861209494,0.0,4.0,1.44,0,75.01,0.0,0.0,False,False,False,False,True,False,False,False,False,False,True,False,False,False,False,False,False,False,False,False,False,False,False,False,False,False,False,False,False,False,False,True,False,False,False,False
UK,Cotton T-Shirt,2025-10-14,Apparel,0.0,75.01,,20.0,2.0,0.0,0.0,1,14,42,10,4,287,0,0.7818314824680298,0.6234898018587336,-0.8660254037844386,0.5000000000000001,0.0,1,4.0,1,0.0,1,0.0,1,1.2857142857142858,1.49602648308619,0.0,4.0,1.3571428571428572,0.8571428571428571,1.3530291315000698,0.0,4.0,1.5000000000000002,0,75.01,0.0,0.0,False,False,False,False,True,False,False,False,False,False,True,False,False,False,False,False,False,False,False,False,False,False,False,False,False,False,False,False,False,False,False,True,False,False,False,False
UK,Cotton T-Shirt,2025-10-15,Apparel,0.0,75.01,,20.0,2.0,0.0,0.0,2,15,42,10,4,288,0,0.9749279121818236,-0.22252093395631434,-0.8660254037844386,0.5000000000000001,0.0,1,0.0,1,0.0,1,0.0,1,0.7142857142857143,0.9511897312113397,0.0,2.0,1.3571428571428572,0.8571428571428571,1.3530291315000698,0.0,4.0,0.8333333333333334,0,75.01,0.0,0.0,False,False,False,False,True,False,False,False,False,False,True,False,False,False,False,False,False,False,False,False,False,False,False,False,False,False,False,False,False,False,False,True,False,False,False,False
UK,Cotton T-Shirt,2025-10-16,Apparel,3.0,93.66,0.0,20.0,2.0,0.0,0.0,3,16,42,10,4,289,0,0.43388373911755823,-0.900968867902419,-0.8660254037844386,0.5000000000000001,0.0,1,1.0,1,4.0,1,0.0,1,0.7142857142857143,0.9511897312113397,0.0,2.0,1.3571428571428572,0.8571428571428571,1.3530291315000698,0.0,4.0,0.8333333333333334,0,75.01,18.64999999999999,0.24863351553126237,False,False,False,False,True,False,False,False,False,False,True,False,False,False,False,False,False,False,False,False,False,False,False,False,False,False,False,False,False,False,False,True,False,False,False,False
UK,Cotton T-Shirt,2025-10-17,Apparel,0.0,93.66,,20.0,2.0,0.0,0.0,4,17,42,10,4,290,0,-0.433883739117558,-0.9009688679024191,-0.8660254037844386,0.5000000000000001,3.0,1,2.0,1,2.0,1,1.0,1,1.0,1.290994448735804,0.0,3.0,1.2857142857142858,0.9642857142857143,1.4005856673692663,0.0,4.0,1.037037037037037,0,93.66,0.0,0.0,False,False,False,False,True,False,False,False,False,False,True,False,False,False,False,False,False,False,False,False,False,False,False,False,False,False,False,False,False,False,False,True,False,False,False,False
UK,Cotton T-Shirt,2025-10-18,Apparel,0.0,93.66,,20.0,2.0,0.0,0.0,5,18,42,10,4,291,1,-0.9749279121818236,-0.2225209339563146,-0.8660254037844386,0.5000000000000001,0.0,1,0.0,1,4.0,1,0.0,1,0.7142857142857143,1.2535663410560158,0.0,3.0,1.1428571428571428,0.9285714285714286,1.4123416706693166,0.0,4.0,0.7692307692307693,0,93.66,0.0,0.0,False,False,False,False,True,False,False,False,False,False,True,False,False,False,False,False,False,False,False,False,False,False,False,False,False,False,False,False,False,False,False,True,False,False,False,False
UK,Cotton T-Shirt,2025-10-19,Apparel,0.0,93.66,,20.0,2.0,0.0,0.0,6,19,42,10,4,292,1,-0.7818314824680299,0.6234898018587334,-0.8660254037844386,0.5000000000000001,0.0,1,2.0,1,0.0,1,2.0,1,0.7142857142857143,1.2535663410560158,0.0,3.0,0.8571428571428571,0.9285714285714286,1.4123416706693166,0.0,4.0,0.7692307692307693,0,93.66,0.0,0.0,False,False,False,False,True,False,False,False,False,False,True,False,False,False,False,False,False,False,False,False,False,False,False,False,False,False,False,False,False,False,False,True,False,False,False,False
UK,Cotton T-Shirt,2025-10-20,Apparel,3.0,123.08,0.1,20.0,2.0,1.0,0.0,0,20,43,10,4,293,0,0.0,1.0,-0.8660254037844386,0.5000000000000001,0.0,1,0.0,1,0.0,1,0.0,1,0.42857142857142855,1.13389341902768,0.0,3.0,0.8571428571428571,0.8571428571428571,1.4067110502288596,0.0,4.0,0.5,1,93.66,29.42,0.3141148836216101,False,False,False,False,True,False,False,False,False,False,True,False,False,False,False,False,False,False,False,False,False,False,False,False,False,False,False,False,False,False,False,True,False,False,False,False
UK,Cotton T-Shirt,2025-10-21,Apparel,0.0,123.08,,20.0,2.0,0.0,0.0,1,21,43,10,4,294,0,0.7818314824680298,0.6234898018587336,-0.8660254037844386,0.5000000000000001,3.0,1,0.0,1,4.0,1,2.0,1,0.8571428571428571,1.4638501094227985,0.0,3.0,1.0714285714285714,0.9642857142857143,1.4525110532413725,0.0,4.0,0.8888888888888888,0,123.08,0.0,0.0,False,False,False,False,True,False,False,False,False,False,True,False,False,False,False,False,False,False,False,False,False,False,False,False,False,False,False,False,False,False,False,True,False,False,False,False
UK,Cotton T-Shirt,2025-10-22,Apparel,0.0,123.08,,20.0,2.0,0.0,0.0,2,22,43,10,4,295,0,0.9749279121818236,-0.22252093395631434,-0.8660254037844386,0.5000000000000001,0.0,1,0.0,1,0.0,1,0.0,1,0.8571428571428571,1.4638501094227985,0.0,3.0,0.7857142857142857,0.8928571428571429,1.4488638132020384,0.0,4.0,0.9599999999999999,0,123.08,0.0,0.0,False,False,False,False,True,False,False,False,False,False,True,False,False,False,False,False,False,False,False,False,False,False,False,False,False,False,False,False,False,False,False,True,False,False,False,False
UK,Cotton T-Shirt,2025-10-23,Apparel,0.0,123.08,,20.0,2.0,0.0,0.0,3,23,43,10,4,296,0,0.43388373911755823,-0.900968867902419,-0.8660254037844386,0.5000000000000001,0.0,1,3.0,1,1.0,1,0.0,1,0.8571428571428571,1.4638501094227985,0.0,3.0,0.7857142857142857,0.8928571428571429,1.4488638132020384,0.0,4.0,0.9599999999999999,0,123.08,0.0,0.0,False,False,False,False,True,False,False,False,False,False,True,False,False,False,False,False,False,False,False,False,False,False,False,False,False,False,False,False,False,False,False,True,False,False,False,False
UK,Cotton T-Shirt,2025-10-24,Apparel,0.0,123.08,,20.0,2.0,0.0,0.0,4,24,43,10,4,297,0,-0.433883739117558,-0.9009688679024191,-0.8660254037844386,0.5000000000000001,0.0,1,0.0,1,2.0,1,0.0,1,0.42857142857142855,1.13389341902768,0.0,3.0,0.7142857142857143,0.8928571428571429,1.4488638132020384,0.0,4.0,0.4799999999999999,0,123.08,0.0,0.0,False,False,False,False,True,False,False,False,False,False,True,False,False,False,False,False,False,False,False,False,False,False,False,False,False,False,False,False,False,False,False,True,False,False,False,False
UK,Cotton T-Shirt,2025-10-25,Apparel,3.0,117.9,0.14,20.0,2.0,1.0,0.0,5,25,43,10,4,298,1,-0.9749279121818236,-0.2225209339563146,-0.8660254037844386,0.5000000000000001,0.0,1,0.0,1,0.0,1,0.0,1,0.42857142857142855,1.13389341902768,0.0,3.0,0.5714285714285714,0.8928571428571429,1.4488638132020384,0.0,4.0,0.4799999999999999,1,123.08,-5.179999999999993,-0.04208644783880397,False,False,False,False,True,False,False,False,False,False,True,False,False,False,False,False,False,False,False,False,False,False,False,False,False,False,False,False,False,False,False,True,False,False,False,False
UK,Cotton T-Shirt,2025-10-26,Apparel,0.0,117.9,,20.0,2.0,0.0,0.0,6,26,43,10,4,299,1,-0.7818314824680299,0.6234898018587334,-0.8660254037844386,0.5000000000000001,3.0,1,0.0,1,2.0,1,0.0,1,0.8571428571428571,1.4638501094227985,0.0,3.0,0.7857142857142857,1.0,1.4907119849998602,0.0,4.0,0.8571428571428571,0,117.9,0.0,0.0,False,False,False,False,True,False,False,False,False,False,True,False,False,False,False,False,False,False,False,False,False,False,False,False,False,False,False,False,False,False,False,True,False,False,False,False
UK,Cotton T-Shirt,2025-10-27,Apparel,0.0,117.9,,20.0,2.0,0.0,0.0,0,27,44,10,4,300,0,0.0,1.0,-0.8660254037844386,0.5000000000000001,0.0,1,3.0,1,0.0,1,0.0,1,0.8571428571428571,1.4638501094227985,0.0,3.0,0.6428571428571429,1.0,1.4907119849998602,0.0,4.0,0.8571428571428571,0,117.9,0.0,0.0,False,False,False,False,True,False,False,False,False,False,True,False,False,False,False,False,False,False,False,False,False,False,False,False,False,False,False,False,False,False,False,True,False,False,False,False
UK,Cotton T-Shirt,2025-10-28,Apparel,0.0,117.9,,20.0,2.0,0.0,0.0,1,28,44,10,4,301,0,0.7818314824680298,0.6234898018587336,-0.8660254037844386,0.5000000000000001,0.0,1,0.0,1,0.0,1,0.0,1,0.42857142857142855,1.13389341902768,0.0,3.0,0.6428571428571429,1.0,1.4907119849998602,0.0,4.0,0.42857142857142855,0,117.9,0.0,0.0,False,False,False,False,True,False,False,False,False,False,True,False,False,False,False,False,False,False,False,False,False,False,False,False,False,False,False,False,False,False,False,True,False,False,False,False
UK,Cotton T-Shirt,2025-10-29,Apparel,0.0,117.9,,20.0,2.0,0.0,0.0,2,29,44,10,4,302,0,0.9749279121818236,-0.22252093395631434,-0.8660254037844386,0.5000000000000001,0.0,1,0.0,1,0.0,1,0.0,1,0.42857142857142855,1.13389341902768,0.0,3.0,0.6428571428571429,1.0,1.4907119849998602,0.0,4.0,0.42857142857142855,0,117.9,0.0,0.0,False,False,False,False,True,False,False,False,False,False,True,False,False,False,False,False,False,False,False,False,False,False,False,False,False,False,False,False,False,False,False,True,False,False,False,False
UK,Cotton T-Shirt,2025-10-30,Apparel,0.0,117.9,,20.0,2.0,0.0,0.0,3,30,44,10,4,303,0,0.43388373911755823,-0.900968867902419,-0.8660254037844386,0.5000000000000001,0.0,1,0.0,1,3.0,1,4.0,1,0.42857142857142855,1.13389341902768,0.0,3.0,0.6428571428571429,1.0,1.4907119849998602,0.0,4.0,0.42857142857142855,0,117.9,0.0,0.0,False,False,False,False,True,False,False,False,False,False,True,False,False,False,False,False,False,False,False,False,False,False,False,False,False,False,False,False,False,False,False,True,False,False,False,False
UK,Cotton T-Shirt,2025-10-31,Apparel,0.0,117.9,,20.0,2.0,0.0,0.0,4,31,44,10,4,304,0,-0.433883739117558,-0.9009688679024191,-0.8660254037844386,0.5000000000000001,0.0,1,0.0,1,0.0,1,2.0,1,0.42857142857142855,1.13389341902768,0.0,3.0,0.42857142857142855,0.8571428571428571,1.3801311186847092,0.0,4.0,0.5,0,117.9,0.0,0.0,False,False,False,False,True,False,False,False,False,False,True,False,False,False,False,False,False,False,False,False,False,False,False,False,False,False,False,False,False,False,False,True,False,False,False,False
UK,Cotton T-Shirt,2025-11-01,Apparel,5.0,16.47,0.17,20.0,2.0,1.0,0.0,5,1,44,11,4,305,1,-0.9749279121818236,-0.2225209339563146,-0.5000000000000004,0.8660254037844384,0.0,1,3.0,1,0.0,1,4.0,1,0.42857142857142855,1.13389341902768,0.0,3.0,0.42857142857142855,0.7857142857142857,1.3705133630530133,0.0,4.0,0.5454545454545454,1,117.9,-101.43,-0.8603053435114504,False,False,False,False,True,False,False,False,False,False,True,False,False,False,False,False,False,False,False,False,False,False,False,False,False,False,False,False,False,False,False,True,False,False,False,False
UK,Cotton T-Shirt,2025-11-02,Apparel,0.0,16.47,,20.0,2.0,0.0,0.0,6,2,44,11,4,306,1,-0.7818314824680299,0.6234898018587334,-0.5000000000000004,0.8660254037844384,5.0,1,0.0,1,0.0,1,0.0,1,0.7142857142857143,1.889822365046135,0.0,5.0,0.7857142857142857,0.8214285714285714,1.4670093394782477,0.0,5.0,0.8695652173913044,0,16.47,0.0,0.0,False,False,False,False,True,False,False,False,False,False,True,False,False,False,False,False,False,False,False,False,False,False,False,False,False,False,False,False,False,False,False,True,False,False,False,False
UK,Cotton T-Shirt,2025-11-03,Apparel,0.0,16.47,,20.0,2.0,0.0,0.0,0,3,45,11,4,307,0,0.0,1.0,-0.5000000000000004,0.8660254037844384,0.0,1,0.0,1,3.0,1,0.0,1,0.7142857142857143,1.889822365046135,0.0,5.0,0.7857142857142857,0.8214285714285714,1.4670093394782477,0.0,5.0,0.8695652173913044,0,16.47,0.0,0.0,False,False,False,False,True,False,False,False,False,False,True,False,False,False,False,False,False,False,False,False,False,False,False,False,False,False,False,False,False,False,False,True,False,False,False,False
UK,Cotton T-Shirt,2025-11-04,Apparel,7.0,109.14,0.3,20.0,2.0,1.0,0.0,1,4,45,11,4,308,0,0.7818314824680298,0.6234898018587336,-0.5000000000000004,0.8660254037844384,0.0,1,0.0,1,0.0,1,4.0,1,0.7142857142857143,1.889822365046135,0.0,5.0,0.5714285714285714,0.8214285714285714,1.4670093394782477,0.0,5.0,0.8695652173913044,1,16.47,92.67,5.626593806921676,False,False,False,False,True,False,False,False,False,False,True,False,False,False,False,False,False,False,False,False,False,False,False,False,False,False,False,False,False,False,False,True,False,False,False,False
UK,Cotton T-Shirt,2025-11-05,Apparel,17.0,71.685,0.29,20.0,2.0,1.0,1.0,2,5,45,11,4,309,0,0.9749279121818236,-0.22252093395631434,-0.5000000000000004,0.8660254037844384,7.0,1,0.0,1,0.0,1,0.0,1,1.7142857142857142,2.9840847683606277,0.0,7.0,1.0714285714285714,0.9285714285714286,1.7832257792815194,0.0,7.0,1.846153846153846,1,109.14,-37.455,-0.3431830676195712,False,False,False,False,True,False,False,False,False,False,True,False,False,False,False,False,False,False,False,False,False,False,False,False,False,False,False,False,False,False,False,True,False,False,False,False
UK,Cotton T-Shirt,2025-11-06,Apparel,5.0,25.7,0.15,20.0,2.0,1.0,0.0,3,6,45,11,4,310,0,0.43388373911755823,-0.900968867902419,-0.5000000000000004,0.8660254037844384,17.0,1,0.0,1,0.0,1,1.0,1,4.142857142857143,6.362090102803518,0.0,17.0,2.2857142857142856,1.5357142857142858,3.511696254235349,0.0,17.0,2.697674418604651,1,71.685,-45.985,-0.6414870614493966,False,False,False,False,True,False,False,False,False,False,True,False,False,False,False,False,False,False,False,False,False,False,False,False,False,False,False,False,False,False,False,True,False,False,False,False
UK,Cotton T-Shirt,2025-11-07,Apparel,0.0,25.7,,20.0,2.0,0.0,0.0,4,7,45,11,4,311,0,-0.433883739117558,-0.9009688679024191,-0.5000000000000004,0.8660254037844384,5.0,1,0.0,1,0.0,1,2.0,1,4.857142857142857,6.09449400220044,0.0,17.0,2.642857142857143,1.6785714285714286,3.569973248458452,0.0,17.0,2.8936170212765955,0,25.7,0.0,0.0,False,False,False,False,True,False,False,False,False,False,True,False,False,False,False,False,False,False,False,False,False,False,False,False,False,False,False,False,False,False,False,True,False,False,False,False
UK,Cotton T-Shirt,2025-11-08,Apparel,0.0,25.7,,20.0,2.0,0.0,0.0,5,8,45,11,4,312,1,-0.9749279121818236,-0.2225209339563146,-0.5000000000000004,0.8660254037844384,0.0,1,5.0,1,3.0,1,0.0,1,4.857142857142857,6.09449400220044,0.0,17.0,2.642857142857143,1.6071428571428572,3.5832871905482384,0.0,17.0,3.0222222222222217,0,25.7,0.0,0.0,False,False,False,False,True,False,False,False,False,False,True,False,False,False,False,False,False,False,False,False,False,False,False,False,False,False,False,False,False,False,False,True,False,False,False,False
UK,Cotton T-Shirt,2025-11-09,Apparel,0.0,25.7,,20.0,2.0,0.0,0.0,6,9,45,11,4,313,1,-0.7818314824680299,0.6234898018587334,-0.5000000000000004,0.8660254037844384,0.0,1,0.0,1,0.0,1,2.0,1,4.142857142857143,6.362090102803518,0.0,17.0,2.4285714285714284,1.6071428571428572,3.5832871905482384,0.0,17.0,2.577777777777778,0,25.7,0.0,0.0,False,False,False,False,True,False,False,False,False,False,True,False,False,False,False,False,False,False,False,False,False,False,False,False,False,False,False,False,False,False,False,True,False,False,False,False
UK,Cotton T-Shirt,2025-11-10,Apparel,2.0,25.03,0.28,20.0,2.0,1.0,0.0,0,10,46,11,4,314,0,0.0,1.0,-0.5000000000000004,0.8660254037844384,0.0,1,0.0,1,0.0,1,0.0,1,4.142857142857143,6.362090102803518,0.0,17.0,2.4285714285714284,1.5357142857142858,3.595080412814597,0.0,17.0,2.697674418604651,1,25.7,-0.6699999999999982,-0.026070038910505765,False,False,False,False,True,False,False,False,False,False,True,False,False,False,False,False,False,False,False,False,False,False,False,False,False,False,False,False,False,False,False,True,False,False,False,False
UK,Cotton T-Shirt,2025-11-11,Apparel,4.0,142.34,0.26,20.0,2.0,1.0,0.0,1,11,46,11,4,315,0,0.7818314824680298,0.6234898018587336,-0.5000000000000004,0.8660254037844384,2.0,1,7.0,1,0.0,1,0.0,1,4.428571428571429,6.187545093630776,0.0,17.0,2.5714285714285716,1.6071428571428572,3.5832871905482384,0.0,17.0,2.7555555555555555,1,25.03,117.31,4.686775868957251,False,False,False,False,True,False,False,False,False,False,True,False,False,False,False,False,False,False,False,False,False,False,False,False,False,False,False,False,False,False,False,True,False,False,False,False
UK,Cotton T-Shirt,2025-11-12,Apparel,4.0,37.91,0.26,20.0,2.0,1.0,0.0,2,12,46,11,4,316,0,0.9749279121818236,-0.22252093395631434,-0.5000000000000004,0.8660254037844384,4.0,1,17.0,1,0.0,1,0.0,1,4.0,6.082762530298219,0.0,17.0,2.857142857142857,1.75,3.5965518465865585,0.0,17.0,2.2857142857142856,1,142.34,-104.43,-0.7336658704510328,False,False,False,False,True,False,False,False,False,False,True,False,False,False,False,False,False,False,False,False,False,False,False,False,False,False,False,False,False,False,False,True,False,False,False,False
UK,Cotton T-Shirt,2025-11-13,Apparel,0.0,37.91,,20.0,2.0,0.0,0.0,3,13,46,11,4,317,0,0.43388373911755823,-0.900968867902419,-0.5000000000000004,0.8660254037844384,4.0,1,5.0,1,0.0,1,3.0,1,2.142857142857143,2.1930626551751327,0.0,5.0,3.142857142857143,1.8928571428571428,3.6039000038978934,0.0,17.0,1.1320754716981132,0,37.91,0.0,0.0,False,False,False,False,True,False,False,False,False,False,True,False,False,False,False,False,False,False,False,False,False,False,False,False,False,False,False,False,False,False,False,True,False,False,False,False
UK,Cotton T-Shirt,2025-11-14,Apparel,3.0,86.77,0.16,20.0,2.0,1.0,0.0,4,14,46,11,4,318,0,-0.433883739117558,-0.9009688679024191,-0.5000000000000004,0.8660254037844384,0.0,1,0.0,1,0.0,1,0.0,1,1.4285714285714286,1.9023794624226815,0.0,4.0,3.142857142857143,1.7857142857142858,3.614345316027795,0.0,17.0,0.7999999999999999,1,37.91,48.86,1.288841994196782,False,False,False,False,True,False,False,False,False,False,True,False,False,False,False,False,False,False,False,False,False,False,False,False,False,False,False,False,False,False,False,True,False,False,False,False
UK,Cotton T-Shirt,2025-11-15,Apparel,3.0,38.88,0.22,20.0,2.0,1.0,0.0,5,15,46,11,4,319,1,-0.9749279121818236,-0.2225209339563146,-0.5000000000000004,0.8660254037844384,3.0,1,0.0,1,5.0,1,0.0,1,1.8571428571428572,1.864454471471607,0.0,4.0,3.357142857142857,1.8928571428571428,3.6039000038978934,0.0,17.0,0.9811320754716982,1,86.77,-47.88999999999999,-0.5519188659675003,False,False,False,False,True,False,False,False,False,False,True,False,False,False,False,False,False,False,False,False,False,False,False,False,False,False,False,False,False,False,False,True,False,False,False,False
UK,Cotton T-Shirt,2025-11-16,Apparel,2.0,65.03,0.28,20.0,2.0,1.0,0.0,6,16,46,11,4,320,1,-0.7818314824680299,0.6234898018587334,-0.5000000000000004,0.8660254037844384,3.0,1,0.0,1,0.0,1,0.0,1,2.2857142857142856,1.7043362064926912,0.0,4.0,3.2142857142857144,2.0,3.5901098714230026,0.0,17.0,1.1428571428571428,1,38.88,26.15,0.6725823045267489,False,False,False,False,True,False,False,False,False,False,True,False,False,False,False,False,False,False,False,False,False,False,False,False,False,False,False,False,False,False,False,True,False,False,False,False
UK,Cotton T-Shirt,2025-11-17,Apparel,4.0,24.85,0.3,20.0,2.0,1.0,0.0,0,17,47,11,4,321,0,0.0,1.0,-0.5000000000000004,0.8660254037844384,2.0,1,2.0,1,0.0,1,3.0,1,2.5714285714285716,1.3972762620115413,0.0,4.0,3.357142857142857,2.0714285714285716,3.5686761880912834,0.0,17.0,1.2413793103448276,1,65.03,-40.18,-0.6178686759956943,False,False,False,False,True,False,False,False,False,False,True,False,False,False,False,False,False,False,False,False,False,False,False,False,False,False,False,False,False,False,False,True,False,False,False,False
UK,Cotton T-Shirt,2025-11-18,Apparel,0.0,24.85,,20.0,2.0,0.0,0.0,1,18,47,11,4,322,0,0.7818314824680298,0.6234898018587336,-0.5000000000000004,0.8660254037844384,4.0,1,4.0,1,7.0,1,0.0,1,2.857142857142857,1.4638501094227976,0.0,4.0,3.642857142857143,2.107142857142857,3.5832871905482384,0.0,17.0,1.3559322033898304,0,24.85,0.0,0.0,False,False,False,False,True,False,False,False,False,False,True,False,False,False,False,False,False,False,False,False,False,False,False,False,False,False,False,False,False,False,False,True,False,False,False,False
UK,Cotton T-Shirt,2025-11-19,Apparel,0.0,24.85,,20.0,2.0,0.0,0.0,2,19,47,11,4,323,0,0.9749279121818236,-0.22252093395631434,-0.5000000000000004,0.8660254037844384,0.0,1,4.0,1,17.0,1,0.0,1,2.2857142857142856,1.7043362064926912,0.0,4.0,3.142857142857143,2.107142857142857,3.5832871905482384,0.0,17.0,1.0847457627118644,0,24.85,0.0,0.0,False,False,False,False,True,False,False,False,False,False,True,False,False,False,False,False,False,False,False,False,False,False,False,False,False,False,False,False,False,False,False,True,False,False,False,False
UK,Cotton T-Shirt,2025-11-20,Apparel,0.0,24.85,,20.0,2.0,0.0,0.0,3,20,47,11,4,324,0,0.43388373911755823,-0.900968867902419,-0.5000000000000004,0.8660254037844384,0.0,1,0.0,1,5.0,1,0.0,1,1.7142857142857142,1.704336206492691,0.0,4.0,1.9285714285714286,2.107142857142857,3.5832871905482384,0.0,17.0,0.8135593220338982,0,24.85,0.0,0.0,False,False,False,False,True,False,False,False,False,False,True,False,False,False,False,False,False,False,False,False,False,False,False,False,False,False,False,False,False,False,False,True,False,False,False,False
UK,Cotton T-Shirt,2025-11-21,Apparel,0.0,24.85,,20.0,2.0,0.0,0.0,4,21,47,11,4,325,0,-0.433883739117558,-0.9009688679024191,-0.5000000000000004,0.8660254037844384,0.0,1,3.0,1,0.0,1,0.0,1,1.7142857142857142,1.704336206492691,0.0,4.0,1.5714285714285714,2.107142857142857,3.5832871905482384,0.0,17.0,0.8135593220338982,0,24.85,0.0,0.0,False,False,False,False,True,False,False,False,False,False,True,False,False,False,False,False,False,False,False,False,False,False,False,False,False,False,False,False,False,False,False,True,False,False,False,False
UK,Cotton T-Shirt,2025-11-22,Apparel,2.0,139.67,0.24,20.0,2.0,1.0,0.0,5,22,47,11,4,326,1,-0.9749279121818236,-0.2225209339563146,-0.5000000000000004,0.8660254037844384,0.0,1,3.0,1,0.0,1,3.0,1,1.2857142857142858,1.7043362064926908,0.0,4.0,1.5714285714285714,2.107142857142857,3.5832871905482384,0.0,17.0,0.6101694915254238,1,24.85,114.82,4.620523138832997,False,False,False,False,True,False,False,False,False,False,True,False,False,False,False,False,False,False,False,False,False,False,False,False,False,False,False,False,False,False,False,True,False,False,False,False
UK,Cotton T-Shirt,2025-11-23,Apparel,5.0,19.24,0.27,20.0,2.0,1.0,0.0,6,23,47,11,4,327,1,-0.7818314824680299,0.6234898018587334,-0.5000000000000004,0.8660254037844384,2.0,1,2.0,1,0.0,1,0.0,1,1.1428571428571428,1.5735915849388835,0.0,4.0,1.7142857142857142,2.0714285714285716,3.5790395093549616,0.0,17.0,0.5517241379310344,1,139.67,-120.42999999999999,-0.8622467244218516,False,False,False,False,True,False,False,False,False,False,True,False,False,False,False,False,False,False,False,False,False,False,False,False,False,False,False,False,False,False,False,True,False,False,False,False
UK,Cotton T-Shirt,2025-11-24,Apparel,4.0,121.27,0.23,20.0,2.0,1.0,0.0,0,24,48,11,4,328,0,0.0,1.0,-0.5000000000000004,0.8660254037844384,5.0,1,4.0,1,2.0,1,0.0,1,1.5714285714285714,2.1491969707422376,0.0,5.0,2.0714285714285716,2.25,3.5965518465865576,0.0,17.0,0.6984126984126984,1,19.24,102.03,5.303014553014553,False,False,False,False,True,False,False,False,False,False,True,False,False,False,False,False,False,False,False,False,False,False,False,False,False,False,False,False,False,False,False,True,False,False,False,False
UK,Cotton T-Shirt,2025-11-25,Apparel,9.0,118.07,0.29,20.0,2.0,1.0,1.0,1,25,48,11,4,329,0,0.7818314824680298,0.6234898018587336,-0.5000000000000004,0.8660254037844384,4.0,1,0.0,1,4.0,1,0.0,1,1.5714285714285714,2.1491969707422376,0.0,5.0,2.2142857142857144,2.392857142857143,3.583287190548238,0.0,17.0,0.6567164179104478,1,121.27,-3.200000000000003,-0.02638740001649215,False,False,False,False,True,False,False,False,False,False,True,False,False,False,False,False,False,False,False,False,False,False,False,False,False,False,False,False,False,False,False,True,False,False,False,False
