store_id,product_id,date,category,sales,price,Discount_Applied,safety_stock,lead_time_days,promotion,is_outlier,day_of_week,day_of_month,week_of_year,month,quarter,day_of_year,is_weekend,sin_day_of_week,cos_day_of_week,sin_month,cos_month,lag_1,has_lag_1,lag_7,has_lag_7,lag_14,has_lag_14,lag_28,has_lag_28,rolling_mean_7,rolling_std_7,rolling_min_7,rolling_max_7,rolling_mean_14,rolling_mean_28,rolling_std_28,rolling_min_28,rolling_max_28,trend_ratio,is_promotion,previous_price,price_change,price_change_pct,store_id_Germany,store_id_India,store_id_Pakistan,store_id_UAE,store_id_UK,store_id_USA,product_id_4K Smart TV,product_id_Air Fryer,product_id_Blender,product_id_Coffee Maker,product_id_Cotton T-Shirt,product_id_Cycling Helmet,product_id_Denim Jeans,product_id_Dumbbell Set,product_id_Face Wash,product_id_Football,product_id_Formal Shirt,product_id_Gaming Laptop,product_id_Hair Serum,product_id_Lipstick Set,product_id_Microwave Oven,product_id_Moisturizing Cream,product_id_Perfume,product_id_Running Shoes,product_id_Smartphone 128GB,product_id_Smartwatch,product_id_Tennis Racket,product_id_Vacuum Cleaner,product_id_Winter Jacket,product_id_Wireless Noise-Canceling Headphones,product_id_Yoga Mat,category_Apparel,category_Beauty,category_Electronics,category_Home & Kitchen,category_Sports
Pakistan,Gaming Laptop,2025-05-23,Electronics,0.0,1272.3,,20.0,2.0,0.0,0.0,4,23,21,5,2,143,0,-0.433883739117558,-0.9009688679024191,0.49999999999999994,-0.8660254037844387,0.0,1,0.0,1,1.0,1,0.0,1,0.2857142857142857,0.7559289460184464,0.0,2.0,0.5,0.6428571428571429,1.0615950861718149,0.0,4.0,0.44444444444444436,0,1272.3,0.0,0.0,False,False,True,False,False,False,False,False,False,False,False,False,False,False,False,False,False,True,False,False,False,False,False,False,False,False,False,False,False,False,False,False,False,True,False,False
Pakistan,Gaming Laptop,2025-05-24,Electronics,0.0,1272.3,,20.0,2.0,0.0,0.0,5,24,21,5,2,144,1,-0.9749279121818236,-0.2225209339563146,0.49999999999999994,-0.8660254037844387,0.0,1,0.0,1,0.0,1,1.0,1,0.2857142857142857,0.7559289460184464,0.0,2.0,0.42857142857142855,0.6428571428571429,1.0615950861718149,0.0,4.0,0.44444444444444436,0,1272.3,0.0,0.0,False,False,True,False,False,False,False,False,False,False,False,False,False,False,False,False,False,True,False,False,False,False,False,False,False,False,False,False,False,False,False,False,False,True,False,False
Pakistan,Gaming Laptop,2025-05-25,Electronics,0.0,1272.3,,20.0,2.0,0.0,0.0,6,25,21,5,2,145,1,-0.7818314824680299,0.6234898018587334,0.49999999999999994,-0.8660254037844387,0.0,1,0.0,1,0.0,1,0.0,1,0.2857142857142857,0.7559289460184464,0.0,2.0,0.42857142857142855,0.6071428571428571,1.065947177979942,0.0,4.0,0.47058823529411764,0,1272.3,0.0,0.0,False,False,True,False,False,False,False,False,False,False,False,False,False,False,False,False,False,True,False,False,False,False,False,False,False,False,False,False,False,False,False,False,False,True,False,False
Pakistan,Gaming Laptop,2025-05-26,Electronics,0.0,1272.3,,20.0,2.0,0.0,0.0,0,26,22,5,2,146,0,0.0,1.0,0.49999999999999994,-0.8660254037844387,0.0,1,2.0,1,0.0,1,0.0,1,0.2857142857142857,0.7559289460184464,0.0,2.0,0.42857142857142855,0.6071428571428571,1.065947177979942,0.0,4.0,0.47058823529411764,0,1272.3,0.0,0.0,False,False,True,False,False,False,False,False,False,False,False,False,False,False,False,False,False,True,False,False,False,False,False,False,False,False,False,False,False,False,False,False,False,True,False,False
Pakistan,Gaming Laptop,2025-05-27,Electronics,0.0,1272.3,,20.0,2.0,0.0,0.0,1,27,22,5,2,147,0,0.7818314824680298,0.6234898018587336,0.49999999999999994,-0.8660254037844387,0.0,1,0.0,1,1.0,1,1.0,1,0.0,0.0,0.0,0.0,0.42857142857142855,0.6071428571428571,1.065947177979942,0.0,4.0,0.0,0,1272.3,0.0,0.0,False,False,True,False,False,False,False,False,False,False,False,False,False,False,False,False,False,True,False,False,False,False,False,False,False,False,False,False,False,False,False,False,False,True,False,False
Pakistan,Gaming Laptop,2025-05-28,Electronics,3.0,173.85,0.06,20.0,2.0,1.0,0.0,2,28,22,5,2,148,0,0.9749279121818236,-0.22252093395631434,0.49999999999999994,-0.8660254037844387,0.0,1,0.0,1,0.0,1,0.0,1,0.0,0.0,0.0,0.0,0.35714285714285715,0.5714285714285714,1.0690449676497051,0.0,4.0,0.0,1,1272.3,-1098.45,-0.8633576986559774,False,False,True,False,False,False,False,False,False,False,False,False,False,False,False,False,False,True,False,False,False,False,False,False,False,False,False,False,False,False,False,False,False,True,False,False
Pakistan,Gaming Laptop,2025-05-29,Electronics,0.0,173.85,,20.0,2.0,0.0,0.0,3,29,22,5,2,149,0,0.43388373911755823,-0.900968867902419,0.49999999999999994,-0.8660254037844387,3.0,1,0.0,1,3.0,1,0.0,1,0.42857142857142855,1.1338934190276762,0.0,3.0,0.5714285714285714,0.6785714285714286,1.156417566150568,0.0,4.0,0.631578947368421,0,173.85,0.0,0.0,False,False,True,False,False,False,False,False,False,False,False,False,False,False,False,False,False,True,False,False,False,False,False,False,False,False,False,False,False,False,False,False,False,True,False,False
Pakistan,Gaming Laptop,2025-05-30,Electronics,1.0,531.35,0.13,20.0,2.0,1.0,0.0,4,30,22,5,2,150,0,-0.433883739117558,-0.9009688679024191,0.49999999999999994,-0.8660254037844387,0.0,1,0.0,1,0.0,1,4.0,1,0.42857142857142855,1.1338934190276762,0.0,3.0,0.35714285714285715,0.6785714285714286,1.156417566150568,0.0,4.0,0.631578947368421,1,173.85,357.5,2.0563704342824276,False,False,True,False,False,False,False,False,False,False,False,False,False,False,False,False,False,True,False,False,False,False,False,False,False,False,False,False,False,False,False,False,False,True,False,False
Pakistan,Gaming Laptop,2025-05-31,Electronics,0.0,531.35,,20.0,2.0,0.0,0.0,5,31,22,5,2,151,1,-0.9749279121818236,-0.2225209339563146,0.49999999999999994,-0.8660254037844387,1.0,1,0.0,1,0.0,1,2.0,1,0.5714285714285714,1.1338934190276757,0.0,3.0,0.42857142857142855,0.5714285714285714,0.9594972228385744,0.0,3.0,1.0,0,531.35,0.0,0.0,False,False,True,False,False,False,False,False,False,False,False,False,False,False,False,False,False,True,False,False,False,False,False,False,False,False,False,False,False,False,False,False,False,True,False,False
Pakistan,Gaming Laptop,2025-06-01,Electronics,0.0,531.35,,20.0,2.0,0.0,0.0,6,1,22,6,2,152,1,-0.7818314824680299,0.6234898018587334,1.2246467991473532e-16,-1.0,0.0,1,0.0,1,0.0,1,1.0,1,0.5714285714285714,1.1338934190276757,0.0,3.0,0.42857142857142855,0.5,0.9229582069909061,0.0,3.0,1.1428571428571428,0,531.35,0.0,0.0,False,False,True,False,False,False,False,False,False,False,False,False,False,False,False,False,False,True,False,False,False,False,False,False,False,False,False,False,False,False,False,False,False,True,False,False
Pakistan,Gaming Laptop,2025-06-02,Electronics,0.0,531.35,,20.0,2.0,0.0,0.0,0,2,23,6,2,153,0,0.0,1.0,1.2246467991473532e-16,-1.0,0.0,1,0.0,1,2.0,1,0.0,1,0.5714285714285714,1.1338934190276757,0.0,3.0,0.42857142857142855,0.4642857142857143,0.9222413461394566,0.0,3.0,1.2307692307692306,0,531.35,0.0,0.0,False,False,True,False,False,False,False,False,False,False,False,False,False,False,False,False,False,True,False,False,False,False,False,False,False,False,False,False,False,False,False,False,False,True,False,False
Pakistan,Gaming Laptop,2025-06-03,Electronics,0.0,531.35,,20.0,2.0,0.0,0.0,1,3,23,6,2,154,0,0.7818314824680298,0.6234898018587336,1.2246467991473532e-16,-1.0,0.0,1,0.0,1,0.0,1,0.0,1,0.5714285714285714,1.1338934190276757,0.0,3.0,0.2857142857142857,0.4642857142857143,0.9222413461394566,0.0,3.0,1.2307692307692306,0,531.35,0.0,0.0,False,False,True,False,False,False,False,False,False,False,False,False,False,False,False,False,False,True,False,False,False,False,False,False,False,False,False,False,False,False,False,False,False,True,False,False
Pakistan,Gaming Laptop,2025-06-04,Electronics,0.0,531.35,,20.0,2.0,0.0,0.0,2,4,23,6,2,155,0,0.9749279121818236,-0.22252093395631434,1.2246467991473532e-16,-1.0,0.0,1,3.0,1,0.0,1,2.0,1,0.5714285714285714,1.1338934190276757,0.0,3.0,0.2857142857142857,0.4642857142857143,0.9222413461394566,0.0,3.0,1.2307692307692306,0,531.35,0.0,0.0,False,False,True,False,False,False,False,False,False,False,False,False,False,False,False,False,False,True,False,False,False,False,False,False,False,False,False,False,False,False,False,False,False,True,False,False
Pakistan,Gaming Laptop,2025-06-05,Electronics,1.0,1332.82,0.09,20.0,2.0,1.0,0.0,3,5,23,6,2,156,0,0.43388373911755823,-0.900968867902419,1.2246467991473532e-16,-1.0,0.0,1,0.0,1,0.0,1,0.0,1,0.14285714285714285,0.37796447300921227,0.0,1.0,0.2857142857142857,0.39285714285714285,0.8751417118804432,0.0,3.0,0.36363636363636365,1,531.35,801.4699999999999,1.508365484144161,False,False,True,False,False,False,False,False,False,False,False,False,False,False,False,False,False,True,False,False,False,False,False,False,False,False,False,False,False,False,False,False,False,True,False,False
Pakistan,Gaming Laptop,2025-06-06,Electronics,0.0,1332.82,,20.0,2.0,0.0,0.0,4,6,23,6,2,157,0,-0.433883739117558,-0.9009688679024191,1.2246467991473532e-16,-1.0,1.0,1,1.0,1,0.0,1,1.0,1,0.2857142857142857,0.4879500364742541,0.0,1.0,0.35714285714285715,0.42857142857142855,0.8789122666607795,0.0,3.0,0.6666666666666666,0,1332.82,0.0,0.0,False,False,True,False,False,False,False,False,False,False,False,False,False,False,False,False,False,True,False,False,False,False,False,False,False,False,False,False,False,False,False,False,False,True,False,False
Pakistan,Gaming Laptop,2025-06-07,Electronics,0.0,1332.82,,20.0,2.0,0.0,0.0,5,7,23,6,2,158,1,-0.9749279121818236,-0.2225209339563146,1.2246467991473532e-16,-1.0,0.0,1,0.0,1,0.0,1,0.0,1,0.14285714285714285,0.3779644730092122,0.0,1.0,0.35714285714285715,0.39285714285714285,0.8751417118804432,0.0,3.0,0.36363636363636365,0,1332.82,0.0,0.0,False,False,True,False,False,False,False,False,False,False,False,False,False,False,False,False,False,True,False,False,False,False,False,False,False,False,False,False,False,False,False,False,False,True,False,False
Pakistan,Gaming Laptop,2025-06-08,Electronics,0.0,1332.82,,20.0,2.0,0.0,0.0,6,8,23,6,2,159,1,-0.7818314824680299,0.6234898018587334,1.2246467991473532e-16,-1.0,0.0,1,0.0,1,0.0,1,0.0,1,0.14285714285714285,0.3779644730092122,0.0,1.0,0.35714285714285715,0.39285714285714285,0.8751417118804432,0.0,3.0,0.36363636363636365,0,1332.82,0.0,0.0,False,False,True,False,False,False,False,False,False,False,False,False,False,False,False,False,False,True,False,False,False,False,False,False,False,False,False,False,False,False,False,False,False,True,False,False
Pakistan,Gaming Laptop,2025-06-09,Electronics,2.0,154.55,0.08,20.0,2.0,1.0,0.0,0,9,24,6,2,160,0,0.0,1.0,1.2246467991473532e-16,-1.0,0.0,1,0.0,1,0.0,1,0.0,1,0.14285714285714285,0.3779644730092122,0.0,1.0,0.35714285714285715,0.39285714285714285,0.8751417118804432,0.0,3.0,0.36363636363636365,1,1332.82,-1178.27,-0.8840428564997524,False,False,True,False,False,False,False,False,False,False,False,False,False,False,False,False,False,True,False,False,False,False,False,False,False,False,False,False,False,False,False,False,False,True,False,False
Pakistan,Gaming Laptop,2025-06-10,Electronics,0.0,154.55,,20.0,2.0,0.0,0.0,1,10,24,6,2,161,0,0.7818314824680298,0.6234898018587336,1.2246467991473532e-16,-1.0,2.0,1,0.0,1,0.0,1,1.0,1,0.42857142857142855,0.7867957924694349,0.0,2.0,0.5,0.4642857142857143,0.9222413461394566,0.0,3.0,0.923076923076923,0,154.55,0.0,0.0,False,False,True,False,False,False,False,False,False,False,False,False,False,False,False,False,False,True,False,False,False,False,False,False,False,False,False,False,False,False,False,False,False,True,False,False
Pakistan,Gaming Laptop,2025-06-11,Electronics,0.0,154.55,,20.0,2.0,0.0,0.0,2,11,24,6,2,162,0,0.9749279121818236,-0.22252093395631434,1.2246467991473532e-16,-1.0,0.0,1,0.0,1,3.0,1,0.0,1,0.42857142857142855,0.7867957924694349,0.0,2.0,0.5,0.42857142857142855,0.9200874124564813,0.0,3.0,1.0,0,154.55,0.0,0.0,False,False,True,False,False,False,False,False,False,False,False,False,False,False,False,False,False,True,False,False,False,False,False,False,False,False,False,False,False,False,False,False,False,True,False,False
Pakistan,Gaming Laptop,2025-06-12,Electronics,0.0,154.55,,20.0,2.0,0.0,0.0,3,12,24,6,2,163,0,0.43388373911755823,-0.900968867902419,1.2246467991473532e-16,-1.0,0.0,1,1.0,1,0.0,1,3.0,1,0.42857142857142855,0.7867957924694349,0.0,2.0,0.2857142857142857,0.42857142857142855,0.9200874124564813,0.0,3.0,1.0,0,154.55,0.0,0.0,False,False,True,False,False,False,False,False,False,False,False,False,False,False,False,False,False,True,False,False,False,False,False,False,False,False,False,False,False,False,False,False,False,True,False,False
Pakistan,Gaming Laptop,2025-06-13,Electronics,0.0,154.55,,20.0,2.0,0.0,0.0,4,13,24,6,2,164,0,-0.433883739117558,-0.9009688679024191,1.2246467991473532e-16,-1.0,0.0,1,0.0,1,1.0,1,0.0,1,0.2857142857142857,0.7559289460184464,0.0,2.0,0.2857142857142857,0.32142857142857145,0.7723735149271129,0.0,3.0,0.8888888888888887,0,154.55,0.0,0.0,False,False,True,False,False,False,False,False,False,False,False,False,False,False,False,False,False,True,False,False,False,False,False,False,False,False,False,False,False,False,False,False,False,True,False,False
Pakistan,Gaming Laptop,2025-06-14,Electronics,0.0,154.55,,20.0,2.0,0.0,0.0,5,14,24,6,2,165,1,-0.9749279121818236,-0.2225209339563146,1.2246467991473532e-16,-1.0,0.0,1,0.0,1,0.0,1,0.0,1,0.2857142857142857,0.7559289460184464,0.0,2.0,0.21428571428571427,0.32142857142857145,0.7723735149271129,0.0,3.0,0.8888888888888887,0,154.55,0.0,0.0,False,False,True,False,False,False,False,False,False,False,False,False,False,False,False,False,False,True,False,False,False,False,False,False,False,False,False,False,False,False,False,False,False,True,False,False
Pakistan,Gaming Laptop,2025-06-15,Electronics,1.0,1413.5,0.13,20.0,2.0,1.0,0.0,6,15,24,6,2,166,1,-0.7818314824680299,0.6234898018587334,1.2246467991473532e-16,-1.0,0.0,1,0.0,1,0.0,1,0.0,1,0.2857142857142857,0.7559289460184464,0.0,2.0,0.21428571428571427,0.32142857142857145,0.7723735149271129,0.0,3.0,0.8888888888888887,1,154.55,1258.95,8.145907473309608,False,False,True,False,False,False,False,False,False,False,False,False,False,False,False,False,False,True,False,False,False,False,False,False,False,False,False,False,False,False,False,False,False,True,False,False
Pakistan,Gaming Laptop,2025-06-16,Electronics,0.0,1413.5,,20.0,2.0,0.0,0.0,0,16,25,6,2,167,0,0.0,1.0,1.2246467991473532e-16,-1.0,1.0,1,2.0,1,0.0,1,2.0,1,0.42857142857142855,0.7867957924694349,0.0,2.0,0.2857142857142857,0.35714285714285715,0.7800420555749703,0.0,3.0,1.2,0,1413.5,0.0,0.0,False,False,True,False,False,False,False,False,False,False,False,False,False,False,False,False,False,True,False,False,False,False,False,False,False,False,False,False,False,False,False,False,False,True,False,False
Pakistan,Gaming Laptop,2025-06-17,Electronics,0.0,1413.5,,20.0,2.0,0.0,0.0,1,17,25,6,2,168,0,0.7818314824680298,0.6234898018587336,1.2246467991473532e-16,-1.0,0.0,1,0.0,1,0.0,1,0.0,1,0.14285714285714285,0.37796447300921227,0.0,1.0,0.2857142857142857,0.2857142857142857,0.71269664509981,0.0,3.0,0.5,0,1413.5,0.0,0.0,False,False,True,False,False,False,False,False,False,False,False,False,False,False,False,False,False,True,False,False,False,False,False,False,False,False,False,False,False,False,False,False,False,True,False,False
Pakistan,Gaming Laptop,2025-06-18,Electronics,0.0,1413.5,,20.0,2.0,0.0,0.0,2,18,25,6,2,169,0,0.9749279121818236,-0.22252093395631434,1.2246467991473532e-16,-1.0,0.0,1,0.0,1,0.0,1,0.0,1,0.14285714285714285,0.37796447300921227,0.0,1.0,0.2857142857142857,0.2857142857142857,0.71269664509981,0.0,3.0,0.5,0,1413.5,0.0,0.0,False,False,True,False,False,False,False,False,False,False,False,False,False,False,False,False,False,True,False,False,False,False,False,False,False,False,False,False,False,False,False,False,False,True,False,False
Pakistan,Gaming Laptop,2025-06-19,Electronics,1.0,1406.08,0.04,20.0,2.0,1.0,0.0,3,19,25,6,2,170,0,0.43388373911755823,-0.900968867902419,1.2246467991473532e-16,-1.0,0.0,1,0.0,1,1.0,1,0.0,1,0.14285714285714285,0.37796447300921227,0.0,1.0,0.2857142857142857,0.2857142857142857,0.71269664509981,0.0,3.0,0.5,1,1413.5,-7.420000000000073,-0.0052493809692253784,False,False,True,False,False,False,False,False,False,False,False,False,False,False,False,False,False,True,False,False,False,False,False,False,False,False,False,False,False,False,False,False,False,True,False,False
Pakistan,Gaming Laptop,2025-06-20,Electronics,0.0,1406.08,,20.0,2.0,0.0,0.0,4,20,25,6,2,171,0,-0.433883739117558,-0.9009688679024191,1.2246467991473532e-16,-1.0,1.0,1,0.0,1,0.0,1,0.0,1,0.2857142857142857,0.4879500364742541,0.0,1.0,0.2857142857142857,0.32142857142857145,0.7228324650199305,0.0,3.0,0.8888888888888887,0,1406.08,0.0,0.0,False,False,True,False,False,False,False,False,False,False,False,False,False,False,False,False,False,True,False,False,False,False,False,False,False,False,False,False,False,False,False,False,False,True,False,False
Pakistan,Gaming Laptop,2025-06-21,Electronics,0.0,1406.08,,20.0,2.0,0.0,0.0,5,21,25,6,2,172,1,-0.9749279121818236,-0.2225209339563146,1.2246467991473532e-16,-1.0,0.0,1,0.0,1,0.0,1,0.0,1,0.2857142857142857,0.4879500364742541,0.0,1.0,0.2857142857142857,0.32142857142857145,0.7228324650199305,0.0,3.0,0.8888888888888887,0,1406.08,0.0,0.0,False,False,True,False,False,False,False,False,False,False,False,False,False,False,False,False,False,True,False,False,False,False,False,False,False,False,False,False,False,False,False,False,False,True,False,False
Pakistan,Gaming Laptop,2025-06-22,Electronics,0.0,1406.08,,20.0,2.0,0.0,0.0,6,22,25,6,2,173,1,-0.7818314824680299,0.6234898018587334,1.2246467991473532e-16,-1.0,0.0,1,1.0,1,0.0,1,0.0,1,0.2857142857142857,0.4879500364742541,0.0,1.0,0.2857142857142857,0.32142857142857145,0.7228324650199305,0.0,3.0,0.8888888888888887,0,1406.08,0.0,0.0,False,False,True,False,False,False,False,False,False,False,False,False,False,False,False,False,False,True,False,False,False,False,False,False,False,False,False,False,False,False,False,False,False,True,False,False
Pakistan,Gaming Laptop,2025-06-23,Electronics,0.0,1406.08,,20.0,2.0,0.0,0.0,0,23,26,6,2,174,0,0.0,1.0,1.2246467991473532e-16,-1.0,0.0,1,0.0,1,2.0,1,0.0,1,0.14285714285714285,0.3779644730092122,0.0,1.0,0.2857142857142857,0.32142857142857145,0.7228324650199305,0.0,3.0,0.44444444444444436,0,1406.08,0.0,0.0,False,False,True,False,False,False,False,False,False,False,False,False,False,False,False,False,False,True,False,False,False,False,False,False,False,False,False,False,False,False,False,False,False,True,False,False
Pakistan,Gaming Laptop,2025-06-24,Electronics,3.0,891.46,0.02,20.0,2.0,1.0,0.0,1,24,26,6,2,175,0,0.7818314824680298,0.6234898018587336,1.2246467991473532e-16,-1.0,0.0,1,0.0,1,0.0,1,0.0,1,0.14285714285714285,0.3779644730092122,0.0,1.0,0.14285714285714285,0.32142857142857145,0.7228324650199305,0.0,3.0,0.44444444444444436,1,1406.08,-514.6199999999999,-0.3659962448793809,False,False,True,False,False,False,False,False,False,False,False,False,False,False,False,False,False,True,False,False,False,False,False,False,False,False,False,False,False,False,False,False,False,True,False,False
Pakistan,Gaming Laptop,2025-06-25,Electronics,0.0,891.46,,20.0,2.0,0.0,0.0,2,25,26,6,2,176,0,0.9749279121818236,-0.22252093395631434,1.2246467991473532e-16,-1.0,3.0,1,0.0,1,0.0,1,3.0,1,0.5714285714285714,1.1338934190276757,0.0,3.0,0.35714285714285715,0.42857142857142855,0.8789122666607794,0.0,3.0,1.3333333333333333,0,891.46,0.0,0.0,False,False,True,False,False,False,False,False,False,False,False,False,False,False,False,False,False,True,False,False,False,False,False,False,False,False,False,False,False,False,False,False,False,True,False,False
Pakistan,Gaming Laptop,2025-06-26,Electronics,0.0,891.46,,20.0,2.0,0.0,0.0,3,26,26,6,2,177,0,0.43388373911755823,-0.900968867902419,1.2246467991473532e-16,-1.0,0.0,1,1.0,1,0.0,1,0.0,1,0.5714285714285714,1.1338934190276757,0.0,3.0,0.35714285714285715,0.32142857142857145,0.7228324650199305,0.0,3.0,1.7777777777777775,0,891.46,0.0,0.0,False,False,True,False,False,False,False,False,False,False,False,False,False,False,False,False,False,True,False,False,False,False,False,False,False,False,False,False,False,False,False,False,False,True,False,False
Pakistan,Gaming Laptop,2025-06-27,Electronics,0.0,891.46,,20.0,2.0,0.0,0.0,4,27,26,6,2,178,0,-0.433883739117558,-0.9009688679024191,1.2246467991473532e-16,-1.0,0.0,1,0.0,1,0.0,1,1.0,1,0.42857142857142855,1.1338934190276762,0.0,3.0,0.35714285714285715,0.32142857142857145,0.7228324650199305,0.0,3.0,1.3333333333333333,0,891.46,0.0,0.0,False,False,True,False,False,False,False,False,False,False,False,False,False,False,False,False,False,True,False,False,False,False,False,False,False,False,False,False,False,False,False,False,False,True,False,False
Pakistan,Gaming Laptop,2025-06-28,Electronics,0.0,891.46,,20.0,2.0,0.0,0.0,5,28,26,6,2,179,1,-0.9749279121818236,-0.2225209339563146,1.2246467991473532e-16,-1.0,0.0,1,0.0,1,0.0,1,0.0,1,0.42857142857142855,1.1338934190276762,0.0,3.0,0.35714285714285715,0.2857142857142857,0.7126966450998101,0.0,3.0,1.5,0,891.46,0.0,0.0,False,False,True,False,False,False,False,False,False,False,False,False,False,False,False,False,False,True,False,False,False,False,False,False,False,False,False,False,False,False,False,False,False,True,False,False
Pakistan,Gaming Laptop,2025-06-29,Electronics,2.0,1020.12,0.04,20.0,2.0,1.0,0.0,6,29,26,6,2,180,1,-0.7818314824680299,0.6234898018587334,1.2246467991473532e-16,-1.0,0.0,1,0.0,1,1.0,1,0.0,1,0.42857142857142855,1.1338934190276762,0.0,3.0,0.35714285714285715,0.2857142857142857,0.7126966450998101,0.0,3.0,1.5,1,891.46,128.65999999999997,0.14432503982231393,False,False,True,False,False,False,False,False,False,False,False,False,False,False,False,False,False,True,False,False,False,False,False,False,False,False,False,False,False,False,False,False,False,True,False,False
Pakistan,Gaming Laptop,2025-06-30,Electronics,0.0,1020.12,,20.0,2.0,0.0,0.0,0,30,27,6,2,181,0,0.0,1.0,1.2246467991473532e-16,-1.0,2.0,1,0.0,1,0.0,1,0.0,1,0.7142857142857143,1.2535663410560116,0.0,3.0,0.42857142857142855,0.35714285714285715,0.7800420555749703,0.0,3.0,2.0,0,1020.12,0.0,0.0,False,False,True,False,False,False,False,False,False,False,False,False,False,False,False,False,False,True,False,False,False,False,False,False,False,False,False,False,False,False,False,False,False,True,False,False
Pakistan,Gaming Laptop,2025-07-01,Electronics,0.0,1020.12,,20.0,2.0,0.0,0.0,1,1,27,7,3,182,0,0.7818314824680298,0.6234898018587336,-0.4999999999999997,-0.8660254037844388,0.0,1,3.0,1,0.0,1,0.0,1,0.7142857142857143,1.2535663410560116,0.0,3.0,0.42857142857142855,0.35714285714285715,0.7800420555749703,0.0,3.0,2.0,0,1020.12,0.0,0.0,False,False,True,False,False,False,False,False,False,False,False,False,False,False,False,False,False,True,False,False,False,False,False,False,False,False,False,False,False,False,False,False,False,True,False,False
Pakistan,Gaming Laptop,2025-07-02,Electronics,3.0,92.24,0.0,20.0,2.0,0.0,0.0,2,2,27,7,3,183,0,0.9749279121818236,-0.22252093395631434,-0.4999999999999997,-0.8660254037844388,0.0,1,0.0,1,0.0,1,0.0,1,0.2857142857142857,0.7559289460184464,0.0,2.0,0.42857142857142855,0.35714285714285715,0.7800420555749703,0.0,3.0,0.7999999999999999,0,1020.12,-927.88,-0.9095792651844881,False,False,True,False,False,False,False,False,False,False,False,False,False,False,False,False,False,True,False,False,False,False,False,False,False,False,False,False,False,False,False,False,False,True,False,False
Pakistan,Gaming Laptop,2025-07-03,Electronics,3.0,308.28,0.11,20.0,2.0,1.0,0.0,3,3,27,7,3,184,0,0.43388373911755823,-0.900968867902419,-0.4999999999999997,-0.8660254037844388,3.0,1,0.0,1,1.0,1,1.0,1,0.7142857142857143,1.2535663410560116,0.0,3.0,0.6428571428571429,0.4642857142857143,0.9222413461394565,0.0,3.0,1.5384615384615385,1,92.24,216.03999999999996,2.3421509106678227,False,False,True,False,False,False,False,False,False,False,False,False,False,False,False,False,False,True,False,False,False,False,False,False,False,False,False,False,False,False,False,False,False,True,False,False
Pakistan,Gaming Laptop,2025-07-04,Electronics,3.0,897.68,0.04,20.0,2.0,1.0,0.0,4,4,27,7,3,185,0,-0.433883739117558,-0.9009688679024191,-0.4999999999999997,-0.8660254037844388,3.0,1,0.0,1,0.0,1,0.0,1,1.1428571428571428,1.463850109422794,0.0,3.0,0.7857142857142857,0.5357142857142857,1.0357370915204973,0.0,3.0,2.1333333333333333,1,308.28,589.4,1.9118982742960946,False,False,True,False,False,False,False,False,False,False,False,False,False,False,False,False,False,True,False,False,False,False,False,False,False,False,False,False,False,False,False,False,False,True,False,False
Pakistan,Gaming Laptop,2025-07-05,Electronics,3.0,494.69,0.01,20.0,2.0,1.0,0.0,5,5,27,7,3,186,1,-0.9749279121818236,-0.2225209339563146,-0.4999999999999997,-0.8660254037844388,3.0,1,0.0,1,0.0,1,0.0,1,1.5714285714285714,1.5118578920369026,0.0,3.0,1.0,0.6428571428571429,1.1292175499576205,0.0,3.0,2.444444444444444,1,897.68,-402.98999999999995,-0.44892389270118527,False,False,True,False,False,False,False,False,False,False,False,False,False,False,False,False,False,True,False,False,False,False,False,False,False,False,False,False,False,False,False,False,False,True,False,False
Pakistan,Gaming Laptop,2025-07-06,Electronics,0.0,494.69,,20.0,2.0,0.0,0.0,6,6,27,7,3,187,1,-0.7818314824680299,0.6234898018587334,-0.4999999999999997,-0.8660254037844388,3.0,1,2.0,1,0.0,1,0.0,1,2.0,1.4142135623730874,0.0,3.0,1.2142857142857142,0.75,1.2056963563450458,0.0,3.0,2.6666666666666665,0,494.69,0.0,0.0,False,False,True,False,False,False,False,False,False,False,False,False,False,False,False,False,False,True,False,False,False,False,False,False,False,False,False,False,False,False,False,False,False,True,False,False
Pakistan,Gaming Laptop,2025-07-07,Electronics,0.0,494.69,,20.0,2.0,0.0,0.0,0,7,28,7,3,188,0,0.0,1.0,-0.4999999999999997,-0.8660254037844388,0.0,1,0.0,1,0.0,1,2.0,1,1.7142857142857142,1.60356745147454,0.0,3.0,1.2142857142857142,0.75,1.2056963563450458,0.0,3.0,2.2857142857142856,0,494.69,0.0,0.0,False,False,True,False,False,False,False,False,False,False,False,False,False,False,False,False,False,True,False,False,False,False,False,False,False,False,False,False,False,False,False,False,False,True,False,False
Pakistan,Gaming Laptop,2025-07-08,Electronics,0.0,494.69,,20.0,2.0,0.0,0.0,1,8,28,7,3,189,0,0.7818314824680298,0.6234898018587336,-0.4999999999999997,-0.8660254037844388,0.0,1,0.0,1,3.0,1,0.0,1,1.7142857142857142,1.60356745147454,0.0,3.0,1.2142857142857142,0.6785714285714286,1.1880133254200802,0.0,3.0,2.526315789473684,0,494.69,0.0,0.0,False,False,True,False,False,False,False,False,False,False,False,False,False,False,False,False,False,True,False,False,False,False,False,False,False,False,False,False,False,False,False,False,False,True,False,False
Pakistan,Gaming Laptop,2025-07-09,Electronics,0.0,494.69,,20.0,2.0,0.0,0.0,2,9,28,7,3,190,0,0.9749279121818236,-0.22252093395631434,-0.4999999999999997,-0.8660254037844388,0.0,1,3.0,1,0.0,1,0.0,1,1.7142857142857142,1.60356745147454,0.0,3.0,1.0,0.6785714285714286,1.1880133254200802,0.0,3.0,2.526315789473684,0,494.69,0.0,0.0,False,False,True,False,False,False,False,False,False,False,False,False,False,False,False,False,False,True,False,False,False,False,False,False,False,False,False,False,False,False,False,False,False,True,False,False
Pakistan,Gaming Laptop,2025-07-10,Electronics,0.0,494.69,,20.0,2.0,0.0,0.0,3,10,28,7,3,191,0,0.43388373911755823,-0.900968867902419,-0.4999999999999997,-0.8660254037844388,0.0,1,3.0,1,0.0,1,0.0,1,1.2857142857142858,1.6035674514745406,0.0,3.0,1.0,0.6785714285714286,1.1880133254200802,0.0,3.0,1.8947368421052633,0,494.69,0.0,0.0,False,False,True,False,False,False,False,False,False,False,False,False,False,False,False,False,False,True,False,False,False,False,False,False,False,False,False,False,False,False,False,False,False,True,False,False
Pakistan,Gaming Laptop,2025-07-11,Electronics,2.0,1021.19,0.14,20.0,2.0,1.0,0.0,4,11,28,7,3,192,0,-0.433883739117558,-0.9009688679024191,-0.4999999999999997,-0.8660254037844388,0.0,1,3.0,1,0.0,1,0.0,1,0.8571428571428571,1.4638501094227943,0.0,3.0,1.0,0.6785714285714286,1.1880133254200802,0.0,3.0,1.263157894736842,1,494.69,526.5,1.0643028967636297,False,False,True,False,False,False,False,False,False,False,False,False,False,False,False,False,False,True,False,False,False,False,False,False,False,False,False,False,False,False,False,False,False,True,False,False
Pakistan,Gaming Laptop,2025-07-12,Electronics,1.0,478.37,0.02,20.0,2.0,1.0,0.0,5,12,28,7,3,193,1,-0.9749279121818236,-0.2225209339563146,-0.4999999999999997,-0.8660254037844388,2.0,1,3.0,1,0.0,1,0.0,1,0.7142857142857143,1.2535663410560114,0.0,3.0,1.1428571428571428,0.75,1.2056963563450458,0.0,3.0,0.9523809523809524,1,1021.19,-542.82,-0.5315563215464312,False,False,True,False,False,False,False,False,False,False,False,False,False,False,False,False,False,True,False,False,False,False,False,False,False,False,False,False,False,False,False,False,False,True,False,False
Pakistan,Gaming Laptop,2025-07-13,Electronics,0.0,478.37,,20.0,2.0,0.0,0.0,6,13,28,7,3,194,1,-0.7818314824680299,0.6234898018587334,-0.4999999999999997,-0.8660254037844388,1.0,1,0.0,1,2.0,1,1.0,1,0.42857142857142855,0.7867957924694347,0.0,2.0,1.2142857142857142,0.7857142857142857,1.197439950002692,0.0,3.0,0.5454545454545454,0,478.37,0.0,0.0,False,False,True,False,False,False,False,False,False,False,False,False,False,False,False,False,False,True,False,False,False,False,False,False,False,False,False,False,False,False,False,False,False,True,False,False
Pakistan,Gaming Laptop,2025-07-14,Electronics,1.0,574.4,0.0,20.0,2.0,0.0,0.0,0,14,29,7,3,195,0,0.0,1.0,-0.4999999999999997,-0.8660254037844388,0.0,1,0.0,1,0.0,1,0.0,1,0.42857142857142855,0.7867957924694347,0.0,2.0,1.0714285714285714,0.75,1.2056963563450458,0.0,3.0,0.5714285714285714,0,478.37,96.02999999999997,0.20074419382486355,False,False,True,False,False,False,False,False,False,False,False,False,False,False,False,False,False,True,False,False,False,False,False,False,False,False,False,False,False,False,False,False,False,True,False,False
Pakistan,Gaming Laptop,2025-07-15,Electronics,6.0,561.995,0.08,20.0,2.0,1.0,0.0,1,15,29,7,3,196,0,0.7818314824680298,0.6234898018587336,-0.4999999999999997,-0.8660254037844388,1.0,1,0.0,1,0.0,1,0.0,1,0.5714285714285714,0.7867957924694341,0.0,2.0,1.1428571428571428,0.7857142857142857,1.197439950002692,0.0,3.0,0.7272727272727273,1,574.4,-12.404999999999973,-0.021596448467966527,False,False,True,False,False,False,False,False,False,False,False,False,False,False,False,False,False,True,False,False,False,False,False,False,False,False,False,False,False,False,False,False,False,True,False,False
Pakistan,Gaming Laptop,2025-07-16,Electronics,0.0,561.995,,20.0,2.0,0.0,0.0,2,16,29,7,3,197,0,0.9749279121818236,-0.22252093395631434,-0.4999999999999997,-0.8660254037844388,6.0,1,0.0,1,3.0,1,0.0,1,1.4285714285714286,2.1491969707422354,0.0,6.0,1.5714285714285714,1.0,1.5396007178390072,0.0,6.0,1.4285714285714286,0,561.995,0.0,0.0,False,False,True,False,False,False,False,False,False,False,False,False,False,False,False,False,False,True,False,False,False,False,False,False,False,False,False,False,False,False,False,False,False,True,False,False
Pakistan,Gaming Laptop,2025-07-17,Electronics,3.0,1381.85,0.12,20.0,2.0,1.0,0.0,3,17,29,7,3,198,0,0.43388373911755823,-0.900968867902419,-0.4999999999999997,-0.8660254037844388,0.0,1,0.0,1,3.0,1,1.0,1,1.4285714285714286,2.1491969707422354,0.0,6.0,1.3571428571428572,1.0,1.5396007178390072,0.0,6.0,1.4285714285714286,1,561.995,819.8549999999999,1.4588297048906127,False,False,True,False,False,False,False,False,False,False,False,False,False,False,False,False,False,True,False,False,False,False,False,False,False,False,False,False,False,False,False,False,False,True,False,False
Pakistan,Gaming Laptop,2025-07-18,Electronics,2.0,416.96,0.07,20.0,2.0,1.0,0.0,4,18,29,7,3,199,0,-0.433883739117558,-0.9009688679024191,-0.4999999999999997,-0.8660254037844388,3.0,1,2.0,1,3.0,1,0.0,1,1.8571428571428572,2.1157009420498105,0.0,6.0,1.3571428571428572,1.0714285714285714,1.5853162186855747,0.0,6.0,1.7333333333333334,1,1381.85,-964.8899999999999,-0.6982595795491551,False,False,True,False,False,False,False,False,False,False,False,False,False,False,False,False,False,True,False,False,False,False,False,False,False,False,False,False,False,False,False,False,False,True,False,False
Pakistan,Gaming Laptop,2025-07-19,Electronics,0.0,416.96,,20.0,2.0,0.0,0.0,5,19,29,7,3,200,1,-0.9749279121818236,-0.2225209339563146,-0.4999999999999997,-0.8660254037844388,2.0,1,1.0,1,3.0,1,0.0,1,1.8571428571428572,2.1157009420498105,0.0,6.0,1.2857142857142858,1.1428571428571428,1.5803020272576105,0.0,6.0,1.6250000000000002,0,416.96,0.0,0.0,False,False,True,False,False,False,False,False,False,False,False,False,False,False,False,False,False,True,False,False,False,False,False,False,False,False,False,False,False,False,False,False,False,True,False,False
Pakistan,Gaming Laptop,2025-07-20,Electronics,0.0,416.96,,20.0,2.0,0.0,0.0,6,20,29,7,3,201,1,-0.7818314824680299,0.6234898018587334,-0.4999999999999997,-0.8660254037844388,0.0,1,0.0,1,0.0,1,0.0,1,1.7142857142857142,2.2146697055682782,0.0,6.0,1.0714285714285714,1.1428571428571428,1.5803020272576105,0.0,6.0,1.5,0,416.96,0.0,0.0,False,False,True,False,False,False,False,False,False,False,False,False,False,False,False,False,False,True,False,False,False,False,False,False,False,False,False,False,False,False,False,False,False,True,False,False
Pakistan,Gaming Laptop,2025-07-21,Electronics,0.0,416.96,,20.0,2.0,0.0,0.0,0,21,30,7,3,202,0,0.0,1.0,-0.4999999999999997,-0.8660254037844388,0.0,1,1.0,1,0.0,1,0.0,1,1.7142857142857142,2.2146697055682782,0.0,6.0,1.0714285714285714,1.1428571428571428,1.5803020272576105,0.0,6.0,1.5,0,416.96,0.0,0.0,False,False,True,False,False,False,False,False,False,False,False,False,False,False,False,False,False,True,False,False,False,False,False,False,False,False,False,False,False,False,False,False,False,True,False,False
Pakistan,Gaming Laptop,2025-07-22,Electronics,0.0,416.96,,20.0,2.0,0.0,0.0,1,22,30,7,3,203,0,0.7818314824680298,0.6234898018587336,-0.4999999999999997,-0.8660254037844388,0.0,1,6.0,1,0.0,1,3.0,1,1.5714285714285714,2.299068134204436,0.0,6.0,1.0714285714285714,1.1428571428571428,1.5803020272576105,0.0,6.0,1.375,0,416.96,0.0,0.0,False,False,True,False,False,False,False,False,False,False,False,False,False,False,False,False,False,True,False,False,False,False,False,False,False,False,False,False,False,False,False,False,False,True,False,False
Pakistan,Gaming Laptop,2025-07-23,Electronics,0.0,416.96,,20.0,2.0,0.0,0.0,2,23,30,7,3,204,0,0.9749279121818236,-0.22252093395631434,-0.4999999999999997,-0.8660254037844388,0.0,1,0.0,1,0.0,1,0.0,1,0.7142857142857143,1.2535663410560123,0.0,3.0,1.0714285714285714,1.0357142857142858,1.5511559096637166,0.0,6.0,0.689655172413793,0,416.96,0.0,0.0,False,False,True,False,False,False,False,False,False,False,False,False,False,False,False,False,False,True,False,False,False,False,False,False,False,False,False,False,False,False,False,False,False,True,False,False
Pakistan,Gaming Laptop,2025-07-24,Electronics,3.0,142.03,0.08,20.0,2.0,1.0,0.0,3,24,30,7,3,205,0,0.43388373911755823,-0.900968867902419,-0.4999999999999997,-0.8660254037844388,0.0,1,3.0,1,0.0,1,0.0,1,0.7142857142857143,1.2535663410560123,0.0,3.0,1.0714285714285714,1.0357142857142858,1.5511559096637166,0.0,6.0,0.689655172413793,1,416.96,-274.92999999999995,-0.659367805065234,False,False,True,False,False,False,False,False,False,False,False,False,False,False,False,False,False,True,False,False,False,False,False,False,False,False,False,False,False,False,False,False,False,True,False,False
Pakistan,Gaming Laptop,2025-07-25,Electronics,0.0,142.03,,20.0,2.0,0.0,0.0,4,25,30,7,3,206,0,-0.433883739117558,-0.9009688679024191,-0.4999999999999997,-0.8660254037844388,3.0,1,2.0,1,2.0,1,0.0,1,0.7142857142857143,1.2535663410560123,0.0,3.0,1.2857142857142858,1.1428571428571428,1.5803020272576105,0.0,6.0,0.625,0,142.03,0.0,0.0,False,False,True,False,False,False,False,False,False,False,False,False,False,False,False,False,False,True,False,False,False,False,False,False,False,False,False,False,False,False,False,False,False,True,False,False
Pakistan,Gaming Laptop,2025-07-26,Electronics,0.0,142.03,,20.0,2.0,0.0,0.0,5,26,30,7,3,207,1,-0.9749279121818236,-0.2225209339563146,-0.4999999999999997,-0.8660254037844388,0.0,1,0.0,1,1.0,1,0.0,1,0.42857142857142855,1.1338934190276768,0.0,3.0,1.1428571428571428,1.1428571428571428,1.5803020272576105,0.0,6.0,0.375,0,142.03,0.0,0.0,False,False,True,False,False,False,False,False,False,False,False,False,False,False,False,False,False,True,False,False,False,False,False,False,False,False,False,False,False,False,False,False,False,True,False,False
Pakistan,Gaming Laptop,2025-07-27,Electronics,0.0,142.03,,20.0,2.0,0.0,0.0,6,27,30,7,3,208,1,-0.7818314824680299,0.6234898018587334,-0.4999999999999997,-0.8660254037844388,0.0,1,0.0,1,0.0,1,2.0,1,0.42857142857142855,1.1338934190276768,0.0,3.0,1.0714285714285714,1.1428571428571428,1.5803020272576105,0.0,6.0,0.375,0,142.03,0.0,0.0,False,False,True,False,False,False,False,False,False,False,False,False,False,False,False,False,False,True,False,False,False,False,False,False,False,False,False,False,False,False,False,False,False,True,False,False
Pakistan,Gaming Laptop,2025-07-28,Electronics,0.0,142.03,,20.0,2.0,0.0,0.0,0,28,31,7,3,209,0,0.0,1.0,-0.4999999999999997,-0.8660254037844388,0.0,1,0.0,1,1.0,1,0.0,1,0.42857142857142855,1.1338934190276768,0.0,3.0,1.0714285714285714,1.0714285714285714,1.5853162186855747,0.0,6.0,0.39999999999999997,0,142.03,0.0,0.0,False,False,True,False,False,False,False,False,False,False,False,False,False,False,False,False,False,True,False,False,False,False,False,False,False,False,False,False,False,False,False,False,False,True,False,False
Pakistan,Gaming Laptop,2025-07-29,Electronics,3.0,1142.23,0.13,20.0,2.0,1.0,0.0,1,29,31,7,3,210,0,0.7818314824680298,0.6234898018587336,-0.4999999999999997,-0.8660254037844388,0.0,1,0.0,1,6.0,1,0.0,1,0.42857142857142855,1.1338934190276768,0.0,3.0,1.0,1.0714285714285714,1.5853162186855747,0.0,6.0,0.39999999999999997,1,142.03,1000.2,7.042174188551715,False,False,True,False,False,False,False,False,False,False,False,False,False,False,False,False,False,True,False,False,False,False,False,False,False,False,False,False,False,False,False,False,False,True,False,False
Pakistan,Gaming Laptop,2025-07-30,Electronics,0.0,1142.23,,20.0,2.0,0.0,0.0,2,30,31,7,3,211,0,0.9749279121818236,-0.22252093395631434,-0.4999999999999997,-0.8660254037844388,3.0,1,0.0,1,0.0,1,3.0,1,0.8571428571428571,1.463850109422795,0.0,3.0,0.7857142857142857,1.1785714285714286,1.6113847605587135,0.0,6.0,0.7272727272727272,0,1142.23,0.0,0.0,False,False,True,False,False,False,False,False,False,False,False,False,False,False,False,False,False,True,False,False,False,False,False,False,False,False,False,False,False,False,False,False,False,True,False,False
Pakistan,Gaming Laptop,2025-07-31,Electronics,2.0,1123.01,0.0,20.0,2.0,0.0,0.0,3,31,31,7,3,212,0,0.43388373911755823,-0.900968867902419,-0.4999999999999997,-0.8660254037844388,0.0,1,3.0,1,3.0,1,3.0,1,0.8571428571428571,1.463850109422795,0.0,3.0,0.7857142857142857,1.0714285714285714,1.5853162186855747,0.0,6.0,0.7999999999999999,0,1142.23,-19.220000000000027,-0.01682673367010149,False,False,True,False,False,False,False,False,False,False,False,False,False,False,False,False,False,True,False,False,False,False,False,False,False,False,False,False,False,False,False,False,False,True,False,False
Pakistan,Gaming Laptop,2025-08-01,Electronics,0.0,1123.01,,20.0,2.0,0.0,0.0,4,1,31,8,3,213,0,-0.433883739117558,-0.9009688679024191,-0.8660254037844385,-0.5000000000000004,2.0,1,0.0,1,2.0,1,3.0,1,0.7142857142857143,1.2535663410560123,0.0,3.0,0.7142857142857143,1.0357142857142858,1.5511559096637164,0.0,6.0,0.689655172413793,0,1123.01,0.0,0.0,False,False,True,False,False,False,False,False,False,False,False,False,False,False,False,False,False,True,False,False,False,False,False,False,False,False,False,False,False,False,False,False,False,True,False,False
Pakistan,Gaming Laptop,2025-08-02,Electronics,0.0,1123.01,,20.0,2.0,0.0,0.0,5,2,31,8,3,214,1,-0.9749279121818236,-0.2225209339563146,-0.8660254037844385,-0.5000000000000004,0.0,1,0.0,1,0.0,1,3.0,1,0.7142857142857143,1.2535663410560123,0.0,3.0,0.5714285714285714,0.9285714285714286,1.5136067160941467,0.0,6.0,0.7692307692307693,0,1123.01,0.0,0.0,False,False,True,False,False,False,False,False,False,False,False,False,False,False,False,False,False,True,False,False,False,False,False,False,False,False,False,False,False,False,False,False,False,True,False,False
Pakistan,Gaming Laptop,2025-08-03,Electronics,0.0,1123.01,,20.0,2.0,0.0,0.0,6,3,31,8,3,215,1,-0.7818314824680299,0.6234898018587334,-0.8660254037844385,-0.5000000000000004,0.0,1,0.0,1,0.0,1,0.0,1,0.7142857142857143,1.2535663410560123,0.0,3.0,0.5714285714285714,0.8214285714285714,1.4670093394782522,0.0,6.0,0.8695652173913044,0,1123.01,0.0,0.0,False,False,True,False,False,False,False,False,False,False,False,False,False,False,False,False,False,True,False,False,False,False,False,False,False,False,False,False,False,False,False,False,False,True,False,False
Pakistan,Gaming Laptop,2025-08-04,Electronics,0.0,1123.01,,20.0,2.0,0.0,0.0,0,4,32,8,3,216,0,0.0,1.0,-0.8660254037844385,-0.5000000000000004,0.0,1,0.0,1,0.0,1,0.0,1,0.7142857142857143,1.2535663410560123,0.0,3.0,0.5714285714285714,0.8214285714285714,1.4670093394782522,0.0,6.0,0.8695652173913044,0,1123.01,0.0,0.0,False,False,True,False,False,False,False,False,False,False,False,False,False,False,False,False,False,True,False,False,False,False,False,False,False,False,False,False,False,False,False,False,False,True,False,False
Pakistan,Gaming Laptop,2025-08-05,Electronics,0.0,1123.01,,20.0,2.0,0.0,0.0,1,5,32,8,3,217,0,0.7818314824680298,0.6234898018587336,-0.8660254037844385,-0.5000000000000004,0.0,1,3.0,1,0.0,1,0.0,1,0.7142857142857143,1.2535663410560123,0.0,3.0,0.5714285714285714,0.8214285714285714,1.4670093394782522,0.0,6.0,0.8695652173913044,0,1123.01,0.0,0.0,False,False,True,False,False,False,False,False,False,False,False,False,False,False,False,False,False,True,False,False,False,False,False,False,False,False,False,False,False,False,False,False,False,True,False,False
Pakistan,Gaming Laptop,2025-08-06,Electronics,4.0,574.53,0.14,20.0,2.0,1.0,0.0,2,6,32,8,3,218,0,0.9749279121818236,-0.22252093395631434,-0.8660254037844385,-0.5000000000000004,0.0,1,0.0,1,0.0,1,0.0,1,0.2857142857142857,0.7559289460184476,0.0,2.0,0.5714285714285714,0.8214285714285714,1.4670093394782522,0.0,6.0,0.34782608695652173,1,1123.01,-548.48,-0.48840170612906386,False,False,True,False,False,False,False,False,False,False,False,False,False,False,False,False,False,True,False,False,False,False,False,False,False,False,False,False,False,False,False,False,False,True,False,False
Pakistan,Gaming Laptop,2025-08-07,Electronics,0.0,574.53,,20.0,2.0,0.0,0.0,3,7,32,8,3,219,0,0.43388373911755823,-0.900968867902419,-0.8660254037844385,-0.5000000000000004,4.0,1,2.0,1,3.0,1,0.0,1,0.8571428571428571,1.573591584938882,0.0,4.0,0.8571428571428571,0.9642857142857143,1.574851970871785,0.0,6.0,0.8888888888888888,0,574.53,0.0,0.0,False,False,True,False,False,False,False,False,False,False,False,False,False,False,False,False,False,True,False,False,False,False,False,False,False,False,False,False,False,False,False,False,False,True,False,False
Pakistan,Gaming Laptop,2025-08-08,Electronics,0.0,574.53,,20.0,2.0,0.0,0.0,4,8,32,8,3,220,0,-0.433883739117558,-0.9009688679024191,-0.8660254037844385,-0.5000000000000004,0.0,1,0.0,1,0.0,1,2.0,1,0.5714285714285714,1.5118578920369048,0.0,4.0,0.6428571428571429,0.9642857142857143,1.574851970871785,0.0,6.0,0.5925925925925926,0,574.53,0.0,0.0,False,False,True,False,False,False,False,False,False,False,False,False,False,False,False,False,False,True,False,False,False,False,False,False,False,False,False,False,False,False,False,False,False,True,False,False
Pakistan,Gaming Laptop,2025-08-09,Electronics,2.0,947.15,0.01,20.0,2.0,1.0,0.0,5,9,32,8,3,221,1,-0.9749279121818236,-0.2225209339563146,-0.8660254037844385,-0.5000000000000004,0.0,1,0.0,1,0.0,1,1.0,1,0.5714285714285714,1.5118578920369048,0.0,4.0,0.6428571428571429,0.8928571428571429,1.571488695338511,0.0,6.0,0.6399999999999999,1,574.53,372.62,0.6485649139296469,False,False,True,False,False,False,False,False,False,False,False,False,False,False,False,False,False,True,False,False,False,False,False,False,False,False,False,False,False,False,False,False,False,True,False,False
Pakistan,Gaming Laptop,2025-08-10,Electronics,0.0,947.15,,20.0,2.0,0.0,0.0,6,10,32,8,3,222,1,-0.7818314824680299,0.6234898018587334,-0.8660254037844385,-0.5000000000000004,2.0,1,0.0,1,0.0,1,0.0,1,0.8571428571428571,1.573591584938882,0.0,4.0,0.7857142857142857,0.9285714285714286,1.5853162186855747,0.0,6.0,0.923076923076923,0,947.15,0.0,0.0,False,False,True,False,False,False,False,False,False,False,False,False,False,False,False,False,False,True,False,False,False,False,False,False,False,False,False,False,False,False,False,False,False,True,False,False
Pakistan,Gaming Laptop,2025-08-11,Electronics,0.0,947.15,,20.0,2.0,0.0,0.0,0,11,33,8,3,223,0,0.0,1.0,-0.8660254037844385,-0.5000000000000004,0.0,1,0.0,1,0.0,1,1.0,1,0.8571428571428571,1.573591584938882,0.0,4.0,0.7857142857142857,0.9285714285714286,1.5853162186855747,0.0,6.0,0.923076923076923,0,947.15,0.0,0.0,False,False,True,False,False,False,False,False,False,False,False,False,False,False,False,False,False,True,False,False,False,False,False,False,False,False,False,False,False,False,False,False,False,True,False,False
Pakistan,Gaming Laptop,2025-08-12,Electronics,2.0,476.03,0.05,20.0,2.0,1.0,0.0,1,12,33,8,3,224,0,0.7818314824680298,0.6234898018587336,-0.8660254037844385,-0.5000000000000004,0.0,1,0.0,1,3.0,1,6.0,1,0.8571428571428571,1.573591584938882,0.0,4.0,0.7857142857142857,0.8928571428571429,1.5948826896204027,0.0,6.0,0.9599999999999999,1,947.15,-471.12,-0.4974080135142269,False,False,True,False,False,False,False,False,False,False,False,False,False,False,False,False,False,True,False,False,False,False,False,False,False,False,False,False,False,False,False,False,False,True,False,False
Pakistan,Gaming Laptop,2025-08-13,Electronics,0.0,476.03,,20.0,2.0,0.0,0.0,2,13,33,8,3,225,0,0.9749279121818236,-0.22252093395631434,-0.8660254037844385,-0.5000000000000004,2.0,1,4.0,1,0.0,1,0.0,1,1.1428571428571428,1.5735915849388813,0.0,4.0,0.7142857142857143,0.75,1.2656428610993973,0.0,4.0,1.5238095238095237,0,476.03,0.0,0.0,False,False,True,False,False,False,False,False,False,False,False,False,False,False,False,False,False,True,False,False,False,False,False,False,False,False,False,False,False,False,False,False,False,True,False,False
Pakistan,Gaming Laptop,2025-08-14,Electronics,3.0,117.48,0.15,20.0,2.0,1.0,0.0,3,14,33,8,3,226,0,0.43388373911755823,-0.900968867902419,-0.8660254037844385,-0.5000000000000004,0.0,1,0.0,1,2.0,1,3.0,1,0.5714285714285714,0.9759000729485271,0.0,2.0,0.7142857142857143,0.75,1.2656428610993973,0.0,4.0,0.7619047619047619,1,476.03,-358.54999999999995,-0.7532088313761737,False,False,True,False,False,False,False,False,False,False,False,False,False,False,False,False,False,True,False,False,False,False,False,False,False,False,False,False,False,False,False,False,False,True,False,False
Pakistan,Gaming Laptop,2025-08-15,Electronics,0.0,117.48,,20.0,2.0,0.0,0.0,4,15,33,8,3,227,0,-0.433883739117558,-0.9009688679024191,-0.8660254037844385,-0.5000000000000004,3.0,1,0.0,1,0.0,1,2.0,1,1.0,1.2909944487357998,0.0,3.0,0.7857142857142857,0.75,1.2656428610993973,0.0,4.0,1.3333333333333333,0,117.48,0.0,0.0,False,False,True,False,False,False,False,False,False,False,False,False,False,False,False,False,False,True,False,False,False,False,False,False,False,False,False,False,False,False,False,False,False,True,False,False
Pakistan,Gaming Laptop,2025-08-16,Electronics,0.0,117.48,,20.0,2.0,0.0,0.0,5,16,33,8,3,228,1,-0.9749279121818236,-0.2225209339563146,-0.8660254037844385,-0.5000000000000004,0.0,1,2.0,1,0.0,1,0.0,1,1.0,1.2909944487357998,0.0,3.0,0.7857142857142857,0.6785714285714286,1.2488089563755642,0.0,4.0,1.4736842105263157,0,117.48,0.0,0.0,False,False,True,False,False,False,False,False,False,False,False,False,False,False,False,False,False,True,False,False,False,False,False,False,False,False,False,False,False,False,False,False,False,True,False,False
Pakistan,Gaming Laptop,2025-08-17,Electronics,0.0,117.48,,20.0,2.0,0.0,0.0,6,17,33,8,3,229,1,-0.7818314824680299,0.6234898018587334,-0.8660254037844385,-0.5000000000000004,0.0,1,0.0,1,0.0,1,0.0,1,0.7142857142857143,1.2535663410560123,0.0,3.0,0.7857142857142857,0.6785714285714286,1.2488089563755642,0.0,4.0,1.0526315789473684,0,117.48,0.0,0.0,False,False,True,False,False,False,False,False,False,False,False,False,False,False,False,False,False,True,False,False,False,False,False,False,False,False,False,False,False,False,False,False,False,True,False,False
Pakistan,Gaming Laptop,2025-08-18,Electronics,0.0,117.48,,20.0,2.0,0.0,0.0,0,18,34,8,3,230,0,0.0,1.0,-0.8660254037844385,-0.5000000000000004,0.0,1,0.0,1,0.0,1,0.0,1,0.7142857142857143,1.2535663410560123,0.0,3.0,0.7857142857142857,0.6785714285714286,1.2488089563755642,0.0,4.0,1.0526315789473684,0,117.48,0.0,0.0,False,False,True,False,False,False,False,False,False,False,False,False,False,False,False,False,False,True,False,False,False,False,False,False,False,False,False,False,False,False,False,False,False,True,False,False
Pakistan,Gaming Laptop,2025-08-19,Electronics,0.0,117.48,,20.0,2.0,0.0,0.0,1,19,34,8,3,231,0,0.7818314824680298,0.6234898018587336,-0.8660254037844385,-0.5000000000000004,0.0,1,2.0,1,0.0,1,0.0,1,0.7142857142857143,1.2535663410560123,0.0,3.0,0.7857142857142857,0.6785714285714286,1.2488089563755642,0.0,4.0,1.0526315789473684,0,117.48,0.0,0.0,False,False,True,False,False,False,False,False,False,False,False,False,False,False,False,False,False,True,False,False,False,False,False,False,False,False,False,False,False,False,False,False,False,True,False,False
Pakistan,Gaming Laptop,2025-08-20,Electronics,0.0,117.48,,20.0,2.0,0.0,0.0,2,20,34,8,3,232,0,0.9749279121818236,-0.22252093395631434,-0.8660254037844385,-0.5000000000000004,0.0,1,0.0,1,4.0,1,0.0,1,0.42857142857142855,1.1338934190276768,0.0,3.0,0.7857142857142857,0.6785714285714286,1.2488089563755642,0.0,4.0,0.631578947368421,0,117.48,0.0,0.0,False,False,True,False,False,False,False,False,False,False,False,False,False,False,False,False,False,True,False,False,False,False,False,False,False,False,False,False,False,False,False,False,False,True,False,False
Pakistan,Gaming Laptop,2025-08-21,Electronics,0.0,117.48,,20.0,2.0,0.0,0.0,3,21,34,8,3,233,0,0.43388373911755823,-0.900968867902419,-0.8660254037844385,-0.5000000000000004,0.0,1,3.0,1,0.0,1,3.0,1,0.42857142857142855,1.1338934190276768,0.0,3.0,0.5,0.6785714285714286,1.2488089563755642,0.0,4.0,0.631578947368421,0,117.48,0.0,0.0,False,False,True,False,False,False,False,False,False,False,False,False,False,False,False,False,False,True,False,False,False,False,False,False,False,False,False,False,False,False,False,False,False,True,False,False
Pakistan,Gaming Laptop,2025-08-22,Electronics,0.0,117.48,,20.0,2.0,0.0,0.0,4,22,34,8,3,234,0,-0.433883739117558,-0.9009688679024191,-0.8660254037844385,-0.5000000000000004,0.0,1,0.0,1,0.0,1,0.0,1,0.0,0.0,0.0,0.0,0.5,0.5714285714285714,1.1683661091795592,0.0,4.0,0.0,0,117.48,0.0,0.0,False,False,True,False,False,False,False,False,False,False,False,False,False,False,False,False,False,True,False,False,False,False,False,False,False,False,False,False,False,False,False,False,False,True,False,False
Pakistan,Gaming Laptop,2025-08-23,Electronics,1.0,1175.32,0.01,20.0,2.0,1.0,0.0,5,23,34,8,3,235,1,-0.9749279121818236,-0.2225209339563146,-0.8660254037844385,-0.5000000000000004,0.0,1,0.0,1,2.0,1,0.0,1,0.0,0.0,0.0,0.0,0.5,0.5714285714285714,1.1683661091795592,0.0,4.0,0.0,1,117.48,1057.84,9.004426285325161,False,False,True,False,False,False,False,False,False,False,False,False,False,False,False,False,False,True,False,False,False,False,False,False,False,False,False,False,False,False,False,False,False,True,False,False
Pakistan,Gaming Laptop,2025-08-24,Electronics,0.0,1175.32,,20.0,2.0,0.0,0.0,6,24,34,8,3,236,1,-0.7818314824680299,0.6234898018587334,-0.8660254037844385,-0.5000000000000004,1.0,1,0.0,1,0.0,1,0.0,1,0.14285714285714285,0.3779644730092152,0.0,1.0,0.42857142857142855,0.6071428571428571,1.1655323283657237,0.0,4.0,0.23529411764705882,0,1175.32,0.0,0.0,False,False,True,False,False,False,False,False,False,False,False,False,False,False,False,False,False,True,False,False,False,False,False,False,False,False,False,False,False,False,False,False,False,True,False,False
Pakistan,Gaming Laptop,2025-08-25,Electronics,0.0,1175.32,,20.0,2.0,0.0,0.0,0,25,35,8,3,237,0,0.0,1.0,-0.8660254037844385,-0.5000000000000004,0.0,1,0.0,1,0.0,1,0.0,1,0.14285714285714285,0.3779644730092152,0.0,1.0,0.42857142857142855,0.6071428571428571,1.1655323283657237,0.0,4.0,0.23529411764705882,0,1175.32,0.0,0.0,False,False,True,False,False,False,False,False,False,False,False,False,False,False,False,False,False,True,False,False,False,False,False,False,False,False,False,False,False,False,False,False,False,True,False,False
Pakistan,Gaming Laptop,2025-08-26,Electronics,0.0,1175.32,,20.0,2.0,0.0,0.0,1,26,35,8,3,238,0,0.7818314824680298,0.6234898018587336,-0.8660254037844385,-0.5000000000000004,0.0,1,0.0,1,2.0,1,3.0,1,0.14285714285714285,0.3779644730092152,0.0,1.0,0.42857142857142855,0.6071428571428571,1.1655323283657237,0.0,4.0,0.23529411764705882,0,1175.32,0.0,0.0,False,False,True,False,False,False,False,False,False,False,False,False,False,False,False,False,False,True,False,False,False,False,False,False,False,False,False,False,False,False,False,False,False,True,False,False
Pakistan,Gaming Laptop,2025-08-27,Electronics,1.0,1114.36,0.07,20.0,2.0,1.0,0.0,2,27,35,8,3,239,0,0.9749279121818236,-0.22252093395631434,-0.8660254037844385,-0.5000000000000004,0.0,1,0.0,1,0.0,1,0.0,1,0.14285714285714285,0.3779644730092152,0.0,1.0,0.2857142857142857,0.5,1.0715167512214472,0.0,4.0,0.2857142857142857,1,1175.32,-60.960000000000036,-0.051866725657693256,False,False,True,False,False,False,False,False,False,False,False,False,False,False,False,False,False,True,False,False,False,False,False,False,False,False,False,False,False,False,False,False,False,True,False,False
Pakistan,Gaming Laptop,2025-08-28,Electronics,5.0,883.0,0.13,20.0,2.0,1.0,0.0,3,28,35,8,3,240,0,0.43388373911755823,-0.900968867902419,-0.8660254037844385,-0.5000000000000004,1.0,1,0.0,1,3.0,1,2.0,1,0.2857142857142857,0.48795003647425633,0.0,1.0,0.35714285714285715,0.5357142857142857,1.0708993401928184,0.0,4.0,0.5333333333333333,1,1114.36,-231.3599999999999,-0.207616928102229,False,False,True,False,False,False,False,False,False,False,False,False,False,False,False,False,False,True,False,False,False,False,False,False,False,False,False,False,False,False,False,False,False,True,False,False
Pakistan,Gaming Laptop,2025-08-29,Electronics,0.0,883.0,,20.0,2.0,0.0,0.0,4,29,35,8,3,241,0,-0.433883739117558,-0.9009688679024191,-0.8660254037844385,-0.5000000000000004,5.0,1,0.0,1,0.0,1,0.0,1,1.0,1.8257418583505498,0.0,5.0,0.5,0.6428571428571429,1.3392724867071713,0.0,5.0,1.5555555555555554,0,883.0,0.0,0.0,False,False,True,False,False,False,False,False,False,False,False,False,False,False,False,False,False,True,False,False,False,False,False,False,False,False,False,False,False,False,False,False,False,True,False,False
Pakistan,Gaming Laptop,2025-08-30,Electronics,1.0,187.45,0.12,20.0,2.0,1.0,0.0,5,30,35,8,3,242,1,-0.9749279121818236,-0.2225209339563146,-0.8660254037844385,-0.5000000000000004,0.0,1,1.0,1,0.0,1,0.0,1,1.0,1.8257418583505498,0.0,5.0,0.5,0.6428571428571429,1.3392724867071713,0.0,5.0,1.5555555555555554,1,883.0,-695.55,-0.7877123442808607,False,False,True,False,False,False,False,False,False,False,False,False,False,False,False,False,False,True,False,False,False,False,False,False,False,False,False,False,False,False,False,False,False,True,False,False
Pakistan,Gaming Laptop,2025-08-31,Electronics,0.0,187.45,,20.0,2.0,0.0,0.0,6,31,35,8,3,243,1,-0.7818314824680299,0.6234898018587334,-0.8660254037844385,-0.5000000000000004,1.0,1,0.0,1,0.0,1,0.0,1,1.0,1.8257418583505498,0.0,5.0,0.5714285714285714,0.6785714285714286,1.334820599086652,0.0,5.0,1.4736842105263157,0,187.45,0.0,0.0,False,False,True,False,False,False,False,False,False,False,False,False,False,False,False,False,False,True,False,False,False,False,False,False,False,False,False,False,False,False,False,False,False,True,False,False
Pakistan,Gaming Laptop,2025-09-01,Electronics,3.0,596.66,0.03,20.0,2.0,1.0,0.0,0,1,36,9,3,244,0,0.0,1.0,-1.0,-1.8369701987210297e-16,0.0,1,0.0,1,0.0,1,0.0,1,1.0,1.8257418583505498,0.0,5.0,0.5714285714285714,0.6785714285714286,1.334820599086652,0.0,5.0,1.4736842105263157,1,187.45,409.21,2.183035476126967,False,False,True,False,False,False,False,False,False,False,False,False,False,False,False,False,False,True,False,False,False,False,False,False,False,False,False,False,False,False,False,False,False,True,False,False
Pakistan,Gaming Laptop,2025-09-02,Electronics,0.0,596.66,,20.0,2.0,0.0,0.0,1,2,36,9,3,245,0,0.7818314824680298,0.6234898018587336,-1.0,-1.8369701987210297e-16,3.0,1,0.0,1,0.0,1,0.0,1,1.4285714285714286,1.902379462422679,0.0,5.0,0.7857142857142857,0.7857142857142857,1.3972762620115498,0.0,5.0,1.8181818181818183,0,596.66,0.0,0.0,False,False,True,False,False,False,False,False,False,False,False,False,False,False,False,False,False,True,False,False,False,False,False,False,False,False,False,False,False,False,False,False,False,True,False,False
Pakistan,Gaming Laptop,2025-09-03,Electronics,0.0,596.66,,20.0,2.0,0.0,0.0,2,3,36,9,3,246,0,0.9749279121818236,-0.22252093395631434,-1.0,-1.8369701987210297e-16,0.0,1,1.0,1,0.0,1,4.0,1,1.4285714285714286,1.902379462422679,0.0,5.0,0.7857142857142857,0.7857142857142857,1.3972762620115498,0.0,5.0,1.8181818181818183,0,596.66,0.0,0.0,False,False,True,False,False,False,False,False,False,False,False,False,False,False,False,False,False,True,False,False,False,False,False,False,False,False,False,False,False,False,False,False,False,True,False,False
Pakistan,Gaming Laptop,2025-09-04,Electronics,0.0,596.66,,20.0,2.0,0.0,0.0,3,4,36,9,3,247,0,0.43388373911755823,-0.900968867902419,-1.0,-1.8369701987210297e-16,0.0,1,5.0,1,0.0,1,0.0,1,1.2857142857142858,1.9760470401187031,0.0,5.0,0.7857142857142857,0.6428571428571429,1.253566341056024,0.0,5.0,2.0,0,596.66,0.0,0.0,False,False,True,False,False,False,False,False,False,False,False,False,False,False,False,False,False,True,False,False,False,False,False,False,False,False,False,False,False,False,False,False,False,True,False,False
Pakistan,Gaming Laptop,2025-09-05,Electronics,0.0,596.66,,20.0,2.0,0.0,0.0,4,5,36,9,3,248,0,-0.433883739117558,-0.9009688679024191,-1.0,-1.8369701987210297e-16,0.0,1,0.0,1,0.0,1,0.0,1,0.5714285714285714,1.1338934190276762,0.0,3.0,0.7857142857142857,0.6428571428571429,1.253566341056024,0.0,5.0,0.8888888888888887,0,596.66,0.0,0.0,False,False,True,False,False,False,False,False,False,False,False,False,False,False,False,False,False,True,False,False,False,False,False,False,False,False,False,False,False,False,False,False,False,True,False,False
Pakistan,Gaming Laptop,2025-09-06,Electronics,0.0,596.66,,20.0,2.0,0.0,0.0,5,6,36,9,3,249,1,-0.9749279121818236,-0.2225209339563146,-1.0,-1.8369701987210297e-16,0.0,1,1.0,1,1.0,1,2.0,1,0.5714285714285714,1.1338934190276762,0.0,3.0,0.7857142857142857,0.6428571428571429,1.253566341056024,0.0,5.0,0.8888888888888887,0,596.66,0.0,0.0,False,False,True,False,False,False,False,False,False,False,False,False,False,False,False,False,False,True,False,False,False,False,False,False,False,False,False,False,False,False,False,False,False,True,False,False
Pakistan,Gaming Laptop,2025-09-07,Electronics,1.0,765.75,0.06,20.0,2.0,1.0,0.0,6,7,36,9,3,250,1,-0.7818314824680299,0.6234898018587334,-1.0,-1.8369701987210297e-16,0.0,1,0.0,1,0.0,1,0.0,1,0.42857142857142855,1.1338934190276766,0.0,3.0,0.7142857142857143,0.5714285714285714,1.2301331282538202,0.0,5.0,0.75,1,596.66,169.09000000000003,0.28339422786846785,False,False,True,False,False,False,False,False,False,False,False,False,False,False,False,False,False,True,False,False,False,False,False,False,False,False,False,False,False,False,False,False,False,True,False,False
Pakistan,Gaming Laptop,2025-09-08,Electronics,0.0,765.75,,20.0,2.0,0.0,0.0,0,8,37,9,3,251,0,0.0,1.0,-1.0,-1.8369701987210297e-16,1.0,1,3.0,1,0.0,1,0.0,1,0.5714285714285714,1.1338934190276762,0.0,3.0,0.7857142857142857,0.6071428571428571,1.2274419565151637,0.0,5.0,0.9411764705882353,0,765.75,0.0,0.0,False,False,True,False,False,False,False,False,False,False,False,False,False,False,False,False,False,True,False,False,False,False,False,False,False,False,False,False,False,False,False,False,False,True,False,False
Pakistan,Gaming Laptop,2025-09-09,Electronics,1.0,627.46,0.13,20.0,2.0,1.0,0.0,1,9,37,9,3,252,0,0.7818314824680298,0.6234898018587336,-1.0,-1.8369701987210297e-16,0.0,1,0.0,1,0.0,1,2.0,1,0.14285714285714285,0.37796447300921443,0.0,1.0,0.7857142857142857,0.6071428571428571,1.2274419565151637,0.0,5.0,0.23529411764705882,1,765.75,-138.28999999999996,-0.18059418870388502,False,False,True,False,False,False,False,False,False,False,False,False,False,False,False,False,False,True,False,False,False,False,False,False,False,False,False,False,False,False,False,False,False,True,False,False
Pakistan,Gaming Laptop,2025-09-10,Electronics,3.0,145.96,0.02,20.0,2.0,1.0,0.0,2,10,37,9,3,253,0,0.9749279121818236,-0.22252093395631434,-1.0,-1.8369701987210297e-16,1.0,1,0.0,1,1.0,1,0.0,1,0.2857142857142857,0.4879500364742557,0.0,1.0,0.8571428571428571,0.5714285714285714,1.19964721445659,0.0,5.0,0.5,1,627.46,-481.5,-0.7673795939183374,False,False,True,False,False,False,False,False,False,False,False,False,False,False,False,False,False,True,False,False,False,False,False,False,False,False,False,False,False,False,False,False,False,True,False,False
Pakistan,Gaming Laptop,2025-09-11,Electronics,0.0,145.96,,20.0,2.0,0.0,0.0,3,11,37,9,3,254,0,0.43388373911755823,-0.900968867902419,-1.0,-1.8369701987210297e-16,3.0,1,0.0,1,5.0,1,3.0,1,0.7142857142857143,1.1126972805283677,0.0,3.0,1.0,0.6785714285714286,1.2781227967601156,0.0,5.0,1.0526315789473684,0,145.96,0.0,0.0,False,False,True,False,False,False,False,False,False,False,False,False,False,False,False,False,False,True,False,False,False,False,False,False,False,False,False,False,False,False,False,False,False,True,False,False
Pakistan,Gaming Laptop,2025-09-12,Electronics,0.0,145.96,,20.0,2.0,0.0,0.0,4,12,37,9,3,255,0,-0.433883739117558,-0.9009688679024191,-1.0,-1.8369701987210297e-16,0.0,1,0.0,1,0.0,1,0.0,1,0.7142857142857143,1.1126972805283677,0.0,3.0,0.6428571428571429,0.5714285714285714,1.19964721445659,0.0,5.0,1.25,0,145.96,0.0,0.0,False,False,True,False,False,False,False,False,False,False,False,False,False,False,False,False,False,True,False,False,False,False,False,False,False,False,False,False,False,False,False,False,False,True,False,False
Pakistan,Gaming Laptop,2025-09-13,Electronics,0.0,145.96,,20.0,2.0,0.0,0.0,5,13,37,9,3,256,1,-0.9749279121818236,-0.2225209339563146,-1.0,-1.8369701987210297e-16,0.0,1,0.0,1,1.0,1,0.0,1,0.7142857142857143,1.1126972805283677,0.0,3.0,0.6428571428571429,0.5714285714285714,1.19964721445659,0.0,5.0,1.25,0,145.96,0.0,0.0,False,False,True,False,False,False,False,False,False,False,False,False,False,False,False,False,False,True,False,False,False,False,False,False,False,False,False,False,False,False,False,False,False,True,False,False
Pakistan,Gaming Laptop,2025-09-14,Electronics,2.0,405.43,0.11,20.0,2.0,1.0,0.0,6,14,37,9,3,257,1,-0.7818314824680299,0.6234898018587334,-1.0,-1.8369701987210297e-16,0.0,1,1.0,1,0.0,1,0.0,1,0.7142857142857143,1.1126972805283677,0.0,3.0,0.5714285714285714,0.5714285714285714,1.19964721445659,0.0,5.0,1.25,1,145.96,259.47,1.777678816114004,False,False,True,False,False,False,False,False,False,False,False,False,False,False,False,False,False,True,False,False,False,False,False,False,False,False,False,False,False,False,False,False,False,True,False,False
Pakistan,Gaming Laptop,2025-09-15,Electronics,0.0,405.43,,20.0,2.0,0.0,0.0,0,15,38,9,3,258,0,0.0,1.0,-1.0,-1.8369701987210297e-16,2.0,1,0.0,1,3.0,1,0.0,1,0.8571428571428571,1.214985792587906,0.0,3.0,0.7142857142857143,0.6428571428571429,1.223664372838612,0.0,5.0,1.3333333333333333,0,405.43,0.0,0.0,False,False,True,False,False,False,False,False,False,False,False,False,False,False,False,False,False,True,False,False,False,False,False,False,False,False,False,False,False,False,False,False,False,True,False,False
Pakistan,Gaming Laptop,2025-09-16,Electronics,0.0,405.43,,20.0,2.0,0.0,0.0,1,16,38,9,3,259,0,0.7818314824680298,0.6234898018587336,-1.0,-1.8369701987210297e-16,0.0,1,1.0,1,0.0,1,0.0,1,0.8571428571428571,1.214985792587906,0.0,3.0,0.5,0.6428571428571429,1.223664372838612,0.0,5.0,1.3333333333333333,0,405.43,0.0,0.0,False,False,True,False,False,False,False,False,False,False,False,False,False,False,False,False,False,True,False,False,False,False,False,False,False,False,False,False,False,False,False,False,False,True,False,False
Pakistan,Gaming Laptop,2025-09-17,Electronics,0.0,405.43,,20.0,2.0,0.0,0.0,2,17,38,9,3,260,0,0.9749279121818236,-0.22252093395631434,-1.0,-1.8369701987210297e-16,0.0,1,3.0,1,0.0,1,0.0,1,0.7142857142857143,1.253566341056012,0.0,3.0,0.5,0.6428571428571429,1.223664372838612,0.0,5.0,1.1111111111111112,0,405.43,0.0,0.0,False,False,True,False,False,False,False,False,False,False,False,False,False,False,False,False,False,True,False,False,False,False,False,False,False,False,False,False,False,False,False,False,False,True,False,False
Pakistan,Gaming Laptop,2025-09-18,Electronics,0.0,405.43,,20.0,2.0,0.0,0.0,3,18,38,9,3,261,0,0.43388373911755823,-0.900968867902419,-1.0,-1.8369701987210297e-16,0.0,1,0.0,1,0.0,1,0.0,1,0.2857142857142857,0.7559289460184475,0.0,2.0,0.5,0.6428571428571429,1.223664372838612,0.0,5.0,0.44444444444444436,0,405.43,0.0,0.0,False,False,True,False,False,False,False,False,False,False,False,False,False,False,False,False,False,True,False,False,False,False,False,False,False,False,False,False,False,False,False,False,False,True,False,False
Pakistan,Gaming Laptop,2025-09-19,Electronics,1.0,739.44,0.1,20.0,2.0,1.0,0.0,4,19,38,9,3,262,0,-0.433883739117558,-0.9009688679024191,-1.0,-1.8369701987210297e-16,0.0,1,0.0,1,0.0,1,0.0,1,0.2857142857142857,0.7559289460184475,0.0,2.0,0.5,0.6428571428571429,1.223664372838612,0.0,5.0,0.44444444444444436,1,405.43,334.01000000000005,0.8238413536245469,False,False,True,False,False,False,False,False,False,False,False,False,False,False,False,False,False,True,False,False,False,False,False,False,False,False,False,False,False,False,False,False,False,True,False,False
Pakistan,Gaming Laptop,2025-09-20,Electronics,0.0,739.44,,20.0,2.0,0.0,0.0,5,20,38,9,3,263,1,-0.9749279121818236,-0.2225209339563146,-1.0,-1.8369701987210297e-16,1.0,1,0.0,1,0.0,1,1.0,1,0.42857142857142855,0.7867957924694359,0.0,2.0,0.5714285714285714,0.6785714285714286,1.2187902754164688,0.0,5.0,0.631578947368421,0,739.44,0.0,0.0,False,False,True,False,False,False,False,False,False,False,False,False,False,False,False,False,False,True,False,False,False,False,False,False,False,False,False,False,False,False,False,False,False,True,False,False
Pakistan,Gaming Laptop,2025-09-21,Electronics,2.0,1466.81,0.13,20.0,2.0,1.0,0.0,6,21,38,9,3,264,1,-0.7818314824680299,0.6234898018587334,-1.0,-1.8369701987210297e-16,0.0,1,2.0,1,1.0,1,0.0,1,0.42857142857142855,0.7867957924694359,0.0,2.0,0.5714285714285714,0.6428571428571429,1.223664372838612,0.0,5.0,0.6666666666666666,1,739.44,727.3699999999999,0.9836768365249375,False,False,True,False,False,False,False,False,False,False,False,False,False,False,False,False,False,True,False,False,False,False,False,False,False,False,False,False,False,False,False,False,False,True,False,False
Pakistan,Gaming Laptop,2025-09-22,Electronics,0.0,1466.81,,20.0,2.0,0.0,0.0,0,22,39,9,3,265,0,0.0,1.0,-1.0,-1.8369701987210297e-16,2.0,1,0.0,1,0.0,1,0.0,1,0.42857142857142855,0.7867957924694359,0.0,2.0,0.6428571428571429,0.7142857142857143,1.2429696476477459,0.0,5.0,0.6,0,1466.81,0.0,0.0,False,False,True,False,False,False,False,False,False,False,False,False,False,False,False,False,False,True,False,False,False,False,False,False,False,False,False,False,False,False,False,False,False,True,False,False
Pakistan,Gaming Laptop,2025-09-23,Electronics,0.0,1466.81,,20.0,2.0,0.0,0.0,1,23,39,9,3,266,0,0.7818314824680298,0.6234898018587336,-1.0,-1.8369701987210297e-16,0.0,1,0.0,1,1.0,1,0.0,1,0.42857142857142855,0.7867957924694359,0.0,2.0,0.6428571428571429,0.7142857142857143,1.2429696476477459,0.0,5.0,0.6,0,1466.81,0.0,0.0,False,False,True,False,False,False,False,False,False,False,False,False,False,False,False,False,False,True,False,False,False,False,False,False,False,False,False,False,False,False,False,False,False,True,False,False
Pakistan,Gaming Laptop,2025-09-24,Electronics,0.0,1466.81,,20.0,2.0,0.0,0.0,2,24,39,9,3,267,0,0.9749279121818236,-0.22252093395631434,-1.0,-1.8369701987210297e-16,0.0,1,0.0,1,3.0,1,1.0,1,0.42857142857142855,0.7867957924694359,0.0,2.0,0.5714285714285714,0.7142857142857143,1.2429696476477459,0.0,5.0,0.6,0,1466.81,0.0,0.0,False,False,True,False,False,False,False,False,False,False,False,False,False,False,False,False,False,True,False,False,False,False,False,False,False,False,False,False,False,False,False,False,False,True,False,False
Pakistan,Gaming Laptop,2025-09-25,Electronics,1.0,137.33,0.08,20.0,2.0,1.0,0.0,3,25,39,9,3,268,0,0.43388373911755823,-0.900968867902419,-1.0,-1.8369701987210297e-16,0.0,1,0.0,1,0.0,1,5.0,1,0.42857142857142855,0.7867957924694359,0.0,2.0,0.35714285714285715,0.6785714285714286,1.2488089563755642,0.0,5.0,0.631578947368421,1,1466.81,-1329.48,-0.9063750588010717,False,False,True,False,False,False,False,False,False,False,False,False,False,False,False,False,False,True,False,False,False,False,False,False,False,False,False,False,False,False,False,False,False,True,False,False
Pakistan,Gaming Laptop,2025-09-26,Electronics,0.0,137.33,,20.0,2.0,0.0,0.0,4,26,39,9,3,269,0,-0.433883739117558,-0.9009688679024191,-1.0,-1.8369701987210297e-16,1.0,1,1.0,1,0.0,1,0.0,1,0.5714285714285714,0.7867957924694352,0.0,2.0,0.42857142857142855,0.5357142857142857,0.9222413461394566,0.0,3.0,1.0666666666666667,0,137.33,0.0,0.0,False,False,True,False,False,False,False,False,False,False,False,False,False,False,False,False,False,True,False,False,False,False,False,False,False,False,False,False,False,False,False,False,False,True,False,False
Pakistan,Gaming Laptop,2025-09-27,Electronics,0.0,137.33,,20.0,2.0,0.0,0.0,5,27,39,9,3,270,1,-0.9749279121818236,-0.2225209339563146,-1.0,-1.8369701987210297e-16,0.0,1,0.0,1,0.0,1,1.0,1,0.42857142857142855,0.7867957924694359,0.0,2.0,0.42857142857142855,0.5357142857142857,0.9222413461394566,0.0,3.0,0.7999999999999999,0,137.33,0.0,0.0,False,False,True,False,False,False,False,False,False,False,False,False,False,False,False,False,False,True,False,False,False,False,False,False,False,False,False,False,False,False,False,False,False,True,False,False
Pakistan,Gaming Laptop,2025-09-28,Electronics,0.0,137.33,,20.0,2.0,0.0,0.0,6,28,39,9,3,271,1,-0.7818314824680299,0.6234898018587334,-1.0,-1.8369701987210297e-16,0.0,1,2.0,1,2.0,1,0.0,1,0.42857142857142855,0.7867957924694359,0.0,2.0,0.42857142857142855,0.5,0.9229582069909061,0.0,3.0,0.8571428571428571,0,137.33,0.0,0.0,False,False,True,False,False,False,False,False,False,False,False,False,False,False,False,False,False,True,False,False,False,False,False,False,False,False,False,False,False,False,False,False,False,True,False,False
Pakistan,Gaming Laptop,2025-09-29,Electronics,0.0,137.33,,20.0,2.0,0.0,0.0,0,29,40,9,3,272,0,0.0,1.0,-1.0,-1.8369701987210297e-16,0.0,1,0.0,1,0.0,1,3.0,1,0.14285714285714285,0.3779644730092146,0.0,1.0,0.2857142857142857,0.5,0.9229582069909061,0.0,3.0,0.2857142857142857,0,137.33,0.0,0.0,False,False,True,False,False,False,False,False,False,False,False,False,False,False,False,False,False,True,False,False,False,False,False,False,False,False,False,False,False,False,False,False,False,True,False,False
Pakistan,Gaming Laptop,2025-09-30,Electronics,0.0,137.33,,20.0,2.0,0.0,0.0,1,30,40,9,3,273,0,0.7818314824680298,0.6234898018587336,-1.0,-1.8369701987210297e-16,0.0,1,0.0,1,0.0,1,0.0,1,0.14285714285714285,0.3779644730092146,0.0,1.0,0.2857142857142857,0.39285714285714285,0.7859547491585532,0.0,3.0,0.36363636363636365,0,137.33,0.0,0.0,False,False,True,False,False,False,False,False,False,False,False,False,False,False,False,False,False,True,False,False,False,False,False,False,False,False,False,False,False,False,False,False,False,True,False,False
Pakistan,Gaming Laptop,2025-10-01,Electronics,2.0,542.44,0.08,20.0,2.0,1.0,0.0,2,1,40,10,4,274,0,0.9749279121818236,-0.22252093395631434,-0.8660254037844386,0.5000000000000001,0.0,1,0.0,1,0.0,1,0.0,1,0.14285714285714285,0.3779644730092146,0.0,1.0,0.2857142857142857,0.39285714285714285,0.7859547491585532,0.0,3.0,0.36363636363636365,1,137.33,405.11,2.9499016966431224,False,False,True,False,False,False,False,False,False,False,False,False,False,False,False,False,False,True,False,False,False,False,False,False,False,False,False,False,False,False,False,False,False,True,False,False
Pakistan,Gaming Laptop,2025-10-02,Electronics,0.0,542.44,,20.0,2.0,0.0,0.0,3,2,40,10,4,275,0,0.43388373911755823,-0.900968867902419,-0.8660254037844386,0.5000000000000001,2.0,1,1.0,1,0.0,1,0.0,1,0.42857142857142855,0.7867957924694359,0.0,2.0,0.42857142857142855,0.4642857142857143,0.8380817098475357,0.0,3.0,0.923076923076923,0,542.44,0.0,0.0,False,False,True,False,False,False,False,False,False,False,False,False,False,False,False,False,False,True,False,False,False,False,False,False,False,False,False,False,False,False,False,False,False,True,False,False
Pakistan,Gaming Laptop,2025-10-03,Electronics,0.0,542.44,,20.0,2.0,0.0,0.0,4,3,40,10,4,276,0,-0.433883739117558,-0.9009688679024191,-0.8660254037844386,0.5000000000000001,0.0,1,0.0,1,1.0,1,0.0,1,0.2857142857142857,0.7559289460184475,0.0,2.0,0.42857142857142855,0.4642857142857143,0.8380817098475357,0.0,3.0,0.6153846153846153,0,542.44,0.0,0.0,False,False,True,False,False,False,False,False,False,False,False,False,False,False,False,False,False,True,False,False,False,False,False,False,False,False,False,False,False,False,False,False,False,True,False,False
Pakistan,Gaming Laptop,2025-10-04,Electronics,0.0,542.44,,20.0,2.0,0.0,0.0,5,4,40,10,4,277,1,-0.9749279121818236,-0.2225209339563146,-0.8660254037844386,0.5000000000000001,0.0,1,0.0,1,0.0,1,0.0,1,0.2857142857142857,0.7559289460184475,0.0,2.0,0.35714285714285715,0.4642857142857143,0.8380817098475357,0.0,3.0,0.6153846153846153,0,542.44,0.0,0.0,False,False,True,False,False,False,False,False,False,False,False,False,False,False,False,False,False,True,False,False,False,False,False,False,False,False,False,False,False,False,False,False,False,True,False,False
Pakistan,Gaming Laptop,2025-10-05,Electronics,0.0,542.44,,20.0,2.0,0.0,0.0,6,5,40,10,4,278,1,-0.7818314824680299,0.6234898018587334,-0.8660254037844386,0.5000000000000001,0.0,1,0.0,1,2.0,1,1.0,1,0.2857142857142857,0.7559289460184475,0.0,2.0,0.35714285714285715,0.4642857142857143,0.8380817098475357,0.0,3.0,0.6153846153846153,0,542.44,0.0,0.0,False,False,True,False,False,False,False,False,False,False,False,False,False,False,False,False,False,True,False,False,False,False,False,False,False,False,False,False,False,False,False,False,False,True,False,False
Pakistan,Gaming Laptop,2025-10-06,Electronics,0.0,542.44,,20.0,2.0,0.0,0.0,0,6,41,10,4,279,0,0.0,1.0,-0.8660254037844386,0.5000000000000001,0.0,1,0.0,1,0.0,1,0.0,1,0.2857142857142857,0.7559289460184475,0.0,2.0,0.21428571428571427,0.42857142857142855,0.8357108940373549,0.0,3.0,0.6666666666666666,0,542.44,0.0,0.0,False,False,True,False,False,False,False,False,False,False,False,False,False,False,False,False,False,True,False,False,False,False,False,False,False,False,False,False,False,False,False,False,False,True,False,False
Pakistan,Gaming Laptop,2025-10-07,Electronics,0.0,542.44,,20.0,2.0,0.0,0.0,1,7,41,10,4,280,0,0.7818314824680298,0.6234898018587336,-0.8660254037844386,0.5000000000000001,0.0,1,0.0,1,0.0,1,1.0,1,0.2857142857142857,0.7559289460184475,0.0,2.0,0.21428571428571427,0.42857142857142855,0.8357108940373549,0.0,3.0,0.6666666666666666,0,542.44,0.0,0.0,False,False,True,False,False,False,False,False,False,False,False,False,False,False,False,False,False,True,False,False,False,False,False,False,False,False,False,False,False,False,False,False,False,True,False,False
Pakistan,Gaming Laptop,2025-10-08,Electronics,0.0,542.44,,20.0,2.0,0.0,0.0,2,8,41,10,4,281,0,0.9749279121818236,-0.22252093395631434,-0.8660254037844386,0.5000000000000001,0.0,1,2.0,1,0.0,1,3.0,1,0.2857142857142857,0.7559289460184475,0.0,2.0,0.21428571428571427,0.39285714285714285,0.8317445171439114,0.0,3.0,0.7272727272727273,0,542.44,0.0,0.0,False,False,True,False,False,False,False,False,False,False,False,False,False,False,False,False,False,True,False,False,False,False,False,False,False,False,False,False,False,False,False,False,False,True,False,False
Pakistan,Gaming Laptop,2025-10-09,Electronics,0.0,542.44,,20.0,2.0,0.0,0.0,3,9,41,10,4,282,0,0.43388373911755823,-0.900968867902419,-0.8660254037844386,0.5000000000000001,0.0,1,0.0,1,1.0,1,0.0,1,0.0,0.0,0.0,0.0,0.21428571428571427,0.2857142857142857,0.6586823467062486,0.0,2.0,0.0,0,542.44,0.0,0.0,False,False,True,False,False,False,False,False,False,False,False,False,False,False,False,False,False,True,False,False,False,False,False,False,False,False,False,False,False,False,False,False,False,True,False,False
Pakistan,Gaming Laptop,2025-10-10,Electronics,0.0,542.44,,20.0,2.0,0.0,0.0,4,10,41,10,4,283,0,-0.433883739117558,-0.9009688679024191,-0.8660254037844386,0.5000000000000001,0.0,1,0.0,1,0.0,1,0.0,1,0.0,0.0,0.0,0.0,0.14285714285714285,0.2857142857142857,0.6586823467062486,0.0,2.0,0.0,0,542.44,0.0,0.0,False,False,True,False,False,False,False,False,False,False,False,False,False,False,False,False,False,True,False,False,False,False,False,False,False,False,False,False,False,False,False,False,False,True,False,False
Pakistan,Gaming Laptop,2025-10-11,Electronics,3.0,57.84,0.02,20.0,2.0,1.0,0.0,5,11,41,10,4,284,1,-0.9749279121818236,-0.2225209339563146,-0.8660254037844386,0.5000000000000001,0.0,1,0.0,1,0.0,1,0.0,1,0.0,0.0,0.0,0.0,0.14285714285714285,0.2857142857142857,0.6586823467062486,0.0,2.0,0.0,1,542.44,-484.6,-0.8933706953764471,False,False,True,False,False,False,False,False,False,False,False,False,False,False,False,False,False,True,False,False,False,False,False,False,False,False,False,False,False,False,False,False,False,True,False,False
Pakistan,Gaming Laptop,2025-10-12,Electronics,1.0,1449.8,0.13,20.0,2.0,1.0,0.0,6,12,41,10,4,285,1,-0.7818314824680299,0.6234898018587334,-0.8660254037844386,0.5000000000000001,3.0,1,0.0,1,0.0,1,2.0,1,0.42857142857142855,1.1338934190276766,0.0,3.0,0.35714285714285715,0.39285714285714285,0.8317445171439114,0.0,3.0,1.0909090909090908,1,57.84,1391.96,24.065698478561547,False,False,True,False,False,False,False,False,False,False,False,False,False,False,False,False,False,True,False,False,False,False,False,False,False,False,False,False,False,False,False,False,False,True,False,False
Pakistan,Gaming Laptop,2025-10-13,Electronics,0.0,1449.8,,20.0,2.0,0.0,0.0,0,13,42,10,4,286,0,0.0,1.0,-0.8660254037844386,0.5000000000000001,1.0,1,0.0,1,0.0,1,0.0,1,0.5714285714285714,1.1338934190276762,0.0,3.0,0.42857142857142855,0.35714285714285715,0.7800420555749703,0.0,3.0,1.5999999999999999,0,1449.8,0.0,0.0,False,False,True,False,False,False,False,False,False,False,False,False,False,False,False,False,False,True,False,False,False,False,False,False,False,False,False,False,False,False,False,False,False,True,False,False
Pakistan,Gaming Laptop,2025-10-14,Electronics,0.0,1449.8,,20.0,2.0,0.0,0.0,1,14,42,10,4,287,0,0.7818314824680298,0.6234898018587336,-0.8660254037844386,0.5000000000000001,0.0,1,0.0,1,0.0,1,0.0,1,0.5714285714285714,1.1338934190276762,0.0,3.0,0.42857142857142855,0.35714285714285715,0.7800420555749703,0.0,3.0,1.5999999999999999,0,1449.8,0.0,0.0,False,False,True,False,False,False,False,False,False,False,False,False,False,False,False,False,False,True,False,False,False,False,False,False,False,False,False,False,False,False,False,False,False,True,False,False
Pakistan,Gaming Laptop,2025-10-15,Electronics,0.0,1449.8,,20.0,2.0,0.0,0.0,2,15,42,10,4,288,0,0.9749279121818236,-0.22252093395631434,-0.8660254037844386,0.5000000000000001,0.0,1,0.0,1,2.0,1,0.0,1,0.5714285714285714,1.1338934190276762,0.0,3.0,0.42857142857142855,0.35714285714285715,0.7800420555749703,0.0,3.0,1.5999999999999999,0,1449.8,0.0,0.0,False,False,True,False,False,False,False,False,False,False,False,False,False,False,False,False,False,True,False,False,False,False,False,False,False,False,False,False,False,False,False,False,False,True,False,False
Pakistan,Gaming Laptop,2025-10-16,Electronics,0.0,1449.8,,20.0,2.0,0.0,0.0,3,16,42,10,4,289,0,0.43388373911755823,-0.900968867902419,-0.8660254037844386,0.5000000000000001,0.0,1,0.0,1,0.0,1,0.0,1,0.5714285714285714,1.1338934190276762,0.0,3.0,0.2857142857142857,0.35714285714285715,0.7800420555749703,0.0,3.0,1.5999999999999999,0,1449.8,0.0,0.0,False,False,True,False,False,False,False,False,False,False,False,False,False,False,False,False,False,True,False,False,False,False,False,False,False,False,False,False,False,False,False,False,False,True,False,False
Pakistan,Gaming Laptop,2025-10-17,Electronics,2.0,304.82,0.09,20.0,2.0,1.0,0.0,4,17,42,10,4,290,0,-0.433883739117558,-0.9009688679024191,-0.8660254037844386,0.5000000000000001,0.0,1,0.0,1,0.0,1,1.0,1,0.5714285714285714,1.1338934190276762,0.0,3.0,0.2857142857142857,0.35714285714285715,0.7800420555749703,0.0,3.0,1.5999999999999999,1,1449.8,-1144.98,-0.7897503103876398,False,False,True,False,False,False,False,False,False,False,False,False,False,False,False,False,False,True,False,False,False,False,False,False,False,False,False,False,False,False,False,False,False,True,False,False
Pakistan,Gaming Laptop,2025-10-18,Electronics,0.0,304.82,,20.0,2.0,0.0,0.0,5,18,42,10,4,291,1,-0.9749279121818236,-0.2225209339563146,-0.8660254037844386,0.5000000000000001,2.0,1,3.0,1,0.0,1,0.0,1,0.8571428571428571,1.214985792587906,0.0,3.0,0.42857142857142855,0.39285714285714285,0.8317445171439114,0.0,3.0,2.1818181818181817,0,304.82,0.0,0.0,False,False,True,False,False,False,False,False,False,False,False,False,False,False,False,False,False,True,False,False,False,False,False,False,False,False,False,False,False,False,False,False,False,True,False,False
Pakistan,Gaming Laptop,2025-10-19,Electronics,0.0,304.82,,20.0,2.0,0.0,0.0,6,19,42,10,4,292,1,-0.7818314824680299,0.6234898018587334,-0.8660254037844386,0.5000000000000001,0.0,1,1.0,1,0.0,1,2.0,1,0.42857142857142855,0.786795792469436,0.0,2.0,0.42857142857142855,0.39285714285714285,0.8317445171439114,0.0,3.0,1.0909090909090908,0,304.82,0.0,0.0,False,False,True,False,False,False,False,False,False,False,False,False,False,False,False,False,False,True,False,False,False,False,False,False,False,False,False,False,False,False,False,False,False,True,False,False
Pakistan,Gaming Laptop,2025-10-20,Electronics,0.0,304.82,,20.0,2.0,0.0,0.0,0,20,43,10,4,293,0,0.0,1.0,-0.8660254037844386,0.5000000000000001,0.0,1,0.0,1,0.0,1,0.0,1,0.2857142857142857,0.7559289460184476,0.0,2.0,0.42857142857142855,0.32142857142857145,0.772373514927113,0.0,3.0,0.8888888888888887,0,304.82,0.0,0.0,False,False,True,False,False,False,False,False,False,False,False,False,False,False,False,False,False,True,False,False,False,False,False,False,False,False,False,False,False,False,False,False,False,True,False,False
Pakistan,Gaming Laptop,2025-10-21,Electronics,2.0,1412.25,0.14,20.0,2.0,1.0,0.0,1,21,43,10,4,294,0,0.7818314824680298,0.6234898018587336,-0.8660254037844386,0.5000000000000001,0.0,1,0.0,1,0.0,1,0.0,1,0.2857142857142857,0.7559289460184476,0.0,2.0,0.42857142857142855,0.32142857142857145,0.772373514927113,0.0,3.0,0.8888888888888887,1,304.82,1107.43,3.63306213503051,False,False,True,False,False,False,False,False,False,False,False,False,False,False,False,False,False,True,False,False,False,False,False,False,False,False,False,False,False,False,False,False,False,True,False,False
Pakistan,Gaming Laptop,2025-10-22,Electronics,0.0,1412.25,,20.0,2.0,0.0,0.0,2,22,43,10,4,295,0,0.9749279121818236,-0.22252093395631434,-0.8660254037844386,0.5000000000000001,2.0,1,0.0,1,0.0,1,0.0,1,0.5714285714285714,0.975900072948527,0.0,2.0,0.5714285714285714,0.39285714285714285,0.8317445171439114,0.0,3.0,1.4545454545454546,0,1412.25,0.0,0.0,False,False,True,False,False,False,False,False,False,False,False,False,False,False,False,False,False,True,False,False,False,False,False,False,False,False,False,False,False,False,False,False,False,True,False,False
Pakistan,Gaming Laptop,2025-10-23,Electronics,1.0,1191.3,0.03,20.0,2.0,1.0,0.0,3,23,43,10,4,296,0,0.43388373911755823,-0.900968867902419,-0.8660254037844386,0.5000000000000001,0.0,1,0.0,1,0.0,1,1.0,1,0.5714285714285714,0.975900072948527,0.0,2.0,0.5714285714285714,0.39285714285714285,0.8317445171439114,0.0,3.0,1.4545454545454546,1,1412.25,-220.95000000000005,-0.1564524694636219,False,False,True,False,False,False,False,False,False,False,False,False,False,False,False,False,False,True,False,False,False,False,False,False,False,False,False,False,False,False,False,False,False,True,False,False
Pakistan,Gaming Laptop,2025-10-24,Electronics,0.0,1191.3,,20.0,2.0,0.0,0.0,4,24,43,10,4,297,0,-0.433883739117558,-0.9009688679024191,-0.8660254037844386,0.5000000000000001,1.0,1,2.0,1,0.0,1,0.0,1,0.7142857142857143,0.951189731211335,0.0,2.0,0.6428571428571429,0.39285714285714285,0.8317445171439114,0.0,3.0,1.8181818181818183,0,1191.3,0.0,0.0,False,False,True,False,False,False,False,False,False,False,False,False,False,False,False,False,False,True,False,False,False,False,False,False,False,False,False,False,False,False,False,False,False,True,False,False
Pakistan,Gaming Laptop,2025-10-25,Electronics,0.0,1191.3,,20.0,2.0,0.0,0.0,5,25,43,10,4,298,1,-0.9749279121818236,-0.2225209339563146,-0.8660254037844386,0.5000000000000001,0.0,1,0.0,1,3.0,1,0.0,1,0.42857142857142855,0.786795792469436,0.0,2.0,0.6428571428571429,0.39285714285714285,0.8317445171439114,0.0,3.0,1.0909090909090908,0,1191.3,0.0,0.0,False,False,True,False,False,False,False,False,False,False,False,False,False,False,False,False,False,True,False,False,False,False,False,False,False,False,False,False,False,False,False,False,False,True,False,False
Pakistan,Gaming Laptop,2025-10-26,Electronics,0.0,1191.3,,20.0,2.0,0.0,0.0,6,26,43,10,4,299,1,-0.7818314824680299,0.6234898018587334,-0.8660254037844386,0.5000000000000001,0.0,1,0.0,1,1.0,1,0.0,1,0.42857142857142855,0.786795792469436,0.0,2.0,0.42857142857142855,0.39285714285714285,0.8317445171439114,0.0,3.0,1.0909090909090908,0,1191.3,0.0,0.0,False,False,True,False,False,False,False,False,False,False,False,False,False,False,False,False,False,True,False,False,False,False,False,False,False,False,False,False,False,False,False,False,False,True,False,False
Pakistan,Gaming Laptop,2025-10-27,Electronics,0.0,1191.3,,20.0,2.0,0.0,0.0,0,27,44,10,4,300,0,0.0,1.0,-0.8660254037844386,0.5000000000000001,0.0,1,0.0,1,0.0,1,0.0,1,0.42857142857142855,0.786795792469436,0.0,2.0,0.35714285714285715,0.39285714285714285,0.8317445171439114,0.0,3.0,1.0909090909090908,0,1191.3,0.0,0.0,False,False,True,False,False,False,False,False,False,False,False,False,False,False,False,False,False,True,False,False,False,False,False,False,False,False,False,False,False,False,False,False,False,True,False,False
Pakistan,Gaming Laptop,2025-10-28,Electronics,1.0,890.67,0.13,20.0,2.0,1.0,0.0,1,28,44,10,4,301,0,0.7818314824680298,0.6234898018587336,-0.8660254037844386,0.5000000000000001,0.0,1,2.0,1,0.0,1,0.0,1,0.42857142857142855,0.786795792469436,0.0,2.0,0.35714285714285715,0.39285714285714285,0.8317445171439114,0.0,3.0,1.0909090909090908,1,1191.3,-300.63,-0.25235457063711914,False,False,True,False,False,False,False,False,False,False,False,False,False,False,False,False,False,True,False,False,False,False,False,False,False,False,False,False,False,False,False,False,False,True,False,False
Pakistan,Gaming Laptop,2025-10-29,Electronics,0.0,890.67,,20.0,2.0,0.0,0.0,2,29,44,10,4,302,0,0.9749279121818236,-0.22252093395631434,-0.8660254037844386,0.5000000000000001,1.0,1,0.0,1,0.0,1,2.0,1,0.2857142857142857,0.4879500364742559,0.0,1.0,0.42857142857142855,0.42857142857142855,0.8357108940373549,0.0,3.0,0.6666666666666666,0,890.67,0.0,0.0,False,False,True,False,False,False,False,False,False,False,False,False,False,False,False,False,False,True,False,False,False,False,False,False,False,False,False,False,False,False,False,False,False,True,False,False
Pakistan,Gaming Laptop,2025-10-30,Electronics,0.0,890.67,,20.0,2.0,0.0,0.0,3,30,44,10,4,303,0,0.43388373911755823,-0.900968867902419,-0.8660254037844386,0.5000000000000001,0.0,1,1.0,1,0.0,1,0.0,1,0.2857142857142857,0.4879500364742559,0.0,1.0,0.42857142857142855,0.35714285714285715,0.7800420555749703,0.0,3.0,0.7999999999999999,0,890.67,0.0,0.0,False,False,True,False,False,False,False,False,False,False,False,False,False,False,False,False,False,True,False,False,False,False,False,False,False,False,False,False,False,False,False,False,False,True,False,False
Pakistan,Gaming Laptop,2025-10-31,Electronics,4.0,1033.655,0.15,20.0,2.0,1.0,0.0,4,31,44,10,4,304,0,-0.433883739117558,-0.9009688679024191,-0.8660254037844386,0.5000000000000001,0.0,1,0.0,1,2.0,1,0.0,1,0.14285714285714285,0.3779644730092146,0.0,1.0,0.42857142857142855,0.35714285714285715,0.7800420555749703,0.0,3.0,0.39999999999999997,1,890.67,142.985,0.1605364500881359,False,False,True,False,False,False,False,False,False,False,False,False,False,False,False,False,False,True,False,False,False,False,False,False,False,False,False,False,False,False,False,False,False,True,False,False
Pakistan,Gaming Laptop,2025-11-01,Electronics,5.0,1115.27,0.16,20.0,2.0,1.0,0.0,5,1,44,11,4,305,1,-0.9749279121818236,-0.2225209339563146,-0.5000000000000004,0.8660254037844384,4.0,1,0.0,1,0.0,1,0.0,1,0.7142857142857143,1.496026483086187,0.0,4.0,0.5714285714285714,0.5,1.0363754503432097,0.0,4.0,1.4285714285714286,1,1033.655,81.61500000000001,0.07895767930305567,False,False,True,False,False,False,False,False,False,False,False,False,False,False,False,False,False,True,False,False,False,False,False,False,False,False,False,False,False,False,False,False,False,True,False,False
Pakistan,Gaming Laptop,2025-11-02,Electronics,0.0,1115.27,,20.0,2.0,0.0,0.0,6,2,44,11,4,306,1,-0.7818314824680299,0.6234898018587334,-0.5000000000000004,0.8660254037844384,5.0,1,0.0,1,0.0,1,0.0,1,1.4285714285714286,2.1491969707422354,0.0,5.0,0.9285714285714286,0.6785714285714286,1.334820599086652,0.0,5.0,2.1052631578947367,0,1115.27,0.0,0.0,False,False,True,False,False,False,False,False,False,False,False,False,False,False,False,False,False,True,False,False,False,False,False,False,False,False,False,False,False,False,False,False,False,True,False,False
Pakistan,Gaming Laptop,2025-11-03,Electronics,3.0,937.63,0.21,20.0,2.0,1.0,0.0,0,3,45,11,4,307,0,0.0,1.0,-0.5000000000000004,0.8660254037844384,0.0,1,0.0,1,0.0,1,0.0,1,1.4285714285714286,2.1491969707422354,0.0,5.0,0.9285714285714286,0.6785714285714286,1.334820599086652,0.0,5.0,2.1052631578947367,1,1115.27,-177.64,-0.15927981565002197,False,False,True,False,False,False,False,False,False,False,False,False,False,False,False,False,False,True,False,False,False,False,False,False,False,False,False,False,False,False,False,False,False,True,False,False
Pakistan,Gaming Laptop,2025-11-04,Electronics,0.0,937.63,,20.0,2.0,0.0,0.0,1,4,45,11,4,308,0,0.7818314824680298,0.6234898018587336,-0.5000000000000004,0.8660254037844384,3.0,1,1.0,1,2.0,1,0.0,1,1.8571428571428572,2.1157009420498105,0.0,5.0,1.1428571428571428,0.7857142857142857,1.3972762620115498,0.0,5.0,2.3636363636363638,0,937.63,0.0,0.0,False,False,True,False,False,False,False,False,False,False,False,False,False,False,False,False,False,True,False,False,False,False,False,False,False,False,False,False,False,False,False,False,False,True,False,False
Pakistan,Gaming Laptop,2025-11-05,Electronics,0.0,937.63,,20.0,2.0,0.0,0.0,2,5,45,11,4,309,0,0.9749279121818236,-0.22252093395631434,-0.5000000000000004,0.8660254037844384,0.0,1,0.0,1,0.0,1,0.0,1,1.7142857142857142,2.2146697055682782,0.0,5.0,1.0,0.7857142857142857,1.3972762620115498,0.0,5.0,2.1818181818181817,0,937.63,0.0,0.0,False,False,True,False,False,False,False,False,False,False,False,False,False,False,False,False,False,True,False,False,False,False,False,False,False,False,False,False,False,False,False,False,False,True,False,False
Pakistan,Gaming Laptop,2025-11-06,Electronics,19.0,522.9566666666666,0.28,20.0,2.0,1.0,1.0,3,6,45,11,4,310,0,0.43388373911755823,-0.900968867902419,-0.5000000000000004,0.8660254037844384,0.0,1,0.0,1,1.0,1,0.0,1,1.7142857142857142,2.2146697055682782,0.0,5.0,1.0,0.7857142857142857,1.3972762620115498,0.0,5.0,2.1818181818181817,1,937.63,-414.6733333333334,-0.442256895932653,False,False,True,False,False,False,False,False,False,False,False,False,False,False,False,False,False,True,False,False,False,False,False,False,False,False,False,False,False,False,False,False,False,True,False,False
Pakistan,Gaming Laptop,2025-11-07,Electronics,0.0,522.9566666666666,,20.0,2.0,0.0,0.0,4,7,45,11,4,311,0,-0.433883739117558,-0.9009688679024191,-0.5000000000000004,0.8660254037844384,19.0,1,4.0,1,0.0,1,0.0,1,4.428571428571429,6.754187413675133,0.0,19.0,2.2857142857142856,1.4642857142857142,3.706672090894743,0.0,19.0,3.0243902439024395,0,522.9566666666666,0.0,0.0,False,False,True,False,False,False,False,False,False,False,False,False,False,False,False,False,False,True,False,False,False,False,False,False,False,False,False,False,False,False,False,False,False,True,False,False
Pakistan,Gaming Laptop,2025-11-08,Electronics,6.0,822.365,0.27,20.0,2.0,1.0,0.0,5,8,45,11,4,312,1,-0.9749279121818236,-0.2225209339563146,-0.5000000000000004,0.8660254037844384,0.0,1,5.0,1,0.0,1,3.0,1,3.857142857142857,6.962484504556577,0.0,19.0,2.2857142857142856,1.4642857142857142,3.706672090894743,0.0,19.0,2.6341463414634148,1,522.9566666666666,299.4083333333334,0.5725299100626569,False,False,True,False,False,False,False,False,False,False,False,False,False,False,False,False,False,True,False,False,False,False,False,False,False,False,False,False,False,False,False,False,False,True,False,False
Pakistan,Gaming Laptop,2025-11-09,Electronics,5.0,813.4350000000001,0.26,20.0,2.0,1.0,0.0,6,9,45,11,4,313,1,-0.7818314824680299,0.6234898018587334,-0.5000000000000004,0.8660254037844384,6.0,1,0.0,1,0.0,1,1.0,1,4.0,6.999999999999997,0.0,19.0,2.7142857142857144,1.5714285714285714,3.795012042420474,0.0,19.0,2.5454545454545454,1,822.365,-8.92999999999995,-0.01085892517312866,False,False,True,False,False,False,False,False,False,False,False,False,False,False,False,False,False,True,False,False,False,False,False,False,False,False,False,False,False,False,False,False,False,True,False,False
Pakistan,Gaming Laptop,2025-11-10,Electronics,0.0,813.4350000000001,,20.0,2.0,0.0,0.0,0,10,46,11,4,314,0,0.0,1.0,-0.5000000000000004,0.8660254037844384,5.0,1,3.0,1,0.0,1,0.0,1,4.714285714285714,6.7753052997456775,0.0,19.0,3.0714285714285716,1.7142857142857142,3.8476269055396757,0.0,19.0,2.7500000000000004,0,813.4350000000001,0.0,0.0,False,False,True,False,False,False,False,False,False,False,False,False,False,False,False,False,False,True,False,False,False,False,False,False,False,False,False,False,False,False,False,False,False,True,False,False
Pakistan,Gaming Laptop,2025-11-11,Electronics,13.0,913.59,0.26,20.0,2.0,1.0,1.0,1,11,46,11,4,315,0,0.7818314824680298,0.6234898018587336,-0.5000000000000004,0.8660254037844384,0.0,1,0.0,1,1.0,1,0.0,1,4.285714285714286,6.993193970194296,0.0,19.0,3.0714285714285716,1.7142857142857142,3.8476269055396757,0.0,19.0,2.5,1,813.4350000000001,100.15499999999997,0.12312600269228638,False,False,True,False,False,False,False,False,False,False,False,False,False,False,False,False,False,True,False,False,False,False,False,False,False,False,False,False,False,False,False,False,False,True,False,False
Pakistan,Gaming Laptop,2025-11-12,Electronics,0.0,913.59,,20.0,2.0,0.0,0.0,2,12,46,11,4,316,0,0.9749279121818236,-0.22252093395631434,-0.5000000000000004,0.8660254037844384,13.0,1,0.0,1,0.0,1,0.0,1,6.142857142857143,7.380798769522878,0.0,19.0,3.9285714285714284,2.1785714285714284,4.3805425964318,0.0,19.0,2.8196721311475414,0,913.59,0.0,0.0,False,False,True,False,False,False,False,False,False,False,False,False,False,False,False,False,False,True,False,False,False,False,False,False,False,False,False,False,False,False,False,False,False,True,False,False
Pakistan,Gaming Laptop,2025-11-13,Electronics,0.0,913.59,,20.0,2.0,0.0,0.0,3,13,46,11,4,317,0,0.43388373911755823,-0.900968867902419,-0.5000000000000004,0.8660254037844384,0.0,1,19.0,1,0.0,1,0.0,1,6.142857142857143,7.380798769522878,0.0,19.0,3.9285714285714284,2.1785714285714284,4.3805425964318,0.0,19.0,2.8196721311475414,0,913.59,0.0,0.0,False,False,True,False,False,False,False,False,False,False,False,False,False,False,False,False,False,True,False,False,False,False,False,False,False,False,False,False,False,False,False,False,False,True,False,False
Pakistan,Gaming Laptop,2025-11-14,Electronics,0.0,913.59,,20.0,2.0,0.0,0.0,4,14,46,11,4,318,0,-0.433883739117558,-0.9009688679024191,-0.5000000000000004,0.8660254037844384,0.0,1,0.0,1,4.0,1,2.0,1,3.4285714285714284,4.961758520831862,0.0,13.0,3.9285714285714284,2.1785714285714284,4.3805425964318,0.0,19.0,1.5737704918032787,0,913.59,0.0,0.0,False,False,True,False,False,False,False,False,False,False,False,False,False,False,False,False,False,True,False,False,False,False,False,False,False,False,False,False,False,False,False,False,False,True,False,False
Pakistan,Gaming Laptop,2025-11-15,Electronics,2.0,222.23,0.17,20.0,2.0,1.0,0.0,5,15,46,11,4,319,1,-0.9749279121818236,-0.2225209339563146,-0.5000000000000004,0.8660254037844384,0.0,1,6.0,1,5.0,1,0.0,1,3.4285714285714284,4.961758520831862,0.0,13.0,3.642857142857143,2.107142857142857,4.39982563387069,0.0,19.0,1.6271186440677965,1,913.59,-691.36,-0.7567508400923828,False,False,True,False,False,False,False,False,False,False,False,False,False,False,False,False,False,True,False,False,False,False,False,False,False,False,False,False,False,False,False,False,False,True,False,False
Pakistan,Gaming Laptop,2025-11-16,Electronics,4.0,657.26,0.16,20.0,2.0,1.0,0.0,6,16,46,11,4,320,1,-0.7818314824680299,0.6234898018587334,-0.5000000000000004,0.8660254037844384,2.0,1,5.0,1,0.0,1,0.0,1,2.857142857142857,4.845223470201395,0.0,13.0,3.4285714285714284,2.1785714285714284,4.3805425964318,0.0,19.0,1.3114754098360657,1,222.23,435.03,1.957566485173019,False,False,True,False,False,False,False,False,False,False,False,False,False,False,False,False,False,True,False,False,False,False,False,False,False,False,False,False,False,False,False,False,False,True,False,False
Pakistan,Gaming Laptop,2025-11-17,Electronics,5.0,106.66,0.19,20.0,2.0,1.0,0.0,0,17,47,11,4,321,0,0.0,1.0,-0.5000000000000004,0.8660254037844384,4.0,1,0.0,1,3.0,1,0.0,1,2.7142857142857144,4.78589196542942,0.0,13.0,3.7142857142857144,2.3214285714285716,4.372079524102847,0.0,19.0,1.1692307692307693,1,657.26,-550.6,-0.837720232480297,False,False,True,False,False,False,False,False,False,False,False,False,False,False,False,False,False,True,False,False,False,False,False,False,False,False,False,False,False,False,False,False,False,True,False,False
Pakistan,Gaming Laptop,2025-11-18,Electronics,5.0,179.4,0.24,20.0,2.0,1.0,0.0,1,18,47,11,4,322,0,0.7818314824680298,0.6234898018587336,-0.5000000000000004,0.8660254037844384,5.0,1,13.0,1,0.0,1,2.0,1,3.4285714285714284,4.685336802448776,0.0,13.0,3.857142857142857,2.5,4.375859703892272,0.0,19.0,1.3714285714285714,1,106.66,72.74000000000001,0.681980123757735,False,False,True,False,False,False,False,False,False,False,False,False,False,False,False,False,False,True,False,False,False,False,False,False,False,False,False,False,False,False,False,False,False,True,False,False
Pakistan,Gaming Laptop,2025-11-19,Electronics,0.0,179.4,,20.0,2.0,0.0,0.0,2,19,47,11,4,323,0,0.9749279121818236,-0.22252093395631434,-0.5000000000000004,0.8660254037844384,5.0,1,0.0,1,0.0,1,0.0,1,2.2857142857142856,2.3603873774083253,0.0,5.0,4.214285714285714,2.607142857142857,4.39982563387069,0.0,19.0,0.8767123287671232,0,179.4,0.0,0.0,False,False,True,False,False,False,False,False,False,False,False,False,False,False,False,False,False,True,False,False,False,False,False,False,False,False,False,False,False,False,False,False,False,True,False,False
Pakistan,Gaming Laptop,2025-11-20,Electronics,5.0,533.915,0.25,20.0,2.0,1.0,0.0,3,20,47,11,4,324,0,0.43388373911755823,-0.900968867902419,-0.5000000000000004,0.8660254037844384,0.0,1,0.0,1,19.0,1,1.0,1,2.2857142857142856,2.3603873774083253,0.0,5.0,4.214285714285714,2.607142857142857,4.39982563387069,0.0,19.0,0.8767123287671232,1,179.4,354.515,1.9761148272017837,False,False,True,False,False,False,False,False,False,False,False,False,False,False,False,False,False,True,False,False,False,False,False,False,False,False,False,False,False,False,False,False,False,True,False,False
Pakistan,Gaming Laptop,2025-11-21,Electronics,7.0,1025.065,0.29,20.0,2.0,1.0,1.0,4,21,47,11,4,325,0,-0.433883739117558,-0.9009688679024191,-0.5000000000000004,0.8660254037844384,5.0,1,0.0,1,0.0,1,0.0,1,3.0,2.3094010767584976,0.0,5.0,3.2142857142857144,2.75,4.410635294796399,0.0,19.0,1.0909090909090908,1,533.915,491.1500000000001,0.9199029808115526,False,False,True,False,False,False,False,False,False,False,False,False,False,False,False,False,False,True,False,False,False,False,False,False,False,False,False,False,False,False,False,False,False,True,False,False
Pakistan,Gaming Laptop,2025-11-22,Electronics,0.0,1025.065,,20.0,2.0,0.0,0.0,5,22,47,11,4,326,1,-0.9749279121818236,-0.2225209339563146,-0.5000000000000004,0.8660254037844384,7.0,1,2.0,1,6.0,1,0.0,1,4.0,2.309401076758496,0.0,7.0,3.7142857142857144,3.0,4.4472213547087796,0.0,19.0,1.3333333333333333,0,1025.065,0.0,0.0,False,False,True,False,False,False,False,False,False,False,False,False,False,False,False,False,False,True,False,False,False,False,False,False,False,False,False,False,False,False,False,False,False,True,False,False
Pakistan,Gaming Laptop,2025-11-23,Electronics,8.0,992.185,0.29,20.0,2.0,1.0,1.0,6,23,47,11,4,327,1,-0.7818314824680299,0.6234898018587334,-0.5000000000000004,0.8660254037844384,0.0,1,4.0,1,5.0,1,0.0,1,3.7142857142857144,2.6903708365381913,0.0,7.0,3.2857142857142856,3.0,4.4472213547087796,0.0,19.0,1.2380952380952381,1,1025.065,-32.88000000000011,-0.03207601469175136,False,False,True,False,False,False,False,False,False,False,False,False,False,False,False,False,False,True,False,False,False,False,False,False,False,False,False,False,False,False,False,False,False,True,False,False
Pakistan,Gaming Laptop,2025-11-24,Electronics,2.0,1287.96,0.2,20.0,2.0,1.0,0.0,0,24,48,11,4,328,0,0.0,1.0,-0.5000000000000004,0.8660254037844384,8.0,1,5.0,1,0.0,1,0.0,1,4.285714285714286,3.1471831698777675,0.0,8.0,3.5,3.2857142857142856,4.503966505838414,0.0,19.0,1.3043478260869565,1,992.185,295.7750000000001,0.298104688137797,False,False,True,False,False,False,False,False,False,False,False,False,False,False,False,False,False,True,False,False,False,False,False,False,False,False,False,False,False,False,False,False,False,True,False,False
Pakistan,Gaming Laptop,2025-11-25,Electronics,3.0,1401.81,0.28,20.0,2.0,1.0,0.0,1,25,48,11,4,329,0,0.7818314824680298,0.6234898018587336,-0.5000000000000004,0.8660254037844384,2.0,1,5.0,1,13.0,1,1.0,1,3.857142857142857,3.2366943748507433,0.0,8.0,3.642857142857143,3.357142857142857,4.465624137990003,0.0,19.0,1.148936170212766,1,1287.96,113.84999999999991,0.08839560234789894,False,False,True,False,False,False,False,False,False,False,False,False,False,False,False,False,False,True,False,False,False,False,False,False,False,False,False,False,False,False,False,False,False,True,False,False
