store_id,product_id,date,category,sales,price,Discount_Applied,safety_stock,lead_time_days,promotion,is_outlier,day_of_week,day_of_month,week_of_year,month,quarter,day_of_year,is_weekend,sin_day_of_week,cos_day_of_week,sin_month,cos_month,lag_1,has_lag_1,lag_7,has_lag_7,lag_14,has_lag_14,lag_28,has_lag_28,rolling_mean_7,rolling_std_7,rolling_min_7,rolling_max_7,rolling_mean_14,rolling_mean_28,rolling_std_28,rolling_min_28,rolling_max_28,trend_ratio,is_promotion,previous_price,price_change,price_change_pct,store_id_Germany,store_id_India,store_id_Pakistan,store_id_UAE,store_id_UK,store_id_USA,product_id_4K Smart TV,product_id_Air Fryer,product_id_Blender,product_id_Coffee Maker,product_id_Cotton T-Shirt,product_id_Cycling Helmet,product_id_Denim Jeans,product_id_Dumbbell Set,product_id_Face Wash,product_id_Football,product_id_Formal Shirt,product_id_Gaming Laptop,product_id_Hair Serum,product_id_Lipstick Set,product_id_Microwave Oven,product_id_Moisturizing Cream,product_id_Perfume,product_id_Running Shoes,product_id_Smartphone 128GB,product_id_Smartwatch,product_id_Tennis Racket,product_id_Vacuum Cleaner,product_id_Winter Jacket,product_id_Wireless Noise-Canceling Headphones,product_id_Yoga Mat,category_Apparel,category_Beauty,category_Electronics,category_Home & Kitchen,category_Sports
India,Vacuum Cleaner,2025-05-23,Home & Kitchen,0.0,156.69,,20.0,2.0,0.0,0.0,4,23,21,5,2,143,0,-0.433883739117558,-0.9009688679024191,0.49999999999999994,-0.8660254037844387,0.0,1,0.0,1,0.0,1,0.0,1,0.0,0.0,0.0,0.0,0.21428571428571427,0.17857142857142858,0.6696362433535836,0.0,3.0,0.0,0,156.69,0.0,0.0,False,True,False,False,False,False,False,False,False,False,False,False,False,False,False,False,False,False,False,False,False,False,False,False,False,False,False,True,False,False,False,False,False,False,True,False
India,Vacuum Cleaner,2025-05-24,Home & Kitchen,0.0,156.69,,20.0,2.0,0.0,0.0,5,24,21,5,2,144,1,-0.9749279121818236,-0.2225209339563146,0.49999999999999994,-0.8660254037844387,0.0,1,0.0,1,0.0,1,0.0,1,0.0,0.0,0.0,0.0,0.21428571428571427,0.17857142857142858,0.6696362433535836,0.0,3.0,0.0,0,156.69,0.0,0.0,False,True,False,False,False,False,False,False,False,False,False,False,False,False,False,False,False,False,False,False,False,False,False,False,False,False,False,True,False,False,False,False,False,False,True,False
India,Vacuum Cleaner,2025-05-25,Home & Kitchen,3.0,240.21,0.1,20.0,2.0,1.0,0.0,6,25,21,5,2,145,1,-0.7818314824680299,0.6234898018587334,0.49999999999999994,-0.8660254037844387,0.0,1,0.0,1,0.0,1,0.0,1,0.0,0.0,0.0,0.0,0.21428571428571427,0.17857142857142858,0.6696362433535836,0.0,3.0,0.0,1,156.69,83.52000000000001,0.5330269959793223,False,True,False,False,False,False,False,False,False,False,False,False,False,False,False,False,False,False,False,False,False,False,False,False,False,False,False,True,False,False,False,False,False,False,True,False
India,Vacuum Cleaner,2025-05-26,Home & Kitchen,0.0,240.21,,20.0,2.0,0.0,0.0,0,26,22,5,2,146,0,0.0,1.0,0.49999999999999994,-0.8660254037844387,3.0,1,0.0,1,0.0,1,0.0,1,0.42857142857142855,1.1338934190276801,0.0,3.0,0.42857142857142855,0.2857142857142857,0.8544932592822084,0.0,3.0,1.5,0,240.21,0.0,0.0,False,True,False,False,False,False,False,False,False,False,False,False,False,False,False,False,False,False,False,False,False,False,False,False,False,False,False,True,False,False,False,False,False,False,True,False
India,Vacuum Cleaner,2025-05-27,Home & Kitchen,0.0,240.21,,20.0,2.0,0.0,0.0,1,27,22,5,2,147,0,0.7818314824680298,0.6234898018587336,0.49999999999999994,-0.8660254037844387,0.0,1,0.0,1,0.0,1,0.0,1,0.42857142857142855,1.1338934190276801,0.0,3.0,0.42857142857142855,0.2857142857142857,0.8544932592822084,0.0,3.0,1.5,0,240.21,0.0,0.0,False,True,False,False,False,False,False,False,False,False,False,False,False,False,False,False,False,False,False,False,False,False,False,False,False,False,False,True,False,False,False,False,False,False,True,False
India,Vacuum Cleaner,2025-05-28,Home & Kitchen,0.0,240.21,,20.0,2.0,0.0,0.0,2,28,22,5,2,148,0,0.9749279121818236,-0.22252093395631434,0.49999999999999994,-0.8660254037844387,0.0,1,0.0,1,0.0,1,0.0,1,0.42857142857142855,1.1338934190276801,0.0,3.0,0.42857142857142855,0.2857142857142857,0.8544932592822084,0.0,3.0,1.5,0,240.21,0.0,0.0,False,True,False,False,False,False,False,False,False,False,False,False,False,False,False,False,False,False,False,False,False,False,False,False,False,False,False,True,False,False,False,False,False,False,True,False
India,Vacuum Cleaner,2025-05-29,Home & Kitchen,0.0,240.21,,20.0,2.0,0.0,0.0,3,29,22,5,2,149,0,0.43388373911755823,-0.900968867902419,0.49999999999999994,-0.8660254037844387,0.0,1,0.0,1,3.0,1,0.0,1,0.42857142857142855,1.1338934190276801,0.0,3.0,0.42857142857142855,0.2857142857142857,0.8544932592822084,0.0,3.0,1.5,0,240.21,0.0,0.0,False,True,False,False,False,False,False,False,False,False,False,False,False,False,False,False,False,False,False,False,False,False,False,False,False,False,False,True,False,False,False,False,False,False,True,False
India,Vacuum Cleaner,2025-05-30,Home & Kitchen,0.0,240.21,,20.0,2.0,0.0,0.0,4,30,22,5,2,150,0,-0.433883739117558,-0.9009688679024191,0.49999999999999994,-0.8660254037844387,0.0,1,0.0,1,0.0,1,0.0,1,0.42857142857142855,1.1338934190276801,0.0,3.0,0.21428571428571427,0.2857142857142857,0.8544932592822084,0.0,3.0,1.5,0,240.21,0.0,0.0,False,True,False,False,False,False,False,False,False,False,False,False,False,False,False,False,False,False,False,False,False,False,False,False,False,False,False,True,False,False,False,False,False,False,True,False
India,Vacuum Cleaner,2025-05-31,Home & Kitchen,0.0,240.21,,20.0,2.0,0.0,0.0,5,31,22,5,2,151,1,-0.9749279121818236,-0.2225209339563146,0.49999999999999994,-0.8660254037844387,0.0,1,0.0,1,0.0,1,0.0,1,0.42857142857142855,1.1338934190276801,0.0,3.0,0.21428571428571427,0.2857142857142857,0.8544932592822084,0.0,3.0,1.5,0,240.21,0.0,0.0,False,True,False,False,False,False,False,False,False,False,False,False,False,False,False,False,False,False,False,False,False,False,False,False,False,False,False,True,False,False,False,False,False,False,True,False
India,Vacuum Cleaner,2025-06-01,Home & Kitchen,0.0,240.21,,20.0,2.0,0.0,0.0,6,1,22,6,2,152,1,-0.7818314824680299,0.6234898018587334,1.2246467991473532e-16,-1.0,0.0,1,3.0,1,0.0,1,2.0,1,0.42857142857142855,1.1338934190276801,0.0,3.0,0.21428571428571427,0.2857142857142857,0.8544932592822084,0.0,3.0,1.5,0,240.21,0.0,0.0,False,True,False,False,False,False,False,False,False,False,False,False,False,False,False,False,False,False,False,False,False,False,False,False,False,False,False,True,False,False,False,False,False,False,True,False
India,Vacuum Cleaner,2025-06-02,Home & Kitchen,1.0,134.21,0.06,20.0,2.0,1.0,0.0,0,2,23,6,2,153,0,0.0,1.0,1.2246467991473532e-16,-1.0,0.0,1,0.0,1,0.0,1,0.0,1,0.0,0.0,0.0,0.0,0.21428571428571427,0.21428571428571427,0.786795792469444,0.0,3.0,0.0,1,240.21,-106.0,-0.4412805461887515,False,True,False,False,False,False,False,False,False,False,False,False,False,False,False,False,False,False,False,False,False,False,False,False,False,False,False,True,False,False,False,False,False,False,True,False
India,Vacuum Cleaner,2025-06-03,Home & Kitchen,0.0,134.21,,20.0,2.0,0.0,0.0,1,3,23,6,2,154,0,0.7818314824680298,0.6234898018587336,1.2246467991473532e-16,-1.0,1.0,1,0.0,1,0.0,1,0.0,1,0.14285714285714285,0.3779644730092234,0.0,1.0,0.2857142857142857,0.25,0.799305253885454,0.0,3.0,0.5714285714285714,0,134.21,0.0,0.0,False,True,False,False,False,False,False,False,False,False,False,False,False,False,False,False,False,False,False,False,False,False,False,False,False,False,False,True,False,False,False,False,False,False,True,False
India,Vacuum Cleaner,2025-06-04,Home & Kitchen,0.0,134.21,,20.0,2.0,0.0,0.0,2,4,23,6,2,155,0,0.9749279121818236,-0.22252093395631434,1.2246467991473532e-16,-1.0,0.0,1,0.0,1,0.0,1,0.0,1,0.14285714285714285,0.3779644730092234,0.0,1.0,0.2857142857142857,0.25,0.799305253885454,0.0,3.0,0.5714285714285714,0,134.21,0.0,0.0,False,True,False,False,False,False,False,False,False,False,False,False,False,False,False,False,False,False,False,False,False,False,False,False,False,False,False,True,False,False,False,False,False,False,True,False
India,Vacuum Cleaner,2025-06-05,Home & Kitchen,0.0,134.21,,20.0,2.0,0.0,0.0,3,5,23,6,2,156,0,0.43388373911755823,-0.900968867902419,1.2246467991473532e-16,-1.0,0.0,1,0.0,1,0.0,1,0.0,1,0.14285714285714285,0.3779644730092234,0.0,1.0,0.2857142857142857,0.25,0.799305253885454,0.0,3.0,0.5714285714285714,0,134.21,0.0,0.0,False,True,False,False,False,False,False,False,False,False,False,False,False,False,False,False,False,False,False,False,False,False,False,False,False,False,False,True,False,False,False,False,False,False,True,False
India,Vacuum Cleaner,2025-06-06,Home & Kitchen,1.0,91.68,0.09,20.0,2.0,1.0,0.0,4,6,23,6,2,157,0,-0.433883739117558,-0.9009688679024191,1.2246467991473532e-16,-1.0,0.0,1,0.0,1,0.0,1,0.0,1,0.14285714285714285,0.3779644730092234,0.0,1.0,0.2857142857142857,0.25,0.799305253885454,0.0,3.0,0.5714285714285714,1,134.21,-42.53,-0.316891438789956,False,True,False,False,False,False,False,False,False,False,False,False,False,False,False,False,False,False,False,False,False,False,False,False,False,False,False,True,False,False,False,False,False,False,True,False
India,Vacuum Cleaner,2025-06-07,Home & Kitchen,2.0,296.09,0.14,20.0,2.0,1.0,0.0,5,7,23,6,2,158,1,-0.9749279121818236,-0.2225209339563146,1.2246467991473532e-16,-1.0,1.0,1,0.0,1,0.0,1,0.0,1,0.2857142857142857,0.48795003647426344,0.0,1.0,0.35714285714285715,0.2857142857142857,0.8099905283919421,0.0,3.0,1.0,1,91.68,204.40999999999997,2.229602966841186,False,True,False,False,False,False,False,False,False,False,False,False,False,False,False,False,False,False,False,False,False,False,False,False,False,False,False,True,False,False,False,False,False,False,True,False
India,Vacuum Cleaner,2025-06-08,Home & Kitchen,0.0,296.09,,20.0,2.0,0.0,0.0,6,8,23,6,2,159,1,-0.7818314824680299,0.6234898018587334,1.2246467991473532e-16,-1.0,2.0,1,0.0,1,3.0,1,0.0,1,0.5714285714285714,0.7867957924694409,0.0,2.0,0.5,0.35714285714285715,0.8698354767504933,0.0,3.0,1.5999999999999999,0,296.09,0.0,0.0,False,True,False,False,False,False,False,False,False,False,False,False,False,False,False,False,False,False,False,False,False,False,False,False,False,False,False,True,False,False,False,False,False,False,True,False
India,Vacuum Cleaner,2025-06-09,Home & Kitchen,0.0,296.09,,20.0,2.0,0.0,0.0,0,9,24,6,2,160,0,0.0,1.0,1.2246467991473532e-16,-1.0,0.0,1,1.0,1,0.0,1,0.0,1,0.5714285714285714,0.7867957924694409,0.0,2.0,0.2857142857142857,0.35714285714285715,0.8698354767504933,0.0,3.0,1.5999999999999999,0,296.09,0.0,0.0,False,True,False,False,False,False,False,False,False,False,False,False,False,False,False,False,False,False,False,False,False,False,False,False,False,False,False,True,False,False,False,False,False,False,True,False
India,Vacuum Cleaner,2025-06-10,Home & Kitchen,0.0,296.09,,20.0,2.0,0.0,0.0,1,10,24,6,2,161,0,0.7818314824680298,0.6234898018587336,1.2246467991473532e-16,-1.0,0.0,1,0.0,1,0.0,1,0.0,1,0.42857142857142855,0.7867957924694411,0.0,2.0,0.2857142857142857,0.35714285714285715,0.8698354767504933,0.0,3.0,1.2,0,296.09,0.0,0.0,False,True,False,False,False,False,False,False,False,False,False,False,False,False,False,False,False,False,False,False,False,False,False,False,False,False,False,True,False,False,False,False,False,False,True,False
India,Vacuum Cleaner,2025-06-11,Home & Kitchen,0.0,296.09,,20.0,2.0,0.0,0.0,2,11,24,6,2,162,0,0.9749279121818236,-0.22252093395631434,1.2246467991473532e-16,-1.0,0.0,1,0.0,1,0.0,1,0.0,1,0.42857142857142855,0.7867957924694411,0.0,2.0,0.2857142857142857,0.35714285714285715,0.8698354767504933,0.0,3.0,1.2,0,296.09,0.0,0.0,False,True,False,False,False,False,False,False,False,False,False,False,False,False,False,False,False,False,False,False,False,False,False,False,False,False,False,True,False,False,False,False,False,False,True,False
India,Vacuum Cleaner,2025-06-12,Home & Kitchen,0.0,296.09,,20.0,2.0,0.0,0.0,3,12,24,6,2,163,0,0.43388373911755823,-0.900968867902419,1.2246467991473532e-16,-1.0,0.0,1,0.0,1,0.0,1,3.0,1,0.42857142857142855,0.7867957924694411,0.0,2.0,0.2857142857142857,0.35714285714285715,0.8698354767504933,0.0,3.0,1.2,0,296.09,0.0,0.0,False,True,False,False,False,False,False,False,False,False,False,False,False,False,False,False,False,False,False,False,False,False,False,False,False,False,False,True,False,False,False,False,False,False,True,False
India,Vacuum Cleaner,2025-06-13,Home & Kitchen,0.0,296.09,,20.0,2.0,0.0,0.0,4,13,24,6,2,164,0,-0.433883739117558,-0.9009688679024191,1.2246467991473532e-16,-1.0,0.0,1,1.0,1,0.0,1,0.0,1,0.42857142857142855,0.7867957924694411,0.0,2.0,0.2857142857142857,0.25,0.700528900717695,0.0,3.0,1.7142857142857142,0,296.09,0.0,0.0,False,True,False,False,False,False,False,False,False,False,False,False,False,False,False,False,False,False,False,False,False,False,False,False,False,False,False,True,False,False,False,False,False,False,True,False
India,Vacuum Cleaner,2025-06-14,Home & Kitchen,2.0,161.86,0.11,20.0,2.0,1.0,0.0,5,14,24,6,2,165,1,-0.9749279121818236,-0.2225209339563146,1.2246467991473532e-16,-1.0,0.0,1,2.0,1,0.0,1,0.0,1,0.2857142857142857,0.7559289460184524,0.0,2.0,0.2857142857142857,0.25,0.700528900717695,0.0,3.0,1.1428571428571428,1,296.09,-134.22999999999996,-0.45334188929041835,False,True,False,False,False,False,False,False,False,False,False,False,False,False,False,False,False,False,False,False,False,False,False,False,False,False,False,True,False,False,False,False,False,False,True,False
India,Vacuum Cleaner,2025-06-15,Home & Kitchen,0.0,161.86,,20.0,2.0,0.0,0.0,6,15,24,6,2,166,1,-0.7818314824680299,0.6234898018587334,1.2246467991473532e-16,-1.0,2.0,1,0.0,1,0.0,1,0.0,1,0.2857142857142857,0.7559289460184524,0.0,2.0,0.42857142857142855,0.32142857142857145,0.772373514927103,0.0,3.0,0.8888888888888887,0,161.86,0.0,0.0,False,True,False,False,False,False,False,False,False,False,False,False,False,False,False,False,False,False,False,False,False,False,False,False,False,False,False,True,False,False,False,False,False,False,True,False
India,Vacuum Cleaner,2025-06-16,Home & Kitchen,3.0,250.13,0.11,20.0,2.0,1.0,0.0,0,16,25,6,2,167,0,0.0,1.0,1.2246467991473532e-16,-1.0,0.0,1,0.0,1,1.0,1,0.0,1,0.2857142857142857,0.7559289460184524,0.0,2.0,0.42857142857142855,0.32142857142857145,0.772373514927103,0.0,3.0,0.8888888888888887,1,161.86,88.26999999999998,0.5453478314592857,False,True,False,False,False,False,False,False,False,False,False,False,False,False,False,False,False,False,False,False,False,False,False,False,False,False,False,True,False,False,False,False,False,False,True,False
India,Vacuum Cleaner,2025-06-17,Home & Kitchen,2.0,124.9,0.07,20.0,2.0,1.0,0.0,1,17,25,6,2,168,0,0.7818314824680298,0.6234898018587336,1.2246467991473532e-16,-1.0,3.0,1,0.0,1,0.0,1,0.0,1,0.7142857142857143,1.2535663410560158,0.0,3.0,0.5714285714285714,0.42857142857142855,0.920087412456473,0.0,3.0,1.6666666666666667,1,250.13,-125.22999999999999,-0.5006596569783712,False,True,False,False,False,False,False,False,False,False,False,False,False,False,False,False,False,False,False,False,False,False,False,False,False,False,False,True,False,False,False,False,False,False,True,False
India,Vacuum Cleaner,2025-06-18,Home & Kitchen,3.0,94.34,0.12,20.0,2.0,1.0,0.0,2,18,25,6,2,169,0,0.9749279121818236,-0.22252093395631434,1.2246467991473532e-16,-1.0,2.0,1,0.0,1,0.0,1,0.0,1,1.0,1.290994448735804,0.0,3.0,0.7142857142857143,0.5,0.9622504486493769,0.0,3.0,2.0,1,124.9,-30.560000000000002,-0.244675740592474,False,True,False,False,False,False,False,False,False,False,False,False,False,False,False,False,False,False,False,False,False,False,False,False,False,False,False,True,False,False,False,False,False,False,True,False
India,Vacuum Cleaner,2025-06-19,Home & Kitchen,0.0,94.34,,20.0,2.0,0.0,0.0,3,19,25,6,2,170,0,0.43388373911755823,-0.900968867902419,1.2246467991473532e-16,-1.0,3.0,1,0.0,1,0.0,1,0.0,1,1.4285714285714286,1.3972762620115418,0.0,3.0,0.9285714285714286,0.6071428571428571,1.065947177979935,0.0,3.0,2.3529411764705883,0,94.34,0.0,0.0,False,True,False,False,False,False,False,False,False,False,False,False,False,False,False,False,False,False,False,False,False,False,False,False,False,False,False,True,False,False,False,False,False,False,True,False
India,Vacuum Cleaner,2025-06-20,Home & Kitchen,0.0,94.34,,20.0,2.0,0.0,0.0,4,20,25,6,2,171,0,-0.433883739117558,-0.9009688679024191,1.2246467991473532e-16,-1.0,0.0,1,0.0,1,1.0,1,0.0,1,1.4285714285714286,1.3972762620115418,0.0,3.0,0.9285714285714286,0.6071428571428571,1.065947177979935,0.0,3.0,2.3529411764705883,0,94.34,0.0,0.0,False,True,False,False,False,False,False,False,False,False,False,False,False,False,False,False,False,False,False,False,False,False,False,False,False,False,False,True,False,False,False,False,False,False,True,False
India,Vacuum Cleaner,2025-06-21,Home & Kitchen,0.0,94.34,,20.0,2.0,0.0,0.0,5,21,25,6,2,172,1,-0.9749279121818236,-0.2225209339563146,1.2246467991473532e-16,-1.0,0.0,1,2.0,1,2.0,1,0.0,1,1.4285714285714286,1.3972762620115418,0.0,3.0,0.8571428571428571,0.6071428571428571,1.065947177979935,0.0,3.0,2.3529411764705883,0,94.34,0.0,0.0,False,True,False,False,False,False,False,False,False,False,False,False,False,False,False,False,False,False,False,False,False,False,False,False,False,False,False,True,False,False,False,False,False,False,True,False
India,Vacuum Cleaner,2025-06-22,Home & Kitchen,2.0,164.92,0.03,20.0,2.0,1.0,0.0,6,22,25,6,2,173,1,-0.7818314824680299,0.6234898018587334,1.2246467991473532e-16,-1.0,0.0,1,0.0,1,0.0,1,3.0,1,1.1428571428571428,1.463850109422798,0.0,3.0,0.7142857142857143,0.6071428571428571,1.065947177979935,0.0,3.0,1.8823529411764706,1,94.34,70.57999999999998,0.7481450074199701,False,True,False,False,False,False,False,False,False,False,False,False,False,False,False,False,False,False,False,False,False,False,False,False,False,False,False,True,False,False,False,False,False,False,True,False
India,Vacuum Cleaner,2025-06-23,Home & Kitchen,0.0,164.92,,20.0,2.0,0.0,0.0,0,23,26,6,2,174,0,0.0,1.0,1.2246467991473532e-16,-1.0,2.0,1,3.0,1,0.0,1,0.0,1,1.4285714285714286,1.3972762620115418,0.0,3.0,0.8571428571428571,0.5714285714285714,0.9973509887241281,0.0,3.0,2.5,0,164.92,0.0,0.0,False,True,False,False,False,False,False,False,False,False,False,False,False,False,False,False,False,False,False,False,False,False,False,False,False,False,False,True,False,False,False,False,False,False,True,False
India,Vacuum Cleaner,2025-06-24,Home & Kitchen,1.0,242.57,0.12,20.0,2.0,1.0,0.0,1,24,26,6,2,175,0,0.7818314824680298,0.6234898018587336,1.2246467991473532e-16,-1.0,0.0,1,2.0,1,0.0,1,0.0,1,1.0,1.2909944487358036,0.0,3.0,0.8571428571428571,0.5714285714285714,0.9973509887241281,0.0,3.0,1.75,1,164.92,77.65,0.470834343924327,False,True,False,False,False,False,False,False,False,False,False,False,False,False,False,False,False,False,False,False,False,False,False,False,False,False,False,True,False,False,False,False,False,False,True,False
India,Vacuum Cleaner,2025-06-25,Home & Kitchen,0.0,242.57,,20.0,2.0,0.0,0.0,2,25,26,6,2,176,0,0.9749279121818236,-0.22252093395631434,1.2246467991473532e-16,-1.0,1.0,1,3.0,1,0.0,1,0.0,1,0.8571428571428571,1.2149857925879097,0.0,3.0,0.9285714285714286,0.6071428571428571,0.9940297973880056,0.0,3.0,1.411764705882353,0,242.57,0.0,0.0,False,True,False,False,False,False,False,False,False,False,False,False,False,False,False,False,False,False,False,False,False,False,False,False,False,False,False,True,False,False,False,False,False,False,True,False
India,Vacuum Cleaner,2025-06-26,Home & Kitchen,0.0,242.57,,20.0,2.0,0.0,0.0,3,26,26,6,2,177,0,0.43388373911755823,-0.900968867902419,1.2246467991473532e-16,-1.0,0.0,1,0.0,1,0.0,1,0.0,1,0.42857142857142855,0.7867957924694403,0.0,2.0,0.9285714285714286,0.6071428571428571,0.9940297973880056,0.0,3.0,0.7058823529411765,0,242.57,0.0,0.0,False,True,False,False,False,False,False,False,False,False,False,False,False,False,False,False,False,False,False,False,False,False,False,False,False,False,False,True,False,False,False,False,False,False,True,False
India,Vacuum Cleaner,2025-06-27,Home & Kitchen,0.0,242.57,,20.0,2.0,0.0,0.0,4,27,26,6,2,178,0,-0.433883739117558,-0.9009688679024191,1.2246467991473532e-16,-1.0,0.0,1,0.0,1,0.0,1,0.0,1,0.42857142857142855,0.7867957924694403,0.0,2.0,0.9285714285714286,0.6071428571428571,0.9940297973880056,0.0,3.0,0.7058823529411765,0,242.57,0.0,0.0,False,True,False,False,False,False,False,False,False,False,False,False,False,False,False,False,False,False,False,False,False,False,False,False,False,False,False,True,False,False,False,False,False,False,True,False
India,Vacuum Cleaner,2025-06-28,Home & Kitchen,2.0,162.19,0.01,20.0,2.0,1.0,0.0,5,28,26,6,2,179,1,-0.9749279121818236,-0.2225209339563146,1.2246467991473532e-16,-1.0,0.0,1,0.0,1,2.0,1,0.0,1,0.42857142857142855,0.7867957924694403,0.0,2.0,0.9285714285714286,0.6071428571428571,0.9940297973880056,0.0,3.0,0.7058823529411765,1,242.57,-80.38,-0.3313682648307705,False,True,False,False,False,False,False,False,False,False,False,False,False,False,False,False,False,False,False,False,False,False,False,False,False,False,False,True,False,False,False,False,False,False,True,False
India,Vacuum Cleaner,2025-06-29,Home & Kitchen,0.0,162.19,,20.0,2.0,0.0,0.0,6,29,26,6,2,180,1,-0.7818314824680299,0.6234898018587334,1.2246467991473532e-16,-1.0,2.0,1,2.0,1,0.0,1,0.0,1,0.7142857142857143,0.9511897312113394,0.0,2.0,0.9285714285714286,0.6785714285714286,1.0202966681339758,0.0,3.0,1.0526315789473684,0,162.19,0.0,0.0,False,True,False,False,False,False,False,False,False,False,False,False,False,False,False,False,False,False,False,False,False,False,False,False,False,False,False,True,False,False,False,False,False,False,True,False
India,Vacuum Cleaner,2025-06-30,Home & Kitchen,0.0,162.19,,20.0,2.0,0.0,0.0,0,30,27,6,2,181,0,0.0,1.0,1.2246467991473532e-16,-1.0,0.0,1,0.0,1,3.0,1,1.0,1,0.42857142857142855,0.7867957924694403,0.0,2.0,0.9285714285714286,0.6785714285714286,1.0202966681339758,0.0,3.0,0.631578947368421,0,162.19,0.0,0.0,False,True,False,False,False,False,False,False,False,False,False,False,False,False,False,False,False,False,False,False,False,False,False,False,False,False,False,True,False,False,False,False,False,False,True,False
India,Vacuum Cleaner,2025-07-01,Home & Kitchen,0.0,162.19,,20.0,2.0,0.0,0.0,1,1,27,7,3,182,0,0.7818314824680298,0.6234898018587336,-0.4999999999999997,-0.8660254037844388,0.0,1,1.0,1,2.0,1,0.0,1,0.42857142857142855,0.7867957924694403,0.0,2.0,0.7142857142857143,0.6428571428571429,1.0261140545329521,0.0,3.0,0.6666666666666666,0,162.19,0.0,0.0,False,True,False,False,False,False,False,False,False,False,False,False,False,False,False,False,False,False,False,False,False,False,False,False,False,False,False,True,False,False,False,False,False,False,True,False
India,Vacuum Cleaner,2025-07-02,Home & Kitchen,0.0,162.19,,20.0,2.0,0.0,0.0,2,2,27,7,3,183,0,0.9749279121818236,-0.22252093395631434,-0.4999999999999997,-0.8660254037844388,0.0,1,0.0,1,3.0,1,0.0,1,0.2857142857142857,0.7559289460184516,0.0,2.0,0.5714285714285714,0.6428571428571429,1.0261140545329521,0.0,3.0,0.44444444444444436,0,162.19,0.0,0.0,False,True,False,False,False,False,False,False,False,False,False,False,False,False,False,False,False,False,False,False,False,False,False,False,False,False,False,True,False,False,False,False,False,False,True,False
India,Vacuum Cleaner,2025-07-03,Home & Kitchen,0.0,162.19,,20.0,2.0,0.0,0.0,3,3,27,7,3,184,0,0.43388373911755823,-0.900968867902419,-0.4999999999999997,-0.8660254037844388,0.0,1,0.0,1,0.0,1,0.0,1,0.2857142857142857,0.7559289460184516,0.0,2.0,0.35714285714285715,0.6428571428571429,1.0261140545329521,0.0,3.0,0.44444444444444436,0,162.19,0.0,0.0,False,True,False,False,False,False,False,False,False,False,False,False,False,False,False,False,False,False,False,False,False,False,False,False,False,False,False,True,False,False,False,False,False,False,True,False
India,Vacuum Cleaner,2025-07-04,Home & Kitchen,0.0,162.19,,20.0,2.0,0.0,0.0,4,4,27,7,3,185,0,-0.433883739117558,-0.9009688679024191,-0.4999999999999997,-0.8660254037844388,0.0,1,0.0,1,0.0,1,1.0,1,0.2857142857142857,0.7559289460184516,0.0,2.0,0.35714285714285715,0.6428571428571429,1.0261140545329521,0.0,3.0,0.44444444444444436,0,162.19,0.0,0.0,False,True,False,False,False,False,False,False,False,False,False,False,False,False,False,False,False,False,False,False,False,False,False,False,False,False,False,True,False,False,False,False,False,False,True,False
India,Vacuum Cleaner,2025-07-05,Home & Kitchen,0.0,162.19,,20.0,2.0,0.0,0.0,5,5,27,7,3,186,1,-0.9749279121818236,-0.2225209339563146,-0.4999999999999997,-0.8660254037844388,0.0,1,2.0,1,0.0,1,2.0,1,0.2857142857142857,0.7559289460184516,0.0,2.0,0.35714285714285715,0.6071428571428571,1.0306159867619527,0.0,3.0,0.47058823529411764,0,162.19,0.0,0.0,False,True,False,False,False,False,False,False,False,False,False,False,False,False,False,False,False,False,False,False,False,False,False,False,False,False,False,True,False,False,False,False,False,False,True,False
India,Vacuum Cleaner,2025-07-06,Home & Kitchen,0.0,162.19,,20.0,2.0,0.0,0.0,6,6,27,7,3,187,1,-0.7818314824680299,0.6234898018587334,-0.4999999999999997,-0.8660254037844388,0.0,1,0.0,1,2.0,1,0.0,1,0.0,0.0,0.0,0.0,0.35714285714285715,0.5357142857142857,0.9993384054849737,0.0,3.0,0.0,0,162.19,0.0,0.0,False,True,False,False,False,False,False,False,False,False,False,False,False,False,False,False,False,False,False,False,False,False,False,False,False,False,False,True,False,False,False,False,False,False,True,False
India,Vacuum Cleaner,2025-07-07,Home & Kitchen,0.0,162.19,,20.0,2.0,0.0,0.0,0,7,28,7,3,188,0,0.0,1.0,-0.4999999999999997,-0.8660254037844388,0.0,1,0.0,1,0.0,1,0.0,1,0.0,0.0,0.0,0.0,0.21428571428571427,0.5357142857142857,0.9993384054849737,0.0,3.0,0.0,0,162.19,0.0,0.0,False,True,False,False,False,False,False,False,False,False,False,False,False,False,False,False,False,False,False,False,False,False,False,False,False,False,False,True,False,False,False,False,False,False,True,False
India,Vacuum Cleaner,2025-07-08,Home & Kitchen,3.0,76.72,0.04,20.0,2.0,1.0,0.0,1,8,28,7,3,189,0,0.7818314824680298,0.6234898018587336,-0.4999999999999997,-0.8660254037844388,0.0,1,0.0,1,1.0,1,0.0,1,0.0,0.0,0.0,0.0,0.21428571428571427,0.5357142857142857,0.9993384054849737,0.0,3.0,0.0,1,162.19,-85.47,-0.5269745360379802,False,True,False,False,False,False,False,False,False,False,False,False,False,False,False,False,False,False,False,False,False,False,False,False,False,False,False,True,False,False,False,False,False,False,True,False
India,Vacuum Cleaner,2025-07-09,Home & Kitchen,2.0,143.13,0.12,20.0,2.0,1.0,0.0,2,9,28,7,3,190,0,0.9749279121818236,-0.22252093395631434,-0.4999999999999997,-0.8660254037844388,3.0,1,0.0,1,0.0,1,0.0,1,0.42857142857142855,1.1338934190276797,0.0,3.0,0.35714285714285715,0.6428571428571429,1.0959280090672938,0.0,3.0,0.6666666666666666,1,76.72,66.41,0.8656152241918665,False,True,False,False,False,False,False,False,False,False,False,False,False,False,False,False,False,False,False,False,False,False,False,False,False,False,False,True,False,False,False,False,False,False,True,False
India,Vacuum Cleaner,2025-07-10,Home & Kitchen,0.0,143.13,,20.0,2.0,0.0,0.0,3,10,28,7,3,191,0,0.43388373911755823,-0.900968867902419,-0.4999999999999997,-0.8660254037844388,2.0,1,0.0,1,0.0,1,0.0,1,0.7142857142857143,1.2535663410560156,0.0,3.0,0.5,0.7142857142857143,1.1174422797967014,0.0,3.0,1.0,0,143.13,0.0,0.0,False,True,False,False,False,False,False,False,False,False,False,False,False,False,False,False,False,False,False,False,False,False,False,False,False,False,False,True,False,False,False,False,False,False,True,False
India,Vacuum Cleaner,2025-07-11,Home & Kitchen,0.0,143.13,,20.0,2.0,0.0,0.0,4,11,28,7,3,192,0,-0.433883739117558,-0.9009688679024191,-0.4999999999999997,-0.8660254037844388,0.0,1,0.0,1,0.0,1,0.0,1,0.7142857142857143,1.2535663410560156,0.0,3.0,0.5,0.7142857142857143,1.1174422797967014,0.0,3.0,1.0,0,143.13,0.0,0.0,False,True,False,False,False,False,False,False,False,False,False,False,False,False,False,False,False,False,False,False,False,False,False,False,False,False,False,True,False,False,False,False,False,False,True,False
India,Vacuum Cleaner,2025-07-12,Home & Kitchen,0.0,143.13,,20.0,2.0,0.0,0.0,5,12,28,7,3,193,1,-0.9749279121818236,-0.2225209339563146,-0.4999999999999997,-0.8660254037844388,0.0,1,0.0,1,2.0,1,2.0,1,0.7142857142857143,1.2535663410560156,0.0,3.0,0.5,0.7142857142857143,1.1174422797967014,0.0,3.0,1.0,0,143.13,0.0,0.0,False,True,False,False,False,False,False,False,False,False,False,False,False,False,False,False,False,False,False,False,False,False,False,False,False,False,False,True,False,False,False,False,False,False,True,False
India,Vacuum Cleaner,2025-07-13,Home & Kitchen,0.0,143.13,,20.0,2.0,0.0,0.0,6,13,28,7,3,194,1,-0.7818314824680299,0.6234898018587334,-0.4999999999999997,-0.8660254037844388,0.0,1,0.0,1,0.0,1,0.0,1,0.7142857142857143,1.2535663410560156,0.0,3.0,0.35714285714285715,0.6428571428571429,1.0959280090672938,0.0,3.0,1.1111111111111112,0,143.13,0.0,0.0,False,True,False,False,False,False,False,False,False,False,False,False,False,False,False,False,False,False,False,False,False,False,False,False,False,False,False,True,False,False,False,False,False,False,True,False
India,Vacuum Cleaner,2025-07-14,Home & Kitchen,0.0,143.13,,20.0,2.0,0.0,0.0,0,14,29,7,3,195,0,0.0,1.0,-0.4999999999999997,-0.8660254037844388,0.0,1,0.0,1,0.0,1,3.0,1,0.7142857142857143,1.2535663410560156,0.0,3.0,0.35714285714285715,0.6428571428571429,1.0959280090672938,0.0,3.0,1.1111111111111112,0,143.13,0.0,0.0,False,True,False,False,False,False,False,False,False,False,False,False,False,False,False,False,False,False,False,False,False,False,False,False,False,False,False,True,False,False,False,False,False,False,True,False
India,Vacuum Cleaner,2025-07-15,Home & Kitchen,1.0,291.87,0.14,20.0,2.0,1.0,0.0,1,15,29,7,3,196,0,0.7818314824680298,0.6234898018587336,-0.4999999999999997,-0.8660254037844388,0.0,1,3.0,1,0.0,1,2.0,1,0.7142857142857143,1.2535663410560156,0.0,3.0,0.35714285714285715,0.5357142857142857,0.9993384054849737,0.0,3.0,1.3333333333333335,1,143.13,148.74,1.0391951372877803,False,True,False,False,False,False,False,False,False,False,False,False,False,False,False,False,False,False,False,False,False,False,False,False,False,False,False,True,False,False,False,False,False,False,True,False
India,Vacuum Cleaner,2025-07-16,Home & Kitchen,0.0,291.87,,20.0,2.0,0.0,0.0,2,16,29,7,3,197,0,0.9749279121818236,-0.22252093395631434,-0.4999999999999997,-0.8660254037844388,1.0,1,2.0,1,0.0,1,3.0,1,0.42857142857142855,0.7867957924694405,0.0,2.0,0.42857142857142855,0.5,0.9622504486493768,0.0,3.0,0.8571428571428571,0,291.87,0.0,0.0,False,True,False,False,False,False,False,False,False,False,False,False,False,False,False,False,False,False,False,False,False,False,False,False,False,False,False,True,False,False,False,False,False,False,True,False
India,Vacuum Cleaner,2025-07-17,Home & Kitchen,0.0,291.87,,20.0,2.0,0.0,0.0,3,17,29,7,3,198,0,0.43388373911755823,-0.900968867902419,-0.4999999999999997,-0.8660254037844388,0.0,1,0.0,1,0.0,1,0.0,1,0.14285714285714285,0.377964473009222,0.0,1.0,0.42857142857142855,0.39285714285714285,0.8317445171439022,0.0,3.0,0.36363636363636365,0,291.87,0.0,0.0,False,True,False,False,False,False,False,False,False,False,False,False,False,False,False,False,False,False,False,False,False,False,False,False,False,False,False,True,False,False,False,False,False,False,True,False
India,Vacuum Cleaner,2025-07-18,Home & Kitchen,0.0,291.87,,20.0,2.0,0.0,0.0,4,18,29,7,3,199,0,-0.433883739117558,-0.9009688679024191,-0.4999999999999997,-0.8660254037844388,0.0,1,0.0,1,0.0,1,0.0,1,0.14285714285714285,0.377964473009222,0.0,1.0,0.42857142857142855,0.39285714285714285,0.8317445171439022,0.0,3.0,0.36363636363636365,0,291.87,0.0,0.0,False,True,False,False,False,False,False,False,False,False,False,False,False,False,False,False,False,False,False,False,False,False,False,False,False,False,False,True,False,False,False,False,False,False,True,False
India,Vacuum Cleaner,2025-07-19,Home & Kitchen,3.0,104.5,0.13,20.0,2.0,1.0,0.0,5,19,29,7,3,200,1,-0.9749279121818236,-0.2225209339563146,-0.4999999999999997,-0.8660254037844388,0.0,1,0.0,1,0.0,1,0.0,1,0.14285714285714285,0.377964473009222,0.0,1.0,0.42857142857142855,0.39285714285714285,0.8317445171439022,0.0,3.0,0.36363636363636365,1,291.87,-187.37,-0.6419638880323432,False,True,False,False,False,False,False,False,False,False,False,False,False,False,False,False,False,False,False,False,False,False,False,False,False,False,False,True,False,False,False,False,False,False,True,False
India,Vacuum Cleaner,2025-07-20,Home & Kitchen,0.0,104.5,,20.0,2.0,0.0,0.0,6,20,29,7,3,201,1,-0.7818314824680299,0.6234898018587334,-0.4999999999999997,-0.8660254037844388,3.0,1,0.0,1,0.0,1,2.0,1,0.5714285714285714,1.1338934190276797,0.0,3.0,0.6428571428571429,0.5,0.9622504486493768,0.0,3.0,1.1428571428571428,0,104.5,0.0,0.0,False,True,False,False,False,False,False,False,False,False,False,False,False,False,False,False,False,False,False,False,False,False,False,False,False,False,False,True,False,False,False,False,False,False,True,False
India,Vacuum Cleaner,2025-07-21,Home & Kitchen,3.0,161.325,0.11,20.0,2.0,1.0,0.0,0,21,30,7,3,202,0,0.0,1.0,-0.4999999999999997,-0.8660254037844388,0.0,1,0.0,1,0.0,1,0.0,1,0.5714285714285714,1.1338934190276797,0.0,3.0,0.6428571428571429,0.42857142857142855,0.9200874124564729,0.0,3.0,1.3333333333333333,1,104.5,56.82499999999999,0.54377990430622,False,True,False,False,False,False,False,False,False,False,False,False,False,False,False,False,False,False,False,False,False,False,False,False,False,False,False,True,False,False,False,False,False,False,True,False
India,Vacuum Cleaner,2025-07-22,Home & Kitchen,0.0,161.325,,20.0,2.0,0.0,0.0,1,22,30,7,3,203,0,0.7818314824680298,0.6234898018587336,-0.4999999999999997,-0.8660254037844388,3.0,1,1.0,1,3.0,1,1.0,1,1.0,1.4142135623730934,0.0,3.0,0.8571428571428571,0.5357142857142857,1.03573709152049,0.0,3.0,1.8666666666666667,0,161.325,0.0,0.0,False,True,False,False,False,False,False,False,False,False,False,False,False,False,False,False,False,False,False,False,False,False,False,False,False,False,False,True,False,False,False,False,False,False,True,False
India,Vacuum Cleaner,2025-07-23,Home & Kitchen,1.0,251.7,0.08,20.0,2.0,1.0,0.0,2,23,30,7,3,204,0,0.9749279121818236,-0.22252093395631434,-0.4999999999999997,-0.8660254037844388,0.0,1,0.0,1,2.0,1,0.0,1,0.8571428571428571,1.4638501094227983,0.0,3.0,0.6428571428571429,0.5,1.036375450343202,0.0,3.0,1.7142857142857142,1,161.325,90.375,0.5602045560204556,False,True,False,False,False,False,False,False,False,False,False,False,False,False,False,False,False,False,False,False,False,False,False,False,False,False,False,True,False,False,False,False,False,False,True,False
India,Vacuum Cleaner,2025-07-24,Home & Kitchen,1.0,150.26,0.11,20.0,2.0,1.0,0.0,3,24,30,7,3,205,0,0.43388373911755823,-0.900968867902419,-0.4999999999999997,-0.8660254037844388,1.0,1,0.0,1,0.0,1,0.0,1,1.0,1.4142135623730934,0.0,3.0,0.5714285714285714,0.5357142857142857,1.03573709152049,0.0,3.0,1.8666666666666667,1,251.7,-101.44,-0.40301946762018276,False,True,False,False,False,False,False,False,False,False,False,False,False,False,False,False,False,False,False,False,False,False,False,False,False,False,False,True,False,False,False,False,False,False,True,False
India,Vacuum Cleaner,2025-07-25,Home & Kitchen,0.0,150.26,,20.0,2.0,0.0,0.0,4,25,30,7,3,206,0,-0.433883739117558,-0.9009688679024191,-0.4999999999999997,-0.8660254037844388,1.0,1,0.0,1,0.0,1,0.0,1,1.1428571428571428,1.3451854182690968,0.0,3.0,0.6428571428571429,0.5714285714285714,1.0338196500275423,0.0,3.0,2.0,0,150.26,0.0,0.0,False,True,False,False,False,False,False,False,False,False,False,False,False,False,False,False,False,False,False,False,False,False,False,False,False,False,False,True,False,False,False,False,False,False,True,False
India,Vacuum Cleaner,2025-07-26,Home & Kitchen,0.0,150.26,,20.0,2.0,0.0,0.0,5,26,30,7,3,207,1,-0.9749279121818236,-0.2225209339563146,-0.4999999999999997,-0.8660254037844388,0.0,1,3.0,1,0.0,1,2.0,1,1.1428571428571428,1.3451854182690968,0.0,3.0,0.6428571428571429,0.5714285714285714,1.0338196500275423,0.0,3.0,2.0,0,150.26,0.0,0.0,False,True,False,False,False,False,False,False,False,False,False,False,False,False,False,False,False,False,False,False,False,False,False,False,False,False,False,True,False,False,False,False,False,False,True,False
India,Vacuum Cleaner,2025-07-27,Home & Kitchen,1.0,180.09,0.14,20.0,2.0,1.0,0.0,6,27,30,7,3,208,1,-0.7818314824680299,0.6234898018587334,-0.4999999999999997,-0.8660254037844388,0.0,1,0.0,1,0.0,1,0.0,1,0.7142857142857143,1.1126972805283715,0.0,3.0,0.6428571428571429,0.5,1.0000000000000004,0.0,3.0,1.4285714285714286,1,150.26,29.830000000000013,0.19852256089444972,False,True,False,False,False,False,False,False,False,False,False,False,False,False,False,False,False,False,False,False,False,False,False,False,False,False,False,True,False,False,False,False,False,False,True,False
India,Vacuum Cleaner,2025-07-28,Home & Kitchen,0.0,180.09,,20.0,2.0,0.0,0.0,0,28,31,7,3,209,0,0.0,1.0,-0.4999999999999997,-0.8660254037844388,1.0,1,3.0,1,0.0,1,0.0,1,0.8571428571428571,1.0690449676496954,0.0,3.0,0.7142857142857143,0.5357142857142857,0.9993384054849737,0.0,3.0,1.5999999999999999,0,180.09,0.0,0.0,False,True,False,False,False,False,False,False,False,False,False,False,False,False,False,False,False,False,False,False,False,False,False,False,False,False,False,True,False,False,False,False,False,False,True,False
India,Vacuum Cleaner,2025-07-29,Home & Kitchen,0.0,180.09,,20.0,2.0,0.0,0.0,1,29,31,7,3,210,0,0.7818314824680298,0.6234898018587336,-0.4999999999999997,-0.8660254037844388,0.0,1,0.0,1,1.0,1,0.0,1,0.42857142857142855,0.5345224838248444,0.0,1.0,0.7142857142857143,0.5357142857142857,0.9993384054849737,0.0,3.0,0.7999999999999999,0,180.09,0.0,0.0,False,True,False,False,False,False,False,False,False,False,False,False,False,False,False,False,False,False,False,False,False,False,False,False,False,False,False,True,False,False,False,False,False,False,True,False
India,Vacuum Cleaner,2025-07-30,Home & Kitchen,0.0,180.09,,20.0,2.0,0.0,0.0,2,30,31,7,3,211,0,0.9749279121818236,-0.22252093395631434,-0.4999999999999997,-0.8660254037844388,0.0,1,1.0,1,0.0,1,0.0,1,0.42857142857142855,0.5345224838248444,0.0,1.0,0.6428571428571429,0.5357142857142857,0.9993384054849737,0.0,3.0,0.7999999999999999,0,180.09,0.0,0.0,False,True,False,False,False,False,False,False,False,False,False,False,False,False,False,False,False,False,False,False,False,False,False,False,False,False,False,True,False,False,False,False,False,False,True,False
India,Vacuum Cleaner,2025-07-31,Home & Kitchen,0.0,180.09,,20.0,2.0,0.0,0.0,3,31,31,7,3,212,0,0.43388373911755823,-0.900968867902419,-0.4999999999999997,-0.8660254037844388,0.0,1,1.0,1,0.0,1,0.0,1,0.2857142857142857,0.48795003647426183,0.0,1.0,0.6428571428571429,0.5357142857142857,0.9993384054849737,0.0,3.0,0.5333333333333333,0,180.09,0.0,0.0,False,True,False,False,False,False,False,False,False,False,False,False,False,False,False,False,False,False,False,False,False,False,False,False,False,False,False,True,False,False,False,False,False,False,True,False
India,Vacuum Cleaner,2025-08-01,Home & Kitchen,0.0,180.09,,20.0,2.0,0.0,0.0,4,1,31,8,3,213,0,-0.433883739117558,-0.9009688679024191,-0.8660254037844385,-0.5000000000000004,0.0,1,0.0,1,0.0,1,0.0,1,0.14285714285714285,0.37796447300922115,0.0,1.0,0.6428571428571429,0.5357142857142857,0.9993384054849737,0.0,3.0,0.26666666666666666,0,180.09,0.0,0.0,False,True,False,False,False,False,False,False,False,False,False,False,False,False,False,False,False,False,False,False,False,False,False,False,False,False,False,True,False,False,False,False,False,False,True,False
India,Vacuum Cleaner,2025-08-02,Home & Kitchen,2.0,47.49,0.07,20.0,2.0,1.0,0.0,5,2,31,8,3,214,1,-0.9749279121818236,-0.2225209339563146,-0.8660254037844385,-0.5000000000000004,0.0,1,0.0,1,3.0,1,0.0,1,0.14285714285714285,0.37796447300922115,0.0,1.0,0.6428571428571429,0.5357142857142857,0.9993384054849737,0.0,3.0,0.26666666666666666,1,180.09,-132.6,-0.7362985174079626,False,True,False,False,False,False,False,False,False,False,False,False,False,False,False,False,False,False,False,False,False,False,False,False,False,False,False,True,False,False,False,False,False,False,True,False
India,Vacuum Cleaner,2025-08-03,Home & Kitchen,0.0,47.49,,20.0,2.0,0.0,0.0,6,3,31,8,3,215,1,-0.7818314824680299,0.6234898018587334,-0.8660254037844385,-0.5000000000000004,2.0,1,1.0,1,0.0,1,0.0,1,0.42857142857142855,0.7867957924694401,0.0,2.0,0.5714285714285714,0.6071428571428571,1.0306159867619527,0.0,3.0,0.7058823529411765,0,47.49,0.0,0.0,False,True,False,False,False,False,False,False,False,False,False,False,False,False,False,False,False,False,False,False,False,False,False,False,False,False,False,True,False,False,False,False,False,False,True,False
India,Vacuum Cleaner,2025-08-04,Home & Kitchen,0.0,47.49,,20.0,2.0,0.0,0.0,0,4,32,8,3,216,0,0.0,1.0,-0.8660254037844385,-0.5000000000000004,0.0,1,0.0,1,3.0,1,0.0,1,0.2857142857142857,0.7559289460184514,0.0,2.0,0.5714285714285714,0.6071428571428571,1.0306159867619527,0.0,3.0,0.47058823529411764,0,47.49,0.0,0.0,False,True,False,False,False,False,False,False,False,False,False,False,False,False,False,False,False,False,False,False,False,False,False,False,False,False,False,True,False,False,False,False,False,False,True,False
India,Vacuum Cleaner,2025-08-05,Home & Kitchen,0.0,47.49,,20.0,2.0,0.0,0.0,1,5,32,8,3,217,0,0.7818314824680298,0.6234898018587336,-0.8660254037844385,-0.5000000000000004,0.0,1,0.0,1,0.0,1,3.0,1,0.2857142857142857,0.7559289460184514,0.0,2.0,0.35714285714285715,0.6071428571428571,1.0306159867619527,0.0,3.0,0.47058823529411764,0,47.49,0.0,0.0,False,True,False,False,False,False,False,False,False,False,False,False,False,False,False,False,False,False,False,False,False,False,False,False,False,False,False,True,False,False,False,False,False,False,True,False
India,Vacuum Cleaner,2025-08-06,Home & Kitchen,0.0,47.49,,20.0,2.0,0.0,0.0,2,6,32,8,3,218,0,0.9749279121818236,-0.22252093395631434,-0.8660254037844385,-0.5000000000000004,0.0,1,0.0,1,1.0,1,2.0,1,0.2857142857142857,0.7559289460184514,0.0,2.0,0.35714285714285715,0.5,0.9229582069908979,0.0,3.0,0.5714285714285714,0,47.49,0.0,0.0,False,True,False,False,False,False,False,False,False,False,False,False,False,False,False,False,False,False,False,False,False,False,False,False,False,False,False,True,False,False,False,False,False,False,True,False
India,Vacuum Cleaner,2025-08-07,Home & Kitchen,0.0,47.49,,20.0,2.0,0.0,0.0,3,7,32,8,3,219,0,0.43388373911755823,-0.900968867902419,-0.8660254037844385,-0.5000000000000004,0.0,1,0.0,1,1.0,1,0.0,1,0.2857142857142857,0.7559289460184514,0.0,2.0,0.2857142857142857,0.42857142857142855,0.8789122666607707,0.0,3.0,0.6666666666666666,0,47.49,0.0,0.0,False,True,False,False,False,False,False,False,False,False,False,False,False,False,False,False,False,False,False,False,False,False,False,False,False,False,False,True,False,False,False,False,False,False,True,False
India,Vacuum Cleaner,2025-08-08,Home & Kitchen,0.0,47.49,,20.0,2.0,0.0,0.0,4,8,32,8,3,220,0,-0.433883739117558,-0.9009688679024191,-0.8660254037844385,-0.5000000000000004,0.0,1,0.0,1,0.0,1,0.0,1,0.2857142857142857,0.7559289460184514,0.0,2.0,0.21428571428571427,0.42857142857142855,0.8789122666607707,0.0,3.0,0.6666666666666666,0,47.49,0.0,0.0,False,True,False,False,False,False,False,False,False,False,False,False,False,False,False,False,False,False,False,False,False,False,False,False,False,False,False,True,False,False,False,False,False,False,True,False
India,Vacuum Cleaner,2025-08-09,Home & Kitchen,0.0,47.49,,20.0,2.0,0.0,0.0,5,9,32,8,3,221,1,-0.9749279121818236,-0.2225209339563146,-0.8660254037844385,-0.5000000000000004,0.0,1,2.0,1,0.0,1,0.0,1,0.2857142857142857,0.7559289460184514,0.0,2.0,0.21428571428571427,0.42857142857142855,0.8789122666607707,0.0,3.0,0.6666666666666666,0,47.49,0.0,0.0,False,True,False,False,False,False,False,False,False,False,False,False,False,False,False,False,False,False,False,False,False,False,False,False,False,False,False,True,False,False,False,False,False,False,True,False
India,Vacuum Cleaner,2025-08-10,Home & Kitchen,0.0,47.49,,20.0,2.0,0.0,0.0,6,10,32,8,3,222,1,-0.7818314824680299,0.6234898018587334,-0.8660254037844385,-0.5000000000000004,0.0,1,0.0,1,1.0,1,0.0,1,0.0,0.0,0.0,0.0,0.21428571428571427,0.42857142857142855,0.8789122666607707,0.0,3.0,0.0,0,47.49,0.0,0.0,False,True,False,False,False,False,False,False,False,False,False,False,False,False,False,False,False,False,False,False,False,False,False,False,False,False,False,True,False,False,False,False,False,False,True,False
India,Vacuum Cleaner,2025-08-11,Home & Kitchen,0.0,47.49,,20.0,2.0,0.0,0.0,0,11,33,8,3,223,0,0.0,1.0,-0.8660254037844385,-0.5000000000000004,0.0,1,0.0,1,0.0,1,0.0,1,0.0,0.0,0.0,0.0,0.14285714285714285,0.42857142857142855,0.8789122666607707,0.0,3.0,0.0,0,47.49,0.0,0.0,False,True,False,False,False,False,False,False,False,False,False,False,False,False,False,False,False,False,False,False,False,False,False,False,False,False,False,True,False,False,False,False,False,False,True,False
India,Vacuum Cleaner,2025-08-12,Home & Kitchen,0.0,47.49,,20.0,2.0,0.0,0.0,1,12,33,8,3,224,0,0.7818314824680298,0.6234898018587336,-0.8660254037844385,-0.5000000000000004,0.0,1,0.0,1,0.0,1,1.0,1,0.0,0.0,0.0,0.0,0.14285714285714285,0.42857142857142855,0.8789122666607707,0.0,3.0,0.0,0,47.49,0.0,0.0,False,True,False,False,False,False,False,False,False,False,False,False,False,False,False,False,False,False,False,False,False,False,False,False,False,False,False,True,False,False,False,False,False,False,True,False
India,Vacuum Cleaner,2025-08-13,Home & Kitchen,0.0,47.49,,20.0,2.0,0.0,0.0,2,13,33,8,3,225,0,0.9749279121818236,-0.22252093395631434,-0.8660254037844385,-0.5000000000000004,0.0,1,0.0,1,0.0,1,0.0,1,0.0,0.0,0.0,0.0,0.14285714285714285,0.39285714285714285,0.8751417118804343,0.0,3.0,0.0,0,47.49,0.0,0.0,False,True,False,False,False,False,False,False,False,False,False,False,False,False,False,False,False,False,False,False,False,False,False,False,False,False,False,True,False,False,False,False,False,False,True,False
India,Vacuum Cleaner,2025-08-14,Home & Kitchen,0.0,47.49,,20.0,2.0,0.0,0.0,3,14,33,8,3,226,0,0.43388373911755823,-0.900968867902419,-0.8660254037844385,-0.5000000000000004,0.0,1,0.0,1,0.0,1,0.0,1,0.0,0.0,0.0,0.0,0.14285714285714285,0.39285714285714285,0.8751417118804343,0.0,3.0,0.0,0,47.49,0.0,0.0,False,True,False,False,False,False,False,False,False,False,False,False,False,False,False,False,False,False,False,False,False,False,False,False,False,False,False,True,False,False,False,False,False,False,True,False
India,Vacuum Cleaner,2025-08-15,Home & Kitchen,0.0,47.49,,20.0,2.0,0.0,0.0,4,15,33,8,3,227,0,-0.433883739117558,-0.9009688679024191,-0.8660254037844385,-0.5000000000000004,0.0,1,0.0,1,0.0,1,0.0,1,0.0,0.0,0.0,0.0,0.14285714285714285,0.39285714285714285,0.8751417118804343,0.0,3.0,0.0,0,47.49,0.0,0.0,False,True,False,False,False,False,False,False,False,False,False,False,False,False,False,False,False,False,False,False,False,False,False,False,False,False,False,True,False,False,False,False,False,False,True,False
India,Vacuum Cleaner,2025-08-16,Home & Kitchen,0.0,47.49,,20.0,2.0,0.0,0.0,5,16,33,8,3,228,1,-0.9749279121818236,-0.2225209339563146,-0.8660254037844385,-0.5000000000000004,0.0,1,0.0,1,2.0,1,3.0,1,0.0,0.0,0.0,0.0,0.14285714285714285,0.39285714285714285,0.8751417118804343,0.0,3.0,0.0,0,47.49,0.0,0.0,False,True,False,False,False,False,False,False,False,False,False,False,False,False,False,False,False,False,False,False,False,False,False,False,False,False,False,True,False,False,False,False,False,False,True,False
India,Vacuum Cleaner,2025-08-17,Home & Kitchen,0.0,47.49,,20.0,2.0,0.0,0.0,6,17,33,8,3,229,1,-0.7818314824680299,0.6234898018587334,-0.8660254037844385,-0.5000000000000004,0.0,1,0.0,1,0.0,1,0.0,1,0.0,0.0,0.0,0.0,0.0,0.2857142857142857,0.7126966450997992,0.0,3.0,0.0,0,47.49,0.0,0.0,False,True,False,False,False,False,False,False,False,False,False,False,False,False,False,False,False,False,False,False,False,False,False,False,False,False,False,True,False,False,False,False,False,False,True,False
India,Vacuum Cleaner,2025-08-18,Home & Kitchen,0.0,47.49,,20.0,2.0,0.0,0.0,0,18,34,8,3,230,0,0.0,1.0,-0.8660254037844385,-0.5000000000000004,0.0,1,0.0,1,0.0,1,3.0,1,0.0,0.0,0.0,0.0,0.0,0.2857142857142857,0.7126966450997992,0.0,3.0,0.0,0,47.49,0.0,0.0,False,True,False,False,False,False,False,False,False,False,False,False,False,False,False,False,False,False,False,False,False,False,False,False,False,False,False,True,False,False,False,False,False,False,True,False
India,Vacuum Cleaner,2025-08-19,Home & Kitchen,3.0,265.58,0.09,20.0,2.0,1.0,0.0,1,19,34,8,3,231,0,0.7818314824680298,0.6234898018587336,-0.8660254037844385,-0.5000000000000004,0.0,1,0.0,1,0.0,1,0.0,1,0.0,0.0,0.0,0.0,0.0,0.17857142857142858,0.47559486560567227,0.0,2.0,0.0,1,47.49,218.08999999999997,4.5923352284691505,False,True,False,False,False,False,False,False,False,False,False,False,False,False,False,False,False,False,False,False,False,False,False,False,False,False,False,True,False,False,False,False,False,False,True,False
India,Vacuum Cleaner,2025-08-20,Home & Kitchen,0.0,265.58,,20.0,2.0,0.0,0.0,2,20,34,8,3,232,0,0.9749279121818236,-0.22252093395631434,-0.8660254037844385,-0.5000000000000004,3.0,1,0.0,1,0.0,1,1.0,1,0.42857142857142855,1.1338934190276795,0.0,3.0,0.21428571428571427,0.2857142857142857,0.7126966450997992,0.0,3.0,1.5,0,265.58,0.0,0.0,False,True,False,False,False,False,False,False,False,False,False,False,False,False,False,False,False,False,False,False,False,False,False,False,False,False,False,True,False,False,False,False,False,False,True,False
India,Vacuum Cleaner,2025-08-21,Home & Kitchen,0.0,265.58,,20.0,2.0,0.0,0.0,3,21,34,8,3,233,0,0.43388373911755823,-0.900968867902419,-0.8660254037844385,-0.5000000000000004,0.0,1,0.0,1,0.0,1,1.0,1,0.42857142857142855,1.1338934190276795,0.0,3.0,0.21428571428571427,0.25,0.7005289007176949,0.0,3.0,1.7142857142857142,0,265.58,0.0,0.0,False,True,False,False,False,False,False,False,False,False,False,False,False,False,False,False,False,False,False,False,False,False,False,False,False,False,False,True,False,False,False,False,False,False,True,False
India,Vacuum Cleaner,2025-08-22,Home & Kitchen,0.0,265.58,,20.0,2.0,0.0,0.0,4,22,34,8,3,234,0,-0.433883739117558,-0.9009688679024191,-0.8660254037844385,-0.5000000000000004,0.0,1,0.0,1,0.0,1,0.0,1,0.42857142857142855,1.1338934190276795,0.0,3.0,0.21428571428571427,0.21428571428571427,0.686221153054518,0.0,3.0,2.0,0,265.58,0.0,0.0,False,True,False,False,False,False,False,False,False,False,False,False,False,False,False,False,False,False,False,False,False,False,False,False,False,False,False,True,False,False,False,False,False,False,True,False
India,Vacuum Cleaner,2025-08-23,Home & Kitchen,0.0,265.58,,20.0,2.0,0.0,0.0,5,23,34,8,3,235,1,-0.9749279121818236,-0.2225209339563146,-0.8660254037844385,-0.5000000000000004,0.0,1,0.0,1,0.0,1,0.0,1,0.42857142857142855,1.1338934190276795,0.0,3.0,0.21428571428571427,0.21428571428571427,0.686221153054518,0.0,3.0,2.0,0,265.58,0.0,0.0,False,True,False,False,False,False,False,False,False,False,False,False,False,False,False,False,False,False,False,False,False,False,False,False,False,False,False,True,False,False,False,False,False,False,True,False
India,Vacuum Cleaner,2025-08-24,Home & Kitchen,0.0,265.58,,20.0,2.0,0.0,0.0,6,24,34,8,3,236,1,-0.7818314824680299,0.6234898018587334,-0.8660254037844385,-0.5000000000000004,0.0,1,0.0,1,0.0,1,1.0,1,0.42857142857142855,1.1338934190276795,0.0,3.0,0.21428571428571427,0.21428571428571427,0.686221153054518,0.0,3.0,2.0,0,265.58,0.0,0.0,False,True,False,False,False,False,False,False,False,False,False,False,False,False,False,False,False,False,False,False,False,False,False,False,False,False,False,True,False,False,False,False,False,False,True,False
India,Vacuum Cleaner,2025-08-25,Home & Kitchen,0.0,265.58,,20.0,2.0,0.0,0.0,0,25,35,8,3,237,0,0.0,1.0,-0.8660254037844385,-0.5000000000000004,0.0,1,0.0,1,0.0,1,0.0,1,0.42857142857142855,1.1338934190276795,0.0,3.0,0.21428571428571427,0.17857142857142858,0.6696362433535835,0.0,3.0,2.4,0,265.58,0.0,0.0,False,True,False,False,False,False,False,False,False,False,False,False,False,False,False,False,False,False,False,False,False,False,False,False,False,False,False,True,False,False,False,False,False,False,True,False
India,Vacuum Cleaner,2025-08-26,Home & Kitchen,0.0,265.58,,20.0,2.0,0.0,0.0,1,26,35,8,3,238,0,0.7818314824680298,0.6234898018587336,-0.8660254037844385,-0.5000000000000004,0.0,1,3.0,1,0.0,1,0.0,1,0.42857142857142855,1.1338934190276795,0.0,3.0,0.21428571428571427,0.17857142857142858,0.6696362433535835,0.0,3.0,2.4,0,265.58,0.0,0.0,False,True,False,False,False,False,False,False,False,False,False,False,False,False,False,False,False,False,False,False,False,False,False,False,False,False,False,True,False,False,False,False,False,False,True,False
India,Vacuum Cleaner,2025-08-27,Home & Kitchen,0.0,265.58,,20.0,2.0,0.0,0.0,2,27,35,8,3,239,0,0.9749279121818236,-0.22252093395631434,-0.8660254037844385,-0.5000000000000004,0.0,1,0.0,1,0.0,1,0.0,1,0.0,0.0,0.0,0.0,0.21428571428571427,0.17857142857142858,0.6696362433535835,0.0,3.0,0.0,0,265.58,0.0,0.0,False,True,False,False,False,False,False,False,False,False,False,False,False,False,False,False,False,False,False,False,False,False,False,False,False,False,False,True,False,False,False,False,False,False,True,False
India,Vacuum Cleaner,2025-08-28,Home & Kitchen,0.0,265.58,,20.0,2.0,0.0,0.0,3,28,35,8,3,240,0,0.43388373911755823,-0.900968867902419,-0.8660254037844385,-0.5000000000000004,0.0,1,0.0,1,0.0,1,0.0,1,0.0,0.0,0.0,0.0,0.21428571428571427,0.17857142857142858,0.6696362433535835,0.0,3.0,0.0,0,265.58,0.0,0.0,False,True,False,False,False,False,False,False,False,False,False,False,False,False,False,False,False,False,False,False,False,False,False,False,False,False,False,True,False,False,False,False,False,False,True,False
India,Vacuum Cleaner,2025-08-29,Home & Kitchen,0.0,265.58,,20.0,2.0,0.0,0.0,4,29,35,8,3,241,0,-0.433883739117558,-0.9009688679024191,-0.8660254037844385,-0.5000000000000004,0.0,1,0.0,1,0.0,1,0.0,1,0.0,0.0,0.0,0.0,0.21428571428571427,0.17857142857142858,0.6696362433535835,0.0,3.0,0.0,0,265.58,0.0,0.0,False,True,False,False,False,False,False,False,False,False,False,False,False,False,False,False,False,False,False,False,False,False,False,False,False,False,False,True,False,False,False,False,False,False,True,False
India,Vacuum Cleaner,2025-08-30,Home & Kitchen,4.0,168.87,0.15,20.0,2.0,1.0,0.0,5,30,35,8,3,242,1,-0.9749279121818236,-0.2225209339563146,-0.8660254037844385,-0.5000000000000004,0.0,1,0.0,1,0.0,1,2.0,1,0.0,0.0,0.0,0.0,0.21428571428571427,0.17857142857142858,0.6696362433535835,0.0,3.0,0.0,1,265.58,-96.70999999999998,-0.36414639656600645,False,True,False,False,False,False,False,False,False,False,False,False,False,False,False,False,False,False,False,False,False,False,False,False,False,False,False,True,False,False,False,False,False,False,True,False
India,Vacuum Cleaner,2025-08-31,Home & Kitchen,2.0,125.44,0.07,20.0,2.0,1.0,0.0,6,31,35,8,3,243,1,-0.7818314824680299,0.6234898018587334,-0.8660254037844385,-0.5000000000000004,4.0,1,0.0,1,0.0,1,0.0,1,0.5714285714285714,1.5118578920369075,0.0,4.0,0.5,0.25,0.9279607271383377,0.0,4.0,2.2857142857142856,1,168.87,-43.43000000000001,-0.2571800793509801,False,True,False,False,False,False,False,False,False,False,False,False,False,False,False,False,False,False,False,False,False,False,False,False,False,False,False,True,False,False,False,False,False,False,True,False
India,Vacuum Cleaner,2025-09-01,Home & Kitchen,0.0,125.44,,20.0,2.0,0.0,0.0,0,1,36,9,3,244,0,0.0,1.0,-1.0,-1.8369701987210297e-16,2.0,1,0.0,1,0.0,1,0.0,1,0.8571428571428571,1.5735915849388848,0.0,4.0,0.6428571428571429,0.32142857142857145,0.9833266074561485,0.0,4.0,2.6666666666666665,0,125.44,0.0,0.0,False,True,False,False,False,False,False,False,False,False,False,False,False,False,False,False,False,False,False,False,False,False,False,False,False,False,False,True,False,False,False,False,False,False,True,False
India,Vacuum Cleaner,2025-09-02,Home & Kitchen,0.0,125.44,,20.0,2.0,0.0,0.0,1,2,36,9,3,245,0,0.7818314824680298,0.6234898018587336,-1.0,-1.8369701987210297e-16,0.0,1,0.0,1,3.0,1,0.0,1,0.8571428571428571,1.5735915849388848,0.0,4.0,0.6428571428571429,0.32142857142857145,0.9833266074561485,0.0,4.0,2.6666666666666665,0,125.44,0.0,0.0,False,True,False,False,False,False,False,False,False,False,False,False,False,False,False,False,False,False,False,False,False,False,False,False,False,False,False,True,False,False,False,False,False,False,True,False
India,Vacuum Cleaner,2025-09-03,Home & Kitchen,2.0,38.88,0.12,20.0,2.0,1.0,0.0,2,3,36,9,3,246,0,0.9749279121818236,-0.22252093395631434,-1.0,-1.8369701987210297e-16,0.0,1,0.0,1,0.0,1,0.0,1,0.8571428571428571,1.5735915849388848,0.0,4.0,0.42857142857142855,0.32142857142857145,0.9833266074561485,0.0,4.0,2.6666666666666665,1,125.44,-86.56,-0.6900510204081634,False,True,False,False,False,False,False,False,False,False,False,False,False,False,False,False,False,False,False,False,False,False,False,False,False,False,False,True,False,False,False,False,False,False,True,False
India,Vacuum Cleaner,2025-09-04,Home & Kitchen,0.0,38.88,,20.0,2.0,0.0,0.0,3,4,36,9,3,247,0,0.43388373911755823,-0.900968867902419,-1.0,-1.8369701987210297e-16,2.0,1,0.0,1,0.0,1,0.0,1,1.1428571428571428,1.5735915849388848,0.0,4.0,0.5714285714285714,0.39285714285714285,1.0306159867619527,0.0,4.0,2.909090909090909,0,38.88,0.0,0.0,False,True,False,False,False,False,False,False,False,False,False,False,False,False,False,False,False,False,False,False,False,False,False,False,False,False,False,True,False,False,False,False,False,False,True,False
India,Vacuum Cleaner,2025-09-05,Home & Kitchen,0.0,38.88,,20.0,2.0,0.0,0.0,4,5,36,9,3,248,0,-0.433883739117558,-0.9009688679024191,-1.0,-1.8369701987210297e-16,0.0,1,0.0,1,0.0,1,0.0,1,1.1428571428571428,1.5735915849388848,0.0,4.0,0.5714285714285714,0.39285714285714285,1.0306159867619527,0.0,4.0,2.909090909090909,0,38.88,0.0,0.0,False,True,False,False,False,False,False,False,False,False,False,False,False,False,False,False,False,False,False,False,False,False,False,False,False,False,False,True,False,False,False,False,False,False,True,False
India,Vacuum Cleaner,2025-09-06,Home & Kitchen,0.0,38.88,,20.0,2.0,0.0,0.0,5,6,36,9,3,249,1,-0.9749279121818236,-0.2225209339563146,-1.0,-1.8369701987210297e-16,0.0,1,4.0,1,0.0,1,0.0,1,1.1428571428571428,1.5735915849388848,0.0,4.0,0.5714285714285714,0.39285714285714285,1.0306159867619527,0.0,4.0,2.909090909090909,0,38.88,0.0,0.0,False,True,False,False,False,False,False,False,False,False,False,False,False,False,False,False,False,False,False,False,False,False,False,False,False,False,False,True,False,False,False,False,False,False,True,False
India,Vacuum Cleaner,2025-09-07,Home & Kitchen,0.0,38.88,,20.0,2.0,0.0,0.0,6,7,36,9,3,250,1,-0.7818314824680299,0.6234898018587334,-1.0,-1.8369701987210297e-16,0.0,1,2.0,1,0.0,1,0.0,1,0.5714285714285714,0.975900072948531,0.0,2.0,0.5714285714285714,0.39285714285714285,1.0306159867619527,0.0,4.0,1.4545454545454546,0,38.88,0.0,0.0,False,True,False,False,False,False,False,False,False,False,False,False,False,False,False,False,False,False,False,False,False,False,False,False,False,False,False,True,False,False,False,False,False,False,True,False
India,Vacuum Cleaner,2025-09-08,Home & Kitchen,2.0,194.99,0.02,20.0,2.0,1.0,0.0,0,8,37,9,3,251,0,0.0,1.0,-1.0,-1.8369701987210297e-16,0.0,1,0.0,1,0.0,1,0.0,1,0.2857142857142857,0.7559289460184517,0.0,2.0,0.5714285714285714,0.39285714285714285,1.0306159867619527,0.0,4.0,0.7272727272727273,1,38.88,156.11,4.0151748971193415,False,True,False,False,False,False,False,False,False,False,False,False,False,False,False,False,False,False,False,False,False,False,False,False,False,False,False,True,False,False,False,False,False,False,True,False
India,Vacuum Cleaner,2025-09-09,Home & Kitchen,0.0,194.99,,20.0,2.0,0.0,0.0,1,9,37,9,3,252,0,0.7818314824680298,0.6234898018587336,-1.0,-1.8369701987210297e-16,2.0,1,0.0,1,0.0,1,0.0,1,0.5714285714285714,0.975900072948531,0.0,2.0,0.7142857142857143,0.4642857142857143,1.070899340192811,0.0,4.0,1.2307692307692306,0,194.99,0.0,0.0,False,True,False,False,False,False,False,False,False,False,False,False,False,False,False,False,False,False,False,False,False,False,False,False,False,False,False,True,False,False,False,False,False,False,True,False
India,Vacuum Cleaner,2025-09-10,Home & Kitchen,0.0,194.99,,20.0,2.0,0.0,0.0,2,10,37,9,3,253,0,0.9749279121818236,-0.22252093395631434,-1.0,-1.8369701987210297e-16,0.0,1,2.0,1,0.0,1,0.0,1,0.5714285714285714,0.975900072948531,0.0,2.0,0.7142857142857143,0.4642857142857143,1.070899340192811,0.0,4.0,1.2307692307692306,0,194.99,0.0,0.0,False,True,False,False,False,False,False,False,False,False,False,False,False,False,False,False,False,False,False,False,False,False,False,False,False,False,False,True,False,False,False,False,False,False,True,False
India,Vacuum Cleaner,2025-09-11,Home & Kitchen,0.0,194.99,,20.0,2.0,0.0,0.0,3,11,37,9,3,254,0,0.43388373911755823,-0.900968867902419,-1.0,-1.8369701987210297e-16,0.0,1,0.0,1,0.0,1,0.0,1,0.2857142857142857,0.7559289460184517,0.0,2.0,0.7142857142857143,0.4642857142857143,1.070899340192811,0.0,4.0,0.6153846153846153,0,194.99,0.0,0.0,False,True,False,False,False,False,False,False,False,False,False,False,False,False,False,False,False,False,False,False,False,False,False,False,False,False,False,True,False,False,False,False,False,False,True,False
India,Vacuum Cleaner,2025-09-12,Home & Kitchen,0.0,194.99,,20.0,2.0,0.0,0.0,4,12,37,9,3,255,0,-0.433883739117558,-0.9009688679024191,-1.0,-1.8369701987210297e-16,0.0,1,0.0,1,0.0,1,0.0,1,0.2857142857142857,0.7559289460184517,0.0,2.0,0.7142857142857143,0.4642857142857143,1.070899340192811,0.0,4.0,0.6153846153846153,0,194.99,0.0,0.0,False,True,False,False,False,False,False,False,False,False,False,False,False,False,False,False,False,False,False,False,False,False,False,False,False,False,False,True,False,False,False,False,False,False,True,False
India,Vacuum Cleaner,2025-09-13,Home & Kitchen,0.0,194.99,,20.0,2.0,0.0,0.0,5,13,37,9,3,256,1,-0.9749279121818236,-0.2225209339563146,-1.0,-1.8369701987210297e-16,0.0,1,0.0,1,4.0,1,0.0,1,0.2857142857142857,0.7559289460184517,0.0,2.0,0.7142857142857143,0.4642857142857143,1.070899340192811,0.0,4.0,0.6153846153846153,0,194.99,0.0,0.0,False,True,False,False,False,False,False,False,False,False,False,False,False,False,False,False,False,False,False,False,False,False,False,False,False,False,False,True,False,False,False,False,False,False,True,False
India,Vacuum Cleaner,2025-09-14,Home & Kitchen,0.0,194.99,,20.0,2.0,0.0,0.0,6,14,37,9,3,257,1,-0.7818314824680299,0.6234898018587334,-1.0,-1.8369701987210297e-16,0.0,1,0.0,1,2.0,1,0.0,1,0.2857142857142857,0.7559289460184517,0.0,2.0,0.42857142857142855,0.4642857142857143,1.070899340192811,0.0,4.0,0.6153846153846153,0,194.99,0.0,0.0,False,True,False,False,False,False,False,False,False,False,False,False,False,False,False,False,False,False,False,False,False,False,False,False,False,False,False,True,False,False,False,False,False,False,True,False
India,Vacuum Cleaner,2025-09-15,Home & Kitchen,1.0,179.0,0.06,20.0,2.0,1.0,0.0,0,15,38,9,3,258,0,0.0,1.0,-1.0,-1.8369701987210297e-16,0.0,1,2.0,1,0.0,1,0.0,1,0.2857142857142857,0.7559289460184517,0.0,2.0,0.2857142857142857,0.4642857142857143,1.070899340192811,0.0,4.0,0.6153846153846153,1,194.99,-15.990000000000009,-0.08200420534386384,False,True,False,False,False,False,False,False,False,False,False,False,False,False,False,False,False,False,False,False,False,False,False,False,False,False,False,True,False,False,False,False,False,False,True,False
India,Vacuum Cleaner,2025-09-16,Home & Kitchen,0.0,179.0,,20.0,2.0,0.0,0.0,1,16,38,9,3,259,0,0.7818314824680298,0.6234898018587336,-1.0,-1.8369701987210297e-16,1.0,1,0.0,1,0.0,1,3.0,1,0.14285714285714285,0.377964473009222,0.0,1.0,0.35714285714285715,0.5,1.0715167512214399,0.0,4.0,0.2857142857142857,0,179.0,0.0,0.0,False,True,False,False,False,False,False,False,False,False,False,False,False,False,False,False,False,False,False,False,False,False,False,False,False,False,False,True,False,False,False,False,False,False,True,False
India,Vacuum Cleaner,2025-09-17,Home & Kitchen,0.0,179.0,,20.0,2.0,0.0,0.0,2,17,38,9,3,260,0,0.9749279121818236,-0.22252093395631434,-1.0,-1.8369701987210297e-16,0.0,1,0.0,1,2.0,1,0.0,1,0.14285714285714285,0.377964473009222,0.0,1.0,0.35714285714285715,0.39285714285714285,0.9560445408144775,0.0,4.0,0.36363636363636365,0,179.0,0.0,0.0,False,True,False,False,False,False,False,False,False,False,False,False,False,False,False,False,False,False,False,False,False,False,False,False,False,False,False,True,False,False,False,False,False,False,True,False
India,Vacuum Cleaner,2025-09-18,Home & Kitchen,3.0,276.34,0.05,20.0,2.0,1.0,0.0,3,18,38,9,3,261,0,0.43388373911755823,-0.900968867902419,-1.0,-1.8369701987210297e-16,0.0,1,0.0,1,0.0,1,0.0,1,0.14285714285714285,0.377964473009222,0.0,1.0,0.21428571428571427,0.39285714285714285,0.9560445408144775,0.0,4.0,0.36363636363636365,1,179.0,97.33999999999997,0.5437988826815641,False,True,False,False,False,False,False,False,False,False,False,False,False,False,False,False,False,False,False,False,False,False,False,False,False,False,False,True,False,False,False,False,False,False,True,False
India,Vacuum Cleaner,2025-09-19,Home & Kitchen,0.0,276.34,,20.0,2.0,0.0,0.0,4,19,38,9,3,262,0,-0.433883739117558,-0.9009688679024191,-1.0,-1.8369701987210297e-16,3.0,1,0.0,1,0.0,1,0.0,1,0.5714285714285714,1.1338934190276797,0.0,3.0,0.42857142857142855,0.5,1.0715167512214399,0.0,4.0,1.1428571428571428,0,276.34,0.0,0.0,False,True,False,False,False,False,False,False,False,False,False,False,False,False,False,False,False,False,False,False,False,False,False,False,False,False,False,True,False,False,False,False,False,False,True,False
India,Vacuum Cleaner,2025-09-20,Home & Kitchen,0.0,276.34,,20.0,2.0,0.0,0.0,5,20,38,9,3,263,1,-0.9749279121818236,-0.2225209339563146,-1.0,-1.8369701987210297e-16,0.0,1,0.0,1,0.0,1,0.0,1,0.5714285714285714,1.1338934190276797,0.0,3.0,0.42857142857142855,0.5,1.0715167512214399,0.0,4.0,1.1428571428571428,0,276.34,0.0,0.0,False,True,False,False,False,False,False,False,False,False,False,False,False,False,False,False,False,False,False,False,False,False,False,False,False,False,False,True,False,False,False,False,False,False,True,False
India,Vacuum Cleaner,2025-09-21,Home & Kitchen,0.0,276.34,,20.0,2.0,0.0,0.0,6,21,38,9,3,264,1,-0.7818314824680299,0.6234898018587334,-1.0,-1.8369701987210297e-16,0.0,1,0.0,1,0.0,1,0.0,1,0.5714285714285714,1.1338934190276797,0.0,3.0,0.42857142857142855,0.5,1.0715167512214399,0.0,4.0,1.1428571428571428,0,276.34,0.0,0.0,False,True,False,False,False,False,False,False,False,False,False,False,False,False,False,False,False,False,False,False,False,False,False,False,False,False,False,True,False,False,False,False,False,False,True,False
India,Vacuum Cleaner,2025-09-22,Home & Kitchen,0.0,276.34,,20.0,2.0,0.0,0.0,0,22,39,9,3,265,0,0.0,1.0,-1.0,-1.8369701987210297e-16,0.0,1,1.0,1,2.0,1,0.0,1,0.5714285714285714,1.1338934190276797,0.0,3.0,0.42857142857142855,0.5,1.0715167512214399,0.0,4.0,1.1428571428571428,0,276.34,0.0,0.0,False,True,False,False,False,False,False,False,False,False,False,False,False,False,False,False,False,False,False,False,False,False,False,False,False,False,False,True,False,False,False,False,False,False,True,False
India,Vacuum Cleaner,2025-09-23,Home & Kitchen,0.0,276.34,,20.0,2.0,0.0,0.0,1,23,39,9,3,266,0,0.7818314824680298,0.6234898018587336,-1.0,-1.8369701987210297e-16,0.0,1,0.0,1,0.0,1,0.0,1,0.42857142857142855,1.1338934190276797,0.0,3.0,0.2857142857142857,0.5,1.0715167512214399,0.0,4.0,0.8571428571428571,0,276.34,0.0,0.0,False,True,False,False,False,False,False,False,False,False,False,False,False,False,False,False,False,False,False,False,False,False,False,False,False,False,False,True,False,False,False,False,False,False,True,False
India,Vacuum Cleaner,2025-09-24,Home & Kitchen,0.0,276.34,,20.0,2.0,0.0,0.0,2,24,39,9,3,267,0,0.9749279121818236,-0.22252093395631434,-1.0,-1.8369701987210297e-16,0.0,1,0.0,1,0.0,1,0.0,1,0.42857142857142855,1.1338934190276797,0.0,3.0,0.2857142857142857,0.5,1.0715167512214399,0.0,4.0,0.8571428571428571,0,276.34,0.0,0.0,False,True,False,False,False,False,False,False,False,False,False,False,False,False,False,False,False,False,False,False,False,False,False,False,False,False,False,True,False,False,False,False,False,False,True,False
India,Vacuum Cleaner,2025-09-25,Home & Kitchen,0.0,276.34,,20.0,2.0,0.0,0.0,3,25,39,9,3,268,0,0.43388373911755823,-0.900968867902419,-1.0,-1.8369701987210297e-16,0.0,1,3.0,1,0.0,1,0.0,1,0.42857142857142855,1.1338934190276797,0.0,3.0,0.2857142857142857,0.5,1.0715167512214399,0.0,4.0,0.8571428571428571,0,276.34,0.0,0.0,False,True,False,False,False,False,False,False,False,False,False,False,False,False,False,False,False,False,False,False,False,False,False,False,False,False,False,True,False,False,False,False,False,False,True,False
India,Vacuum Cleaner,2025-09-26,Home & Kitchen,0.0,276.34,,20.0,2.0,0.0,0.0,4,26,39,9,3,269,0,-0.433883739117558,-0.9009688679024191,-1.0,-1.8369701987210297e-16,0.0,1,0.0,1,0.0,1,0.0,1,0.0,0.0,0.0,0.0,0.2857142857142857,0.5,1.0715167512214399,0.0,4.0,0.0,0,276.34,0.0,0.0,False,True,False,False,False,False,False,False,False,False,False,False,False,False,False,False,False,False,False,False,False,False,False,False,False,False,False,True,False,False,False,False,False,False,True,False
India,Vacuum Cleaner,2025-09-27,Home & Kitchen,0.0,276.34,,20.0,2.0,0.0,0.0,5,27,39,9,3,270,1,-0.9749279121818236,-0.2225209339563146,-1.0,-1.8369701987210297e-16,0.0,1,0.0,1,0.0,1,4.0,1,0.0,0.0,0.0,0.0,0.2857142857142857,0.5,1.0715167512214399,0.0,4.0,0.0,0,276.34,0.0,0.0,False,True,False,False,False,False,False,False,False,False,False,False,False,False,False,False,False,False,False,False,False,False,False,False,False,False,False,True,False,False,False,False,False,False,True,False
India,Vacuum Cleaner,2025-09-28,Home & Kitchen,2.0,264.55,0.06,20.0,2.0,1.0,0.0,6,28,39,9,3,271,1,-0.7818314824680299,0.6234898018587334,-1.0,-1.8369701987210297e-16,0.0,1,0.0,1,0.0,1,2.0,1,0.0,0.0,0.0,0.0,0.2857142857142857,0.35714285714285715,0.8261595987094041,0.0,3.0,0.0,1,276.34,-11.789999999999964,-0.04266483317652155,False,True,False,False,False,False,False,False,False,False,False,False,False,False,False,False,False,False,False,False,False,False,False,False,False,False,False,True,False,False,False,False,False,False,True,False
India,Vacuum Cleaner,2025-09-29,Home & Kitchen,0.0,264.55,,20.0,2.0,0.0,0.0,0,29,40,9,3,272,0,0.0,1.0,-1.0,-1.8369701987210297e-16,2.0,1,0.0,1,1.0,1,0.0,1,0.2857142857142857,0.7559289460184517,0.0,2.0,0.42857142857142855,0.35714285714285715,0.8261595987094041,0.0,3.0,0.7999999999999999,0,264.55,0.0,0.0,False,True,False,False,False,False,False,False,False,False,False,False,False,False,False,False,False,False,False,False,False,False,False,False,False,False,False,True,False,False,False,False,False,False,True,False
India,Vacuum Cleaner,2025-09-30,Home & Kitchen,0.0,264.55,,20.0,2.0,0.0,0.0,1,30,40,9,3,273,0,0.7818314824680298,0.6234898018587336,-1.0,-1.8369701987210297e-16,0.0,1,0.0,1,0.0,1,0.0,1,0.2857142857142857,0.7559289460184517,0.0,2.0,0.35714285714285715,0.35714285714285715,0.8261595987094041,0.0,3.0,0.7999999999999999,0,264.55,0.0,0.0,False,True,False,False,False,False,False,False,False,False,False,False,False,False,False,False,False,False,False,False,False,False,False,False,False,False,False,True,False,False,False,False,False,False,True,False
India,Vacuum Cleaner,2025-10-01,Home & Kitchen,0.0,264.55,,20.0,2.0,0.0,0.0,2,1,40,10,4,274,0,0.9749279121818236,-0.22252093395631434,-0.8660254037844386,0.5000000000000001,0.0,1,0.0,1,0.0,1,2.0,1,0.2857142857142857,0.7559289460184517,0.0,2.0,0.35714285714285715,0.35714285714285715,0.8261595987094041,0.0,3.0,0.7999999999999999,0,264.55,0.0,0.0,False,True,False,False,False,False,False,False,False,False,False,False,False,False,False,False,False,False,False,False,False,False,False,False,False,False,False,True,False,False,False,False,False,False,True,False
India,Vacuum Cleaner,2025-10-02,Home & Kitchen,0.0,264.55,,20.0,2.0,0.0,0.0,3,2,40,10,4,275,0,0.43388373911755823,-0.900968867902419,-0.8660254037844386,0.5000000000000001,0.0,1,0.0,1,3.0,1,0.0,1,0.2857142857142857,0.7559289460184517,0.0,2.0,0.35714285714285715,0.2857142857142857,0.7628961803617732,0.0,3.0,1.0,0,264.55,0.0,0.0,False,True,False,False,False,False,False,False,False,False,False,False,False,False,False,False,False,False,False,False,False,False,False,False,False,False,False,True,False,False,False,False,False,False,True,False
India,Vacuum Cleaner,2025-10-03,Home & Kitchen,0.0,264.55,,20.0,2.0,0.0,0.0,4,3,40,10,4,276,0,-0.433883739117558,-0.9009688679024191,-0.8660254037844386,0.5000000000000001,0.0,1,0.0,1,0.0,1,0.0,1,0.2857142857142857,0.7559289460184517,0.0,2.0,0.14285714285714285,0.2857142857142857,0.7628961803617732,0.0,3.0,1.0,0,264.55,0.0,0.0,False,True,False,False,False,False,False,False,False,False,False,False,False,False,False,False,False,False,False,False,False,False,False,False,False,False,False,True,False,False,False,False,False,False,True,False
India,Vacuum Cleaner,2025-10-04,Home & Kitchen,0.0,264.55,,20.0,2.0,0.0,0.0,5,4,40,10,4,277,1,-0.9749279121818236,-0.2225209339563146,-0.8660254037844386,0.5000000000000001,0.0,1,0.0,1,0.0,1,0.0,1,0.2857142857142857,0.7559289460184517,0.0,2.0,0.14285714285714285,0.2857142857142857,0.7628961803617732,0.0,3.0,1.0,0,264.55,0.0,0.0,False,True,False,False,False,False,False,False,False,False,False,False,False,False,False,False,False,False,False,False,False,False,False,False,False,False,False,True,False,False,False,False,False,False,True,False
India,Vacuum Cleaner,2025-10-05,Home & Kitchen,0.0,264.55,,20.0,2.0,0.0,0.0,6,5,40,10,4,278,1,-0.7818314824680299,0.6234898018587334,-0.8660254037844386,0.5000000000000001,0.0,1,2.0,1,0.0,1,0.0,1,0.2857142857142857,0.7559289460184517,0.0,2.0,0.14285714285714285,0.2857142857142857,0.7628961803617732,0.0,3.0,1.0,0,264.55,0.0,0.0,False,True,False,False,False,False,False,False,False,False,False,False,False,False,False,False,False,False,False,False,False,False,False,False,False,False,False,True,False,False,False,False,False,False,True,False
India,Vacuum Cleaner,2025-10-06,Home & Kitchen,0.0,264.55,,20.0,2.0,0.0,0.0,0,6,41,10,4,279,0,0.0,1.0,-0.8660254037844386,0.5000000000000001,0.0,1,0.0,1,0.0,1,2.0,1,0.0,0.0,0.0,0.0,0.14285714285714285,0.2857142857142857,0.7628961803617732,0.0,3.0,0.0,0,264.55,0.0,0.0,False,True,False,False,False,False,False,False,False,False,False,False,False,False,False,False,False,False,False,False,False,False,False,False,False,False,False,True,False,False,False,False,False,False,True,False
India,Vacuum Cleaner,2025-10-07,Home & Kitchen,0.0,264.55,,20.0,2.0,0.0,0.0,1,7,41,10,4,280,0,0.7818314824680298,0.6234898018587336,-0.8660254037844386,0.5000000000000001,0.0,1,0.0,1,0.0,1,0.0,1,0.0,0.0,0.0,0.0,0.14285714285714285,0.21428571428571427,0.6862211530545179,0.0,3.0,0.0,0,264.55,0.0,0.0,False,True,False,False,False,False,False,False,False,False,False,False,False,False,False,False,False,False,False,False,False,False,False,False,False,False,False,True,False,False,False,False,False,False,True,False
India,Vacuum Cleaner,2025-10-08,Home & Kitchen,0.0,264.55,,20.0,2.0,0.0,0.0,2,8,41,10,4,281,0,0.9749279121818236,-0.22252093395631434,-0.8660254037844386,0.5000000000000001,0.0,1,0.0,1,0.0,1,0.0,1,0.0,0.0,0.0,0.0,0.14285714285714285,0.21428571428571427,0.6862211530545179,0.0,3.0,0.0,0,264.55,0.0,0.0,False,True,False,False,False,False,False,False,False,False,False,False,False,False,False,False,False,False,False,False,False,False,False,False,False,False,False,True,False,False,False,False,False,False,True,False
India,Vacuum Cleaner,2025-10-09,Home & Kitchen,0.0,264.55,,20.0,2.0,0.0,0.0,3,9,41,10,4,282,0,0.43388373911755823,-0.900968867902419,-0.8660254037844386,0.5000000000000001,0.0,1,0.0,1,0.0,1,0.0,1,0.0,0.0,0.0,0.0,0.14285714285714285,0.21428571428571427,0.6862211530545179,0.0,3.0,0.0,0,264.55,0.0,0.0,False,True,False,False,False,False,False,False,False,False,False,False,False,False,False,False,False,False,False,False,False,False,False,False,False,False,False,True,False,False,False,False,False,False,True,False
India,Vacuum Cleaner,2025-10-10,Home & Kitchen,0.0,264.55,,20.0,2.0,0.0,0.0,4,10,41,10,4,283,0,-0.433883739117558,-0.9009688679024191,-0.8660254037844386,0.5000000000000001,0.0,1,0.0,1,0.0,1,0.0,1,0.0,0.0,0.0,0.0,0.14285714285714285,0.21428571428571427,0.6862211530545179,0.0,3.0,0.0,0,264.55,0.0,0.0,False,True,False,False,False,False,False,False,False,False,False,False,False,False,False,False,False,False,False,False,False,False,False,False,False,False,False,True,False,False,False,False,False,False,True,False
India,Vacuum Cleaner,2025-10-11,Home & Kitchen,0.0,264.55,,20.0,2.0,0.0,0.0,5,11,41,10,4,284,1,-0.9749279121818236,-0.2225209339563146,-0.8660254037844386,0.5000000000000001,0.0,1,0.0,1,0.0,1,0.0,1,0.0,0.0,0.0,0.0,0.14285714285714285,0.21428571428571427,0.6862211530545179,0.0,3.0,0.0,0,264.55,0.0,0.0,False,True,False,False,False,False,False,False,False,False,False,False,False,False,False,False,False,False,False,False,False,False,False,False,False,False,False,True,False,False,False,False,False,False,True,False
India,Vacuum Cleaner,2025-10-12,Home & Kitchen,0.0,264.55,,20.0,2.0,0.0,0.0,6,12,41,10,4,285,1,-0.7818314824680299,0.6234898018587334,-0.8660254037844386,0.5000000000000001,0.0,1,0.0,1,2.0,1,0.0,1,0.0,0.0,0.0,0.0,0.14285714285714285,0.21428571428571427,0.6862211530545179,0.0,3.0,0.0,0,264.55,0.0,0.0,False,True,False,False,False,False,False,False,False,False,False,False,False,False,False,False,False,False,False,False,False,False,False,False,False,False,False,True,False,False,False,False,False,False,True,False
India,Vacuum Cleaner,2025-10-13,Home & Kitchen,0.0,264.55,,20.0,2.0,0.0,0.0,0,13,42,10,4,286,0,0.0,1.0,-0.8660254037844386,0.5000000000000001,0.0,1,0.0,1,0.0,1,1.0,1,0.0,0.0,0.0,0.0,0.0,0.21428571428571427,0.6862211530545179,0.0,3.0,0.0,0,264.55,0.0,0.0,False,True,False,False,False,False,False,False,False,False,False,False,False,False,False,False,False,False,False,False,False,False,False,False,False,False,False,True,False,False,False,False,False,False,True,False
India,Vacuum Cleaner,2025-10-14,Home & Kitchen,2.0,176.53,0.04,20.0,2.0,1.0,0.0,1,14,42,10,4,287,0,0.7818314824680298,0.6234898018587336,-0.8660254037844386,0.5000000000000001,0.0,1,0.0,1,0.0,1,0.0,1,0.0,0.0,0.0,0.0,0.0,0.17857142857142858,0.6696362433535834,0.0,3.0,0.0,1,264.55,-88.02000000000001,-0.33271593271593275,False,True,False,False,False,False,False,False,False,False,False,False,False,False,False,False,False,False,False,False,False,False,False,False,False,False,False,True,False,False,False,False,False,False,True,False
India,Vacuum Cleaner,2025-10-15,Home & Kitchen,0.0,176.53,,20.0,2.0,0.0,0.0,2,15,42,10,4,288,0,0.9749279121818236,-0.22252093395631434,-0.8660254037844386,0.5000000000000001,2.0,1,0.0,1,0.0,1,0.0,1,0.2857142857142857,0.7559289460184517,0.0,2.0,0.14285714285714285,0.25,0.7515416254704831,0.0,3.0,1.1428571428571428,0,176.53,0.0,0.0,False,True,False,False,False,False,False,False,False,False,False,False,False,False,False,False,False,False,False,False,False,False,False,False,False,False,False,True,False,False,False,False,False,False,True,False
India,Vacuum Cleaner,2025-10-16,Home & Kitchen,3.0,142.95,0.05,20.0,2.0,1.0,0.0,3,16,42,10,4,289,0,0.43388373911755823,-0.900968867902419,-0.8660254037844386,0.5000000000000001,0.0,1,0.0,1,0.0,1,3.0,1,0.2857142857142857,0.7559289460184517,0.0,2.0,0.14285714285714285,0.25,0.7515416254704831,0.0,3.0,1.1428571428571428,1,176.53,-33.58000000000001,-0.19022262504956672,False,True,False,False,False,False,False,False,False,False,False,False,False,False,False,False,False,False,False,False,False,False,False,False,False,False,False,True,False,False,False,False,False,False,True,False
India,Vacuum Cleaner,2025-10-17,Home & Kitchen,0.0,142.95,,20.0,2.0,0.0,0.0,4,17,42,10,4,290,0,-0.433883739117558,-0.9009688679024191,-0.8660254037844386,0.5000000000000001,3.0,1,0.0,1,0.0,1,0.0,1,0.7142857142857143,1.2535663410560156,0.0,3.0,0.35714285714285715,0.25,0.7515416254704831,0.0,3.0,2.857142857142857,0,142.95,0.0,0.0,False,True,False,False,False,False,False,False,False,False,False,False,False,False,False,False,False,False,False,False,False,False,False,False,False,False,False,True,False,False,False,False,False,False,True,False
India,Vacuum Cleaner,2025-10-18,Home & Kitchen,0.0,142.95,,20.0,2.0,0.0,0.0,5,18,42,10,4,291,1,-0.9749279121818236,-0.2225209339563146,-0.8660254037844386,0.5000000000000001,0.0,1,0.0,1,0.0,1,0.0,1,0.7142857142857143,1.2535663410560156,0.0,3.0,0.35714285714285715,0.25,0.7515416254704831,0.0,3.0,2.857142857142857,0,142.95,0.0,0.0,False,True,False,False,False,False,False,False,False,False,False,False,False,False,False,False,False,False,False,False,False,False,False,False,False,False,False,True,False,False,False,False,False,False,True,False
India,Vacuum Cleaner,2025-10-19,Home & Kitchen,0.0,142.95,,20.0,2.0,0.0,0.0,6,19,42,10,4,292,1,-0.7818314824680299,0.6234898018587334,-0.8660254037844386,0.5000000000000001,0.0,1,0.0,1,0.0,1,0.0,1,0.7142857142857143,1.2535663410560156,0.0,3.0,0.35714285714285715,0.25,0.7515416254704831,0.0,3.0,2.857142857142857,0,142.95,0.0,0.0,False,True,False,False,False,False,False,False,False,False,False,False,False,False,False,False,False,False,False,False,False,False,False,False,False,False,False,True,False,False,False,False,False,False,True,False
India,Vacuum Cleaner,2025-10-20,Home & Kitchen,0.0,142.95,,20.0,2.0,0.0,0.0,0,20,43,10,4,293,0,0.0,1.0,-0.8660254037844386,0.5000000000000001,0.0,1,0.0,1,0.0,1,0.0,1,0.7142857142857143,1.2535663410560156,0.0,3.0,0.35714285714285715,0.25,0.7515416254704831,0.0,3.0,2.857142857142857,0,142.95,0.0,0.0,False,True,False,False,False,False,False,False,False,False,False,False,False,False,False,False,False,False,False,False,False,False,False,False,False,False,False,True,False,False,False,False,False,False,True,False
India,Vacuum Cleaner,2025-10-21,Home & Kitchen,0.0,142.95,,20.0,2.0,0.0,0.0,1,21,43,10,4,294,0,0.7818314824680298,0.6234898018587336,-0.8660254037844386,0.5000000000000001,0.0,1,2.0,1,0.0,1,0.0,1,0.7142857142857143,1.2535663410560156,0.0,3.0,0.35714285714285715,0.25,0.7515416254704831,0.0,3.0,2.857142857142857,0,142.95,0.0,0.0,False,True,False,False,False,False,False,False,False,False,False,False,False,False,False,False,False,False,False,False,False,False,False,False,False,False,False,True,False,False,False,False,False,False,True,False
India,Vacuum Cleaner,2025-10-22,Home & Kitchen,0.0,142.95,,20.0,2.0,0.0,0.0,2,22,43,10,4,295,0,0.9749279121818236,-0.22252093395631434,-0.8660254037844386,0.5000000000000001,0.0,1,0.0,1,0.0,1,0.0,1,0.42857142857142855,1.13389341902768,0.0,3.0,0.35714285714285715,0.25,0.7515416254704831,0.0,3.0,1.7142857142857142,0,142.95,0.0,0.0,False,True,False,False,False,False,False,False,False,False,False,False,False,False,False,False,False,False,False,False,False,False,False,False,False,False,False,True,False,False,False,False,False,False,True,False
India,Vacuum Cleaner,2025-10-23,Home & Kitchen,0.0,142.95,,20.0,2.0,0.0,0.0,3,23,43,10,4,296,0,0.43388373911755823,-0.900968867902419,-0.8660254037844386,0.5000000000000001,0.0,1,3.0,1,0.0,1,0.0,1,0.42857142857142855,1.13389341902768,0.0,3.0,0.35714285714285715,0.25,0.7515416254704831,0.0,3.0,1.7142857142857142,0,142.95,0.0,0.0,False,True,False,False,False,False,False,False,False,False,False,False,False,False,False,False,False,False,False,False,False,False,False,False,False,False,False,True,False,False,False,False,False,False,True,False
India,Vacuum Cleaner,2025-10-24,Home & Kitchen,0.0,142.95,,20.0,2.0,0.0,0.0,4,24,43,10,4,297,0,-0.433883739117558,-0.9009688679024191,-0.8660254037844386,0.5000000000000001,0.0,1,0.0,1,0.0,1,0.0,1,0.0,0.0,0.0,0.0,0.35714285714285715,0.25,0.7515416254704831,0.0,3.0,0.0,0,142.95,0.0,0.0,False,True,False,False,False,False,False,False,False,False,False,False,False,False,False,False,False,False,False,False,False,False,False,False,False,False,False,True,False,False,False,False,False,False,True,False
India,Vacuum Cleaner,2025-10-25,Home & Kitchen,0.0,142.95,,20.0,2.0,0.0,0.0,5,25,43,10,4,298,1,-0.9749279121818236,-0.2225209339563146,-0.8660254037844386,0.5000000000000001,0.0,1,0.0,1,0.0,1,0.0,1,0.0,0.0,0.0,0.0,0.35714285714285715,0.25,0.7515416254704831,0.0,3.0,0.0,0,142.95,0.0,0.0,False,True,False,False,False,False,False,False,False,False,False,False,False,False,False,False,False,False,False,False,False,False,False,False,False,False,False,True,False,False,False,False,False,False,True,False
India,Vacuum Cleaner,2025-10-26,Home & Kitchen,0.0,142.95,,20.0,2.0,0.0,0.0,6,26,43,10,4,299,1,-0.7818314824680299,0.6234898018587334,-0.8660254037844386,0.5000000000000001,0.0,1,0.0,1,0.0,1,2.0,1,0.0,0.0,0.0,0.0,0.35714285714285715,0.25,0.7515416254704831,0.0,3.0,0.0,0,142.95,0.0,0.0,False,True,False,False,False,False,False,False,False,False,False,False,False,False,False,False,False,False,False,False,False,False,False,False,False,False,False,True,False,False,False,False,False,False,True,False
India,Vacuum Cleaner,2025-10-27,Home & Kitchen,3.0,162.26,0.12,20.0,2.0,1.0,0.0,0,27,44,10,4,300,0,0.0,1.0,-0.8660254037844386,0.5000000000000001,0.0,1,0.0,1,0.0,1,0.0,1,0.0,0.0,0.0,0.0,0.35714285714285715,0.17857142857142858,0.6696362433535834,0.0,3.0,0.0,1,142.95,19.310000000000002,0.13508219657222809,False,True,False,False,False,False,False,False,False,False,False,False,False,False,False,False,False,False,False,False,False,False,False,False,False,False,False,True,False,False,False,False,False,False,True,False
India,Vacuum Cleaner,2025-10-28,Home & Kitchen,0.0,162.26,,20.0,2.0,0.0,0.0,1,28,44,10,4,301,0,0.7818314824680298,0.6234898018587336,-0.8660254037844386,0.5000000000000001,3.0,1,0.0,1,2.0,1,0.0,1,0.42857142857142855,1.13389341902768,0.0,3.0,0.5714285714285714,0.2857142857142857,0.8544932592822083,0.0,3.0,1.5,0,162.26,0.0,0.0,False,True,False,False,False,False,False,False,False,False,False,False,False,False,False,False,False,False,False,False,False,False,False,False,False,False,False,True,False,False,False,False,False,False,True,False
India,Vacuum Cleaner,2025-10-29,Home & Kitchen,0.0,162.26,,20.0,2.0,0.0,0.0,2,29,44,10,4,302,0,0.9749279121818236,-0.22252093395631434,-0.8660254037844386,0.5000000000000001,0.0,1,0.0,1,0.0,1,0.0,1,0.42857142857142855,1.13389341902768,0.0,3.0,0.42857142857142855,0.2857142857142857,0.8544932592822083,0.0,3.0,1.5,0,162.26,0.0,0.0,False,True,False,False,False,False,False,False,False,False,False,False,False,False,False,False,False,False,False,False,False,False,False,False,False,False,False,True,False,False,False,False,False,False,True,False
India,Vacuum Cleaner,2025-10-30,Home & Kitchen,0.0,162.26,,20.0,2.0,0.0,0.0,3,30,44,10,4,303,0,0.43388373911755823,-0.900968867902419,-0.8660254037844386,0.5000000000000001,0.0,1,0.0,1,3.0,1,0.0,1,0.42857142857142855,1.13389341902768,0.0,3.0,0.42857142857142855,0.2857142857142857,0.8544932592822083,0.0,3.0,1.5,0,162.26,0.0,0.0,False,True,False,False,False,False,False,False,False,False,False,False,False,False,False,False,False,False,False,False,False,False,False,False,False,False,False,True,False,False,False,False,False,False,True,False
India,Vacuum Cleaner,2025-10-31,Home & Kitchen,0.0,162.26,,20.0,2.0,0.0,0.0,4,31,44,10,4,304,0,-0.433883739117558,-0.9009688679024191,-0.8660254037844386,0.5000000000000001,0.0,1,0.0,1,0.0,1,0.0,1,0.42857142857142855,1.13389341902768,0.0,3.0,0.21428571428571427,0.2857142857142857,0.8544932592822083,0.0,3.0,1.5,0,162.26,0.0,0.0,False,True,False,False,False,False,False,False,False,False,False,False,False,False,False,False,False,False,False,False,False,False,False,False,False,False,False,True,False,False,False,False,False,False,True,False
India,Vacuum Cleaner,2025-11-01,Home & Kitchen,0.0,162.26,,20.0,2.0,0.0,0.0,5,1,44,11,4,305,1,-0.9749279121818236,-0.2225209339563146,-0.5000000000000004,0.8660254037844384,0.0,1,0.0,1,0.0,1,0.0,1,0.42857142857142855,1.13389341902768,0.0,3.0,0.21428571428571427,0.2857142857142857,0.8544932592822083,0.0,3.0,1.5,0,162.26,0.0,0.0,False,True,False,False,False,False,False,False,False,False,False,False,False,False,False,False,False,False,False,False,False,False,False,False,False,False,False,True,False,False,False,False,False,False,True,False
India,Vacuum Cleaner,2025-11-02,Home & Kitchen,0.0,162.26,,20.0,2.0,0.0,0.0,6,2,44,11,4,306,1,-0.7818314824680299,0.6234898018587334,-0.5000000000000004,0.8660254037844384,0.0,1,0.0,1,0.0,1,0.0,1,0.42857142857142855,1.13389341902768,0.0,3.0,0.21428571428571427,0.2857142857142857,0.8544932592822083,0.0,3.0,1.5,0,162.26,0.0,0.0,False,True,False,False,False,False,False,False,False,False,False,False,False,False,False,False,False,False,False,False,False,False,False,False,False,False,False,True,False,False,False,False,False,False,True,False
India,Vacuum Cleaner,2025-11-03,Home & Kitchen,0.0,162.26,,20.0,2.0,0.0,0.0,0,3,45,11,4,307,0,0.0,1.0,-0.5000000000000004,0.8660254037844384,0.0,1,3.0,1,0.0,1,0.0,1,0.42857142857142855,1.13389341902768,0.0,3.0,0.21428571428571427,0.2857142857142857,0.8544932592822083,0.0,3.0,1.5,0,162.26,0.0,0.0,False,True,False,False,False,False,False,False,False,False,False,False,False,False,False,False,False,False,False,False,False,False,False,False,False,False,False,True,False,False,False,False,False,False,True,False
India,Vacuum Cleaner,2025-11-04,Home & Kitchen,3.0,283.15,0.25,20.0,2.0,1.0,0.0,1,4,45,11,4,308,0,0.7818314824680298,0.6234898018587336,-0.5000000000000004,0.8660254037844384,0.0,1,0.0,1,0.0,1,0.0,1,0.0,0.0,0.0,0.0,0.21428571428571427,0.2857142857142857,0.8544932592822083,0.0,3.0,0.0,1,162.26,120.88999999999999,0.7450388265746333,False,True,False,False,False,False,False,False,False,False,False,False,False,False,False,False,False,False,False,False,False,False,False,False,False,False,False,True,False,False,False,False,False,False,True,False
India,Vacuum Cleaner,2025-11-05,Home & Kitchen,4.0,192.98,0.16,20.0,2.0,1.0,0.0,2,5,45,11,4,309,0,0.9749279121818236,-0.22252093395631434,-0.5000000000000004,0.8660254037844384,3.0,1,0.0,1,0.0,1,0.0,1,0.42857142857142855,1.13389341902768,0.0,3.0,0.42857142857142855,0.39285714285714285,0.9940297973880055,0.0,3.0,1.0909090909090908,1,283.15,-90.16999999999999,-0.3184531167225852,False,True,False,False,False,False,False,False,False,False,False,False,False,False,False,False,False,False,False,False,False,False,False,False,False,False,False,True,False,False,False,False,False,False,True,False
India,Vacuum Cleaner,2025-11-06,Home & Kitchen,3.0,228.01,0.2,20.0,2.0,1.0,0.0,3,6,45,11,4,310,0,0.43388373911755823,-0.900968867902419,-0.5000000000000004,0.8660254037844384,4.0,1,0.0,1,0.0,1,0.0,1,1.0,1.732050807568876,0.0,4.0,0.7142857142857143,0.5357142857142857,1.2013000012992983,0.0,4.0,1.8666666666666667,1,192.98,35.03,0.1815214011814696,False,True,False,False,False,False,False,False,False,False,False,False,False,False,False,False,False,False,False,False,False,False,False,False,False,False,False,True,False,False,False,False,False,False,True,False
India,Vacuum Cleaner,2025-11-07,Home & Kitchen,0.0,228.01,,20.0,2.0,0.0,0.0,4,7,45,11,4,311,0,-0.433883739117558,-0.9009688679024191,-0.5000000000000004,0.8660254037844384,3.0,1,0.0,1,0.0,1,0.0,1,1.4285714285714286,1.8126539343499302,0.0,4.0,0.9285714285714286,0.6428571428571429,1.2827714704898323,0.0,4.0,2.2222222222222223,0,228.01,0.0,0.0,False,True,False,False,False,False,False,False,False,False,False,False,False,False,False,False,False,False,False,False,False,False,False,False,False,False,False,True,False,False,False,False,False,False,True,False
India,Vacuum Cleaner,2025-11-08,Home & Kitchen,6.0,193.61,0.25,20.0,2.0,1.0,1.0,5,8,45,11,4,312,1,-0.9749279121818236,-0.2225209339563146,-0.5000000000000004,0.8660254037844384,0.0,1,0.0,1,0.0,1,0.0,1,1.4285714285714286,1.8126539343499302,0.0,4.0,0.9285714285714286,0.6428571428571429,1.2827714704898323,0.0,4.0,2.2222222222222223,1,228.01,-34.39999999999998,-0.15087057585193622,False,True,False,False,False,False,False,False,False,False,False,False,False,False,False,False,False,False,False,False,False,False,False,False,False,False,False,True,False,False,False,False,False,False,True,False
India,Vacuum Cleaner,2025-11-09,Home & Kitchen,3.0,87.4,0.27,20.0,2.0,1.0,0.0,6,9,45,11,4,313,1,-0.7818314824680299,0.6234898018587334,-0.5000000000000004,0.8660254037844384,6.0,1,0.0,1,0.0,1,0.0,1,2.2857142857142856,2.3603873774083284,0.0,6.0,1.3571428571428572,0.8571428571428571,1.6265001215808887,0.0,6.0,2.6666666666666665,1,193.61,-106.21000000000001,-0.5485770363101079,False,True,False,False,False,False,False,False,False,False,False,False,False,False,False,False,False,False,False,False,False,False,False,False,False,False,False,True,False,False,False,False,False,False,True,False
India,Vacuum Cleaner,2025-11-10,Home & Kitchen,0.0,87.4,,20.0,2.0,0.0,0.0,0,10,46,11,4,314,0,0.0,1.0,-0.5000000000000004,0.8660254037844384,3.0,1,0.0,1,3.0,1,0.0,1,2.7142857142857144,2.138089935299394,0.0,6.0,1.5714285714285714,0.9642857142857143,1.6662697940174716,0.0,6.0,2.814814814814815,0,87.4,0.0,0.0,False,True,False,False,False,False,False,False,False,False,False,False,False,False,False,False,False,False,False,False,False,False,False,False,False,False,False,True,False,False,False,False,False,False,True,False
India,Vacuum Cleaner,2025-11-11,Home & Kitchen,0.0,87.4,,20.0,2.0,0.0,0.0,1,11,46,11,4,315,0,0.7818314824680298,0.6234898018587336,-0.5000000000000004,0.8660254037844384,0.0,1,3.0,1,0.0,1,2.0,1,2.7142857142857144,2.138089935299394,0.0,6.0,1.3571428571428572,0.9642857142857143,1.6662697940174716,0.0,6.0,2.814814814814815,0,87.4,0.0,0.0,False,True,False,False,False,False,False,False,False,False,False,False,False,False,False,False,False,False,False,False,False,False,False,False,False,False,False,True,False,False,False,False,False,False,True,False
India,Vacuum Cleaner,2025-11-12,Home & Kitchen,0.0,87.4,,20.0,2.0,0.0,0.0,2,12,46,11,4,316,0,0.9749279121818236,-0.22252093395631434,-0.5000000000000004,0.8660254037844384,0.0,1,4.0,1,0.0,1,0.0,1,2.2857142857142856,2.3603873774083284,0.0,6.0,1.3571428571428572,0.8928571428571429,1.663091403342888,0.0,6.0,2.5599999999999996,0,87.4,0.0,0.0,False,True,False,False,False,False,False,False,False,False,False,False,False,False,False,False,False,False,False,False,False,False,False,False,False,False,False,True,False,False,False,False,False,False,True,False
India,Vacuum Cleaner,2025-11-13,Home & Kitchen,0.0,87.4,,20.0,2.0,0.0,0.0,3,13,46,11,4,317,0,0.43388373911755823,-0.900968867902419,-0.5000000000000004,0.8660254037844384,0.0,1,3.0,1,0.0,1,3.0,1,1.7142857142857142,2.3603873774083284,0.0,6.0,1.3571428571428572,0.8928571428571429,1.663091403342888,0.0,6.0,1.9199999999999997,0,87.4,0.0,0.0,False,True,False,False,False,False,False,False,False,False,False,False,False,False,False,False,False,False,False,False,False,False,False,False,False,False,False,True,False,False,False,False,False,False,True,False
India,Vacuum Cleaner,2025-11-14,Home & Kitchen,0.0,87.4,,20.0,2.0,0.0,0.0,4,14,46,11,4,318,0,-0.433883739117558,-0.9009688679024191,-0.5000000000000004,0.8660254037844384,0.0,1,0.0,1,0.0,1,0.0,1,1.2857142857142858,2.3603873774083284,0.0,6.0,1.3571428571428572,0.7857142857142857,1.6183471874253745,0.0,6.0,1.6363636363636365,0,87.4,0.0,0.0,False,True,False,False,False,False,False,False,False,False,False,False,False,False,False,False,False,False,False,False,False,False,False,False,False,False,False,True,False,False,False,False,False,False,True,False
India,Vacuum Cleaner,2025-11-15,Home & Kitchen,3.0,128.22,0.16,20.0,2.0,1.0,0.0,5,15,46,11,4,319,1,-0.9749279121818236,-0.2225209339563146,-0.5000000000000004,0.8660254037844384,0.0,1,6.0,1,0.0,1,0.0,1,1.2857142857142858,2.3603873774083284,0.0,6.0,1.3571428571428572,0.7857142857142857,1.6183471874253745,0.0,6.0,1.6363636363636365,1,87.4,40.81999999999999,0.46704805491990836,False,True,False,False,False,False,False,False,False,False,False,False,False,False,False,False,False,False,False,False,False,False,False,False,False,False,False,True,False,False,False,False,False,False,True,False
India,Vacuum Cleaner,2025-11-16,Home & Kitchen,0.0,128.22,,20.0,2.0,0.0,0.0,6,16,46,11,4,320,1,-0.7818314824680299,0.6234898018587334,-0.5000000000000004,0.8660254037844384,3.0,1,3.0,1,0.0,1,0.0,1,0.8571428571428571,1.463850109422798,0.0,3.0,1.5714285714285714,0.8928571428571429,1.663091403342888,0.0,6.0,0.9599999999999999,0,128.22,0.0,0.0,False,True,False,False,False,False,False,False,False,False,False,False,False,False,False,False,False,False,False,False,False,False,False,False,False,False,False,True,False,False,False,False,False,False,True,False
India,Vacuum Cleaner,2025-11-17,Home & Kitchen,3.0,83.71,0.17,20.0,2.0,1.0,0.0,0,17,47,11,4,321,0,0.0,1.0,-0.5000000000000004,0.8660254037844384,0.0,1,0.0,1,0.0,1,0.0,1,0.42857142857142855,1.1338934190276795,0.0,3.0,1.5714285714285714,0.8928571428571429,1.663091403342888,0.0,6.0,0.4799999999999999,1,128.22,-44.510000000000005,-0.34713773202308534,False,True,False,False,False,False,False,False,False,False,False,False,False,False,False,False,False,False,False,False,False,False,False,False,False,False,False,True,False,False,False,False,False,False,True,False
India,Vacuum Cleaner,2025-11-18,Home & Kitchen,0.0,83.71,,20.0,2.0,0.0,0.0,1,18,47,11,4,322,0,0.7818314824680298,0.6234898018587336,-0.5000000000000004,0.8660254037844384,3.0,1,0.0,1,3.0,1,0.0,1,0.8571428571428571,1.463850109422798,0.0,3.0,1.7857142857142858,1.0,1.6996731711975952,0.0,6.0,0.8571428571428571,0,83.71,0.0,0.0,False,True,False,False,False,False,False,False,False,False,False,False,False,False,False,False,False,False,False,False,False,False,False,False,False,False,False,True,False,False,False,False,False,False,True,False
India,Vacuum Cleaner,2025-11-19,Home & Kitchen,0.0,83.71,,20.0,2.0,0.0,0.0,2,19,47,11,4,323,0,0.9749279121818236,-0.22252093395631434,-0.5000000000000004,0.8660254037844384,0.0,1,0.0,1,4.0,1,0.0,1,0.8571428571428571,1.463850109422798,0.0,3.0,1.5714285714285714,1.0,1.6996731711975952,0.0,6.0,0.8571428571428571,0,83.71,0.0,0.0,False,True,False,False,False,False,False,False,False,False,False,False,False,False,False,False,False,False,False,False,False,False,False,False,False,False,False,True,False,False,False,False,False,False,True,False
India,Vacuum Cleaner,2025-11-20,Home & Kitchen,0.0,83.71,,20.0,2.0,0.0,0.0,3,20,47,11,4,324,0,0.43388373911755823,-0.900968867902419,-0.5000000000000004,0.8660254037844384,0.0,1,0.0,1,3.0,1,0.0,1,0.8571428571428571,1.463850109422798,0.0,3.0,1.2857142857142858,1.0,1.6996731711975952,0.0,6.0,0.8571428571428571,0,83.71,0.0,0.0,False,True,False,False,False,False,False,False,False,False,False,False,False,False,False,False,False,False,False,False,False,False,False,False,False,False,False,True,False,False,False,False,False,False,True,False
India,Vacuum Cleaner,2025-11-21,Home & Kitchen,7.0,148.59,0.29,20.0,2.0,1.0,1.0,4,21,47,11,4,325,0,-0.433883739117558,-0.9009688679024191,-0.5000000000000004,0.8660254037844384,0.0,1,0.0,1,0.0,1,0.0,1,0.8571428571428571,1.463850109422798,0.0,3.0,1.0714285714285714,1.0,1.6996731711975952,0.0,6.0,0.8571428571428571,1,83.71,64.88000000000001,0.775056743519293,False,True,False,False,False,False,False,False,False,False,False,False,False,False,False,False,False,False,False,False,False,False,False,False,False,False,False,True,False,False,False,False,False,False,True,False
India,Vacuum Cleaner,2025-11-22,Home & Kitchen,0.0,148.59,,20.0,2.0,0.0,0.0,5,22,47,11,4,326,1,-0.9749279121818236,-0.2225209339563146,-0.5000000000000004,0.8660254037844384,7.0,1,3.0,1,6.0,1,0.0,1,1.8571428571428572,2.6726124191242424,0.0,7.0,1.5714285714285714,1.25,2.029869545160568,0.0,7.0,1.4857142857142858,0,148.59,0.0,0.0,False,True,False,False,False,False,False,False,False,False,False,False,False,False,False,False,False,False,False,False,False,False,False,False,False,False,False,True,False,False,False,False,False,False,True,False
India,Vacuum Cleaner,2025-11-23,Home & Kitchen,0.0,148.59,,20.0,2.0,0.0,0.0,6,23,47,11,4,327,1,-0.7818314824680299,0.6234898018587334,-0.5000000000000004,0.8660254037844384,0.0,1,0.0,1,3.0,1,0.0,1,1.4285714285714286,2.6992062325273105,0.0,7.0,1.1428571428571428,1.25,2.029869545160568,0.0,7.0,1.1428571428571428,0,148.59,0.0,0.0,False,True,False,False,False,False,False,False,False,False,False,False,False,False,False,False,False,False,False,False,False,False,False,False,False,False,False,True,False,False,False,False,False,False,True,False
India,Vacuum Cleaner,2025-11-24,Home & Kitchen,2.0,286.88,0.28,20.0,2.0,1.0,0.0,0,24,48,11,4,328,0,0.0,1.0,-0.5000000000000004,0.8660254037844384,0.0,1,3.0,1,0.0,1,3.0,1,1.4285714285714286,2.6992062325273105,0.0,7.0,0.9285714285714286,1.25,2.029869545160568,0.0,7.0,1.1428571428571428,1,148.59,138.29,0.9306817417053637,False,True,False,False,False,False,False,False,False,False,False,False,False,False,False,False,False,False,False,False,False,False,False,False,False,False,False,True,False,False,False,False,False,False,True,False
India,Vacuum Cleaner,2025-11-25,Home & Kitchen,0.0,286.88,,20.0,2.0,0.0,0.0,1,25,48,11,4,329,0,0.7818314824680298,0.6234898018587336,-0.5000000000000004,0.8660254037844384,2.0,1,0.0,1,0.0,1,0.0,1,1.2857142857142858,2.6276913640612167,0.0,7.0,1.0714285714285714,1.2142857142857142,2.006602857183012,0.0,7.0,1.058823529411765,0,286.88,0.0,0.0,False,True,False,False,False,False,False,False,False,False,False,False,False,False,False,False,False,False,False,False,False,False,False,False,False,False,False,True,False,False,False,False,False,False,True,False
