store_id,product_id,date,category,sales,price,Discount_Applied,safety_stock,lead_time_days,promotion,is_outlier,day_of_week,day_of_month,week_of_year,month,quarter,day_of_year,is_weekend,sin_day_of_week,cos_day_of_week,sin_month,cos_month,lag_1,has_lag_1,lag_7,has_lag_7,lag_14,has_lag_14,lag_28,has_lag_28,rolling_mean_7,rolling_std_7,rolling_min_7,rolling_max_7,rolling_mean_14,rolling_mean_28,rolling_std_28,rolling_min_28,rolling_max_28,trend_ratio,is_promotion,previous_price,price_change,price_change_pct,store_id_Germany,store_id_India,store_id_Pakistan,store_id_UAE,store_id_UK,store_id_USA,product_id_4K Smart TV,product_id_Air Fryer,product_id_Blender,product_id_Coffee Maker,product_id_Cotton T-Shirt,product_id_Cycling Helmet,product_id_Denim Jeans,product_id_Dumbbell Set,product_id_Face Wash,product_id_Football,product_id_Formal Shirt,product_id_Gaming Laptop,product_id_Hair Serum,product_id_Lipstick Set,product_id_Microwave Oven,product_id_Moisturizing Cream,product_id_Perfume,product_id_Running Shoes,product_id_Smartphone 128GB,product_id_Smartwatch,product_id_Tennis Racket,product_id_Vacuum Cleaner,product_id_Winter Jacket,product_id_Wireless Noise-Canceling Headphones,product_id_Yoga Mat,category_Apparel,category_Beauty,category_Electronics,category_Home & Kitchen,category_Sports
UAE,Gaming Laptop,2025-05-23,Electronics,0.0,794.075,,20.0,2.0,0.0,0.0,4,23,21,5,2,143,0,-0.433883739117558,-0.9009688679024191,0.49999999999999994,-0.8660254037844387,0.0,1,0.0,1,2.0,1,0.0,1,1.1428571428571428,2.1930626551751318,0.0,6.0,0.8571428571428571,0.6071428571428571,1.3427248612094906,0.0,6.0,1.8823529411764706,0,794.075,0.0,0.0,False,False,False,True,False,False,False,False,False,False,False,False,False,False,False,False,False,True,False,False,False,False,False,False,False,False,False,False,False,False,False,False,False,True,False,False
UAE,Gaming Laptop,2025-05-24,Electronics,1.0,1374.2,0.03,20.0,2.0,1.0,0.0,5,24,21,5,2,144,1,-0.9749279121818236,-0.2225209339563146,0.49999999999999994,-0.8660254037844387,0.0,1,1.0,1,0.0,1,3.0,1,1.1428571428571428,2.1930626551751318,0.0,6.0,0.7142857142857143,0.6071428571428571,1.3427248612094906,0.0,6.0,1.8823529411764706,1,794.075,580.125,0.7305670119321223,False,False,False,True,False,False,False,False,False,False,False,False,False,False,False,False,False,True,False,False,False,False,False,False,False,False,False,False,False,False,False,False,False,True,False,False
UAE,Gaming Laptop,2025-05-25,Electronics,2.0,161.58,0.04,20.0,2.0,1.0,0.0,6,25,21,5,2,145,1,-0.7818314824680299,0.6234898018587334,0.49999999999999994,-0.8660254037844387,1.0,1,0.0,1,0.0,1,0.0,1,1.1428571428571428,2.1930626551751318,0.0,6.0,0.7857142857142857,0.5357142857142857,1.261455445614245,0.0,6.0,2.1333333333333333,1,1374.2,-1212.6200000000001,-0.8824188618832776,False,False,False,True,False,False,False,False,False,False,False,False,False,False,False,False,False,True,False,False,False,False,False,False,False,False,False,False,False,False,False,False,False,True,False,False
UAE,Gaming Laptop,2025-05-26,Electronics,0.0,161.58,,20.0,2.0,0.0,0.0,0,26,22,5,2,146,0,0.0,1.0,0.49999999999999994,-0.8660254037844387,2.0,1,1.0,1,0.0,1,0.0,1,1.4285714285714286,2.149196970742237,0.0,6.0,0.9285714285714286,0.6071428571428571,1.286375491356197,0.0,6.0,2.3529411764705883,0,161.58,0.0,0.0,False,False,False,True,False,False,False,False,False,False,False,False,False,False,False,False,False,True,False,False,False,False,False,False,False,False,False,False,False,False,False,False,False,True,False,False
UAE,Gaming Laptop,2025-05-27,Electronics,0.0,161.58,,20.0,2.0,0.0,0.0,1,27,22,5,2,147,0,0.7818314824680298,0.6234898018587336,0.49999999999999994,-0.8660254037844387,0.0,1,0.0,1,2.0,1,2.0,1,1.2857142857142858,2.214669705568281,0.0,6.0,0.9285714285714286,0.6071428571428571,1.286375491356197,0.0,6.0,2.11764705882353,0,161.58,0.0,0.0,False,False,False,True,False,False,False,False,False,False,False,False,False,False,False,False,False,True,False,False,False,False,False,False,False,False,False,False,False,False,False,False,False,True,False,False
UAE,Gaming Laptop,2025-05-28,Electronics,2.0,1059.35,0.12,20.0,2.0,1.0,0.0,2,28,22,5,2,148,0,0.9749279121818236,-0.22252093395631434,0.49999999999999994,-0.8660254037844387,0.0,1,6.0,1,0.0,1,0.0,1,1.2857142857142858,2.214669705568281,0.0,6.0,0.7857142857142857,0.5357142857142857,1.261455445614245,0.0,6.0,2.4000000000000004,1,161.58,897.7699999999999,5.556195073647728,False,False,False,True,False,False,False,False,False,False,False,False,False,False,False,False,False,True,False,False,False,False,False,False,False,False,False,False,False,False,False,False,False,True,False,False
UAE,Gaming Laptop,2025-05-29,Electronics,1.0,849.52,0.06,20.0,2.0,1.0,0.0,3,29,22,5,2,149,0,0.43388373911755823,-0.900968867902419,0.49999999999999994,-0.8660254037844387,2.0,1,0.0,1,0.0,1,0.0,1,0.7142857142857143,0.9511897312113378,0.0,2.0,0.9285714285714286,0.6071428571428571,1.286375491356197,0.0,6.0,1.1764705882352942,1,1059.35,-209.82999999999993,-0.1980742908387218,False,False,False,True,False,False,False,False,False,False,False,False,False,False,False,False,False,True,False,False,False,False,False,False,False,False,False,False,False,False,False,False,False,True,False,False
UAE,Gaming Laptop,2025-05-30,Electronics,0.0,849.52,,20.0,2.0,0.0,0.0,4,30,22,5,2,150,0,-0.433883739117558,-0.9009688679024191,0.49999999999999994,-0.8660254037844387,1.0,1,0.0,1,0.0,1,0.0,1,0.8571428571428571,0.8997354108424328,0.0,2.0,1.0,0.6428571428571429,1.2827714704898292,0.0,6.0,1.3333333333333333,0,849.52,0.0,0.0,False,False,False,True,False,False,False,False,False,False,False,False,False,False,False,False,False,True,False,False,False,False,False,False,False,False,False,False,False,False,False,False,False,True,False,False
UAE,Gaming Laptop,2025-05-31,Electronics,0.0,849.52,,20.0,2.0,0.0,0.0,5,31,22,5,2,151,1,-0.9749279121818236,-0.2225209339563146,0.49999999999999994,-0.8660254037844387,0.0,1,1.0,1,1.0,1,0.0,1,0.8571428571428571,0.8997354108424328,0.0,2.0,1.0,0.6428571428571429,1.2827714704898292,0.0,6.0,1.3333333333333333,0,849.52,0.0,0.0,False,False,False,True,False,False,False,False,False,False,False,False,False,False,False,False,False,True,False,False,False,False,False,False,False,False,False,False,False,False,False,False,False,True,False,False
UAE,Gaming Laptop,2025-06-01,Electronics,0.0,849.52,,20.0,2.0,0.0,0.0,6,1,22,6,2,152,1,-0.7818314824680299,0.6234898018587334,1.2246467991473532e-16,-1.0,0.0,1,2.0,1,0.0,1,0.0,1,0.7142857142857143,0.9511897312113378,0.0,2.0,0.9285714285714286,0.6428571428571429,1.2827714704898292,0.0,6.0,1.1111111111111112,0,849.52,0.0,0.0,False,False,False,True,False,False,False,False,False,False,False,False,False,False,False,False,False,True,False,False,False,False,False,False,False,False,False,False,False,False,False,False,False,True,False,False
UAE,Gaming Laptop,2025-06-02,Electronics,0.0,849.52,,20.0,2.0,0.0,0.0,0,2,23,6,2,153,0,0.0,1.0,1.2246467991473532e-16,-1.0,0.0,1,0.0,1,1.0,1,0.0,1,0.42857142857142855,0.7867957924694388,0.0,2.0,0.9285714285714286,0.6428571428571429,1.2827714704898292,0.0,6.0,0.6666666666666666,0,849.52,0.0,0.0,False,False,False,True,False,False,False,False,False,False,False,False,False,False,False,False,False,True,False,False,False,False,False,False,False,False,False,False,False,False,False,False,False,True,False,False
UAE,Gaming Laptop,2025-06-03,Electronics,0.0,849.52,,20.0,2.0,0.0,0.0,1,3,23,6,2,154,0,0.7818314824680298,0.6234898018587336,1.2246467991473532e-16,-1.0,0.0,1,0.0,1,0.0,1,0.0,1,0.42857142857142855,0.7867957924694388,0.0,2.0,0.8571428571428571,0.6428571428571429,1.2827714704898292,0.0,6.0,0.6666666666666666,0,849.52,0.0,0.0,False,False,False,True,False,False,False,False,False,False,False,False,False,False,False,False,False,True,False,False,False,False,False,False,False,False,False,False,False,False,False,False,False,True,False,False
UAE,Gaming Laptop,2025-06-04,Electronics,0.0,849.52,,20.0,2.0,0.0,0.0,2,4,23,6,2,155,0,0.9749279121818236,-0.22252093395631434,1.2246467991473532e-16,-1.0,0.0,1,2.0,1,6.0,1,0.0,1,0.42857142857142855,0.7867957924694388,0.0,2.0,0.8571428571428571,0.6428571428571429,1.2827714704898292,0.0,6.0,0.6666666666666666,0,849.52,0.0,0.0,False,False,False,True,False,False,False,False,False,False,False,False,False,False,False,False,False,True,False,False,False,False,False,False,False,False,False,False,False,False,False,False,False,True,False,False
UAE,Gaming Laptop,2025-06-05,Electronics,5.0,423.16499999999996,0.09,20.0,2.0,1.0,1.0,3,5,23,6,2,156,0,0.43388373911755823,-0.900968867902419,1.2246467991473532e-16,-1.0,0.0,1,1.0,1,0.0,1,0.0,1,0.14285714285714285,0.3779644730092193,0.0,1.0,0.42857142857142855,0.6428571428571429,1.2827714704898292,0.0,6.0,0.22222222222222218,1,849.52,-426.355,-0.5018775308409456,False,False,False,True,False,False,False,False,False,False,False,False,False,False,False,False,False,True,False,False,False,False,False,False,False,False,False,False,False,False,False,False,False,True,False,False
UAE,Gaming Laptop,2025-06-06,Electronics,0.0,423.16499999999996,,20.0,2.0,0.0,0.0,4,6,23,6,2,157,0,-0.433883739117558,-0.9009688679024191,1.2246467991473532e-16,-1.0,5.0,1,0.0,1,0.0,1,2.0,1,0.7142857142857143,1.889822365046134,0.0,5.0,0.7857142857142857,0.8214285714285714,1.5166623059417492,0.0,6.0,0.8695652173913044,0,423.16499999999996,0.0,0.0,False,False,False,True,False,False,False,False,False,False,False,False,False,False,False,False,False,True,False,False,False,False,False,False,False,False,False,False,False,False,False,False,False,True,False,False
UAE,Gaming Laptop,2025-06-07,Electronics,3.0,1143.33,0.1,20.0,2.0,1.0,0.0,5,7,23,6,2,158,1,-0.9749279121818236,-0.2225209339563146,1.2246467991473532e-16,-1.0,0.0,1,0.0,1,1.0,1,0.0,1,0.7142857142857143,1.889822365046134,0.0,5.0,0.7857142857142857,0.75,1.506160190191771,0.0,6.0,0.9523809523809524,1,423.16499999999996,720.165,1.7018538867817519,False,False,False,True,False,False,False,False,False,False,False,False,False,False,False,False,False,True,False,False,False,False,False,False,False,False,False,False,False,False,False,False,False,True,False,False
UAE,Gaming Laptop,2025-06-08,Electronics,0.0,1143.33,,20.0,2.0,0.0,0.0,6,8,23,6,2,159,1,-0.7818314824680299,0.6234898018587334,1.2246467991473532e-16,-1.0,3.0,1,0.0,1,2.0,1,0.0,1,1.1428571428571428,2.0354009783964275,0.0,5.0,0.9285714285714286,0.8571428571428571,1.5566889295168824,0.0,6.0,1.3333333333333333,0,1143.33,0.0,0.0,False,False,False,True,False,False,False,False,False,False,False,False,False,False,False,False,False,True,False,False,False,False,False,False,False,False,False,False,False,False,False,False,False,True,False,False
UAE,Gaming Laptop,2025-06-09,Electronics,0.0,1143.33,,20.0,2.0,0.0,0.0,0,9,24,6,2,160,0,0.0,1.0,1.2246467991473532e-16,-1.0,0.0,1,0.0,1,0.0,1,0.0,1,1.1428571428571428,2.0354009783964275,0.0,5.0,0.7857142857142857,0.8571428571428571,1.5566889295168824,0.0,6.0,1.3333333333333333,0,1143.33,0.0,0.0,False,False,False,True,False,False,False,False,False,False,False,False,False,False,False,False,False,True,False,False,False,False,False,False,False,False,False,False,False,False,False,False,False,True,False,False
UAE,Gaming Laptop,2025-06-10,Electronics,3.0,444.95,0.08,20.0,2.0,1.0,0.0,1,10,24,6,2,161,0,0.7818314824680298,0.6234898018587336,1.2246467991473532e-16,-1.0,0.0,1,0.0,1,0.0,1,2.0,1,1.1428571428571428,2.0354009783964275,0.0,5.0,0.7857142857142857,0.8571428571428571,1.5566889295168824,0.0,6.0,1.3333333333333333,1,1143.33,-698.3799999999999,-0.6108297691830005,False,False,False,True,False,False,False,False,False,False,False,False,False,False,False,False,False,True,False,False,False,False,False,False,False,False,False,False,False,False,False,False,False,True,False,False
UAE,Gaming Laptop,2025-06-11,Electronics,0.0,444.95,,20.0,2.0,0.0,0.0,2,11,24,6,2,162,0,0.9749279121818236,-0.22252093395631434,1.2246467991473532e-16,-1.0,3.0,1,0.0,1,2.0,1,0.0,1,1.5714285714285714,2.07019667802706,0.0,5.0,1.0,0.8928571428571429,1.594882689620396,0.0,6.0,1.7599999999999998,0,444.95,0.0,0.0,False,False,False,True,False,False,False,False,False,False,False,False,False,False,False,False,False,True,False,False,False,False,False,False,False,False,False,False,False,False,False,False,False,True,False,False
UAE,Gaming Laptop,2025-06-12,Electronics,0.0,444.95,,20.0,2.0,0.0,0.0,3,12,24,6,2,163,0,0.43388373911755823,-0.900968867902419,1.2246467991473532e-16,-1.0,0.0,1,5.0,1,1.0,1,0.0,1,1.5714285714285714,2.07019667802706,0.0,5.0,0.8571428571428571,0.8928571428571429,1.594882689620396,0.0,6.0,1.7599999999999998,0,444.95,0.0,0.0,False,False,False,True,False,False,False,False,False,False,False,False,False,False,False,False,False,True,False,False,False,False,False,False,False,False,False,False,False,False,False,False,False,True,False,False
UAE,Gaming Laptop,2025-06-13,Electronics,0.0,444.95,,20.0,2.0,0.0,0.0,4,13,24,6,2,164,0,-0.433883739117558,-0.9009688679024191,1.2246467991473532e-16,-1.0,0.0,1,0.0,1,0.0,1,0.0,1,0.8571428571428571,1.463850109422797,0.0,3.0,0.7857142857142857,0.8928571428571429,1.594882689620396,0.0,6.0,0.9599999999999999,0,444.95,0.0,0.0,False,False,False,True,False,False,False,False,False,False,False,False,False,False,False,False,False,True,False,False,False,False,False,False,False,False,False,False,False,False,False,False,False,True,False,False
UAE,Gaming Laptop,2025-06-14,Electronics,0.0,444.95,,20.0,2.0,0.0,0.0,5,14,24,6,2,165,1,-0.9749279121818236,-0.2225209339563146,1.2246467991473532e-16,-1.0,0.0,1,3.0,1,0.0,1,1.0,1,0.8571428571428571,1.463850109422797,0.0,3.0,0.7857142857142857,0.8928571428571429,1.594882689620396,0.0,6.0,0.9599999999999999,0,444.95,0.0,0.0,False,False,False,True,False,False,False,False,False,False,False,False,False,False,False,False,False,True,False,False,False,False,False,False,False,False,False,False,False,False,False,False,False,True,False,False
UAE,Gaming Laptop,2025-06-15,Electronics,3.0,517.75,0.1,20.0,2.0,1.0,0.0,6,15,24,6,2,166,1,-0.7818314824680299,0.6234898018587334,1.2246467991473532e-16,-1.0,0.0,1,0.0,1,0.0,1,0.0,1,0.42857142857142855,1.1338934190276788,0.0,3.0,0.7857142857142857,0.8571428571428571,1.6035674514745446,0.0,6.0,0.5,1,444.95,72.80000000000001,0.16361388920103384,False,False,False,True,False,False,False,False,False,False,False,False,False,False,False,False,False,True,False,False,False,False,False,False,False,False,False,False,False,False,False,False,False,True,False,False
UAE,Gaming Laptop,2025-06-16,Electronics,0.0,517.75,,20.0,2.0,0.0,0.0,0,16,25,6,2,167,0,0.0,1.0,1.2246467991473532e-16,-1.0,3.0,1,0.0,1,0.0,1,1.0,1,0.8571428571428571,1.463850109422797,0.0,3.0,1.0,0.9642857142857143,1.6438920136009383,0.0,6.0,0.8888888888888888,0,517.75,0.0,0.0,False,False,False,True,False,False,False,False,False,False,False,False,False,False,False,False,False,True,False,False,False,False,False,False,False,False,False,False,False,False,False,False,False,True,False,False
UAE,Gaming Laptop,2025-06-17,Electronics,1.0,427.44,0.13,20.0,2.0,1.0,0.0,1,17,25,6,2,168,0,0.7818314824680298,0.6234898018587336,1.2246467991473532e-16,-1.0,0.0,1,3.0,1,0.0,1,0.0,1,0.8571428571428571,1.463850109422797,0.0,3.0,1.0,0.9285714285714286,1.6539195069439536,0.0,6.0,0.923076923076923,1,517.75,-90.31,-0.1744278126508933,False,False,False,True,False,False,False,False,False,False,False,False,False,False,False,False,False,True,False,False,False,False,False,False,False,False,False,False,False,False,False,False,False,True,False,False
UAE,Gaming Laptop,2025-06-18,Electronics,0.0,427.44,,20.0,2.0,0.0,0.0,2,18,25,6,2,169,0,0.9749279121818236,-0.22252093395631434,1.2246467991473532e-16,-1.0,1.0,1,0.0,1,0.0,1,6.0,1,0.5714285714285714,1.1338934190276786,0.0,3.0,1.0714285714285714,0.9642857142857143,1.6438920136009383,0.0,6.0,0.5925925925925926,0,427.44,0.0,0.0,False,False,False,True,False,False,False,False,False,False,False,False,False,False,False,False,False,True,False,False,False,False,False,False,False,False,False,False,False,False,False,False,False,True,False,False
UAE,Gaming Laptop,2025-06-19,Electronics,0.0,427.44,,20.0,2.0,0.0,0.0,3,19,25,6,2,170,0,0.43388373911755823,-0.900968867902419,1.2246467991473532e-16,-1.0,0.0,1,0.0,1,5.0,1,0.0,1,0.5714285714285714,1.1338934190276786,0.0,3.0,1.0714285714285714,0.75,1.322875655532293,0.0,5.0,0.7619047619047619,0,427.44,0.0,0.0,False,False,False,True,False,False,False,False,False,False,False,False,False,False,False,False,False,True,False,False,False,False,False,False,False,False,False,False,False,False,False,False,False,True,False,False
UAE,Gaming Laptop,2025-06-20,Electronics,1.0,1276.14,0.01,20.0,2.0,1.0,0.0,4,20,25,6,2,171,0,-0.433883739117558,-0.9009688679024191,1.2246467991473532e-16,-1.0,0.0,1,0.0,1,0.0,1,0.0,1,0.5714285714285714,1.1338934190276786,0.0,3.0,0.7142857142857143,0.75,1.322875655532293,0.0,5.0,0.7619047619047619,1,427.44,848.7,1.9855418304323416,False,False,False,True,False,False,False,False,False,False,False,False,False,False,False,False,False,True,False,False,False,False,False,False,False,False,False,False,False,False,False,False,False,True,False,False
UAE,Gaming Laptop,2025-06-21,Electronics,0.0,1276.14,,20.0,2.0,0.0,0.0,5,21,25,6,2,172,1,-0.9749279121818236,-0.2225209339563146,1.2246467991473532e-16,-1.0,1.0,1,0.0,1,3.0,1,1.0,1,0.7142857142857143,1.1126972805283701,0.0,3.0,0.7857142857142857,0.7857142857142857,1.3153549825650581,0.0,5.0,0.9090909090909092,0,1276.14,0.0,0.0,False,False,False,True,False,False,False,False,False,False,False,False,False,False,False,False,False,True,False,False,False,False,False,False,False,False,False,False,False,False,False,False,False,True,False,False
UAE,Gaming Laptop,2025-06-22,Electronics,0.0,1276.14,,20.0,2.0,0.0,0.0,6,22,25,6,2,173,1,-0.7818314824680299,0.6234898018587334,1.2246467991473532e-16,-1.0,0.0,1,3.0,1,0.0,1,2.0,1,0.7142857142857143,1.1126972805283701,0.0,3.0,0.5714285714285714,0.75,1.322875655532293,0.0,5.0,0.9523809523809524,0,1276.14,0.0,0.0,False,False,False,True,False,False,False,False,False,False,False,False,False,False,False,False,False,True,False,False,False,False,False,False,False,False,False,False,False,False,False,False,False,True,False,False
UAE,Gaming Laptop,2025-06-23,Electronics,0.0,1276.14,,20.0,2.0,0.0,0.0,0,23,26,6,2,174,0,0.0,1.0,1.2246467991473532e-16,-1.0,0.0,1,0.0,1,0.0,1,0.0,1,0.2857142857142857,0.48795003647426005,0.0,1.0,0.5714285714285714,0.6785714285714286,1.3067792306552592,0.0,5.0,0.42105263157894735,0,1276.14,0.0,0.0,False,False,False,True,False,False,False,False,False,False,False,False,False,False,False,False,False,True,False,False,False,False,False,False,False,False,False,False,False,False,False,False,False,True,False,False
UAE,Gaming Laptop,2025-06-24,Electronics,3.0,905.08,0.05,20.0,2.0,1.0,0.0,1,24,26,6,2,175,0,0.7818314824680298,0.6234898018587336,1.2246467991473532e-16,-1.0,0.0,1,1.0,1,3.0,1,0.0,1,0.2857142857142857,0.48795003647426005,0.0,1.0,0.5714285714285714,0.6785714285714286,1.3067792306552592,0.0,5.0,0.42105263157894735,1,1276.14,-371.06000000000006,-0.2907674706536901,False,False,False,True,False,False,False,False,False,False,False,False,False,False,False,False,False,True,False,False,False,False,False,False,False,False,False,False,False,False,False,False,False,True,False,False
UAE,Gaming Laptop,2025-06-25,Electronics,2.0,1162.57,0.05,20.0,2.0,1.0,0.0,2,25,26,6,2,176,0,0.9749279121818236,-0.22252093395631434,1.2246467991473532e-16,-1.0,3.0,1,0.0,1,0.0,1,2.0,1,0.5714285714285714,1.1338934190276784,0.0,3.0,0.5714285714285714,0.7857142857142857,1.3705133630530102,0.0,5.0,0.7272727272727273,1,905.08,257.4899999999999,0.28449418835903995,False,False,False,True,False,False,False,False,False,False,False,False,False,False,False,False,False,True,False,False,False,False,False,False,False,False,False,False,False,False,False,False,False,True,False,False
UAE,Gaming Laptop,2025-06-26,Electronics,0.0,1162.57,,20.0,2.0,0.0,0.0,3,26,26,6,2,177,0,0.43388373911755823,-0.900968867902419,1.2246467991473532e-16,-1.0,2.0,1,0.0,1,0.0,1,1.0,1,0.8571428571428571,1.2149857925879084,0.0,3.0,0.7142857142857143,0.7857142857142857,1.3705133630530102,0.0,5.0,1.0909090909090908,0,1162.57,0.0,0.0,False,False,False,True,False,False,False,False,False,False,False,False,False,False,False,False,False,True,False,False,False,False,False,False,False,False,False,False,False,False,False,False,False,True,False,False
UAE,Gaming Laptop,2025-06-27,Electronics,0.0,1162.57,,20.0,2.0,0.0,0.0,4,27,26,6,2,178,0,-0.433883739117558,-0.9009688679024191,1.2246467991473532e-16,-1.0,0.0,1,1.0,1,0.0,1,0.0,1,0.8571428571428571,1.2149857925879084,0.0,3.0,0.7142857142857143,0.75,1.3777329741819138,0.0,5.0,1.1428571428571428,0,1162.57,0.0,0.0,False,False,False,True,False,False,False,False,False,False,False,False,False,False,False,False,False,True,False,False,False,False,False,False,False,False,False,False,False,False,False,False,False,True,False,False
UAE,Gaming Laptop,2025-06-28,Electronics,2.0,608.74,0.05,20.0,2.0,1.0,0.0,5,28,26,6,2,179,1,-0.9749279121818236,-0.2225209339563146,1.2246467991473532e-16,-1.0,0.0,1,0.0,1,0.0,1,0.0,1,0.7142857142857143,1.2535663410560145,0.0,3.0,0.7142857142857143,0.75,1.3777329741819138,0.0,5.0,0.9523809523809524,1,1162.57,-553.8299999999999,-0.47638421772452405,False,False,False,True,False,False,False,False,False,False,False,False,False,False,False,False,False,True,False,False,False,False,False,False,False,False,False,False,False,False,False,False,False,True,False,False
UAE,Gaming Laptop,2025-06-29,Electronics,0.0,608.74,,20.0,2.0,0.0,0.0,6,29,26,6,2,180,1,-0.7818314824680299,0.6234898018587334,1.2246467991473532e-16,-1.0,2.0,1,0.0,1,3.0,1,0.0,1,1.0,1.2909944487358023,0.0,3.0,0.8571428571428571,0.8214285714285714,1.3892063129334584,0.0,5.0,1.2173913043478262,0,608.74,0.0,0.0,False,False,False,True,False,False,False,False,False,False,False,False,False,False,False,False,False,True,False,False,False,False,False,False,False,False,False,False,False,False,False,False,False,True,False,False
UAE,Gaming Laptop,2025-06-30,Electronics,0.0,608.74,,20.0,2.0,0.0,0.0,0,30,27,6,2,181,0,0.0,1.0,1.2246467991473532e-16,-1.0,0.0,1,0.0,1,0.0,1,0.0,1,1.0,1.2909944487358023,0.0,3.0,0.6428571428571429,0.8214285714285714,1.3892063129334584,0.0,5.0,1.2173913043478262,0,608.74,0.0,0.0,False,False,False,True,False,False,False,False,False,False,False,False,False,False,False,False,False,True,False,False,False,False,False,False,False,False,False,False,False,False,False,False,False,True,False,False
UAE,Gaming Laptop,2025-07-01,Electronics,0.0,608.74,,20.0,2.0,0.0,0.0,1,1,27,7,3,182,0,0.7818314824680298,0.6234898018587336,-0.4999999999999997,-0.8660254037844388,0.0,1,3.0,1,1.0,1,0.0,1,1.0,1.2909944487358023,0.0,3.0,0.6428571428571429,0.8214285714285714,1.3892063129334584,0.0,5.0,1.2173913043478262,0,608.74,0.0,0.0,False,False,False,True,False,False,False,False,False,False,False,False,False,False,False,False,False,True,False,False,False,False,False,False,False,False,False,False,False,False,False,False,False,True,False,False
UAE,Gaming Laptop,2025-07-02,Electronics,6.0,273.53,0.08,20.0,2.0,1.0,1.0,2,2,27,7,3,183,0,0.9749279121818236,-0.22252093395631434,-0.4999999999999997,-0.8660254037844388,0.0,1,2.0,1,0.0,1,0.0,1,0.5714285714285714,0.9759000729485294,0.0,2.0,0.5714285714285714,0.8214285714285714,1.3892063129334584,0.0,5.0,0.6956521739130435,1,608.74,-335.21000000000004,-0.550662023195453,False,False,False,True,False,False,False,False,False,False,False,False,False,False,False,False,False,True,False,False,False,False,False,False,False,False,False,False,False,False,False,False,False,True,False,False
UAE,Gaming Laptop,2025-07-03,Electronics,2.0,1210.86,0.08,20.0,2.0,1.0,0.0,3,3,27,7,3,184,0,0.43388373911755823,-0.900968867902419,-0.4999999999999997,-0.8660254037844388,6.0,1,0.0,1,0.0,1,5.0,1,1.1428571428571428,2.267786838055361,0.0,6.0,1.0,1.0357142857142858,1.6883510003933115,0.0,6.0,1.1034482758620687,1,273.53,937.3299999999999,3.426790480020473,False,False,False,True,False,False,False,False,False,False,False,False,False,False,False,False,False,True,False,False,False,False,False,False,False,False,False,False,False,False,False,False,False,True,False,False
UAE,Gaming Laptop,2025-07-04,Electronics,3.0,528.42,0.14,20.0,2.0,1.0,0.0,4,4,27,7,3,185,0,-0.433883739117558,-0.9009688679024191,-0.4999999999999997,-0.8660254037844388,2.0,1,0.0,1,1.0,1,0.0,1,1.4285714285714286,2.2253945610567447,0.0,6.0,1.1428571428571428,0.9285714285714286,1.5136067160941395,0.0,6.0,1.5384615384615385,1,1210.86,-682.4399999999999,-0.5635994252019226,False,False,False,True,False,False,False,False,False,False,False,False,False,False,False,False,False,True,False,False,False,False,False,False,False,False,False,False,False,False,False,False,False,True,False,False
UAE,Gaming Laptop,2025-07-05,Electronics,5.0,1200.22,0.04,20.0,2.0,1.0,1.0,5,5,27,7,3,186,1,-0.9749279121818236,-0.2225209339563146,-0.4999999999999997,-0.8660254037844388,3.0,1,2.0,1,0.0,1,3.0,1,1.8571428571428572,2.1930626551751313,0.0,6.0,1.2857142857142858,1.0357142857142858,1.5511559096637098,0.0,6.0,1.7931034482758619,1,528.42,671.8000000000001,1.271337193898793,False,False,False,True,False,False,False,False,False,False,False,False,False,False,False,False,False,True,False,False,False,False,False,False,False,False,False,False,False,False,False,False,False,True,False,False
UAE,Gaming Laptop,2025-07-06,Electronics,0.0,1200.22,,20.0,2.0,0.0,0.0,6,6,27,7,3,187,1,-0.7818314824680299,0.6234898018587334,-0.4999999999999997,-0.8660254037844388,5.0,1,0.0,1,0.0,1,0.0,1,2.2857142857142856,2.4976179127511124,0.0,6.0,1.6428571428571428,1.1071428571428572,1.6852142563920725,0.0,6.0,2.064516129032258,0,1200.22,0.0,0.0,False,False,False,True,False,False,False,False,False,False,False,False,False,False,False,False,False,True,False,False,False,False,False,False,False,False,False,False,False,False,False,False,False,True,False,False
UAE,Gaming Laptop,2025-07-07,Electronics,0.0,1200.22,,20.0,2.0,0.0,0.0,0,7,28,7,3,188,0,0.0,1.0,-0.4999999999999997,-0.8660254037844388,0.0,1,0.0,1,0.0,1,0.0,1,2.2857142857142856,2.4976179127511124,0.0,6.0,1.6428571428571428,1.1071428571428572,1.6852142563920725,0.0,6.0,2.064516129032258,0,1200.22,0.0,0.0,False,False,False,True,False,False,False,False,False,False,False,False,False,False,False,False,False,True,False,False,False,False,False,False,False,False,False,False,False,False,False,False,False,True,False,False
UAE,Gaming Laptop,2025-07-08,Electronics,0.0,1200.22,,20.0,2.0,0.0,0.0,1,8,28,7,3,189,0,0.7818314824680298,0.6234898018587336,-0.4999999999999997,-0.8660254037844388,0.0,1,0.0,1,3.0,1,3.0,1,2.2857142857142856,2.4976179127511124,0.0,6.0,1.6428571428571428,1.1071428571428572,1.6852142563920725,0.0,6.0,2.064516129032258,0,1200.22,0.0,0.0,False,False,False,True,False,False,False,False,False,False,False,False,False,False,False,False,False,True,False,False,False,False,False,False,False,False,False,False,False,False,False,False,False,True,False,False
UAE,Gaming Laptop,2025-07-09,Electronics,2.0,820.51,0.0,20.0,2.0,0.0,0.0,2,9,28,7,3,190,0,0.9749279121818236,-0.22252093395631434,-0.4999999999999997,-0.8660254037844388,0.0,1,6.0,1,2.0,1,0.0,1,2.2857142857142856,2.4976179127511124,0.0,6.0,1.4285714285714286,1.0,1.6555182695279251,0.0,6.0,2.2857142857142856,0,1200.22,-379.71000000000004,-0.31636699938344637,False,False,False,True,False,False,False,False,False,False,False,False,False,False,False,False,False,True,False,False,False,False,False,False,False,False,False,False,False,False,False,False,False,True,False,False
UAE,Gaming Laptop,2025-07-10,Electronics,2.0,549.1,0.02,20.0,2.0,1.0,0.0,3,10,28,7,3,191,0,0.43388373911755823,-0.900968867902419,-0.4999999999999997,-0.8660254037844388,2.0,1,2.0,1,0.0,1,0.0,1,1.7142857142857142,1.8898223650461332,0.0,5.0,1.4285714285714286,1.0714285714285714,1.6539195069439536,0.0,6.0,1.5999999999999999,1,820.51,-271.40999999999997,-0.33078207456338127,False,False,False,True,False,False,False,False,False,False,False,False,False,False,False,False,False,True,False,False,False,False,False,False,False,False,False,False,False,False,False,False,False,True,False,False
UAE,Gaming Laptop,2025-07-11,Electronics,0.0,549.1,,20.0,2.0,0.0,0.0,4,11,28,7,3,192,0,-0.433883739117558,-0.9009688679024191,-0.4999999999999997,-0.8660254037844388,2.0,1,3.0,1,0.0,1,0.0,1,1.7142857142857142,1.8898223650461332,0.0,5.0,1.5714285714285714,1.1428571428571428,1.6491139195267,0.0,6.0,1.5,0,549.1,0.0,0.0,False,False,False,True,False,False,False,False,False,False,False,False,False,False,False,False,False,True,False,False,False,False,False,False,False,False,False,False,False,False,False,False,False,True,False,False
UAE,Gaming Laptop,2025-07-12,Electronics,2.0,1408.4,0.13,20.0,2.0,1.0,0.0,5,12,28,7,3,193,1,-0.9749279121818236,-0.2225209339563146,-0.4999999999999997,-0.8660254037844388,0.0,1,5.0,1,2.0,1,0.0,1,1.2857142857142858,1.8898223650461337,0.0,5.0,1.5714285714285714,1.1428571428571428,1.6491139195267,0.0,6.0,1.1250000000000002,1,549.1,859.3000000000001,1.5649244217810965,False,False,False,True,False,False,False,False,False,False,False,False,False,False,False,False,False,True,False,False,False,False,False,False,False,False,False,False,False,False,False,False,False,True,False,False
UAE,Gaming Laptop,2025-07-13,Electronics,0.0,1408.4,,20.0,2.0,0.0,0.0,6,13,28,7,3,194,1,-0.7818314824680299,0.6234898018587334,-0.4999999999999997,-0.8660254037844388,2.0,1,0.0,1,0.0,1,3.0,1,0.8571428571428571,1.0690449676496938,0.0,2.0,1.5714285714285714,1.2142857142857142,1.6410733356927376,0.0,6.0,0.7058823529411765,0,1408.4,0.0,0.0,False,False,False,True,False,False,False,False,False,False,False,False,False,False,False,False,False,True,False,False,False,False,False,False,False,False,False,False,False,False,False,False,False,True,False,False
UAE,Gaming Laptop,2025-07-14,Electronics,0.0,1408.4,,20.0,2.0,0.0,0.0,0,14,29,7,3,195,0,0.0,1.0,-0.4999999999999997,-0.8660254037844388,0.0,1,0.0,1,0.0,1,0.0,1,0.8571428571428571,1.0690449676496938,0.0,2.0,1.5714285714285714,1.1071428571428572,1.6179384622799664,0.0,6.0,0.7741935483870966,0,1408.4,0.0,0.0,False,False,False,True,False,False,False,False,False,False,False,False,False,False,False,False,False,True,False,False,False,False,False,False,False,False,False,False,False,False,False,False,False,True,False,False
UAE,Gaming Laptop,2025-07-15,Electronics,0.0,1408.4,,20.0,2.0,0.0,0.0,1,15,29,7,3,196,0,0.7818314824680298,0.6234898018587336,-0.4999999999999997,-0.8660254037844388,0.0,1,0.0,1,0.0,1,1.0,1,0.8571428571428571,1.0690449676496938,0.0,2.0,1.5714285714285714,1.1071428571428572,1.6179384622799664,0.0,6.0,0.7741935483870966,0,1408.4,0.0,0.0,False,False,False,True,False,False,False,False,False,False,False,False,False,False,False,False,False,True,False,False,False,False,False,False,False,False,False,False,False,False,False,False,False,True,False,False
UAE,Gaming Laptop,2025-07-16,Electronics,0.0,1408.4,,20.0,2.0,0.0,0.0,2,16,29,7,3,197,0,0.9749279121818236,-0.22252093395631434,-0.4999999999999997,-0.8660254037844388,0.0,1,2.0,1,6.0,1,0.0,1,0.8571428571428571,1.0690449676496938,0.0,2.0,1.5714285714285714,1.0714285714285714,1.631372324570837,0.0,6.0,0.7999999999999999,0,1408.4,0.0,0.0,False,False,False,True,False,False,False,False,False,False,False,False,False,False,False,False,False,True,False,False,False,False,False,False,False,False,False,False,False,False,False,False,False,True,False,False
UAE,Gaming Laptop,2025-07-17,Electronics,0.0,1408.4,,20.0,2.0,0.0,0.0,3,17,29,7,3,198,0,0.43388373911755823,-0.900968867902419,-0.4999999999999997,-0.8660254037844388,0.0,1,2.0,1,2.0,1,0.0,1,0.5714285714285714,0.9759000729485295,0.0,2.0,1.1428571428571428,1.0714285714285714,1.631372324570837,0.0,6.0,0.5333333333333333,0,1408.4,0.0,0.0,False,False,False,True,False,False,False,False,False,False,False,False,False,False,False,False,False,True,False,False,False,False,False,False,False,False,False,False,False,False,False,False,False,True,False,False
UAE,Gaming Laptop,2025-07-18,Electronics,3.0,303.88,0.07,20.0,2.0,1.0,0.0,4,18,29,7,3,199,0,-0.433883739117558,-0.9009688679024191,-0.4999999999999997,-0.8660254037844388,0.0,1,0.0,1,3.0,1,1.0,1,0.2857142857142857,0.7559289460184505,0.0,2.0,1.0,1.0714285714285714,1.631372324570837,0.0,6.0,0.26666666666666666,1,1408.4,-1104.52,-0.7842374325475716,False,False,False,True,False,False,False,False,False,False,False,False,False,False,False,False,False,True,False,False,False,False,False,False,False,False,False,False,False,False,False,False,False,True,False,False
UAE,Gaming Laptop,2025-07-19,Electronics,0.0,303.88,,20.0,2.0,0.0,0.0,5,19,29,7,3,200,1,-0.9749279121818236,-0.2225209339563146,-0.4999999999999997,-0.8660254037844388,3.0,1,2.0,1,5.0,1,0.0,1,0.7142857142857143,1.2535663410560145,0.0,3.0,1.0,1.1428571428571428,1.6714217880746884,0.0,6.0,0.625,0,303.88,0.0,0.0,False,False,False,True,False,False,False,False,False,False,False,False,False,False,False,False,False,True,False,False,False,False,False,False,False,False,False,False,False,False,False,False,False,True,False,False
UAE,Gaming Laptop,2025-07-20,Electronics,1.0,562.15,0.08,20.0,2.0,1.0,0.0,6,20,29,7,3,201,1,-0.7818314824680299,0.6234898018587334,-0.4999999999999997,-0.8660254037844388,0.0,1,0.0,1,0.0,1,0.0,1,0.42857142857142855,1.1338934190276786,0.0,3.0,0.6428571428571429,1.1428571428571428,1.6714217880746884,0.0,6.0,0.375,1,303.88,258.27,0.849907858365144,False,False,False,True,False,False,False,False,False,False,False,False,False,False,False,False,False,True,False,False,False,False,False,False,False,False,False,False,False,False,False,False,False,True,False,False
UAE,Gaming Laptop,2025-07-21,Electronics,0.0,562.15,,20.0,2.0,0.0,0.0,0,21,30,7,3,202,0,0.0,1.0,-0.4999999999999997,-0.8660254037844388,1.0,1,0.0,1,0.0,1,0.0,1,0.5714285714285714,1.1338934190276786,0.0,3.0,0.7142857142857143,1.1785714285714286,1.6567163289800069,0.0,6.0,0.4848484848484848,0,562.15,0.0,0.0,False,False,False,True,False,False,False,False,False,False,False,False,False,False,False,False,False,True,False,False,False,False,False,False,False,False,False,False,False,False,False,False,False,True,False,False
UAE,Gaming Laptop,2025-07-22,Electronics,3.0,267.08,0.08,20.0,2.0,1.0,0.0,1,22,30,7,3,203,0,0.7818314824680298,0.6234898018587336,-0.4999999999999997,-0.8660254037844388,0.0,1,0.0,1,0.0,1,3.0,1,0.5714285714285714,1.1338934190276786,0.0,3.0,0.7142857142857143,1.1785714285714286,1.6567163289800069,0.0,6.0,0.4848484848484848,1,562.15,-295.07,-0.5248954905274393,False,False,False,True,False,False,False,False,False,False,False,False,False,False,False,False,False,True,False,False,False,False,False,False,False,False,False,False,False,False,False,False,False,True,False,False
UAE,Gaming Laptop,2025-07-23,Electronics,0.0,267.08,,20.0,2.0,0.0,0.0,2,23,30,7,3,204,0,0.9749279121818236,-0.22252093395631434,-0.4999999999999997,-0.8660254037844388,3.0,1,0.0,1,2.0,1,2.0,1,1.0,1.414213562373092,0.0,3.0,0.9285714285714286,1.1785714285714286,1.6567163289800069,0.0,6.0,0.8484848484848485,0,267.08,0.0,0.0,False,False,False,True,False,False,False,False,False,False,False,False,False,False,False,False,False,True,False,False,False,False,False,False,False,False,False,False,False,False,False,False,False,True,False,False
UAE,Gaming Laptop,2025-07-24,Electronics,0.0,267.08,,20.0,2.0,0.0,0.0,3,24,30,7,3,205,0,0.43388373911755823,-0.900968867902419,-0.4999999999999997,-0.8660254037844388,0.0,1,0.0,1,2.0,1,0.0,1,1.0,1.414213562373092,0.0,3.0,0.7857142857142857,1.1071428571428572,1.663091403342886,0.0,6.0,0.9032258064516129,0,267.08,0.0,0.0,False,False,False,True,False,False,False,False,False,False,False,False,False,False,False,False,False,True,False,False,False,False,False,False,False,False,False,False,False,False,False,False,False,True,False,False
UAE,Gaming Laptop,2025-07-25,Electronics,0.0,267.08,,20.0,2.0,0.0,0.0,4,25,30,7,3,206,0,-0.433883739117558,-0.9009688679024191,-0.4999999999999997,-0.8660254037844388,0.0,1,3.0,1,0.0,1,0.0,1,1.0,1.414213562373092,0.0,3.0,0.6428571428571429,1.1071428571428572,1.663091403342886,0.0,6.0,0.9032258064516129,0,267.08,0.0,0.0,False,False,False,True,False,False,False,False,False,False,False,False,False,False,False,False,False,True,False,False,False,False,False,False,False,False,False,False,False,False,False,False,False,True,False,False
UAE,Gaming Laptop,2025-07-26,Electronics,1.0,390.59,0.08,20.0,2.0,1.0,0.0,5,26,30,7,3,207,1,-0.9749279121818236,-0.2225209339563146,-0.4999999999999997,-0.8660254037844388,0.0,1,0.0,1,2.0,1,2.0,1,0.5714285714285714,1.1338934190276786,0.0,3.0,0.6428571428571429,1.1071428571428572,1.663091403342886,0.0,6.0,0.5161290322580645,1,267.08,123.50999999999999,0.46244570915081623,False,False,False,True,False,False,False,False,False,False,False,False,False,False,False,False,False,True,False,False,False,False,False,False,False,False,False,False,False,False,False,False,False,True,False,False
UAE,Gaming Laptop,2025-07-27,Electronics,0.0,390.59,,20.0,2.0,0.0,0.0,6,27,30,7,3,208,1,-0.7818314824680299,0.6234898018587334,-0.4999999999999997,-0.8660254037844388,1.0,1,1.0,1,0.0,1,0.0,1,0.7142857142857143,1.1126972805283701,0.0,3.0,0.5714285714285714,1.0714285714285714,1.6539195069439534,0.0,6.0,0.6666666666666667,0,390.59,0.0,0.0,False,False,False,True,False,False,False,False,False,False,False,False,False,False,False,False,False,True,False,False,False,False,False,False,False,False,False,False,False,False,False,False,False,True,False,False
UAE,Gaming Laptop,2025-07-28,Electronics,0.0,390.59,,20.0,2.0,0.0,0.0,0,28,31,7,3,209,0,0.0,1.0,-0.4999999999999997,-0.8660254037844388,0.0,1,0.0,1,0.0,1,0.0,1,0.5714285714285714,1.1338934190276786,0.0,3.0,0.5714285714285714,1.0714285714285714,1.6539195069439534,0.0,6.0,0.5333333333333333,0,390.59,0.0,0.0,False,False,False,True,False,False,False,False,False,False,False,False,False,False,False,False,False,True,False,False,False,False,False,False,False,False,False,False,False,False,False,False,False,True,False,False
UAE,Gaming Laptop,2025-07-29,Electronics,2.0,1488.2,0.06,20.0,2.0,1.0,0.0,1,29,31,7,3,210,0,0.7818314824680298,0.6234898018587336,-0.4999999999999997,-0.8660254037844388,0.0,1,3.0,1,0.0,1,0.0,1,0.5714285714285714,1.1338934190276786,0.0,3.0,0.5714285714285714,1.0714285714285714,1.6539195069439534,0.0,6.0,0.5333333333333333,1,390.59,1097.6100000000001,2.810133387951561,False,False,False,True,False,False,False,False,False,False,False,False,False,False,False,False,False,True,False,False,False,False,False,False,False,False,False,False,False,False,False,False,False,True,False,False
UAE,Gaming Laptop,2025-07-30,Electronics,0.0,1488.2,,20.0,2.0,0.0,0.0,2,30,31,7,3,211,0,0.9749279121818236,-0.22252093395631434,-0.4999999999999997,-0.8660254037844388,2.0,1,0.0,1,0.0,1,6.0,1,0.42857142857142855,0.7867957924694389,0.0,2.0,0.7142857142857143,1.1428571428571428,1.6491139195266997,0.0,6.0,0.375,0,1488.2,0.0,0.0,False,False,False,True,False,False,False,False,False,False,False,False,False,False,False,False,False,True,False,False,False,False,False,False,False,False,False,False,False,False,False,False,False,True,False,False
UAE,Gaming Laptop,2025-07-31,Electronics,0.0,1488.2,,20.0,2.0,0.0,0.0,3,31,31,7,3,212,0,0.43388373911755823,-0.900968867902419,-0.4999999999999997,-0.8660254037844388,0.0,1,0.0,1,0.0,1,2.0,1,0.42857142857142855,0.7867957924694389,0.0,2.0,0.7142857142857143,0.9285714285714286,1.358882204814251,0.0,5.0,0.4615384615384615,0,1488.2,0.0,0.0,False,False,False,True,False,False,False,False,False,False,False,False,False,False,False,False,False,True,False,False,False,False,False,False,False,False,False,False,False,False,False,False,False,True,False,False
UAE,Gaming Laptop,2025-08-01,Electronics,1.0,667.08,0.15,20.0,2.0,1.0,0.0,4,1,31,8,3,213,0,-0.433883739117558,-0.9009688679024191,-0.8660254037844385,-0.5000000000000004,0.0,1,0.0,1,3.0,1,3.0,1,0.42857142857142855,0.7867957924694389,0.0,2.0,0.7142857142857143,0.8571428571428571,1.3530291315000664,0.0,5.0,0.5,1,1488.2,-821.12,-0.551753796532724,False,False,False,True,False,False,False,False,False,False,False,False,False,False,False,False,False,True,False,False,False,False,False,False,False,False,False,False,False,False,False,False,False,True,False,False
UAE,Gaming Laptop,2025-08-02,Electronics,0.0,667.08,,20.0,2.0,0.0,0.0,5,2,31,8,3,214,1,-0.9749279121818236,-0.2225209339563146,-0.8660254037844385,-0.5000000000000004,1.0,1,1.0,1,0.0,1,5.0,1,0.5714285714285714,0.7867957924694385,0.0,2.0,0.5714285714285714,0.7857142857142857,1.2868895275370957,0.0,5.0,0.7272727272727273,0,667.08,0.0,0.0,False,False,False,True,False,False,False,False,False,False,False,False,False,False,False,False,False,True,False,False,False,False,False,False,False,False,False,False,False,False,False,False,False,True,False,False
UAE,Gaming Laptop,2025-08-03,Electronics,0.0,667.08,,20.0,2.0,0.0,0.0,6,3,31,8,3,215,1,-0.7818314824680299,0.6234898018587334,-0.8660254037844385,-0.5000000000000004,0.0,1,0.0,1,1.0,1,0.0,1,0.42857142857142855,0.7867957924694389,0.0,2.0,0.5714285714285714,0.6071428571428571,0.994029797388001,0.0,3.0,0.7058823529411765,0,667.08,0.0,0.0,False,False,False,True,False,False,False,False,False,False,False,False,False,False,False,False,False,True,False,False,False,False,False,False,False,False,False,False,False,False,False,False,False,True,False,False
UAE,Gaming Laptop,2025-08-04,Electronics,3.0,1113.92,0.13,20.0,2.0,1.0,0.0,0,4,32,8,3,216,0,0.0,1.0,-0.8660254037844385,-0.5000000000000004,0.0,1,0.0,1,0.0,1,0.0,1,0.42857142857142855,0.7867957924694389,0.0,2.0,0.5,0.6071428571428571,0.994029797388001,0.0,3.0,0.7058823529411765,1,667.08,446.84000000000003,0.6698446962883012,False,False,False,True,False,False,False,False,False,False,False,False,False,False,False,False,False,True,False,False,False,False,False,False,False,False,False,False,False,False,False,False,False,True,False,False
UAE,Gaming Laptop,2025-08-05,Electronics,0.0,1113.92,,20.0,2.0,0.0,0.0,1,5,32,8,3,217,0,0.7818314824680298,0.6234898018587336,-0.8660254037844385,-0.5000000000000004,3.0,1,2.0,1,3.0,1,0.0,1,0.8571428571428571,1.2149857925879084,0.0,3.0,0.7142857142857143,0.7142857142857143,1.083791112070572,0.0,3.0,1.2,0,1113.92,0.0,0.0,False,False,False,True,False,False,False,False,False,False,False,False,False,False,False,False,False,True,False,False,False,False,False,False,False,False,False,False,False,False,False,False,False,True,False,False
UAE,Gaming Laptop,2025-08-06,Electronics,1.0,1089.02,0.03,20.0,2.0,1.0,0.0,2,6,32,8,3,218,0,0.9749279121818236,-0.22252093395631434,-0.8660254037844385,-0.5000000000000004,0.0,1,0.0,1,0.0,1,2.0,1,0.5714285714285714,1.1338934190276786,0.0,3.0,0.5,0.7142857142857143,1.083791112070572,0.0,3.0,0.7999999999999999,1,1113.92,-24.90000000000009,-0.022353490376328722,False,False,False,True,False,False,False,False,False,False,False,False,False,False,False,False,False,True,False,False,False,False,False,False,False,False,False,False,False,False,False,False,False,True,False,False
UAE,Gaming Laptop,2025-08-07,Electronics,0.0,1089.02,,20.0,2.0,0.0,0.0,3,7,32,8,3,219,0,0.43388373911755823,-0.900968867902419,-0.8660254037844385,-0.5000000000000004,1.0,1,0.0,1,0.0,1,2.0,1,0.7142857142857143,1.1126972805283701,0.0,3.0,0.5714285714285714,0.6785714285714286,1.0559731838826958,0.0,3.0,1.0526315789473684,0,1089.02,0.0,0.0,False,False,False,True,False,False,False,False,False,False,False,False,False,False,False,False,False,True,False,False,False,False,False,False,False,False,False,False,False,False,False,False,False,True,False,False
UAE,Gaming Laptop,2025-08-08,Electronics,3.0,1370.19,0.02,20.0,2.0,1.0,0.0,4,8,32,8,3,220,0,-0.433883739117558,-0.9009688679024191,-0.8660254037844385,-0.5000000000000004,0.0,1,1.0,1,0.0,1,0.0,1,0.7142857142857143,1.1126972805283701,0.0,3.0,0.5714285714285714,0.6071428571428571,1.0306159867619482,0.0,3.0,1.1764705882352942,1,1089.02,281.1700000000001,0.2581862592055243,False,False,False,True,False,False,False,False,False,False,False,False,False,False,False,False,False,True,False,False,False,False,False,False,False,False,False,False,False,False,False,False,False,True,False,False
UAE,Gaming Laptop,2025-08-09,Electronics,0.0,1370.19,,20.0,2.0,0.0,0.0,5,9,32,8,3,221,1,-0.9749279121818236,-0.2225209339563146,-0.8660254037844385,-0.5000000000000004,3.0,1,0.0,1,1.0,1,2.0,1,1.0,1.4142135623730918,0.0,3.0,0.7857142857142857,0.7142857142857143,1.1174422797966976,0.0,3.0,1.4,0,1370.19,0.0,0.0,False,False,False,True,False,False,False,False,False,False,False,False,False,False,False,False,False,True,False,False,False,False,False,False,False,False,False,False,False,False,False,False,False,True,False,False
UAE,Gaming Laptop,2025-08-10,Electronics,0.0,1370.19,,20.0,2.0,0.0,0.0,6,10,32,8,3,222,1,-0.7818314824680299,0.6234898018587334,-0.8660254037844385,-0.5000000000000004,0.0,1,0.0,1,0.0,1,0.0,1,1.0,1.4142135623730918,0.0,3.0,0.7142857142857143,0.6428571428571429,1.0959280090672896,0.0,3.0,1.5555555555555554,0,1370.19,0.0,0.0,False,False,False,True,False,False,False,False,False,False,False,False,False,False,False,False,False,True,False,False,False,False,False,False,False,False,False,False,False,False,False,False,False,True,False,False
UAE,Gaming Laptop,2025-08-11,Electronics,0.0,1370.19,,20.0,2.0,0.0,0.0,0,11,33,8,3,223,0,0.0,1.0,-0.8660254037844385,-0.5000000000000004,0.0,1,3.0,1,0.0,1,0.0,1,1.0,1.4142135623730918,0.0,3.0,0.7142857142857143,0.6428571428571429,1.0959280090672896,0.0,3.0,1.5555555555555554,0,1370.19,0.0,0.0,False,False,False,True,False,False,False,False,False,False,False,False,False,False,False,False,False,True,False,False,False,False,False,False,False,False,False,False,False,False,False,False,False,True,False,False
UAE,Gaming Laptop,2025-08-12,Electronics,0.0,1370.19,,20.0,2.0,0.0,0.0,1,12,33,8,3,224,0,0.7818314824680298,0.6234898018587336,-0.8660254037844385,-0.5000000000000004,0.0,1,0.0,1,2.0,1,0.0,1,0.5714285714285714,1.1338934190276786,0.0,3.0,0.7142857142857143,0.6428571428571429,1.0959280090672896,0.0,3.0,0.8888888888888887,0,1370.19,0.0,0.0,False,False,False,True,False,False,False,False,False,False,False,False,False,False,False,False,False,True,False,False,False,False,False,False,False,False,False,False,False,False,False,False,False,True,False,False
UAE,Gaming Laptop,2025-08-13,Electronics,0.0,1370.19,,20.0,2.0,0.0,0.0,2,13,33,8,3,225,0,0.9749279121818236,-0.22252093395631434,-0.8660254037844385,-0.5000000000000004,0.0,1,1.0,1,0.0,1,0.0,1,0.5714285714285714,1.1338934190276786,0.0,3.0,0.5714285714285714,0.6428571428571429,1.0959280090672896,0.0,3.0,0.8888888888888887,0,1370.19,0.0,0.0,False,False,False,True,False,False,False,False,False,False,False,False,False,False,False,False,False,True,False,False,False,False,False,False,False,False,False,False,False,False,False,False,False,True,False,False
UAE,Gaming Laptop,2025-08-14,Electronics,3.0,1346.44,0.01,20.0,2.0,1.0,0.0,3,14,33,8,3,226,0,0.43388373911755823,-0.900968867902419,-0.8660254037844385,-0.5000000000000004,0.0,1,0.0,1,0.0,1,0.0,1,0.42857142857142855,1.1338934190276788,0.0,3.0,0.5714285714285714,0.6428571428571429,1.0959280090672896,0.0,3.0,0.6666666666666666,1,1370.19,-23.75,-0.017333362526364957,False,False,False,True,False,False,False,False,False,False,False,False,False,False,False,False,False,True,False,False,False,False,False,False,False,False,False,False,False,False,False,False,False,True,False,False
UAE,Gaming Laptop,2025-08-15,Electronics,0.0,1346.44,,20.0,2.0,0.0,0.0,4,15,33,8,3,227,0,-0.433883739117558,-0.9009688679024191,-0.8660254037844385,-0.5000000000000004,3.0,1,3.0,1,1.0,1,3.0,1,0.8571428571428571,1.463850109422797,0.0,3.0,0.7857142857142857,0.75,1.1745763617703286,0.0,3.0,1.1428571428571428,0,1346.44,0.0,0.0,False,False,False,True,False,False,False,False,False,False,False,False,False,False,False,False,False,True,False,False,False,False,False,False,False,False,False,False,False,False,False,False,False,True,False,False
UAE,Gaming Laptop,2025-08-16,Electronics,3.0,1288.21,0.14,20.0,2.0,1.0,0.0,5,16,33,8,3,228,1,-0.9749279121818236,-0.2225209339563146,-0.8660254037844385,-0.5000000000000004,0.0,1,0.0,1,0.0,1,0.0,1,0.42857142857142855,1.1338934190276788,0.0,3.0,0.7142857142857143,0.6428571428571429,1.0959280090672896,0.0,3.0,0.6666666666666666,1,1346.44,-58.23000000000002,-0.04324737827159028,False,False,False,True,False,False,False,False,False,False,False,False,False,False,False,False,False,True,False,False,False,False,False,False,False,False,False,False,False,False,False,False,False,True,False,False
UAE,Gaming Laptop,2025-08-17,Electronics,1.0,394.46,0.03,20.0,2.0,1.0,0.0,6,17,33,8,3,229,1,-0.7818314824680299,0.6234898018587334,-0.8660254037844385,-0.5000000000000004,3.0,1,0.0,1,0.0,1,1.0,1,0.8571428571428571,1.463850109422797,0.0,3.0,0.9285714285714286,0.75,1.1745763617703289,0.0,3.0,1.1428571428571428,1,1288.21,-893.75,-0.6937921612159508,False,False,False,True,False,False,False,False,False,False,False,False,False,False,False,False,False,True,False,False,False,False,False,False,False,False,False,False,False,False,False,False,False,True,False,False
UAE,Gaming Laptop,2025-08-18,Electronics,0.0,394.46,,20.0,2.0,0.0,0.0,0,18,34,8,3,230,0,0.0,1.0,-0.8660254037844385,-0.5000000000000004,1.0,1,0.0,1,3.0,1,0.0,1,1.0,1.414213562373092,0.0,3.0,1.0,0.75,1.1745763617703289,0.0,3.0,1.3333333333333333,0,394.46,0.0,0.0,False,False,False,True,False,False,False,False,False,False,False,False,False,False,False,False,False,True,False,False,False,False,False,False,False,False,False,False,False,False,False,False,False,True,False,False
UAE,Gaming Laptop,2025-08-19,Electronics,2.0,1290.59,0.01,20.0,2.0,1.0,0.0,1,19,34,8,3,231,0,0.7818314824680298,0.6234898018587336,-0.8660254037844385,-0.5000000000000004,0.0,1,0.0,1,0.0,1,3.0,1,1.0,1.414213562373092,0.0,3.0,0.7857142857142857,0.75,1.1745763617703289,0.0,3.0,1.3333333333333333,1,394.46,896.1299999999999,2.27178928154946,False,False,False,True,False,False,False,False,False,False,False,False,False,False,False,False,False,True,False,False,False,False,False,False,False,False,False,False,False,False,False,False,False,True,False,False
UAE,Gaming Laptop,2025-08-20,Electronics,0.0,1290.59,,20.0,2.0,0.0,0.0,2,20,34,8,3,232,0,0.9749279121818236,-0.22252093395631434,-0.8660254037844385,-0.5000000000000004,2.0,1,0.0,1,1.0,1,0.0,1,1.2857142857142858,1.380131118684705,0.0,3.0,0.9285714285714286,0.7142857142857143,1.1174422797966976,0.0,3.0,1.8,0,1290.59,0.0,0.0,False,False,False,True,False,False,False,False,False,False,False,False,False,False,False,False,False,True,False,False,False,False,False,False,False,False,False,False,False,False,False,False,False,True,False,False
UAE,Gaming Laptop,2025-08-21,Electronics,0.0,1290.59,,20.0,2.0,0.0,0.0,3,21,34,8,3,233,0,0.43388373911755823,-0.900968867902419,-0.8660254037844385,-0.5000000000000004,0.0,1,3.0,1,0.0,1,0.0,1,1.2857142857142858,1.380131118684705,0.0,3.0,0.8571428571428571,0.7142857142857143,1.1174422797966976,0.0,3.0,1.8,0,1290.59,0.0,0.0,False,False,False,True,False,False,False,False,False,False,False,False,False,False,False,False,False,True,False,False,False,False,False,False,False,False,False,False,False,False,False,False,False,True,False,False
UAE,Gaming Laptop,2025-08-22,Electronics,3.0,746.88,0.05,20.0,2.0,1.0,0.0,4,22,34,8,3,234,0,-0.433883739117558,-0.9009688679024191,-0.8660254037844385,-0.5000000000000004,0.0,1,0.0,1,3.0,1,0.0,1,0.8571428571428571,1.2149857925879086,0.0,3.0,0.8571428571428571,0.7142857142857143,1.1174422797966976,0.0,3.0,1.2,1,1290.59,-543.7099999999999,-0.42128793807483395,False,False,False,True,False,False,False,False,False,False,False,False,False,False,False,False,False,True,False,False,False,False,False,False,False,False,False,False,False,False,False,False,False,True,False,False
UAE,Gaming Laptop,2025-08-23,Electronics,3.0,1459.61,0.15,20.0,2.0,1.0,0.0,5,23,34,8,3,235,1,-0.9749279121818236,-0.2225209339563146,-0.8660254037844385,-0.5000000000000004,3.0,1,3.0,1,0.0,1,1.0,1,1.2857142857142858,1.3801311186847052,0.0,3.0,0.8571428571428571,0.8214285714285714,1.1880133254200707,0.0,3.0,1.565217391304348,1,746.88,712.7299999999999,0.9542764567266494,False,False,False,True,False,False,False,False,False,False,False,False,False,False,False,False,False,True,False,False,False,False,False,False,False,False,False,False,False,False,False,False,False,True,False,False
UAE,Gaming Laptop,2025-08-24,Electronics,0.0,1459.61,,20.0,2.0,0.0,0.0,6,24,34,8,3,236,1,-0.7818314824680299,0.6234898018587334,-0.8660254037844385,-0.5000000000000004,3.0,1,1.0,1,0.0,1,0.0,1,1.2857142857142858,1.3801311186847052,0.0,3.0,1.0714285714285714,0.8928571428571429,1.2572540835836743,0.0,3.0,1.44,0,1459.61,0.0,0.0,False,False,False,True,False,False,False,False,False,False,False,False,False,False,False,False,False,True,False,False,False,False,False,False,False,False,False,False,False,False,False,False,False,True,False,False
UAE,Gaming Laptop,2025-08-25,Electronics,2.0,981.95,0.04,20.0,2.0,1.0,0.0,0,25,35,8,3,237,0,0.0,1.0,-0.8660254037844385,-0.5000000000000004,0.0,1,0.0,1,0.0,1,0.0,1,1.1428571428571428,1.463850109422797,0.0,3.0,1.0714285714285714,0.8928571428571429,1.2572540835836743,0.0,3.0,1.2799999999999998,1,1459.61,-477.65999999999985,-0.32725180013839306,False,False,False,True,False,False,False,False,False,False,False,False,False,False,False,False,False,True,False,False,False,False,False,False,False,False,False,False,False,False,False,False,False,True,False,False
UAE,Gaming Laptop,2025-08-26,Electronics,0.0,981.95,,20.0,2.0,0.0,0.0,1,26,35,8,3,238,0,0.7818314824680298,0.6234898018587336,-0.8660254037844385,-0.5000000000000004,2.0,1,2.0,1,0.0,1,2.0,1,1.4285714285714286,1.3972762620115404,0.0,3.0,1.2142857142857142,0.9642857142857143,1.261455445614246,0.0,3.0,1.4814814814814814,0,981.95,0.0,0.0,False,False,False,True,False,False,False,False,False,False,False,False,False,False,False,False,False,True,False,False,False,False,False,False,False,False,False,False,False,False,False,False,False,True,False,False
UAE,Gaming Laptop,2025-08-27,Electronics,3.0,601.5550000000001,0.12,20.0,2.0,1.0,0.0,2,27,35,8,3,239,0,0.9749279121818236,-0.22252093395631434,-0.8660254037844385,-0.5000000000000004,0.0,1,0.0,1,0.0,1,0.0,1,1.1428571428571428,1.463850109422797,0.0,3.0,1.2142857142857142,0.8928571428571429,1.2572540835836743,0.0,3.0,1.2799999999999998,1,981.95,-380.395,-0.3873873415143337,False,False,False,True,False,False,False,False,False,False,False,False,False,False,False,False,False,True,False,False,False,False,False,False,False,False,False,False,False,False,False,False,False,True,False,False
UAE,Gaming Laptop,2025-08-28,Electronics,0.0,601.5550000000001,,20.0,2.0,0.0,0.0,3,28,35,8,3,240,0,0.43388373911755823,-0.900968867902419,-0.8660254037844385,-0.5000000000000004,3.0,1,0.0,1,3.0,1,0.0,1,1.5714285714285714,1.5118578920369055,0.0,3.0,1.4285714285714286,1.0,1.305260013830079,0.0,3.0,1.5714285714285714,0,601.5550000000001,0.0,0.0,False,False,False,True,False,False,False,False,False,False,False,False,False,False,False,False,False,True,False,False,False,False,False,False,False,False,False,False,False,False,False,False,False,True,False,False
UAE,Gaming Laptop,2025-08-29,Electronics,1.0,894.73,0.15,20.0,2.0,1.0,0.0,4,29,35,8,3,241,0,-0.433883739117558,-0.9009688679024191,-0.8660254037844385,-0.5000000000000004,0.0,1,3.0,1,0.0,1,1.0,1,1.5714285714285714,1.5118578920369055,0.0,3.0,1.2142857142857142,1.0,1.305260013830079,0.0,3.0,1.5714285714285714,1,601.5550000000001,293.17499999999995,0.4873619203564095,False,False,False,True,False,False,False,False,False,False,False,False,False,False,False,False,False,True,False,False,False,False,False,False,False,False,False,False,False,False,False,False,False,True,False,False
UAE,Gaming Laptop,2025-08-30,Electronics,3.0,1142.88,0.02,20.0,2.0,1.0,0.0,5,30,35,8,3,242,1,-0.9749279121818236,-0.2225209339563146,-0.8660254037844385,-0.5000000000000004,1.0,1,3.0,1,3.0,1,0.0,1,1.2857142857142858,1.380131118684705,0.0,3.0,1.2857142857142858,1.0,1.305260013830079,0.0,3.0,1.2857142857142858,1,894.73,248.1500000000001,0.27734623853005946,False,False,False,True,False,False,False,False,False,False,False,False,False,False,False,False,False,True,False,False,False,False,False,False,False,False,False,False,False,False,False,False,False,True,False,False
UAE,Gaming Laptop,2025-08-31,Electronics,0.0,1142.88,,20.0,2.0,0.0,0.0,6,31,35,8,3,243,1,-0.7818314824680299,0.6234898018587334,-0.8660254037844385,-0.5000000000000004,3.0,1,0.0,1,1.0,1,0.0,1,1.2857142857142858,1.380131118684705,0.0,3.0,1.2857142857142858,1.1071428571428572,1.3427248612094913,0.0,3.0,1.1612903225806452,0,1142.88,0.0,0.0,False,False,False,True,False,False,False,False,False,False,False,False,False,False,False,False,False,True,False,False,False,False,False,False,False,False,False,False,False,False,False,False,False,True,False,False
UAE,Gaming Laptop,2025-09-01,Electronics,0.0,1142.88,,20.0,2.0,0.0,0.0,0,1,36,9,3,244,0,0.0,1.0,-1.0,-1.8369701987210297e-16,0.0,1,2.0,1,0.0,1,3.0,1,1.2857142857142858,1.380131118684705,0.0,3.0,1.2142857142857142,1.1071428571428572,1.3427248612094913,0.0,3.0,1.1612903225806452,0,1142.88,0.0,0.0,False,False,False,True,False,False,False,False,False,False,False,False,False,False,False,False,False,True,False,False,False,False,False,False,False,False,False,False,False,False,False,False,False,True,False,False
UAE,Gaming Laptop,2025-09-02,Electronics,1.0,373.9,0.02,20.0,2.0,1.0,0.0,1,2,36,9,3,245,0,0.7818314824680298,0.6234898018587336,-1.0,-1.8369701987210297e-16,0.0,1,0.0,1,2.0,1,0.0,1,1.0,1.414213562373092,0.0,3.0,1.2142857142857142,1.0,1.305260013830079,0.0,3.0,1.0,1,1142.88,-768.9800000000001,-0.6728440431191377,False,False,False,True,False,False,False,False,False,False,False,False,False,False,False,False,False,True,False,False,False,False,False,False,False,False,False,False,False,False,False,False,False,True,False,False
UAE,Gaming Laptop,2025-09-03,Electronics,0.0,373.9,,20.0,2.0,0.0,0.0,2,3,36,9,3,246,0,0.9749279121818236,-0.22252093395631434,-1.0,-1.8369701987210297e-16,1.0,1,3.0,1,0.0,1,1.0,1,1.1428571428571428,1.3451854182690952,0.0,3.0,1.1428571428571428,1.0357142857142858,1.2904820476643253,0.0,3.0,1.1034482758620687,0,373.9,0.0,0.0,False,False,False,True,False,False,False,False,False,False,False,False,False,False,False,False,False,True,False,False,False,False,False,False,False,False,False,False,False,False,False,False,False,True,False,False
UAE,Gaming Laptop,2025-09-04,Electronics,1.0,1229.3,0.01,20.0,2.0,1.0,0.0,3,4,36,9,3,247,0,0.43388373911755823,-0.900968867902419,-1.0,-1.8369701987210297e-16,0.0,1,0.0,1,0.0,1,0.0,1,0.7142857142857143,1.1126972805283701,0.0,3.0,1.1428571428571428,1.0,1.305260013830079,0.0,3.0,0.7142857142857143,1,373.9,855.4,2.2877774806097886,False,False,False,True,False,False,False,False,False,False,False,False,False,False,False,False,False,True,False,False,False,False,False,False,False,False,False,False,False,False,False,False,False,True,False,False
UAE,Gaming Laptop,2025-09-05,Electronics,0.0,1229.3,,20.0,2.0,0.0,0.0,4,5,36,9,3,248,0,-0.433883739117558,-0.9009688679024191,-1.0,-1.8369701987210297e-16,1.0,1,1.0,1,3.0,1,3.0,1,0.8571428571428571,1.0690449676496938,0.0,3.0,1.2142857142857142,1.0357142857142858,1.2904820476643253,0.0,3.0,0.8275862068965516,0,1229.3,0.0,0.0,False,False,False,True,False,False,False,False,False,False,False,False,False,False,False,False,False,True,False,False,False,False,False,False,False,False,False,False,False,False,False,False,False,True,False,False
UAE,Gaming Laptop,2025-09-06,Electronics,0.0,1229.3,,20.0,2.0,0.0,0.0,5,6,36,9,3,249,1,-0.9749279121818236,-0.2225209339563146,-1.0,-1.8369701987210297e-16,0.0,1,3.0,1,3.0,1,0.0,1,0.7142857142857143,1.1126972805283701,0.0,3.0,1.0,0.9285714285714286,1.245096201208784,0.0,3.0,0.7692307692307693,0,1229.3,0.0,0.0,False,False,False,True,False,False,False,False,False,False,False,False,False,False,False,False,False,True,False,False,False,False,False,False,False,False,False,False,False,False,False,False,False,True,False,False
UAE,Gaming Laptop,2025-09-07,Electronics,0.0,1229.3,,20.0,2.0,0.0,0.0,6,7,36,9,3,250,1,-0.7818314824680299,0.6234898018587334,-1.0,-1.8369701987210297e-16,0.0,1,0.0,1,0.0,1,0.0,1,0.2857142857142857,0.48795003647426016,0.0,1.0,0.7857142857142857,0.9285714285714286,1.245096201208784,0.0,3.0,0.30769230769230765,0,1229.3,0.0,0.0,False,False,False,True,False,False,False,False,False,False,False,False,False,False,False,False,False,True,False,False,False,False,False,False,False,False,False,False,False,False,False,False,False,True,False,False
UAE,Gaming Laptop,2025-09-08,Electronics,0.0,1229.3,,20.0,2.0,0.0,0.0,0,8,37,9,3,251,0,0.0,1.0,-1.0,-1.8369701987210297e-16,0.0,1,0.0,1,2.0,1,0.0,1,0.2857142857142857,0.48795003647426016,0.0,1.0,0.7857142857142857,0.9285714285714286,1.245096201208784,0.0,3.0,0.30769230769230765,0,1229.3,0.0,0.0,False,False,False,True,False,False,False,False,False,False,False,False,False,False,False,False,False,True,False,False,False,False,False,False,False,False,False,False,False,False,False,False,False,True,False,False
UAE,Gaming Laptop,2025-09-09,Electronics,0.0,1229.3,,20.0,2.0,0.0,0.0,1,9,37,9,3,252,0,0.7818314824680298,0.6234898018587336,-1.0,-1.8369701987210297e-16,0.0,1,1.0,1,0.0,1,0.0,1,0.2857142857142857,0.48795003647426016,0.0,1.0,0.6428571428571429,0.9285714285714286,1.245096201208784,0.0,3.0,0.30769230769230765,0,1229.3,0.0,0.0,False,False,False,True,False,False,False,False,False,False,False,False,False,False,False,False,False,True,False,False,False,False,False,False,False,False,False,False,False,False,False,False,False,True,False,False
UAE,Gaming Laptop,2025-09-10,Electronics,0.0,1229.3,,20.0,2.0,0.0,0.0,2,10,37,9,3,253,0,0.9749279121818236,-0.22252093395631434,-1.0,-1.8369701987210297e-16,0.0,1,0.0,1,3.0,1,0.0,1,0.14285714285714285,0.3779644730092196,0.0,1.0,0.6428571428571429,0.9285714285714286,1.245096201208784,0.0,3.0,0.15384615384615383,0,1229.3,0.0,0.0,False,False,False,True,False,False,False,False,False,False,False,False,False,False,False,False,False,True,False,False,False,False,False,False,False,False,False,False,False,False,False,False,False,True,False,False
UAE,Gaming Laptop,2025-09-11,Electronics,0.0,1229.3,,20.0,2.0,0.0,0.0,3,11,37,9,3,254,0,0.43388373911755823,-0.900968867902419,-1.0,-1.8369701987210297e-16,0.0,1,1.0,1,0.0,1,3.0,1,0.14285714285714285,0.3779644730092196,0.0,1.0,0.42857142857142855,0.9285714285714286,1.245096201208784,0.0,3.0,0.15384615384615383,0,1229.3,0.0,0.0,False,False,False,True,False,False,False,False,False,False,False,False,False,False,False,False,False,True,False,False,False,False,False,False,False,False,False,False,False,False,False,False,False,True,False,False
UAE,Gaming Laptop,2025-09-12,Electronics,0.0,1229.3,,20.0,2.0,0.0,0.0,4,12,37,9,3,255,0,-0.433883739117558,-0.9009688679024191,-1.0,-1.8369701987210297e-16,0.0,1,0.0,1,1.0,1,0.0,1,0.0,0.0,0.0,0.0,0.42857142857142855,0.8214285714285714,1.1880133254200709,0.0,3.0,0.0,0,1229.3,0.0,0.0,False,False,False,True,False,False,False,False,False,False,False,False,False,False,False,False,False,True,False,False,False,False,False,False,False,False,False,False,False,False,False,False,False,True,False,False
UAE,Gaming Laptop,2025-09-13,Electronics,0.0,1229.3,,20.0,2.0,0.0,0.0,5,13,37,9,3,256,1,-0.9749279121818236,-0.2225209339563146,-1.0,-1.8369701987210297e-16,0.0,1,0.0,1,3.0,1,3.0,1,0.0,0.0,0.0,0.0,0.35714285714285715,0.8214285714285714,1.1880133254200709,0.0,3.0,0.0,0,1229.3,0.0,0.0,False,False,False,True,False,False,False,False,False,False,False,False,False,False,False,False,False,True,False,False,False,False,False,False,False,False,False,False,False,False,False,False,False,True,False,False
UAE,Gaming Laptop,2025-09-14,Electronics,0.0,1229.3,,20.0,2.0,0.0,0.0,6,14,37,9,3,257,1,-0.7818314824680299,0.6234898018587334,-1.0,-1.8369701987210297e-16,0.0,1,0.0,1,0.0,1,1.0,1,0.0,0.0,0.0,0.0,0.14285714285714285,0.7142857142857143,1.117442279796698,0.0,3.0,0.0,0,1229.3,0.0,0.0,False,False,False,True,False,False,False,False,False,False,False,False,False,False,False,False,False,True,False,False,False,False,False,False,False,False,False,False,False,False,False,False,False,True,False,False
UAE,Gaming Laptop,2025-09-15,Electronics,0.0,1229.3,,20.0,2.0,0.0,0.0,0,15,38,9,3,258,0,0.0,1.0,-1.0,-1.8369701987210297e-16,0.0,1,0.0,1,0.0,1,0.0,1,0.0,0.0,0.0,0.0,0.14285714285714285,0.6785714285714286,1.1239339452243204,0.0,3.0,0.0,0,1229.3,0.0,0.0,False,False,False,True,False,False,False,False,False,False,False,False,False,False,False,False,False,True,False,False,False,False,False,False,False,False,False,False,False,False,False,False,False,True,False,False
UAE,Gaming Laptop,2025-09-16,Electronics,0.0,1229.3,,20.0,2.0,0.0,0.0,1,16,38,9,3,259,0,0.7818314824680298,0.6234898018587336,-1.0,-1.8369701987210297e-16,0.0,1,0.0,1,1.0,1,2.0,1,0.0,0.0,0.0,0.0,0.14285714285714285,0.6785714285714286,1.1239339452243204,0.0,3.0,0.0,0,1229.3,0.0,0.0,False,False,False,True,False,False,False,False,False,False,False,False,False,False,False,False,False,True,False,False,False,False,False,False,False,False,False,False,False,False,False,False,False,True,False,False
UAE,Gaming Laptop,2025-09-17,Electronics,0.0,1229.3,,20.0,2.0,0.0,0.0,2,17,38,9,3,260,0,0.9749279121818236,-0.22252093395631434,-1.0,-1.8369701987210297e-16,0.0,1,0.0,1,0.0,1,0.0,1,0.0,0.0,0.0,0.0,0.07142857142857142,0.6071428571428571,1.1001442906807508,0.0,3.0,0.0,0,1229.3,0.0,0.0,False,False,False,True,False,False,False,False,False,False,False,False,False,False,False,False,False,True,False,False,False,False,False,False,False,False,False,False,False,False,False,False,False,True,False,False
UAE,Gaming Laptop,2025-09-18,Electronics,0.0,1229.3,,20.0,2.0,0.0,0.0,3,18,38,9,3,261,0,0.43388373911755823,-0.900968867902419,-1.0,-1.8369701987210297e-16,0.0,1,0.0,1,1.0,1,0.0,1,0.0,0.0,0.0,0.0,0.07142857142857142,0.6071428571428571,1.1001442906807508,0.0,3.0,0.0,0,1229.3,0.0,0.0,False,False,False,True,False,False,False,False,False,False,False,False,False,False,False,False,False,True,False,False,False,False,False,False,False,False,False,False,False,False,False,False,False,True,False,False
UAE,Gaming Laptop,2025-09-19,Electronics,3.0,1068.47,0.06,20.0,2.0,1.0,0.0,4,19,38,9,3,262,0,-0.433883739117558,-0.9009688679024191,-1.0,-1.8369701987210297e-16,0.0,1,0.0,1,0.0,1,3.0,1,0.0,0.0,0.0,0.0,0.0,0.6071428571428571,1.1001442906807508,0.0,3.0,0.0,1,1229.3,-160.82999999999993,-0.1308305539738062,False,False,False,True,False,False,False,False,False,False,False,False,False,False,False,False,False,True,False,False,False,False,False,False,False,False,False,False,False,False,False,False,False,True,False,False
UAE,Gaming Laptop,2025-09-20,Electronics,0.0,1068.47,,20.0,2.0,0.0,0.0,5,20,38,9,3,263,1,-0.9749279121818236,-0.2225209339563146,-1.0,-1.8369701987210297e-16,3.0,1,0.0,1,0.0,1,3.0,1,0.42857142857142855,1.1338934190276786,0.0,3.0,0.21428571428571427,0.6071428571428571,1.1001442906807508,0.0,3.0,0.7058823529411765,0,1068.47,0.0,0.0,False,False,False,True,False,False,False,False,False,False,False,False,False,False,False,False,False,True,False,False,False,False,False,False,False,False,False,False,False,False,False,False,False,True,False,False
UAE,Gaming Laptop,2025-09-21,Electronics,0.0,1068.47,,20.0,2.0,0.0,0.0,6,21,38,9,3,264,1,-0.7818314824680299,0.6234898018587334,-1.0,-1.8369701987210297e-16,0.0,1,0.0,1,0.0,1,0.0,1,0.42857142857142855,1.1338934190276786,0.0,3.0,0.21428571428571427,0.5,0.9999999999999958,0.0,3.0,0.8571428571428571,0,1068.47,0.0,0.0,False,False,False,True,False,False,False,False,False,False,False,False,False,False,False,False,False,True,False,False,False,False,False,False,False,False,False,False,False,False,False,False,False,True,False,False
UAE,Gaming Laptop,2025-09-22,Electronics,0.0,1068.47,,20.0,2.0,0.0,0.0,0,22,39,9,3,265,0,0.0,1.0,-1.0,-1.8369701987210297e-16,0.0,1,0.0,1,0.0,1,2.0,1,0.42857142857142855,1.1338934190276786,0.0,3.0,0.21428571428571427,0.5,0.9999999999999958,0.0,3.0,0.8571428571428571,0,1068.47,0.0,0.0,False,False,False,True,False,False,False,False,False,False,False,False,False,False,False,False,False,True,False,False,False,False,False,False,False,False,False,False,False,False,False,False,False,True,False,False
UAE,Gaming Laptop,2025-09-23,Electronics,4.0,208.815,0.08,20.0,2.0,1.0,0.0,1,23,39,9,3,266,0,0.7818314824680298,0.6234898018587336,-1.0,-1.8369701987210297e-16,0.0,1,0.0,1,0.0,1,0.0,1,0.42857142857142855,1.1338934190276786,0.0,3.0,0.21428571428571427,0.42857142857142855,0.9594972228385613,0.0,3.0,1.0,1,1068.47,-859.655,-0.804566342527165,False,False,False,True,False,False,False,False,False,False,False,False,False,False,False,False,False,True,False,False,False,False,False,False,False,False,False,False,False,False,False,False,False,True,False,False
UAE,Gaming Laptop,2025-09-24,Electronics,0.0,208.815,,20.0,2.0,0.0,0.0,2,24,39,9,3,267,0,0.9749279121818236,-0.22252093395631434,-1.0,-1.8369701987210297e-16,4.0,1,0.0,1,0.0,1,3.0,1,1.0,1.7320508075688748,0.0,4.0,0.5,0.5714285714285714,1.1683661091795485,0.0,4.0,1.75,0,208.815,0.0,0.0,False,False,False,True,False,False,False,False,False,False,False,False,False,False,False,False,False,True,False,False,False,False,False,False,False,False,False,False,False,False,False,False,False,True,False,False
UAE,Gaming Laptop,2025-09-25,Electronics,0.0,208.815,,20.0,2.0,0.0,0.0,3,25,39,9,3,268,0,0.43388373911755823,-0.900968867902419,-1.0,-1.8369701987210297e-16,0.0,1,0.0,1,0.0,1,0.0,1,1.0,1.7320508075688748,0.0,4.0,0.5,0.4642857142857143,1.0708993401928064,0.0,4.0,2.1538461538461537,0,208.815,0.0,0.0,False,False,False,True,False,False,False,False,False,False,False,False,False,False,False,False,False,True,False,False,False,False,False,False,False,False,False,False,False,False,False,False,False,True,False,False
UAE,Gaming Laptop,2025-09-26,Electronics,3.0,1483.9,0.01,20.0,2.0,1.0,0.0,4,26,39,9,3,269,0,-0.433883739117558,-0.9009688679024191,-1.0,-1.8369701987210297e-16,0.0,1,3.0,1,0.0,1,1.0,1,1.0,1.7320508075688748,0.0,4.0,0.5,0.4642857142857143,1.0708993401928064,0.0,4.0,2.1538461538461537,1,208.815,1275.085,6.106290256925988,False,False,False,True,False,False,False,False,False,False,False,False,False,False,False,False,False,True,False,False,False,False,False,False,False,False,False,False,False,False,False,False,False,True,False,False
UAE,Gaming Laptop,2025-09-27,Electronics,0.0,1483.9,,20.0,2.0,0.0,0.0,5,27,39,9,3,270,1,-0.9749279121818236,-0.2225209339563146,-1.0,-1.8369701987210297e-16,3.0,1,0.0,1,0.0,1,3.0,1,1.0,1.7320508075688748,0.0,4.0,0.7142857142857143,0.5357142857142857,1.170063083362436,0.0,4.0,1.8666666666666667,0,1483.9,0.0,0.0,False,False,False,True,False,False,False,False,False,False,False,False,False,False,False,False,False,True,False,False,False,False,False,False,False,False,False,False,False,False,False,False,False,True,False,False
UAE,Gaming Laptop,2025-09-28,Electronics,1.0,1210.34,0.06,20.0,2.0,1.0,0.0,6,28,39,9,3,271,1,-0.7818314824680299,0.6234898018587334,-1.0,-1.8369701987210297e-16,0.0,1,0.0,1,0.0,1,0.0,1,1.0,1.7320508075688748,0.0,4.0,0.7142857142857143,0.42857142857142855,1.0690449676496934,0.0,4.0,2.3333333333333335,1,1483.9,-273.5600000000002,-0.1843520452860706,False,False,False,True,False,False,False,False,False,False,False,False,False,False,False,False,False,True,False,False,False,False,False,False,False,False,False,False,False,False,False,False,False,True,False,False
UAE,Gaming Laptop,2025-09-29,Electronics,0.0,1210.34,,20.0,2.0,0.0,0.0,0,29,40,9,3,272,0,0.0,1.0,-1.0,-1.8369701987210297e-16,1.0,1,0.0,1,0.0,1,0.0,1,1.1428571428571428,1.6761634196950488,0.0,4.0,0.7857142857142857,0.4642857142857143,1.0708993401928064,0.0,4.0,2.4615384615384612,0,1210.34,0.0,0.0,False,False,False,True,False,False,False,False,False,False,False,False,False,False,False,False,False,True,False,False,False,False,False,False,False,False,False,False,False,False,False,False,False,True,False,False
UAE,Gaming Laptop,2025-09-30,Electronics,2.0,707.82,0.0,20.0,2.0,0.0,0.0,1,30,40,9,3,273,0,0.7818314824680298,0.6234898018587336,-1.0,-1.8369701987210297e-16,0.0,1,4.0,1,0.0,1,1.0,1,1.1428571428571428,1.6761634196950488,0.0,4.0,0.7857142857142857,0.4642857142857143,1.0708993401928064,0.0,4.0,2.4615384615384612,0,1210.34,-502.51999999999987,-0.415189120412446,False,False,False,True,False,False,False,False,False,False,False,False,False,False,False,False,False,True,False,False,False,False,False,False,False,False,False,False,False,False,False,False,False,True,False,False
UAE,Gaming Laptop,2025-10-01,Electronics,0.0,707.82,,20.0,2.0,0.0,0.0,2,1,40,10,4,274,0,0.9749279121818236,-0.22252093395631434,-0.8660254037844386,0.5000000000000001,2.0,1,0.0,1,0.0,1,0.0,1,0.8571428571428571,1.2149857925879082,0.0,3.0,0.9285714285714286,0.5,1.1055415967851294,0.0,4.0,1.7142857142857142,0,707.82,0.0,0.0,False,False,False,True,False,False,False,False,False,False,False,False,False,False,False,False,False,True,False,False,False,False,False,False,False,False,False,False,False,False,False,False,False,True,False,False
UAE,Gaming Laptop,2025-10-02,Electronics,0.0,707.82,,20.0,2.0,0.0,0.0,3,2,40,10,4,275,0,0.43388373911755823,-0.900968867902419,-0.8660254037844386,0.5000000000000001,0.0,1,0.0,1,0.0,1,1.0,1,0.8571428571428571,1.2149857925879082,0.0,3.0,0.9285714285714286,0.5,1.1055415967851294,0.0,4.0,1.7142857142857142,0,707.82,0.0,0.0,False,False,False,True,False,False,False,False,False,False,False,False,False,False,False,False,False,True,False,False,False,False,False,False,False,False,False,False,False,False,False,False,False,True,False,False
UAE,Gaming Laptop,2025-10-03,Electronics,0.0,707.82,,20.0,2.0,0.0,0.0,4,3,40,10,4,276,0,-0.433883739117558,-0.9009688679024191,-0.8660254037844386,0.5000000000000001,0.0,1,3.0,1,3.0,1,0.0,1,0.8571428571428571,1.2149857925879082,0.0,3.0,0.9285714285714286,0.4642857142857143,1.1049431980420814,0.0,4.0,1.846153846153846,0,707.82,0.0,0.0,False,False,False,True,False,False,False,False,False,False,False,False,False,False,False,False,False,True,False,False,False,False,False,False,False,False,False,False,False,False,False,False,False,True,False,False
UAE,Gaming Laptop,2025-10-04,Electronics,0.0,707.82,,20.0,2.0,0.0,0.0,5,4,40,10,4,277,1,-0.9749279121818236,-0.2225209339563146,-0.8660254037844386,0.5000000000000001,0.0,1,0.0,1,0.0,1,0.0,1,0.42857142857142855,0.7867957924694388,0.0,2.0,0.7142857142857143,0.4642857142857143,1.1049431980420814,0.0,4.0,0.923076923076923,0,707.82,0.0,0.0,False,False,False,True,False,False,False,False,False,False,False,False,False,False,False,False,False,True,False,False,False,False,False,False,False,False,False,False,False,False,False,False,False,True,False,False
UAE,Gaming Laptop,2025-10-05,Electronics,2.0,1100.225,0.05,20.0,2.0,1.0,0.0,6,5,40,10,4,278,1,-0.7818314824680299,0.6234898018587334,-0.8660254037844386,0.5000000000000001,0.0,1,1.0,1,0.0,1,0.0,1,0.42857142857142855,0.7867957924694388,0.0,2.0,0.7142857142857143,0.4642857142857143,1.1049431980420814,0.0,4.0,0.923076923076923,1,707.82,392.40499999999986,0.5543852956966459,False,False,False,True,False,False,False,False,False,False,False,False,False,False,False,False,False,True,False,False,False,False,False,False,False,False,False,False,False,False,False,False,False,True,False,False
UAE,Gaming Laptop,2025-10-06,Electronics,0.0,1100.225,,20.0,2.0,0.0,0.0,0,6,41,10,4,279,0,0.0,1.0,-0.8660254037844386,0.5000000000000001,2.0,1,0.0,1,0.0,1,0.0,1,0.5714285714285714,0.9759000729485293,0.0,2.0,0.8571428571428571,0.5357142857142857,1.1379690439434356,0.0,4.0,1.0666666666666667,0,1100.225,0.0,0.0,False,False,False,True,False,False,False,False,False,False,False,False,False,False,False,False,False,True,False,False,False,False,False,False,False,False,False,False,False,False,False,False,False,True,False,False
UAE,Gaming Laptop,2025-10-07,Electronics,0.0,1100.225,,20.0,2.0,0.0,0.0,1,7,41,10,4,280,0,0.7818314824680298,0.6234898018587336,-0.8660254037844386,0.5000000000000001,0.0,1,2.0,1,4.0,1,0.0,1,0.5714285714285714,0.9759000729485293,0.0,2.0,0.8571428571428571,0.5357142857142857,1.1379690439434356,0.0,4.0,1.0666666666666667,0,1100.225,0.0,0.0,False,False,False,True,False,False,False,False,False,False,False,False,False,False,False,False,False,True,False,False,False,False,False,False,False,False,False,False,False,False,False,False,False,True,False,False
UAE,Gaming Laptop,2025-10-08,Electronics,0.0,1100.225,,20.0,2.0,0.0,0.0,2,8,41,10,4,281,0,0.9749279121818236,-0.22252093395631434,-0.8660254037844386,0.5000000000000001,0.0,1,0.0,1,0.0,1,0.0,1,0.2857142857142857,0.7559289460184501,0.0,2.0,0.5714285714285714,0.5357142857142857,1.1379690439434356,0.0,4.0,0.5333333333333333,0,1100.225,0.0,0.0,False,False,False,True,False,False,False,False,False,False,False,False,False,False,False,False,False,True,False,False,False,False,False,False,False,False,False,False,False,False,False,False,False,True,False,False
UAE,Gaming Laptop,2025-10-09,Electronics,2.0,1320.88,0.12,20.0,2.0,1.0,0.0,3,9,41,10,4,282,0,0.43388373911755823,-0.900968867902419,-0.8660254037844386,0.5000000000000001,0.0,1,0.0,1,0.0,1,0.0,1,0.2857142857142857,0.7559289460184501,0.0,2.0,0.5714285714285714,0.5357142857142857,1.1379690439434356,0.0,4.0,0.5333333333333333,1,1100.225,220.6550000000002,0.2005544320479904,False,False,False,True,False,False,False,False,False,False,False,False,False,False,False,False,False,True,False,False,False,False,False,False,False,False,False,False,False,False,False,False,False,True,False,False
UAE,Gaming Laptop,2025-10-10,Electronics,0.0,1320.88,,20.0,2.0,0.0,0.0,4,10,41,10,4,283,0,-0.433883739117558,-0.9009688679024191,-0.8660254037844386,0.5000000000000001,2.0,1,0.0,1,3.0,1,0.0,1,0.5714285714285714,0.9759000729485293,0.0,2.0,0.7142857142857143,0.6071428571428571,1.165532328365713,0.0,4.0,0.9411764705882353,0,1320.88,0.0,0.0,False,False,False,True,False,False,False,False,False,False,False,False,False,False,False,False,False,True,False,False,False,False,False,False,False,False,False,False,False,False,False,False,False,True,False,False
UAE,Gaming Laptop,2025-10-11,Electronics,1.0,327.4,0.07,20.0,2.0,1.0,0.0,5,11,41,10,4,284,1,-0.9749279121818236,-0.2225209339563146,-0.8660254037844386,0.5000000000000001,0.0,1,0.0,1,0.0,1,0.0,1,0.5714285714285714,0.9759000729485293,0.0,2.0,0.5,0.6071428571428571,1.165532328365713,0.0,4.0,0.9411764705882353,1,1320.88,-993.4800000000001,-0.7521349403428018,False,False,False,True,False,False,False,False,False,False,False,False,False,False,False,False,False,True,False,False,False,False,False,False,False,False,False,False,False,False,False,False,False,True,False,False
UAE,Gaming Laptop,2025-10-12,Electronics,5.0,441.01,0.14,20.0,2.0,1.0,1.0,6,12,41,10,4,285,1,-0.7818314824680299,0.6234898018587334,-0.8660254037844386,0.5000000000000001,1.0,1,2.0,1,1.0,1,0.0,1,0.7142857142857143,0.9511897312113375,0.0,2.0,0.5714285714285714,0.6428571428571429,1.161553420728613,0.0,4.0,1.1111111111111112,1,327.4,113.61000000000001,0.347006719609041,False,False,False,True,False,False,False,False,False,False,False,False,False,False,False,False,False,True,False,False,False,False,False,False,False,False,False,False,False,False,False,False,False,True,False,False
UAE,Gaming Laptop,2025-10-13,Electronics,0.0,441.01,,20.0,2.0,0.0,0.0,0,13,42,10,4,286,0,0.0,1.0,-0.8660254037844386,0.5000000000000001,5.0,1,0.0,1,0.0,1,0.0,1,1.1428571428571428,1.864454471471606,0.0,5.0,0.8571428571428571,0.8214285714285714,1.41561585678045,0.0,5.0,1.391304347826087,0,441.01,0.0,0.0,False,False,False,True,False,False,False,False,False,False,False,False,False,False,False,False,False,True,False,False,False,False,False,False,False,False,False,False,False,False,False,False,False,True,False,False
UAE,Gaming Laptop,2025-10-14,Electronics,0.0,441.01,,20.0,2.0,0.0,0.0,1,14,42,10,4,287,0,0.7818314824680298,0.6234898018587336,-0.8660254037844386,0.5000000000000001,0.0,1,0.0,1,2.0,1,0.0,1,1.1428571428571428,1.864454471471606,0.0,5.0,0.8571428571428571,0.8214285714285714,1.41561585678045,0.0,5.0,1.391304347826087,0,441.01,0.0,0.0,False,False,False,True,False,False,False,False,False,False,False,False,False,False,False,False,False,True,False,False,False,False,False,False,False,False,False,False,False,False,False,False,False,True,False,False
UAE,Gaming Laptop,2025-10-15,Electronics,2.0,1073.31,0.02,20.0,2.0,1.0,0.0,2,15,42,10,4,288,0,0.9749279121818236,-0.22252093395631434,-0.8660254037844386,0.5000000000000001,0.0,1,0.0,1,0.0,1,0.0,1,1.1428571428571428,1.864454471471606,0.0,5.0,0.7142857142857143,0.8214285714285714,1.41561585678045,0.0,5.0,1.391304347826087,1,441.01,632.3,1.4337543366363574,False,False,False,True,False,False,False,False,False,False,False,False,False,False,False,False,False,True,False,False,False,False,False,False,False,False,False,False,False,False,False,False,False,True,False,False
UAE,Gaming Laptop,2025-10-16,Electronics,0.0,1073.31,,20.0,2.0,0.0,0.0,3,16,42,10,4,289,0,0.43388373911755823,-0.900968867902419,-0.8660254037844386,0.5000000000000001,2.0,1,2.0,1,0.0,1,0.0,1,1.4285714285714286,1.8126539343499286,0.0,5.0,0.8571428571428571,0.8928571428571429,1.4230714230607924,0.0,5.0,1.5999999999999999,0,1073.31,0.0,0.0,False,False,False,True,False,False,False,False,False,False,False,False,False,False,False,False,False,True,False,False,False,False,False,False,False,False,False,False,False,False,False,False,False,True,False,False
UAE,Gaming Laptop,2025-10-17,Electronics,0.0,1073.31,,20.0,2.0,0.0,0.0,4,17,42,10,4,290,0,-0.433883739117558,-0.9009688679024191,-0.8660254037844386,0.5000000000000001,0.0,1,0.0,1,0.0,1,3.0,1,1.1428571428571428,1.864454471471606,0.0,5.0,0.8571428571428571,0.8928571428571429,1.4230714230607924,0.0,5.0,1.2799999999999998,0,1073.31,0.0,0.0,False,False,False,True,False,False,False,False,False,False,False,False,False,False,False,False,False,True,False,False,False,False,False,False,False,False,False,False,False,False,False,False,False,True,False,False
UAE,Gaming Laptop,2025-10-18,Electronics,0.0,1073.31,,20.0,2.0,0.0,0.0,5,18,42,10,4,291,1,-0.9749279121818236,-0.2225209339563146,-0.8660254037844386,0.5000000000000001,0.0,1,1.0,1,0.0,1,0.0,1,1.1428571428571428,1.864454471471606,0.0,5.0,0.8571428571428571,0.7857142857142857,1.37051336305301,0.0,5.0,1.4545454545454546,0,1073.31,0.0,0.0,False,False,False,True,False,False,False,False,False,False,False,False,False,False,False,False,False,True,False,False,False,False,False,False,False,False,False,False,False,False,False,False,False,True,False,False
UAE,Gaming Laptop,2025-10-19,Electronics,0.0,1073.31,,20.0,2.0,0.0,0.0,6,19,42,10,4,292,1,-0.7818314824680299,0.6234898018587334,-0.8660254037844386,0.5000000000000001,0.0,1,5.0,1,2.0,1,0.0,1,1.0,1.9148542155126735,0.0,5.0,0.8571428571428571,0.7857142857142857,1.37051336305301,0.0,5.0,1.2727272727272727,0,1073.31,0.0,0.0,False,False,False,True,False,False,False,False,False,False,False,False,False,False,False,False,False,True,False,False,False,False,False,False,False,False,False,False,False,False,False,False,False,True,False,False
UAE,Gaming Laptop,2025-10-20,Electronics,0.0,1073.31,,20.0,2.0,0.0,0.0,0,20,43,10,4,293,0,0.0,1.0,-0.8660254037844386,0.5000000000000001,0.0,1,0.0,1,0.0,1,0.0,1,0.2857142857142857,0.755928946018449,0.0,2.0,0.7142857142857143,0.7857142857142857,1.37051336305301,0.0,5.0,0.36363636363636365,0,1073.31,0.0,0.0,False,False,False,True,False,False,False,False,False,False,False,False,False,False,False,False,False,True,False,False,False,False,False,False,False,False,False,False,False,False,False,False,False,True,False,False
UAE,Gaming Laptop,2025-10-21,Electronics,0.0,1073.31,,20.0,2.0,0.0,0.0,1,21,43,10,4,294,0,0.7818314824680298,0.6234898018587336,-0.8660254037844386,0.5000000000000001,0.0,1,0.0,1,0.0,1,4.0,1,0.2857142857142857,0.755928946018449,0.0,2.0,0.7142857142857143,0.7857142857142857,1.37051336305301,0.0,5.0,0.36363636363636365,0,1073.31,0.0,0.0,False,False,False,True,False,False,False,False,False,False,False,False,False,False,False,False,False,True,False,False,False,False,False,False,False,False,False,False,False,False,False,False,False,True,False,False
UAE,Gaming Laptop,2025-10-22,Electronics,0.0,1073.31,,20.0,2.0,0.0,0.0,2,22,43,10,4,295,0,0.9749279121818236,-0.22252093395631434,-0.8660254037844386,0.5000000000000001,0.0,1,2.0,1,0.0,1,0.0,1,0.2857142857142857,0.755928946018449,0.0,2.0,0.7142857142857143,0.6428571428571429,1.2236643728386023,0.0,5.0,0.44444444444444436,0,1073.31,0.0,0.0,False,False,False,True,False,False,False,False,False,False,False,False,False,False,False,False,False,True,False,False,False,False,False,False,False,False,False,False,False,False,False,False,False,True,False,False
UAE,Gaming Laptop,2025-10-23,Electronics,3.0,1181.36,0.05,20.0,2.0,1.0,0.0,3,23,43,10,4,296,0,0.43388373911755823,-0.900968867902419,-0.8660254037844386,0.5000000000000001,0.0,1,0.0,1,2.0,1,0.0,1,0.0,0.0,0.0,0.0,0.7142857142857143,0.6428571428571429,1.2236643728386023,0.0,5.0,0.0,1,1073.31,108.04999999999995,0.10066989033923093,False,False,False,True,False,False,False,False,False,False,False,False,False,False,False,False,False,True,False,False,False,False,False,False,False,False,False,False,False,False,False,False,False,True,False,False
UAE,Gaming Laptop,2025-10-24,Electronics,0.0,1181.36,,20.0,2.0,0.0,0.0,4,24,43,10,4,297,0,-0.433883739117558,-0.9009688679024191,-0.8660254037844386,0.5000000000000001,3.0,1,0.0,1,0.0,1,3.0,1,0.42857142857142855,1.1338934190276777,0.0,3.0,0.7857142857142857,0.75,1.2945755775256689,0.0,5.0,0.5714285714285714,0,1181.36,0.0,0.0,False,False,False,True,False,False,False,False,False,False,False,False,False,False,False,False,False,True,False,False,False,False,False,False,False,False,False,False,False,False,False,False,False,True,False,False
UAE,Gaming Laptop,2025-10-25,Electronics,2.0,198.07,0.14,20.0,2.0,1.0,0.0,5,25,43,10,4,298,1,-0.9749279121818236,-0.2225209339563146,-0.8660254037844386,0.5000000000000001,0.0,1,0.0,1,1.0,1,0.0,1,0.42857142857142855,1.1338934190276777,0.0,3.0,0.7857142857142857,0.6428571428571429,1.2236643728386023,0.0,5.0,0.6666666666666666,1,1181.36,-983.29,-0.8323373061556173,False,False,False,True,False,False,False,False,False,False,False,False,False,False,False,False,False,True,False,False,False,False,False,False,False,False,False,False,False,False,False,False,False,True,False,False
UAE,Gaming Laptop,2025-10-26,Electronics,0.0,198.07,,20.0,2.0,0.0,0.0,6,26,43,10,4,299,1,-0.7818314824680299,0.6234898018587334,-0.8660254037844386,0.5000000000000001,2.0,1,0.0,1,5.0,1,1.0,1,0.7142857142857143,1.2535663410560136,0.0,3.0,0.8571428571428571,0.7142857142857143,1.2429696476477363,0.0,5.0,1.0,0,198.07,0.0,0.0,False,False,False,True,False,False,False,False,False,False,False,False,False,False,False,False,False,True,False,False,False,False,False,False,False,False,False,False,False,False,False,False,False,True,False,False
UAE,Gaming Laptop,2025-10-27,Electronics,1.0,876.1,0.1,20.0,2.0,1.0,0.0,0,27,44,10,4,300,0,0.0,1.0,-0.8660254037844386,0.5000000000000001,0.0,1,0.0,1,0.0,1,0.0,1,0.7142857142857143,1.2535663410560136,0.0,3.0,0.5,0.6785714285714286,1.2488089563755547,0.0,5.0,1.0526315789473684,1,198.07,678.03,3.4231837229262383,False,False,False,True,False,False,False,False,False,False,False,False,False,False,False,False,False,True,False,False,False,False,False,False,False,False,False,False,False,False,False,False,False,True,False,False
UAE,Gaming Laptop,2025-10-28,Electronics,5.0,890.835,0.11,20.0,2.0,1.0,1.0,1,28,44,10,4,301,0,0.7818314824680298,0.6234898018587336,-0.8660254037844386,0.5000000000000001,1.0,1,0.0,1,0.0,1,2.0,1,0.8571428571428571,1.2149857925879077,0.0,3.0,0.5714285714285714,0.7142857142857143,1.2429696476477363,0.0,5.0,1.2,1,876.1,14.735000000000014,0.016818856294943514,False,False,False,True,False,False,False,False,False,False,False,False,False,False,False,False,False,True,False,False,False,False,False,False,False,False,False,False,False,False,False,False,False,True,False,False
UAE,Gaming Laptop,2025-10-29,Electronics,0.0,890.835,,20.0,2.0,0.0,0.0,2,29,44,10,4,302,0,0.9749279121818236,-0.22252093395631434,-0.8660254037844386,0.5000000000000001,5.0,1,0.0,1,2.0,1,0.0,1,1.5714285714285714,1.9023794624226806,0.0,5.0,0.9285714285714286,0.8214285714285714,1.4670093394782444,0.0,5.0,1.9130434782608696,0,890.835,0.0,0.0,False,False,False,True,False,False,False,False,False,False,False,False,False,False,False,False,False,True,False,False,False,False,False,False,False,False,False,False,False,False,False,False,False,True,False,False
UAE,Gaming Laptop,2025-10-30,Electronics,1.0,672.71,0.15,20.0,2.0,1.0,0.0,3,30,44,10,4,303,0,0.43388373911755823,-0.900968867902419,-0.8660254037844386,0.5000000000000001,0.0,1,3.0,1,0.0,1,0.0,1,1.5714285714285714,1.9023794624226806,0.0,5.0,0.7857142857142857,0.8214285714285714,1.4670093394782444,0.0,5.0,1.9130434782608696,1,890.835,-218.125,-0.24485454657708777,False,False,False,True,False,False,False,False,False,False,False,False,False,False,False,False,False,True,False,False,False,False,False,False,False,False,False,False,False,False,False,False,False,True,False,False
UAE,Gaming Laptop,2025-10-31,Electronics,1.0,789.28,0.11,20.0,2.0,1.0,0.0,4,31,44,10,4,304,0,-0.433883739117558,-0.9009688679024191,-0.8660254037844386,0.5000000000000001,1.0,1,0.0,1,0.0,1,0.0,1,1.2857142857142858,1.7994708216848716,0.0,5.0,0.8571428571428571,0.8571428571428571,1.4584183648679552,0.0,5.0,1.5000000000000002,1,672.71,116.56999999999994,0.17328417891810724,False,False,False,True,False,False,False,False,False,False,False,False,False,False,False,False,False,True,False,False,False,False,False,False,False,False,False,False,False,False,False,False,False,True,False,False
UAE,Gaming Laptop,2025-11-01,Electronics,5.0,916.8,0.3,20.0,2.0,1.0,1.0,5,1,44,11,4,305,1,-0.9749279121818236,-0.2225209339563146,-0.5000000000000004,0.8660254037844384,1.0,1,2.0,1,0.0,1,0.0,1,1.4285714285714286,1.718249385968446,0.0,5.0,0.9285714285714286,0.8928571428571429,1.4488638132020355,0.0,5.0,1.5999999999999999,1,789.28,127.51999999999998,0.16156497060612202,False,False,False,True,False,False,False,False,False,False,False,False,False,False,False,False,False,True,False,False,False,False,False,False,False,False,False,False,False,False,False,False,False,True,False,False
UAE,Gaming Laptop,2025-11-02,Electronics,0.0,916.8,,20.0,2.0,0.0,0.0,6,2,44,11,4,306,1,-0.7818314824680299,0.6234898018587334,-0.5000000000000004,0.8660254037844384,5.0,1,0.0,1,0.0,1,2.0,1,1.8571428571428572,2.1930626551751313,0.0,5.0,1.2857142857142858,1.0714285714285714,1.6313723245708367,0.0,5.0,1.7333333333333334,0,916.8,0.0,0.0,False,False,False,True,False,False,False,False,False,False,False,False,False,False,False,False,False,True,False,False,False,False,False,False,False,False,False,False,False,False,False,False,False,True,False,False
UAE,Gaming Laptop,2025-11-03,Electronics,0.0,916.8,,20.0,2.0,0.0,0.0,0,3,45,11,4,307,0,0.0,1.0,-0.5000000000000004,0.8660254037844384,0.0,1,1.0,1,0.0,1,0.0,1,1.8571428571428572,2.1930626551751313,0.0,5.0,1.2857142857142858,1.0,1.6329931618554503,0.0,5.0,1.8571428571428572,0,916.8,0.0,0.0,False,False,False,True,False,False,False,False,False,False,False,False,False,False,False,False,False,True,False,False,False,False,False,False,False,False,False,False,False,False,False,False,False,True,False,False
UAE,Gaming Laptop,2025-11-04,Electronics,3.0,1298.38,0.19,20.0,2.0,1.0,0.0,1,4,45,11,4,308,0,0.7818314824680298,0.6234898018587336,-0.5000000000000004,0.8660254037844384,0.0,1,5.0,1,0.0,1,0.0,1,1.7142857142857142,2.2886885410853144,0.0,5.0,1.2857142857142858,1.0,1.6329931618554503,0.0,5.0,1.7142857142857142,1,916.8,381.58000000000015,0.4162085514834208,False,False,False,True,False,False,False,False,False,False,False,False,False,False,False,False,False,True,False,False,False,False,False,False,False,False,False,False,False,False,False,False,False,True,False,False
UAE,Gaming Laptop,2025-11-05,Electronics,5.0,1297.36,0.18,20.0,2.0,1.0,1.0,2,5,45,11,4,309,0,0.9749279121818236,-0.22252093395631434,-0.5000000000000004,0.8660254037844384,3.0,1,0.0,1,0.0,1,0.0,1,1.4285714285714286,1.9023794624226809,0.0,5.0,1.5,1.1071428571428572,1.663091403342886,0.0,5.0,1.2903225806451613,1,1298.38,-1.0200000000002092,-0.0007855943560438462,False,False,False,True,False,False,False,False,False,False,False,False,False,False,False,False,False,True,False,False,False,False,False,False,False,False,False,False,False,False,False,False,False,True,False,False
UAE,Gaming Laptop,2025-11-06,Electronics,12.0,838.8666666666668,0.29,20.0,2.0,1.0,1.0,3,6,45,11,4,310,0,0.43388373911755823,-0.900968867902419,-0.5000000000000004,0.8660254037844384,5.0,1,1.0,1,3.0,1,2.0,1,2.142857142857143,2.1930626551751313,0.0,5.0,1.8571428571428572,1.2857142857142858,1.8024087351866789,0.0,5.0,1.6666666666666665,1,1297.36,-458.4933333333331,-0.3534048632093892,False,False,False,True,False,False,False,False,False,False,False,False,False,False,False,False,False,True,False,False,False,False,False,False,False,False,False,False,False,False,False,False,False,True,False,False
UAE,Gaming Laptop,2025-11-07,Electronics,0.0,838.8666666666668,,20.0,2.0,0.0,0.0,4,7,45,11,4,311,0,-0.433883739117558,-0.9009688679024191,-0.5000000000000004,0.8660254037844384,12.0,1,1.0,1,0.0,1,0.0,1,3.7142857142857144,4.231401884099629,0.0,12.0,2.5,1.6428571428571428,2.7109419671410055,0.0,12.0,2.2608695652173916,0,838.8666666666668,0.0,0.0,False,False,False,True,False,False,False,False,False,False,False,False,False,False,False,False,False,True,False,False,False,False,False,False,False,False,False,False,False,False,False,False,False,True,False,False
UAE,Gaming Laptop,2025-11-08,Electronics,10.0,631.865,0.21,20.0,2.0,1.0,1.0,5,8,45,11,4,312,1,-0.9749279121818236,-0.2225209339563146,-0.5000000000000004,0.8660254037844384,0.0,1,5.0,1,2.0,1,1.0,1,3.5714285714285716,4.353433237386435,0.0,12.0,2.5,1.6428571428571428,2.7109419671410055,0.0,12.0,2.173913043478261,1,838.8666666666668,-207.00166666666678,-0.24676349042358747,False,False,False,True,False,False,False,False,False,False,False,False,False,False,False,False,False,True,False,False,False,False,False,False,False,False,False,False,False,False,False,False,False,True,False,False
UAE,Gaming Laptop,2025-11-09,Electronics,5.0,858.795,0.26,20.0,2.0,1.0,1.0,6,9,45,11,4,313,1,-0.7818314824680299,0.6234898018587334,-0.5000000000000004,0.8660254037844384,10.0,1,0.0,1,0.0,1,5.0,1,4.285714285714286,4.990467102863407,0.0,12.0,3.0714285714285716,1.9642857142857142,3.1326493681055436,0.0,12.0,2.1818181818181817,1,631.865,226.92999999999995,0.3591431714052843,False,False,False,True,False,False,False,False,False,False,False,False,False,False,False,False,False,True,False,False,False,False,False,False,False,False,False,False,False,False,False,False,False,True,False,False
UAE,Gaming Laptop,2025-11-10,Electronics,0.0,858.795,,20.0,2.0,0.0,0.0,0,10,46,11,4,314,0,0.0,1.0,-0.5000000000000004,0.8660254037844384,5.0,1,0.0,1,1.0,1,0.0,1,5.0,4.618802153517004,0.0,12.0,3.4285714285714284,1.9642857142857142,3.1326493681055436,0.0,12.0,2.5454545454545454,0,858.795,0.0,0.0,False,False,False,True,False,False,False,False,False,False,False,False,False,False,False,False,False,True,False,False,False,False,False,False,False,False,False,False,False,False,False,False,False,True,False,False
UAE,Gaming Laptop,2025-11-11,Electronics,8.0,782.415,0.22,20.0,2.0,1.0,1.0,1,11,46,11,4,315,0,0.7818314824680298,0.6234898018587336,-0.5000000000000004,0.8660254037844384,0.0,1,3.0,1,5.0,1,0.0,1,5.0,4.618802153517004,0.0,12.0,3.357142857142857,1.9642857142857142,3.1326493681055436,0.0,12.0,2.5454545454545454,1,858.795,-76.38,-0.08893857090458142,False,False,False,True,False,False,False,False,False,False,False,False,False,False,False,False,False,True,False,False,False,False,False,False,False,False,False,False,False,False,False,False,False,True,False,False
UAE,Gaming Laptop,2025-11-12,Electronics,6.0,507.59499999999997,0.26,20.0,2.0,1.0,1.0,2,12,46,11,4,316,0,0.9749279121818236,-0.22252093395631434,-0.5000000000000004,0.8660254037844384,8.0,1,5.0,1,0.0,1,2.0,1,5.714285714285714,4.644505202002529,0.0,12.0,3.5714285714285716,2.25,3.3068391532073624,0.0,12.0,2.5396825396825395,1,782.415,-274.82,-0.3512458222298908,False,False,False,True,False,False,False,False,False,False,False,False,False,False,False,False,False,True,False,False,False,False,False,False,False,False,False,False,False,False,False,False,False,True,False,False
UAE,Gaming Laptop,2025-11-13,Electronics,4.0,108.27,0.2,20.0,2.0,1.0,0.0,3,13,46,11,4,317,0,0.43388373911755823,-0.900968867902419,-0.5000000000000004,0.8660254037844384,6.0,1,12.0,1,1.0,1,0.0,1,5.857142857142857,4.634241089562611,0.0,12.0,4.0,2.392857142857143,3.3812038806525235,0.0,12.0,2.4477611940298507,1,507.59499999999997,-399.325,-0.7867000265960067,False,False,False,True,False,False,False,False,False,False,False,False,False,False,False,False,False,True,False,False,False,False,False,False,False,False,False,False,False,False,False,False,False,True,False,False
UAE,Gaming Laptop,2025-11-14,Electronics,3.0,580.98,0.27,20.0,2.0,1.0,0.0,4,14,46,11,4,318,0,-0.433883739117558,-0.9009688679024191,-0.5000000000000004,0.8660254037844384,4.0,1,0.0,1,1.0,1,0.0,1,4.714285714285714,3.7733400639347656,0.0,10.0,4.214285714285714,2.5357142857142856,3.360799539540189,0.0,12.0,1.859154929577465,1,108.27,472.71000000000004,4.366029371016903,False,False,False,True,False,False,False,False,False,False,False,False,False,False,False,False,False,True,False,False,False,False,False,False,False,False,False,False,False,False,False,False,False,True,False,False
UAE,Gaming Laptop,2025-11-15,Electronics,3.0,801.9,0.17,20.0,2.0,1.0,0.0,5,15,46,11,4,319,1,-0.9749279121818236,-0.2225209339563146,-0.5000000000000004,0.8660254037844384,3.0,1,10.0,1,5.0,1,0.0,1,5.142857142857143,3.2877840272018766,0.0,10.0,4.357142857142857,2.642857142857143,3.324591712212201,0.0,12.0,1.945945945945946,1,580.98,220.91999999999996,0.3802540534958173,False,False,False,True,False,False,False,False,False,False,False,False,False,False,False,False,False,True,False,False,False,False,False,False,False,False,False,False,False,False,False,False,False,True,False,False
UAE,Gaming Laptop,2025-11-16,Electronics,0.0,801.9,,20.0,2.0,0.0,0.0,6,16,46,11,4,320,1,-0.7818314824680299,0.6234898018587334,-0.5000000000000004,0.8660254037844384,3.0,1,5.0,1,0.0,1,0.0,1,4.142857142857143,2.544836041121404,0.0,8.0,4.214285714285714,2.75,3.284362500857212,0.0,12.0,1.5064935064935066,0,801.9,0.0,0.0,False,False,False,True,False,False,False,False,False,False,False,False,False,False,False,False,False,True,False,False,False,False,False,False,False,False,False,False,False,False,False,False,False,True,False,False
UAE,Gaming Laptop,2025-11-17,Electronics,0.0,801.9,,20.0,2.0,0.0,0.0,0,17,47,11,4,321,0,0.0,1.0,-0.5000000000000004,0.8660254037844384,0.0,1,0.0,1,0.0,1,0.0,1,3.4285714285714284,2.935821455580636,0.0,8.0,4.214285714285714,2.75,3.284362500857212,0.0,12.0,1.2467532467532467,0,801.9,0.0,0.0,False,False,False,True,False,False,False,False,False,False,False,False,False,False,False,False,False,True,False,False,False,False,False,False,False,False,False,False,False,False,False,False,False,True,False,False
UAE,Gaming Laptop,2025-11-18,Electronics,5.0,838.24,0.17,20.0,2.0,1.0,1.0,1,18,47,11,4,322,0,0.7818314824680298,0.6234898018587336,-0.5000000000000004,0.8660254037844384,0.0,1,8.0,1,3.0,1,0.0,1,3.4285714285714284,2.935821455580636,0.0,8.0,4.214285714285714,2.75,3.284362500857212,0.0,12.0,1.2467532467532467,1,801.9,36.34000000000003,0.04531737124329721,False,False,False,True,False,False,False,False,False,False,False,False,False,False,False,False,False,True,False,False,False,False,False,False,False,False,False,False,False,False,False,False,False,True,False,False
UAE,Gaming Laptop,2025-11-19,Electronics,2.0,260.84,0.21,20.0,2.0,1.0,0.0,2,19,47,11,4,323,0,0.9749279121818236,-0.22252093395631434,-0.5000000000000004,0.8660254037844384,5.0,1,6.0,1,5.0,1,0.0,1,3.0,2.3094010767585007,0.0,6.0,4.357142857142857,2.9285714285714284,3.265176206788183,0.0,12.0,1.024390243902439,1,838.24,-577.4000000000001,-0.6888242030921933,False,False,False,True,False,False,False,False,False,False,False,False,False,False,False,False,False,True,False,False,False,False,False,False,False,False,False,False,False,False,False,False,False,True,False,False
UAE,Gaming Laptop,2025-11-20,Electronics,7.0,389.79999999999995,0.23,20.0,2.0,1.0,1.0,3,20,47,11,4,324,0,0.43388373911755823,-0.900968867902419,-0.5000000000000004,0.8660254037844384,2.0,1,4.0,1,12.0,1,3.0,1,2.4285714285714284,1.9023794624226813,0.0,5.0,4.142857142857143,3.0,3.220305943597653,0.0,12.0,0.8095238095238094,1,260.84,128.95999999999998,0.4944026989725502,False,False,False,True,False,False,False,False,False,False,False,False,False,False,False,False,False,True,False,False,False,False,False,False,False,False,False,False,False,False,False,False,False,True,False,False
UAE,Gaming Laptop,2025-11-21,Electronics,7.0,1262.395,0.18,20.0,2.0,1.0,1.0,4,21,47,11,4,325,0,-0.433883739117558,-0.9009688679024191,-0.5000000000000004,0.8660254037844384,7.0,1,3.0,1,0.0,1,0.0,1,2.857142857142857,2.544836041121405,0.0,7.0,3.7857142857142856,3.142857142857143,3.307839013887911,0.0,12.0,0.9090909090909092,1,389.79999999999995,872.595,2.23857106208312,False,False,False,True,False,False,False,False,False,False,False,False,False,False,False,False,False,True,False,False,False,False,False,False,False,False,False,False,False,False,False,False,False,True,False,False
UAE,Gaming Laptop,2025-11-22,Electronics,7.0,370.73,0.23,20.0,2.0,1.0,1.0,5,22,47,11,4,326,1,-0.9749279121818236,-0.2225209339563146,-0.5000000000000004,0.8660254037844384,7.0,1,3.0,1,10.0,1,2.0,1,3.4285714285714284,2.99205296617238,0.0,7.0,4.285714285714286,3.392857142857143,3.3259839615021174,0.0,12.0,1.0105263157894737,1,1262.395,-891.665,-0.7063280510458295,False,False,False,True,False,False,False,False,False,False,False,False,False,False,False,False,False,True,False,False,False,False,False,False,False,False,False,False,False,False,False,False,False,True,False,False
UAE,Gaming Laptop,2025-11-23,Electronics,4.0,240.49,0.27,20.0,2.0,1.0,0.0,6,23,47,11,4,327,1,-0.7818314824680299,0.6234898018587334,-0.5000000000000004,0.8660254037844384,7.0,1,0.0,1,5.0,1,0.0,1,4.0,3.2659863237109015,0.0,7.0,4.071428571428571,3.5714285714285716,3.3821817572616415,0.0,12.0,1.1199999999999999,1,370.73,-130.24,-0.351306881018531,False,False,False,True,False,False,False,False,False,False,False,False,False,False,False,False,False,True,False,False,False,False,False,False,False,False,False,False,False,False,False,False,False,True,False,False
UAE,Gaming Laptop,2025-11-24,Electronics,14.0,719.265,0.27,20.0,2.0,1.0,1.0,0,24,48,11,4,328,0,0.0,1.0,-0.5000000000000004,0.8660254037844384,4.0,1,0.0,1,0.0,1,1.0,1,4.571428571428571,2.7602622373694126,0.0,7.0,4.0,3.7142857142857144,3.3094381626464875,0.0,12.0,1.2307692307692306,1,240.49,478.775,1.9908312195933302,False,False,False,True,False,False,False,False,False,False,False,False,False,False,False,False,False,True,False,False,False,False,False,False,False,False,False,False,False,False,False,False,False,True,False,False
UAE,Gaming Laptop,2025-11-25,Electronics,6.0,1306.1599999999999,0.21,20.0,2.0,1.0,1.0,1,25,48,11,4,329,0,0.7818314824680298,0.6234898018587336,-0.5000000000000004,0.8660254037844384,14.0,1,5.0,1,8.0,1,5.0,1,6.571428571428571,3.779644730092268,2.0,14.0,5.0,4.178571428571429,3.7913505013831985,0.0,14.0,1.5726495726495724,1,719.265,586.8949999999999,0.8159649086219959,False,False,False,True,False,False,False,False,False,False,False,False,False,False,False,False,False,True,False,False,False,False,False,False,False,False,False,False,False,False,False,False,False,True,False,False
