store_id,product_id,date,category,sales,price,Discount_Applied,safety_stock,lead_time_days,promotion,is_outlier,day_of_week,day_of_month,week_of_year,month,quarter,day_of_year,is_weekend,sin_day_of_week,cos_day_of_week,sin_month,cos_month,lag_1,has_lag_1,lag_7,has_lag_7,lag_14,has_lag_14,lag_28,has_lag_28,rolling_mean_7,rolling_std_7,rolling_min_7,rolling_max_7,rolling_mean_14,rolling_mean_28,rolling_std_28,rolling_min_28,rolling_max_28,trend_ratio,is_promotion,previous_price,price_change,price_change_pct,store_id_Germany,store_id_India,store_id_Pakistan,store_id_UAE,store_id_UK,store_id_USA,product_id_4K Smart TV,product_id_Air Fryer,product_id_Blender,product_id_Coffee Maker,product_id_Cotton T-Shirt,product_id_Cycling Helmet,product_id_Denim Jeans,product_id_Dumbbell Set,product_id_Face Wash,product_id_Football,product_id_Formal Shirt,product_id_Gaming Laptop,product_id_Hair Serum,product_id_Lipstick Set,product_id_Microwave Oven,product_id_Moisturizing Cream,product_id_Perfume,product_id_Running Shoes,product_id_Smartphone 128GB,product_id_Smartwatch,product_id_Tennis Racket,product_id_Vacuum Cleaner,product_id_Winter Jacket,product_id_Wireless Noise-Canceling Headphones,product_id_Yoga Mat,category_Apparel,category_Beauty,category_Electronics,category_Home & Kitchen,category_Sports
Pakistan,Formal Shirt,2025-05-23,Apparel,0.0,76.66,,20.0,2.0,0.0,0.0,4,23,21,5,2,143,0,-0.433883739117558,-0.9009688679024191,0.49999999999999994,-0.8660254037844387,0.0,1,4.0,1,4.0,1,0.0,1,0.5714285714285714,1.5118578920369126,0.0,4.0,0.7857142857142857,0.75,1.3777329741819173,0.0,4.0,0.7619047619047619,0,76.66,0.0,0.0,False,False,True,False,False,False,False,False,False,False,False,False,False,False,False,False,True,False,False,False,False,False,False,False,False,False,False,False,False,False,False,True,False,False,False,False
Pakistan,Formal Shirt,2025-05-24,Apparel,3.0,28.15,0.13,20.0,2.0,1.0,0.0,5,24,21,5,2,144,1,-0.9749279121818236,-0.2225209339563146,0.49999999999999994,-0.8660254037844387,0.0,1,0.0,1,0.0,1,0.0,1,0.0,0.0,0.0,0.0,0.5,0.75,1.3777329741819173,0.0,4.0,0.0,1,76.66,-48.51,-0.6327941560135664,False,False,True,False,False,False,False,False,False,False,False,False,False,False,False,False,True,False,False,False,False,False,False,False,False,False,False,False,False,False,False,True,False,False,False,False
Pakistan,Formal Shirt,2025-05-25,Apparel,3.0,104.28,0.04,20.0,2.0,1.0,0.0,6,25,21,5,2,145,1,-0.7818314824680299,0.6234898018587334,0.49999999999999994,-0.8660254037844387,3.0,1,0.0,1,1.0,1,0.0,1,0.42857142857142855,1.1338934190276864,0.0,3.0,0.7142857142857143,0.8571428571428571,1.4327979804948279,0.0,4.0,0.5,1,28.15,76.13,2.7044404973357015,False,False,True,False,False,False,False,False,False,False,False,False,False,False,False,False,True,False,False,False,False,False,False,False,False,False,False,False,False,False,False,True,False,False,False,False
Pakistan,Formal Shirt,2025-05-26,Apparel,3.0,143.85,0.06,20.0,2.0,1.0,0.0,0,26,22,5,2,146,0,0.0,1.0,0.49999999999999994,-0.8660254037844387,3.0,1,0.0,1,0.0,1,0.0,1,0.8571428571428571,1.4638501094228036,0.0,3.0,0.8571428571428571,0.9642857142857143,1.4777897123279882,0.0,4.0,0.8888888888888888,1,104.28,39.56999999999999,0.37945914844649015,False,False,True,False,False,False,False,False,False,False,False,False,False,False,False,False,True,False,False,False,False,False,False,False,False,False,False,False,False,False,False,True,False,False,False,False
Pakistan,Formal Shirt,2025-05-27,Apparel,2.0,27.76,0.12,20.0,2.0,1.0,0.0,1,27,22,5,2,147,0,0.7818314824680298,0.6234898018587336,0.49999999999999994,-0.8660254037844387,3.0,1,0.0,1,2.0,1,0.0,1,1.2857142857142858,1.60356745147455,0.0,3.0,1.0714285714285714,1.0714285714285714,1.5136067160941429,0.0,4.0,1.2000000000000002,1,143.85,-116.08999999999999,-0.8070212026416406,False,False,True,False,False,False,False,False,False,False,False,False,False,False,False,False,True,False,False,False,False,False,False,False,False,False,False,False,False,False,False,True,False,False,False,False
Pakistan,Formal Shirt,2025-05-28,Apparel,0.0,27.76,,20.0,2.0,0.0,0.0,2,28,22,5,2,148,0,0.9749279121818236,-0.22252093395631434,0.49999999999999994,-0.8660254037844387,2.0,1,0.0,1,0.0,1,4.0,1,1.5714285714285714,1.5118578920369128,0.0,3.0,1.0714285714285714,1.1428571428571428,1.5083541610418556,0.0,4.0,1.375,0,27.76,0.0,0.0,False,False,True,False,False,False,False,False,False,False,False,False,False,False,False,False,True,False,False,False,False,False,False,False,False,False,False,False,False,False,False,True,False,False,False,False
Pakistan,Formal Shirt,2025-05-29,Apparel,0.0,27.76,,20.0,2.0,0.0,0.0,3,29,22,5,2,149,0,0.43388373911755823,-0.900968867902419,0.49999999999999994,-0.8660254037844387,0.0,1,0.0,1,0.0,1,0.0,1,1.5714285714285714,1.5118578920369128,0.0,3.0,1.0714285714285714,1.0,1.4142135623730965,0.0,4.0,1.5714285714285714,0,27.76,0.0,0.0,False,False,True,False,False,False,False,False,False,False,False,False,False,False,False,False,True,False,False,False,False,False,False,False,False,False,False,False,False,False,False,True,False,False,False,False
Pakistan,Formal Shirt,2025-05-30,Apparel,0.0,27.76,,20.0,2.0,0.0,0.0,4,30,22,5,2,150,0,-0.433883739117558,-0.9009688679024191,0.49999999999999994,-0.8660254037844387,0.0,1,0.0,1,4.0,1,0.0,1,1.5714285714285714,1.5118578920369128,0.0,3.0,1.0714285714285714,1.0,1.4142135623730965,0.0,4.0,1.5714285714285714,0,27.76,0.0,0.0,False,False,True,False,False,False,False,False,False,False,False,False,False,False,False,False,True,False,False,False,False,False,False,False,False,False,False,False,False,False,False,True,False,False,False,False
Pakistan,Formal Shirt,2025-05-31,Apparel,1.0,43.14,0.11,20.0,2.0,1.0,0.0,5,31,22,5,2,151,1,-0.9749279121818236,-0.2225209339563146,0.49999999999999994,-0.8660254037844387,0.0,1,3.0,1,0.0,1,0.0,1,1.5714285714285714,1.5118578920369128,0.0,3.0,0.7857142857142857,1.0,1.4142135623730965,0.0,4.0,1.5714285714285714,1,27.76,15.379999999999999,0.5540345821325647,False,False,True,False,False,False,False,False,False,False,False,False,False,False,False,False,True,False,False,False,False,False,False,False,False,False,False,False,False,False,False,True,False,False,False,False
Pakistan,Formal Shirt,2025-06-01,Apparel,0.0,43.14,,20.0,2.0,0.0,0.0,6,1,22,6,2,152,1,-0.7818314824680299,0.6234898018587334,1.2246467991473532e-16,-1.0,1.0,1,3.0,1,0.0,1,0.0,1,1.2857142857142858,1.3801311186847125,0.0,3.0,0.8571428571428571,1.0357142857142858,1.4005856673692674,0.0,4.0,1.2413793103448276,0,43.14,0.0,0.0,False,False,True,False,False,False,False,False,False,False,False,False,False,False,False,False,True,False,False,False,False,False,False,False,False,False,False,False,False,False,False,True,False,False,False,False
Pakistan,Formal Shirt,2025-06-02,Apparel,0.0,43.14,,20.0,2.0,0.0,0.0,0,2,23,6,2,153,0,0.0,1.0,1.2246467991473532e-16,-1.0,0.0,1,3.0,1,0.0,1,1.0,1,0.8571428571428571,1.2149857925879162,0.0,3.0,0.8571428571428571,1.0357142857142858,1.4005856673692674,0.0,4.0,0.8275862068965516,0,43.14,0.0,0.0,False,False,True,False,False,False,False,False,False,False,False,False,False,False,False,False,True,False,False,False,False,False,False,False,False,False,False,False,False,False,False,True,False,False,False,False
Pakistan,Formal Shirt,2025-06-03,Apparel,1.0,54.1,0.01,20.0,2.0,1.0,0.0,1,3,23,6,2,154,0,0.7818314824680298,0.6234898018587336,1.2246467991473532e-16,-1.0,0.0,1,2.0,1,0.0,1,3.0,1,0.42857142857142855,0.7867957924694498,0.0,2.0,0.8571428571428571,1.0,1.4142135623730965,0.0,4.0,0.42857142857142855,1,43.14,10.96,0.25405656003708854,False,False,True,False,False,False,False,False,False,False,False,False,False,False,False,False,True,False,False,False,False,False,False,False,False,False,False,False,False,False,False,True,False,False,False,False
Pakistan,Formal Shirt,2025-06-04,Apparel,0.0,54.1,,20.0,2.0,0.0,0.0,2,4,23,6,2,155,0,0.9749279121818236,-0.22252093395631434,1.2246467991473532e-16,-1.0,1.0,1,0.0,1,0.0,1,2.0,1,0.2857142857142857,0.487950036474277,0.0,1.0,0.9285714285714286,0.9285714285714286,1.358882204814255,0.0,4.0,0.30769230769230765,0,54.1,0.0,0.0,False,False,True,False,False,False,False,False,False,False,False,False,False,False,False,False,True,False,False,False,False,False,False,False,False,False,False,False,False,False,False,True,False,False,False,False
Pakistan,Formal Shirt,2025-06-05,Apparel,2.0,41.29,0.01,20.0,2.0,1.0,0.0,3,5,23,6,2,156,0,0.43388373911755823,-0.900968867902419,1.2246467991473532e-16,-1.0,0.0,1,0.0,1,0.0,1,0.0,1,0.2857142857142857,0.487950036474277,0.0,1.0,0.9285714285714286,0.8571428571428571,1.3530291315000704,0.0,4.0,0.3333333333333333,1,54.1,-12.810000000000002,-0.23678373382624773,False,False,True,False,False,False,False,False,False,False,False,False,False,False,False,False,True,False,False,False,False,False,False,False,False,False,False,False,False,False,False,True,False,False,False,False
Pakistan,Formal Shirt,2025-06-06,Apparel,0.0,41.29,,20.0,2.0,0.0,0.0,4,6,23,6,2,157,0,-0.433883739117558,-0.9009688679024191,1.2246467991473532e-16,-1.0,2.0,1,0.0,1,0.0,1,4.0,1,0.5714285714285714,0.7867957924694498,0.0,2.0,1.0714285714285714,0.9285714285714286,1.358882204814255,0.0,4.0,0.6153846153846153,0,41.29,0.0,0.0,False,False,True,False,False,False,False,False,False,False,False,False,False,False,False,False,True,False,False,False,False,False,False,False,False,False,False,False,False,False,False,True,False,False,False,False
Pakistan,Formal Shirt,2025-06-07,Apparel,0.0,41.29,,20.0,2.0,0.0,0.0,5,7,23,6,2,158,1,-0.9749279121818236,-0.2225209339563146,1.2246467991473532e-16,-1.0,0.0,1,1.0,1,3.0,1,0.0,1,0.5714285714285714,0.7867957924694498,0.0,2.0,1.0714285714285714,0.7857142857142857,1.227980662688347,0.0,4.0,0.7272727272727273,0,41.29,0.0,0.0,False,False,True,False,False,False,False,False,False,False,False,False,False,False,False,False,True,False,False,False,False,False,False,False,False,False,False,False,False,False,False,True,False,False,False,False
Pakistan,Formal Shirt,2025-06-08,Apparel,0.0,41.29,,20.0,2.0,0.0,0.0,6,8,23,6,2,159,1,-0.7818314824680299,0.6234898018587334,1.2246467991473532e-16,-1.0,0.0,1,0.0,1,3.0,1,1.0,1,0.42857142857142855,0.7867957924694496,0.0,2.0,0.8571428571428571,0.7857142857142857,1.227980662688347,0.0,4.0,0.5454545454545454,0,41.29,0.0,0.0,False,False,True,False,False,False,False,False,False,False,False,False,False,False,False,False,True,False,False,False,False,False,False,False,False,False,False,False,False,False,False,True,False,False,False,False
Pakistan,Formal Shirt,2025-06-09,Apparel,3.0,103.07,0.13,20.0,2.0,1.0,0.0,0,9,24,6,2,160,0,0.0,1.0,1.2246467991473532e-16,-1.0,0.0,1,0.0,1,3.0,1,0.0,1,0.42857142857142855,0.7867957924694496,0.0,2.0,0.6428571428571429,0.75,1.236033081182612,0.0,4.0,0.5714285714285714,1,41.29,61.779999999999994,1.4962460644223783,False,False,True,False,False,False,False,False,False,False,False,False,False,False,False,False,True,False,False,False,False,False,False,False,False,False,False,False,False,False,False,True,False,False,False,False
Pakistan,Formal Shirt,2025-06-10,Apparel,3.0,71.31,0.05,20.0,2.0,1.0,0.0,1,10,24,6,2,161,0,0.7818314824680298,0.6234898018587336,1.2246467991473532e-16,-1.0,3.0,1,1.0,1,2.0,1,2.0,1,0.8571428571428571,1.2149857925879162,0.0,3.0,0.6428571428571429,0.8571428571428571,1.297127473512024,0.0,4.0,1.0,1,103.07,-31.75999999999999,-0.3081400989618705,False,False,True,False,False,False,False,False,False,False,False,False,False,False,False,False,True,False,False,False,False,False,False,False,False,False,False,False,False,False,False,True,False,False,False,False
Pakistan,Formal Shirt,2025-06-11,Apparel,2.0,118.3,0.05,20.0,2.0,1.0,0.0,2,11,24,6,2,162,0,0.9749279121818236,-0.22252093395631434,1.2246467991473532e-16,-1.0,3.0,1,0.0,1,0.0,1,0.0,1,1.1428571428571428,1.4638501094228034,0.0,3.0,0.7142857142857143,0.8928571428571429,1.3427248612094949,0.0,4.0,1.2799999999999998,1,71.31,46.989999999999995,0.6589538634132659,False,False,True,False,False,False,False,False,False,False,False,False,False,False,False,False,True,False,False,False,False,False,False,False,False,False,False,False,False,False,False,True,False,False,False,False
Pakistan,Formal Shirt,2025-06-12,Apparel,0.0,118.3,,20.0,2.0,0.0,0.0,3,12,24,6,2,163,0,0.43388373911755823,-0.900968867902419,1.2246467991473532e-16,-1.0,2.0,1,2.0,1,0.0,1,0.0,1,1.4285714285714286,1.3972762620115478,0.0,3.0,0.8571428571428571,0.9642857142857143,1.3466595945123132,0.0,4.0,1.4814814814814814,0,118.3,0.0,0.0,False,False,True,False,False,False,False,False,False,False,False,False,False,False,False,False,True,False,False,False,False,False,False,False,False,False,False,False,False,False,False,True,False,False,False,False
Pakistan,Formal Shirt,2025-06-13,Apparel,1.0,83.02,0.12,20.0,2.0,1.0,0.0,4,13,24,6,2,164,0,-0.433883739117558,-0.9009688679024191,1.2246467991473532e-16,-1.0,0.0,1,0.0,1,0.0,1,4.0,1,1.1428571428571428,1.4638501094228034,0.0,3.0,0.8571428571428571,0.9642857142857143,1.3466595945123132,0.0,4.0,1.1851851851851851,1,118.3,-35.28,-0.2982248520710059,False,False,True,False,False,False,False,False,False,False,False,False,False,False,False,False,True,False,False,False,False,False,False,False,False,False,False,False,False,False,False,True,False,False,False,False
Pakistan,Formal Shirt,2025-06-14,Apparel,0.0,83.02,,20.0,2.0,0.0,0.0,5,14,24,6,2,165,1,-0.9749279121818236,-0.2225209339563146,1.2246467991473532e-16,-1.0,1.0,1,0.0,1,1.0,1,0.0,1,1.2857142857142858,1.3801311186847123,0.0,3.0,0.9285714285714286,0.8571428571428571,1.2084359562332894,0.0,3.0,1.5000000000000002,0,83.02,0.0,0.0,False,False,True,False,False,False,False,False,False,False,False,False,False,False,False,False,True,False,False,False,False,False,False,False,False,False,False,False,False,False,False,True,False,False,False,False
Pakistan,Formal Shirt,2025-06-15,Apparel,0.0,83.02,,20.0,2.0,0.0,0.0,6,15,24,6,2,166,1,-0.7818314824680299,0.6234898018587334,1.2246467991473532e-16,-1.0,0.0,1,0.0,1,0.0,1,0.0,1,1.2857142857142858,1.3801311186847123,0.0,3.0,0.8571428571428571,0.8571428571428571,1.2084359562332894,0.0,3.0,1.5000000000000002,0,83.02,0.0,0.0,False,False,True,False,False,False,False,False,False,False,False,False,False,False,False,False,True,False,False,False,False,False,False,False,False,False,False,False,False,False,False,True,False,False,False,False
Pakistan,Formal Shirt,2025-06-16,Apparel,0.0,83.02,,20.0,2.0,0.0,0.0,0,16,25,6,2,167,0,0.0,1.0,1.2246467991473532e-16,-1.0,0.0,1,3.0,1,0.0,1,0.0,1,1.2857142857142858,1.3801311186847123,0.0,3.0,0.8571428571428571,0.8571428571428571,1.2084359562332894,0.0,3.0,1.5000000000000002,0,83.02,0.0,0.0,False,False,True,False,False,False,False,False,False,False,False,False,False,False,False,False,True,False,False,False,False,False,False,False,False,False,False,False,False,False,False,True,False,False,False,False
Pakistan,Formal Shirt,2025-06-17,Apparel,0.0,83.02,,20.0,2.0,0.0,0.0,1,17,25,6,2,168,0,0.7818314824680298,0.6234898018587336,1.2246467991473532e-16,-1.0,0.0,1,3.0,1,1.0,1,0.0,1,0.8571428571428571,1.214985792587916,0.0,3.0,0.8571428571428571,0.8571428571428571,1.2084359562332894,0.0,3.0,1.0,0,83.02,0.0,0.0,False,False,True,False,False,False,False,False,False,False,False,False,False,False,False,False,True,False,False,False,False,False,False,False,False,False,False,False,False,False,False,True,False,False,False,False
Pakistan,Formal Shirt,2025-06-18,Apparel,0.0,83.02,,20.0,2.0,0.0,0.0,2,18,25,6,2,169,0,0.9749279121818236,-0.22252093395631434,1.2246467991473532e-16,-1.0,0.0,1,2.0,1,0.0,1,0.0,1,0.42857142857142855,0.7867957924694493,0.0,2.0,0.7857142857142857,0.8571428571428571,1.2084359562332894,0.0,3.0,0.5,0,83.02,0.0,0.0,False,False,True,False,False,False,False,False,False,False,False,False,False,False,False,False,True,False,False,False,False,False,False,False,False,False,False,False,False,False,False,True,False,False,False,False
Pakistan,Formal Shirt,2025-06-19,Apparel,0.0,83.02,,20.0,2.0,0.0,0.0,3,19,25,6,2,170,0,0.43388373911755823,-0.900968867902419,1.2246467991473532e-16,-1.0,0.0,1,0.0,1,2.0,1,0.0,1,0.14285714285714285,0.3779644730092397,0.0,1.0,0.7857142857142857,0.8571428571428571,1.2084359562332894,0.0,3.0,0.16666666666666666,0,83.02,0.0,0.0,False,False,True,False,False,False,False,False,False,False,False,False,False,False,False,False,True,False,False,False,False,False,False,False,False,False,False,False,False,False,False,True,False,False,False,False
Pakistan,Formal Shirt,2025-06-20,Apparel,0.0,83.02,,20.0,2.0,0.0,0.0,4,20,25,6,2,171,0,-0.433883739117558,-0.9009688679024191,1.2246467991473532e-16,-1.0,0.0,1,1.0,1,0.0,1,0.0,1,0.14285714285714285,0.3779644730092397,0.0,1.0,0.6428571428571429,0.8571428571428571,1.2084359562332894,0.0,3.0,0.16666666666666666,0,83.02,0.0,0.0,False,False,True,False,False,False,False,False,False,False,False,False,False,False,False,False,True,False,False,False,False,False,False,False,False,False,False,False,False,False,False,True,False,False,False,False
Pakistan,Formal Shirt,2025-06-21,Apparel,1.0,139.73,0.08,20.0,2.0,1.0,0.0,5,21,25,6,2,172,1,-0.9749279121818236,-0.2225209339563146,1.2246467991473532e-16,-1.0,0.0,1,0.0,1,0.0,1,3.0,1,0.0,0.0,0.0,0.0,0.6428571428571429,0.8571428571428571,1.2084359562332894,0.0,3.0,0.0,1,83.02,56.709999999999994,0.6830884124307396,False,False,True,False,False,False,False,False,False,False,False,False,False,False,False,False,True,False,False,False,False,False,False,False,False,False,False,False,False,False,False,True,False,False,False,False
Pakistan,Formal Shirt,2025-06-22,Apparel,3.0,28.4,0.07,20.0,2.0,1.0,0.0,6,22,25,6,2,173,1,-0.7818314824680299,0.6234898018587334,1.2246467991473532e-16,-1.0,1.0,1,0.0,1,0.0,1,3.0,1,0.14285714285714285,0.3779644730092397,0.0,1.0,0.7142857142857143,0.7857142857142857,1.1338934190276835,0.0,3.0,0.18181818181818182,1,139.73,-111.32999999999998,-0.7967508766907607,False,False,True,False,False,False,False,False,False,False,False,False,False,False,False,False,True,False,False,False,False,False,False,False,False,False,False,False,False,False,False,True,False,False,False,False
Pakistan,Formal Shirt,2025-06-23,Apparel,2.0,53.09,0.07,20.0,2.0,1.0,0.0,0,23,26,6,2,174,0,0.0,1.0,1.2246467991473532e-16,-1.0,3.0,1,0.0,1,3.0,1,3.0,1,0.5714285714285714,1.133893419027686,0.0,3.0,0.9285714285714286,0.7857142857142857,1.1338934190276835,0.0,3.0,0.7272727272727273,1,28.4,24.690000000000005,0.8693661971830988,False,False,True,False,False,False,False,False,False,False,False,False,False,False,False,False,True,False,False,False,False,False,False,False,False,False,False,False,False,False,False,True,False,False,False,False
Pakistan,Formal Shirt,2025-06-24,Apparel,3.0,119.27,0.07,20.0,2.0,1.0,0.0,1,24,26,6,2,175,0,0.7818314824680298,0.6234898018587336,1.2246467991473532e-16,-1.0,2.0,1,0.0,1,3.0,1,2.0,1,0.8571428571428571,1.214985792587916,0.0,3.0,0.8571428571428571,0.75,1.07582870727984,0.0,3.0,1.1428571428571428,1,53.09,66.17999999999999,1.2465624411376905,False,False,True,False,False,False,False,False,False,False,False,False,False,False,False,False,True,False,False,False,False,False,False,False,False,False,False,False,False,False,False,True,False,False,False,False
Pakistan,Formal Shirt,2025-06-25,Apparel,0.0,119.27,,20.0,2.0,0.0,0.0,2,25,26,6,2,176,0,0.9749279121818236,-0.22252093395631434,1.2246467991473532e-16,-1.0,3.0,1,0.0,1,2.0,1,0.0,1,1.2857142857142858,1.3801311186847123,0.0,3.0,0.8571428571428571,0.7857142857142857,1.1338934190276835,0.0,3.0,1.6363636363636365,0,119.27,0.0,0.0,False,False,True,False,False,False,False,False,False,False,False,False,False,False,False,False,True,False,False,False,False,False,False,False,False,False,False,False,False,False,False,True,False,False,False,False
Pakistan,Formal Shirt,2025-06-26,Apparel,2.0,57.14,0.06,20.0,2.0,1.0,0.0,3,26,26,6,2,177,0,0.43388373911755823,-0.900968867902419,1.2246467991473532e-16,-1.0,0.0,1,0.0,1,0.0,1,0.0,1,1.2857142857142858,1.3801311186847123,0.0,3.0,0.7142857142857143,0.7857142857142857,1.1338934190276835,0.0,3.0,1.6363636363636365,1,119.27,-62.129999999999995,-0.5209189234509936,False,False,True,False,False,False,False,False,False,False,False,False,False,False,False,False,True,False,False,False,False,False,False,False,False,False,False,False,False,False,False,True,False,False,False,False
Pakistan,Formal Shirt,2025-06-27,Apparel,0.0,57.14,,20.0,2.0,0.0,0.0,4,27,26,6,2,178,0,-0.433883739117558,-0.9009688679024191,1.2246467991473532e-16,-1.0,2.0,1,0.0,1,1.0,1,0.0,1,1.5714285714285714,1.2724180205607079,0.0,3.0,0.8571428571428571,0.8571428571428571,1.1454995906456347,0.0,3.0,1.8333333333333335,0,57.14,0.0,0.0,False,False,True,False,False,False,False,False,False,False,False,False,False,False,False,False,True,False,False,False,False,False,False,False,False,False,False,False,False,False,False,True,False,False,False,False
Pakistan,Formal Shirt,2025-06-28,Apparel,0.0,57.14,,20.0,2.0,0.0,0.0,5,28,26,6,2,179,1,-0.9749279121818236,-0.2225209339563146,1.2246467991473532e-16,-1.0,0.0,1,1.0,1,0.0,1,1.0,1,1.5714285714285714,1.2724180205607079,0.0,3.0,0.7857142857142857,0.8571428571428571,1.1454995906456347,0.0,3.0,1.8333333333333335,0,57.14,0.0,0.0,False,False,True,False,False,False,False,False,False,False,False,False,False,False,False,False,True,False,False,False,False,False,False,False,False,False,False,False,False,False,False,True,False,False,False,False
Pakistan,Formal Shirt,2025-06-29,Apparel,0.0,57.14,,20.0,2.0,0.0,0.0,6,29,26,6,2,180,1,-0.7818314824680299,0.6234898018587334,1.2246467991473532e-16,-1.0,0.0,1,3.0,1,0.0,1,0.0,1,1.4285714285714286,1.3972762620115478,0.0,3.0,0.7857142857142857,0.8214285714285714,1.156417566150563,0.0,3.0,1.7391304347826089,0,57.14,0.0,0.0,False,False,True,False,False,False,False,False,False,False,False,False,False,False,False,False,True,False,False,False,False,False,False,False,False,False,False,False,False,False,False,True,False,False,False,False
Pakistan,Formal Shirt,2025-06-30,Apparel,0.0,57.14,,20.0,2.0,0.0,0.0,0,30,27,6,2,181,0,0.0,1.0,1.2246467991473532e-16,-1.0,0.0,1,2.0,1,0.0,1,0.0,1,1.0,1.2909944487358098,0.0,3.0,0.7857142857142857,0.8214285714285714,1.156417566150563,0.0,3.0,1.2173913043478262,0,57.14,0.0,0.0,False,False,True,False,False,False,False,False,False,False,False,False,False,False,False,False,True,False,False,False,False,False,False,False,False,False,False,False,False,False,False,True,False,False,False,False
Pakistan,Formal Shirt,2025-07-01,Apparel,0.0,57.14,,20.0,2.0,0.0,0.0,1,1,27,7,3,182,0,0.7818314824680298,0.6234898018587336,-0.4999999999999997,-0.8660254037844388,0.0,1,3.0,1,0.0,1,1.0,1,0.7142857142857143,1.2535663410560216,0.0,3.0,0.7857142857142857,0.8214285714285714,1.156417566150563,0.0,3.0,0.8695652173913044,0,57.14,0.0,0.0,False,False,True,False,False,False,False,False,False,False,False,False,False,False,False,False,True,False,False,False,False,False,False,False,False,False,False,False,False,False,False,True,False,False,False,False
Pakistan,Formal Shirt,2025-07-02,Apparel,0.0,57.14,,20.0,2.0,0.0,0.0,2,2,27,7,3,183,0,0.9749279121818236,-0.22252093395631434,-0.4999999999999997,-0.8660254037844388,0.0,1,0.0,1,0.0,1,0.0,1,0.2857142857142857,0.7559289460184612,0.0,2.0,0.7857142857142857,0.7857142857142857,1.1660996354464588,0.0,3.0,0.36363636363636365,0,57.14,0.0,0.0,False,False,True,False,False,False,False,False,False,False,False,False,False,False,False,False,True,False,False,False,False,False,False,False,False,False,False,False,False,False,False,True,False,False,False,False
Pakistan,Formal Shirt,2025-07-03,Apparel,0.0,57.14,,20.0,2.0,0.0,0.0,3,3,27,7,3,184,0,0.43388373911755823,-0.900968867902419,-0.4999999999999997,-0.8660254037844388,0.0,1,2.0,1,0.0,1,2.0,1,0.2857142857142857,0.7559289460184612,0.0,2.0,0.7857142857142857,0.7857142857142857,1.1660996354464588,0.0,3.0,0.36363636363636365,0,57.14,0.0,0.0,False,False,True,False,False,False,False,False,False,False,False,False,False,False,False,False,True,False,False,False,False,False,False,False,False,False,False,False,False,False,False,True,False,False,False,False
Pakistan,Formal Shirt,2025-07-04,Apparel,0.0,57.14,,20.0,2.0,0.0,0.0,4,4,27,7,3,185,0,-0.433883739117558,-0.9009688679024191,-0.4999999999999997,-0.8660254037844388,0.0,1,0.0,1,0.0,1,0.0,1,0.0,0.0,0.0,0.0,0.7857142857142857,0.7142857142857143,1.150109265570592,0.0,3.0,0.0,0,57.14,0.0,0.0,False,False,True,False,False,False,False,False,False,False,False,False,False,False,False,False,True,False,False,False,False,False,False,False,False,False,False,False,False,False,False,True,False,False,False,False
Pakistan,Formal Shirt,2025-07-05,Apparel,0.0,57.14,,20.0,2.0,0.0,0.0,5,5,27,7,3,186,1,-0.9749279121818236,-0.2225209339563146,-0.4999999999999997,-0.8660254037844388,0.0,1,0.0,1,1.0,1,0.0,1,0.0,0.0,0.0,0.0,0.7857142857142857,0.7142857142857143,1.150109265570592,0.0,3.0,0.0,0,57.14,0.0,0.0,False,False,True,False,False,False,False,False,False,False,False,False,False,False,False,False,True,False,False,False,False,False,False,False,False,False,False,False,False,False,False,True,False,False,False,False
Pakistan,Formal Shirt,2025-07-06,Apparel,0.0,57.14,,20.0,2.0,0.0,0.0,6,6,27,7,3,187,1,-0.7818314824680299,0.6234898018587334,-0.4999999999999997,-0.8660254037844388,0.0,1,0.0,1,3.0,1,0.0,1,0.0,0.0,0.0,0.0,0.7142857142857143,0.7142857142857143,1.150109265570592,0.0,3.0,0.0,0,57.14,0.0,0.0,False,False,True,False,False,False,False,False,False,False,False,False,False,False,False,False,True,False,False,False,False,False,False,False,False,False,False,False,False,False,False,True,False,False,False,False
Pakistan,Formal Shirt,2025-07-07,Apparel,3.0,64.28,0.08,20.0,2.0,1.0,0.0,0,7,28,7,3,188,0,0.0,1.0,-0.4999999999999997,-0.8660254037844388,0.0,1,0.0,1,2.0,1,3.0,1,0.0,0.0,0.0,0.0,0.5,0.7142857142857143,1.150109265570592,0.0,3.0,0.0,1,57.14,7.140000000000001,0.12495624781239063,False,False,True,False,False,False,False,False,False,False,False,False,False,False,False,False,True,False,False,False,False,False,False,False,False,False,False,False,False,False,False,True,False,False,False,False
Pakistan,Formal Shirt,2025-07-08,Apparel,0.0,64.28,,20.0,2.0,0.0,0.0,1,8,28,7,3,189,0,0.7818314824680298,0.6234898018587336,-0.4999999999999997,-0.8660254037844388,3.0,1,0.0,1,3.0,1,3.0,1,0.42857142857142855,1.1338934190276861,0.0,3.0,0.5714285714285714,0.7142857142857143,1.150109265570592,0.0,3.0,0.6,0,64.28,0.0,0.0,False,False,True,False,False,False,False,False,False,False,False,False,False,False,False,False,True,False,False,False,False,False,False,False,False,False,False,False,False,False,False,True,False,False,False,False
Pakistan,Formal Shirt,2025-07-09,Apparel,0.0,64.28,,20.0,2.0,0.0,0.0,2,9,28,7,3,190,0,0.9749279121818236,-0.22252093395631434,-0.4999999999999997,-0.8660254037844388,0.0,1,0.0,1,0.0,1,2.0,1,0.42857142857142855,1.1338934190276861,0.0,3.0,0.35714285714285715,0.6071428571428571,1.0659471779799363,0.0,3.0,0.7058823529411765,0,64.28,0.0,0.0,False,False,True,False,False,False,False,False,False,False,False,False,False,False,False,False,True,False,False,False,False,False,False,False,False,False,False,False,False,False,False,True,False,False,False,False
Pakistan,Formal Shirt,2025-07-10,Apparel,3.0,125.45,0.05,20.0,2.0,1.0,0.0,3,10,28,7,3,191,0,0.43388373911755823,-0.900968867902419,-0.4999999999999997,-0.8660254037844388,0.0,1,0.0,1,2.0,1,0.0,1,0.42857142857142855,1.1338934190276861,0.0,3.0,0.35714285714285715,0.5357142857142857,1.0357370915204913,0.0,3.0,0.7999999999999999,1,64.28,61.17,0.9516179215930305,False,False,True,False,False,False,False,False,False,False,False,False,False,False,False,False,True,False,False,False,False,False,False,False,False,False,False,False,False,False,False,True,False,False,False,False
Pakistan,Formal Shirt,2025-07-11,Apparel,0.0,125.45,,20.0,2.0,0.0,0.0,4,11,28,7,3,192,0,-0.433883739117558,-0.9009688679024191,-0.4999999999999997,-0.8660254037844388,3.0,1,0.0,1,0.0,1,1.0,1,0.8571428571428571,1.4638501094228034,0.0,3.0,0.42857142857142855,0.6428571428571429,1.1292175499576151,0.0,3.0,1.3333333333333333,0,125.45,0.0,0.0,False,False,True,False,False,False,False,False,False,False,False,False,False,False,False,False,True,False,False,False,False,False,False,False,False,False,False,False,False,False,False,True,False,False,False,False
Pakistan,Formal Shirt,2025-07-12,Apparel,2.0,25.91,0.14,20.0,2.0,1.0,0.0,5,12,28,7,3,193,1,-0.9749279121818236,-0.2225209339563146,-0.4999999999999997,-0.8660254037844388,0.0,1,0.0,1,0.0,1,0.0,1,0.8571428571428571,1.4638501094228034,0.0,3.0,0.42857142857142855,0.6071428571428571,1.1333099904225403,0.0,3.0,1.411764705882353,1,125.45,-99.54,-0.7934635312873655,False,False,True,False,False,False,False,False,False,False,False,False,False,False,False,False,True,False,False,False,False,False,False,False,False,False,False,False,False,False,False,True,False,False,False,False
Pakistan,Formal Shirt,2025-07-13,Apparel,0.0,25.91,,20.0,2.0,0.0,0.0,6,13,28,7,3,194,1,-0.7818314824680299,0.6234898018587334,-0.4999999999999997,-0.8660254037844388,2.0,1,0.0,1,0.0,1,0.0,1,1.1428571428571428,1.4638501094228036,0.0,3.0,0.5714285714285714,0.6785714285714286,1.156417566150563,0.0,3.0,1.6842105263157894,0,25.91,0.0,0.0,False,False,True,False,False,False,False,False,False,False,False,False,False,False,False,False,True,False,False,False,False,False,False,False,False,False,False,False,False,False,False,True,False,False,False,False
Pakistan,Formal Shirt,2025-07-14,Apparel,0.0,25.91,,20.0,2.0,0.0,0.0,0,14,29,7,3,195,0,0.0,1.0,-0.4999999999999997,-0.8660254037844388,0.0,1,3.0,1,0.0,1,0.0,1,1.1428571428571428,1.4638501094228036,0.0,3.0,0.5714285714285714,0.6785714285714286,1.156417566150563,0.0,3.0,1.6842105263157894,0,25.91,0.0,0.0,False,False,True,False,False,False,False,False,False,False,False,False,False,False,False,False,True,False,False,False,False,False,False,False,False,False,False,False,False,False,False,True,False,False,False,False
Pakistan,Formal Shirt,2025-07-15,Apparel,0.0,25.91,,20.0,2.0,0.0,0.0,1,15,29,7,3,196,0,0.7818314824680298,0.6234898018587336,-0.4999999999999997,-0.8660254037844388,0.0,1,0.0,1,0.0,1,0.0,1,0.7142857142857143,1.2535663410560218,0.0,3.0,0.5714285714285714,0.6785714285714286,1.156417566150563,0.0,3.0,1.0526315789473684,0,25.91,0.0,0.0,False,False,True,False,False,False,False,False,False,False,False,False,False,False,False,False,True,False,False,False,False,False,False,False,False,False,False,False,False,False,False,True,False,False,False,False
Pakistan,Formal Shirt,2025-07-16,Apparel,0.0,25.91,,20.0,2.0,0.0,0.0,2,16,29,7,3,197,0,0.9749279121818236,-0.22252093395631434,-0.4999999999999997,-0.8660254037844388,0.0,1,0.0,1,0.0,1,0.0,1,0.7142857142857143,1.2535663410560218,0.0,3.0,0.5714285714285714,0.6785714285714286,1.156417566150563,0.0,3.0,1.0526315789473684,0,25.91,0.0,0.0,False,False,True,False,False,False,False,False,False,False,False,False,False,False,False,False,True,False,False,False,False,False,False,False,False,False,False,False,False,False,False,True,False,False,False,False
Pakistan,Formal Shirt,2025-07-17,Apparel,0.0,25.91,,20.0,2.0,0.0,0.0,3,17,29,7,3,198,0,0.43388373911755823,-0.900968867902419,-0.4999999999999997,-0.8660254037844388,0.0,1,3.0,1,0.0,1,0.0,1,0.7142857142857143,1.2535663410560218,0.0,3.0,0.5714285714285714,0.6785714285714286,1.156417566150563,0.0,3.0,1.0526315789473684,0,25.91,0.0,0.0,False,False,True,False,False,False,False,False,False,False,False,False,False,False,False,False,True,False,False,False,False,False,False,False,False,False,False,False,False,False,False,True,False,False,False,False
Pakistan,Formal Shirt,2025-07-18,Apparel,0.0,25.91,,20.0,2.0,0.0,0.0,4,18,29,7,3,199,0,-0.433883739117558,-0.9009688679024191,-0.4999999999999997,-0.8660254037844388,0.0,1,0.0,1,0.0,1,0.0,1,0.2857142857142857,0.7559289460184616,0.0,2.0,0.5714285714285714,0.6785714285714286,1.156417566150563,0.0,3.0,0.42105263157894735,0,25.91,0.0,0.0,False,False,True,False,False,False,False,False,False,False,False,False,False,False,False,False,True,False,False,False,False,False,False,False,False,False,False,False,False,False,False,True,False,False,False,False
Pakistan,Formal Shirt,2025-07-19,Apparel,0.0,25.91,,20.0,2.0,0.0,0.0,5,19,29,7,3,200,1,-0.9749279121818236,-0.2225209339563146,-0.4999999999999997,-0.8660254037844388,0.0,1,2.0,1,0.0,1,1.0,1,0.2857142857142857,0.7559289460184616,0.0,2.0,0.5714285714285714,0.6785714285714286,1.156417566150563,0.0,3.0,0.42105263157894735,0,25.91,0.0,0.0,False,False,True,False,False,False,False,False,False,False,False,False,False,False,False,False,True,False,False,False,False,False,False,False,False,False,False,False,False,False,False,True,False,False,False,False
Pakistan,Formal Shirt,2025-07-20,Apparel,0.0,25.91,,20.0,2.0,0.0,0.0,6,20,29,7,3,201,1,-0.7818314824680299,0.6234898018587334,-0.4999999999999997,-0.8660254037844388,0.0,1,0.0,1,0.0,1,3.0,1,0.0,0.0,0.0,0.0,0.5714285714285714,0.6428571428571429,1.1615534207286178,0.0,3.0,0.0,0,25.91,0.0,0.0,False,False,True,False,False,False,False,False,False,False,False,False,False,False,False,False,True,False,False,False,False,False,False,False,False,False,False,False,False,False,False,True,False,False,False,False
Pakistan,Formal Shirt,2025-07-21,Apparel,4.0,107.07,0.1,20.0,2.0,1.0,0.0,0,21,30,7,3,202,0,0.0,1.0,-0.4999999999999997,-0.8660254037844388,0.0,1,0.0,1,3.0,1,2.0,1,0.0,0.0,0.0,0.0,0.5714285714285714,0.5357142857142857,1.0708993401928124,0.0,3.0,0.0,1,25.91,81.16,3.132381319953686,False,False,True,False,False,False,False,False,False,False,False,False,False,False,False,False,True,False,False,False,False,False,False,False,False,False,False,False,False,False,False,True,False,False,False,False
Pakistan,Formal Shirt,2025-07-22,Apparel,0.0,107.07,,20.0,2.0,0.0,0.0,1,22,30,7,3,203,0,0.7818314824680298,0.6234898018587336,-0.4999999999999997,-0.8660254037844388,4.0,1,0.0,1,0.0,1,3.0,1,0.5714285714285714,1.5118578920369126,0.0,4.0,0.6428571428571429,0.6071428571428571,1.2274419565151589,0.0,4.0,0.9411764705882353,0,107.07,0.0,0.0,False,False,True,False,False,False,False,False,False,False,False,False,False,False,False,False,True,False,False,False,False,False,False,False,False,False,False,False,False,False,False,True,False,False,False,False
Pakistan,Formal Shirt,2025-07-23,Apparel,0.0,107.07,,20.0,2.0,0.0,0.0,2,23,30,7,3,204,0,0.9749279121818236,-0.22252093395631434,-0.4999999999999997,-0.8660254037844388,0.0,1,0.0,1,0.0,1,0.0,1,0.5714285714285714,1.5118578920369126,0.0,4.0,0.6428571428571429,0.5,1.138550085106624,0.0,4.0,1.1428571428571428,0,107.07,0.0,0.0,False,False,True,False,False,False,False,False,False,False,False,False,False,False,False,False,True,False,False,False,False,False,False,False,False,False,False,False,False,False,False,True,False,False,False,False
Pakistan,Formal Shirt,2025-07-24,Apparel,0.0,107.07,,20.0,2.0,0.0,0.0,3,24,30,7,3,205,0,0.43388373911755823,-0.900968867902419,-0.4999999999999997,-0.8660254037844388,0.0,1,0.0,1,3.0,1,2.0,1,0.5714285714285714,1.5118578920369126,0.0,4.0,0.6428571428571429,0.5,1.138550085106624,0.0,4.0,1.1428571428571428,0,107.07,0.0,0.0,False,False,True,False,False,False,False,False,False,False,False,False,False,False,False,False,True,False,False,False,False,False,False,False,False,False,False,False,False,False,False,True,False,False,False,False
Pakistan,Formal Shirt,2025-07-25,Apparel,0.0,107.07,,20.0,2.0,0.0,0.0,4,25,30,7,3,206,0,-0.433883739117558,-0.9009688679024191,-0.4999999999999997,-0.8660254037844388,0.0,1,0.0,1,0.0,1,0.0,1,0.5714285714285714,1.5118578920369126,0.0,4.0,0.42857142857142855,0.42857142857142855,1.1031460542154974,0.0,4.0,1.3333333333333333,0,107.07,0.0,0.0,False,False,True,False,False,False,False,False,False,False,False,False,False,False,False,False,True,False,False,False,False,False,False,False,False,False,False,False,False,False,False,True,False,False,False,False
Pakistan,Formal Shirt,2025-07-26,Apparel,4.0,83.36500000000001,0.12,20.0,2.0,1.0,0.0,5,26,30,7,3,207,1,-0.9749279121818236,-0.2225209339563146,-0.4999999999999997,-0.8660254037844388,0.0,1,0.0,1,2.0,1,0.0,1,0.5714285714285714,1.5118578920369126,0.0,4.0,0.42857142857142855,0.42857142857142855,1.1031460542154974,0.0,4.0,1.3333333333333333,1,107.07,-23.704999999999984,-0.2213972167740729,False,False,True,False,False,False,False,False,False,False,False,False,False,False,False,False,True,False,False,False,False,False,False,False,False,False,False,False,False,False,False,True,False,False,False,False
Pakistan,Formal Shirt,2025-07-27,Apparel,0.0,83.36500000000001,,20.0,2.0,0.0,0.0,6,27,30,7,3,208,1,-0.7818314824680299,0.6234898018587334,-0.4999999999999997,-0.8660254037844388,4.0,1,0.0,1,0.0,1,0.0,1,1.1428571428571428,1.9518001458970693,0.0,4.0,0.5714285714285714,0.5714285714285714,1.2889436222642423,0.0,4.0,2.0,0,83.36500000000001,0.0,0.0,False,False,True,False,False,False,False,False,False,False,False,False,False,False,False,False,True,False,False,False,False,False,False,False,False,False,False,False,False,False,False,True,False,False,False,False
Pakistan,Formal Shirt,2025-07-28,Apparel,2.0,94.58,0.03,20.0,2.0,1.0,0.0,0,28,31,7,3,209,0,0.0,1.0,-0.4999999999999997,-0.8660254037844388,0.0,1,4.0,1,0.0,1,0.0,1,1.1428571428571428,1.9518001458970693,0.0,4.0,0.5714285714285714,0.5714285714285714,1.2889436222642423,0.0,4.0,2.0,1,83.36500000000001,11.21499999999999,0.13452887902597,False,False,True,False,False,False,False,False,False,False,False,False,False,False,False,False,True,False,False,False,False,False,False,False,False,False,False,False,False,False,False,True,False,False,False,False
Pakistan,Formal Shirt,2025-07-29,Apparel,0.0,94.58,,20.0,2.0,0.0,0.0,1,29,31,7,3,210,0,0.7818314824680298,0.6234898018587336,-0.4999999999999997,-0.8660254037844388,2.0,1,0.0,1,0.0,1,0.0,1,0.8571428571428571,1.57359158493889,0.0,4.0,0.7142857142857143,0.6428571428571429,1.311326320782407,0.0,4.0,1.3333333333333333,0,94.58,0.0,0.0,False,False,True,False,False,False,False,False,False,False,False,False,False,False,False,False,True,False,False,False,False,False,False,False,False,False,False,False,False,False,False,True,False,False,False,False
Pakistan,Formal Shirt,2025-07-30,Apparel,0.0,94.58,,20.0,2.0,0.0,0.0,2,30,31,7,3,211,0,0.9749279121818236,-0.22252093395631434,-0.4999999999999997,-0.8660254037844388,0.0,1,0.0,1,0.0,1,0.0,1,0.8571428571428571,1.57359158493889,0.0,4.0,0.7142857142857143,0.6428571428571429,1.311326320782407,0.0,4.0,1.3333333333333333,0,94.58,0.0,0.0,False,False,True,False,False,False,False,False,False,False,False,False,False,False,False,False,True,False,False,False,False,False,False,False,False,False,False,False,False,False,False,True,False,False,False,False
Pakistan,Formal Shirt,2025-07-31,Apparel,0.0,94.58,,20.0,2.0,0.0,0.0,3,31,31,7,3,212,0,0.43388373911755823,-0.900968867902419,-0.4999999999999997,-0.8660254037844388,0.0,1,0.0,1,0.0,1,0.0,1,0.8571428571428571,1.57359158493889,0.0,4.0,0.7142857142857143,0.6428571428571429,1.311326320782407,0.0,4.0,1.3333333333333333,0,94.58,0.0,0.0,False,False,True,False,False,False,False,False,False,False,False,False,False,False,False,False,True,False,False,False,False,False,False,False,False,False,False,False,False,False,False,True,False,False,False,False
Pakistan,Formal Shirt,2025-08-01,Apparel,0.0,94.58,,20.0,2.0,0.0,0.0,4,1,31,8,3,213,0,-0.433883739117558,-0.9009688679024191,-0.8660254037844385,-0.5000000000000004,0.0,1,0.0,1,0.0,1,0.0,1,0.8571428571428571,1.57359158493889,0.0,4.0,0.7142857142857143,0.6428571428571429,1.311326320782407,0.0,4.0,1.3333333333333333,0,94.58,0.0,0.0,False,False,True,False,False,False,False,False,False,False,False,False,False,False,False,False,True,False,False,False,False,False,False,False,False,False,False,False,False,False,False,True,False,False,False,False
Pakistan,Formal Shirt,2025-08-02,Apparel,1.0,49.41,0.12,20.0,2.0,1.0,0.0,5,2,31,8,3,214,1,-0.9749279121818236,-0.2225209339563146,-0.8660254037844385,-0.5000000000000004,0.0,1,4.0,1,0.0,1,0.0,1,0.8571428571428571,1.57359158493889,0.0,4.0,0.7142857142857143,0.6428571428571429,1.311326320782407,0.0,4.0,1.3333333333333333,1,94.58,-45.17,-0.47758511313174035,False,False,True,False,False,False,False,False,False,False,False,False,False,False,False,False,True,False,False,False,False,False,False,False,False,False,False,False,False,False,False,True,False,False,False,False
Pakistan,Formal Shirt,2025-08-03,Apparel,5.0,58.14,0.07,20.0,2.0,1.0,0.0,6,3,31,8,3,215,1,-0.7818314824680299,0.6234898018587334,-0.8660254037844385,-0.5000000000000004,1.0,1,0.0,1,0.0,1,0.0,1,0.42857142857142855,0.78679579246945,0.0,2.0,0.7857142857142857,0.6785714285714286,1.3067792306552635,0.0,4.0,0.631578947368421,1,49.41,8.730000000000004,0.17668488160291448,False,False,True,False,False,False,False,False,False,False,False,False,False,False,False,False,True,False,False,False,False,False,False,False,False,False,False,False,False,False,False,True,False,False,False,False
Pakistan,Formal Shirt,2025-08-04,Apparel,0.0,58.14,,20.0,2.0,0.0,0.0,0,4,32,8,3,216,0,0.0,1.0,-0.8660254037844385,-0.5000000000000004,5.0,1,2.0,1,4.0,1,3.0,1,1.1428571428571428,1.8644544714716118,0.0,5.0,1.1428571428571428,0.8571428571428571,1.532712089469628,0.0,5.0,1.3333333333333333,0,58.14,0.0,0.0,False,False,True,False,False,False,False,False,False,False,False,False,False,False,False,False,True,False,False,False,False,False,False,False,False,False,False,False,False,False,False,True,False,False,False,False
Pakistan,Formal Shirt,2025-08-05,Apparel,0.0,58.14,,20.0,2.0,0.0,0.0,1,5,32,8,3,217,0,0.7818314824680298,0.6234898018587336,-0.8660254037844385,-0.5000000000000004,0.0,1,0.0,1,0.0,1,0.0,1,0.8571428571428571,1.8644544714716118,0.0,5.0,0.8571428571428571,0.75,1.4813657362192663,0.0,5.0,1.1428571428571428,0,58.14,0.0,0.0,False,False,True,False,False,False,False,False,False,False,False,False,False,False,False,False,True,False,False,False,False,False,False,False,False,False,False,False,False,False,False,True,False,False,False,False
Pakistan,Formal Shirt,2025-08-06,Apparel,8.0,90.68666666666667,0.13,20.0,2.0,1.0,1.0,2,6,32,8,3,218,0,0.9749279121818236,-0.22252093395631434,-0.8660254037844385,-0.5000000000000004,0.0,1,0.0,1,0.0,1,0.0,1,0.8571428571428571,1.8644544714716118,0.0,5.0,0.8571428571428571,0.75,1.4813657362192663,0.0,5.0,1.1428571428571428,1,58.14,32.54666666666667,0.5597981882811605,False,False,True,False,False,False,False,False,False,False,False,False,False,False,False,False,True,False,False,False,False,False,False,False,False,False,False,False,False,False,False,True,False,False,False,False
Pakistan,Formal Shirt,2025-08-07,Apparel,0.0,90.68666666666667,,20.0,2.0,0.0,0.0,3,7,32,8,3,219,0,0.43388373911755823,-0.900968867902419,-0.8660254037844385,-0.5000000000000004,8.0,1,0.0,1,0.0,1,3.0,1,2.0,3.2145502536643202,0.0,8.0,1.4285714285714286,1.0357142857142858,2.0089087300607487,0.0,8.0,1.9310344827586206,0,90.68666666666667,0.0,0.0,False,False,True,False,False,False,False,False,False,False,False,False,False,False,False,False,True,False,False,False,False,False,False,False,False,False,False,False,False,False,False,True,False,False,False,False
Pakistan,Formal Shirt,2025-08-08,Apparel,0.0,90.68666666666667,,20.0,2.0,0.0,0.0,4,8,32,8,3,220,0,-0.433883739117558,-0.9009688679024191,-0.8660254037844385,-0.5000000000000004,0.0,1,0.0,1,0.0,1,0.0,1,2.0,3.2145502536643202,0.0,8.0,1.4285714285714286,0.9285714285714286,1.980059322503981,0.0,8.0,2.1538461538461537,0,90.68666666666667,0.0,0.0,False,False,True,False,False,False,False,False,False,False,False,False,False,False,False,False,True,False,False,False,False,False,False,False,False,False,False,False,False,False,False,True,False,False,False,False
Pakistan,Formal Shirt,2025-08-09,Apparel,0.0,90.68666666666667,,20.0,2.0,0.0,0.0,5,9,32,8,3,221,1,-0.9749279121818236,-0.2225209339563146,-0.8660254037844385,-0.5000000000000004,0.0,1,1.0,1,4.0,1,2.0,1,2.0,3.2145502536643202,0.0,8.0,1.4285714285714286,0.9285714285714286,1.980059322503981,0.0,8.0,2.1538461538461537,0,90.68666666666667,0.0,0.0,False,False,True,False,False,False,False,False,False,False,False,False,False,False,False,False,True,False,False,False,False,False,False,False,False,False,False,False,False,False,False,True,False,False,False,False
Pakistan,Formal Shirt,2025-08-10,Apparel,3.0,78.63,0.03,20.0,2.0,1.0,0.0,6,10,32,8,3,222,1,-0.7818314824680299,0.6234898018587334,-0.8660254037844385,-0.5000000000000004,0.0,1,5.0,1,0.0,1,0.0,1,1.8571428571428572,3.2877840272018815,0.0,8.0,1.1428571428571428,0.8571428571428571,1.9760470401187087,0.0,8.0,2.166666666666667,1,90.68666666666667,-12.056666666666672,-0.13294861427626264,False,False,True,False,False,False,False,False,False,False,False,False,False,False,False,False,True,False,False,False,False,False,False,False,False,False,False,False,False,False,False,True,False,False,False,False
Pakistan,Formal Shirt,2025-08-11,Apparel,0.0,78.63,,20.0,2.0,0.0,0.0,0,11,33,8,3,223,0,0.0,1.0,-0.8660254037844385,-0.5000000000000004,3.0,1,0.0,1,2.0,1,0.0,1,1.5714285714285714,3.047247001100222,0.0,8.0,1.3571428571428572,0.9642857142857143,2.0089087300607487,0.0,8.0,1.6296296296296295,0,78.63,0.0,0.0,False,False,True,False,False,False,False,False,False,False,False,False,False,False,False,False,True,False,False,False,False,False,False,False,False,False,False,False,False,False,False,True,False,False,False,False
Pakistan,Formal Shirt,2025-08-12,Apparel,0.0,78.63,,20.0,2.0,0.0,0.0,1,12,33,8,3,224,0,0.7818314824680298,0.6234898018587336,-0.8660254037844385,-0.5000000000000004,0.0,1,0.0,1,0.0,1,0.0,1,1.5714285714285714,3.047247001100222,0.0,8.0,1.2142857142857142,0.9642857142857143,2.0089087300607487,0.0,8.0,1.6296296296296295,0,78.63,0.0,0.0,False,False,True,False,False,False,False,False,False,False,False,False,False,False,False,False,True,False,False,False,False,False,False,False,False,False,False,False,False,False,False,True,False,False,False,False
Pakistan,Formal Shirt,2025-08-13,Apparel,0.0,78.63,,20.0,2.0,0.0,0.0,2,13,33,8,3,225,0,0.9749279121818236,-0.22252093395631434,-0.8660254037844385,-0.5000000000000004,0.0,1,8.0,1,0.0,1,0.0,1,1.5714285714285714,3.047247001100222,0.0,8.0,1.2142857142857142,0.9642857142857143,2.0089087300607487,0.0,8.0,1.6296296296296295,0,78.63,0.0,0.0,False,False,True,False,False,False,False,False,False,False,False,False,False,False,False,False,True,False,False,False,False,False,False,False,False,False,False,False,False,False,False,True,False,False,False,False
Pakistan,Formal Shirt,2025-08-14,Apparel,0.0,78.63,,20.0,2.0,0.0,0.0,3,14,33,8,3,226,0,0.43388373911755823,-0.900968867902419,-0.8660254037844385,-0.5000000000000004,0.0,1,0.0,1,0.0,1,0.0,1,0.42857142857142855,1.1338934190276868,0.0,3.0,1.2142857142857142,0.9642857142857143,2.0089087300607487,0.0,8.0,0.4444444444444444,0,78.63,0.0,0.0,False,False,True,False,False,False,False,False,False,False,False,False,False,False,False,False,True,False,False,False,False,False,False,False,False,False,False,False,False,False,False,True,False,False,False,False
Pakistan,Formal Shirt,2025-08-15,Apparel,0.0,78.63,,20.0,2.0,0.0,0.0,4,15,33,8,3,227,0,-0.433883739117558,-0.9009688679024191,-0.8660254037844385,-0.5000000000000004,0.0,1,0.0,1,0.0,1,0.0,1,0.42857142857142855,1.1338934190276868,0.0,3.0,1.2142857142857142,0.9642857142857143,2.0089087300607487,0.0,8.0,0.4444444444444444,0,78.63,0.0,0.0,False,False,True,False,False,False,False,False,False,False,False,False,False,False,False,False,True,False,False,False,False,False,False,False,False,False,False,False,False,False,False,True,False,False,False,False
Pakistan,Formal Shirt,2025-08-16,Apparel,0.0,78.63,,20.0,2.0,0.0,0.0,5,16,33,8,3,228,1,-0.9749279121818236,-0.2225209339563146,-0.8660254037844385,-0.5000000000000004,0.0,1,0.0,1,1.0,1,0.0,1,0.42857142857142855,1.1338934190276868,0.0,3.0,1.2142857142857142,0.9642857142857143,2.0089087300607487,0.0,8.0,0.4444444444444444,0,78.63,0.0,0.0,False,False,True,False,False,False,False,False,False,False,False,False,False,False,False,False,True,False,False,False,False,False,False,False,False,False,False,False,False,False,False,True,False,False,False,False
Pakistan,Formal Shirt,2025-08-17,Apparel,0.0,78.63,,20.0,2.0,0.0,0.0,6,17,33,8,3,229,1,-0.7818314824680299,0.6234898018587334,-0.8660254037844385,-0.5000000000000004,0.0,1,3.0,1,5.0,1,0.0,1,0.42857142857142855,1.1338934190276868,0.0,3.0,1.1428571428571428,0.9642857142857143,2.0089087300607487,0.0,8.0,0.4444444444444444,0,78.63,0.0,0.0,False,False,True,False,False,False,False,False,False,False,False,False,False,False,False,False,True,False,False,False,False,False,False,False,False,False,False,False,False,False,False,True,False,False,False,False
Pakistan,Formal Shirt,2025-08-18,Apparel,1.0,46.99,0.1,20.0,2.0,1.0,0.0,0,18,34,8,3,230,0,0.0,1.0,-0.8660254037844385,-0.5000000000000004,0.0,1,0.0,1,0.0,1,4.0,1,0.0,0.0,0.0,0.0,0.7857142857142857,0.9642857142857143,2.0089087300607487,0.0,8.0,0.0,1,78.63,-31.639999999999993,-0.40239094493195976,False,False,True,False,False,False,False,False,False,False,False,False,False,False,False,False,True,False,False,False,False,False,False,False,False,False,False,False,False,False,False,True,False,False,False,False
Pakistan,Formal Shirt,2025-08-19,Apparel,0.0,46.99,,20.0,2.0,0.0,0.0,1,19,34,8,3,231,0,0.7818314824680298,0.6234898018587336,-0.8660254037844385,-0.5000000000000004,1.0,1,0.0,1,0.0,1,0.0,1,0.14285714285714285,0.3779644730092428,0.0,1.0,0.8571428571428571,0.8571428571428571,1.918994445677133,0.0,8.0,0.16666666666666666,0,46.99,0.0,0.0,False,False,True,False,False,False,False,False,False,False,False,False,False,False,False,False,True,False,False,False,False,False,False,False,False,False,False,False,False,False,False,True,False,False,False,False
Pakistan,Formal Shirt,2025-08-20,Apparel,0.0,46.99,,20.0,2.0,0.0,0.0,2,20,34,8,3,232,0,0.9749279121818236,-0.22252093395631434,-0.8660254037844385,-0.5000000000000004,0.0,1,0.0,1,8.0,1,0.0,1,0.14285714285714285,0.3779644730092428,0.0,1.0,0.8571428571428571,0.8571428571428571,1.918994445677133,0.0,8.0,0.16666666666666666,0,46.99,0.0,0.0,False,False,True,False,False,False,False,False,False,False,False,False,False,False,False,False,True,False,False,False,False,False,False,False,False,False,False,False,False,False,False,True,False,False,False,False
Pakistan,Formal Shirt,2025-08-21,Apparel,0.0,46.99,,20.0,2.0,0.0,0.0,3,21,34,8,3,233,0,0.43388373911755823,-0.900968867902419,-0.8660254037844385,-0.5000000000000004,0.0,1,0.0,1,0.0,1,0.0,1,0.14285714285714285,0.3779644730092428,0.0,1.0,0.2857142857142857,0.8571428571428571,1.918994445677133,0.0,8.0,0.16666666666666666,0,46.99,0.0,0.0,False,False,True,False,False,False,False,False,False,False,False,False,False,False,False,False,True,False,False,False,False,False,False,False,False,False,False,False,False,False,False,True,False,False,False,False
Pakistan,Formal Shirt,2025-08-22,Apparel,0.0,46.99,,20.0,2.0,0.0,0.0,4,22,34,8,3,234,0,-0.433883739117558,-0.9009688679024191,-0.8660254037844385,-0.5000000000000004,0.0,1,0.0,1,0.0,1,0.0,1,0.14285714285714285,0.3779644730092428,0.0,1.0,0.2857142857142857,0.8571428571428571,1.918994445677133,0.0,8.0,0.16666666666666666,0,46.99,0.0,0.0,False,False,True,False,False,False,False,False,False,False,False,False,False,False,False,False,True,False,False,False,False,False,False,False,False,False,False,False,False,False,False,True,False,False,False,False
Pakistan,Formal Shirt,2025-08-23,Apparel,0.0,46.99,,20.0,2.0,0.0,0.0,5,23,34,8,3,235,1,-0.9749279121818236,-0.2225209339563146,-0.8660254037844385,-0.5000000000000004,0.0,1,0.0,1,0.0,1,4.0,1,0.14285714285714285,0.3779644730092428,0.0,1.0,0.2857142857142857,0.8571428571428571,1.918994445677133,0.0,8.0,0.16666666666666666,0,46.99,0.0,0.0,False,False,True,False,False,False,False,False,False,False,False,False,False,False,False,False,True,False,False,False,False,False,False,False,False,False,False,False,False,False,False,True,False,False,False,False
Pakistan,Formal Shirt,2025-08-24,Apparel,0.0,46.99,,20.0,2.0,0.0,0.0,6,24,34,8,3,236,1,-0.7818314824680299,0.6234898018587334,-0.8660254037844385,-0.5000000000000004,0.0,1,0.0,1,3.0,1,0.0,1,0.14285714285714285,0.3779644730092428,0.0,1.0,0.2857142857142857,0.7142857142857143,1.822841551740394,0.0,8.0,0.19999999999999998,0,46.99,0.0,0.0,False,False,True,False,False,False,False,False,False,False,False,False,False,False,False,False,True,False,False,False,False,False,False,False,False,False,False,False,False,False,False,True,False,False,False,False
Pakistan,Formal Shirt,2025-08-25,Apparel,5.0,71.22,0.06,20.0,2.0,1.0,0.0,0,25,35,8,3,237,0,0.0,1.0,-0.8660254037844385,-0.5000000000000004,0.0,1,1.0,1,0.0,1,2.0,1,0.14285714285714285,0.3779644730092428,0.0,1.0,0.07142857142857142,0.7142857142857143,1.822841551740394,0.0,8.0,0.19999999999999998,1,46.99,24.229999999999997,0.5156416258778462,False,False,True,False,False,False,False,False,False,False,False,False,False,False,False,False,True,False,False,False,False,False,False,False,False,False,False,False,False,False,False,True,False,False,False,False
Pakistan,Formal Shirt,2025-08-26,Apparel,0.0,71.22,,20.0,2.0,0.0,0.0,1,26,35,8,3,238,0,0.7818314824680298,0.6234898018587336,-0.8660254037844385,-0.5000000000000004,5.0,1,0.0,1,0.0,1,0.0,1,0.7142857142857143,1.8898223650461392,0.0,5.0,0.42857142857142855,0.8214285714285714,1.98239607038911,0.0,8.0,0.8695652173913044,0,71.22,0.0,0.0,False,False,True,False,False,False,False,False,False,False,False,False,False,False,False,False,True,False,False,False,False,False,False,False,False,False,False,False,False,False,False,True,False,False,False,False
Pakistan,Formal Shirt,2025-08-27,Apparel,0.0,71.22,,20.0,2.0,0.0,0.0,2,27,35,8,3,239,0,0.9749279121818236,-0.22252093395631434,-0.8660254037844385,-0.5000000000000004,0.0,1,0.0,1,0.0,1,0.0,1,0.7142857142857143,1.8898223650461392,0.0,5.0,0.42857142857142855,0.8214285714285714,1.98239607038911,0.0,8.0,0.8695652173913044,0,71.22,0.0,0.0,False,False,True,False,False,False,False,False,False,False,False,False,False,False,False,False,True,False,False,False,False,False,False,False,False,False,False,False,False,False,False,True,False,False,False,False
Pakistan,Formal Shirt,2025-08-28,Apparel,0.0,71.22,,20.0,2.0,0.0,0.0,3,28,35,8,3,240,0,0.43388373911755823,-0.900968867902419,-0.8660254037844385,-0.5000000000000004,0.0,1,0.0,1,0.0,1,0.0,1,0.7142857142857143,1.8898223650461392,0.0,5.0,0.42857142857142855,0.8214285714285714,1.98239607038911,0.0,8.0,0.8695652173913044,0,71.22,0.0,0.0,False,False,True,False,False,False,False,False,False,False,False,False,False,False,False,False,True,False,False,False,False,False,False,False,False,False,False,False,False,False,False,True,False,False,False,False
Pakistan,Formal Shirt,2025-08-29,Apparel,0.0,71.22,,20.0,2.0,0.0,0.0,4,29,35,8,3,241,0,-0.433883739117558,-0.9009688679024191,-0.8660254037844385,-0.5000000000000004,0.0,1,0.0,1,0.0,1,0.0,1,0.7142857142857143,1.8898223650461392,0.0,5.0,0.42857142857142855,0.8214285714285714,1.98239607038911,0.0,8.0,0.8695652173913044,0,71.22,0.0,0.0,False,False,True,False,False,False,False,False,False,False,False,False,False,False,False,False,True,False,False,False,False,False,False,False,False,False,False,False,False,False,False,True,False,False,False,False
Pakistan,Formal Shirt,2025-08-30,Apparel,0.0,71.22,,20.0,2.0,0.0,0.0,5,30,35,8,3,242,1,-0.9749279121818236,-0.2225209339563146,-0.8660254037844385,-0.5000000000000004,0.0,1,0.0,1,0.0,1,1.0,1,0.7142857142857143,1.8898223650461392,0.0,5.0,0.42857142857142855,0.8214285714285714,1.98239607038911,0.0,8.0,0.8695652173913044,0,71.22,0.0,0.0,False,False,True,False,False,False,False,False,False,False,False,False,False,False,False,False,True,False,False,False,False,False,False,False,False,False,False,False,False,False,False,True,False,False,False,False
Pakistan,Formal Shirt,2025-08-31,Apparel,0.0,71.22,,20.0,2.0,0.0,0.0,6,31,35,8,3,243,1,-0.7818314824680299,0.6234898018587334,-0.8660254037844385,-0.5000000000000004,0.0,1,0.0,1,0.0,1,5.0,1,0.7142857142857143,1.8898223650461392,0.0,5.0,0.42857142857142855,0.7857142857142857,1.988059594776011,0.0,8.0,0.9090909090909092,0,71.22,0.0,0.0,False,False,True,False,False,False,False,False,False,False,False,False,False,False,False,False,True,False,False,False,False,False,False,False,False,False,False,False,False,False,False,True,False,False,False,False
Pakistan,Formal Shirt,2025-09-01,Apparel,0.0,71.22,,20.0,2.0,0.0,0.0,0,1,36,9,3,244,0,0.0,1.0,-1.0,-1.8369701987210297e-16,0.0,1,5.0,1,1.0,1,0.0,1,0.7142857142857143,1.8898223650461392,0.0,5.0,0.42857142857142855,0.6071428571428571,1.8122890316921136,0.0,8.0,1.1764705882352942,0,71.22,0.0,0.0,False,False,True,False,False,False,False,False,False,False,False,False,False,False,False,False,True,False,False,False,False,False,False,False,False,False,False,False,False,False,False,True,False,False,False,False
Pakistan,Formal Shirt,2025-09-02,Apparel,0.0,71.22,,20.0,2.0,0.0,0.0,1,2,36,9,3,245,0,0.7818314824680298,0.6234898018587336,-1.0,-1.8369701987210297e-16,0.0,1,0.0,1,0.0,1,0.0,1,0.0,0.0,0.0,0.0,0.35714285714285715,0.6071428571428571,1.8122890316921136,0.0,8.0,0.0,0,71.22,0.0,0.0,False,False,True,False,False,False,False,False,False,False,False,False,False,False,False,False,True,False,False,False,False,False,False,False,False,False,False,False,False,False,False,True,False,False,False,False
Pakistan,Formal Shirt,2025-09-03,Apparel,0.0,71.22,,20.0,2.0,0.0,0.0,2,3,36,9,3,246,0,0.9749279121818236,-0.22252093395631434,-1.0,-1.8369701987210297e-16,0.0,1,0.0,1,0.0,1,8.0,1,0.0,0.0,0.0,0.0,0.35714285714285715,0.6071428571428571,1.8122890316921136,0.0,8.0,0.0,0,71.22,0.0,0.0,False,False,True,False,False,False,False,False,False,False,False,False,False,False,False,False,True,False,False,False,False,False,False,False,False,False,False,False,False,False,False,True,False,False,False,False
Pakistan,Formal Shirt,2025-09-04,Apparel,0.0,71.22,,20.0,2.0,0.0,0.0,3,4,36,9,3,247,0,0.43388373911755823,-0.900968867902419,-1.0,-1.8369701987210297e-16,0.0,1,0.0,1,0.0,1,0.0,1,0.0,0.0,0.0,0.0,0.35714285714285715,0.32142857142857145,1.0904831219021427,0.0,5.0,0.0,0,71.22,0.0,0.0,False,False,True,False,False,False,False,False,False,False,False,False,False,False,False,False,True,False,False,False,False,False,False,False,False,False,False,False,False,False,False,True,False,False,False,False
Pakistan,Formal Shirt,2025-09-05,Apparel,2.0,140.23,0.13,20.0,2.0,1.0,0.0,4,5,36,9,3,248,0,-0.433883739117558,-0.9009688679024191,-1.0,-1.8369701987210297e-16,0.0,1,0.0,1,0.0,1,0.0,1,0.0,0.0,0.0,0.0,0.35714285714285715,0.32142857142857145,1.0904831219021427,0.0,5.0,0.0,1,71.22,69.00999999999999,0.968969390620612,False,False,True,False,False,False,False,False,False,False,False,False,False,False,False,False,True,False,False,False,False,False,False,False,False,False,False,False,False,False,False,True,False,False,False,False
Pakistan,Formal Shirt,2025-09-06,Apparel,0.0,140.23,,20.0,2.0,0.0,0.0,5,6,36,9,3,249,1,-0.9749279121818236,-0.2225209339563146,-1.0,-1.8369701987210297e-16,2.0,1,0.0,1,0.0,1,0.0,1,0.2857142857142857,0.7559289460184623,0.0,2.0,0.5,0.39285714285714285,1.1333099904225403,0.0,5.0,0.7272727272727273,0,140.23,0.0,0.0,False,False,True,False,False,False,False,False,False,False,False,False,False,False,False,False,True,False,False,False,False,False,False,False,False,False,False,False,False,False,False,True,False,False,False,False
Pakistan,Formal Shirt,2025-09-07,Apparel,0.0,140.23,,20.0,2.0,0.0,0.0,6,7,36,9,3,250,1,-0.7818314824680299,0.6234898018587334,-1.0,-1.8369701987210297e-16,0.0,1,0.0,1,0.0,1,3.0,1,0.2857142857142857,0.7559289460184624,0.0,2.0,0.5,0.39285714285714285,1.1333099904225403,0.0,5.0,0.7272727272727273,0,140.23,0.0,0.0,False,False,True,False,False,False,False,False,False,False,False,False,False,False,False,False,True,False,False,False,False,False,False,False,False,False,False,False,False,False,False,True,False,False,False,False
Pakistan,Formal Shirt,2025-09-08,Apparel,0.0,140.23,,20.0,2.0,0.0,0.0,0,8,37,9,3,251,0,0.0,1.0,-1.0,-1.8369701987210297e-16,0.0,1,0.0,1,5.0,1,0.0,1,0.2857142857142857,0.7559289460184624,0.0,2.0,0.5,0.2857142857142857,1.0131411680782845,0.0,5.0,1.0,0,140.23,0.0,0.0,False,False,True,False,False,False,False,False,False,False,False,False,False,False,False,False,True,False,False,False,False,False,False,False,False,False,False,False,False,False,False,True,False,False,False,False
Pakistan,Formal Shirt,2025-09-09,Apparel,0.0,140.23,,20.0,2.0,0.0,0.0,1,9,37,9,3,252,0,0.7818314824680298,0.6234898018587336,-1.0,-1.8369701987210297e-16,0.0,1,0.0,1,0.0,1,0.0,1,0.2857142857142857,0.7559289460184624,0.0,2.0,0.14285714285714285,0.2857142857142857,1.0131411680782845,0.0,5.0,1.0,0,140.23,0.0,0.0,False,False,True,False,False,False,False,False,False,False,False,False,False,False,False,False,True,False,False,False,False,False,False,False,False,False,False,False,False,False,False,True,False,False,False,False
Pakistan,Formal Shirt,2025-09-10,Apparel,0.0,140.23,,20.0,2.0,0.0,0.0,2,10,37,9,3,253,0,0.9749279121818236,-0.22252093395631434,-1.0,-1.8369701987210297e-16,0.0,1,0.0,1,0.0,1,0.0,1,0.2857142857142857,0.7559289460184624,0.0,2.0,0.14285714285714285,0.2857142857142857,1.0131411680782845,0.0,5.0,1.0,0,140.23,0.0,0.0,False,False,True,False,False,False,False,False,False,False,False,False,False,False,False,False,True,False,False,False,False,False,False,False,False,False,False,False,False,False,False,True,False,False,False,False
Pakistan,Formal Shirt,2025-09-11,Apparel,0.0,140.23,,20.0,2.0,0.0,0.0,3,11,37,9,3,254,0,0.43388373911755823,-0.900968867902419,-1.0,-1.8369701987210297e-16,0.0,1,0.0,1,0.0,1,0.0,1,0.2857142857142857,0.7559289460184624,0.0,2.0,0.14285714285714285,0.2857142857142857,1.0131411680782845,0.0,5.0,1.0,0,140.23,0.0,0.0,False,False,True,False,False,False,False,False,False,False,False,False,False,False,False,False,True,False,False,False,False,False,False,False,False,False,False,False,False,False,False,True,False,False,False,False
Pakistan,Formal Shirt,2025-09-12,Apparel,0.0,140.23,,20.0,2.0,0.0,0.0,4,12,37,9,3,255,0,-0.433883739117558,-0.9009688679024191,-1.0,-1.8369701987210297e-16,0.0,1,2.0,1,0.0,1,0.0,1,0.2857142857142857,0.7559289460184624,0.0,2.0,0.14285714285714285,0.2857142857142857,1.0131411680782845,0.0,5.0,1.0,0,140.23,0.0,0.0,False,False,True,False,False,False,False,False,False,False,False,False,False,False,False,False,True,False,False,False,False,False,False,False,False,False,False,False,False,False,False,True,False,False,False,False
Pakistan,Formal Shirt,2025-09-13,Apparel,0.0,140.23,,20.0,2.0,0.0,0.0,5,13,37,9,3,256,1,-0.9749279121818236,-0.2225209339563146,-1.0,-1.8369701987210297e-16,0.0,1,0.0,1,0.0,1,0.0,1,0.0,0.0,0.0,0.0,0.14285714285714285,0.2857142857142857,1.0131411680782845,0.0,5.0,0.0,0,140.23,0.0,0.0,False,False,True,False,False,False,False,False,False,False,False,False,False,False,False,False,True,False,False,False,False,False,False,False,False,False,False,False,False,False,False,True,False,False,False,False
Pakistan,Formal Shirt,2025-09-14,Apparel,3.0,132.42,0.03,20.0,2.0,1.0,0.0,6,14,37,9,3,257,1,-0.7818314824680299,0.6234898018587334,-1.0,-1.8369701987210297e-16,0.0,1,0.0,1,0.0,1,0.0,1,0.0,0.0,0.0,0.0,0.14285714285714285,0.2857142857142857,1.0131411680782845,0.0,5.0,0.0,1,140.23,-7.810000000000002,-0.05569421664408474,False,False,True,False,False,False,False,False,False,False,False,False,False,False,False,False,True,False,False,False,False,False,False,False,False,False,False,False,False,False,False,True,False,False,False,False
Pakistan,Formal Shirt,2025-09-15,Apparel,0.0,132.42,,20.0,2.0,0.0,0.0,0,15,38,9,3,258,0,0.0,1.0,-1.0,-1.8369701987210297e-16,3.0,1,0.0,1,0.0,1,1.0,1,0.42857142857142855,1.133893419027687,0.0,3.0,0.35714285714285715,0.39285714285714285,1.1333099904225403,0.0,5.0,1.0909090909090908,0,132.42,0.0,0.0,False,False,True,False,False,False,False,False,False,False,False,False,False,False,False,False,True,False,False,False,False,False,False,False,False,False,False,False,False,False,False,True,False,False,False,False
Pakistan,Formal Shirt,2025-09-16,Apparel,0.0,132.42,,20.0,2.0,0.0,0.0,1,16,38,9,3,259,0,0.7818314824680298,0.6234898018587336,-1.0,-1.8369701987210297e-16,0.0,1,0.0,1,0.0,1,0.0,1,0.42857142857142855,1.133893419027687,0.0,3.0,0.35714285714285715,0.35714285714285715,1.1292175499576154,0.0,5.0,1.2,0,132.42,0.0,0.0,False,False,True,False,False,False,False,False,False,False,False,False,False,False,False,False,True,False,False,False,False,False,False,False,False,False,False,False,False,False,False,True,False,False,False,False
Pakistan,Formal Shirt,2025-09-17,Apparel,0.0,132.42,,20.0,2.0,0.0,0.0,2,17,38,9,3,260,0,0.9749279121818236,-0.22252093395631434,-1.0,-1.8369701987210297e-16,0.0,1,0.0,1,0.0,1,0.0,1,0.42857142857142855,1.133893419027687,0.0,3.0,0.35714285714285715,0.35714285714285715,1.1292175499576154,0.0,5.0,1.2,0,132.42,0.0,0.0,False,False,True,False,False,False,False,False,False,False,False,False,False,False,False,False,True,False,False,False,False,False,False,False,False,False,False,False,False,False,False,True,False,False,False,False
Pakistan,Formal Shirt,2025-09-18,Apparel,2.0,69.51,0.01,20.0,2.0,1.0,0.0,3,18,38,9,3,261,0,0.43388373911755823,-0.900968867902419,-1.0,-1.8369701987210297e-16,0.0,1,0.0,1,0.0,1,0.0,1,0.42857142857142855,1.133893419027687,0.0,3.0,0.35714285714285715,0.35714285714285715,1.1292175499576154,0.0,5.0,1.2,1,132.42,-62.90999999999998,-0.47507929315813313,False,False,True,False,False,False,False,False,False,False,False,False,False,False,False,False,True,False,False,False,False,False,False,False,False,False,False,False,False,False,False,True,False,False,False,False
Pakistan,Formal Shirt,2025-09-19,Apparel,4.0,97.555,0.05,20.0,2.0,1.0,0.0,4,19,38,9,3,262,0,-0.433883739117558,-0.9009688679024191,-1.0,-1.8369701987210297e-16,2.0,1,0.0,1,2.0,1,0.0,1,0.7142857142857143,1.2535663410560223,0.0,3.0,0.5,0.42857142857142855,1.1683661091795539,0.0,5.0,1.6666666666666667,1,69.51,28.045,0.4034671270320817,False,False,True,False,False,False,False,False,False,False,False,False,False,False,False,False,True,False,False,False,False,False,False,False,False,False,False,False,False,False,False,True,False,False,False,False
Pakistan,Formal Shirt,2025-09-20,Apparel,0.0,97.555,,20.0,2.0,0.0,0.0,5,20,38,9,3,263,1,-0.9749279121818236,-0.2225209339563146,-1.0,-1.8369701987210297e-16,4.0,1,0.0,1,0.0,1,0.0,1,1.2857142857142858,1.704336206492697,0.0,4.0,0.6428571428571429,0.5714285714285714,1.3451854182691003,0.0,5.0,2.2500000000000004,0,97.555,0.0,0.0,False,False,True,False,False,False,False,False,False,False,False,False,False,False,False,False,True,False,False,False,False,False,False,False,False,False,False,False,False,False,False,True,False,False,False,False
Pakistan,Formal Shirt,2025-09-21,Apparel,0.0,97.555,,20.0,2.0,0.0,0.0,6,21,38,9,3,264,1,-0.7818314824680299,0.6234898018587334,-1.0,-1.8369701987210297e-16,0.0,1,3.0,1,0.0,1,0.0,1,1.2857142857142858,1.704336206492697,0.0,4.0,0.6428571428571429,0.5714285714285714,1.3451854182691003,0.0,5.0,2.2500000000000004,0,97.555,0.0,0.0,False,False,True,False,False,False,False,False,False,False,False,False,False,False,False,False,True,False,False,False,False,False,False,False,False,False,False,False,False,False,False,True,False,False,False,False
Pakistan,Formal Shirt,2025-09-22,Apparel,0.0,97.555,,20.0,2.0,0.0,0.0,0,22,39,9,3,265,0,0.0,1.0,-1.0,-1.8369701987210297e-16,0.0,1,0.0,1,0.0,1,5.0,1,0.8571428571428571,1.5735915849388902,0.0,4.0,0.6428571428571429,0.5714285714285714,1.3451854182691003,0.0,5.0,1.5,0,97.555,0.0,0.0,False,False,True,False,False,False,False,False,False,False,False,False,False,False,False,False,True,False,False,False,False,False,False,False,False,False,False,False,False,False,False,True,False,False,False,False
Pakistan,Formal Shirt,2025-09-23,Apparel,1.0,143.04,0.04,20.0,2.0,1.0,0.0,1,23,39,9,3,266,0,0.7818314824680298,0.6234898018587336,-1.0,-1.8369701987210297e-16,0.0,1,0.0,1,0.0,1,0.0,1,0.8571428571428571,1.5735915849388902,0.0,4.0,0.6428571428571429,0.39285714285714285,1.0306159867619542,0.0,4.0,2.1818181818181817,1,97.555,45.484999999999985,0.4662498078007276,False,False,True,False,False,False,False,False,False,False,False,False,False,False,False,False,True,False,False,False,False,False,False,False,False,False,False,False,False,False,False,True,False,False,False,False
Pakistan,Formal Shirt,2025-09-24,Apparel,0.0,143.04,,20.0,2.0,0.0,0.0,2,24,39,9,3,267,0,0.9749279121818236,-0.22252093395631434,-1.0,-1.8369701987210297e-16,1.0,1,0.0,1,0.0,1,0.0,1,1.0,1.5275252316519505,0.0,4.0,0.7142857142857143,0.42857142857142855,1.0338196500275438,0.0,4.0,2.3333333333333335,0,143.04,0.0,0.0,False,False,True,False,False,False,False,False,False,False,False,False,False,False,False,False,True,False,False,False,False,False,False,False,False,False,False,False,False,False,False,True,False,False,False,False
Pakistan,Formal Shirt,2025-09-25,Apparel,0.0,143.04,,20.0,2.0,0.0,0.0,3,25,39,9,3,268,0,0.43388373911755823,-0.900968867902419,-1.0,-1.8369701987210297e-16,0.0,1,2.0,1,0.0,1,0.0,1,1.0,1.5275252316519505,0.0,4.0,0.7142857142857143,0.42857142857142855,1.0338196500275438,0.0,4.0,2.3333333333333335,0,143.04,0.0,0.0,False,False,True,False,False,False,False,False,False,False,False,False,False,False,False,False,True,False,False,False,False,False,False,False,False,False,False,False,False,False,False,True,False,False,False,False
Pakistan,Formal Shirt,2025-09-26,Apparel,0.0,143.04,,20.0,2.0,0.0,0.0,4,26,39,9,3,269,0,-0.433883739117558,-0.9009688679024191,-1.0,-1.8369701987210297e-16,0.0,1,4.0,1,0.0,1,0.0,1,0.7142857142857143,1.4960264830861953,0.0,4.0,0.7142857142857143,0.42857142857142855,1.0338196500275438,0.0,4.0,1.6666666666666667,0,143.04,0.0,0.0,False,False,True,False,False,False,False,False,False,False,False,False,False,False,False,False,True,False,False,False,False,False,False,False,False,False,False,False,False,False,False,True,False,False,False,False
Pakistan,Formal Shirt,2025-09-27,Apparel,0.0,143.04,,20.0,2.0,0.0,0.0,5,27,39,9,3,270,1,-0.9749279121818236,-0.2225209339563146,-1.0,-1.8369701987210297e-16,0.0,1,0.0,1,0.0,1,0.0,1,0.14285714285714285,0.377964473009243,0.0,1.0,0.7142857142857143,0.42857142857142855,1.0338196500275438,0.0,4.0,0.3333333333333333,0,143.04,0.0,0.0,False,False,True,False,False,False,False,False,False,False,False,False,False,False,False,False,True,False,False,False,False,False,False,False,False,False,False,False,False,False,False,True,False,False,False,False
Pakistan,Formal Shirt,2025-09-28,Apparel,0.0,143.04,,20.0,2.0,0.0,0.0,6,28,39,9,3,271,1,-0.7818314824680299,0.6234898018587334,-1.0,-1.8369701987210297e-16,0.0,1,0.0,1,3.0,1,0.0,1,0.14285714285714285,0.377964473009243,0.0,1.0,0.7142857142857143,0.42857142857142855,1.0338196500275438,0.0,4.0,0.3333333333333333,0,143.04,0.0,0.0,False,False,True,False,False,False,False,False,False,False,False,False,False,False,False,False,True,False,False,False,False,False,False,False,False,False,False,False,False,False,False,True,False,False,False,False
Pakistan,Formal Shirt,2025-09-29,Apparel,0.0,143.04,,20.0,2.0,0.0,0.0,0,29,40,9,3,272,0,0.0,1.0,-1.0,-1.8369701987210297e-16,0.0,1,0.0,1,0.0,1,0.0,1,0.14285714285714285,0.377964473009243,0.0,1.0,0.5,0.42857142857142855,1.0338196500275438,0.0,4.0,0.3333333333333333,0,143.04,0.0,0.0,False,False,True,False,False,False,False,False,False,False,False,False,False,False,False,False,True,False,False,False,False,False,False,False,False,False,False,False,False,False,False,True,False,False,False,False
Pakistan,Formal Shirt,2025-09-30,Apparel,0.0,143.04,,20.0,2.0,0.0,0.0,1,30,40,9,3,273,0,0.7818314824680298,0.6234898018587336,-1.0,-1.8369701987210297e-16,0.0,1,1.0,1,0.0,1,0.0,1,0.14285714285714285,0.377964473009243,0.0,1.0,0.5,0.42857142857142855,1.0338196500275438,0.0,4.0,0.3333333333333333,0,143.04,0.0,0.0,False,False,True,False,False,False,False,False,False,False,False,False,False,False,False,False,True,False,False,False,False,False,False,False,False,False,False,False,False,False,False,True,False,False,False,False
Pakistan,Formal Shirt,2025-10-01,Apparel,0.0,143.04,,20.0,2.0,0.0,0.0,2,1,40,10,4,274,0,0.9749279121818236,-0.22252093395631434,-0.8660254037844386,0.5000000000000001,0.0,1,0.0,1,0.0,1,0.0,1,0.0,0.0,0.0,0.0,0.5,0.42857142857142855,1.0338196500275438,0.0,4.0,0.0,0,143.04,0.0,0.0,False,False,True,False,False,False,False,False,False,False,False,False,False,False,False,False,True,False,False,False,False,False,False,False,False,False,False,False,False,False,False,True,False,False,False,False
Pakistan,Formal Shirt,2025-10-02,Apparel,0.0,143.04,,20.0,2.0,0.0,0.0,3,2,40,10,4,275,0,0.43388373911755823,-0.900968867902419,-0.8660254037844386,0.5000000000000001,0.0,1,0.0,1,2.0,1,0.0,1,0.0,0.0,0.0,0.0,0.5,0.42857142857142855,1.0338196500275438,0.0,4.0,0.0,0,143.04,0.0,0.0,False,False,True,False,False,False,False,False,False,False,False,False,False,False,False,False,True,False,False,False,False,False,False,False,False,False,False,False,False,False,False,True,False,False,False,False
Pakistan,Formal Shirt,2025-10-03,Apparel,3.0,79.18,0.01,20.0,2.0,1.0,0.0,4,3,40,10,4,276,0,-0.433883739117558,-0.9009688679024191,-0.8660254037844386,0.5000000000000001,0.0,1,0.0,1,4.0,1,2.0,1,0.0,0.0,0.0,0.0,0.35714285714285715,0.42857142857142855,1.0338196500275438,0.0,4.0,0.0,1,143.04,-63.859999999999985,-0.44644854586129745,False,False,True,False,False,False,False,False,False,False,False,False,False,False,False,False,True,False,False,False,False,False,False,False,False,False,False,False,False,False,False,True,False,False,False,False
Pakistan,Formal Shirt,2025-10-04,Apparel,2.0,64.13,0.04,20.0,2.0,1.0,0.0,5,4,40,10,4,277,1,-0.9749279121818236,-0.2225209339563146,-0.8660254037844386,0.5000000000000001,3.0,1,0.0,1,0.0,1,0.0,1,0.42857142857142855,1.133893419027687,0.0,3.0,0.2857142857142857,0.4642857142857143,1.1049431980420874,0.0,4.0,0.923076923076923,1,79.18,-15.050000000000011,-0.1900732508209145,False,False,True,False,False,False,False,False,False,False,False,False,False,False,False,False,True,False,False,False,False,False,False,False,False,False,False,False,False,False,False,True,False,False,False,False
Pakistan,Formal Shirt,2025-10-05,Apparel,0.0,64.13,,20.0,2.0,0.0,0.0,6,5,40,10,4,278,1,-0.7818314824680299,0.6234898018587334,-0.8660254037844386,0.5000000000000001,2.0,1,0.0,1,0.0,1,0.0,1,0.7142857142857143,1.2535663410560223,0.0,3.0,0.42857142857142855,0.5357142857142857,1.1379690439434411,0.0,4.0,1.3333333333333335,0,64.13,0.0,0.0,False,False,True,False,False,False,False,False,False,False,False,False,False,False,False,False,True,False,False,False,False,False,False,False,False,False,False,False,False,False,False,True,False,False,False,False
Pakistan,Formal Shirt,2025-10-06,Apparel,3.0,104.025,0.1,20.0,2.0,1.0,0.0,0,6,41,10,4,279,0,0.0,1.0,-0.8660254037844386,0.5000000000000001,0.0,1,0.0,1,0.0,1,0.0,1,0.7142857142857143,1.2535663410560223,0.0,3.0,0.42857142857142855,0.5357142857142857,1.1379690439434411,0.0,4.0,1.3333333333333335,1,64.13,39.89500000000001,0.6220957430219868,False,False,True,False,False,False,False,False,False,False,False,False,False,False,False,False,True,False,False,False,False,False,False,False,False,False,False,False,False,False,False,True,False,False,False,False
Pakistan,Formal Shirt,2025-10-07,Apparel,3.0,84.23,0.14,20.0,2.0,1.0,0.0,1,7,41,10,4,280,0,0.7818314824680298,0.6234898018587336,-0.8660254037844386,0.5000000000000001,3.0,1,0.0,1,1.0,1,0.0,1,1.1428571428571428,1.463850109422804,0.0,3.0,0.6428571428571429,0.6428571428571429,1.2236643728386072,0.0,4.0,1.7777777777777775,1,104.025,-19.795,-0.19029079548185532,False,False,True,False,False,False,False,False,False,False,False,False,False,False,False,False,True,False,False,False,False,False,False,False,False,False,False,False,False,False,False,True,False,False,False,False
Pakistan,Formal Shirt,2025-10-08,Apparel,0.0,84.23,,20.0,2.0,0.0,0.0,2,8,41,10,4,281,0,0.9749279121818236,-0.22252093395631434,-0.8660254037844386,0.5000000000000001,3.0,1,0.0,1,0.0,1,0.0,1,1.5714285714285714,1.5118578920369132,0.0,3.0,0.7857142857142857,0.75,1.2945755775256733,0.0,4.0,2.0952380952380953,0,84.23,0.0,0.0,False,False,True,False,False,False,False,False,False,False,False,False,False,False,False,False,True,False,False,False,False,False,False,False,False,False,False,False,False,False,False,True,False,False,False,False
Pakistan,Formal Shirt,2025-10-09,Apparel,2.0,74.465,0.03,20.0,2.0,1.0,0.0,3,9,41,10,4,282,0,0.43388373911755823,-0.900968867902419,-0.8660254037844386,0.5000000000000001,0.0,1,0.0,1,0.0,1,0.0,1,1.5714285714285714,1.5118578920369132,0.0,3.0,0.7857142857142857,0.75,1.2945755775256733,0.0,4.0,2.0952380952380953,1,84.23,-9.765,-0.11593256559420634,False,False,True,False,False,False,False,False,False,False,False,False,False,False,False,False,True,False,False,False,False,False,False,False,False,False,False,False,False,False,False,True,False,False,False,False
Pakistan,Formal Shirt,2025-10-10,Apparel,0.0,74.465,,20.0,2.0,0.0,0.0,4,10,41,10,4,283,0,-0.433883739117558,-0.9009688679024191,-0.8660254037844386,0.5000000000000001,2.0,1,3.0,1,0.0,1,0.0,1,1.8571428571428572,1.3451854182691032,0.0,3.0,0.9285714285714286,0.8214285714285714,1.3067792306552635,0.0,4.0,2.2608695652173916,0,74.465,0.0,0.0,False,False,True,False,False,False,False,False,False,False,False,False,False,False,False,False,True,False,False,False,False,False,False,False,False,False,False,False,False,False,False,True,False,False,False,False
Pakistan,Formal Shirt,2025-10-11,Apparel,0.0,74.465,,20.0,2.0,0.0,0.0,5,11,41,10,4,284,1,-0.9749279121818236,-0.2225209339563146,-0.8660254037844386,0.5000000000000001,0.0,1,2.0,1,0.0,1,0.0,1,1.4285714285714286,1.3972762620115482,0.0,3.0,0.9285714285714286,0.8214285714285714,1.3067792306552635,0.0,4.0,1.7391304347826089,0,74.465,0.0,0.0,False,False,True,False,False,False,False,False,False,False,False,False,False,False,False,False,True,False,False,False,False,False,False,False,False,False,False,False,False,False,False,True,False,False,False,False
Pakistan,Formal Shirt,2025-10-12,Apparel,2.0,114.33,0.14,20.0,2.0,1.0,0.0,6,12,41,10,4,285,1,-0.7818314824680299,0.6234898018587334,-0.8660254037844386,0.5000000000000001,0.0,1,0.0,1,0.0,1,3.0,1,1.1428571428571428,1.463850109422804,0.0,3.0,0.9285714285714286,0.8214285714285714,1.3067792306552635,0.0,4.0,1.391304347826087,1,74.465,39.864999999999995,0.535352178875982,False,False,True,False,False,False,False,False,False,False,False,False,False,False,False,False,True,False,False,False,False,False,False,False,False,False,False,False,False,False,False,True,False,False,False,False
Pakistan,Formal Shirt,2025-10-13,Apparel,0.0,114.33,,20.0,2.0,0.0,0.0,0,13,42,10,4,286,0,0.0,1.0,-0.8660254037844386,0.5000000000000001,2.0,1,3.0,1,0.0,1,0.0,1,1.4285714285714286,1.3972762620115482,0.0,3.0,1.0714285714285714,0.7857142857142857,1.257780021311591,0.0,4.0,1.8181818181818183,0,114.33,0.0,0.0,False,False,True,False,False,False,False,False,False,False,False,False,False,False,False,False,True,False,False,False,False,False,False,False,False,False,False,False,False,False,False,True,False,False,False,False
Pakistan,Formal Shirt,2025-10-14,Apparel,0.0,114.33,,20.0,2.0,0.0,0.0,1,14,42,10,4,287,0,0.7818314824680298,0.6234898018587336,-0.8660254037844386,0.5000000000000001,0.0,1,3.0,1,0.0,1,0.0,1,1.0,1.2909944487358105,0.0,3.0,1.0714285714285714,0.7857142857142857,1.257780021311591,0.0,4.0,1.2727272727272727,0,114.33,0.0,0.0,False,False,True,False,False,False,False,False,False,False,False,False,False,False,False,False,True,False,False,False,False,False,False,False,False,False,False,False,False,False,False,True,False,False,False,False
Pakistan,Formal Shirt,2025-10-15,Apparel,6.0,110.41499999999999,0.11,20.0,2.0,1.0,0.0,2,15,42,10,4,288,0,0.9749279121818236,-0.22252093395631434,-0.8660254037844386,0.5000000000000001,0.0,1,0.0,1,0.0,1,0.0,1,0.5714285714285714,0.9759000729485394,0.0,2.0,1.0714285714285714,0.7857142857142857,1.257780021311591,0.0,4.0,0.7272727272727273,1,114.33,-3.9150000000000063,-0.034242980844922645,False,False,True,False,False,False,False,False,False,False,False,False,False,False,False,False,True,False,False,False,False,False,False,False,False,False,False,False,False,False,False,True,False,False,False,False
Pakistan,Formal Shirt,2025-10-16,Apparel,2.0,105.49,0.12,20.0,2.0,1.0,0.0,3,16,42,10,4,289,0,0.43388373911755823,-0.900968867902419,-0.8660254037844386,0.5000000000000001,6.0,1,2.0,1,0.0,1,2.0,1,1.4285714285714286,2.22539456105675,0.0,6.0,1.5,1.0,1.5869840952317458,0.0,6.0,1.4285714285714286,1,110.41499999999999,-4.924999999999997,-0.044604446859575216,False,False,True,False,False,False,False,False,False,False,False,False,False,False,False,False,True,False,False,False,False,False,False,False,False,False,False,False,False,False,False,True,False,False,False,False
Pakistan,Formal Shirt,2025-10-17,Apparel,1.0,101.82,0.05,20.0,2.0,1.0,0.0,4,17,42,10,4,290,0,-0.433883739117558,-0.9009688679024191,-0.8660254037844386,0.5000000000000001,2.0,1,0.0,1,3.0,1,4.0,1,1.4285714285714286,2.22539456105675,0.0,6.0,1.6428571428571428,1.0,1.5869840952317458,0.0,6.0,1.4285714285714286,1,105.49,-3.6700000000000017,-0.034790027490757436,False,False,True,False,False,False,False,False,False,False,False,False,False,False,False,False,True,False,False,False,False,False,False,False,False,False,False,False,False,False,False,True,False,False,False,False
Pakistan,Formal Shirt,2025-10-18,Apparel,0.0,101.82,,20.0,2.0,0.0,0.0,5,18,42,10,4,291,1,-0.9749279121818236,-0.2225209339563146,-0.8660254037844386,0.5000000000000001,1.0,1,0.0,1,2.0,1,0.0,1,1.5714285714285714,2.1491969707422425,0.0,6.0,1.5,0.8928571428571429,1.4742050139924323,0.0,6.0,1.7599999999999998,0,101.82,0.0,0.0,False,False,True,False,False,False,False,False,False,False,False,False,False,False,False,False,True,False,False,False,False,False,False,False,False,False,False,False,False,False,False,True,False,False,False,False
Pakistan,Formal Shirt,2025-10-19,Apparel,3.0,118.72,0.09,20.0,2.0,1.0,0.0,6,19,42,10,4,292,1,-0.7818314824680299,0.6234898018587334,-0.8660254037844386,0.5000000000000001,0.0,1,2.0,1,0.0,1,0.0,1,1.5714285714285714,2.1491969707422425,0.0,6.0,1.3571428571428572,0.8928571428571429,1.4742050139924323,0.0,6.0,1.7599999999999998,1,101.82,16.900000000000006,0.16597917894323322,False,False,True,False,False,False,False,False,False,False,False,False,False,False,False,False,True,False,False,False,False,False,False,False,False,False,False,False,False,False,False,True,False,False,False,False
Pakistan,Formal Shirt,2025-10-20,Apparel,0.0,118.72,,20.0,2.0,0.0,0.0,0,20,43,10,4,293,0,0.0,1.0,-0.8660254037844386,0.5000000000000001,3.0,1,0.0,1,3.0,1,0.0,1,1.7142857142857142,2.2146697055682854,0.0,6.0,1.5714285714285714,1.0,1.5153535218873189,0.0,6.0,1.7142857142857142,0,118.72,0.0,0.0,False,False,True,False,False,False,False,False,False,False,False,False,False,False,False,False,True,False,False,False,False,False,False,False,False,False,False,False,False,False,False,True,False,False,False,False
Pakistan,Formal Shirt,2025-10-21,Apparel,0.0,118.72,,20.0,2.0,0.0,0.0,1,21,43,10,4,294,0,0.7818314824680298,0.6234898018587336,-0.8660254037844386,0.5000000000000001,0.0,1,0.0,1,3.0,1,1.0,1,1.7142857142857142,2.2146697055682854,0.0,6.0,1.3571428571428572,1.0,1.5153535218873189,0.0,6.0,1.7142857142857142,0,118.72,0.0,0.0,False,False,True,False,False,False,False,False,False,False,False,False,False,False,False,False,True,False,False,False,False,False,False,False,False,False,False,False,False,False,False,True,False,False,False,False
Pakistan,Formal Shirt,2025-10-22,Apparel,3.0,143.43,0.02,20.0,2.0,1.0,0.0,2,22,43,10,4,295,0,0.9749279121818236,-0.22252093395631434,-0.8660254037844386,0.5000000000000001,0.0,1,6.0,1,0.0,1,0.0,1,1.7142857142857142,2.2146697055682854,0.0,6.0,1.1428571428571428,0.9642857142857143,1.5270921982678671,0.0,6.0,1.7777777777777777,1,118.72,24.710000000000008,0.20813679245283026,False,False,True,False,False,False,False,False,False,False,False,False,False,False,False,False,True,False,False,False,False,False,False,False,False,False,False,False,False,False,False,True,False,False,False,False
Pakistan,Formal Shirt,2025-10-23,Apparel,0.0,143.43,,20.0,2.0,0.0,0.0,3,23,43,10,4,296,0,0.43388373911755823,-0.900968867902419,-0.8660254037844386,0.5000000000000001,3.0,1,2.0,1,2.0,1,0.0,1,1.2857142857142858,1.380131118684713,0.0,3.0,1.3571428571428572,1.0714285714285714,1.5617789341495947,0.0,6.0,1.2000000000000002,0,143.43,0.0,0.0,False,False,True,False,False,False,False,False,False,False,False,False,False,False,False,False,True,False,False,False,False,False,False,False,False,False,False,False,False,False,False,True,False,False,False,False
Pakistan,Formal Shirt,2025-10-24,Apparel,2.0,147.1,0.13,20.0,2.0,1.0,0.0,4,24,43,10,4,297,0,-0.433883739117558,-0.9009688679024191,-0.8660254037844386,0.5000000000000001,0.0,1,1.0,1,0.0,1,0.0,1,1.0,1.4142135623730994,0.0,3.0,1.2142857142857142,1.0714285714285714,1.5617789341495947,0.0,6.0,0.9333333333333333,1,143.43,3.6699999999999875,0.02558739454786298,False,False,True,False,False,False,False,False,False,False,False,False,False,False,False,False,True,False,False,False,False,False,False,False,False,False,False,False,False,False,False,True,False,False,False,False
Pakistan,Formal Shirt,2025-10-25,Apparel,0.0,147.1,,20.0,2.0,0.0,0.0,5,25,43,10,4,298,1,-0.9749279121818236,-0.2225209339563146,-0.8660254037844386,0.5000000000000001,2.0,1,0.0,1,0.0,1,0.0,1,1.1428571428571428,1.463850109422804,0.0,3.0,1.3571428571428572,1.1428571428571428,1.556688929516886,0.0,6.0,1.0,0,147.1,0.0,0.0,False,False,True,False,False,False,False,False,False,False,False,False,False,False,False,False,True,False,False,False,False,False,False,False,False,False,False,False,False,False,False,True,False,False,False,False
Pakistan,Formal Shirt,2025-10-26,Apparel,0.0,147.1,,20.0,2.0,0.0,0.0,6,26,43,10,4,299,1,-0.7818314824680299,0.6234898018587334,-0.8660254037844386,0.5000000000000001,0.0,1,3.0,1,2.0,1,0.0,1,1.1428571428571428,1.463850109422804,0.0,3.0,1.3571428571428572,1.1428571428571428,1.556688929516886,0.0,6.0,1.0,0,147.1,0.0,0.0,False,False,True,False,False,False,False,False,False,False,False,False,False,False,False,False,True,False,False,False,False,False,False,False,False,False,False,False,False,False,False,True,False,False,False,False
Pakistan,Formal Shirt,2025-10-27,Apparel,0.0,147.1,,20.0,2.0,0.0,0.0,0,27,44,10,4,300,0,0.0,1.0,-0.8660254037844386,0.5000000000000001,0.0,1,0.0,1,0.0,1,0.0,1,0.7142857142857143,1.2535663410560223,0.0,3.0,1.2142857142857142,1.1428571428571428,1.556688929516886,0.0,6.0,0.625,0,147.1,0.0,0.0,False,False,True,False,False,False,False,False,False,False,False,False,False,False,False,False,True,False,False,False,False,False,False,False,False,False,False,False,False,False,False,True,False,False,False,False
Pakistan,Formal Shirt,2025-10-28,Apparel,0.0,147.1,,20.0,2.0,0.0,0.0,1,28,44,10,4,301,0,0.7818314824680298,0.6234898018587336,-0.8660254037844386,0.5000000000000001,0.0,1,0.0,1,0.0,1,0.0,1,0.7142857142857143,1.2535663410560223,0.0,3.0,1.2142857142857142,1.1428571428571428,1.556688929516886,0.0,6.0,0.625,0,147.1,0.0,0.0,False,False,True,False,False,False,False,False,False,False,False,False,False,False,False,False,True,False,False,False,False,False,False,False,False,False,False,False,False,False,False,True,False,False,False,False
Pakistan,Formal Shirt,2025-10-29,Apparel,3.0,111.2,0.03,20.0,2.0,1.0,0.0,2,29,44,10,4,302,0,0.9749279121818236,-0.22252093395631434,-0.8660254037844386,0.5000000000000001,0.0,1,3.0,1,6.0,1,0.0,1,0.7142857142857143,1.2535663410560223,0.0,3.0,1.2142857142857142,1.1428571428571428,1.556688929516886,0.0,6.0,0.625,1,147.1,-35.89999999999999,-0.24405166553365054,False,False,True,False,False,False,False,False,False,False,False,False,False,False,False,False,True,False,False,False,False,False,False,False,False,False,False,False,False,False,False,True,False,False,False,False
Pakistan,Formal Shirt,2025-10-30,Apparel,0.0,111.2,,20.0,2.0,0.0,0.0,3,30,44,10,4,303,0,0.43388373911755823,-0.900968867902419,-0.8660254037844386,0.5000000000000001,3.0,1,0.0,1,2.0,1,0.0,1,0.7142857142857143,1.2535663410560223,0.0,3.0,1.0,1.25,1.5782080790379782,0.0,6.0,0.5714285714285714,0,111.2,0.0,0.0,False,False,True,False,False,False,False,False,False,False,False,False,False,False,False,False,True,False,False,False,False,False,False,False,False,False,False,False,False,False,False,True,False,False,False,False
Pakistan,Formal Shirt,2025-10-31,Apparel,0.0,111.2,,20.0,2.0,0.0,0.0,4,31,44,10,4,304,0,-0.433883739117558,-0.9009688679024191,-0.8660254037844386,0.5000000000000001,0.0,1,2.0,1,1.0,1,3.0,1,0.7142857142857143,1.2535663410560223,0.0,3.0,0.8571428571428571,1.25,1.5782080790379782,0.0,6.0,0.5714285714285714,0,111.2,0.0,0.0,False,False,True,False,False,False,False,False,False,False,False,False,False,False,False,False,True,False,False,False,False,False,False,False,False,False,False,False,False,False,False,True,False,False,False,False
Pakistan,Formal Shirt,2025-11-01,Apparel,0.0,111.2,,20.0,2.0,0.0,0.0,5,1,44,11,4,305,1,-0.9749279121818236,-0.2225209339563146,-0.5000000000000004,0.8660254037844384,0.0,1,0.0,1,0.0,1,2.0,1,0.42857142857142855,1.133893419027687,0.0,3.0,0.7857142857142857,1.1428571428571428,1.556688929516886,0.0,6.0,0.375,0,111.2,0.0,0.0,False,False,True,False,False,False,False,False,False,False,False,False,False,False,False,False,True,False,False,False,False,False,False,False,False,False,False,False,False,False,False,True,False,False,False,False
Pakistan,Formal Shirt,2025-11-02,Apparel,0.0,111.2,,20.0,2.0,0.0,0.0,6,2,44,11,4,306,1,-0.7818314824680299,0.6234898018587334,-0.5000000000000004,0.8660254037844384,0.0,1,0.0,1,3.0,1,0.0,1,0.42857142857142855,1.133893419027687,0.0,3.0,0.7857142857142857,1.0714285714285714,1.5617789341495947,0.0,6.0,0.39999999999999997,0,111.2,0.0,0.0,False,False,True,False,False,False,False,False,False,False,False,False,False,False,False,False,True,False,False,False,False,False,False,False,False,False,False,False,False,False,False,True,False,False,False,False
Pakistan,Formal Shirt,2025-11-03,Apparel,0.0,111.2,,20.0,2.0,0.0,0.0,0,3,45,11,4,307,0,0.0,1.0,-0.5000000000000004,0.8660254037844384,0.0,1,0.0,1,0.0,1,3.0,1,0.42857142857142855,1.133893419027687,0.0,3.0,0.5714285714285714,1.0714285714285714,1.5617789341495947,0.0,6.0,0.39999999999999997,0,111.2,0.0,0.0,False,False,True,False,False,False,False,False,False,False,False,False,False,False,False,False,True,False,False,False,False,False,False,False,False,False,False,False,False,False,False,True,False,False,False,False
Pakistan,Formal Shirt,2025-11-04,Apparel,9.0,64.705,0.22,20.0,2.0,1.0,1.0,1,4,45,11,4,308,0,0.7818314824680298,0.6234898018587336,-0.5000000000000004,0.8660254037844384,0.0,1,0.0,1,0.0,1,3.0,1,0.42857142857142855,1.133893419027687,0.0,3.0,0.5714285714285714,0.9642857142857143,1.5270921982678671,0.0,6.0,0.4444444444444444,1,111.2,-46.495000000000005,-0.41812050359712233,False,False,True,False,False,False,False,False,False,False,False,False,False,False,False,False,True,False,False,False,False,False,False,False,False,False,False,False,False,False,False,True,False,False,False,False
Pakistan,Formal Shirt,2025-11-05,Apparel,0.0,64.705,,20.0,2.0,0.0,0.0,2,5,45,11,4,309,0,0.9749279121818236,-0.22252093395631434,-0.5000000000000004,0.8660254037844384,9.0,1,3.0,1,3.0,1,0.0,1,1.7142857142857142,3.401680257083047,0.0,9.0,1.2142857142857142,1.1785714285714286,2.1266139218219133,0.0,9.0,1.4545454545454544,0,64.705,0.0,0.0,False,False,True,False,False,False,False,False,False,False,False,False,False,False,False,False,True,False,False,False,False,False,False,False,False,False,False,False,False,False,False,True,False,False,False,False
Pakistan,Formal Shirt,2025-11-06,Apparel,0.0,64.705,,20.0,2.0,0.0,0.0,3,6,45,11,4,310,0,0.43388373911755823,-0.900968867902419,-0.5000000000000004,0.8660254037844384,0.0,1,0.0,1,0.0,1,2.0,1,1.2857142857142858,3.401680257083047,0.0,9.0,1.0,1.1785714285714286,2.1266139218219133,0.0,9.0,1.090909090909091,0,64.705,0.0,0.0,False,False,True,False,False,False,False,False,False,False,False,False,False,False,False,False,True,False,False,False,False,False,False,False,False,False,False,False,False,False,False,True,False,False,False,False
Pakistan,Formal Shirt,2025-11-07,Apparel,0.0,64.705,,20.0,2.0,0.0,0.0,4,7,45,11,4,311,0,-0.433883739117558,-0.9009688679024191,-0.5000000000000004,0.8660254037844384,0.0,1,0.0,1,2.0,1,0.0,1,1.2857142857142858,3.401680257083047,0.0,9.0,1.0,1.1071428571428572,2.1315841042874193,0.0,9.0,1.1612903225806452,0,64.705,0.0,0.0,False,False,True,False,False,False,False,False,False,False,False,False,False,False,False,False,True,False,False,False,False,False,False,False,False,False,False,False,False,False,False,True,False,False,False,False
Pakistan,Formal Shirt,2025-11-08,Apparel,0.0,64.705,,20.0,2.0,0.0,0.0,5,8,45,11,4,312,1,-0.9749279121818236,-0.2225209339563146,-0.5000000000000004,0.8660254037844384,0.0,1,0.0,1,0.0,1,0.0,1,1.2857142857142858,3.401680257083047,0.0,9.0,0.8571428571428571,1.1071428571428572,2.1315841042874193,0.0,9.0,1.1612903225806452,0,64.705,0.0,0.0,False,False,True,False,False,False,False,False,False,False,False,False,False,False,False,False,True,False,False,False,False,False,False,False,False,False,False,False,False,False,False,True,False,False,False,False
Pakistan,Formal Shirt,2025-11-09,Apparel,0.0,64.705,,20.0,2.0,0.0,0.0,6,9,45,11,4,313,1,-0.7818314824680299,0.6234898018587334,-0.5000000000000004,0.8660254037844384,0.0,1,0.0,1,0.0,1,2.0,1,1.2857142857142858,3.401680257083047,0.0,9.0,0.8571428571428571,1.1071428571428572,2.1315841042874193,0.0,9.0,1.1612903225806452,0,64.705,0.0,0.0,False,False,True,False,False,False,False,False,False,False,False,False,False,False,False,False,True,False,False,False,False,False,False,False,False,False,False,False,False,False,False,True,False,False,False,False
Pakistan,Formal Shirt,2025-11-10,Apparel,5.0,24.5,0.21,20.0,2.0,1.0,0.0,0,10,46,11,4,314,0,0.0,1.0,-0.5000000000000004,0.8660254037844384,0.0,1,0.0,1,0.0,1,0.0,1,1.2857142857142858,3.401680257083047,0.0,9.0,0.8571428571428571,1.0357142857142858,2.134064854739145,0.0,9.0,1.2413793103448276,1,64.705,-40.205,-0.6213584730700873,False,False,True,False,False,False,False,False,False,False,False,False,False,False,False,False,True,False,False,False,False,False,False,False,False,False,False,False,False,False,False,True,False,False,False,False
Pakistan,Formal Shirt,2025-11-11,Apparel,10.0,94.76333333333334,0.28,20.0,2.0,1.0,1.0,1,11,46,11,4,315,0,0.7818314824680298,0.6234898018587336,-0.5000000000000004,0.8660254037844384,5.0,1,9.0,1,0.0,1,0.0,1,2.0,3.6055512754639913,0.0,9.0,1.2142857142857142,1.2142857142857142,2.2502204477544128,0.0,9.0,1.647058823529412,1,24.5,70.26333333333334,2.8678911564625853,False,False,True,False,False,False,False,False,False,False,False,False,False,False,False,False,True,False,False,False,False,False,False,False,False,False,False,False,False,False,False,True,False,False,False,False
Pakistan,Formal Shirt,2025-11-12,Apparel,0.0,94.76333333333334,,20.0,2.0,0.0,0.0,2,12,46,11,4,316,0,0.9749279121818236,-0.22252093395631434,-0.5000000000000004,0.8660254037844384,10.0,1,0.0,1,3.0,1,6.0,1,2.142857142857143,3.9339789623472177,0.0,10.0,1.9285714285714286,1.5714285714285714,2.7812676490136186,0.0,10.0,1.3636363636363635,0,94.76333333333334,0.0,0.0,False,False,True,False,False,False,False,False,False,False,False,False,False,False,False,False,True,False,False,False,False,False,False,False,False,False,False,False,False,False,False,True,False,False,False,False
Pakistan,Formal Shirt,2025-11-13,Apparel,0.0,94.76333333333334,,20.0,2.0,0.0,0.0,3,13,46,11,4,317,0,0.43388373911755823,-0.900968867902419,-0.5000000000000004,0.8660254037844384,0.0,1,0.0,1,0.0,1,2.0,1,2.142857142857143,3.9339789623472177,0.0,10.0,1.7142857142857142,1.3571428571428572,2.655731547598525,0.0,10.0,1.5789473684210524,0,94.76333333333334,0.0,0.0,False,False,True,False,False,False,False,False,False,False,False,False,False,False,False,False,True,False,False,False,False,False,False,False,False,False,False,False,False,False,False,True,False,False,False,False
Pakistan,Formal Shirt,2025-11-14,Apparel,7.0,105.89500000000001,0.28,20.0,2.0,1.0,0.0,4,14,46,11,4,318,0,-0.433883739117558,-0.9009688679024191,-0.5000000000000004,0.8660254037844384,0.0,1,0.0,1,0.0,1,1.0,1,2.142857142857143,3.9339789623472177,0.0,10.0,1.7142857142857142,1.2857142857142858,2.664681800990337,0.0,10.0,1.6666666666666665,1,94.76333333333334,11.131666666666675,0.11746807837067791,False,False,True,False,False,False,False,False,False,False,False,False,False,False,False,False,True,False,False,False,False,False,False,False,False,False,False,False,False,False,False,True,False,False,False,False
Pakistan,Formal Shirt,2025-11-15,Apparel,0.0,105.89500000000001,,20.0,2.0,0.0,0.0,5,15,46,11,4,319,1,-0.9749279121818236,-0.2225209339563146,-0.5000000000000004,0.8660254037844384,7.0,1,0.0,1,0.0,1,0.0,1,3.142857142857143,4.1804533816549725,0.0,10.0,2.2142857142857144,1.5,2.8738927014172373,0.0,10.0,2.0952380952380953,0,105.89500000000001,0.0,0.0,False,False,True,False,False,False,False,False,False,False,False,False,False,False,False,False,True,False,False,False,False,False,False,False,False,False,False,False,False,False,False,True,False,False,False,False
Pakistan,Formal Shirt,2025-11-16,Apparel,0.0,105.89500000000001,,20.0,2.0,0.0,0.0,6,16,46,11,4,320,1,-0.7818314824680299,0.6234898018587334,-0.5000000000000004,0.8660254037844384,0.0,1,0.0,1,0.0,1,3.0,1,3.142857142857143,4.1804533816549725,0.0,10.0,2.2142857142857144,1.5,2.8738927014172373,0.0,10.0,2.0952380952380953,0,105.89500000000001,0.0,0.0,False,False,True,False,False,False,False,False,False,False,False,False,False,False,False,False,True,False,False,False,False,False,False,False,False,False,False,False,False,False,False,True,False,False,False,False
Pakistan,Formal Shirt,2025-11-17,Apparel,0.0,105.89500000000001,,20.0,2.0,0.0,0.0,0,17,47,11,4,321,0,0.0,1.0,-0.5000000000000004,0.8660254037844384,0.0,1,5.0,1,0.0,1,0.0,1,3.142857142857143,4.1804533816549725,0.0,10.0,2.2142857142857144,1.3928571428571428,2.8718207634451187,0.0,10.0,2.2564102564102564,0,105.89500000000001,0.0,0.0,False,False,True,False,False,False,False,False,False,False,False,False,False,False,False,False,True,False,False,False,False,False,False,False,False,False,False,False,False,False,False,True,False,False,False,False
Pakistan,Formal Shirt,2025-11-18,Apparel,0.0,105.89500000000001,,20.0,2.0,0.0,0.0,1,18,47,11,4,322,0,0.7818314824680298,0.6234898018587336,-0.5000000000000004,0.8660254037844384,0.0,1,10.0,1,9.0,1,0.0,1,2.4285714285714284,4.237025012007949,0.0,10.0,2.2142857142857144,1.3928571428571428,2.8718207634451187,0.0,10.0,1.7435897435897436,0,105.89500000000001,0.0,0.0,False,False,True,False,False,False,False,False,False,False,False,False,False,False,False,False,True,False,False,False,False,False,False,False,False,False,False,False,False,False,False,True,False,False,False,False
Pakistan,Formal Shirt,2025-11-19,Apparel,0.0,105.89500000000001,,20.0,2.0,0.0,0.0,2,19,47,11,4,323,0,0.9749279121818236,-0.22252093395631434,-0.5000000000000004,0.8660254037844384,0.0,1,0.0,1,0.0,1,3.0,1,1.0,2.6457513110645925,0.0,7.0,1.5714285714285714,1.3928571428571428,2.8718207634451187,0.0,10.0,0.717948717948718,0,105.89500000000001,0.0,0.0,False,False,True,False,False,False,False,False,False,False,False,False,False,False,False,False,True,False,False,False,False,False,False,False,False,False,False,False,False,False,False,True,False,False,False,False
Pakistan,Formal Shirt,2025-11-20,Apparel,0.0,105.89500000000001,,20.0,2.0,0.0,0.0,3,20,47,11,4,324,0,0.43388373911755823,-0.900968867902419,-0.5000000000000004,0.8660254037844384,0.0,1,0.0,1,0.0,1,0.0,1,1.0,2.6457513110645925,0.0,7.0,1.5714285714285714,1.2857142857142858,2.865595960989654,0.0,10.0,0.7777777777777777,0,105.89500000000001,0.0,0.0,False,False,True,False,False,False,False,False,False,False,False,False,False,False,False,False,True,False,False,False,False,False,False,False,False,False,False,False,False,False,False,True,False,False,False,False
Pakistan,Formal Shirt,2025-11-21,Apparel,6.0,57.815,0.26,20.0,2.0,1.0,0.0,4,21,47,11,4,325,0,-0.433883739117558,-0.9009688679024191,-0.5000000000000004,0.8660254037844384,0.0,1,7.0,1,0.0,1,2.0,1,1.0,2.6457513110645925,0.0,7.0,1.5714285714285714,1.2857142857142858,2.865595960989654,0.0,10.0,0.7777777777777777,1,105.89500000000001,-48.08000000000001,-0.45403465697152845,False,False,True,False,False,False,False,False,False,False,False,False,False,False,False,False,True,False,False,False,False,False,False,False,False,False,False,False,False,False,False,True,False,False,False,False
Pakistan,Formal Shirt,2025-11-22,Apparel,0.0,57.815,,20.0,2.0,0.0,0.0,5,22,47,11,4,326,1,-0.9749279121818236,-0.2225209339563146,-0.5000000000000004,0.8660254037844384,6.0,1,0.0,1,0.0,1,0.0,1,0.8571428571428571,2.267786838055365,0.0,6.0,2.0,1.4285714285714286,2.999118036141459,0.0,10.0,0.6,0,57.815,0.0,0.0,False,False,True,False,False,False,False,False,False,False,False,False,False,False,False,False,True,False,False,False,False,False,False,False,False,False,False,False,False,False,False,True,False,False,False,False
Pakistan,Formal Shirt,2025-11-23,Apparel,5.0,85.835,0.17,20.0,2.0,1.0,0.0,6,23,47,11,4,327,1,-0.7818314824680299,0.6234898018587334,-0.5000000000000004,0.8660254037844384,0.0,1,0.0,1,0.0,1,0.0,1,0.8571428571428571,2.267786838055365,0.0,6.0,2.0,1.4285714285714286,2.999118036141459,0.0,10.0,0.6,1,57.815,28.019999999999996,0.48464931246216375,False,False,True,False,False,False,False,False,False,False,False,False,False,False,False,False,True,False,False,False,False,False,False,False,False,False,False,False,False,False,False,True,False,False,False,False
Pakistan,Formal Shirt,2025-11-24,Apparel,0.0,85.835,,20.0,2.0,0.0,0.0,0,24,48,11,4,328,0,0.0,1.0,-0.5000000000000004,0.8660254037844384,5.0,1,0.0,1,5.0,1,0.0,1,1.5714285714285714,2.699206232527314,0.0,6.0,2.357142857142857,1.6071428571428572,3.059160932096514,0.0,10.0,0.9777777777777777,0,85.835,0.0,0.0,False,False,True,False,False,False,False,False,False,False,False,False,False,False,False,False,True,False,False,False,False,False,False,False,False,False,False,False,False,False,False,True,False,False,False,False
Pakistan,Formal Shirt,2025-11-25,Apparel,11.0,100.59666666666668,0.3,20.0,2.0,1.0,1.0,1,25,48,11,4,329,0,0.7818314824680298,0.6234898018587336,-0.5000000000000004,0.8660254037844384,0.0,1,0.0,1,10.0,1,0.0,1,1.5714285714285714,2.699206232527314,0.0,6.0,2.0,1.6071428571428572,3.059160932096514,0.0,10.0,0.9777777777777777,1,85.835,14.761666666666684,0.1719772431603272,False,False,True,False,False,False,False,False,False,False,False,False,False,False,False,False,True,False,False,False,False,False,False,False,False,False,False,False,False,False,False,True,False,False,False,False
