store_id,product_id,date,category,sales,price,Discount_Applied,safety_stock,lead_time_days,promotion,is_outlier,day_of_week,day_of_month,week_of_year,month,quarter,day_of_year,is_weekend,sin_day_of_week,cos_day_of_week,sin_month,cos_month,lag_1,has_lag_1,lag_7,has_lag_7,lag_14,has_lag_14,lag_28,has_lag_28,rolling_mean_7,rolling_std_7,rolling_min_7,rolling_max_7,rolling_mean_14,rolling_mean_28,rolling_std_28,rolling_min_28,rolling_max_28,trend_ratio,is_promotion,previous_price,price_change,price_change_pct,store_id_Germany,store_id_India,store_id_Pakistan,store_id_UAE,store_id_UK,store_id_USA,product_id_4K Smart TV,product_id_Air Fryer,product_id_Blender,product_id_Coffee Maker,product_id_Cotton T-Shirt,product_id_Cycling Helmet,product_id_Denim Jeans,product_id_Dumbbell Set,product_id_Face Wash,product_id_Football,product_id_Formal Shirt,product_id_Gaming Laptop,product_id_Hair Serum,product_id_Lipstick Set,product_id_Microwave Oven,product_id_Moisturizing Cream,product_id_Perfume,product_id_Running Shoes,product_id_Smartphone 128GB,product_id_Smartwatch,product_id_Tennis Racket,product_id_Vacuum Cleaner,product_id_Winter Jacket,product_id_Wireless Noise-Canceling Headphones,product_id_Yoga Mat,category_Apparel,category_Beauty,category_Electronics,category_Home & Kitchen,category_Sports
India,4K Smart TV,2025-05-23,Electronics,1.0,120.24,0.02,20.0,2.0,1.0,0.0,4,23,21,5,2,143,0,-0.433883739117558,-0.9009688679024191,0.49999999999999994,-0.8660254037844387,0.0,1,0.0,1,0.0,1,3.0,1,1.1428571428571428,1.4638501094228036,0.0,3.0,0.8571428571428571,0.8928571428571429,1.3148520748875074,0.0,4.0,1.2799999999999998,1,622.69,-502.45000000000005,-0.8069023109412389,False,True,False,False,False,False,True,False,False,False,False,False,False,False,False,False,False,False,False,False,False,False,False,False,False,False,False,False,False,False,False,False,False,True,False,False
India,4K Smart TV,2025-05-24,Electronics,1.0,167.77,0.15,20.0,2.0,1.0,0.0,5,24,21,5,2,144,1,-0.9749279121818236,-0.2225209339563146,0.49999999999999994,-0.8660254037844387,1.0,1,2.0,1,0.0,1,0.0,1,1.2857142857142858,1.3801311186847125,0.0,3.0,0.9285714285714286,0.8214285714285714,1.2488089563755596,0.0,4.0,1.565217391304348,1,120.24,47.530000000000015,0.39529274783765816,False,True,False,False,False,False,True,False,False,False,False,False,False,False,False,False,False,False,False,False,False,False,False,False,False,False,False,False,False,False,False,False,False,True,False,False
India,4K Smart TV,2025-05-25,Electronics,0.0,167.77,,20.0,2.0,0.0,0.0,6,25,21,5,2,145,1,-0.7818314824680299,0.6234898018587334,0.49999999999999994,-0.8660254037844387,1.0,1,3.0,1,0.0,1,3.0,1,1.1428571428571428,1.3451854182691028,0.0,3.0,1.0,0.8571428571428571,1.2387055882620128,0.0,4.0,1.3333333333333333,0,167.77,0.0,0.0,False,True,False,False,False,False,True,False,False,False,False,False,False,False,False,False,False,False,False,False,False,False,False,False,False,False,False,False,False,False,False,False,False,True,False,False
India,4K Smart TV,2025-05-26,Electronics,0.0,167.77,,20.0,2.0,0.0,0.0,0,26,22,5,2,146,0,0.0,1.0,0.49999999999999994,-0.8660254037844387,0.0,1,0.0,1,0.0,1,0.0,1,0.7142857142857143,1.1126972805283792,0.0,3.0,1.0,0.75,1.174576361770334,0.0,4.0,0.9523809523809524,0,167.77,0.0,0.0,False,True,False,False,False,False,True,False,False,False,False,False,False,False,False,False,False,False,False,False,False,False,False,False,False,False,False,False,False,False,False,False,False,True,False,False
India,4K Smart TV,2025-05-27,Electronics,0.0,167.77,,20.0,2.0,0.0,0.0,1,27,22,5,2,147,0,0.7818314824680298,0.6234898018587336,0.49999999999999994,-0.8660254037844387,0.0,1,3.0,1,0.0,1,0.0,1,0.7142857142857143,1.1126972805283792,0.0,3.0,1.0,0.75,1.174576361770334,0.0,4.0,0.9523809523809524,0,167.77,0.0,0.0,False,True,False,False,False,False,True,False,False,False,False,False,False,False,False,False,False,False,False,False,False,False,False,False,False,False,False,False,False,False,False,False,False,True,False,False
India,4K Smart TV,2025-05-28,Electronics,0.0,167.77,,20.0,2.0,0.0,0.0,2,28,22,5,2,148,0,0.9749279121818236,-0.22252093395631434,0.49999999999999994,-0.8660254037844387,0.0,1,0.0,1,0.0,1,0.0,1,0.2857142857142857,0.48795003647428076,0.0,1.0,1.0,0.75,1.174576361770334,0.0,4.0,0.38095238095238093,0,167.77,0.0,0.0,False,True,False,False,False,False,True,False,False,False,False,False,False,False,False,False,False,False,False,False,False,False,False,False,False,False,False,False,False,False,False,False,False,True,False,False
India,4K Smart TV,2025-05-29,Electronics,0.0,167.77,,20.0,2.0,0.0,0.0,3,29,22,5,2,149,0,0.43388373911755823,-0.900968867902419,0.49999999999999994,-0.8660254037844387,0.0,1,0.0,1,4.0,1,0.0,1,0.2857142857142857,0.48795003647428076,0.0,1.0,1.0,0.75,1.174576361770334,0.0,4.0,0.38095238095238093,0,167.77,0.0,0.0,False,True,False,False,False,False,True,False,False,False,False,False,False,False,False,False,False,False,False,False,False,False,False,False,False,False,False,False,False,False,False,False,False,True,False,False
India,4K Smart TV,2025-05-30,Electronics,0.0,167.77,,20.0,2.0,0.0,0.0,4,30,22,5,2,150,0,-0.433883739117558,-0.9009688679024191,0.49999999999999994,-0.8660254037844387,0.0,1,1.0,1,0.0,1,0.0,1,0.2857142857142857,0.48795003647428076,0.0,1.0,0.7142857142857143,0.75,1.174576361770334,0.0,4.0,0.38095238095238093,0,167.77,0.0,0.0,False,True,False,False,False,False,True,False,False,False,False,False,False,False,False,False,False,False,False,False,False,False,False,False,False,False,False,False,False,False,False,False,False,True,False,False
India,4K Smart TV,2025-05-31,Electronics,1.0,1286.26,0.05,20.0,2.0,1.0,0.0,5,31,22,5,2,151,1,-0.9749279121818236,-0.2225209339563146,0.49999999999999994,-0.8660254037844387,0.0,1,1.0,1,2.0,1,0.0,1,0.14285714285714285,0.37796447300924607,0.0,1.0,0.7142857142857143,0.75,1.174576361770334,0.0,4.0,0.19047619047619047,1,167.77,1118.49,6.666805745961733,False,True,False,False,False,False,True,False,False,False,False,False,False,False,False,False,False,False,False,False,False,False,False,False,False,False,False,False,False,False,False,False,False,True,False,False
India,4K Smart TV,2025-06-01,Electronics,0.0,1286.26,,20.0,2.0,0.0,0.0,6,1,22,6,2,152,1,-0.7818314824680299,0.6234898018587334,1.2246467991473532e-16,-1.0,1.0,1,0.0,1,3.0,1,2.0,1,0.14285714285714285,0.37796447300924607,0.0,1.0,0.6428571428571429,0.7857142857142857,1.166099635446459,0.0,4.0,0.18181818181818182,0,1286.26,0.0,0.0,False,True,False,False,False,False,True,False,False,False,False,False,False,False,False,False,False,False,False,False,False,False,False,False,False,False,False,False,False,False,False,False,False,True,False,False
India,4K Smart TV,2025-06-02,Electronics,2.0,1470.905,0.1,20.0,2.0,1.0,0.0,0,2,23,6,2,153,0,0.0,1.0,1.2246467991473532e-16,-1.0,0.0,1,0.0,1,0.0,1,2.0,1,0.14285714285714285,0.37796447300924607,0.0,1.0,0.42857142857142855,0.7142857142857143,1.1501092655705927,0.0,4.0,0.19999999999999998,1,1286.26,184.64499999999998,0.14355184799340723,False,True,False,False,False,False,True,False,False,False,False,False,False,False,False,False,False,False,False,False,False,False,False,False,False,False,False,False,False,False,False,False,False,True,False,False
India,4K Smart TV,2025-06-03,Electronics,0.0,1470.905,,20.0,2.0,0.0,0.0,1,3,23,6,2,154,0,0.7818314824680298,0.6234898018587336,1.2246467991473532e-16,-1.0,2.0,1,0.0,1,3.0,1,2.0,1,0.42857142857142855,0.7867957924694517,0.0,2.0,0.5714285714285714,0.7142857142857143,1.1501092655705927,0.0,4.0,0.6,0,1470.905,0.0,0.0,False,True,False,False,False,False,True,False,False,False,False,False,False,False,False,False,False,False,False,False,False,False,False,False,False,False,False,False,False,False,False,False,False,True,False,False
India,4K Smart TV,2025-06-04,Electronics,0.0,1470.905,,20.0,2.0,0.0,0.0,2,4,23,6,2,155,0,0.9749279121818236,-0.22252093395631434,1.2246467991473532e-16,-1.0,0.0,1,0.0,1,0.0,1,0.0,1,0.42857142857142855,0.7867957924694517,0.0,2.0,0.35714285714285715,0.6428571428571429,1.1292175499576158,0.0,4.0,0.6666666666666666,0,1470.905,0.0,0.0,False,True,False,False,False,False,True,False,False,False,False,False,False,False,False,False,False,False,False,False,False,False,False,False,False,False,False,False,False,False,False,False,False,True,False,False
India,4K Smart TV,2025-06-05,Electronics,0.0,1470.905,,20.0,2.0,0.0,0.0,3,5,23,6,2,156,0,0.43388373911755823,-0.900968867902419,1.2246467991473532e-16,-1.0,0.0,1,0.0,1,0.0,1,1.0,1,0.42857142857142855,0.7867957924694517,0.0,2.0,0.35714285714285715,0.6428571428571429,1.1292175499576158,0.0,4.0,0.6666666666666666,0,1470.905,0.0,0.0,False,True,False,False,False,False,True,False,False,False,False,False,False,False,False,False,False,False,False,False,False,False,False,False,False,False,False,False,False,False,False,False,False,True,False,False
India,4K Smart TV,2025-06-06,Electronics,5.0,980.72,0.02,20.0,2.0,1.0,0.0,4,6,23,6,2,157,0,-0.433883739117558,-0.9009688679024191,1.2246467991473532e-16,-1.0,0.0,1,0.0,1,1.0,1,0.0,1,0.42857142857142855,0.7867957924694517,0.0,2.0,0.35714285714285715,0.6071428571428571,1.133309990422541,0.0,4.0,0.7058823529411765,1,1470.905,-490.18499999999995,-0.3332540170847199,False,True,False,False,False,False,True,False,False,False,False,False,False,False,False,False,False,False,False,False,False,False,False,False,False,False,False,False,False,False,False,False,False,True,False,False
India,4K Smart TV,2025-06-07,Electronics,1.0,717.54,0.11,20.0,2.0,1.0,0.0,5,7,23,6,2,158,1,-0.9749279121818236,-0.2225209339563146,1.2246467991473532e-16,-1.0,5.0,1,1.0,1,1.0,1,0.0,1,1.1428571428571428,1.8644544714716118,0.0,5.0,0.6428571428571429,0.7857142857142857,1.3972762620115455,0.0,5.0,1.4545454545454546,1,980.72,-263.18000000000006,-0.2683538624683906,False,True,False,False,False,False,True,False,False,False,False,False,False,False,False,False,False,False,False,False,False,False,False,False,False,False,False,False,False,False,False,False,False,True,False,False
India,4K Smart TV,2025-06-08,Electronics,2.0,827.08,0.14,20.0,2.0,1.0,0.0,6,8,23,6,2,159,1,-0.7818314824680299,0.6234898018587334,1.2246467991473532e-16,-1.0,1.0,1,0.0,1,0.0,1,0.0,1,1.1428571428571428,1.8644544714716118,0.0,5.0,0.6428571428571429,0.8214285714285714,1.3892063129334624,0.0,5.0,1.391304347826087,1,717.54,109.54000000000008,0.1526604788583216,False,True,False,False,False,False,True,False,False,False,False,False,False,False,False,False,False,False,False,False,False,False,False,False,False,False,False,False,False,False,False,False,False,True,False,False
India,4K Smart TV,2025-06-09,Electronics,0.0,827.08,,20.0,2.0,0.0,0.0,0,9,24,6,2,160,0,0.0,1.0,1.2246467991473532e-16,-1.0,2.0,1,2.0,1,0.0,1,0.0,1,1.4285714285714286,1.8126539343499342,0.0,5.0,0.7857142857142857,0.8928571428571429,1.396802849745878,0.0,5.0,1.5999999999999999,0,827.08,0.0,0.0,False,True,False,False,False,False,True,False,False,False,False,False,False,False,False,False,False,False,False,False,False,False,False,False,False,False,False,False,False,False,False,False,False,True,False,False
India,4K Smart TV,2025-06-10,Electronics,0.0,827.08,,20.0,2.0,0.0,0.0,1,10,24,6,2,161,0,0.7818314824680298,0.6234898018587336,1.2246467991473532e-16,-1.0,0.0,1,0.0,1,0.0,1,0.0,1,1.1428571428571428,1.8644544714716118,0.0,5.0,0.7857142857142857,0.8928571428571429,1.396802849745878,0.0,5.0,1.2799999999999998,0,827.08,0.0,0.0,False,True,False,False,False,False,True,False,False,False,False,False,False,False,False,False,False,False,False,False,False,False,False,False,False,False,False,False,False,False,False,False,False,True,False,False
India,4K Smart TV,2025-06-11,Electronics,0.0,827.08,,20.0,2.0,0.0,0.0,2,11,24,6,2,162,0,0.9749279121818236,-0.22252093395631434,1.2246467991473532e-16,-1.0,0.0,1,0.0,1,0.0,1,0.0,1,1.1428571428571428,1.8644544714716118,0.0,5.0,0.7857142857142857,0.8928571428571429,1.396802849745878,0.0,5.0,1.2799999999999998,0,827.08,0.0,0.0,False,True,False,False,False,False,True,False,False,False,False,False,False,False,False,False,False,False,False,False,False,False,False,False,False,False,False,False,False,False,False,False,False,True,False,False
India,4K Smart TV,2025-06-12,Electronics,1.0,956.14,0.01,20.0,2.0,1.0,0.0,3,12,24,6,2,163,0,0.43388373911755823,-0.900968867902419,1.2246467991473532e-16,-1.0,0.0,1,0.0,1,0.0,1,4.0,1,1.1428571428571428,1.8644544714716118,0.0,5.0,0.7857142857142857,0.8928571428571429,1.396802849745878,0.0,5.0,1.2799999999999998,1,827.08,129.05999999999995,0.156042946268801,False,True,False,False,False,False,True,False,False,False,False,False,False,False,False,False,False,False,False,False,False,False,False,False,False,False,False,False,False,False,False,False,False,True,False,False
India,4K Smart TV,2025-06-13,Electronics,0.0,956.14,,20.0,2.0,0.0,0.0,4,13,24,6,2,164,0,-0.433883739117558,-0.9009688679024191,1.2246467991473532e-16,-1.0,1.0,1,5.0,1,0.0,1,0.0,1,1.2857142857142858,1.7994708216848776,0.0,5.0,0.8571428571428571,0.7857142857142857,1.2577800213115915,0.0,5.0,1.6363636363636365,0,956.14,0.0,0.0,False,True,False,False,False,False,True,False,False,False,False,False,False,False,False,False,False,False,False,False,False,False,False,False,False,False,False,False,False,False,False,False,False,True,False,False
India,4K Smart TV,2025-06-14,Electronics,0.0,956.14,,20.0,2.0,0.0,0.0,5,14,24,6,2,165,1,-0.9749279121818236,-0.2225209339563146,1.2246467991473532e-16,-1.0,0.0,1,1.0,1,1.0,1,2.0,1,0.5714285714285714,0.7867957924694507,0.0,2.0,0.8571428571428571,0.7857142857142857,1.2577800213115915,0.0,5.0,0.7272727272727273,0,956.14,0.0,0.0,False,True,False,False,False,False,True,False,False,False,False,False,False,False,False,False,False,False,False,False,False,False,False,False,False,False,False,False,False,False,False,False,False,True,False,False
India,4K Smart TV,2025-06-15,Electronics,0.0,956.14,,20.0,2.0,0.0,0.0,6,15,24,6,2,166,1,-0.7818314824680299,0.6234898018587334,1.2246467991473532e-16,-1.0,0.0,1,2.0,1,0.0,1,3.0,1,0.42857142857142855,0.7867957924694509,0.0,2.0,0.7857142857142857,0.7142857142857143,1.2429696476477414,0.0,5.0,0.6,0,956.14,0.0,0.0,False,True,False,False,False,False,True,False,False,False,False,False,False,False,False,False,False,False,False,False,False,False,False,False,False,False,False,False,False,False,False,False,False,True,False,False
India,4K Smart TV,2025-06-16,Electronics,0.0,956.14,,20.0,2.0,0.0,0.0,0,16,25,6,2,167,0,0.0,1.0,1.2246467991473532e-16,-1.0,0.0,1,0.0,1,2.0,1,0.0,1,0.14285714285714285,0.3779644730092442,0.0,1.0,0.7857142857142857,0.6071428571428571,1.165532328365719,0.0,5.0,0.23529411764705882,0,956.14,0.0,0.0,False,True,False,False,False,False,True,False,False,False,False,False,False,False,False,False,False,False,False,False,False,False,False,False,False,False,False,False,False,False,False,False,False,True,False,False
India,4K Smart TV,2025-06-17,Electronics,0.0,956.14,,20.0,2.0,0.0,0.0,1,17,25,6,2,168,0,0.7818314824680298,0.6234898018587336,1.2246467991473532e-16,-1.0,0.0,1,0.0,1,0.0,1,3.0,1,0.14285714285714285,0.3779644730092442,0.0,1.0,0.6428571428571429,0.6071428571428571,1.165532328365719,0.0,5.0,0.23529411764705882,0,956.14,0.0,0.0,False,True,False,False,False,False,True,False,False,False,False,False,False,False,False,False,False,False,False,False,False,False,False,False,False,False,False,False,False,False,False,False,False,True,False,False
India,4K Smart TV,2025-06-18,Electronics,1.0,462.42,0.02,20.0,2.0,1.0,0.0,2,18,25,6,2,169,0,0.9749279121818236,-0.22252093395631434,1.2246467991473532e-16,-1.0,0.0,1,0.0,1,0.0,1,0.0,1,0.14285714285714285,0.3779644730092442,0.0,1.0,0.6428571428571429,0.5,1.0715167512214423,0.0,5.0,0.2857142857142857,1,956.14,-493.71999999999997,-0.5163678959148241,False,True,False,False,False,False,True,False,False,False,False,False,False,False,False,False,False,False,False,False,False,False,False,False,False,False,False,False,False,False,False,False,False,True,False,False
India,4K Smart TV,2025-06-19,Electronics,3.0,738.46,0.12,20.0,2.0,1.0,0.0,3,19,25,6,2,170,0,0.43388373911755823,-0.900968867902419,1.2246467991473532e-16,-1.0,1.0,1,1.0,1,0.0,1,0.0,1,0.2857142857142857,0.48795003647427937,0.0,1.0,0.7142857142857143,0.5357142857142857,1.0708993401928133,0.0,5.0,0.5333333333333333,1,462.42,276.04,0.5969464988538559,False,True,False,False,False,False,True,False,False,False,False,False,False,False,False,False,False,False,False,False,False,False,False,False,False,False,False,False,False,False,False,False,False,True,False,False
India,4K Smart TV,2025-06-20,Electronics,4.0,541.0899999999999,0.14,20.0,2.0,1.0,0.0,4,20,25,6,2,171,0,-0.433883739117558,-0.9009688679024191,1.2246467991473532e-16,-1.0,3.0,1,0.0,1,5.0,1,1.0,1,0.5714285714285714,1.1338934190276868,0.0,3.0,0.9285714285714286,0.6428571428571429,1.1615534207286184,0.0,5.0,0.8888888888888887,1,738.46,-197.37000000000012,-0.26727243181756644,False,True,False,False,False,False,True,False,False,False,False,False,False,False,False,False,False,False,False,False,False,False,False,False,False,False,False,False,False,False,False,False,False,True,False,False
India,4K Smart TV,2025-06-21,Electronics,0.0,541.0899999999999,,20.0,2.0,0.0,0.0,5,21,25,6,2,172,1,-0.9749279121818236,-0.2225209339563146,1.2246467991473532e-16,-1.0,4.0,1,0.0,1,1.0,1,1.0,1,1.1428571428571428,1.6761634196950548,0.0,4.0,0.8571428571428571,0.75,1.3228756555322974,0.0,5.0,1.5238095238095237,0,541.0899999999999,0.0,0.0,False,True,False,False,False,False,True,False,False,False,False,False,False,False,False,False,False,False,False,False,False,False,False,False,False,False,False,False,False,False,False,False,False,True,False,False
India,4K Smart TV,2025-06-22,Electronics,2.0,575.64,0.11,20.0,2.0,1.0,0.0,6,22,25,6,2,173,1,-0.7818314824680299,0.6234898018587334,1.2246467991473532e-16,-1.0,0.0,1,0.0,1,2.0,1,0.0,1,1.1428571428571428,1.6761634196950548,0.0,4.0,0.7857142857142857,0.7142857142857143,1.3293591565847707,0.0,5.0,1.5999999999999999,1,541.0899999999999,34.55000000000007,0.06385259383836343,False,True,False,False,False,False,True,False,False,False,False,False,False,False,False,False,False,False,False,False,False,False,False,False,False,False,False,False,False,False,False,False,False,True,False,False
India,4K Smart TV,2025-06-23,Electronics,0.0,575.64,,20.0,2.0,0.0,0.0,0,23,26,6,2,174,0,0.0,1.0,1.2246467991473532e-16,-1.0,2.0,1,0.0,1,0.0,1,0.0,1,1.4285714285714286,1.6183471874253772,0.0,4.0,0.7857142857142857,0.7857142857142857,1.3432173332088928,0.0,5.0,1.8181818181818183,0,575.64,0.0,0.0,False,True,False,False,False,False,True,False,False,False,False,False,False,False,False,False,False,False,False,False,False,False,False,False,False,False,False,False,False,False,False,False,False,True,False,False
India,4K Smart TV,2025-06-24,Electronics,0.0,575.64,,20.0,2.0,0.0,0.0,1,24,26,6,2,175,0,0.7818314824680298,0.6234898018587336,1.2246467991473532e-16,-1.0,0.0,1,0.0,1,0.0,1,0.0,1,1.4285714285714286,1.6183471874253772,0.0,4.0,0.7857142857142857,0.7857142857142857,1.3432173332088928,0.0,5.0,1.8181818181818183,0,575.64,0.0,0.0,False,True,False,False,False,False,True,False,False,False,False,False,False,False,False,False,False,False,False,False,False,False,False,False,False,False,False,False,False,False,False,False,False,True,False,False
India,4K Smart TV,2025-06-25,Electronics,6.0,641.98,0.14,20.0,2.0,1.0,0.0,2,25,26,6,2,176,0,0.9749279121818236,-0.22252093395631434,1.2246467991473532e-16,-1.0,0.0,1,1.0,1,0.0,1,0.0,1,1.4285714285714286,1.6183471874253772,0.0,4.0,0.7857142857142857,0.7857142857142857,1.3432173332088928,0.0,5.0,1.8181818181818183,1,575.64,66.34000000000003,0.11524563963588359,False,True,False,False,False,False,True,False,False,False,False,False,False,False,False,False,False,False,False,False,False,False,False,False,False,False,False,False,False,False,False,False,False,True,False,False
India,4K Smart TV,2025-06-26,Electronics,3.0,594.27,0.11,20.0,2.0,1.0,0.0,3,26,26,6,2,177,0,0.43388373911755823,-0.900968867902419,1.2246467991473532e-16,-1.0,6.0,1,3.0,1,1.0,1,0.0,1,2.142857142857143,2.3401261667248807,0.0,6.0,1.2142857142857142,1.0,1.6555182695279282,0.0,6.0,2.142857142857143,1,641.98,-47.710000000000036,-0.07431695691454568,False,True,False,False,False,False,True,False,False,False,False,False,False,False,False,False,False,False,False,False,False,False,False,False,False,False,False,False,False,False,False,False,False,True,False,False
India,4K Smart TV,2025-06-27,Electronics,0.0,594.27,,20.0,2.0,0.0,0.0,4,27,26,6,2,178,0,-0.433883739117558,-0.9009688679024191,1.2246467991473532e-16,-1.0,3.0,1,4.0,1,0.0,1,0.0,1,2.142857142857143,2.3401261667248807,0.0,6.0,1.3571428571428572,1.1071428571428572,1.6852142563920751,0.0,6.0,1.9354838709677418,0,594.27,0.0,0.0,False,True,False,False,False,False,True,False,False,False,False,False,False,False,False,False,False,False,False,False,False,False,False,False,False,False,False,False,False,False,False,False,False,True,False,False
India,4K Smart TV,2025-06-28,Electronics,0.0,594.27,,20.0,2.0,0.0,0.0,5,28,26,6,2,179,1,-0.9749279121818236,-0.2225209339563146,1.2246467991473532e-16,-1.0,0.0,1,0.0,1,0.0,1,1.0,1,1.5714285714285714,2.2990681342044423,0.0,6.0,1.3571428571428572,1.1071428571428572,1.6852142563920751,0.0,6.0,1.4193548387096773,0,594.27,0.0,0.0,False,True,False,False,False,False,True,False,False,False,False,False,False,False,False,False,False,False,False,False,False,False,False,False,False,False,False,False,False,False,False,False,False,True,False,False
India,4K Smart TV,2025-06-29,Electronics,2.0,238.85,0.12,20.0,2.0,1.0,0.0,6,29,26,6,2,180,1,-0.7818314824680299,0.6234898018587334,1.2246467991473532e-16,-1.0,0.0,1,2.0,1,0.0,1,0.0,1,1.5714285714285714,2.2990681342044423,0.0,6.0,1.3571428571428572,1.0714285714285714,1.6981159806084767,0.0,6.0,1.4666666666666668,1,594.27,-355.41999999999996,-0.598078314570818,False,True,False,False,False,False,True,False,False,False,False,False,False,False,False,False,False,False,False,False,False,False,False,False,False,False,False,False,False,False,False,False,False,True,False,False
India,4K Smart TV,2025-06-30,Electronics,0.0,238.85,,20.0,2.0,0.0,0.0,0,30,27,6,2,181,0,0.0,1.0,1.2246467991473532e-16,-1.0,2.0,1,0.0,1,0.0,1,2.0,1,1.5714285714285714,2.2990681342044423,0.0,6.0,1.5,1.1428571428571428,1.69343581742116,0.0,6.0,1.375,0,238.85,0.0,0.0,False,True,False,False,False,False,True,False,False,False,False,False,False,False,False,False,False,False,False,False,False,False,False,False,False,False,False,False,False,False,False,False,False,True,False,False
India,4K Smart TV,2025-07-01,Electronics,0.0,238.85,,20.0,2.0,0.0,0.0,1,1,27,7,3,182,0,0.7818314824680298,0.6234898018587336,-0.4999999999999997,-0.8660254037844388,0.0,1,0.0,1,0.0,1,0.0,1,1.5714285714285714,2.2990681342044423,0.0,6.0,1.5,1.0714285714285714,1.6981159806084767,0.0,6.0,1.4666666666666668,0,238.85,0.0,0.0,False,True,False,False,False,False,True,False,False,False,False,False,False,False,False,False,False,False,False,False,False,False,False,False,False,False,False,False,False,False,False,False,False,True,False,False
India,4K Smart TV,2025-07-02,Electronics,0.0,238.85,,20.0,2.0,0.0,0.0,2,2,27,7,3,183,0,0.9749279121818236,-0.22252093395631434,-0.4999999999999997,-0.8660254037844388,0.0,1,6.0,1,1.0,1,0.0,1,1.5714285714285714,2.2990681342044423,0.0,6.0,1.5,1.0714285714285714,1.6981159806084767,0.0,6.0,1.4666666666666668,0,238.85,0.0,0.0,False,True,False,False,False,False,True,False,False,False,False,False,False,False,False,False,False,False,False,False,False,False,False,False,False,False,False,False,False,False,False,False,False,True,False,False
India,4K Smart TV,2025-07-03,Electronics,0.0,238.85,,20.0,2.0,0.0,0.0,3,3,27,7,3,184,0,0.43388373911755823,-0.900968867902419,-0.4999999999999997,-0.8660254037844388,0.0,1,3.0,1,3.0,1,0.0,1,0.7142857142857143,1.253566341056022,0.0,3.0,1.4285714285714286,1.0714285714285714,1.6981159806084767,0.0,6.0,0.6666666666666667,0,238.85,0.0,0.0,False,True,False,False,False,False,True,False,False,False,False,False,False,False,False,False,False,False,False,False,False,False,False,False,False,False,False,False,False,False,False,False,False,True,False,False
India,4K Smart TV,2025-07-04,Electronics,0.0,238.85,,20.0,2.0,0.0,0.0,4,4,27,7,3,185,0,-0.433883739117558,-0.9009688679024191,-0.4999999999999997,-0.8660254037844388,0.0,1,0.0,1,4.0,1,5.0,1,0.2857142857142857,0.7559289460184625,0.0,2.0,1.2142857142857142,1.0714285714285714,1.6981159806084767,0.0,6.0,0.26666666666666666,0,238.85,0.0,0.0,False,True,False,False,False,False,True,False,False,False,False,False,False,False,False,False,False,False,False,False,False,False,False,False,False,False,False,False,False,False,False,False,False,True,False,False
India,4K Smart TV,2025-07-05,Electronics,1.0,367.44,0.15,20.0,2.0,1.0,0.0,5,5,27,7,3,186,1,-0.9749279121818236,-0.2225209339563146,-0.4999999999999997,-0.8660254037844388,0.0,1,0.0,1,0.0,1,1.0,1,0.2857142857142857,0.7559289460184625,0.0,2.0,0.9285714285714286,0.8928571428571429,1.5236235005501118,0.0,6.0,0.31999999999999995,1,238.85,128.59,0.5383713627799874,False,True,False,False,False,False,True,False,False,False,False,False,False,False,False,False,False,False,False,False,False,False,False,False,False,False,False,False,False,False,False,False,False,True,False,False
India,4K Smart TV,2025-07-06,Electronics,3.0,1208.92,0.01,20.0,2.0,1.0,0.0,6,6,27,7,3,187,1,-0.7818314824680299,0.6234898018587334,-0.4999999999999997,-0.8660254037844388,1.0,1,2.0,1,2.0,1,2.0,1,0.42857142857142855,0.7867957924694507,0.0,2.0,1.0,0.8928571428571429,1.5236235005501118,0.0,6.0,0.4799999999999999,1,367.44,841.48,2.290115392989332,False,True,False,False,False,False,True,False,False,False,False,False,False,False,False,False,False,False,False,False,False,False,False,False,False,False,False,False,False,False,False,False,False,True,False,False
India,4K Smart TV,2025-07-07,Electronics,0.0,1208.92,,20.0,2.0,0.0,0.0,0,7,28,7,3,188,0,0.0,1.0,-0.4999999999999997,-0.8660254037844388,3.0,1,0.0,1,0.0,1,0.0,1,0.5714285714285714,1.1338934190276868,0.0,3.0,1.0714285714285714,0.9285714285714286,1.5617789341495947,0.0,6.0,0.6153846153846153,0,1208.92,0.0,0.0,False,True,False,False,False,False,True,False,False,False,False,False,False,False,False,False,False,False,False,False,False,False,False,False,False,False,False,False,False,False,False,False,False,True,False,False
India,4K Smart TV,2025-07-08,Electronics,3.0,779.03,0.1,20.0,2.0,1.0,0.0,1,8,28,7,3,189,0,0.7818314824680298,0.6234898018587336,-0.4999999999999997,-0.8660254037844388,0.0,1,0.0,1,0.0,1,0.0,1,0.5714285714285714,1.1338934190276868,0.0,3.0,1.0714285714285714,0.9285714285714286,1.5617789341495947,0.0,6.0,0.6153846153846153,1,1208.92,-429.8900000000001,-0.35559838533567156,False,True,False,False,False,False,True,False,False,False,False,False,False,False,False,False,False,False,False,False,False,False,False,False,False,False,False,False,False,False,False,False,False,True,False,False
India,4K Smart TV,2025-07-09,Electronics,0.0,779.03,,20.0,2.0,0.0,0.0,2,9,28,7,3,190,0,0.9749279121818236,-0.22252093395631434,-0.4999999999999997,-0.8660254037844388,3.0,1,0.0,1,6.0,1,0.0,1,1.0,1.414213562373099,0.0,3.0,1.2857142857142858,1.0357142857142858,1.5981967351464614,0.0,6.0,0.9655172413793103,0,779.03,0.0,0.0,False,True,False,False,False,False,True,False,False,False,False,False,False,False,False,False,False,False,False,False,False,False,False,False,False,False,False,False,False,False,False,False,False,True,False,False
India,4K Smart TV,2025-07-10,Electronics,0.0,779.03,,20.0,2.0,0.0,0.0,3,10,28,7,3,191,0,0.43388373911755823,-0.900968867902419,-0.4999999999999997,-0.8660254037844388,0.0,1,0.0,1,3.0,1,1.0,1,1.0,1.414213562373099,0.0,3.0,0.8571428571428571,1.0357142857142858,1.5981967351464614,0.0,6.0,0.9655172413793103,0,779.03,0.0,0.0,False,True,False,False,False,False,True,False,False,False,False,False,False,False,False,False,False,False,False,False,False,False,False,False,False,False,False,False,False,False,False,False,False,True,False,False
India,4K Smart TV,2025-07-11,Electronics,2.0,1078.11,0.07,20.0,2.0,1.0,0.0,4,11,28,7,3,192,0,-0.433883739117558,-0.9009688679024191,-0.4999999999999997,-0.8660254037844388,0.0,1,0.0,1,0.0,1,0.0,1,1.0,1.414213562373099,0.0,3.0,0.6428571428571429,1.0,1.610152971798828,0.0,6.0,1.0,1,779.03,299.0799999999999,0.3839133281131663,False,True,False,False,False,False,True,False,False,False,False,False,False,False,False,False,False,False,False,False,False,False,False,False,False,False,False,False,False,False,False,False,False,True,False,False
India,4K Smart TV,2025-07-12,Electronics,0.0,1078.11,,20.0,2.0,0.0,0.0,5,12,28,7,3,193,1,-0.9749279121818236,-0.2225209339563146,-0.4999999999999997,-0.8660254037844388,2.0,1,1.0,1,0.0,1,0.0,1,1.2857142857142858,1.380131118684712,0.0,3.0,0.7857142857142857,1.0714285714285714,1.6085091194337668,0.0,6.0,1.2000000000000002,0,1078.11,0.0,0.0,False,True,False,False,False,False,True,False,False,False,False,False,False,False,False,False,False,False,False,False,False,False,False,False,False,False,False,False,False,False,False,False,False,True,False,False
India,4K Smart TV,2025-07-13,Electronics,0.0,1078.11,,20.0,2.0,0.0,0.0,6,13,28,7,3,194,1,-0.7818314824680299,0.6234898018587334,-0.4999999999999997,-0.8660254037844388,0.0,1,3.0,1,2.0,1,0.0,1,1.1428571428571428,1.4638501094228034,0.0,3.0,0.7857142857142857,1.0714285714285714,1.6085091194337668,0.0,6.0,1.0666666666666667,0,1078.11,0.0,0.0,False,True,False,False,False,False,True,False,False,False,False,False,False,False,False,False,False,False,False,False,False,False,False,False,False,False,False,False,False,False,False,False,False,True,False,False
India,4K Smart TV,2025-07-14,Electronics,0.0,1078.11,,20.0,2.0,0.0,0.0,0,14,29,7,3,195,0,0.0,1.0,-0.4999999999999997,-0.8660254037844388,0.0,1,0.0,1,0.0,1,0.0,1,0.7142857142857143,1.253566341056022,0.0,3.0,0.6428571428571429,1.0714285714285714,1.6085091194337668,0.0,6.0,0.6666666666666667,0,1078.11,0.0,0.0,False,True,False,False,False,False,True,False,False,False,False,False,False,False,False,False,False,False,False,False,False,False,False,False,False,False,False,False,False,False,False,False,False,True,False,False
India,4K Smart TV,2025-07-15,Electronics,0.0,1078.11,,20.0,2.0,0.0,0.0,1,15,29,7,3,196,0,0.7818314824680298,0.6234898018587336,-0.4999999999999997,-0.8660254037844388,0.0,1,3.0,1,0.0,1,0.0,1,0.7142857142857143,1.253566341056022,0.0,3.0,0.6428571428571429,1.0714285714285714,1.6085091194337668,0.0,6.0,0.6666666666666667,0,1078.11,0.0,0.0,False,True,False,False,False,False,True,False,False,False,False,False,False,False,False,False,False,False,False,False,False,False,False,False,False,False,False,False,False,False,False,False,False,True,False,False
India,4K Smart TV,2025-07-16,Electronics,0.0,1078.11,,20.0,2.0,0.0,0.0,2,16,29,7,3,197,0,0.9749279121818236,-0.22252093395631434,-0.4999999999999997,-0.8660254037844388,0.0,1,0.0,1,0.0,1,1.0,1,0.2857142857142857,0.7559289460184623,0.0,2.0,0.6428571428571429,1.0714285714285714,1.6085091194337668,0.0,6.0,0.26666666666666666,0,1078.11,0.0,0.0,False,True,False,False,False,False,True,False,False,False,False,False,False,False,False,False,False,False,False,False,False,False,False,False,False,False,False,False,False,False,False,False,False,True,False,False
India,4K Smart TV,2025-07-17,Electronics,0.0,1078.11,,20.0,2.0,0.0,0.0,3,17,29,7,3,198,0,0.43388373911755823,-0.900968867902419,-0.4999999999999997,-0.8660254037844388,0.0,1,0.0,1,0.0,1,3.0,1,0.2857142857142857,0.7559289460184623,0.0,2.0,0.6428571428571429,1.0357142857142858,1.6212053782007028,0.0,6.0,0.2758620689655172,0,1078.11,0.0,0.0,False,True,False,False,False,False,True,False,False,False,False,False,False,False,False,False,False,False,False,False,False,False,False,False,False,False,False,False,False,False,False,False,False,True,False,False
India,4K Smart TV,2025-07-18,Electronics,0.0,1078.11,,20.0,2.0,0.0,0.0,4,18,29,7,3,199,0,-0.433883739117558,-0.9009688679024191,-0.4999999999999997,-0.8660254037844388,0.0,1,2.0,1,0.0,1,4.0,1,0.2857142857142857,0.7559289460184623,0.0,2.0,0.6428571428571429,0.9285714285714286,1.5853162186855716,0.0,6.0,0.30769230769230765,0,1078.11,0.0,0.0,False,True,False,False,False,False,True,False,False,False,False,False,False,False,False,False,False,False,False,False,False,False,False,False,False,False,False,False,False,False,False,False,False,True,False,False
India,4K Smart TV,2025-07-19,Electronics,0.0,1078.11,,20.0,2.0,0.0,0.0,5,19,29,7,3,200,1,-0.9749279121818236,-0.2225209339563146,-0.4999999999999997,-0.8660254037844388,0.0,1,0.0,1,1.0,1,0.0,1,0.0,0.0,0.0,0.0,0.6428571428571429,0.7857142857142857,1.474653577828766,0.0,6.0,0.0,0,1078.11,0.0,0.0,False,True,False,False,False,False,True,False,False,False,False,False,False,False,False,False,False,False,False,False,False,False,False,False,False,False,False,False,False,False,False,False,False,True,False,False
India,4K Smart TV,2025-07-20,Electronics,0.0,1078.11,,20.0,2.0,0.0,0.0,6,20,29,7,3,201,1,-0.7818314824680299,0.6234898018587334,-0.4999999999999997,-0.8660254037844388,0.0,1,0.0,1,3.0,1,2.0,1,0.0,0.0,0.0,0.0,0.5714285714285714,0.7857142857142857,1.474653577828766,0.0,6.0,0.0,0,1078.11,0.0,0.0,False,True,False,False,False,False,True,False,False,False,False,False,False,False,False,False,False,False,False,False,False,False,False,False,False,False,False,False,False,False,False,False,False,True,False,False
India,4K Smart TV,2025-07-21,Electronics,0.0,1078.11,,20.0,2.0,0.0,0.0,0,21,30,7,3,202,0,0.0,1.0,-0.4999999999999997,-0.8660254037844388,0.0,1,0.0,1,0.0,1,0.0,1,0.0,0.0,0.0,0.0,0.35714285714285715,0.7142857142857143,1.462041770116758,0.0,6.0,0.0,0,1078.11,0.0,0.0,False,True,False,False,False,False,True,False,False,False,False,False,False,False,False,False,False,False,False,False,False,False,False,False,False,False,False,False,False,False,False,False,False,True,False,False
India,4K Smart TV,2025-07-22,Electronics,0.0,1078.11,,20.0,2.0,0.0,0.0,1,22,30,7,3,203,0,0.7818314824680298,0.6234898018587336,-0.4999999999999997,-0.8660254037844388,0.0,1,0.0,1,3.0,1,0.0,1,0.0,0.0,0.0,0.0,0.35714285714285715,0.7142857142857143,1.462041770116758,0.0,6.0,0.0,0,1078.11,0.0,0.0,False,True,False,False,False,False,True,False,False,False,False,False,False,False,False,False,False,False,False,False,False,False,False,False,False,False,False,False,False,False,False,False,False,True,False,False
India,4K Smart TV,2025-07-23,Electronics,0.0,1078.11,,20.0,2.0,0.0,0.0,2,23,30,7,3,204,0,0.9749279121818236,-0.22252093395631434,-0.4999999999999997,-0.8660254037844388,0.0,1,0.0,1,0.0,1,6.0,1,0.0,0.0,0.0,0.0,0.14285714285714285,0.7142857142857143,1.462041770116758,0.0,6.0,0.0,0,1078.11,0.0,0.0,False,True,False,False,False,False,True,False,False,False,False,False,False,False,False,False,False,False,False,False,False,False,False,False,False,False,False,False,False,False,False,False,False,True,False,False
India,4K Smart TV,2025-07-24,Electronics,0.0,1078.11,,20.0,2.0,0.0,0.0,3,24,30,7,3,205,0,0.43388373911755823,-0.900968867902419,-0.4999999999999997,-0.8660254037844388,0.0,1,0.0,1,0.0,1,3.0,1,0.0,0.0,0.0,0.0,0.14285714285714285,0.5,1.0363754503432048,0.0,3.0,0.0,0,1078.11,0.0,0.0,False,True,False,False,False,False,True,False,False,False,False,False,False,False,False,False,False,False,False,False,False,False,False,False,False,False,False,False,False,False,False,False,False,True,False,False
India,4K Smart TV,2025-07-25,Electronics,0.0,1078.11,,20.0,2.0,0.0,0.0,4,25,30,7,3,206,0,-0.433883739117558,-0.9009688679024191,-0.4999999999999997,-0.8660254037844388,0.0,1,0.0,1,2.0,1,0.0,1,0.0,0.0,0.0,0.0,0.14285714285714285,0.39285714285714285,0.9164862737363263,0.0,3.0,0.0,0,1078.11,0.0,0.0,False,True,False,False,False,False,True,False,False,False,False,False,False,False,False,False,False,False,False,False,False,False,False,False,False,False,False,False,False,False,False,False,False,True,False,False
India,4K Smart TV,2025-07-26,Electronics,3.0,1030.72,0.11,20.0,2.0,1.0,0.0,5,26,30,7,3,207,1,-0.9749279121818236,-0.2225209339563146,-0.4999999999999997,-0.8660254037844388,0.0,1,0.0,1,0.0,1,0.0,1,0.0,0.0,0.0,0.0,0.0,0.39285714285714285,0.9164862737363263,0.0,3.0,0.0,1,1078.11,-47.38999999999987,-0.04395655359842676,False,True,False,False,False,False,True,False,False,False,False,False,False,False,False,False,False,False,False,False,False,False,False,False,False,False,False,False,False,False,False,False,False,True,False,False
India,4K Smart TV,2025-07-27,Electronics,0.0,1030.72,,20.0,2.0,0.0,0.0,6,27,30,7,3,208,1,-0.7818314824680299,0.6234898018587334,-0.4999999999999997,-0.8660254037844388,3.0,1,0.0,1,0.0,1,2.0,1,0.42857142857142855,1.1338934190276868,0.0,3.0,0.21428571428571427,0.5,1.0363754503432048,0.0,3.0,0.8571428571428571,0,1030.72,0.0,0.0,False,True,False,False,False,False,True,False,False,False,False,False,False,False,False,False,False,False,False,False,False,False,False,False,False,False,False,False,False,False,False,False,False,True,False,False
India,4K Smart TV,2025-07-28,Electronics,0.0,1030.72,,20.0,2.0,0.0,0.0,0,28,31,7,3,209,0,0.0,1.0,-0.4999999999999997,-0.8660254037844388,0.0,1,0.0,1,0.0,1,0.0,1,0.42857142857142855,1.1338934190276868,0.0,3.0,0.21428571428571427,0.42857142857142855,0.9973509887241307,0.0,3.0,1.0,0,1030.72,0.0,0.0,False,True,False,False,False,False,True,False,False,False,False,False,False,False,False,False,False,False,False,False,False,False,False,False,False,False,False,False,False,False,False,False,False,True,False,False
India,4K Smart TV,2025-07-29,Electronics,0.0,1030.72,,20.0,2.0,0.0,0.0,1,29,31,7,3,210,0,0.7818314824680298,0.6234898018587336,-0.4999999999999997,-0.8660254037844388,0.0,1,0.0,1,0.0,1,0.0,1,0.42857142857142855,1.1338934190276868,0.0,3.0,0.21428571428571427,0.42857142857142855,0.9973509887241307,0.0,3.0,1.0,0,1030.72,0.0,0.0,False,True,False,False,False,False,True,False,False,False,False,False,False,False,False,False,False,False,False,False,False,False,False,False,False,False,False,False,False,False,False,False,False,True,False,False
India,4K Smart TV,2025-07-30,Electronics,0.0,1030.72,,20.0,2.0,0.0,0.0,2,30,31,7,3,211,0,0.9749279121818236,-0.22252093395631434,-0.4999999999999997,-0.8660254037844388,0.0,1,0.0,1,0.0,1,0.0,1,0.42857142857142855,1.1338934190276868,0.0,3.0,0.21428571428571427,0.42857142857142855,0.9973509887241307,0.0,3.0,1.0,0,1030.72,0.0,0.0,False,True,False,False,False,False,True,False,False,False,False,False,False,False,False,False,False,False,False,False,False,False,False,False,False,False,False,False,False,False,False,False,False,True,False,False
India,4K Smart TV,2025-07-31,Electronics,0.0,1030.72,,20.0,2.0,0.0,0.0,3,31,31,7,3,212,0,0.43388373911755823,-0.900968867902419,-0.4999999999999997,-0.8660254037844388,0.0,1,0.0,1,0.0,1,0.0,1,0.42857142857142855,1.1338934190276868,0.0,3.0,0.21428571428571427,0.42857142857142855,0.9973509887241307,0.0,3.0,1.0,0,1030.72,0.0,0.0,False,True,False,False,False,False,True,False,False,False,False,False,False,False,False,False,False,False,False,False,False,False,False,False,False,False,False,False,False,False,False,False,False,True,False,False
India,4K Smart TV,2025-08-01,Electronics,0.0,1030.72,,20.0,2.0,0.0,0.0,4,1,31,8,3,213,0,-0.433883739117558,-0.9009688679024191,-0.8660254037844385,-0.5000000000000004,0.0,1,0.0,1,0.0,1,0.0,1,0.42857142857142855,1.1338934190276868,0.0,3.0,0.21428571428571427,0.42857142857142855,0.9973509887241307,0.0,3.0,1.0,0,1030.72,0.0,0.0,False,True,False,False,False,False,True,False,False,False,False,False,False,False,False,False,False,False,False,False,False,False,False,False,False,False,False,False,False,False,False,False,False,True,False,False
India,4K Smart TV,2025-08-02,Electronics,0.0,1030.72,,20.0,2.0,0.0,0.0,5,2,31,8,3,214,1,-0.9749279121818236,-0.2225209339563146,-0.8660254037844385,-0.5000000000000004,0.0,1,3.0,1,0.0,1,1.0,1,0.42857142857142855,1.1338934190276868,0.0,3.0,0.21428571428571427,0.42857142857142855,0.9973509887241307,0.0,3.0,1.0,0,1030.72,0.0,0.0,False,True,False,False,False,False,True,False,False,False,False,False,False,False,False,False,False,False,False,False,False,False,False,False,False,False,False,False,False,False,False,False,False,True,False,False
India,4K Smart TV,2025-08-03,Electronics,0.0,1030.72,,20.0,2.0,0.0,0.0,6,3,31,8,3,215,1,-0.7818314824680299,0.6234898018587334,-0.8660254037844385,-0.5000000000000004,0.0,1,0.0,1,0.0,1,3.0,1,0.0,0.0,0.0,0.0,0.21428571428571427,0.39285714285714285,0.9940297973880081,0.0,3.0,0.0,0,1030.72,0.0,0.0,False,True,False,False,False,False,True,False,False,False,False,False,False,False,False,False,False,False,False,False,False,False,False,False,False,False,False,False,False,False,False,False,False,True,False,False
India,4K Smart TV,2025-08-04,Electronics,1.0,1401.88,0.13,20.0,2.0,1.0,0.0,0,4,32,8,3,216,0,0.0,1.0,-0.8660254037844385,-0.5000000000000004,0.0,1,0.0,1,0.0,1,0.0,1,0.0,0.0,0.0,0.0,0.21428571428571427,0.2857142857142857,0.8544932592822116,0.0,3.0,0.0,1,1030.72,371.1600000000001,0.36009779571561634,False,True,False,False,False,False,True,False,False,False,False,False,False,False,False,False,False,False,False,False,False,False,False,False,False,False,False,False,False,False,False,False,False,True,False,False
India,4K Smart TV,2025-08-05,Electronics,6.0,1419.35,0.02,20.0,2.0,1.0,0.0,1,5,32,8,3,217,0,0.7818314824680298,0.6234898018587336,-0.8660254037844385,-0.5000000000000004,1.0,1,0.0,1,0.0,1,3.0,1,0.14285714285714285,0.3779644730092434,0.0,1.0,0.2857142857142857,0.32142857142857145,0.8629652337777005,0.0,3.0,0.44444444444444436,1,1401.88,17.4699999999998,0.012461836961794018,False,True,False,False,False,False,True,False,False,False,False,False,False,False,False,False,False,False,False,False,False,False,False,False,False,False,False,False,False,False,False,False,False,True,False,False
India,4K Smart TV,2025-08-06,Electronics,3.0,294.62,0.1,20.0,2.0,1.0,0.0,2,6,32,8,3,218,0,0.9749279121818236,-0.22252093395631434,-0.8660254037844385,-0.5000000000000004,6.0,1,0.0,1,0.0,1,0.0,1,1.0,2.2360679774997925,0.0,6.0,0.7142857142857143,0.42857142857142855,1.288943622264243,0.0,6.0,2.3333333333333335,1,1419.35,-1124.73,-0.7924261105435587,False,True,False,False,False,False,True,False,False,False,False,False,False,False,False,False,False,False,False,False,False,False,False,False,False,False,False,False,False,False,False,False,False,True,False,False
India,4K Smart TV,2025-08-07,Electronics,2.0,1043.67,0.02,20.0,2.0,1.0,0.0,3,7,32,8,3,219,0,0.43388373911755823,-0.900968867902419,-0.8660254037844385,-0.5000000000000004,3.0,1,0.0,1,0.0,1,0.0,1,1.4285714285714286,2.2990681342044423,0.0,6.0,0.9285714285714286,0.5357142857142857,1.37388723611734,0.0,6.0,2.666666666666667,1,294.62,749.0500000000001,2.542427533772317,False,True,False,False,False,False,True,False,False,False,False,False,False,False,False,False,False,False,False,False,False,False,False,False,False,False,False,False,False,False,False,False,False,True,False,False
India,4K Smart TV,2025-08-08,Electronics,0.0,1043.67,,20.0,2.0,0.0,0.0,4,8,32,8,3,220,0,-0.433883739117558,-0.9009688679024191,-0.8660254037844385,-0.5000000000000004,2.0,1,0.0,1,0.0,1,2.0,1,1.7142857142857142,2.2146697055682854,0.0,6.0,1.0714285714285714,0.6071428571428571,1.3968028497458784,0.0,6.0,2.823529411764706,0,1043.67,0.0,0.0,False,True,False,False,False,False,True,False,False,False,False,False,False,False,False,False,False,False,False,False,False,False,False,False,False,False,False,False,False,False,False,False,False,True,False,False
India,4K Smart TV,2025-08-09,Electronics,3.0,1106.18,0.13,20.0,2.0,1.0,0.0,5,9,32,8,3,221,1,-0.9749279121818236,-0.2225209339563146,-0.8660254037844385,-0.5000000000000004,0.0,1,0.0,1,3.0,1,0.0,1,1.7142857142857142,2.2146697055682854,0.0,6.0,1.0714285714285714,0.5357142857142857,1.37388723611734,0.0,6.0,3.1999999999999997,1,1043.67,62.50999999999999,0.059894411068632795,False,True,False,False,False,False,True,False,False,False,False,False,False,False,False,False,False,False,False,False,False,False,False,False,False,False,False,False,False,False,False,False,False,True,False,False
India,4K Smart TV,2025-08-10,Electronics,3.0,864.7,0.13,20.0,2.0,1.0,0.0,6,10,32,8,3,222,1,-0.7818314824680299,0.6234898018587334,-0.8660254037844385,-0.5000000000000004,3.0,1,0.0,1,0.0,1,0.0,1,2.142857142857143,2.1157009420498176,0.0,6.0,1.0714285714285714,0.6428571428571429,1.44566493003984,0.0,6.0,3.333333333333333,1,1106.18,-241.48000000000002,-0.21830081903487678,False,True,False,False,False,False,True,False,False,False,False,False,False,False,False,False,False,False,False,False,False,False,False,False,False,False,False,False,False,False,False,False,False,True,False,False
India,4K Smart TV,2025-08-11,Electronics,0.0,864.7,,20.0,2.0,0.0,0.0,0,11,33,8,3,223,0,0.0,1.0,-0.8660254037844385,-0.5000000000000004,3.0,1,1.0,1,0.0,1,0.0,1,2.5714285714285716,1.9023794624226862,0.0,6.0,1.2857142857142858,0.75,1.506160190191775,0.0,6.0,3.428571428571429,0,864.7,0.0,0.0,False,True,False,False,False,False,True,False,False,False,False,False,False,False,False,False,False,False,False,False,False,False,False,False,False,False,False,False,False,False,False,False,False,True,False,False
India,4K Smart TV,2025-08-12,Electronics,0.0,864.7,,20.0,2.0,0.0,0.0,1,12,33,8,3,224,0,0.7818314824680298,0.6234898018587336,-0.8660254037844385,-0.5000000000000004,0.0,1,6.0,1,0.0,1,0.0,1,2.4285714285714284,2.0701966780270653,0.0,6.0,1.2857142857142858,0.75,1.506160190191775,0.0,6.0,3.2380952380952377,0,864.7,0.0,0.0,False,True,False,False,False,False,True,False,False,False,False,False,False,False,False,False,False,False,False,False,False,False,False,False,False,False,False,False,False,False,False,False,False,True,False,False
India,4K Smart TV,2025-08-13,Electronics,0.0,864.7,,20.0,2.0,0.0,0.0,2,13,33,8,3,225,0,0.9749279121818236,-0.22252093395631434,-0.8660254037844385,-0.5000000000000004,0.0,1,3.0,1,0.0,1,0.0,1,1.5714285714285714,1.5118578920369126,0.0,3.0,1.2857142857142858,0.75,1.506160190191775,0.0,6.0,2.0952380952380953,0,864.7,0.0,0.0,False,True,False,False,False,False,True,False,False,False,False,False,False,False,False,False,False,False,False,False,False,False,False,False,False,False,False,False,False,False,False,False,False,True,False,False
India,4K Smart TV,2025-08-14,Electronics,3.0,84.61,0.15,20.0,2.0,1.0,0.0,3,14,33,8,3,226,0,0.43388373911755823,-0.900968867902419,-0.8660254037844385,-0.5000000000000004,0.0,1,2.0,1,0.0,1,0.0,1,1.1428571428571428,1.4638501094228036,0.0,3.0,1.2857142857142858,0.75,1.506160190191775,0.0,6.0,1.5238095238095237,1,864.7,-780.09,-0.9021510350410546,False,True,False,False,False,False,True,False,False,False,False,False,False,False,False,False,False,False,False,False,False,False,False,False,False,False,False,False,False,False,False,False,False,True,False,False
India,4K Smart TV,2025-08-15,Electronics,0.0,84.61,,20.0,2.0,0.0,0.0,4,15,33,8,3,227,0,-0.433883739117558,-0.9009688679024191,-0.8660254037844385,-0.5000000000000004,3.0,1,0.0,1,0.0,1,0.0,1,1.2857142857142858,1.6035674514745497,0.0,3.0,1.5,0.8571428571428571,1.556688929516886,0.0,6.0,1.5000000000000002,0,84.61,0.0,0.0,False,True,False,False,False,False,True,False,False,False,False,False,False,False,False,False,False,False,False,False,False,False,False,False,False,False,False,False,False,False,False,False,False,True,False,False
India,4K Smart TV,2025-08-16,Electronics,0.0,84.61,,20.0,2.0,0.0,0.0,5,16,33,8,3,228,1,-0.9749279121818236,-0.2225209339563146,-0.8660254037844385,-0.5000000000000004,0.0,1,3.0,1,0.0,1,0.0,1,1.2857142857142858,1.6035674514745497,0.0,3.0,1.5,0.8571428571428571,1.556688929516886,0.0,6.0,1.5000000000000002,0,84.61,0.0,0.0,False,True,False,False,False,False,True,False,False,False,False,False,False,False,False,False,False,False,False,False,False,False,False,False,False,False,False,False,False,False,False,False,False,True,False,False
India,4K Smart TV,2025-08-17,Electronics,2.0,302.09,0.12,20.0,2.0,1.0,0.0,6,17,33,8,3,229,1,-0.7818314824680299,0.6234898018587334,-0.8660254037844385,-0.5000000000000004,0.0,1,3.0,1,0.0,1,0.0,1,0.8571428571428571,1.4638501094228036,0.0,3.0,1.5,0.8571428571428571,1.556688929516886,0.0,6.0,1.0,1,84.61,217.47999999999996,2.5703817515660083,False,True,False,False,False,False,True,False,False,False,False,False,False,False,False,False,False,False,False,False,False,False,False,False,False,False,False,False,False,False,False,False,False,True,False,False
India,4K Smart TV,2025-08-18,Electronics,0.0,302.09,,20.0,2.0,0.0,0.0,0,18,34,8,3,230,0,0.0,1.0,-0.8660254037844385,-0.5000000000000004,2.0,1,0.0,1,1.0,1,0.0,1,0.7142857142857143,1.253566341056022,0.0,3.0,1.6428571428571428,0.9285714285714286,1.561778934149595,0.0,6.0,0.7692307692307693,0,302.09,0.0,0.0,False,True,False,False,False,False,True,False,False,False,False,False,False,False,False,False,False,False,False,False,False,False,False,False,False,False,False,False,False,False,False,False,False,True,False,False
India,4K Smart TV,2025-08-19,Electronics,3.0,444.96,0.14,20.0,2.0,1.0,0.0,1,19,34,8,3,231,0,0.7818314824680298,0.6234898018587336,-0.8660254037844385,-0.5000000000000004,0.0,1,0.0,1,6.0,1,0.0,1,0.7142857142857143,1.253566341056022,0.0,3.0,1.5714285714285714,0.9285714285714286,1.561778934149595,0.0,6.0,0.7692307692307693,1,302.09,142.87,0.4729385282531696,False,True,False,False,False,False,True,False,False,False,False,False,False,False,False,False,False,False,False,False,False,False,False,False,False,False,False,False,False,False,False,False,False,True,False,False
India,4K Smart TV,2025-08-20,Electronics,0.0,444.96,,20.0,2.0,0.0,0.0,2,20,34,8,3,232,0,0.9749279121818236,-0.22252093395631434,-0.8660254037844385,-0.5000000000000004,3.0,1,0.0,1,3.0,1,0.0,1,1.1428571428571428,1.4638501094228036,0.0,3.0,1.3571428571428572,1.0357142857142858,1.5981967351464617,0.0,6.0,1.1034482758620687,0,444.96,0.0,0.0,False,True,False,False,False,False,True,False,False,False,False,False,False,False,False,False,False,False,False,False,False,False,False,False,False,False,False,False,False,False,False,False,False,True,False,False
India,4K Smart TV,2025-08-21,Electronics,0.0,444.96,,20.0,2.0,0.0,0.0,3,21,34,8,3,233,0,0.43388373911755823,-0.900968867902419,-0.8660254037844385,-0.5000000000000004,0.0,1,3.0,1,2.0,1,0.0,1,1.1428571428571428,1.4638501094228036,0.0,3.0,1.1428571428571428,1.0357142857142858,1.5981967351464617,0.0,6.0,1.1034482758620687,0,444.96,0.0,0.0,False,True,False,False,False,False,True,False,False,False,False,False,False,False,False,False,False,False,False,False,False,False,False,False,False,False,False,False,False,False,False,False,False,True,False,False
India,4K Smart TV,2025-08-22,Electronics,3.0,736.06,0.11,20.0,2.0,1.0,0.0,4,22,34,8,3,234,0,-0.433883739117558,-0.9009688679024191,-0.8660254037844385,-0.5000000000000004,0.0,1,0.0,1,0.0,1,0.0,1,0.7142857142857143,1.253566341056022,0.0,3.0,1.0,1.0357142857142858,1.5981967351464617,0.0,6.0,0.689655172413793,1,444.96,291.09999999999997,0.6542161093131966,False,True,False,False,False,False,True,False,False,False,False,False,False,False,False,False,False,False,False,False,False,False,False,False,False,False,False,False,False,False,False,False,False,True,False,False
India,4K Smart TV,2025-08-23,Electronics,2.0,146.69,0.13,20.0,2.0,1.0,0.0,5,23,34,8,3,235,1,-0.9749279121818236,-0.2225209339563146,-0.8660254037844385,-0.5000000000000004,3.0,1,0.0,1,3.0,1,3.0,1,1.1428571428571428,1.4638501094228036,0.0,3.0,1.2142857142857142,1.1428571428571428,1.62650012158089,0.0,6.0,1.0,1,736.06,-589.3699999999999,-0.8007091813167404,False,True,False,False,False,False,True,False,False,False,False,False,False,False,False,False,False,False,False,False,False,False,False,False,False,False,False,False,False,False,False,False,False,True,False,False
India,4K Smart TV,2025-08-24,Electronics,0.0,146.69,,20.0,2.0,0.0,0.0,6,24,34,8,3,236,1,-0.7818314824680299,0.6234898018587334,-0.8660254037844385,-0.5000000000000004,2.0,1,2.0,1,3.0,1,0.0,1,1.4285714285714286,1.3972762620115478,0.0,3.0,1.1428571428571428,1.1071428571428572,1.5948826896203991,0.0,6.0,1.2903225806451613,0,146.69,0.0,0.0,False,True,False,False,False,False,True,False,False,False,False,False,False,False,False,False,False,False,False,False,False,False,False,False,False,False,False,False,False,False,False,False,False,True,False,False
India,4K Smart TV,2025-08-25,Electronics,1.0,1222.07,0.13,20.0,2.0,1.0,0.0,0,25,35,8,3,237,0,0.0,1.0,-0.8660254037844385,-0.5000000000000004,0.0,1,0.0,1,0.0,1,0.0,1,1.1428571428571428,1.4638501094228036,0.0,3.0,0.9285714285714286,1.1071428571428572,1.5948826896203991,0.0,6.0,1.032258064516129,1,146.69,1075.3799999999999,7.33097007294294,False,True,False,False,False,False,True,False,False,False,False,False,False,False,False,False,False,False,False,False,False,False,False,False,False,False,False,False,False,False,False,False,False,True,False,False
India,4K Smart TV,2025-08-26,Electronics,0.0,1222.07,,20.0,2.0,0.0,0.0,1,26,35,8,3,238,0,0.7818314824680298,0.6234898018587336,-0.8660254037844385,-0.5000000000000004,1.0,1,3.0,1,0.0,1,0.0,1,1.2857142857142858,1.3801311186847125,0.0,3.0,1.0,1.1428571428571428,1.580302027257607,0.0,6.0,1.1250000000000002,0,1222.07,0.0,0.0,False,True,False,False,False,False,True,False,False,False,False,False,False,False,False,False,False,False,False,False,False,False,False,False,False,False,False,False,False,False,False,False,False,True,False,False
India,4K Smart TV,2025-08-27,Electronics,0.0,1222.07,,20.0,2.0,0.0,0.0,2,27,35,8,3,239,0,0.9749279121818236,-0.22252093395631434,-0.8660254037844385,-0.5000000000000004,0.0,1,0.0,1,0.0,1,0.0,1,0.8571428571428571,1.2149857925879164,0.0,3.0,1.0,1.1428571428571428,1.580302027257607,0.0,6.0,0.75,0,1222.07,0.0,0.0,False,True,False,False,False,False,True,False,False,False,False,False,False,False,False,False,False,False,False,False,False,False,False,False,False,False,False,False,False,False,False,False,False,True,False,False
India,4K Smart TV,2025-08-28,Electronics,0.0,1222.07,,20.0,2.0,0.0,0.0,3,28,35,8,3,240,0,0.43388373911755823,-0.900968867902419,-0.8660254037844385,-0.5000000000000004,0.0,1,0.0,1,3.0,1,0.0,1,0.8571428571428571,1.2149857925879164,0.0,3.0,1.0,1.1428571428571428,1.580302027257607,0.0,6.0,0.75,0,1222.07,0.0,0.0,False,True,False,False,False,False,True,False,False,False,False,False,False,False,False,False,False,False,False,False,False,False,False,False,False,False,False,False,False,False,False,False,False,True,False,False
India,4K Smart TV,2025-08-29,Electronics,6.0,575.615,0.14,20.0,2.0,1.0,0.0,4,29,35,8,3,241,0,-0.433883739117558,-0.9009688679024191,-0.8660254037844385,-0.5000000000000004,0.0,1,3.0,1,0.0,1,0.0,1,0.8571428571428571,1.2149857925879164,0.0,3.0,0.7857142857142857,1.1428571428571428,1.580302027257607,0.0,6.0,0.75,1,1222.07,-646.4549999999999,-0.528983609776854,False,True,False,False,False,False,True,False,False,False,False,False,False,False,False,False,False,False,False,False,False,False,False,False,False,False,False,False,False,False,False,False,False,True,False,False
India,4K Smart TV,2025-08-30,Electronics,0.0,575.615,,20.0,2.0,0.0,0.0,5,30,35,8,3,242,1,-0.9749279121818236,-0.2225209339563146,-0.8660254037844385,-0.5000000000000004,6.0,1,2.0,1,0.0,1,0.0,1,1.2857142857142858,2.2146697055682854,0.0,6.0,1.2142857142857142,1.3571428571428572,1.8097326529441524,0.0,6.0,0.9473684210526316,0,575.615,0.0,0.0,False,True,False,False,False,False,True,False,False,False,False,False,False,False,False,False,False,False,False,False,False,False,False,False,False,False,False,False,False,False,False,False,False,True,False,False
India,4K Smart TV,2025-08-31,Electronics,0.0,575.615,,20.0,2.0,0.0,0.0,6,31,35,8,3,243,1,-0.7818314824680299,0.6234898018587334,-0.8660254037844385,-0.5000000000000004,0.0,1,0.0,1,2.0,1,0.0,1,1.0,2.2360679774997925,0.0,6.0,1.2142857142857142,1.3571428571428572,1.8097326529441524,0.0,6.0,0.7368421052631579,0,575.615,0.0,0.0,False,True,False,False,False,False,True,False,False,False,False,False,False,False,False,False,False,False,False,False,False,False,False,False,False,False,False,False,False,False,False,False,False,True,False,False
India,4K Smart TV,2025-09-01,Electronics,0.0,575.615,,20.0,2.0,0.0,0.0,0,1,36,9,3,244,0,0.0,1.0,-1.0,-1.8369701987210297e-16,0.0,1,1.0,1,0.0,1,1.0,1,1.0,2.2360679774997925,0.0,6.0,1.0714285714285714,1.3571428571428572,1.8097326529441524,0.0,6.0,0.7368421052631579,0,575.615,0.0,0.0,False,True,False,False,False,False,True,False,False,False,False,False,False,False,False,False,False,False,False,False,False,False,False,False,False,False,False,False,False,False,False,False,False,True,False,False
India,4K Smart TV,2025-09-02,Electronics,0.0,575.615,,20.0,2.0,0.0,0.0,1,2,36,9,3,245,0,0.7818314824680298,0.6234898018587336,-1.0,-1.8369701987210297e-16,0.0,1,0.0,1,3.0,1,6.0,1,0.8571428571428571,2.2677868380553656,0.0,6.0,1.0714285714285714,1.3214285714285714,1.8268282862112664,0.0,6.0,0.6486486486486486,0,575.615,0.0,0.0,False,True,False,False,False,False,True,False,False,False,False,False,False,False,False,False,False,False,False,False,False,False,False,False,False,False,False,False,False,False,False,False,False,True,False,False
India,4K Smart TV,2025-09-03,Electronics,3.0,198.15,0.01,20.0,2.0,1.0,0.0,2,3,36,9,3,246,0,0.9749279121818236,-0.22252093395631434,-1.0,-1.8369701987210297e-16,0.0,1,0.0,1,0.0,1,3.0,1,0.8571428571428571,2.2677868380553656,0.0,6.0,0.8571428571428571,1.1071428571428572,1.5948826896203994,0.0,6.0,0.7741935483870966,1,575.615,-377.46500000000003,-0.655759492021577,False,True,False,False,False,False,True,False,False,False,False,False,False,False,False,False,False,False,False,False,False,False,False,False,False,False,False,False,False,False,False,False,False,True,False,False
India,4K Smart TV,2025-09-04,Electronics,0.0,198.15,,20.0,2.0,0.0,0.0,3,4,36,9,3,247,0,0.43388373911755823,-0.900968867902419,-1.0,-1.8369701987210297e-16,3.0,1,0.0,1,0.0,1,2.0,1,1.2857142857142858,2.360387377408332,0.0,6.0,1.0714285714285714,1.1071428571428572,1.5948826896203994,0.0,6.0,1.1612903225806452,0,198.15,0.0,0.0,False,True,False,False,False,False,True,False,False,False,False,False,False,False,False,False,False,False,False,False,False,False,False,False,False,False,False,False,False,False,False,False,False,True,False,False
India,4K Smart TV,2025-09-05,Electronics,0.0,198.15,,20.0,2.0,0.0,0.0,4,5,36,9,3,248,0,-0.433883739117558,-0.9009688679024191,-1.0,-1.8369701987210297e-16,0.0,1,6.0,1,3.0,1,0.0,1,1.2857142857142858,2.360387377408332,0.0,6.0,1.0714285714285714,1.0357142857142858,1.5981967351464619,0.0,6.0,1.2413793103448276,0,198.15,0.0,0.0,False,True,False,False,False,False,True,False,False,False,False,False,False,False,False,False,False,False,False,False,False,False,False,False,False,False,False,False,False,False,False,False,False,True,False,False
India,4K Smart TV,2025-09-06,Electronics,1.0,1207.79,0.01,20.0,2.0,1.0,0.0,5,6,36,9,3,249,1,-0.9749279121818236,-0.2225209339563146,-1.0,-1.8369701987210297e-16,0.0,1,0.0,1,2.0,1,3.0,1,0.42857142857142855,1.1338934190276868,0.0,3.0,0.8571428571428571,1.0357142857142858,1.5981967351464619,0.0,6.0,0.4137931034482758,1,198.15,1009.64,5.095331819328791,False,True,False,False,False,False,True,False,False,False,False,False,False,False,False,False,False,False,False,False,False,False,False,False,False,False,False,False,False,False,False,False,False,True,False,False
India,4K Smart TV,2025-09-07,Electronics,0.0,1207.79,,20.0,2.0,0.0,0.0,6,7,36,9,3,250,1,-0.7818314824680299,0.6234898018587334,-1.0,-1.8369701987210297e-16,1.0,1,0.0,1,0.0,1,3.0,1,0.5714285714285714,1.1338934190276868,0.0,3.0,0.7857142857142857,0.9642857142857143,1.5511559096637133,0.0,6.0,0.5925925925925926,0,1207.79,0.0,0.0,False,True,False,False,False,False,True,False,False,False,False,False,False,False,False,False,False,False,False,False,False,False,False,False,False,False,False,False,False,False,False,False,False,True,False,False
India,4K Smart TV,2025-09-08,Electronics,0.0,1207.79,,20.0,2.0,0.0,0.0,0,8,37,9,3,251,0,0.0,1.0,-1.0,-1.8369701987210297e-16,0.0,1,0.0,1,1.0,1,0.0,1,0.5714285714285714,1.1338934190276868,0.0,3.0,0.7857142857142857,0.8571428571428571,1.508354161041856,0.0,6.0,0.6666666666666666,0,1207.79,0.0,0.0,False,True,False,False,False,False,True,False,False,False,False,False,False,False,False,False,False,False,False,False,False,False,False,False,False,False,False,False,False,False,False,False,False,True,False,False
India,4K Smart TV,2025-09-09,Electronics,1.0,257.04,0.08,20.0,2.0,1.0,0.0,1,9,37,9,3,252,0,0.7818314824680298,0.6234898018587336,-1.0,-1.8369701987210297e-16,0.0,1,0.0,1,0.0,1,0.0,1,0.5714285714285714,1.1338934190276868,0.0,3.0,0.7142857142857143,0.8571428571428571,1.508354161041856,0.0,6.0,0.6666666666666666,1,1207.79,-950.75,-0.7871815464608914,False,True,False,False,False,False,True,False,False,False,False,False,False,False,False,False,False,False,False,False,False,False,False,False,False,False,False,False,False,False,False,False,False,True,False,False
India,4K Smart TV,2025-09-10,Electronics,3.0,492.16,0.02,20.0,2.0,1.0,0.0,2,10,37,9,3,253,0,0.9749279121818236,-0.22252093395631434,-1.0,-1.8369701987210297e-16,1.0,1,3.0,1,0.0,1,0.0,1,0.7142857142857143,1.1126972805283788,0.0,3.0,0.7857142857142857,0.8928571428571429,1.4991179064218074,0.0,6.0,0.7999999999999999,1,257.04,235.12,0.9147214441332088,False,True,False,False,False,False,True,False,False,False,False,False,False,False,False,False,False,False,False,False,False,False,False,False,False,False,False,False,False,False,False,False,False,True,False,False
India,4K Smart TV,2025-09-11,Electronics,0.0,492.16,,20.0,2.0,0.0,0.0,3,11,37,9,3,254,0,0.43388373911755823,-0.900968867902419,-1.0,-1.8369701987210297e-16,3.0,1,0.0,1,0.0,1,3.0,1,0.7142857142857143,1.1126972805283788,0.0,3.0,1.0,1.0,1.5396007178390037,0.0,6.0,0.7142857142857143,0,492.16,0.0,0.0,False,True,False,False,False,False,True,False,False,False,False,False,False,False,False,False,False,False,False,False,False,False,False,False,False,False,False,False,False,False,False,False,False,True,False,False
India,4K Smart TV,2025-09-12,Electronics,0.0,492.16,,20.0,2.0,0.0,0.0,4,12,37,9,3,255,0,-0.433883739117558,-0.9009688679024191,-1.0,-1.8369701987210297e-16,0.0,1,0.0,1,6.0,1,0.0,1,0.7142857142857143,1.1126972805283788,0.0,3.0,1.0,0.8928571428571429,1.4991179064218072,0.0,6.0,0.7999999999999999,0,492.16,0.0,0.0,False,True,False,False,False,False,True,False,False,False,False,False,False,False,False,False,False,False,False,False,False,False,False,False,False,False,False,False,False,False,False,False,False,True,False,False
India,4K Smart TV,2025-09-13,Electronics,3.0,948.16,0.05,20.0,2.0,1.0,0.0,5,13,37,9,3,256,1,-0.9749279121818236,-0.2225209339563146,-1.0,-1.8369701987210297e-16,0.0,1,1.0,1,0.0,1,0.0,1,0.7142857142857143,1.1126972805283788,0.0,3.0,0.5714285714285714,0.8928571428571429,1.4991179064218072,0.0,6.0,0.7999999999999999,1,492.16,455.99999999999994,0.9265279583875161,False,True,False,False,False,False,True,False,False,False,False,False,False,False,False,False,False,False,False,False,False,False,False,False,False,False,False,False,False,False,False,False,False,True,False,False
India,4K Smart TV,2025-09-14,Electronics,0.0,948.16,,20.0,2.0,0.0,0.0,6,14,37,9,3,257,1,-0.7818314824680299,0.6234898018587334,-1.0,-1.8369701987210297e-16,3.0,1,0.0,1,0.0,1,2.0,1,1.0,1.414213562373099,0.0,3.0,0.7857142857142857,1.0,1.5396007178390037,0.0,6.0,1.0,0,948.16,0.0,0.0,False,True,False,False,False,False,True,False,False,False,False,False,False,False,False,False,False,False,False,False,False,False,False,False,False,False,False,False,False,False,False,False,False,True,False,False
India,4K Smart TV,2025-09-15,Electronics,0.0,948.16,,20.0,2.0,0.0,0.0,0,15,38,9,3,258,0,0.0,1.0,-1.0,-1.8369701987210297e-16,0.0,1,0.0,1,0.0,1,0.0,1,1.0,1.414213562373099,0.0,3.0,0.7857142857142857,0.9285714285714286,1.537881453519539,0.0,6.0,1.0769230769230769,0,948.16,0.0,0.0,False,True,False,False,False,False,True,False,False,False,False,False,False,False,False,False,False,False,False,False,False,False,False,False,False,False,False,False,False,False,False,False,False,True,False,False
India,4K Smart TV,2025-09-16,Electronics,0.0,948.16,,20.0,2.0,0.0,0.0,1,16,38,9,3,259,0,0.7818314824680298,0.6234898018587336,-1.0,-1.8369701987210297e-16,0.0,1,1.0,1,0.0,1,3.0,1,1.0,1.414213562373099,0.0,3.0,0.7857142857142857,0.9285714285714286,1.537881453519539,0.0,6.0,1.0769230769230769,0,948.16,0.0,0.0,False,True,False,False,False,False,True,False,False,False,False,False,False,False,False,False,False,False,False,False,False,False,False,False,False,False,False,False,False,False,False,False,False,True,False,False
India,4K Smart TV,2025-09-17,Electronics,1.0,208.44,0.02,20.0,2.0,1.0,0.0,2,17,38,9,3,260,0,0.9749279121818236,-0.22252093395631434,-1.0,-1.8369701987210297e-16,0.0,1,3.0,1,3.0,1,0.0,1,0.8571428571428571,1.4638501094228036,0.0,3.0,0.7857142857142857,0.8214285714285714,1.492042384180316,0.0,6.0,1.0434782608695652,1,948.16,-739.72,-0.7801636854539319,False,True,False,False,False,False,True,False,False,False,False,False,False,False,False,False,False,False,False,False,False,False,False,False,False,False,False,False,False,False,False,False,False,True,False,False
India,4K Smart TV,2025-09-18,Electronics,0.0,208.44,,20.0,2.0,0.0,0.0,3,18,38,9,3,261,0,0.43388373911755823,-0.900968867902419,-1.0,-1.8369701987210297e-16,1.0,1,0.0,1,0.0,1,0.0,1,0.5714285714285714,1.1338934190276868,0.0,3.0,0.6428571428571429,0.8571428571428571,1.4835963740378333,0.0,6.0,0.6666666666666666,0,208.44,0.0,0.0,False,True,False,False,False,False,True,False,False,False,False,False,False,False,False,False,False,False,False,False,False,False,False,False,False,False,False,False,False,False,False,False,False,True,False,False
India,4K Smart TV,2025-09-19,Electronics,0.0,208.44,,20.0,2.0,0.0,0.0,4,19,38,9,3,262,0,-0.433883739117558,-0.9009688679024191,-1.0,-1.8369701987210297e-16,0.0,1,0.0,1,0.0,1,3.0,1,0.5714285714285714,1.1338934190276868,0.0,3.0,0.6428571428571429,0.8571428571428571,1.4835963740378333,0.0,6.0,0.6666666666666666,0,208.44,0.0,0.0,False,True,False,False,False,False,True,False,False,False,False,False,False,False,False,False,False,False,False,False,False,False,False,False,False,False,False,False,False,False,False,False,False,True,False,False
India,4K Smart TV,2025-09-20,Electronics,4.0,856.5350000000001,0.07,20.0,2.0,1.0,0.0,5,20,38,9,3,263,1,-0.9749279121818236,-0.2225209339563146,-1.0,-1.8369701987210297e-16,0.0,1,3.0,1,1.0,1,2.0,1,0.5714285714285714,1.1338934190276868,0.0,3.0,0.6428571428571429,0.75,1.4304881321759724,0.0,6.0,0.7619047619047619,1,208.44,648.095,3.109264056802917,False,True,False,False,False,False,True,False,False,False,False,False,False,False,False,False,False,False,False,False,False,False,False,False,False,False,False,False,False,False,False,False,False,True,False,False
India,4K Smart TV,2025-09-21,Electronics,0.0,856.5350000000001,,20.0,2.0,0.0,0.0,6,21,38,9,3,264,1,-0.7818314824680299,0.6234898018587334,-1.0,-1.8369701987210297e-16,4.0,1,0.0,1,0.0,1,0.0,1,0.7142857142857143,1.496026483086195,0.0,4.0,0.8571428571428571,0.8214285714285714,1.540888907202148,0.0,6.0,0.8695652173913044,0,856.5350000000001,0.0,0.0,False,True,False,False,False,False,True,False,False,False,False,False,False,False,False,False,False,False,False,False,False,False,False,False,False,False,False,False,False,False,False,False,False,True,False,False
India,4K Smart TV,2025-09-22,Electronics,1.0,282.11,0.07,20.0,2.0,1.0,0.0,0,22,39,9,3,265,0,0.0,1.0,-1.0,-1.8369701987210297e-16,0.0,1,0.0,1,0.0,1,1.0,1,0.7142857142857143,1.496026483086195,0.0,4.0,0.8571428571428571,0.8214285714285714,1.540888907202148,0.0,6.0,0.8695652173913044,1,856.5350000000001,-574.4250000000001,-0.6706380941817907,False,True,False,False,False,False,True,False,False,False,False,False,False,False,False,False,False,False,False,False,False,False,False,False,False,False,False,False,False,False,False,False,False,True,False,False
India,4K Smart TV,2025-09-23,Electronics,0.0,282.11,,20.0,2.0,0.0,0.0,1,23,39,9,3,266,0,0.7818314824680298,0.6234898018587336,-1.0,-1.8369701987210297e-16,1.0,1,0.0,1,1.0,1,0.0,1,0.8571428571428571,1.4638501094228036,0.0,4.0,0.9285714285714286,0.8214285714285714,1.540888907202148,0.0,6.0,1.0434782608695652,0,282.11,0.0,0.0,False,True,False,False,False,False,True,False,False,False,False,False,False,False,False,False,False,False,False,False,False,False,False,False,False,False,False,False,False,False,False,False,False,True,False,False
India,4K Smart TV,2025-09-24,Electronics,0.0,282.11,,20.0,2.0,0.0,0.0,2,24,39,9,3,267,0,0.9749279121818236,-0.22252093395631434,-1.0,-1.8369701987210297e-16,0.0,1,1.0,1,3.0,1,0.0,1,0.8571428571428571,1.4638501094228036,0.0,4.0,0.8571428571428571,0.8214285714285714,1.540888907202148,0.0,6.0,1.0434782608695652,0,282.11,0.0,0.0,False,True,False,False,False,False,True,False,False,False,False,False,False,False,False,False,False,False,False,False,False,False,False,False,False,False,False,False,False,False,False,False,False,True,False,False
India,4K Smart TV,2025-09-25,Electronics,1.0,1011.7,0.01,20.0,2.0,1.0,0.0,3,25,39,9,3,268,0,0.43388373911755823,-0.900968867902419,-1.0,-1.8369701987210297e-16,0.0,1,0.0,1,0.0,1,0.0,1,0.7142857142857143,1.496026483086195,0.0,4.0,0.6428571428571429,0.8214285714285714,1.540888907202148,0.0,6.0,0.8695652173913044,1,282.11,729.59,2.586189784126759,False,True,False,False,False,False,True,False,False,False,False,False,False,False,False,False,False,False,False,False,False,False,False,False,False,False,False,False,False,False,False,False,False,True,False,False
India,4K Smart TV,2025-09-26,Electronics,0.0,1011.7,,20.0,2.0,0.0,0.0,4,26,39,9,3,269,0,-0.433883739117558,-0.9009688679024191,-1.0,-1.8369701987210297e-16,1.0,1,0.0,1,0.0,1,6.0,1,0.8571428571428571,1.4638501094228036,0.0,4.0,0.7142857142857143,0.8571428571428571,1.5327120894696284,0.0,6.0,1.0,0,1011.7,0.0,0.0,False,True,False,False,False,False,True,False,False,False,False,False,False,False,False,False,False,False,False,False,False,False,False,False,False,False,False,False,False,False,False,False,False,True,False,False
India,4K Smart TV,2025-09-27,Electronics,0.0,1011.7,,20.0,2.0,0.0,0.0,5,27,39,9,3,270,1,-0.9749279121818236,-0.2225209339563146,-1.0,-1.8369701987210297e-16,0.0,1,4.0,1,3.0,1,0.0,1,0.8571428571428571,1.4638501094228036,0.0,4.0,0.7142857142857143,0.6428571428571429,1.1615534207286184,0.0,4.0,1.3333333333333333,0,1011.7,0.0,0.0,False,True,False,False,False,False,True,False,False,False,False,False,False,False,False,False,False,False,False,False,False,False,False,False,False,False,False,False,False,False,False,False,False,True,False,False
India,4K Smart TV,2025-09-28,Electronics,0.0,1011.7,,20.0,2.0,0.0,0.0,6,28,39,9,3,271,1,-0.7818314824680299,0.6234898018587334,-1.0,-1.8369701987210297e-16,0.0,1,0.0,1,0.0,1,0.0,1,0.2857142857142857,0.4879500364742786,0.0,1.0,0.5,0.6428571428571429,1.1615534207286184,0.0,4.0,0.44444444444444436,0,1011.7,0.0,0.0,False,True,False,False,False,False,True,False,False,False,False,False,False,False,False,False,False,False,False,False,False,False,False,False,False,False,False,False,False,False,False,False,False,True,False,False
India,4K Smart TV,2025-09-29,Electronics,0.0,1011.7,,20.0,2.0,0.0,0.0,0,29,40,9,3,272,0,0.0,1.0,-1.0,-1.8369701987210297e-16,0.0,1,1.0,1,0.0,1,0.0,1,0.2857142857142857,0.4879500364742786,0.0,1.0,0.5,0.6428571428571429,1.1615534207286184,0.0,4.0,0.44444444444444436,0,1011.7,0.0,0.0,False,True,False,False,False,False,True,False,False,False,False,False,False,False,False,False,False,False,False,False,False,False,False,False,False,False,False,False,False,False,False,False,False,True,False,False
India,4K Smart TV,2025-09-30,Electronics,0.0,1011.7,,20.0,2.0,0.0,0.0,1,30,40,9,3,273,0,0.7818314824680298,0.6234898018587336,-1.0,-1.8369701987210297e-16,0.0,1,0.0,1,0.0,1,0.0,1,0.14285714285714285,0.3779644730092429,0.0,1.0,0.5,0.6428571428571429,1.1615534207286184,0.0,4.0,0.22222222222222218,0,1011.7,0.0,0.0,False,True,False,False,False,False,True,False,False,False,False,False,False,False,False,False,False,False,False,False,False,False,False,False,False,False,False,False,False,False,False,False,False,True,False,False
India,4K Smart TV,2025-10-01,Electronics,0.0,1011.7,,20.0,2.0,0.0,0.0,2,1,40,10,4,274,0,0.9749279121818236,-0.22252093395631434,-0.8660254037844386,0.5000000000000001,0.0,1,0.0,1,1.0,1,3.0,1,0.14285714285714285,0.3779644730092429,0.0,1.0,0.5,0.6428571428571429,1.1615534207286184,0.0,4.0,0.22222222222222218,0,1011.7,0.0,0.0,False,True,False,False,False,False,True,False,False,False,False,False,False,False,False,False,False,False,False,False,False,False,False,False,False,False,False,False,False,False,False,False,False,True,False,False
India,4K Smart TV,2025-10-02,Electronics,0.0,1011.7,,20.0,2.0,0.0,0.0,3,2,40,10,4,275,0,0.43388373911755823,-0.900968867902419,-0.8660254037844386,0.5000000000000001,0.0,1,1.0,1,0.0,1,0.0,1,0.14285714285714285,0.3779644730092429,0.0,1.0,0.42857142857142855,0.5357142857142857,1.0708993401928133,0.0,4.0,0.26666666666666666,0,1011.7,0.0,0.0,False,True,False,False,False,False,True,False,False,False,False,False,False,False,False,False,False,False,False,False,False,False,False,False,False,False,False,False,False,False,False,False,False,True,False,False
India,4K Smart TV,2025-10-03,Electronics,2.0,653.74,0.12,20.0,2.0,1.0,0.0,4,3,40,10,4,276,0,-0.433883739117558,-0.9009688679024191,-0.8660254037844386,0.5000000000000001,0.0,1,0.0,1,0.0,1,0.0,1,0.0,0.0,0.0,0.0,0.42857142857142855,0.5357142857142857,1.0708993401928133,0.0,4.0,0.0,1,1011.7,-357.96000000000004,-0.35382030246120394,False,True,False,False,False,False,True,False,False,False,False,False,False,False,False,False,False,False,False,False,False,False,False,False,False,False,False,False,False,False,False,False,False,True,False,False
India,4K Smart TV,2025-10-04,Electronics,0.0,653.74,,20.0,2.0,0.0,0.0,5,4,40,10,4,277,1,-0.9749279121818236,-0.2225209339563146,-0.8660254037844386,0.5000000000000001,2.0,1,0.0,1,4.0,1,1.0,1,0.2857142857142857,0.7559289460184622,0.0,2.0,0.5714285714285714,0.6071428571428571,1.100144290680757,0.0,4.0,0.47058823529411764,0,653.74,0.0,0.0,False,True,False,False,False,False,True,False,False,False,False,False,False,False,False,False,False,False,False,False,False,False,False,False,False,False,False,False,False,False,False,False,False,True,False,False
India,4K Smart TV,2025-10-05,Electronics,0.0,653.74,,20.0,2.0,0.0,0.0,6,5,40,10,4,278,1,-0.7818314824680299,0.6234898018587334,-0.8660254037844386,0.5000000000000001,0.0,1,0.0,1,0.0,1,0.0,1,0.2857142857142857,0.7559289460184622,0.0,2.0,0.2857142857142857,0.5714285714285714,1.1031460542154983,0.0,4.0,0.5,0,653.74,0.0,0.0,False,True,False,False,False,False,True,False,False,False,False,False,False,False,False,False,False,False,False,False,False,False,False,False,False,False,False,False,False,False,False,False,False,True,False,False
India,4K Smart TV,2025-10-06,Electronics,2.0,50.02,0.1,20.0,2.0,1.0,0.0,0,6,41,10,4,279,0,0.0,1.0,-0.8660254037844386,0.5000000000000001,0.0,1,0.0,1,1.0,1,0.0,1,0.2857142857142857,0.7559289460184622,0.0,2.0,0.2857142857142857,0.5714285714285714,1.1031460542154983,0.0,4.0,0.5,1,653.74,-603.72,-0.9234864013216264,False,True,False,False,False,False,True,False,False,False,False,False,False,False,False,False,False,False,False,False,False,False,False,False,False,False,False,False,False,False,False,False,False,True,False,False
India,4K Smart TV,2025-10-07,Electronics,2.0,1313.18,0.14,20.0,2.0,1.0,0.0,1,7,41,10,4,280,0,0.7818314824680298,0.6234898018587336,-0.8660254037844386,0.5000000000000001,2.0,1,0.0,1,0.0,1,1.0,1,0.5714285714285714,0.9759000729485389,0.0,2.0,0.35714285714285715,0.6428571428571429,1.1292175499576158,0.0,4.0,0.8888888888888887,1,50.02,1263.16,25.253098760495803,False,True,False,False,False,False,True,False,False,False,False,False,False,False,False,False,False,False,False,False,False,False,False,False,False,False,False,False,False,False,False,False,False,True,False,False
India,4K Smart TV,2025-10-08,Electronics,0.0,1313.18,,20.0,2.0,0.0,0.0,2,8,41,10,4,281,0,0.9749279121818236,-0.22252093395631434,-0.8660254037844386,0.5000000000000001,2.0,1,0.0,1,0.0,1,3.0,1,0.8571428571428571,1.0690449676497027,0.0,2.0,0.5,0.6785714285714286,1.1564175661505633,0.0,4.0,1.263157894736842,0,1313.18,0.0,0.0,False,True,False,False,False,False,True,False,False,False,False,False,False,False,False,False,False,False,False,False,False,False,False,False,False,False,False,False,False,False,False,False,False,True,False,False
India,4K Smart TV,2025-10-09,Electronics,0.0,1313.18,,20.0,2.0,0.0,0.0,3,9,41,10,4,282,0,0.43388373911755823,-0.900968867902419,-0.8660254037844386,0.5000000000000001,0.0,1,0.0,1,1.0,1,0.0,1,0.8571428571428571,1.0690449676497027,0.0,2.0,0.5,0.5714285714285714,1.0690449676497,0.0,4.0,1.5,0,1313.18,0.0,0.0,False,True,False,False,False,False,True,False,False,False,False,False,False,False,False,False,False,False,False,False,False,False,False,False,False,False,False,False,False,False,False,False,False,True,False,False
India,4K Smart TV,2025-10-10,Electronics,0.0,1313.18,,20.0,2.0,0.0,0.0,4,10,41,10,4,283,0,-0.433883739117558,-0.9009688679024191,-0.8660254037844386,0.5000000000000001,0.0,1,2.0,1,0.0,1,0.0,1,0.8571428571428571,1.0690449676497027,0.0,2.0,0.42857142857142855,0.5714285714285714,1.0690449676497,0.0,4.0,1.5,0,1313.18,0.0,0.0,False,True,False,False,False,False,True,False,False,False,False,False,False,False,False,False,False,False,False,False,False,False,False,False,False,False,False,False,False,False,False,False,False,True,False,False
India,4K Smart TV,2025-10-11,Electronics,0.0,1313.18,,20.0,2.0,0.0,0.0,5,11,41,10,4,284,1,-0.9749279121818236,-0.2225209339563146,-0.8660254037844386,0.5000000000000001,0.0,1,0.0,1,0.0,1,3.0,1,0.5714285714285714,0.9759000729485389,0.0,2.0,0.42857142857142855,0.5714285714285714,1.0690449676497,0.0,4.0,1.0,0,1313.18,0.0,0.0,False,True,False,False,False,False,True,False,False,False,False,False,False,False,False,False,False,False,False,False,False,False,False,False,False,False,False,False,False,False,False,False,False,True,False,False
India,4K Smart TV,2025-10-12,Electronics,0.0,1313.18,,20.0,2.0,0.0,0.0,6,12,41,10,4,285,1,-0.7818314824680299,0.6234898018587334,-0.8660254037844386,0.5000000000000001,0.0,1,0.0,1,0.0,1,0.0,1,0.5714285714285714,0.9759000729485389,0.0,2.0,0.42857142857142855,0.4642857142857143,0.9615628812527969,0.0,4.0,1.2307692307692306,0,1313.18,0.0,0.0,False,True,False,False,False,False,True,False,False,False,False,False,False,False,False,False,False,False,False,False,False,False,False,False,False,False,False,False,False,False,False,False,False,True,False,False
India,4K Smart TV,2025-10-13,Electronics,0.0,1313.18,,20.0,2.0,0.0,0.0,0,13,42,10,4,286,0,0.0,1.0,-0.8660254037844386,0.5000000000000001,0.0,1,2.0,1,0.0,1,0.0,1,0.5714285714285714,0.9759000729485389,0.0,2.0,0.42857142857142855,0.4642857142857143,0.9615628812527969,0.0,4.0,1.2307692307692306,0,1313.18,0.0,0.0,False,True,False,False,False,False,True,False,False,False,False,False,False,False,False,False,False,False,False,False,False,False,False,False,False,False,False,False,False,False,False,False,False,True,False,False
India,4K Smart TV,2025-10-14,Electronics,0.0,1313.18,,20.0,2.0,0.0,0.0,1,14,42,10,4,287,0,0.7818314824680298,0.6234898018587336,-0.8660254037844386,0.5000000000000001,0.0,1,2.0,1,0.0,1,0.0,1,0.2857142857142857,0.755928946018462,0.0,2.0,0.42857142857142855,0.4642857142857143,0.9615628812527969,0.0,4.0,0.6153846153846153,0,1313.18,0.0,0.0,False,True,False,False,False,False,True,False,False,False,False,False,False,False,False,False,False,False,False,False,False,False,False,False,False,False,False,False,False,False,False,False,False,True,False,False
India,4K Smart TV,2025-10-15,Electronics,0.0,1313.18,,20.0,2.0,0.0,0.0,2,15,42,10,4,288,0,0.9749279121818236,-0.22252093395631434,-0.8660254037844386,0.5000000000000001,0.0,1,0.0,1,0.0,1,1.0,1,0.0,0.0,0.0,0.0,0.42857142857142855,0.4642857142857143,0.9615628812527969,0.0,4.0,0.0,0,1313.18,0.0,0.0,False,True,False,False,False,False,True,False,False,False,False,False,False,False,False,False,False,False,False,False,False,False,False,False,False,False,False,False,False,False,False,False,False,True,False,False
India,4K Smart TV,2025-10-16,Electronics,1.0,1453.44,0.11,20.0,2.0,1.0,0.0,3,16,42,10,4,289,0,0.43388373911755823,-0.900968867902419,-0.8660254037844386,0.5000000000000001,0.0,1,0.0,1,0.0,1,0.0,1,0.0,0.0,0.0,0.0,0.42857142857142855,0.42857142857142855,0.959497222838569,0.0,4.0,0.0,1,1313.18,140.26,0.10680942445057036,False,True,False,False,False,False,True,False,False,False,False,False,False,False,False,False,False,False,False,False,False,False,False,False,False,False,False,False,False,False,False,False,False,True,False,False
India,4K Smart TV,2025-10-17,Electronics,0.0,1453.44,,20.0,2.0,0.0,0.0,4,17,42,10,4,290,0,-0.433883739117558,-0.9009688679024191,-0.8660254037844386,0.5000000000000001,1.0,1,0.0,1,2.0,1,0.0,1,0.14285714285714285,0.3779644730092426,0.0,1.0,0.5,0.4642857142857143,0.9615628812527969,0.0,4.0,0.30769230769230765,0,1453.44,0.0,0.0,False,True,False,False,False,False,True,False,False,False,False,False,False,False,False,False,False,False,False,False,False,False,False,False,False,False,False,False,False,False,False,False,False,True,False,False
India,4K Smart TV,2025-10-18,Electronics,0.0,1453.44,,20.0,2.0,0.0,0.0,5,18,42,10,4,291,1,-0.9749279121818236,-0.2225209339563146,-0.8660254037844386,0.5000000000000001,0.0,1,0.0,1,0.0,1,4.0,1,0.14285714285714285,0.3779644730092426,0.0,1.0,0.35714285714285715,0.4642857142857143,0.9615628812527969,0.0,4.0,0.30769230769230765,0,1453.44,0.0,0.0,False,True,False,False,False,False,True,False,False,False,False,False,False,False,False,False,False,False,False,False,False,False,False,False,False,False,False,False,False,False,False,False,False,True,False,False
India,4K Smart TV,2025-10-19,Electronics,0.0,1453.44,,20.0,2.0,0.0,0.0,6,19,42,10,4,292,1,-0.7818314824680299,0.6234898018587334,-0.8660254037844386,0.5000000000000001,0.0,1,0.0,1,0.0,1,0.0,1,0.14285714285714285,0.3779644730092426,0.0,1.0,0.35714285714285715,0.32142857142857145,0.6696362433535871,0.0,2.0,0.44444444444444436,0,1453.44,0.0,0.0,False,True,False,False,False,False,True,False,False,False,False,False,False,False,False,False,False,False,False,False,False,False,False,False,False,False,False,False,False,False,False,False,False,True,False,False
India,4K Smart TV,2025-10-20,Electronics,6.0,1018.96,0.13,20.0,2.0,1.0,0.0,0,20,43,10,4,293,0,0.0,1.0,-0.8660254037844386,0.5000000000000001,0.0,1,0.0,1,2.0,1,1.0,1,0.14285714285714285,0.3779644730092426,0.0,1.0,0.35714285714285715,0.32142857142857145,0.6696362433535871,0.0,2.0,0.44444444444444436,1,1453.44,-434.48,-0.29893218846323205,False,True,False,False,False,False,True,False,False,False,False,False,False,False,False,False,False,False,False,False,False,False,False,False,False,False,False,False,False,False,False,False,False,True,False,False
India,4K Smart TV,2025-10-21,Electronics,0.0,1018.96,,20.0,2.0,0.0,0.0,1,21,43,10,4,294,0,0.7818314824680298,0.6234898018587336,-0.8660254037844386,0.5000000000000001,6.0,1,0.0,1,2.0,1,0.0,1,1.0,2.2360679774997925,0.0,6.0,0.6428571428571429,0.5,1.2619796324000632,0.0,6.0,2.0,0,1018.96,0.0,0.0,False,True,False,False,False,False,True,False,False,False,False,False,False,False,False,False,False,False,False,False,False,False,False,False,False,False,False,False,False,False,False,False,False,True,False,False
India,4K Smart TV,2025-10-22,Electronics,4.0,849.16,0.12,20.0,2.0,1.0,0.0,2,22,43,10,4,295,0,0.9749279121818236,-0.22252093395631434,-0.8660254037844386,0.5000000000000001,0.0,1,0.0,1,0.0,1,0.0,1,1.0,2.2360679774997925,0.0,6.0,0.5,0.5,1.2619796324000632,0.0,6.0,2.0,1,1018.96,-169.80000000000007,-0.16664049619219604,False,True,False,False,False,False,True,False,False,False,False,False,False,False,False,False,False,False,False,False,False,False,False,False,False,False,False,False,False,False,False,False,False,True,False,False
India,4K Smart TV,2025-10-23,Electronics,0.0,849.16,,20.0,2.0,0.0,0.0,3,23,43,10,4,296,0,0.43388373911755823,-0.900968867902419,-0.8660254037844386,0.5000000000000001,4.0,1,1.0,1,0.0,1,1.0,1,1.5714285714285714,2.439750182371335,0.0,6.0,0.7857142857142857,0.6428571428571429,1.41981443008339,0.0,6.0,2.444444444444444,0,849.16,0.0,0.0,False,True,False,False,False,False,True,False,False,False,False,False,False,False,False,False,False,False,False,False,False,False,False,False,False,False,False,False,False,False,False,False,False,True,False,False
India,4K Smart TV,2025-10-24,Electronics,3.0,1118.96,0.12,20.0,2.0,1.0,0.0,4,24,43,10,4,297,0,-0.433883739117558,-0.9009688679024191,-0.8660254037844386,0.5000000000000001,0.0,1,0.0,1,0.0,1,0.0,1,1.4285714285714286,2.507132682112037,0.0,6.0,0.7857142857142857,0.6071428571428571,1.4230714230607966,0.0,6.0,2.3529411764705883,1,849.16,269.80000000000007,0.31772575250836127,False,True,False,False,False,False,True,False,False,False,False,False,False,False,False,False,False,False,False,False,False,False,False,False,False,False,False,False,False,False,False,False,False,True,False,False
India,4K Smart TV,2025-10-25,Electronics,0.0,1118.96,,20.0,2.0,0.0,0.0,5,25,43,10,4,298,1,-0.9749279121818236,-0.2225209339563146,-0.8660254037844386,0.5000000000000001,3.0,1,0.0,1,0.0,1,0.0,1,1.8571428571428572,2.4784787961282126,0.0,6.0,1.0,0.7142857142857143,1.4871584352852982,0.0,6.0,2.6,0,1118.96,0.0,0.0,False,True,False,False,False,False,True,False,False,False,False,False,False,False,False,False,False,False,False,False,False,False,False,False,False,False,False,False,False,False,False,False,False,True,False,False
India,4K Smart TV,2025-10-26,Electronics,0.0,1118.96,,20.0,2.0,0.0,0.0,6,26,43,10,4,299,1,-0.7818314824680299,0.6234898018587334,-0.8660254037844386,0.5000000000000001,0.0,1,0.0,1,0.0,1,0.0,1,1.8571428571428572,2.4784787961282126,0.0,6.0,1.0,0.7142857142857143,1.4871584352852982,0.0,6.0,2.6,0,1118.96,0.0,0.0,False,True,False,False,False,False,True,False,False,False,False,False,False,False,False,False,False,False,False,False,False,False,False,False,False,False,False,False,False,False,False,False,False,True,False,False
India,4K Smart TV,2025-10-27,Electronics,0.0,1118.96,,20.0,2.0,0.0,0.0,0,27,44,10,4,300,0,0.0,1.0,-0.8660254037844386,0.5000000000000001,0.0,1,6.0,1,0.0,1,0.0,1,1.8571428571428572,2.4784787961282126,0.0,6.0,1.0,0.7142857142857143,1.4871584352852982,0.0,6.0,2.6,0,1118.96,0.0,0.0,False,True,False,False,False,False,True,False,False,False,False,False,False,False,False,False,False,False,False,False,False,False,False,False,False,False,False,False,False,False,False,False,False,True,False,False
India,4K Smart TV,2025-10-28,Electronics,0.0,1118.96,,20.0,2.0,0.0,0.0,1,28,44,10,4,301,0,0.7818314824680298,0.6234898018587336,-0.8660254037844386,0.5000000000000001,0.0,1,0.0,1,0.0,1,0.0,1,1.0,1.732050807568881,0.0,4.0,1.0,0.7142857142857143,1.4871584352852982,0.0,6.0,1.4,0,1118.96,0.0,0.0,False,True,False,False,False,False,True,False,False,False,False,False,False,False,False,False,False,False,False,False,False,False,False,False,False,False,False,False,False,False,False,False,False,True,False,False
India,4K Smart TV,2025-10-29,Electronics,0.0,1118.96,,20.0,2.0,0.0,0.0,2,29,44,10,4,302,0,0.9749279121818236,-0.22252093395631434,-0.8660254037844386,0.5000000000000001,0.0,1,4.0,1,0.0,1,0.0,1,1.0,1.732050807568881,0.0,4.0,1.0,0.7142857142857143,1.4871584352852982,0.0,6.0,1.4,0,1118.96,0.0,0.0,False,True,False,False,False,False,True,False,False,False,False,False,False,False,False,False,False,False,False,False,False,False,False,False,False,False,False,False,False,False,False,False,False,True,False,False
India,4K Smart TV,2025-10-30,Electronics,0.0,1118.96,,20.0,2.0,0.0,0.0,3,30,44,10,4,303,0,0.43388373911755823,-0.900968867902419,-0.8660254037844386,0.5000000000000001,0.0,1,0.0,1,1.0,1,0.0,1,0.42857142857142855,1.133893419027688,0.0,3.0,1.0,0.7142857142857143,1.4871584352852982,0.0,6.0,0.6,0,1118.96,0.0,0.0,False,True,False,False,False,False,True,False,False,False,False,False,False,False,False,False,False,False,False,False,False,False,False,False,False,False,False,False,False,False,False,False,False,True,False,False
India,4K Smart TV,2025-10-31,Electronics,0.0,1118.96,,20.0,2.0,0.0,0.0,4,31,44,10,4,304,0,-0.433883739117558,-0.9009688679024191,-0.8660254037844386,0.5000000000000001,0.0,1,3.0,1,0.0,1,2.0,1,0.42857142857142855,1.133893419027688,0.0,3.0,0.9285714285714286,0.7142857142857143,1.4871584352852982,0.0,6.0,0.6,0,1118.96,0.0,0.0,False,True,False,False,False,False,True,False,False,False,False,False,False,False,False,False,False,False,False,False,False,False,False,False,False,False,False,False,False,False,False,False,False,True,False,False
India,4K Smart TV,2025-11-01,Electronics,5.0,935.61,0.28,20.0,2.0,1.0,0.0,5,1,44,11,4,305,1,-0.9749279121818236,-0.2225209339563146,-0.5000000000000004,0.8660254037844384,0.0,1,0.0,1,0.0,1,0.0,1,0.0,0.0,0.0,0.0,0.9285714285714286,0.6428571428571429,1.4710612373457366,0.0,6.0,0.0,1,1118.96,-183.35000000000002,-0.16385751054550657,False,True,False,False,False,False,True,False,False,False,False,False,False,False,False,False,False,False,False,False,False,False,False,False,False,False,False,False,False,False,False,False,False,True,False,False
India,4K Smart TV,2025-11-02,Electronics,9.0,768.025,0.23,20.0,2.0,1.0,1.0,6,2,44,11,4,306,1,-0.7818314824680299,0.6234898018587334,-0.5000000000000004,0.8660254037844384,5.0,1,0.0,1,0.0,1,0.0,1,0.7142857142857143,1.8898223650461397,0.0,5.0,1.2857142857142858,0.8214285714285714,1.6789231872789994,0.0,6.0,0.8695652173913044,1,935.61,-167.58500000000004,-0.179118436100512,False,True,False,False,False,False,True,False,False,False,False,False,False,False,False,False,False,False,False,False,False,False,False,False,False,False,False,False,False,False,False,False,False,True,False,False
India,4K Smart TV,2025-11-03,Electronics,0.0,768.025,,20.0,2.0,0.0,0.0,0,3,45,11,4,307,0,0.0,1.0,-0.5000000000000004,0.8660254037844384,9.0,1,0.0,1,6.0,1,2.0,1,2.0,3.605551275463991,0.0,9.0,1.9285714285714286,1.1428571428571428,2.272448275323592,0.0,9.0,1.75,0,768.025,0.0,0.0,False,True,False,False,False,False,True,False,False,False,False,False,False,False,False,False,False,False,False,False,False,False,False,False,False,False,False,False,False,False,False,False,False,True,False,False
India,4K Smart TV,2025-11-04,Electronics,5.0,471.77,0.2,20.0,2.0,1.0,0.0,1,4,45,11,4,308,0,0.7818314824680298,0.6234898018587336,-0.5000000000000004,0.8660254037844384,0.0,1,0.0,1,0.0,1,2.0,1,2.0,3.605551275463991,0.0,9.0,1.5,1.0714285714285714,2.275938087886879,0.0,9.0,1.8666666666666667,1,768.025,-296.255,-0.3857361414016471,False,True,False,False,False,False,True,False,False,False,False,False,False,False,False,False,False,False,False,False,False,False,False,False,False,False,False,False,False,False,False,False,False,True,False,False
India,4K Smart TV,2025-11-05,Electronics,0.0,471.77,,20.0,2.0,0.0,0.0,2,5,45,11,4,309,0,0.9749279121818236,-0.22252093395631434,-0.5000000000000004,0.8660254037844384,5.0,1,0.0,1,4.0,1,0.0,1,2.7142857142857144,3.6384193323605856,0.0,9.0,1.8571428571428572,1.1785714285714286,2.389073451711345,0.0,9.0,2.303030303030303,0,471.77,0.0,0.0,False,True,False,False,False,False,True,False,False,False,False,False,False,False,False,False,False,False,False,False,False,False,False,False,False,False,False,False,False,False,False,False,False,True,False,False
India,4K Smart TV,2025-11-06,Electronics,10.0,1133.635,0.26,20.0,2.0,1.0,1.0,3,6,45,11,4,310,0,0.43388373911755823,-0.900968867902419,-0.5000000000000004,0.8660254037844384,0.0,1,0.0,1,0.0,1,0.0,1,2.7142857142857144,3.6384193323605856,0.0,9.0,1.5714285714285714,1.1785714285714286,2.389073451711345,0.0,9.0,2.303030303030303,1,471.77,661.865,1.4029399919452277,False,True,False,False,False,False,True,False,False,False,False,False,False,False,False,False,False,False,False,False,False,False,False,False,False,False,False,False,False,False,False,False,False,True,False,False
India,4K Smart TV,2025-11-07,Electronics,0.0,1133.635,,20.0,2.0,0.0,0.0,4,7,45,11,4,311,0,-0.433883739117558,-0.9009688679024191,-0.5000000000000004,0.8660254037844384,10.0,1,0.0,1,3.0,1,0.0,1,4.142857142857143,4.29839394148448,0.0,10.0,2.2857142857142856,1.5357142857142858,2.89932486211612,0.0,10.0,2.697674418604651,0,1133.635,0.0,0.0,False,True,False,False,False,False,True,False,False,False,False,False,False,False,False,False,False,False,False,False,False,False,False,False,False,False,False,False,False,False,False,False,False,True,False,False
India,4K Smart TV,2025-11-08,Electronics,0.0,1133.635,,20.0,2.0,0.0,0.0,5,8,45,11,4,312,1,-0.9749279121818236,-0.2225209339563146,-0.5000000000000004,0.8660254037844384,0.0,1,5.0,1,0.0,1,0.0,1,4.142857142857143,4.29839394148448,0.0,10.0,2.0714285714285716,1.5357142857142858,2.89932486211612,0.0,10.0,2.697674418604651,0,1133.635,0.0,0.0,False,True,False,False,False,False,True,False,False,False,False,False,False,False,False,False,False,False,False,False,False,False,False,False,False,False,False,False,False,False,False,False,False,True,False,False
India,4K Smart TV,2025-11-09,Electronics,8.0,1050.5749999999998,0.26,20.0,2.0,1.0,1.0,6,9,45,11,4,313,1,-0.7818314824680299,0.6234898018587334,-0.5000000000000004,0.8660254037844384,0.0,1,9.0,1,0.0,1,0.0,1,3.4285714285714284,4.540820148282425,0.0,10.0,2.0714285714285716,1.5357142857142858,2.89932486211612,0.0,10.0,2.2325581395348832,1,1133.635,-83.06000000000017,-0.07326873288139496,False,True,False,False,False,False,True,False,False,False,False,False,False,False,False,False,False,False,False,False,False,False,False,False,False,False,False,False,False,False,False,False,False,True,False,False
India,4K Smart TV,2025-11-10,Electronics,0.0,1050.5749999999998,,20.0,2.0,0.0,0.0,0,10,46,11,4,314,0,0.0,1.0,-0.5000000000000004,0.8660254037844384,8.0,1,0.0,1,0.0,1,0.0,1,3.2857142857142856,4.347960660443228,0.0,10.0,2.642857142857143,1.8214285714285714,3.1275783014572207,0.0,10.0,1.803921568627451,0,1050.5749999999998,0.0,0.0,False,True,False,False,False,False,True,False,False,False,False,False,False,False,False,False,False,False,False,False,False,False,False,False,False,False,False,False,False,False,False,False,False,True,False,False
India,4K Smart TV,2025-11-11,Electronics,5.0,879.3799999999999,0.28,20.0,2.0,1.0,0.0,1,11,46,11,4,315,0,0.7818314824680298,0.6234898018587336,-0.5000000000000004,0.8660254037844384,0.0,1,5.0,1,0.0,1,0.0,1,3.2857142857142856,4.347960660443228,0.0,10.0,2.642857142857143,1.8214285714285714,3.1275783014572207,0.0,10.0,1.803921568627451,1,1050.5749999999998,-171.19499999999994,-0.16295362063631819,False,True,False,False,False,False,True,False,False,False,False,False,False,False,False,False,False,False,False,False,False,False,False,False,False,False,False,False,False,False,False,False,False,True,False,False
India,4K Smart TV,2025-11-12,Electronics,0.0,879.3799999999999,,20.0,2.0,0.0,0.0,2,12,46,11,4,316,0,0.9749279121818236,-0.22252093395631434,-0.5000000000000004,0.8660254037844384,5.0,1,0.0,1,0.0,1,0.0,1,3.2857142857142856,4.347960660443228,0.0,10.0,3.0,2.0,3.1622776601683795,0.0,10.0,1.6428571428571428,0,879.3799999999999,0.0,0.0,False,True,False,False,False,False,True,False,False,False,False,False,False,False,False,False,False,False,False,False,False,False,False,False,False,False,False,False,False,False,False,False,False,True,False,False
India,4K Smart TV,2025-11-13,Electronics,0.0,879.3799999999999,,20.0,2.0,0.0,0.0,3,13,46,11,4,317,0,0.43388373911755823,-0.900968867902419,-0.5000000000000004,0.8660254037844384,0.0,1,10.0,1,0.0,1,1.0,1,3.2857142857142856,4.347960660443228,0.0,10.0,3.0,2.0,3.1622776601683795,0.0,10.0,1.6428571428571428,0,879.3799999999999,0.0,0.0,False,True,False,False,False,False,True,False,False,False,False,False,False,False,False,False,False,False,False,False,False,False,False,False,False,False,False,False,False,False,False,False,False,True,False,False
India,4K Smart TV,2025-11-14,Electronics,16.0,963.8960000000001,0.3,20.0,2.0,1.0,1.0,4,14,46,11,4,318,0,-0.433883739117558,-0.9009688679024191,-0.5000000000000004,0.8660254037844384,0.0,1,0.0,1,0.0,1,0.0,1,1.8571428571428572,3.2877840272018815,0.0,8.0,3.0,1.9642857142857142,3.179589338230388,0.0,10.0,0.9454545454545455,1,879.3799999999999,84.51600000000019,0.09610862198367054,False,True,False,False,False,False,True,False,False,False,False,False,False,False,False,False,False,False,False,False,False,False,False,False,False,False,False,False,False,False,False,False,False,True,False,False
India,4K Smart TV,2025-11-15,Electronics,4.0,1131.53,0.26,20.0,2.0,1.0,0.0,5,15,46,11,4,319,1,-0.9749279121818236,-0.2225209339563146,-0.5000000000000004,0.8660254037844384,16.0,1,0.0,1,5.0,1,0.0,1,4.142857142857143,6.12178000880385,0.0,16.0,4.142857142857143,2.5357142857142856,4.1139522572099905,0.0,16.0,1.6338028169014087,1,963.8960000000001,167.6339999999999,0.17391295326466744,False,True,False,False,False,False,True,False,False,False,False,False,False,False,False,False,False,False,False,False,False,False,False,False,False,False,False,False,False,False,False,False,False,True,False,False
India,4K Smart TV,2025-11-16,Electronics,3.0,911.4,0.22,20.0,2.0,1.0,0.0,6,16,46,11,4,320,1,-0.7818314824680299,0.6234898018587334,-0.5000000000000004,0.8660254037844384,4.0,1,8.0,1,9.0,1,0.0,1,4.714285714285714,5.851332774513447,0.0,16.0,4.071428571428571,2.6785714285714284,4.092029935705382,0.0,16.0,1.7600000000000002,1,1131.53,-220.13,-0.1945419034404744,False,True,False,False,False,False,True,False,False,False,False,False,False,False,False,False,False,False,False,False,False,False,False,False,False,False,False,False,False,False,False,False,False,True,False,False
India,4K Smart TV,2025-11-17,Electronics,3.0,1206.79,0.24,20.0,2.0,1.0,0.0,0,17,47,11,4,321,0,0.0,1.0,-0.5000000000000004,0.8660254037844384,3.0,1,0.0,1,0.0,1,6.0,1,4.0,5.686240703077327,0.0,16.0,3.642857142857143,2.7857142857142856,4.058435594031211,0.0,16.0,1.435897435897436,1,911.4,295.39,0.3241057713407944,False,True,False,False,False,False,True,False,False,False,False,False,False,False,False,False,False,False,False,False,False,False,False,False,False,False,False,False,False,False,False,False,False,True,False,False
India,4K Smart TV,2025-11-18,Electronics,0.0,1206.79,,20.0,2.0,0.0,0.0,1,18,47,11,4,322,0,0.7818314824680298,0.6234898018587336,-0.5000000000000004,0.8660254037844384,3.0,1,5.0,1,5.0,1,0.0,1,4.428571428571429,5.442338432975996,0.0,16.0,3.857142857142857,2.6785714285714284,4.009743424215859,0.0,16.0,1.6533333333333335,0,1206.79,0.0,0.0,False,True,False,False,False,False,True,False,False,False,False,False,False,False,False,False,False,False,False,False,False,False,False,False,False,False,False,False,False,False,False,False,False,True,False,False
India,4K Smart TV,2025-11-19,Electronics,2.0,1282.49,0.17,20.0,2.0,1.0,0.0,2,19,47,11,4,323,0,0.9749279121818236,-0.22252093395631434,-0.5000000000000004,0.8660254037844384,0.0,1,0.0,1,0.0,1,4.0,1,3.7142857142857144,5.677860093212515,0.0,16.0,3.5,2.6785714285714284,4.009743424215859,0.0,16.0,1.3866666666666667,1,1206.79,75.70000000000005,0.06272839516403024,False,True,False,False,False,False,True,False,False,False,False,False,False,False,False,False,False,False,False,False,False,False,False,False,False,False,False,False,False,False,False,False,False,True,False,False
India,4K Smart TV,2025-11-20,Electronics,0.0,1282.49,,20.0,2.0,0.0,0.0,3,20,47,11,4,324,0,0.43388373911755823,-0.900968867902419,-0.5000000000000004,0.8660254037844384,2.0,1,0.0,1,10.0,1,0.0,1,4.0,5.507570547286102,0.0,16.0,3.642857142857143,2.607142857142857,4.0031403017046845,0.0,16.0,1.5342465753424657,0,1282.49,0.0,0.0,False,True,False,False,False,False,True,False,False,False,False,False,False,False,False,False,False,False,False,False,False,False,False,False,False,False,False,False,False,False,False,False,False,True,False,False
India,4K Smart TV,2025-11-21,Electronics,3.0,1480.4,0.18,20.0,2.0,1.0,0.0,4,21,47,11,4,325,0,-0.433883739117558,-0.9009688679024191,-0.5000000000000004,0.8660254037844384,0.0,1,16.0,1,0.0,1,3.0,1,4.0,5.507570547286102,0.0,16.0,2.9285714285714284,2.607142857142857,4.0031403017046845,0.0,16.0,1.5342465753424657,1,1282.49,197.91000000000008,0.15431699272508953,False,True,False,False,False,False,True,False,False,False,False,False,False,False,False,False,False,False,False,False,False,False,False,False,False,False,False,False,False,False,False,False,False,True,False,False
India,4K Smart TV,2025-11-22,Electronics,7.0,363.375,0.23,20.0,2.0,1.0,0.0,5,22,47,11,4,326,1,-0.9749279121818236,-0.2225209339563146,-0.5000000000000004,0.8660254037844384,3.0,1,4.0,1,0.0,1,0.0,1,2.142857142857143,1.573591584938889,0.0,4.0,3.142857142857143,2.607142857142857,4.0031403017046845,0.0,16.0,0.821917808219178,1,1480.4,-1117.025,-0.7545426911645501,False,True,False,False,False,False,True,False,False,False,False,False,False,False,False,False,False,False,False,False,False,False,False,False,False,False,False,False,False,False,False,False,False,True,False,False
India,4K Smart TV,2025-11-23,Electronics,10.0,1028.5133333333333,0.26,20.0,2.0,1.0,1.0,6,23,47,11,4,327,1,-0.7818314824680299,0.6234898018587334,-0.5000000000000004,0.8660254037844384,7.0,1,3.0,1,8.0,1,0.0,1,2.5714285714285716,2.3704530408864097,0.0,7.0,3.642857142857143,2.857142857142857,4.052564672313129,0.0,16.0,0.9,1,363.375,665.1383333333333,1.830446049764935,False,True,False,False,False,False,True,False,False,False,False,False,False,False,False,False,False,False,False,False,False,False,False,False,False,False,False,False,False,False,False,False,False,True,False,False
India,4K Smart TV,2025-11-24,Electronics,8.0,427.375,0.25,20.0,2.0,1.0,1.0,0,24,48,11,4,328,0,0.0,1.0,-0.5000000000000004,0.8660254037844384,10.0,1,3.0,1,0.0,1,0.0,1,3.5714285714285716,3.690399384761441,0.0,10.0,3.7857142857142856,3.2142857142857144,4.228274692863139,0.0,16.0,1.1111111111111112,1,1028.5133333333333,-601.1383333333333,-0.5844730582005094,False,True,False,False,False,False,True,False,False,False,False,False,False,False,False,False,False,False,False,False,False,False,False,False,False,False,False,False,False,False,False,False,False,True,False,False
India,4K Smart TV,2025-11-25,Electronics,4.0,65.74,0.24,20.0,2.0,1.0,0.0,1,25,48,11,4,329,0,0.7818314824680298,0.6234898018587336,-0.5000000000000004,0.8660254037844384,8.0,1,0.0,1,5.0,1,0.0,1,4.285714285714286,4.029651999626672,0.0,10.0,4.357142857142857,3.5,4.273085449562091,0.0,16.0,1.2244897959183674,1,427.375,-361.635,-0.8461772448084235,False,True,False,False,False,False,True,False,False,False,False,False,False,False,False,False,False,False,False,False,False,False,False,False,False,False,False,False,False,False,False,False,False,True,False,False
