store_id,product_id,date,category,sales,price,Discount_Applied,safety_stock,lead_time_days,promotion,is_outlier,day_of_week,day_of_month,week_of_year,month,quarter,day_of_year,is_weekend,sin_day_of_week,cos_day_of_week,sin_month,cos_month,lag_1,has_lag_1,lag_7,has_lag_7,lag_14,has_lag_14,lag_28,has_lag_28,rolling_mean_7,rolling_std_7,rolling_min_7,rolling_max_7,rolling_mean_14,rolling_mean_28,rolling_std_28,rolling_min_28,rolling_max_28,trend_ratio,is_promotion,previous_price,price_change,price_change_pct,store_id_Germany,store_id_India,store_id_Pakistan,store_id_UAE,store_id_UK,store_id_USA,product_id_4K Smart TV,product_id_Air Fryer,product_id_Blender,product_id_Coffee Maker,product_id_Cotton T-Shirt,product_id_Cycling Helmet,product_id_Denim Jeans,product_id_Dumbbell Set,product_id_Face Wash,product_id_Football,product_id_Formal Shirt,product_id_Gaming Laptop,product_id_Hair Serum,product_id_Lipstick Set,product_id_Microwave Oven,product_id_Moisturizing Cream,product_id_Perfume,product_id_Running Shoes,product_id_Smartphone 128GB,product_id_Smartwatch,product_id_Tennis Racket,product_id_Vacuum Cleaner,product_id_Winter Jacket,product_id_Wireless Noise-Canceling Headphones,product_id_Yoga Mat,category_Apparel,category_Beauty,category_Electronics,category_Home & Kitchen,category_Sports
India,Smartphone 128GB,2025-05-23,Electronics,0.0,232.86,,20.0,2.0,0.0,0.0,4,23,21,5,2,143,0,-0.433883739117558,-0.9009688679024191,0.49999999999999994,-0.8660254037844387,5.0,1,3.0,1,0.0,1,0.0,1,1.1428571428571428,2.0354009783964253,0.0,5.0,0.8571428571428571,0.8571428571428571,1.4327979804948305,0.0,5.0,1.3333333333333333,0,232.86,0.0,0.0,False,True,False,False,False,False,False,False,False,False,False,False,False,False,False,False,False,False,False,False,False,False,False,False,True,False,False,False,False,False,False,False,False,True,False,False
India,Smartphone 128GB,2025-05-24,Electronics,0.0,232.86,,20.0,2.0,0.0,0.0,5,24,21,5,2,144,1,-0.9749279121818236,-0.2225209339563146,0.49999999999999994,-0.8660254037844387,0.0,1,0.0,1,0.0,1,1.0,1,0.7142857142857143,1.889822365046131,0.0,5.0,0.8571428571428571,0.8571428571428571,1.4327979804948305,0.0,5.0,0.8333333333333334,0,232.86,0.0,0.0,False,True,False,False,False,False,False,False,False,False,False,False,False,False,False,False,False,False,False,False,False,False,False,False,True,False,False,False,False,False,False,False,False,True,False,False
India,Smartphone 128GB,2025-05-25,Electronics,0.0,232.86,,20.0,2.0,0.0,0.0,6,25,21,5,2,145,1,-0.7818314824680299,0.6234898018587334,0.49999999999999994,-0.8660254037844387,0.0,1,0.0,1,0.0,1,0.0,1,0.7142857142857143,1.889822365046131,0.0,5.0,0.8571428571428571,0.8214285714285714,1.4415416497771891,0.0,5.0,0.8695652173913044,0,232.86,0.0,0.0,False,True,False,False,False,False,False,False,False,False,False,False,False,False,False,False,False,False,False,False,False,False,False,False,True,False,False,False,False,False,False,False,False,True,False,False
India,Smartphone 128GB,2025-05-26,Electronics,0.0,232.86,,20.0,2.0,0.0,0.0,0,26,22,5,2,146,0,0.0,1.0,0.49999999999999994,-0.8660254037844387,0.0,1,0.0,1,1.0,1,0.0,1,0.7142857142857143,1.889822365046131,0.0,5.0,0.8571428571428571,0.8214285714285714,1.4415416497771891,0.0,5.0,0.8695652173913044,0,232.86,0.0,0.0,False,True,False,False,False,False,False,False,False,False,False,False,False,False,False,False,False,False,False,False,False,False,False,False,True,False,False,False,False,False,False,False,False,True,False,False
India,Smartphone 128GB,2025-05-27,Electronics,1.0,367.82,0.08,20.0,2.0,1.0,0.0,1,27,22,5,2,147,0,0.7818314824680298,0.6234898018587336,0.49999999999999994,-0.8660254037844387,0.0,1,0.0,1,0.0,1,2.0,1,0.7142857142857143,1.889822365046131,0.0,5.0,0.7857142857142857,0.8214285714285714,1.4415416497771891,0.0,5.0,0.8695652173913044,1,232.86,134.95999999999998,0.5795757107274756,False,True,False,False,False,False,False,False,False,False,False,False,False,False,False,False,False,False,False,False,False,False,False,False,True,False,False,False,False,False,False,False,False,True,False,False
India,Smartphone 128GB,2025-05-28,Electronics,4.0,1223.7,0.13,20.0,2.0,1.0,0.0,2,28,22,5,2,148,0,0.9749279121818236,-0.22252093395631434,0.49999999999999994,-0.8660254037844387,1.0,1,0.0,1,0.0,1,0.0,1,0.8571428571428571,1.864454471471604,0.0,5.0,0.8571428571428571,0.7857142857142857,1.4235360994562234,0.0,5.0,1.0909090909090908,1,367.82,855.8800000000001,2.3268990266978418,False,True,False,False,False,False,False,False,False,False,False,False,False,False,False,False,False,False,False,False,False,False,False,False,True,False,False,False,False,False,False,False,False,True,False,False
India,Smartphone 128GB,2025-05-29,Electronics,1.0,655.25,0.15,20.0,2.0,1.0,0.0,3,29,22,5,2,149,0,0.43388373911755823,-0.900968867902419,0.49999999999999994,-0.8660254037844387,4.0,1,5.0,1,3.0,1,0.0,1,1.4285714285714286,2.149196970742236,0.0,5.0,1.1428571428571428,0.9285714285714286,1.537881453519541,0.0,5.0,1.5384615384615385,1,1223.7,-568.45,-0.46453379096183706,False,True,False,False,False,False,False,False,False,False,False,False,False,False,False,False,False,False,False,False,False,False,False,False,True,False,False,False,False,False,False,False,False,True,False,False
India,Smartphone 128GB,2025-05-30,Electronics,0.0,655.25,,20.0,2.0,0.0,0.0,4,30,22,5,2,150,0,-0.433883739117558,-0.9009688679024191,0.49999999999999994,-0.8660254037844387,1.0,1,0.0,1,3.0,1,3.0,1,0.8571428571428571,1.4638501094227934,0.0,4.0,1.0,0.9642857142857143,1.5270921982678693,0.0,5.0,0.8888888888888888,0,655.25,0.0,0.0,False,True,False,False,False,False,False,False,False,False,False,False,False,False,False,False,False,False,False,False,False,False,False,False,True,False,False,False,False,False,False,False,False,True,False,False
India,Smartphone 128GB,2025-05-31,Electronics,0.0,655.25,,20.0,2.0,0.0,0.0,5,31,22,5,2,151,1,-0.9749279121818236,-0.2225209339563146,0.49999999999999994,-0.8660254037844387,0.0,1,0.0,1,0.0,1,3.0,1,0.8571428571428571,1.4638501094227934,0.0,4.0,0.7857142857142857,0.8571428571428571,1.4835963740378355,0.0,5.0,1.0,0,655.25,0.0,0.0,False,True,False,False,False,False,False,False,False,False,False,False,False,False,False,False,False,False,False,False,False,False,False,False,True,False,False,False,False,False,False,False,False,True,False,False
India,Smartphone 128GB,2025-06-01,Electronics,0.0,655.25,,20.0,2.0,0.0,0.0,6,1,22,6,2,152,1,-0.7818314824680299,0.6234898018587334,1.2246467991473532e-16,-1.0,0.0,1,0.0,1,0.0,1,0.0,1,0.8571428571428571,1.4638501094227934,0.0,4.0,0.7857142857142857,0.75,1.4304881321759746,0.0,5.0,1.1428571428571428,0,655.25,0.0,0.0,False,True,False,False,False,False,False,False,False,False,False,False,False,False,False,False,False,False,False,False,False,False,False,False,True,False,False,False,False,False,False,False,False,True,False,False
India,Smartphone 128GB,2025-06-02,Electronics,3.0,1214.12,0.0,20.0,2.0,0.0,0.0,0,2,23,6,2,153,0,0.0,1.0,1.2246467991473532e-16,-1.0,0.0,1,0.0,1,0.0,1,0.0,1,0.8571428571428571,1.4638501094227934,0.0,4.0,0.7857142857142857,0.75,1.4304881321759746,0.0,5.0,1.1428571428571428,0,655.25,558.8699999999999,0.8529111026325829,False,True,False,False,False,False,False,False,False,False,False,False,False,False,False,False,False,False,False,False,False,False,False,False,True,False,False,False,False,False,False,False,False,True,False,False
India,Smartphone 128GB,2025-06-03,Electronics,0.0,1214.12,,20.0,2.0,0.0,0.0,1,3,23,6,2,154,0,0.7818314824680298,0.6234898018587336,1.2246467991473532e-16,-1.0,3.0,1,1.0,1,0.0,1,0.0,1,1.2857142857142858,1.603567451474541,0.0,4.0,1.0,0.8571428571428571,1.4835963740378355,0.0,5.0,1.5000000000000002,0,1214.12,0.0,0.0,False,True,False,False,False,False,False,False,False,False,False,False,False,False,False,False,False,False,False,False,False,False,False,False,True,False,False,False,False,False,False,False,False,True,False,False
India,Smartphone 128GB,2025-06-04,Electronics,3.0,1038.77,0.14,20.0,2.0,1.0,0.0,2,4,23,6,2,155,0,0.9749279121818236,-0.22252093395631434,1.2246467991473532e-16,-1.0,0.0,1,4.0,1,0.0,1,0.0,1,1.1428571428571428,1.6761634196950463,0.0,4.0,1.0,0.8571428571428571,1.4835963740378355,0.0,5.0,1.3333333333333333,1,1214.12,-175.3499999999999,-0.14442559219846468,False,True,False,False,False,False,False,False,False,False,False,False,False,False,False,False,False,False,False,False,False,False,False,False,True,False,False,False,False,False,False,False,False,True,False,False
India,Smartphone 128GB,2025-06-05,Electronics,0.0,1038.77,,20.0,2.0,0.0,0.0,3,5,23,6,2,156,0,0.43388373911755823,-0.900968867902419,1.2246467991473532e-16,-1.0,3.0,1,1.0,1,5.0,1,3.0,1,1.0,1.4142135623730887,0.0,3.0,1.2142857142857142,0.9642857142857143,1.5270921982678693,0.0,5.0,1.037037037037037,0,1038.77,0.0,0.0,False,True,False,False,False,False,False,False,False,False,False,False,False,False,False,False,False,False,False,False,False,False,False,False,True,False,False,False,False,False,False,False,False,True,False,False
India,Smartphone 128GB,2025-06-06,Electronics,0.0,1038.77,,20.0,2.0,0.0,0.0,4,6,23,6,2,157,0,-0.433883739117558,-0.9009688679024191,1.2246467991473532e-16,-1.0,0.0,1,0.0,1,0.0,1,0.0,1,0.8571428571428571,1.4638501094227936,0.0,3.0,0.8571428571428571,0.8571428571428571,1.4835963740378355,0.0,5.0,1.0,0,1038.77,0.0,0.0,False,True,False,False,False,False,False,False,False,False,False,False,False,False,False,False,False,False,False,False,False,False,False,False,True,False,False,False,False,False,False,False,False,True,False,False
India,Smartphone 128GB,2025-06-07,Electronics,0.0,1038.77,,20.0,2.0,0.0,0.0,5,7,23,6,2,158,1,-0.9749279121818236,-0.2225209339563146,1.2246467991473532e-16,-1.0,0.0,1,0.0,1,0.0,1,0.0,1,0.8571428571428571,1.4638501094227936,0.0,3.0,0.8571428571428571,0.8571428571428571,1.4835963740378355,0.0,5.0,1.0,0,1038.77,0.0,0.0,False,True,False,False,False,False,False,False,False,False,False,False,False,False,False,False,False,False,False,False,False,False,False,False,True,False,False,False,False,False,False,False,False,True,False,False
India,Smartphone 128GB,2025-06-08,Electronics,0.0,1038.77,,20.0,2.0,0.0,0.0,6,8,23,6,2,159,1,-0.7818314824680299,0.6234898018587334,1.2246467991473532e-16,-1.0,0.0,1,0.0,1,0.0,1,0.0,1,0.8571428571428571,1.4638501094227936,0.0,3.0,0.8571428571428571,0.8571428571428571,1.4835963740378355,0.0,5.0,1.0,0,1038.77,0.0,0.0,False,True,False,False,False,False,False,False,False,False,False,False,False,False,False,False,False,False,False,False,False,False,False,False,True,False,False,False,False,False,False,False,False,True,False,False
India,Smartphone 128GB,2025-06-09,Electronics,0.0,1038.77,,20.0,2.0,0.0,0.0,0,9,24,6,2,160,0,0.0,1.0,1.2246467991473532e-16,-1.0,0.0,1,3.0,1,0.0,1,1.0,1,0.8571428571428571,1.4638501094227936,0.0,3.0,0.8571428571428571,0.8571428571428571,1.4835963740378355,0.0,5.0,1.0,0,1038.77,0.0,0.0,False,True,False,False,False,False,False,False,False,False,False,False,False,False,False,False,False,False,False,False,False,False,False,False,True,False,False,False,False,False,False,False,False,True,False,False
India,Smartphone 128GB,2025-06-10,Electronics,3.0,814.78,0.14,20.0,2.0,1.0,0.0,1,10,24,6,2,161,0,0.7818314824680298,0.6234898018587336,1.2246467991473532e-16,-1.0,0.0,1,0.0,1,1.0,1,0.0,1,0.42857142857142855,1.1338934190276728,0.0,3.0,0.8571428571428571,0.8214285714285714,1.4920423841803183,0.0,5.0,0.5217391304347826,1,1038.77,-223.99,-0.2156300239706576,False,True,False,False,False,False,False,False,False,False,False,False,False,False,False,False,False,False,False,False,False,False,False,False,True,False,False,False,False,False,False,False,False,True,False,False
India,Smartphone 128GB,2025-06-11,Electronics,0.0,814.78,,20.0,2.0,0.0,0.0,2,11,24,6,2,162,0,0.9749279121818236,-0.22252093395631434,1.2246467991473532e-16,-1.0,3.0,1,3.0,1,4.0,1,0.0,1,0.8571428571428571,1.4638501094227936,0.0,3.0,1.0,0.9285714285714286,1.5378814535195415,0.0,5.0,0.923076923076923,0,814.78,0.0,0.0,False,True,False,False,False,False,False,False,False,False,False,False,False,False,False,False,False,False,False,False,False,False,False,False,True,False,False,False,False,False,False,False,False,True,False,False
India,Smartphone 128GB,2025-06-12,Electronics,3.0,1301.11,0.15,20.0,2.0,1.0,0.0,3,12,24,6,2,163,0,0.43388373911755823,-0.900968867902419,1.2246467991473532e-16,-1.0,0.0,1,0.0,1,1.0,1,3.0,1,0.42857142857142855,1.1338934190276728,0.0,3.0,0.7142857142857143,0.9285714285714286,1.5378814535195415,0.0,5.0,0.4615384615384615,1,814.78,486.3299999999999,0.5968850487248091,False,True,False,False,False,False,False,False,False,False,False,False,False,False,False,False,False,False,False,False,False,False,False,False,True,False,False,False,False,False,False,False,False,True,False,False
India,Smartphone 128GB,2025-06-13,Electronics,0.0,1301.11,,20.0,2.0,0.0,0.0,4,13,24,6,2,164,0,-0.433883739117558,-0.9009688679024191,1.2246467991473532e-16,-1.0,3.0,1,0.0,1,0.0,1,3.0,1,0.8571428571428571,1.4638501094227936,0.0,3.0,0.8571428571428571,0.9285714285714286,1.5378814535195415,0.0,5.0,0.923076923076923,0,1301.11,0.0,0.0,False,True,False,False,False,False,False,False,False,False,False,False,False,False,False,False,False,False,False,False,False,False,False,False,True,False,False,False,False,False,False,False,False,True,False,False
India,Smartphone 128GB,2025-06-14,Electronics,0.0,1301.11,,20.0,2.0,0.0,0.0,5,14,24,6,2,165,1,-0.9749279121818236,-0.2225209339563146,1.2246467991473532e-16,-1.0,0.0,1,0.0,1,0.0,1,0.0,1,0.8571428571428571,1.4638501094227936,0.0,3.0,0.8571428571428571,0.8214285714285714,1.4920423841803183,0.0,5.0,1.0434782608695652,0,1301.11,0.0,0.0,False,True,False,False,False,False,False,False,False,False,False,False,False,False,False,False,False,False,False,False,False,False,False,False,True,False,False,False,False,False,False,False,False,True,False,False
India,Smartphone 128GB,2025-06-15,Electronics,2.0,56.32,0.11,20.0,2.0,1.0,0.0,6,15,24,6,2,166,1,-0.7818314824680299,0.6234898018587334,1.2246467991473532e-16,-1.0,0.0,1,0.0,1,0.0,1,0.0,1,0.8571428571428571,1.4638501094227936,0.0,3.0,0.8571428571428571,0.8214285714285714,1.4920423841803183,0.0,5.0,1.0434782608695652,1,1301.11,-1244.79,-0.956713882761642,False,True,False,False,False,False,False,False,False,False,False,False,False,False,False,False,False,False,False,False,False,False,False,False,True,False,False,False,False,False,False,False,False,True,False,False
India,Smartphone 128GB,2025-06-16,Electronics,0.0,56.32,,20.0,2.0,0.0,0.0,0,16,25,6,2,167,0,0.0,1.0,1.2246467991473532e-16,-1.0,2.0,1,0.0,1,3.0,1,0.0,1,1.1428571428571428,1.463850109422794,0.0,3.0,1.0,0.8928571428571429,1.4991179064218096,0.0,5.0,1.2799999999999998,0,56.32,0.0,0.0,False,True,False,False,False,False,False,False,False,False,False,False,False,False,False,False,False,False,False,False,False,False,False,False,True,False,False,False,False,False,False,False,False,True,False,False
India,Smartphone 128GB,2025-06-17,Electronics,0.0,56.32,,20.0,2.0,0.0,0.0,1,17,25,6,2,168,0,0.7818314824680298,0.6234898018587336,1.2246467991473532e-16,-1.0,0.0,1,3.0,1,0.0,1,0.0,1,1.1428571428571428,1.463850109422794,0.0,3.0,0.7857142857142857,0.8928571428571429,1.4991179064218096,0.0,5.0,1.2799999999999998,0,56.32,0.0,0.0,False,True,False,False,False,False,False,False,False,False,False,False,False,False,False,False,False,False,False,False,False,False,False,False,True,False,False,False,False,False,False,False,False,True,False,False
India,Smartphone 128GB,2025-06-18,Electronics,0.0,56.32,,20.0,2.0,0.0,0.0,2,18,25,6,2,169,0,0.9749279121818236,-0.22252093395631434,1.2246467991473532e-16,-1.0,0.0,1,0.0,1,3.0,1,0.0,1,0.7142857142857143,1.2535663410560098,0.0,3.0,0.7857142857142857,0.8928571428571429,1.4991179064218096,0.0,5.0,0.7999999999999999,0,56.32,0.0,0.0,False,True,False,False,False,False,False,False,False,False,False,False,False,False,False,False,False,False,False,False,False,False,False,False,True,False,False,False,False,False,False,False,False,True,False,False
India,Smartphone 128GB,2025-06-19,Electronics,0.0,56.32,,20.0,2.0,0.0,0.0,3,19,25,6,2,170,0,0.43388373911755823,-0.900968867902419,1.2246467991473532e-16,-1.0,0.0,1,3.0,1,0.0,1,5.0,1,0.7142857142857143,1.2535663410560098,0.0,3.0,0.5714285714285714,0.8928571428571429,1.4991179064218096,0.0,5.0,0.7999999999999999,0,56.32,0.0,0.0,False,True,False,False,False,False,False,False,False,False,False,False,False,False,False,False,False,False,False,False,False,False,False,False,True,False,False,False,False,False,False,False,False,True,False,False
India,Smartphone 128GB,2025-06-20,Electronics,0.0,56.32,,20.0,2.0,0.0,0.0,4,20,25,6,2,171,0,-0.433883739117558,-0.9009688679024191,1.2246467991473532e-16,-1.0,0.0,1,0.0,1,0.0,1,0.0,1,0.2857142857142857,0.7559289460184407,0.0,2.0,0.5714285714285714,0.7142857142857143,1.2724180205607087,0.0,4.0,0.39999999999999997,0,56.32,0.0,0.0,False,True,False,False,False,False,False,False,False,False,False,False,False,False,False,False,False,False,False,False,False,False,False,False,True,False,False,False,False,False,False,False,False,True,False,False
India,Smartphone 128GB,2025-06-21,Electronics,0.0,56.32,,20.0,2.0,0.0,0.0,5,21,25,6,2,172,1,-0.9749279121818236,-0.2225209339563146,1.2246467991473532e-16,-1.0,0.0,1,0.0,1,0.0,1,0.0,1,0.2857142857142857,0.7559289460184407,0.0,2.0,0.5714285714285714,0.7142857142857143,1.2724180205607087,0.0,4.0,0.39999999999999997,0,56.32,0.0,0.0,False,True,False,False,False,False,False,False,False,False,False,False,False,False,False,False,False,False,False,False,False,False,False,False,True,False,False,False,False,False,False,False,False,True,False,False
India,Smartphone 128GB,2025-06-22,Electronics,1.0,316.67,0.04,20.0,2.0,1.0,0.0,6,22,25,6,2,173,1,-0.7818314824680299,0.6234898018587334,1.2246467991473532e-16,-1.0,0.0,1,2.0,1,0.0,1,0.0,1,0.2857142857142857,0.7559289460184407,0.0,2.0,0.5714285714285714,0.7142857142857143,1.2724180205607087,0.0,4.0,0.39999999999999997,1,56.32,260.35,4.622691761363637,False,True,False,False,False,False,False,False,False,False,False,False,False,False,False,False,False,False,False,False,False,False,False,False,True,False,False,False,False,False,False,False,False,True,False,False
India,Smartphone 128GB,2025-06-23,Electronics,2.0,170.63,0.13,20.0,2.0,1.0,0.0,0,23,26,6,2,174,0,0.0,1.0,1.2246467991473532e-16,-1.0,1.0,1,0.0,1,0.0,1,0.0,1,0.14285714285714285,0.3779644730091992,0.0,1.0,0.6428571428571429,0.75,1.265642861099396,0.0,4.0,0.19047619047619047,1,316.67,-146.04000000000002,-0.46117409290428524,False,True,False,False,False,False,False,False,False,False,False,False,False,False,False,False,False,False,False,False,False,False,False,False,True,False,False,False,False,False,False,False,False,True,False,False
India,Smartphone 128GB,2025-06-24,Electronics,0.0,170.63,,20.0,2.0,0.0,0.0,1,24,26,6,2,175,0,0.7818314824680298,0.6234898018587336,1.2246467991473532e-16,-1.0,2.0,1,0.0,1,3.0,1,1.0,1,0.42857142857142855,0.7867957924694304,0.0,2.0,0.7857142857142857,0.8214285714285714,1.2781227967601143,0.0,4.0,0.5217391304347826,0,170.63,0.0,0.0,False,True,False,False,False,False,False,False,False,False,False,False,False,False,False,False,False,False,False,False,False,False,False,False,True,False,False,False,False,False,False,False,False,True,False,False
India,Smartphone 128GB,2025-06-25,Electronics,0.0,170.63,,20.0,2.0,0.0,0.0,2,25,26,6,2,176,0,0.9749279121818236,-0.22252093395631434,1.2246467991473532e-16,-1.0,0.0,1,0.0,1,0.0,1,4.0,1,0.42857142857142855,0.7867957924694304,0.0,2.0,0.5714285714285714,0.7857142857142857,1.2868895275371033,0.0,4.0,0.5454545454545454,0,170.63,0.0,0.0,False,True,False,False,False,False,False,False,False,False,False,False,False,False,False,False,False,False,False,False,False,False,False,False,True,False,False,False,False,False,False,False,False,True,False,False
India,Smartphone 128GB,2025-06-26,Electronics,0.0,170.63,,20.0,2.0,0.0,0.0,3,26,26,6,2,177,0,0.43388373911755823,-0.900968867902419,1.2246467991473532e-16,-1.0,0.0,1,0.0,1,3.0,1,1.0,1,0.42857142857142855,0.7867957924694304,0.0,2.0,0.5714285714285714,0.6428571428571429,1.1292175499576194,0.0,3.0,0.6666666666666666,0,170.63,0.0,0.0,False,True,False,False,False,False,False,False,False,False,False,False,False,False,False,False,False,False,False,False,False,False,False,False,True,False,False,False,False,False,False,False,False,True,False,False
India,Smartphone 128GB,2025-06-27,Electronics,0.0,170.63,,20.0,2.0,0.0,0.0,4,27,26,6,2,178,0,-0.433883739117558,-0.9009688679024191,1.2246467991473532e-16,-1.0,0.0,1,0.0,1,0.0,1,0.0,1,0.42857142857142855,0.7867957924694304,0.0,2.0,0.35714285714285715,0.6071428571428571,1.1333099904225445,0.0,3.0,0.7058823529411765,0,170.63,0.0,0.0,False,True,False,False,False,False,False,False,False,False,False,False,False,False,False,False,False,False,False,False,False,False,False,False,True,False,False,False,False,False,False,False,False,True,False,False
India,Smartphone 128GB,2025-06-28,Electronics,0.0,170.63,,20.0,2.0,0.0,0.0,5,28,26,6,2,179,1,-0.9749279121818236,-0.2225209339563146,1.2246467991473532e-16,-1.0,0.0,1,0.0,1,0.0,1,0.0,1,0.42857142857142855,0.7867957924694304,0.0,2.0,0.35714285714285715,0.6071428571428571,1.1333099904225445,0.0,3.0,0.7058823529411765,0,170.63,0.0,0.0,False,True,False,False,False,False,False,False,False,False,False,False,False,False,False,False,False,False,False,False,False,False,False,False,True,False,False,False,False,False,False,False,False,True,False,False
India,Smartphone 128GB,2025-06-29,Electronics,0.0,170.63,,20.0,2.0,0.0,0.0,6,29,26,6,2,180,1,-0.7818314824680299,0.6234898018587334,1.2246467991473532e-16,-1.0,0.0,1,1.0,1,2.0,1,0.0,1,0.42857142857142855,0.7867957924694304,0.0,2.0,0.35714285714285715,0.6071428571428571,1.1333099904225445,0.0,3.0,0.7058823529411765,0,170.63,0.0,0.0,False,True,False,False,False,False,False,False,False,False,False,False,False,False,False,False,False,False,False,False,False,False,False,False,True,False,False,False,False,False,False,False,False,True,False,False
India,Smartphone 128GB,2025-06-30,Electronics,0.0,170.63,,20.0,2.0,0.0,0.0,0,30,27,6,2,181,0,0.0,1.0,1.2246467991473532e-16,-1.0,0.0,1,2.0,1,0.0,1,3.0,1,0.2857142857142857,0.7559289460184407,0.0,2.0,0.21428571428571427,0.6071428571428571,1.1333099904225445,0.0,3.0,0.47058823529411764,0,170.63,0.0,0.0,False,True,False,False,False,False,False,False,False,False,False,False,False,False,False,False,False,False,False,False,False,False,False,False,True,False,False,False,False,False,False,False,False,True,False,False
India,Smartphone 128GB,2025-07-01,Electronics,2.0,492.96,0.04,20.0,2.0,1.0,0.0,1,1,27,7,3,182,0,0.7818314824680298,0.6234898018587336,-0.4999999999999997,-0.8660254037844388,0.0,1,0.0,1,0.0,1,0.0,1,0.0,0.0,0.0,0.0,0.21428571428571427,0.5,1.0363754503432083,0.0,3.0,0.0,1,170.63,322.33,1.8890581960968176,False,True,False,False,False,False,False,False,False,False,False,False,False,False,False,False,False,False,False,False,False,False,False,False,True,False,False,False,False,False,False,False,False,True,False,False
India,Smartphone 128GB,2025-07-02,Electronics,4.0,1374.3649999999998,0.06,20.0,2.0,1.0,0.0,2,2,27,7,3,183,0,0.9749279121818236,-0.22252093395631434,-0.4999999999999997,-0.8660254037844388,2.0,1,0.0,1,0.0,1,3.0,1,0.2857142857142857,0.7559289460184407,0.0,2.0,0.35714285714285715,0.5714285714285714,1.0690449676497038,0.0,3.0,0.5,1,492.96,881.4049999999997,1.787984826355079,False,True,False,False,False,False,False,False,False,False,False,False,False,False,False,False,False,False,False,False,False,False,False,False,True,False,False,False,False,False,False,False,False,True,False,False
India,Smartphone 128GB,2025-07-03,Electronics,3.0,1485.48,0.12,20.0,2.0,1.0,0.0,3,3,27,7,3,184,0,0.43388373911755823,-0.900968867902419,-0.4999999999999997,-0.8660254037844388,4.0,1,0.0,1,0.0,1,0.0,1,0.8571428571428571,1.5735915849388802,0.0,4.0,0.6428571428571429,0.6071428571428571,1.1655323283657224,0.0,4.0,1.411764705882353,1,1374.3649999999998,111.11500000000024,0.08084824628100996,False,True,False,False,False,False,False,False,False,False,False,False,False,False,False,False,False,False,False,False,False,False,False,False,True,False,False,False,False,False,False,False,False,True,False,False
India,Smartphone 128GB,2025-07-04,Electronics,0.0,1485.48,,20.0,2.0,0.0,0.0,4,4,27,7,3,185,0,-0.433883739117558,-0.9009688679024191,-0.4999999999999997,-0.8660254037844388,3.0,1,0.0,1,0.0,1,0.0,1,1.2857142857142858,1.7043362064926884,0.0,4.0,0.8571428571428571,0.7142857142857143,1.2429696476477445,0.0,4.0,1.8,0,1485.48,0.0,0.0,False,True,False,False,False,False,False,False,False,False,False,False,False,False,False,False,False,False,False,False,False,False,False,False,True,False,False,False,False,False,False,False,False,True,False,False
India,Smartphone 128GB,2025-07-05,Electronics,0.0,1485.48,,20.0,2.0,0.0,0.0,5,5,27,7,3,186,1,-0.9749279121818236,-0.2225209339563146,-0.4999999999999997,-0.8660254037844388,0.0,1,0.0,1,0.0,1,0.0,1,1.2857142857142858,1.7043362064926884,0.0,4.0,0.8571428571428571,0.7142857142857143,1.2429696476477445,0.0,4.0,1.8,0,1485.48,0.0,0.0,False,True,False,False,False,False,False,False,False,False,False,False,False,False,False,False,False,False,False,False,False,False,False,False,True,False,False,False,False,False,False,False,False,True,False,False
India,Smartphone 128GB,2025-07-06,Electronics,0.0,1485.48,,20.0,2.0,0.0,0.0,6,6,27,7,3,187,1,-0.7818314824680299,0.6234898018587334,-0.4999999999999997,-0.8660254037844388,0.0,1,0.0,1,1.0,1,0.0,1,1.2857142857142858,1.7043362064926884,0.0,4.0,0.8571428571428571,0.7142857142857143,1.2429696476477445,0.0,4.0,1.8,0,1485.48,0.0,0.0,False,True,False,False,False,False,False,False,False,False,False,False,False,False,False,False,False,False,False,False,False,False,False,False,True,False,False,False,False,False,False,False,False,True,False,False
India,Smartphone 128GB,2025-07-07,Electronics,0.0,1485.48,,20.0,2.0,0.0,0.0,0,7,28,7,3,188,0,0.0,1.0,-0.4999999999999997,-0.8660254037844388,0.0,1,0.0,1,2.0,1,0.0,1,1.2857142857142858,1.7043362064926884,0.0,4.0,0.7857142857142857,0.7142857142857143,1.2429696476477445,0.0,4.0,1.8,0,1485.48,0.0,0.0,False,True,False,False,False,False,False,False,False,False,False,False,False,False,False,False,False,False,False,False,False,False,False,False,True,False,False,False,False,False,False,False,False,True,False,False
India,Smartphone 128GB,2025-07-08,Electronics,2.0,753.07,0.05,20.0,2.0,1.0,0.0,1,8,28,7,3,189,0,0.7818314824680298,0.6234898018587336,-0.4999999999999997,-0.8660254037844388,0.0,1,2.0,1,0.0,1,3.0,1,1.2857142857142858,1.7043362064926884,0.0,4.0,0.6428571428571429,0.7142857142857143,1.2429696476477445,0.0,4.0,1.8,1,1485.48,-732.41,-0.49304601879527155,False,True,False,False,False,False,False,False,False,False,False,False,False,False,False,False,False,False,False,False,False,False,False,False,True,False,False,False,False,False,False,False,False,True,False,False
India,Smartphone 128GB,2025-07-09,Electronics,0.0,753.07,,20.0,2.0,0.0,0.0,2,9,28,7,3,190,0,0.9749279121818236,-0.22252093395631434,-0.4999999999999997,-0.8660254037844388,2.0,1,4.0,1,0.0,1,0.0,1,1.2857142857142858,1.7043362064926884,0.0,4.0,0.7857142857142857,0.6785714285714286,1.188013325420079,0.0,4.0,1.8947368421052633,0,753.07,0.0,0.0,False,True,False,False,False,False,False,False,False,False,False,False,False,False,False,False,False,False,False,False,False,False,False,False,True,False,False,False,False,False,False,False,False,True,False,False
India,Smartphone 128GB,2025-07-10,Electronics,0.0,753.07,,20.0,2.0,0.0,0.0,3,10,28,7,3,191,0,0.43388373911755823,-0.900968867902419,-0.4999999999999997,-0.8660254037844388,0.0,1,3.0,1,0.0,1,3.0,1,0.7142857142857143,1.2535663410560096,0.0,3.0,0.7857142857142857,0.6785714285714286,1.188013325420079,0.0,4.0,1.0526315789473684,0,753.07,0.0,0.0,False,True,False,False,False,False,False,False,False,False,False,False,False,False,False,False,False,False,False,False,False,False,False,False,True,False,False,False,False,False,False,False,False,True,False,False
India,Smartphone 128GB,2025-07-11,Electronics,0.0,753.07,,20.0,2.0,0.0,0.0,4,11,28,7,3,192,0,-0.433883739117558,-0.9009688679024191,-0.4999999999999997,-0.8660254037844388,0.0,1,0.0,1,0.0,1,0.0,1,0.2857142857142857,0.7559289460184402,0.0,2.0,0.7857142857142857,0.5714285714285714,1.1031460542155018,0.0,4.0,0.5,0,753.07,0.0,0.0,False,True,False,False,False,False,False,False,False,False,False,False,False,False,False,False,False,False,False,False,False,False,False,False,True,False,False,False,False,False,False,False,False,True,False,False
India,Smartphone 128GB,2025-07-12,Electronics,0.0,753.07,,20.0,2.0,0.0,0.0,5,12,28,7,3,193,1,-0.9749279121818236,-0.2225209339563146,-0.4999999999999997,-0.8660254037844388,0.0,1,0.0,1,0.0,1,0.0,1,0.2857142857142857,0.7559289460184402,0.0,2.0,0.7857142857142857,0.5714285714285714,1.1031460542155018,0.0,4.0,0.5,0,753.07,0.0,0.0,False,True,False,False,False,False,False,False,False,False,False,False,False,False,False,False,False,False,False,False,False,False,False,False,True,False,False,False,False,False,False,False,False,True,False,False
India,Smartphone 128GB,2025-07-13,Electronics,0.0,753.07,,20.0,2.0,0.0,0.0,6,13,28,7,3,194,1,-0.7818314824680299,0.6234898018587334,-0.4999999999999997,-0.8660254037844388,0.0,1,0.0,1,0.0,1,2.0,1,0.2857142857142857,0.7559289460184402,0.0,2.0,0.7857142857142857,0.5714285714285714,1.1031460542155018,0.0,4.0,0.5,0,753.07,0.0,0.0,False,True,False,False,False,False,False,False,False,False,False,False,False,False,False,False,False,False,False,False,False,False,False,False,True,False,False,False,False,False,False,False,False,True,False,False
India,Smartphone 128GB,2025-07-14,Electronics,2.0,664.16,0.06,20.0,2.0,1.0,0.0,0,14,29,7,3,195,0,0.0,1.0,-0.4999999999999997,-0.8660254037844388,0.0,1,0.0,1,0.0,1,0.0,1,0.2857142857142857,0.7559289460184402,0.0,2.0,0.7857142857142857,0.5,1.071516751221446,0.0,4.0,0.5714285714285714,1,753.07,-88.91000000000008,-0.11806339384121008,False,True,False,False,False,False,False,False,False,False,False,False,False,False,False,False,False,False,False,False,False,False,False,False,True,False,False,False,False,False,False,False,False,True,False,False
India,Smartphone 128GB,2025-07-15,Electronics,0.0,664.16,,20.0,2.0,0.0,0.0,1,15,29,7,3,196,0,0.7818314824680298,0.6234898018587336,-0.4999999999999997,-0.8660254037844388,2.0,1,2.0,1,2.0,1,0.0,1,0.5714285714285714,0.9759000729485228,0.0,2.0,0.9285714285714286,0.5714285714285714,1.1031460542155018,0.0,4.0,1.0,0,664.16,0.0,0.0,False,True,False,False,False,False,False,False,False,False,False,False,False,False,False,False,False,False,False,False,False,False,False,False,True,False,False,False,False,False,False,False,False,True,False,False
India,Smartphone 128GB,2025-07-16,Electronics,0.0,664.16,,20.0,2.0,0.0,0.0,2,16,29,7,3,197,0,0.9749279121818236,-0.22252093395631434,-0.4999999999999997,-0.8660254037844388,0.0,1,0.0,1,4.0,1,0.0,1,0.2857142857142857,0.7559289460184402,0.0,2.0,0.7857142857142857,0.5714285714285714,1.1031460542155018,0.0,4.0,0.5,0,664.16,0.0,0.0,False,True,False,False,False,False,False,False,False,False,False,False,False,False,False,False,False,False,False,False,False,False,False,False,True,False,False,False,False,False,False,False,False,True,False,False
India,Smartphone 128GB,2025-07-17,Electronics,0.0,664.16,,20.0,2.0,0.0,0.0,3,17,29,7,3,198,0,0.43388373911755823,-0.900968867902419,-0.4999999999999997,-0.8660254037844388,0.0,1,0.0,1,3.0,1,0.0,1,0.2857142857142857,0.7559289460184402,0.0,2.0,0.5,0.5714285714285714,1.1031460542155018,0.0,4.0,0.5,0,664.16,0.0,0.0,False,True,False,False,False,False,False,False,False,False,False,False,False,False,False,False,False,False,False,False,False,False,False,False,True,False,False,False,False,False,False,False,False,True,False,False
India,Smartphone 128GB,2025-07-18,Electronics,0.0,664.16,,20.0,2.0,0.0,0.0,4,18,29,7,3,199,0,-0.433883739117558,-0.9009688679024191,-0.4999999999999997,-0.8660254037844388,0.0,1,0.0,1,0.0,1,0.0,1,0.2857142857142857,0.7559289460184402,0.0,2.0,0.2857142857142857,0.5714285714285714,1.1031460542155018,0.0,4.0,0.5,0,664.16,0.0,0.0,False,True,False,False,False,False,False,False,False,False,False,False,False,False,False,False,False,False,False,False,False,False,False,False,True,False,False,False,False,False,False,False,False,True,False,False
India,Smartphone 128GB,2025-07-19,Electronics,0.0,664.16,,20.0,2.0,0.0,0.0,5,19,29,7,3,200,1,-0.9749279121818236,-0.2225209339563146,-0.4999999999999997,-0.8660254037844388,0.0,1,0.0,1,0.0,1,0.0,1,0.2857142857142857,0.7559289460184402,0.0,2.0,0.2857142857142857,0.5714285714285714,1.1031460542155018,0.0,4.0,0.5,0,664.16,0.0,0.0,False,True,False,False,False,False,False,False,False,False,False,False,False,False,False,False,False,False,False,False,False,False,False,False,True,False,False,False,False,False,False,False,False,True,False,False
India,Smartphone 128GB,2025-07-20,Electronics,2.0,612.52,0.08,20.0,2.0,1.0,0.0,6,20,29,7,3,201,1,-0.7818314824680299,0.6234898018587334,-0.4999999999999997,-0.8660254037844388,0.0,1,0.0,1,0.0,1,1.0,1,0.2857142857142857,0.7559289460184402,0.0,2.0,0.2857142857142857,0.5714285714285714,1.1031460542155018,0.0,4.0,0.5,1,664.16,-51.639999999999986,-0.07775234883160682,False,True,False,False,False,False,False,False,False,False,False,False,False,False,False,False,False,False,False,False,False,False,False,False,True,False,False,False,False,False,False,False,False,True,False,False
India,Smartphone 128GB,2025-07-21,Electronics,3.0,574.2,0.0,20.0,2.0,0.0,0.0,0,21,30,7,3,202,0,0.0,1.0,-0.4999999999999997,-0.8660254037844388,2.0,1,2.0,1,0.0,1,2.0,1,0.5714285714285714,0.9759000729485228,0.0,2.0,0.42857142857142855,0.6071428571428571,1.1333099904225445,0.0,4.0,0.9411764705882353,0,612.52,-38.319999999999936,-0.06256122249069408,False,True,False,False,False,False,False,False,False,False,False,False,False,False,False,False,False,False,False,False,False,False,False,False,True,False,False,False,False,False,False,False,False,True,False,False
India,Smartphone 128GB,2025-07-22,Electronics,0.0,574.2,,20.0,2.0,0.0,0.0,1,22,30,7,3,203,0,0.7818314824680298,0.6234898018587336,-0.4999999999999997,-0.8660254037844388,3.0,1,0.0,1,2.0,1,0.0,1,0.7142857142857143,1.2535663410560096,0.0,3.0,0.6428571428571429,0.6428571428571429,1.193013169784993,0.0,4.0,1.1111111111111112,0,574.2,0.0,0.0,False,True,False,False,False,False,False,False,False,False,False,False,False,False,False,False,False,False,False,False,False,False,False,False,True,False,False,False,False,False,False,False,False,True,False,False
India,Smartphone 128GB,2025-07-23,Electronics,0.0,574.2,,20.0,2.0,0.0,0.0,2,23,30,7,3,204,0,0.9749279121818236,-0.22252093395631434,-0.4999999999999997,-0.8660254037844388,0.0,1,0.0,1,0.0,1,0.0,1,0.7142857142857143,1.2535663410560096,0.0,3.0,0.5,0.6428571428571429,1.193013169784993,0.0,4.0,1.1111111111111112,0,574.2,0.0,0.0,False,True,False,False,False,False,False,False,False,False,False,False,False,False,False,False,False,False,False,False,False,False,False,False,True,False,False,False,False,False,False,False,False,True,False,False
India,Smartphone 128GB,2025-07-24,Electronics,0.0,574.2,,20.0,2.0,0.0,0.0,3,24,30,7,3,205,0,0.43388373911755823,-0.900968867902419,-0.4999999999999997,-0.8660254037844388,0.0,1,0.0,1,0.0,1,0.0,1,0.7142857142857143,1.2535663410560096,0.0,3.0,0.5,0.6428571428571429,1.193013169784993,0.0,4.0,1.1111111111111112,0,574.2,0.0,0.0,False,True,False,False,False,False,False,False,False,False,False,False,False,False,False,False,False,False,False,False,False,False,False,False,True,False,False,False,False,False,False,False,False,True,False,False
India,Smartphone 128GB,2025-07-25,Electronics,0.0,574.2,,20.0,2.0,0.0,0.0,4,25,30,7,3,206,0,-0.433883739117558,-0.9009688679024191,-0.4999999999999997,-0.8660254037844388,0.0,1,0.0,1,0.0,1,0.0,1,0.7142857142857143,1.2535663410560096,0.0,3.0,0.5,0.6428571428571429,1.193013169784993,0.0,4.0,1.1111111111111112,0,574.2,0.0,0.0,False,True,False,False,False,False,False,False,False,False,False,False,False,False,False,False,False,False,False,False,False,False,False,False,True,False,False,False,False,False,False,False,False,True,False,False
India,Smartphone 128GB,2025-07-26,Electronics,0.0,574.2,,20.0,2.0,0.0,0.0,5,26,30,7,3,207,1,-0.9749279121818236,-0.2225209339563146,-0.4999999999999997,-0.8660254037844388,0.0,1,0.0,1,0.0,1,0.0,1,0.7142857142857143,1.2535663410560096,0.0,3.0,0.5,0.6428571428571429,1.193013169784993,0.0,4.0,1.1111111111111112,0,574.2,0.0,0.0,False,True,False,False,False,False,False,False,False,False,False,False,False,False,False,False,False,False,False,False,False,False,False,False,True,False,False,False,False,False,False,False,False,True,False,False
India,Smartphone 128GB,2025-07-27,Electronics,0.0,574.2,,20.0,2.0,0.0,0.0,6,27,30,7,3,208,1,-0.7818314824680299,0.6234898018587334,-0.4999999999999997,-0.8660254037844388,0.0,1,2.0,1,0.0,1,0.0,1,0.7142857142857143,1.2535663410560096,0.0,3.0,0.5,0.6428571428571429,1.193013169784993,0.0,4.0,1.1111111111111112,0,574.2,0.0,0.0,False,True,False,False,False,False,False,False,False,False,False,False,False,False,False,False,False,False,False,False,False,False,False,False,True,False,False,False,False,False,False,False,False,True,False,False
India,Smartphone 128GB,2025-07-28,Electronics,0.0,574.2,,20.0,2.0,0.0,0.0,0,28,31,7,3,209,0,0.0,1.0,-0.4999999999999997,-0.8660254037844388,0.0,1,3.0,1,2.0,1,0.0,1,0.42857142857142855,1.1338934190276726,0.0,3.0,0.5,0.6428571428571429,1.193013169784993,0.0,4.0,0.6666666666666666,0,574.2,0.0,0.0,False,True,False,False,False,False,False,False,False,False,False,False,False,False,False,False,False,False,False,False,False,False,False,False,True,False,False,False,False,False,False,False,False,True,False,False
India,Smartphone 128GB,2025-07-29,Electronics,0.0,574.2,,20.0,2.0,0.0,0.0,1,29,31,7,3,210,0,0.7818314824680298,0.6234898018587336,-0.4999999999999997,-0.8660254037844388,0.0,1,0.0,1,0.0,1,2.0,1,0.0,0.0,0.0,0.0,0.35714285714285715,0.6428571428571429,1.193013169784993,0.0,4.0,0.0,0,574.2,0.0,0.0,False,True,False,False,False,False,False,False,False,False,False,False,False,False,False,False,False,False,False,False,False,False,False,False,True,False,False,False,False,False,False,False,False,True,False,False
India,Smartphone 128GB,2025-07-30,Electronics,0.0,574.2,,20.0,2.0,0.0,0.0,2,30,31,7,3,211,0,0.9749279121818236,-0.22252093395631434,-0.4999999999999997,-0.8660254037844388,0.0,1,0.0,1,0.0,1,4.0,1,0.0,0.0,0.0,0.0,0.35714285714285715,0.5714285714285714,1.168366109179558,0.0,4.0,0.0,0,574.2,0.0,0.0,False,True,False,False,False,False,False,False,False,False,False,False,False,False,False,False,False,False,False,False,False,False,False,False,True,False,False,False,False,False,False,False,False,True,False,False
India,Smartphone 128GB,2025-07-31,Electronics,0.0,574.2,,20.0,2.0,0.0,0.0,3,31,31,7,3,212,0,0.43388373911755823,-0.900968867902419,-0.4999999999999997,-0.8660254037844388,0.0,1,0.0,1,0.0,1,3.0,1,0.0,0.0,0.0,0.0,0.35714285714285715,0.42857142857142855,0.9594972228385734,0.0,3.0,0.0,0,574.2,0.0,0.0,False,True,False,False,False,False,False,False,False,False,False,False,False,False,False,False,False,False,False,False,False,False,False,False,True,False,False,False,False,False,False,False,False,True,False,False
India,Smartphone 128GB,2025-08-01,Electronics,0.0,574.2,,20.0,2.0,0.0,0.0,4,1,31,8,3,213,0,-0.433883739117558,-0.9009688679024191,-0.8660254037844385,-0.5000000000000004,0.0,1,0.0,1,0.0,1,0.0,1,0.0,0.0,0.0,0.0,0.35714285714285715,0.32142857142857145,0.8189230248533347,0.0,3.0,0.0,0,574.2,0.0,0.0,False,True,False,False,False,False,False,False,False,False,False,False,False,False,False,False,False,False,False,False,False,False,False,False,True,False,False,False,False,False,False,False,False,True,False,False
India,Smartphone 128GB,2025-08-02,Electronics,0.0,574.2,,20.0,2.0,0.0,0.0,5,2,31,8,3,214,1,-0.9749279121818236,-0.2225209339563146,-0.8660254037844385,-0.5000000000000004,0.0,1,0.0,1,0.0,1,0.0,1,0.0,0.0,0.0,0.0,0.35714285714285715,0.32142857142857145,0.8189230248533347,0.0,3.0,0.0,0,574.2,0.0,0.0,False,True,False,False,False,False,False,False,False,False,False,False,False,False,False,False,False,False,False,False,False,False,False,False,True,False,False,False,False,False,False,False,False,True,False,False
India,Smartphone 128GB,2025-08-03,Electronics,0.0,574.2,,20.0,2.0,0.0,0.0,6,3,31,8,3,215,1,-0.7818314824680299,0.6234898018587334,-0.8660254037844385,-0.5000000000000004,0.0,1,0.0,1,2.0,1,0.0,1,0.0,0.0,0.0,0.0,0.35714285714285715,0.32142857142857145,0.8189230248533347,0.0,3.0,0.0,0,574.2,0.0,0.0,False,True,False,False,False,False,False,False,False,False,False,False,False,False,False,False,False,False,False,False,False,False,False,False,True,False,False,False,False,False,False,False,False,True,False,False
India,Smartphone 128GB,2025-08-04,Electronics,0.0,574.2,,20.0,2.0,0.0,0.0,0,4,32,8,3,216,0,0.0,1.0,-0.8660254037844385,-0.5000000000000004,0.0,1,0.0,1,3.0,1,0.0,1,0.0,0.0,0.0,0.0,0.21428571428571427,0.32142857142857145,0.8189230248533347,0.0,3.0,0.0,0,574.2,0.0,0.0,False,True,False,False,False,False,False,False,False,False,False,False,False,False,False,False,False,False,False,False,False,False,False,False,True,False,False,False,False,False,False,False,False,True,False,False
India,Smartphone 128GB,2025-08-05,Electronics,0.0,574.2,,20.0,2.0,0.0,0.0,1,5,32,8,3,217,0,0.7818314824680298,0.6234898018587336,-0.8660254037844385,-0.5000000000000004,0.0,1,0.0,1,0.0,1,2.0,1,0.0,0.0,0.0,0.0,0.0,0.32142857142857145,0.8189230248533347,0.0,3.0,0.0,0,574.2,0.0,0.0,False,True,False,False,False,False,False,False,False,False,False,False,False,False,False,False,False,False,False,False,False,False,False,False,True,False,False,False,False,False,False,False,False,True,False,False
India,Smartphone 128GB,2025-08-06,Electronics,0.0,574.2,,20.0,2.0,0.0,0.0,2,6,32,8,3,218,0,0.9749279121818236,-0.22252093395631434,-0.8660254037844385,-0.5000000000000004,0.0,1,0.0,1,0.0,1,0.0,1,0.0,0.0,0.0,0.0,0.0,0.25,0.7515416254704923,0.0,3.0,0.0,0,574.2,0.0,0.0,False,True,False,False,False,False,False,False,False,False,False,False,False,False,False,False,False,False,False,False,False,False,False,False,True,False,False,False,False,False,False,False,False,True,False,False
India,Smartphone 128GB,2025-08-07,Electronics,0.0,574.2,,20.0,2.0,0.0,0.0,3,7,32,8,3,219,0,0.43388373911755823,-0.900968867902419,-0.8660254037844385,-0.5000000000000004,0.0,1,0.0,1,0.0,1,0.0,1,0.0,0.0,0.0,0.0,0.0,0.25,0.7515416254704923,0.0,3.0,0.0,0,574.2,0.0,0.0,False,True,False,False,False,False,False,False,False,False,False,False,False,False,False,False,False,False,False,False,False,False,False,False,True,False,False,False,False,False,False,False,False,True,False,False
India,Smartphone 128GB,2025-08-08,Electronics,0.0,574.2,,20.0,2.0,0.0,0.0,4,8,32,8,3,220,0,-0.433883739117558,-0.9009688679024191,-0.8660254037844385,-0.5000000000000004,0.0,1,0.0,1,0.0,1,0.0,1,0.0,0.0,0.0,0.0,0.0,0.25,0.7515416254704923,0.0,3.0,0.0,0,574.2,0.0,0.0,False,True,False,False,False,False,False,False,False,False,False,False,False,False,False,False,False,False,False,False,False,False,False,False,True,False,False,False,False,False,False,False,False,True,False,False
India,Smartphone 128GB,2025-08-09,Electronics,0.0,574.2,,20.0,2.0,0.0,0.0,5,9,32,8,3,221,1,-0.9749279121818236,-0.2225209339563146,-0.8660254037844385,-0.5000000000000004,0.0,1,0.0,1,0.0,1,0.0,1,0.0,0.0,0.0,0.0,0.0,0.25,0.7515416254704923,0.0,3.0,0.0,0,574.2,0.0,0.0,False,True,False,False,False,False,False,False,False,False,False,False,False,False,False,False,False,False,False,False,False,False,False,False,True,False,False,False,False,False,False,False,False,True,False,False
India,Smartphone 128GB,2025-08-10,Electronics,0.0,574.2,,20.0,2.0,0.0,0.0,6,10,32,8,3,222,1,-0.7818314824680299,0.6234898018587334,-0.8660254037844385,-0.5000000000000004,0.0,1,0.0,1,0.0,1,0.0,1,0.0,0.0,0.0,0.0,0.0,0.25,0.7515416254704923,0.0,3.0,0.0,0,574.2,0.0,0.0,False,True,False,False,False,False,False,False,False,False,False,False,False,False,False,False,False,False,False,False,False,False,False,False,True,False,False,False,False,False,False,False,False,True,False,False
India,Smartphone 128GB,2025-08-11,Electronics,0.0,574.2,,20.0,2.0,0.0,0.0,0,11,33,8,3,223,0,0.0,1.0,-0.8660254037844385,-0.5000000000000004,0.0,1,0.0,1,0.0,1,2.0,1,0.0,0.0,0.0,0.0,0.0,0.25,0.7515416254704923,0.0,3.0,0.0,0,574.2,0.0,0.0,False,True,False,False,False,False,False,False,False,False,False,False,False,False,False,False,False,False,False,False,False,False,False,False,True,False,False,False,False,False,False,False,False,True,False,False
India,Smartphone 128GB,2025-08-12,Electronics,0.0,574.2,,20.0,2.0,0.0,0.0,1,12,33,8,3,224,0,0.7818314824680298,0.6234898018587336,-0.8660254037844385,-0.5000000000000004,0.0,1,0.0,1,0.0,1,0.0,1,0.0,0.0,0.0,0.0,0.0,0.17857142857142858,0.6696362433535938,0.0,3.0,0.0,0,574.2,0.0,0.0,False,True,False,False,False,False,False,False,False,False,False,False,False,False,False,False,False,False,False,False,False,False,False,False,True,False,False,False,False,False,False,False,False,True,False,False
India,Smartphone 128GB,2025-08-13,Electronics,0.0,574.2,,20.0,2.0,0.0,0.0,2,13,33,8,3,225,0,0.9749279121818236,-0.22252093395631434,-0.8660254037844385,-0.5000000000000004,0.0,1,0.0,1,0.0,1,0.0,1,0.0,0.0,0.0,0.0,0.0,0.17857142857142858,0.6696362433535938,0.0,3.0,0.0,0,574.2,0.0,0.0,False,True,False,False,False,False,False,False,False,False,False,False,False,False,False,False,False,False,False,False,False,False,False,False,True,False,False,False,False,False,False,False,False,True,False,False
India,Smartphone 128GB,2025-08-14,Electronics,0.0,574.2,,20.0,2.0,0.0,0.0,3,14,33,8,3,226,0,0.43388373911755823,-0.900968867902419,-0.8660254037844385,-0.5000000000000004,0.0,1,0.0,1,0.0,1,0.0,1,0.0,0.0,0.0,0.0,0.0,0.17857142857142858,0.6696362433535938,0.0,3.0,0.0,0,574.2,0.0,0.0,False,True,False,False,False,False,False,False,False,False,False,False,False,False,False,False,False,False,False,False,False,False,False,False,True,False,False,False,False,False,False,False,False,True,False,False
India,Smartphone 128GB,2025-08-15,Electronics,6.0,953.845,0.13,20.0,2.0,1.0,0.0,4,15,33,8,3,227,0,-0.433883739117558,-0.9009688679024191,-0.8660254037844385,-0.5000000000000004,0.0,1,0.0,1,0.0,1,0.0,1,0.0,0.0,0.0,0.0,0.0,0.17857142857142858,0.6696362433535938,0.0,3.0,0.0,1,574.2,379.645,0.6611720654824103,False,True,False,False,False,False,False,False,False,False,False,False,False,False,False,False,False,False,False,False,False,False,False,False,True,False,False,False,False,False,False,False,False,True,False,False
India,Smartphone 128GB,2025-08-16,Electronics,0.0,953.845,,20.0,2.0,0.0,0.0,5,16,33,8,3,228,1,-0.9749279121818236,-0.2225209339563146,-0.8660254037844385,-0.5000000000000004,6.0,1,0.0,1,0.0,1,0.0,1,0.8571428571428571,2.267786838055359,0.0,6.0,0.42857142857142855,0.39285714285714285,1.2863754913562055,0.0,6.0,2.1818181818181817,0,953.845,0.0,0.0,False,True,False,False,False,False,False,False,False,False,False,False,False,False,False,False,False,False,False,False,False,False,False,False,True,False,False,False,False,False,False,False,False,True,False,False
India,Smartphone 128GB,2025-08-17,Electronics,2.0,1302.21,0.12,20.0,2.0,1.0,0.0,6,17,33,8,3,229,1,-0.7818314824680299,0.6234898018587334,-0.8660254037844385,-0.5000000000000004,0.0,1,0.0,1,0.0,1,2.0,1,0.8571428571428571,2.267786838055359,0.0,6.0,0.42857142857142855,0.39285714285714285,1.2863754913562055,0.0,6.0,2.1818181818181817,1,953.845,348.365,0.3652218127683219,False,True,False,False,False,False,False,False,False,False,False,False,False,False,False,False,False,False,False,False,False,False,False,False,True,False,False,False,False,False,False,False,False,True,False,False
India,Smartphone 128GB,2025-08-18,Electronics,0.0,1302.21,,20.0,2.0,0.0,0.0,0,18,34,8,3,230,0,0.0,1.0,-0.8660254037844385,-0.5000000000000004,2.0,1,0.0,1,0.0,1,3.0,1,1.1428571428571428,2.2677868380553594,0.0,6.0,0.5714285714285714,0.39285714285714285,1.2863754913562055,0.0,6.0,2.909090909090909,0,1302.21,0.0,0.0,False,True,False,False,False,False,False,False,False,False,False,False,False,False,False,False,False,False,False,False,False,False,False,False,True,False,False,False,False,False,False,False,False,True,False,False
India,Smartphone 128GB,2025-08-19,Electronics,3.0,1472.19,0.1,20.0,2.0,1.0,0.0,1,19,34,8,3,231,0,0.7818314824680298,0.6234898018587336,-0.8660254037844385,-0.5000000000000004,0.0,1,0.0,1,0.0,1,0.0,1,1.1428571428571428,2.2677868380553594,0.0,6.0,0.5714285714285714,0.2857142857142857,1.181873680570564,0.0,6.0,4.0,1,1302.21,169.98000000000002,0.1305319418526966,False,True,False,False,False,False,False,False,False,False,False,False,False,False,False,False,False,False,False,False,False,False,False,False,True,False,False,False,False,False,False,False,False,True,False,False
India,Smartphone 128GB,2025-08-20,Electronics,0.0,1472.19,,20.0,2.0,0.0,0.0,2,20,34,8,3,232,0,0.9749279121818236,-0.22252093395631434,-0.8660254037844385,-0.5000000000000004,3.0,1,0.0,1,0.0,1,0.0,1,1.5714285714285714,2.2990681342044366,0.0,6.0,0.7857142857142857,0.39285714285714285,1.2863754913562055,0.0,6.0,4.0,0,1472.19,0.0,0.0,False,True,False,False,False,False,False,False,False,False,False,False,False,False,False,False,False,False,False,False,False,False,False,False,True,False,False,False,False,False,False,False,False,True,False,False
India,Smartphone 128GB,2025-08-21,Electronics,0.0,1472.19,,20.0,2.0,0.0,0.0,3,21,34,8,3,233,0,0.43388373911755823,-0.900968867902419,-0.8660254037844385,-0.5000000000000004,0.0,1,0.0,1,0.0,1,0.0,1,1.5714285714285714,2.2990681342044366,0.0,6.0,0.7857142857142857,0.39285714285714285,1.2863754913562055,0.0,6.0,4.0,0,1472.19,0.0,0.0,False,True,False,False,False,False,False,False,False,False,False,False,False,False,False,False,False,False,False,False,False,False,False,False,True,False,False,False,False,False,False,False,False,True,False,False
India,Smartphone 128GB,2025-08-22,Electronics,0.0,1472.19,,20.0,2.0,0.0,0.0,4,22,34,8,3,234,0,-0.433883739117558,-0.9009688679024191,-0.8660254037844385,-0.5000000000000004,0.0,1,6.0,1,0.0,1,0.0,1,1.5714285714285714,2.2990681342044366,0.0,6.0,0.7857142857142857,0.39285714285714285,1.2863754913562055,0.0,6.0,4.0,0,1472.19,0.0,0.0,False,True,False,False,False,False,False,False,False,False,False,False,False,False,False,False,False,False,False,False,False,False,False,False,True,False,False,False,False,False,False,False,False,True,False,False
India,Smartphone 128GB,2025-08-23,Electronics,0.0,1472.19,,20.0,2.0,0.0,0.0,5,23,34,8,3,235,1,-0.9749279121818236,-0.2225209339563146,-0.8660254037844385,-0.5000000000000004,0.0,1,0.0,1,0.0,1,0.0,1,0.7142857142857143,1.2535663410560094,0.0,3.0,0.7857142857142857,0.39285714285714285,1.2863754913562055,0.0,6.0,1.8181818181818183,0,1472.19,0.0,0.0,False,True,False,False,False,False,False,False,False,False,False,False,False,False,False,False,False,False,False,False,False,False,False,False,True,False,False,False,False,False,False,False,False,True,False,False
India,Smartphone 128GB,2025-08-24,Electronics,0.0,1472.19,,20.0,2.0,0.0,0.0,6,24,34,8,3,236,1,-0.7818314824680299,0.6234898018587334,-0.8660254037844385,-0.5000000000000004,0.0,1,2.0,1,0.0,1,0.0,1,0.7142857142857143,1.2535663410560094,0.0,3.0,0.7857142857142857,0.39285714285714285,1.2863754913562055,0.0,6.0,1.8181818181818183,0,1472.19,0.0,0.0,False,True,False,False,False,False,False,False,False,False,False,False,False,False,False,False,False,False,False,False,False,False,False,False,True,False,False,False,False,False,False,False,False,True,False,False
India,Smartphone 128GB,2025-08-25,Electronics,1.0,1304.86,0.13,20.0,2.0,1.0,0.0,0,25,35,8,3,237,0,0.0,1.0,-0.8660254037844385,-0.5000000000000004,0.0,1,0.0,1,0.0,1,0.0,1,0.42857142857142855,1.1338934190276724,0.0,3.0,0.7857142857142857,0.39285714285714285,1.2863754913562055,0.0,6.0,1.0909090909090908,1,1472.19,-167.33000000000015,-0.11366060087352865,False,True,False,False,False,False,False,False,False,False,False,False,False,False,False,False,False,False,False,False,False,False,False,False,True,False,False,False,False,False,False,False,False,True,False,False
India,Smartphone 128GB,2025-08-26,Electronics,0.0,1304.86,,20.0,2.0,0.0,0.0,1,26,35,8,3,238,0,0.7818314824680298,0.6234898018587336,-0.8660254037844385,-0.5000000000000004,1.0,1,3.0,1,0.0,1,0.0,1,0.5714285714285714,1.1338934190276726,0.0,3.0,0.8571428571428571,0.42857142857142855,1.2889436222642463,0.0,6.0,1.3333333333333333,0,1304.86,0.0,0.0,False,True,False,False,False,False,False,False,False,False,False,False,False,False,False,False,False,False,False,False,False,False,False,False,True,False,False,False,False,False,False,False,False,True,False,False
India,Smartphone 128GB,2025-08-27,Electronics,0.0,1304.86,,20.0,2.0,0.0,0.0,2,27,35,8,3,239,0,0.9749279121818236,-0.22252093395631434,-0.8660254037844385,-0.5000000000000004,0.0,1,0.0,1,0.0,1,0.0,1,0.14285714285714285,0.3779644730091979,0.0,1.0,0.8571428571428571,0.42857142857142855,1.2889436222642463,0.0,6.0,0.3333333333333333,0,1304.86,0.0,0.0,False,True,False,False,False,False,False,False,False,False,False,False,False,False,False,False,False,False,False,False,False,False,False,False,True,False,False,False,False,False,False,False,False,True,False,False
India,Smartphone 128GB,2025-08-28,Electronics,0.0,1304.86,,20.0,2.0,0.0,0.0,3,28,35,8,3,240,0,0.43388373911755823,-0.900968867902419,-0.8660254037844385,-0.5000000000000004,0.0,1,0.0,1,0.0,1,0.0,1,0.14285714285714285,0.3779644730091979,0.0,1.0,0.8571428571428571,0.42857142857142855,1.2889436222642463,0.0,6.0,0.3333333333333333,0,1304.86,0.0,0.0,False,True,False,False,False,False,False,False,False,False,False,False,False,False,False,False,False,False,False,False,False,False,False,False,True,False,False,False,False,False,False,False,False,True,False,False
India,Smartphone 128GB,2025-08-29,Electronics,0.0,1304.86,,20.0,2.0,0.0,0.0,4,29,35,8,3,241,0,-0.433883739117558,-0.9009688679024191,-0.8660254037844385,-0.5000000000000004,0.0,1,0.0,1,6.0,1,0.0,1,0.14285714285714285,0.3779644730091979,0.0,1.0,0.8571428571428571,0.42857142857142855,1.2889436222642463,0.0,6.0,0.3333333333333333,0,1304.86,0.0,0.0,False,True,False,False,False,False,False,False,False,False,False,False,False,False,False,False,False,False,False,False,False,False,False,False,True,False,False,False,False,False,False,False,False,True,False,False
India,Smartphone 128GB,2025-08-30,Electronics,1.0,171.94,0.06,20.0,2.0,1.0,0.0,5,30,35,8,3,242,1,-0.9749279121818236,-0.2225209339563146,-0.8660254037844385,-0.5000000000000004,0.0,1,0.0,1,0.0,1,0.0,1,0.14285714285714285,0.3779644730091979,0.0,1.0,0.42857142857142855,0.42857142857142855,1.2889436222642463,0.0,6.0,0.3333333333333333,1,1304.86,-1132.9199999999998,-0.8682310745980412,False,True,False,False,False,False,False,False,False,False,False,False,False,False,False,False,False,False,False,False,False,False,False,False,True,False,False,False,False,False,False,False,False,True,False,False
India,Smartphone 128GB,2025-08-31,Electronics,0.0,171.94,,20.0,2.0,0.0,0.0,6,31,35,8,3,243,1,-0.7818314824680299,0.6234898018587334,-0.8660254037844385,-0.5000000000000004,1.0,1,0.0,1,2.0,1,0.0,1,0.2857142857142857,0.4879500364742444,0.0,1.0,0.5,0.4642857142857143,1.2904820476643328,0.0,6.0,0.6153846153846153,0,171.94,0.0,0.0,False,True,False,False,False,False,False,False,False,False,False,False,False,False,False,False,False,False,False,False,False,False,False,False,True,False,False,False,False,False,False,False,False,True,False,False
India,Smartphone 128GB,2025-09-01,Electronics,0.0,171.94,,20.0,2.0,0.0,0.0,0,1,36,9,3,244,0,0.0,1.0,-1.0,-1.8369701987210297e-16,0.0,1,1.0,1,0.0,1,0.0,1,0.2857142857142857,0.4879500364742444,0.0,1.0,0.35714285714285715,0.4642857142857143,1.2904820476643328,0.0,6.0,0.6153846153846153,0,171.94,0.0,0.0,False,True,False,False,False,False,False,False,False,False,False,False,False,False,False,False,False,False,False,False,False,False,False,False,True,False,False,False,False,False,False,False,False,True,False,False
India,Smartphone 128GB,2025-09-02,Electronics,4.0,508.95,0.11,20.0,2.0,1.0,0.0,1,2,36,9,3,245,0,0.7818314824680298,0.6234898018587336,-1.0,-1.8369701987210297e-16,0.0,1,0.0,1,3.0,1,0.0,1,0.14285714285714285,0.3779644730091979,0.0,1.0,0.35714285714285715,0.4642857142857143,1.2904820476643328,0.0,6.0,0.30769230769230765,1,171.94,337.01,1.9600442014656274,False,True,False,False,False,False,False,False,False,False,False,False,False,False,False,False,False,False,False,False,False,False,False,False,True,False,False,False,False,False,False,False,False,True,False,False
India,Smartphone 128GB,2025-09-03,Electronics,2.0,1345.55,0.06,20.0,2.0,1.0,0.0,2,3,36,9,3,246,0,0.9749279121818236,-0.22252093395631434,-1.0,-1.8369701987210297e-16,4.0,1,0.0,1,0.0,1,0.0,1,0.7142857142857143,1.4960264830861847,0.0,4.0,0.42857142857142855,0.6071428571428571,1.4488638132020424,0.0,6.0,1.1764705882352942,1,508.95,836.5999999999999,1.643776402397092,False,True,False,False,False,False,False,False,False,False,False,False,False,False,False,False,False,False,False,False,False,False,False,False,True,False,False,False,False,False,False,False,False,True,False,False
India,Smartphone 128GB,2025-09-04,Electronics,2.0,977.93,0.02,20.0,2.0,1.0,0.0,3,4,36,9,3,247,0,0.43388373911755823,-0.900968867902419,-1.0,-1.8369701987210297e-16,2.0,1,0.0,1,0.0,1,0.0,1,1.0,1.5275252316519403,0.0,4.0,0.5714285714285714,0.6785714285714286,1.4670093394782515,0.0,6.0,1.4736842105263157,1,1345.55,-367.62,-0.27321169781873583,False,True,False,False,False,False,False,False,False,False,False,False,False,False,False,False,False,False,False,False,False,False,False,False,True,False,False,False,False,False,False,False,False,True,False,False
India,Smartphone 128GB,2025-09-05,Electronics,2.0,1460.62,0.0,20.0,2.0,0.0,0.0,4,5,36,9,3,248,0,-0.433883739117558,-0.9009688679024191,-1.0,-1.8369701987210297e-16,2.0,1,0.0,1,0.0,1,0.0,1,1.2857142857142858,1.4960264830861851,0.0,4.0,0.7142857142857143,0.75,1.4813657362192694,0.0,6.0,1.7142857142857144,0,977.93,482.68999999999994,0.49358338531387724,False,True,False,False,False,False,False,False,False,False,False,False,False,False,False,False,False,False,False,False,False,False,False,False,True,False,False,False,False,False,False,False,False,True,False,False
India,Smartphone 128GB,2025-09-06,Electronics,0.0,1460.62,,20.0,2.0,0.0,0.0,5,6,36,9,3,249,1,-0.9749279121818236,-0.2225209339563146,-1.0,-1.8369701987210297e-16,2.0,1,1.0,1,0.0,1,0.0,1,1.5714285714285714,1.3972762620115378,0.0,4.0,0.8571428571428571,0.8214285714285714,1.4920423841803188,0.0,6.0,1.9130434782608696,0,1460.62,0.0,0.0,False,True,False,False,False,False,False,False,False,False,False,False,False,False,False,False,False,False,False,False,False,False,False,False,True,False,False,False,False,False,False,False,False,True,False,False
India,Smartphone 128GB,2025-09-07,Electronics,0.0,1460.62,,20.0,2.0,0.0,0.0,6,7,36,9,3,250,1,-0.7818314824680299,0.6234898018587334,-1.0,-1.8369701987210297e-16,0.0,1,0.0,1,0.0,1,0.0,1,1.4285714285714286,1.5118578920369032,0.0,4.0,0.8571428571428571,0.8214285714285714,1.4920423841803188,0.0,6.0,1.7391304347826089,0,1460.62,0.0,0.0,False,True,False,False,False,False,False,False,False,False,False,False,False,False,False,False,False,False,False,False,False,False,False,False,True,False,False,False,False,False,False,False,False,True,False,False
India,Smartphone 128GB,2025-09-08,Electronics,0.0,1460.62,,20.0,2.0,0.0,0.0,0,8,37,9,3,251,0,0.0,1.0,-1.0,-1.8369701987210297e-16,0.0,1,0.0,1,1.0,1,0.0,1,1.4285714285714286,1.5118578920369032,0.0,4.0,0.8571428571428571,0.8214285714285714,1.4920423841803188,0.0,6.0,1.7391304347826089,0,1460.62,0.0,0.0,False,True,False,False,False,False,False,False,False,False,False,False,False,False,False,False,False,False,False,False,False,False,False,False,True,False,False,False,False,False,False,False,False,True,False,False
India,Smartphone 128GB,2025-09-09,Electronics,0.0,1460.62,,20.0,2.0,0.0,0.0,1,9,37,9,3,252,0,0.7818314824680298,0.6234898018587336,-1.0,-1.8369701987210297e-16,0.0,1,4.0,1,0.0,1,0.0,1,1.4285714285714286,1.5118578920369032,0.0,4.0,0.7857142857142857,0.8214285714285714,1.4920423841803188,0.0,6.0,1.7391304347826089,0,1460.62,0.0,0.0,False,True,False,False,False,False,False,False,False,False,False,False,False,False,False,False,False,False,False,False,False,False,False,False,True,False,False,False,False,False,False,False,False,True,False,False
India,Smartphone 128GB,2025-09-10,Electronics,0.0,1460.62,,20.0,2.0,0.0,0.0,2,10,37,9,3,253,0,0.9749279121818236,-0.22252093395631434,-1.0,-1.8369701987210297e-16,0.0,1,2.0,1,0.0,1,0.0,1,0.8571428571428571,1.0690449676496883,0.0,2.0,0.7857142857142857,0.8214285714285714,1.4920423841803188,0.0,6.0,1.0434782608695652,0,1460.62,0.0,0.0,False,True,False,False,False,False,False,False,False,False,False,False,False,False,False,False,False,False,False,False,False,False,False,False,True,False,False,False,False,False,False,False,False,True,False,False
India,Smartphone 128GB,2025-09-11,Electronics,0.0,1460.62,,20.0,2.0,0.0,0.0,3,11,37,9,3,254,0,0.43388373911755823,-0.900968867902419,-1.0,-1.8369701987210297e-16,0.0,1,2.0,1,0.0,1,0.0,1,0.5714285714285714,0.9759000729485225,0.0,2.0,0.7857142857142857,0.8214285714285714,1.4920423841803188,0.0,6.0,0.6956521739130435,0,1460.62,0.0,0.0,False,True,False,False,False,False,False,False,False,False,False,False,False,False,False,False,False,False,False,False,False,False,False,False,True,False,False,False,False,False,False,False,False,True,False,False
India,Smartphone 128GB,2025-09-12,Electronics,0.0,1460.62,,20.0,2.0,0.0,0.0,4,12,37,9,3,255,0,-0.433883739117558,-0.9009688679024191,-1.0,-1.8369701987210297e-16,0.0,1,2.0,1,0.0,1,6.0,1,0.2857142857142857,0.75592894601844,0.0,2.0,0.7857142857142857,0.8214285714285714,1.4920423841803188,0.0,6.0,0.34782608695652173,0,1460.62,0.0,0.0,False,True,False,False,False,False,False,False,False,False,False,False,False,False,False,False,False,False,False,False,False,False,False,False,True,False,False,False,False,False,False,False,False,True,False,False
India,Smartphone 128GB,2025-09-13,Electronics,0.0,1460.62,,20.0,2.0,0.0,0.0,5,13,37,9,3,256,1,-0.9749279121818236,-0.2225209339563146,-1.0,-1.8369701987210297e-16,0.0,1,0.0,1,1.0,1,0.0,1,0.0,0.0,0.0,0.0,0.7857142857142857,0.6071428571428571,1.1001442906807608,0.0,4.0,0.0,0,1460.62,0.0,0.0,False,True,False,False,False,False,False,False,False,False,False,False,False,False,False,False,False,False,False,False,False,False,False,False,True,False,False,False,False,False,False,False,False,True,False,False
India,Smartphone 128GB,2025-09-14,Electronics,2.0,1082.87,0.01,20.0,2.0,1.0,0.0,6,14,37,9,3,257,1,-0.7818314824680299,0.6234898018587334,-1.0,-1.8369701987210297e-16,0.0,1,0.0,1,0.0,1,2.0,1,0.0,0.0,0.0,0.0,0.7142857142857143,0.6071428571428571,1.1001442906807608,0.0,4.0,0.0,1,1460.62,-377.75,-0.25862305048541034,False,True,False,False,False,False,False,False,False,False,False,False,False,False,False,False,False,False,False,False,False,False,False,False,True,False,False,False,False,False,False,False,False,True,False,False
India,Smartphone 128GB,2025-09-15,Electronics,2.0,130.14,0.11,20.0,2.0,1.0,0.0,0,15,38,9,3,258,0,0.0,1.0,-1.0,-1.8369701987210297e-16,2.0,1,0.0,1,0.0,1,0.0,1,0.2857142857142857,0.75592894601844,0.0,2.0,0.8571428571428571,0.6071428571428571,1.1001442906807608,0.0,4.0,0.47058823529411764,1,1082.87,-952.7299999999999,-0.8798193688993139,False,True,False,False,False,False,False,False,False,False,False,False,False,False,False,False,False,False,False,False,False,False,False,False,True,False,False,False,False,False,False,False,False,True,False,False
India,Smartphone 128GB,2025-09-16,Electronics,3.0,1222.6,0.07,20.0,2.0,1.0,0.0,1,16,38,9,3,259,0,0.7818314824680298,0.6234898018587336,-1.0,-1.8369701987210297e-16,2.0,1,0.0,1,4.0,1,3.0,1,0.5714285714285714,0.9759000729485225,0.0,2.0,1.0,0.6785714285714286,1.12393394522433,0.0,4.0,0.8421052631578947,1,130.14,1092.46,8.394498232672507,False,True,False,False,False,False,False,False,False,False,False,False,False,False,False,False,False,False,False,False,False,False,False,False,True,False,False,False,False,False,False,False,False,True,False,False
India,Smartphone 128GB,2025-09-17,Electronics,0.0,1222.6,,20.0,2.0,0.0,0.0,2,17,38,9,3,260,0,0.9749279121818236,-0.22252093395631434,-1.0,-1.8369701987210297e-16,3.0,1,0.0,1,2.0,1,0.0,1,1.0,1.2909944487357983,0.0,3.0,0.9285714285714286,0.6785714285714286,1.12393394522433,0.0,4.0,1.4736842105263157,0,1222.6,0.0,0.0,False,True,False,False,False,False,False,False,False,False,False,False,False,False,False,False,False,False,False,False,False,False,False,False,True,False,False,False,False,False,False,False,False,True,False,False
India,Smartphone 128GB,2025-09-18,Electronics,0.0,1222.6,,20.0,2.0,0.0,0.0,3,18,38,9,3,261,0,0.43388373911755823,-0.900968867902419,-1.0,-1.8369701987210297e-16,0.0,1,0.0,1,2.0,1,0.0,1,1.0,1.2909944487357983,0.0,3.0,0.7857142857142857,0.6785714285714286,1.12393394522433,0.0,4.0,1.4736842105263157,0,1222.6,0.0,0.0,False,True,False,False,False,False,False,False,False,False,False,False,False,False,False,False,False,False,False,False,False,False,False,False,True,False,False,False,False,False,False,False,False,True,False,False
India,Smartphone 128GB,2025-09-19,Electronics,0.0,1222.6,,20.0,2.0,0.0,0.0,4,19,38,9,3,262,0,-0.433883739117558,-0.9009688679024191,-1.0,-1.8369701987210297e-16,0.0,1,0.0,1,2.0,1,0.0,1,1.0,1.2909944487357983,0.0,3.0,0.6428571428571429,0.6785714285714286,1.12393394522433,0.0,4.0,1.4736842105263157,0,1222.6,0.0,0.0,False,True,False,False,False,False,False,False,False,False,False,False,False,False,False,False,False,False,False,False,False,False,False,False,True,False,False,False,False,False,False,False,False,True,False,False
India,Smartphone 128GB,2025-09-20,Electronics,0.0,1222.6,,20.0,2.0,0.0,0.0,5,20,38,9,3,263,1,-0.9749279121818236,-0.2225209339563146,-1.0,-1.8369701987210297e-16,0.0,1,0.0,1,0.0,1,0.0,1,1.0,1.2909944487357983,0.0,3.0,0.5,0.6785714285714286,1.12393394522433,0.0,4.0,1.4736842105263157,0,1222.6,0.0,0.0,False,True,False,False,False,False,False,False,False,False,False,False,False,False,False,False,False,False,False,False,False,False,False,False,True,False,False,False,False,False,False,False,False,True,False,False
India,Smartphone 128GB,2025-09-21,Electronics,1.0,1266.51,0.02,20.0,2.0,1.0,0.0,6,21,38,9,3,264,1,-0.7818314824680299,0.6234898018587334,-1.0,-1.8369701987210297e-16,0.0,1,2.0,1,0.0,1,0.0,1,1.0,1.2909944487357983,0.0,3.0,0.5,0.6785714285714286,1.12393394522433,0.0,4.0,1.4736842105263157,1,1222.6,43.91000000000008,0.03591526255521028,False,True,False,False,False,False,False,False,False,False,False,False,False,False,False,False,False,False,False,False,False,False,False,False,True,False,False,False,False,False,False,False,False,True,False,False
India,Smartphone 128GB,2025-09-22,Electronics,0.0,1266.51,,20.0,2.0,0.0,0.0,0,22,39,9,3,265,0,0.0,1.0,-1.0,-1.8369701987210297e-16,1.0,1,2.0,1,0.0,1,1.0,1,0.8571428571428571,1.2149857925879037,0.0,3.0,0.5714285714285714,0.7142857142857143,1.1174422797967072,0.0,4.0,1.2,0,1266.51,0.0,0.0,False,True,False,False,False,False,False,False,False,False,False,False,False,False,False,False,False,False,False,False,False,False,False,False,True,False,False,False,False,False,False,False,False,True,False,False
India,Smartphone 128GB,2025-09-23,Electronics,0.0,1266.51,,20.0,2.0,0.0,0.0,1,23,39,9,3,266,0,0.7818314824680298,0.6234898018587336,-1.0,-1.8369701987210297e-16,0.0,1,3.0,1,0.0,1,0.0,1,0.5714285714285714,1.1338934190276726,0.0,3.0,0.5714285714285714,0.6785714285714286,1.12393394522433,0.0,4.0,0.8421052631578947,0,1266.51,0.0,0.0,False,True,False,False,False,False,False,False,False,False,False,False,False,False,False,False,False,False,False,False,False,False,False,False,True,False,False,False,False,False,False,False,False,True,False,False
India,Smartphone 128GB,2025-09-24,Electronics,0.0,1266.51,,20.0,2.0,0.0,0.0,2,24,39,9,3,267,0,0.9749279121818236,-0.22252093395631434,-1.0,-1.8369701987210297e-16,0.0,1,0.0,1,0.0,1,0.0,1,0.14285714285714285,0.3779644730091975,0.0,1.0,0.5714285714285714,0.6785714285714286,1.12393394522433,0.0,4.0,0.21052631578947367,0,1266.51,0.0,0.0,False,True,False,False,False,False,False,False,False,False,False,False,False,False,False,False,False,False,False,False,False,False,False,False,True,False,False,False,False,False,False,False,False,True,False,False
India,Smartphone 128GB,2025-09-25,Electronics,0.0,1266.51,,20.0,2.0,0.0,0.0,3,25,39,9,3,268,0,0.43388373911755823,-0.900968867902419,-1.0,-1.8369701987210297e-16,0.0,1,0.0,1,0.0,1,0.0,1,0.14285714285714285,0.3779644730091975,0.0,1.0,0.5714285714285714,0.6785714285714286,1.12393394522433,0.0,4.0,0.21052631578947367,0,1266.51,0.0,0.0,False,True,False,False,False,False,False,False,False,False,False,False,False,False,False,False,False,False,False,False,False,False,False,False,True,False,False,False,False,False,False,False,False,True,False,False
India,Smartphone 128GB,2025-09-26,Electronics,0.0,1266.51,,20.0,2.0,0.0,0.0,4,26,39,9,3,269,0,-0.433883739117558,-0.9009688679024191,-1.0,-1.8369701987210297e-16,0.0,1,0.0,1,0.0,1,0.0,1,0.14285714285714285,0.3779644730091975,0.0,1.0,0.5714285714285714,0.6785714285714286,1.12393394522433,0.0,4.0,0.21052631578947367,0,1266.51,0.0,0.0,False,True,False,False,False,False,False,False,False,False,False,False,False,False,False,False,False,False,False,False,False,False,False,False,True,False,False,False,False,False,False,False,False,True,False,False
India,Smartphone 128GB,2025-09-27,Electronics,3.0,1031.94,0.06,20.0,2.0,1.0,0.0,5,27,39,9,3,270,1,-0.9749279121818236,-0.2225209339563146,-1.0,-1.8369701987210297e-16,0.0,1,0.0,1,0.0,1,1.0,1,0.14285714285714285,0.3779644730091975,0.0,1.0,0.5714285714285714,0.6785714285714286,1.12393394522433,0.0,4.0,0.21052631578947367,1,1266.51,-234.56999999999994,-0.1852097496269275,False,True,False,False,False,False,False,False,False,False,False,False,False,False,False,False,False,False,False,False,False,False,False,False,True,False,False,False,False,False,False,False,False,True,False,False
India,Smartphone 128GB,2025-09-28,Electronics,4.0,939.815,0.05,20.0,2.0,1.0,0.0,6,28,39,9,3,271,1,-0.7818314824680299,0.6234898018587334,-1.0,-1.8369701987210297e-16,3.0,1,1.0,1,2.0,1,0.0,1,0.5714285714285714,1.1338934190276726,0.0,3.0,0.7857142857142857,0.75,1.205696356345045,0.0,4.0,0.7619047619047619,1,1031.94,-92.125,-0.08927360117836308,False,True,False,False,False,False,False,False,False,False,False,False,False,False,False,False,False,False,False,False,False,False,False,False,True,False,False,False,False,False,False,False,False,True,False,False
India,Smartphone 128GB,2025-09-29,Electronics,0.0,939.815,,20.0,2.0,0.0,0.0,0,29,40,9,3,272,0,0.0,1.0,-1.0,-1.8369701987210297e-16,4.0,1,0.0,1,2.0,1,0.0,1,1.0,1.7320508075688719,0.0,4.0,0.9285714285714286,0.8928571428571429,1.3427248612094982,0.0,4.0,1.1199999999999999,0,939.815,0.0,0.0,False,True,False,False,False,False,False,False,False,False,False,False,False,False,False,False,False,False,False,False,False,False,False,False,True,False,False,False,False,False,False,False,False,True,False,False
India,Smartphone 128GB,2025-09-30,Electronics,0.0,939.815,,20.0,2.0,0.0,0.0,1,30,40,9,3,273,0,0.7818314824680298,0.6234898018587336,-1.0,-1.8369701987210297e-16,0.0,1,0.0,1,3.0,1,4.0,1,1.0,1.7320508075688719,0.0,4.0,0.7857142857142857,0.8928571428571429,1.3427248612094982,0.0,4.0,1.1199999999999999,0,939.815,0.0,0.0,False,True,False,False,False,False,False,False,False,False,False,False,False,False,False,False,False,False,False,False,False,False,False,False,True,False,False,False,False,False,False,False,False,True,False,False
India,Smartphone 128GB,2025-10-01,Electronics,0.0,939.815,,20.0,2.0,0.0,0.0,2,1,40,10,4,274,0,0.9749279121818236,-0.22252093395631434,-0.8660254037844386,0.5000000000000001,0.0,1,0.0,1,0.0,1,2.0,1,1.0,1.7320508075688719,0.0,4.0,0.5714285714285714,0.75,1.205696356345045,0.0,4.0,1.3333333333333333,0,939.815,0.0,0.0,False,True,False,False,False,False,False,False,False,False,False,False,False,False,False,False,False,False,False,False,False,False,False,False,True,False,False,False,False,False,False,False,False,True,False,False
India,Smartphone 128GB,2025-10-02,Electronics,0.0,939.815,,20.0,2.0,0.0,0.0,3,2,40,10,4,275,0,0.43388373911755823,-0.900968867902419,-0.8660254037844386,0.5000000000000001,0.0,1,0.0,1,0.0,1,2.0,1,1.0,1.7320508075688719,0.0,4.0,0.5714285714285714,0.6785714285714286,1.1880133254200793,0.0,4.0,1.4736842105263157,0,939.815,0.0,0.0,False,True,False,False,False,False,False,False,False,False,False,False,False,False,False,False,False,False,False,False,False,False,False,False,True,False,False,False,False,False,False,False,False,True,False,False
India,Smartphone 128GB,2025-10-03,Electronics,0.0,939.815,,20.0,2.0,0.0,0.0,4,3,40,10,4,276,0,-0.433883739117558,-0.9009688679024191,-0.8660254037844386,0.5000000000000001,0.0,1,0.0,1,0.0,1,2.0,1,1.0,1.7320508075688719,0.0,4.0,0.5714285714285714,0.6071428571428571,1.1655323283657226,0.0,4.0,1.647058823529412,0,939.815,0.0,0.0,False,True,False,False,False,False,False,False,False,False,False,False,False,False,False,False,False,False,False,False,False,False,False,False,True,False,False,False,False,False,False,False,False,True,False,False
India,Smartphone 128GB,2025-10-04,Electronics,0.0,939.815,,20.0,2.0,0.0,0.0,5,4,40,10,4,277,1,-0.9749279121818236,-0.2225209339563146,-0.8660254037844386,0.5000000000000001,0.0,1,3.0,1,0.0,1,0.0,1,1.0,1.7320508075688719,0.0,4.0,0.5714285714285714,0.5357142857142857,1.1379690439434456,0.0,4.0,1.8666666666666667,0,939.815,0.0,0.0,False,True,False,False,False,False,False,False,False,False,False,False,False,False,False,False,False,False,False,False,False,False,False,False,True,False,False,False,False,False,False,False,False,True,False,False
India,Smartphone 128GB,2025-10-05,Electronics,0.0,939.815,,20.0,2.0,0.0,0.0,6,5,40,10,4,278,1,-0.7818314824680299,0.6234898018587334,-0.8660254037844386,0.5000000000000001,0.0,1,4.0,1,1.0,1,0.0,1,0.5714285714285714,1.511857892036902,0.0,4.0,0.5714285714285714,0.5357142857142857,1.1379690439434456,0.0,4.0,1.0666666666666667,0,939.815,0.0,0.0,False,True,False,False,False,False,False,False,False,False,False,False,False,False,False,False,False,False,False,False,False,False,False,False,True,False,False,False,False,False,False,False,False,True,False,False
India,Smartphone 128GB,2025-10-06,Electronics,0.0,939.815,,20.0,2.0,0.0,0.0,0,6,41,10,4,279,0,0.0,1.0,-0.8660254037844386,0.5000000000000001,0.0,1,0.0,1,0.0,1,0.0,1,0.0,0.0,0.0,0.0,0.5,0.5357142857142857,1.1379690439434456,0.0,4.0,0.0,0,939.815,0.0,0.0,False,True,False,False,False,False,False,False,False,False,False,False,False,False,False,False,False,False,False,False,False,False,False,False,True,False,False,False,False,False,False,False,False,True,False,False
India,Smartphone 128GB,2025-10-07,Electronics,1.0,723.09,0.13,20.0,2.0,1.0,0.0,1,7,41,10,4,280,0,0.7818314824680298,0.6234898018587336,-0.8660254037844386,0.5000000000000001,0.0,1,0.0,1,0.0,1,0.0,1,0.0,0.0,0.0,0.0,0.5,0.5357142857142857,1.1379690439434456,0.0,4.0,0.0,1,939.815,-216.72500000000002,-0.23060389544750828,False,True,False,False,False,False,False,False,False,False,False,False,False,False,False,False,False,False,False,False,False,False,False,False,True,False,False,False,False,False,False,False,False,True,False,False
India,Smartphone 128GB,2025-10-08,Electronics,0.0,723.09,,20.0,2.0,0.0,0.0,2,8,41,10,4,281,0,0.9749279121818236,-0.22252093395631434,-0.8660254037844386,0.5000000000000001,1.0,1,0.0,1,0.0,1,0.0,1,0.14285714285714285,0.3779644730091975,0.0,1.0,0.5714285714285714,0.5714285714285714,1.1362241376618019,0.0,4.0,0.25,0,723.09,0.0,0.0,False,True,False,False,False,False,False,False,False,False,False,False,False,False,False,False,False,False,False,False,False,False,False,False,True,False,False,False,False,False,False,False,False,True,False,False
India,Smartphone 128GB,2025-10-09,Electronics,0.0,723.09,,20.0,2.0,0.0,0.0,3,9,41,10,4,282,0,0.43388373911755823,-0.900968867902419,-0.8660254037844386,0.5000000000000001,0.0,1,0.0,1,0.0,1,0.0,1,0.14285714285714285,0.3779644730091975,0.0,1.0,0.5714285714285714,0.5714285714285714,1.1362241376618019,0.0,4.0,0.25,0,723.09,0.0,0.0,False,True,False,False,False,False,False,False,False,False,False,False,False,False,False,False,False,False,False,False,False,False,False,False,True,False,False,False,False,False,False,False,False,True,False,False
India,Smartphone 128GB,2025-10-10,Electronics,1.0,591.32,0.11,20.0,2.0,1.0,0.0,4,10,41,10,4,283,0,-0.433883739117558,-0.9009688679024191,-0.8660254037844386,0.5000000000000001,0.0,1,0.0,1,0.0,1,0.0,1,0.14285714285714285,0.3779644730091975,0.0,1.0,0.5714285714285714,0.5714285714285714,1.1362241376618019,0.0,4.0,0.25,1,723.09,-131.76999999999998,-0.1822318107012958,False,True,False,False,False,False,False,False,False,False,False,False,False,False,False,False,False,False,False,False,False,False,False,False,True,False,False,False,False,False,False,False,False,True,False,False
India,Smartphone 128GB,2025-10-11,Electronics,0.0,591.32,,20.0,2.0,0.0,0.0,5,11,41,10,4,284,1,-0.9749279121818236,-0.2225209339563146,-0.8660254037844386,0.5000000000000001,1.0,1,0.0,1,3.0,1,0.0,1,0.2857142857142857,0.4879500364742442,0.0,1.0,0.6428571428571429,0.6071428571428571,1.1333099904225448,0.0,4.0,0.47058823529411764,0,591.32,0.0,0.0,False,True,False,False,False,False,False,False,False,False,False,False,False,False,False,False,False,False,False,False,False,False,False,False,True,False,False,False,False,False,False,False,False,True,False,False
India,Smartphone 128GB,2025-10-12,Electronics,0.0,591.32,,20.0,2.0,0.0,0.0,6,12,41,10,4,285,1,-0.7818314824680299,0.6234898018587334,-0.8660254037844386,0.5000000000000001,0.0,1,0.0,1,4.0,1,2.0,1,0.2857142857142857,0.4879500364742442,0.0,1.0,0.42857142857142855,0.6071428571428571,1.1333099904225448,0.0,4.0,0.47058823529411764,0,591.32,0.0,0.0,False,True,False,False,False,False,False,False,False,False,False,False,False,False,False,False,False,False,False,False,False,False,False,False,True,False,False,False,False,False,False,False,False,True,False,False
India,Smartphone 128GB,2025-10-13,Electronics,0.0,591.32,,20.0,2.0,0.0,0.0,0,13,42,10,4,286,0,0.0,1.0,-0.8660254037844386,0.5000000000000001,0.0,1,0.0,1,0.0,1,2.0,1,0.2857142857142857,0.4879500364742442,0.0,1.0,0.14285714285714285,0.5357142857142857,1.1049431980420916,0.0,4.0,0.5333333333333333,0,591.32,0.0,0.0,False,True,False,False,False,False,False,False,False,False,False,False,False,False,False,False,False,False,False,False,False,False,False,False,True,False,False,False,False,False,False,False,False,True,False,False
India,Smartphone 128GB,2025-10-14,Electronics,0.0,591.32,,20.0,2.0,0.0,0.0,1,14,42,10,4,287,0,0.7818314824680298,0.6234898018587336,-0.8660254037844386,0.5000000000000001,0.0,1,1.0,1,0.0,1,3.0,1,0.2857142857142857,0.4879500364742442,0.0,1.0,0.14285714285714285,0.4642857142857143,1.070899340192817,0.0,4.0,0.6153846153846153,0,591.32,0.0,0.0,False,True,False,False,False,False,False,False,False,False,False,False,False,False,False,False,False,False,False,False,False,False,False,False,True,False,False,False,False,False,False,False,False,True,False,False
India,Smartphone 128GB,2025-10-15,Electronics,0.0,591.32,,20.0,2.0,0.0,0.0,2,15,42,10,4,288,0,0.9749279121818236,-0.22252093395631434,-0.8660254037844386,0.5000000000000001,0.0,1,0.0,1,0.0,1,0.0,1,0.14285714285714285,0.3779644730091975,0.0,1.0,0.14285714285714285,0.35714285714285715,0.9511897312113495,0.0,4.0,0.39999999999999997,0,591.32,0.0,0.0,False,True,False,False,False,False,False,False,False,False,False,False,False,False,False,False,False,False,False,False,False,False,False,False,True,False,False,False,False,False,False,False,False,True,False,False
India,Smartphone 128GB,2025-10-16,Electronics,0.0,591.32,,20.0,2.0,0.0,0.0,3,16,42,10,4,289,0,0.43388373911755823,-0.900968867902419,-0.8660254037844386,0.5000000000000001,0.0,1,0.0,1,0.0,1,0.0,1,0.14285714285714285,0.3779644730091975,0.0,1.0,0.14285714285714285,0.35714285714285715,0.9511897312113495,0.0,4.0,0.39999999999999997,0,591.32,0.0,0.0,False,True,False,False,False,False,False,False,False,False,False,False,False,False,False,False,False,False,False,False,False,False,False,False,True,False,False,False,False,False,False,False,False,True,False,False
India,Smartphone 128GB,2025-10-17,Electronics,0.0,591.32,,20.0,2.0,0.0,0.0,4,17,42,10,4,290,0,-0.433883739117558,-0.9009688679024191,-0.8660254037844386,0.5000000000000001,0.0,1,1.0,1,0.0,1,0.0,1,0.14285714285714285,0.3779644730091975,0.0,1.0,0.14285714285714285,0.35714285714285715,0.9511897312113495,0.0,4.0,0.39999999999999997,0,591.32,0.0,0.0,False,True,False,False,False,False,False,False,False,False,False,False,False,False,False,False,False,False,False,False,False,False,False,False,True,False,False,False,False,False,False,False,False,True,False,False
India,Smartphone 128GB,2025-10-18,Electronics,0.0,591.32,,20.0,2.0,0.0,0.0,5,18,42,10,4,291,1,-0.9749279121818236,-0.2225209339563146,-0.8660254037844386,0.5000000000000001,0.0,1,0.0,1,0.0,1,0.0,1,0.0,0.0,0.0,0.0,0.14285714285714285,0.35714285714285715,0.9511897312113495,0.0,4.0,0.0,0,591.32,0.0,0.0,False,True,False,False,False,False,False,False,False,False,False,False,False,False,False,False,False,False,False,False,False,False,False,False,True,False,False,False,False,False,False,False,False,True,False,False
India,Smartphone 128GB,2025-10-19,Electronics,1.0,676.77,0.07,20.0,2.0,1.0,0.0,6,19,42,10,4,292,1,-0.7818314824680299,0.6234898018587334,-0.8660254037844386,0.5000000000000001,0.0,1,0.0,1,0.0,1,1.0,1,0.0,0.0,0.0,0.0,0.14285714285714285,0.35714285714285715,0.9511897312113495,0.0,4.0,0.0,1,591.32,85.44999999999993,0.1445072042210646,False,True,False,False,False,False,False,False,False,False,False,False,False,False,False,False,False,False,False,False,False,False,False,False,True,False,False,False,False,False,False,False,False,True,False,False
India,Smartphone 128GB,2025-10-20,Electronics,0.0,676.77,,20.0,2.0,0.0,0.0,0,20,43,10,4,293,0,0.0,1.0,-0.8660254037844386,0.5000000000000001,1.0,1,0.0,1,0.0,1,0.0,1,0.14285714285714285,0.3779644730091975,0.0,1.0,0.21428571428571427,0.35714285714285715,0.9511897312113495,0.0,4.0,0.39999999999999997,0,676.77,0.0,0.0,False,True,False,False,False,False,False,False,False,False,False,False,False,False,False,False,False,False,False,False,False,False,False,False,True,False,False,False,False,False,False,False,False,True,False,False
India,Smartphone 128GB,2025-10-21,Electronics,5.0,724.19,0.1,20.0,2.0,1.0,0.0,1,21,43,10,4,294,0,0.7818314824680298,0.6234898018587336,-0.8660254037844386,0.5000000000000001,0.0,1,0.0,1,1.0,1,0.0,1,0.14285714285714285,0.3779644730091975,0.0,1.0,0.21428571428571427,0.35714285714285715,0.9511897312113495,0.0,4.0,0.39999999999999997,1,676.77,47.42000000000007,0.07006811767661107,False,True,False,False,False,False,False,False,False,False,False,False,False,False,False,False,False,False,False,False,False,False,False,False,True,False,False,False,False,False,False,False,False,True,False,False
India,Smartphone 128GB,2025-10-22,Electronics,3.0,632.61,0.08,20.0,2.0,1.0,0.0,2,22,43,10,4,295,0,0.9749279121818236,-0.22252093395631434,-0.8660254037844386,0.5000000000000001,5.0,1,0.0,1,0.0,1,0.0,1,0.8571428571428571,1.8644544714716036,0.0,5.0,0.5,0.5357142857142857,1.2904820476643328,0.0,5.0,1.5999999999999999,1,724.19,-91.58000000000004,-0.12645852607741068,False,True,False,False,False,False,False,False,False,False,False,False,False,False,False,False,False,False,False,False,False,False,False,False,True,False,False,False,False,False,False,False,False,True,False,False
India,Smartphone 128GB,2025-10-23,Electronics,0.0,632.61,,20.0,2.0,0.0,0.0,3,23,43,10,4,296,0,0.43388373911755823,-0.900968867902419,-0.8660254037844386,0.5000000000000001,3.0,1,0.0,1,0.0,1,0.0,1,1.2857142857142858,1.976047040118703,0.0,5.0,0.7142857142857143,0.6428571428571429,1.3666473091931515,0.0,5.0,2.0,0,632.61,0.0,0.0,False,True,False,False,False,False,False,False,False,False,False,False,False,False,False,False,False,False,False,False,False,False,False,False,True,False,False,False,False,False,False,False,False,True,False,False
India,Smartphone 128GB,2025-10-24,Electronics,0.0,632.61,,20.0,2.0,0.0,0.0,4,24,43,10,4,297,0,-0.433883739117558,-0.9009688679024191,-0.8660254037844386,0.5000000000000001,0.0,1,0.0,1,1.0,1,0.0,1,1.2857142857142858,1.976047040118703,0.0,5.0,0.7142857142857143,0.6428571428571429,1.3666473091931515,0.0,5.0,2.0,0,632.61,0.0,0.0,False,True,False,False,False,False,False,False,False,False,False,False,False,False,False,False,False,False,False,False,False,False,False,False,True,False,False,False,False,False,False,False,False,True,False,False
India,Smartphone 128GB,2025-10-25,Electronics,0.0,632.61,,20.0,2.0,0.0,0.0,5,25,43,10,4,298,1,-0.9749279121818236,-0.2225209339563146,-0.8660254037844386,0.5000000000000001,0.0,1,0.0,1,0.0,1,3.0,1,1.2857142857142858,1.976047040118703,0.0,5.0,0.6428571428571429,0.6428571428571429,1.3666473091931515,0.0,5.0,2.0,0,632.61,0.0,0.0,False,True,False,False,False,False,False,False,False,False,False,False,False,False,False,False,False,False,False,False,False,False,False,False,True,False,False,False,False,False,False,False,False,True,False,False
India,Smartphone 128GB,2025-10-26,Electronics,3.0,86.84,0.15,20.0,2.0,1.0,0.0,6,26,43,10,4,299,1,-0.7818314824680299,0.6234898018587334,-0.8660254037844386,0.5000000000000001,0.0,1,1.0,1,0.0,1,4.0,1,1.2857142857142858,1.976047040118703,0.0,5.0,0.6428571428571429,0.5357142857142857,1.2904820476643328,0.0,5.0,2.4000000000000004,1,632.61,-545.77,-0.8627274308025481,False,True,False,False,False,False,False,False,False,False,False,False,False,False,False,False,False,False,False,False,False,False,False,False,True,False,False,False,False,False,False,False,False,True,False,False
India,Smartphone 128GB,2025-10-27,Electronics,1.0,681.81,0.01,20.0,2.0,1.0,0.0,0,27,44,10,4,300,0,0.0,1.0,-0.8660254037844386,0.5000000000000001,3.0,1,0.0,1,0.0,1,0.0,1,1.5714285714285714,2.0701966780270586,0.0,5.0,0.8571428571428571,0.5,1.2018504251546689,0.0,5.0,3.142857142857143,1,86.84,594.9699999999999,6.851335789958543,False,True,False,False,False,False,False,False,False,False,False,False,False,False,False,False,False,False,False,False,False,False,False,False,True,False,False,False,False,False,False,False,False,True,False,False
India,Smartphone 128GB,2025-10-28,Electronics,0.0,681.81,,20.0,2.0,0.0,0.0,1,28,44,10,4,301,0,0.7818314824680298,0.6234898018587336,-0.8660254037844386,0.5000000000000001,1.0,1,5.0,1,0.0,1,0.0,1,1.7142857142857142,1.9760470401187031,0.0,5.0,0.9285714285714286,0.5357142857142857,1.2013000012993036,0.0,5.0,3.1999999999999997,0,681.81,0.0,0.0,False,True,False,False,False,False,False,False,False,False,False,False,False,False,False,False,False,False,False,False,False,False,False,False,True,False,False,False,False,False,False,False,False,True,False,False
India,Smartphone 128GB,2025-10-29,Electronics,0.0,681.81,,20.0,2.0,0.0,0.0,2,29,44,10,4,302,0,0.9749279121818236,-0.22252093395631434,-0.8660254037844386,0.5000000000000001,0.0,1,3.0,1,0.0,1,0.0,1,1.0,1.414213562373088,0.0,3.0,0.9285714285714286,0.5357142857142857,1.2013000012993036,0.0,5.0,1.8666666666666667,0,681.81,0.0,0.0,False,True,False,False,False,False,False,False,False,False,False,False,False,False,False,False,False,False,False,False,False,False,False,False,True,False,False,False,False,False,False,False,False,True,False,False
India,Smartphone 128GB,2025-10-30,Electronics,0.0,681.81,,20.0,2.0,0.0,0.0,3,30,44,10,4,303,0,0.43388373911755823,-0.900968867902419,-0.8660254037844386,0.5000000000000001,0.0,1,0.0,1,0.0,1,0.0,1,0.5714285714285714,1.1338934190276722,0.0,3.0,0.9285714285714286,0.5357142857142857,1.2013000012993036,0.0,5.0,1.0666666666666667,0,681.81,0.0,0.0,False,True,False,False,False,False,False,False,False,False,False,False,False,False,False,False,False,False,False,False,False,False,False,False,True,False,False,False,False,False,False,False,False,True,False,False
India,Smartphone 128GB,2025-10-31,Electronics,0.0,681.81,,20.0,2.0,0.0,0.0,4,31,44,10,4,304,0,-0.433883739117558,-0.9009688679024191,-0.8660254037844386,0.5000000000000001,0.0,1,0.0,1,0.0,1,0.0,1,0.5714285714285714,1.1338934190276722,0.0,3.0,0.9285714285714286,0.5357142857142857,1.2013000012993036,0.0,5.0,1.0666666666666667,0,681.81,0.0,0.0,False,True,False,False,False,False,False,False,False,False,False,False,False,False,False,False,False,False,False,False,False,False,False,False,True,False,False,False,False,False,False,False,False,True,False,False
India,Smartphone 128GB,2025-11-01,Electronics,3.0,410.84,0.29,20.0,2.0,1.0,0.0,5,1,44,11,4,305,1,-0.9749279121818236,-0.2225209339563146,-0.5000000000000004,0.8660254037844384,0.0,1,0.0,1,0.0,1,0.0,1,0.5714285714285714,1.1338934190276722,0.0,3.0,0.9285714285714286,0.5357142857142857,1.2013000012993036,0.0,5.0,1.0666666666666667,1,681.81,-270.96999999999997,-0.39742743579589623,False,True,False,False,False,False,False,False,False,False,False,False,False,False,False,False,False,False,False,False,False,False,False,False,True,False,False,False,False,False,False,False,False,True,False,False
India,Smartphone 128GB,2025-11-02,Electronics,7.0,471.565,0.25,20.0,2.0,1.0,0.0,6,2,44,11,4,306,1,-0.7818314824680299,0.6234898018587334,-0.5000000000000004,0.8660254037844384,3.0,1,3.0,1,1.0,1,0.0,1,1.0,1.414213562373088,0.0,3.0,1.1428571428571428,0.6428571428571429,1.2827714704898372,0.0,5.0,1.5555555555555554,1,410.84,60.72500000000002,0.1478069321390323,False,True,False,False,False,False,False,False,False,False,False,False,False,False,False,False,False,False,False,False,False,False,False,False,True,False,False,False,False,False,False,False,False,True,False,False
India,Smartphone 128GB,2025-11-03,Electronics,5.0,366.13,0.25,20.0,2.0,1.0,0.0,0,3,45,11,4,307,0,0.0,1.0,-0.5000000000000004,0.8660254037844384,7.0,1,1.0,1,0.0,1,0.0,1,1.5714285714285714,2.636736799982307,0.0,7.0,1.5714285714285714,0.8928571428571429,1.7499055152119858,0.0,7.0,1.7599999999999998,1,471.565,-105.435,-0.22358529577046643,False,True,False,False,False,False,False,False,False,False,False,False,False,False,False,False,False,False,False,False,False,False,False,False,True,False,False,False,False,False,False,False,False,True,False,False
India,Smartphone 128GB,2025-11-04,Electronics,0.0,366.13,,20.0,2.0,0.0,0.0,1,4,45,11,4,308,0,0.7818314824680298,0.6234898018587336,-0.5000000000000004,0.8660254037844384,5.0,1,0.0,1,5.0,1,1.0,1,2.142857142857143,2.9113897843110017,0.0,7.0,1.9285714285714286,1.0714285714285714,1.903769582785332,0.0,7.0,2.0,0,366.13,0.0,0.0,False,True,False,False,False,False,False,False,False,False,False,False,False,False,False,False,False,False,False,False,False,False,False,False,True,False,False,False,False,False,False,False,False,True,False,False
India,Smartphone 128GB,2025-11-05,Electronics,3.0,886.05,0.29,20.0,2.0,1.0,0.0,2,5,45,11,4,309,0,0.9749279121818236,-0.22252093395631434,-0.5000000000000004,0.8660254037844384,0.0,1,0.0,1,3.0,1,0.0,1,2.142857142857143,2.9113897843110017,0.0,7.0,1.5714285714285714,1.0357142857142858,1.9145087921824564,0.0,7.0,2.068965517241379,1,366.13,519.92,1.4200420615628329,False,True,False,False,False,False,False,False,False,False,False,False,False,False,False,False,False,False,False,False,False,False,False,False,True,False,False,False,False,False,False,False,False,True,False,False
India,Smartphone 128GB,2025-11-06,Electronics,6.0,608.09,0.26,20.0,2.0,1.0,0.0,3,6,45,11,4,310,0,0.43388373911755823,-0.900968867902419,-0.5000000000000004,0.8660254037844384,3.0,1,0.0,1,0.0,1,0.0,1,2.5714285714285716,2.760262237369415,0.0,7.0,1.5714285714285714,1.1428571428571428,1.938198585443135,0.0,7.0,2.2500000000000004,1,886.05,-277.9599999999999,-0.31370690141639856,False,True,False,False,False,False,False,False,False,False,False,False,False,False,False,False,False,False,False,False,False,False,False,False,True,False,False,False,False,False,False,False,False,True,False,False
India,Smartphone 128GB,2025-11-07,Electronics,0.0,608.09,,20.0,2.0,0.0,0.0,4,7,45,11,4,311,0,-0.433883739117558,-0.9009688679024191,-0.5000000000000004,0.8660254037844384,6.0,1,0.0,1,0.0,1,1.0,1,3.4285714285714284,2.7602622373694152,0.0,7.0,2.0,1.3571428571428572,2.1294110768922816,0.0,7.0,2.526315789473684,0,608.09,0.0,0.0,False,True,False,False,False,False,False,False,False,False,False,False,False,False,False,False,False,False,False,False,False,False,False,False,True,False,False,False,False,False,False,False,False,True,False,False
India,Smartphone 128GB,2025-11-08,Electronics,0.0,608.09,,20.0,2.0,0.0,0.0,5,8,45,11,4,312,1,-0.9749279121818236,-0.2225209339563146,-0.5000000000000004,0.8660254037844384,0.0,1,3.0,1,0.0,1,0.0,1,3.4285714285714284,2.7602622373694152,0.0,7.0,2.0,1.3214285714285714,2.143959152260336,0.0,7.0,2.5945945945945943,0,608.09,0.0,0.0,False,True,False,False,False,False,False,False,False,False,False,False,False,False,False,False,False,False,False,False,False,False,False,False,True,False,False,False,False,False,False,False,False,True,False,False
India,Smartphone 128GB,2025-11-09,Electronics,5.0,653.29,0.18,20.0,2.0,1.0,0.0,6,9,45,11,4,313,1,-0.7818314824680299,0.6234898018587334,-0.5000000000000004,0.8660254037844384,0.0,1,7.0,1,3.0,1,0.0,1,3.0,3.0550504633038917,0.0,7.0,2.0,1.3214285714285714,2.143959152260336,0.0,7.0,2.27027027027027,1,608.09,45.19999999999993,0.07433110230393515,False,True,False,False,False,False,False,False,False,False,False,False,False,False,False,False,False,False,False,False,False,False,False,False,True,False,False,False,False,False,False,False,False,True,False,False
India,Smartphone 128GB,2025-11-10,Electronics,0.0,653.29,,20.0,2.0,0.0,0.0,0,10,46,11,4,314,0,0.0,1.0,-0.5000000000000004,0.8660254037844384,5.0,1,5.0,1,1.0,1,0.0,1,2.7142857142857144,2.690370836538195,0.0,6.0,2.142857142857143,1.5,2.2360679774997925,0.0,7.0,1.8095238095238095,0,653.29,0.0,0.0,False,True,False,False,False,False,False,False,False,False,False,False,False,False,False,False,False,False,False,False,False,False,False,False,True,False,False,False,False,False,False,False,False,True,False,False
India,Smartphone 128GB,2025-11-11,Electronics,2.0,717.27,0.18,20.0,2.0,1.0,0.0,1,11,46,11,4,315,0,0.7818314824680298,0.6234898018587336,-0.5000000000000004,0.8660254037844384,0.0,1,0.0,1,0.0,1,0.0,1,2.0,2.645751311064588,0.0,6.0,2.0714285714285716,1.5,2.2360679774997925,0.0,7.0,1.3333333333333333,1,653.29,63.98000000000002,0.09793506712179893,False,True,False,False,False,False,False,False,False,False,False,False,False,False,False,False,False,False,False,False,False,False,False,False,True,False,False,False,False,False,False,False,False,True,False,False
India,Smartphone 128GB,2025-11-12,Electronics,10.0,1058.1366666666668,0.23,20.0,2.0,1.0,1.0,2,12,46,11,4,316,0,0.9749279121818236,-0.22252093395631434,-0.5000000000000004,0.8660254037844384,2.0,1,3.0,1,0.0,1,0.0,1,2.2857142857142856,2.497617912751113,0.0,6.0,2.2142857142857144,1.5714285714285714,2.218250418828977,0.0,7.0,1.4545454545454546,1,717.27,340.8666666666668,0.4752278314535207,False,True,False,False,False,False,False,False,False,False,False,False,False,False,False,False,False,False,False,False,False,False,False,False,True,False,False,False,False,False,False,False,False,True,False,False
India,Smartphone 128GB,2025-11-13,Electronics,4.0,337.28,0.21,20.0,2.0,1.0,0.0,3,13,46,11,4,317,0,0.43388373911755823,-0.900968867902419,-0.5000000000000004,0.8660254037844384,10.0,1,6.0,1,0.0,1,0.0,1,3.2857142857142856,3.860668582611294,0.0,10.0,2.9285714285714284,1.9285714285714286,2.7070357086751438,0.0,10.0,1.7037037037037037,1,1058.1366666666668,-720.8566666666668,-0.681251004123601,False,True,False,False,False,False,False,False,False,False,False,False,False,False,False,False,False,False,False,False,False,False,False,False,True,False,False,False,False,False,False,False,False,True,False,False
India,Smartphone 128GB,2025-11-14,Electronics,0.0,337.28,,20.0,2.0,0.0,0.0,4,14,46,11,4,318,0,-0.433883739117558,-0.9009688679024191,-0.5000000000000004,0.8660254037844384,4.0,1,0.0,1,0.0,1,0.0,1,3.0,3.6968455021364712,0.0,10.0,3.2142857142857144,2.0714285714285716,2.7070357086751438,0.0,10.0,1.4482758620689653,0,337.28,0.0,0.0,False,True,False,False,False,False,False,False,False,False,False,False,False,False,False,False,False,False,False,False,False,False,False,False,True,False,False,False,False,False,False,False,False,True,False,False
India,Smartphone 128GB,2025-11-15,Electronics,3.0,1390.42,0.27,20.0,2.0,1.0,0.0,5,15,46,11,4,319,1,-0.9749279121818236,-0.2225209339563146,-0.5000000000000004,0.8660254037844384,0.0,1,0.0,1,3.0,1,0.0,1,3.0,3.6968455021364712,0.0,10.0,3.2142857142857144,2.0714285714285716,2.7070357086751438,0.0,10.0,1.4482758620689653,1,337.28,1053.14,3.1224501897533212,False,True,False,False,False,False,False,False,False,False,False,False,False,False,False,False,False,False,False,False,False,False,False,False,True,False,False,False,False,False,False,False,False,True,False,False
India,Smartphone 128GB,2025-11-16,Electronics,0.0,1390.42,,20.0,2.0,0.0,0.0,6,16,46,11,4,320,1,-0.7818314824680299,0.6234898018587334,-0.5000000000000004,0.8660254037844384,3.0,1,5.0,1,7.0,1,1.0,1,3.4285714285714284,3.4572215654165044,0.0,10.0,3.2142857142857144,2.1785714285714284,2.6812596739505574,0.0,10.0,1.5737704918032787,0,1390.42,0.0,0.0,False,True,False,False,False,False,False,False,False,False,False,False,False,False,False,False,False,False,False,False,False,False,False,False,True,False,False,False,False,False,False,False,False,True,False,False
India,Smartphone 128GB,2025-11-17,Electronics,5.0,476.23,0.21,20.0,2.0,1.0,0.0,0,17,47,11,4,321,0,0.0,1.0,-0.5000000000000004,0.8660254037844384,0.0,1,0.0,1,5.0,1,0.0,1,2.7142857142857144,3.592319850008055,0.0,10.0,2.7142857142857144,2.142857142857143,2.704102311705184,0.0,10.0,1.2666666666666668,1,1390.42,-914.19,-0.6574919808403217,False,True,False,False,False,False,False,False,False,False,False,False,False,False,False,False,False,False,False,False,False,False,False,False,True,False,False,False,False,False,False,False,False,True,False,False
India,Smartphone 128GB,2025-11-18,Electronics,2.0,487.34,0.17,20.0,2.0,1.0,0.0,1,18,47,11,4,322,0,0.7818314824680298,0.6234898018587336,-0.5000000000000004,0.8660254037844384,5.0,1,2.0,1,0.0,1,5.0,1,3.4285714285714284,3.4572215654165044,0.0,10.0,2.7142857142857144,2.3214285714285716,2.7223841869537204,0.0,10.0,1.4769230769230768,1,476.23,11.109999999999957,0.023329063687713827,False,True,False,False,False,False,False,False,False,False,False,False,False,False,False,False,False,False,False,False,False,False,False,False,True,False,False,False,False,False,False,False,False,True,False,False
India,Smartphone 128GB,2025-11-19,Electronics,7.0,556.655,0.29,20.0,2.0,1.0,0.0,2,19,47,11,4,323,0,0.9749279121818236,-0.22252093395631434,-0.5000000000000004,0.8660254037844384,2.0,1,10.0,1,3.0,1,3.0,1,3.4285714285714284,3.4572215654165044,0.0,10.0,2.857142857142857,2.2142857142857144,2.6716223792980447,0.0,10.0,1.5483870967741933,1,487.34,69.315,0.1422312964254935,False,True,False,False,False,False,False,False,False,False,False,False,False,False,False,False,False,False,False,False,False,False,False,False,True,False,False,False,False,False,False,False,False,True,False,False
India,Smartphone 128GB,2025-11-20,Electronics,3.0,152.83,0.22,20.0,2.0,1.0,0.0,3,20,47,11,4,324,0,0.43388373911755823,-0.900968867902419,-0.5000000000000004,0.8660254037844384,7.0,1,4.0,1,6.0,1,0.0,1,3.0,2.5819888974716094,0.0,7.0,3.142857142857143,2.357142857142857,2.8181197529201896,0.0,10.0,1.2727272727272727,1,556.655,-403.82499999999993,-0.725449335764522,False,True,False,False,False,False,False,False,False,False,False,False,False,False,False,False,False,False,False,False,False,False,False,False,True,False,False,False,False,False,False,False,False,True,False,False
India,Smartphone 128GB,2025-11-21,Electronics,7.0,787.855,0.19,20.0,2.0,1.0,0.0,4,21,47,11,4,325,0,-0.433883739117558,-0.9009688679024191,-0.5000000000000004,0.8660254037844384,3.0,1,0.0,1,0.0,1,0.0,1,2.857142857142857,2.544836041121405,0.0,7.0,2.9285714285714284,2.4642857142857144,2.781980946990471,0.0,10.0,1.1594202898550725,1,152.83,635.025,4.155106981613557,False,True,False,False,False,False,False,False,False,False,False,False,False,False,False,False,False,False,False,False,False,False,False,False,True,False,False,False,False,False,False,False,False,True,False,False
India,Smartphone 128GB,2025-11-22,Electronics,11.0,364.5,0.27,20.0,2.0,1.0,1.0,5,22,47,11,4,326,1,-0.9749279121818236,-0.2225209339563146,-0.5000000000000004,0.8660254037844384,7.0,1,3.0,1,0.0,1,0.0,1,3.857142857142857,2.6095064302514763,0.0,7.0,3.4285714285714284,2.7142857142857144,2.865595960989654,0.0,10.0,1.4210526315789473,1,787.855,-423.355,-0.5373514161869888,False,True,False,False,False,False,False,False,False,False,False,False,False,False,False,False,False,False,False,False,False,False,False,False,True,False,False,False,False,False,False,False,False,True,False,False
India,Smartphone 128GB,2025-11-23,Electronics,0.0,364.5,,20.0,2.0,0.0,0.0,6,23,47,11,4,327,1,-0.7818314824680299,0.6234898018587334,-0.5000000000000004,0.8660254037844384,11.0,1,0.0,1,5.0,1,3.0,1,5.0,3.696845502136472,0.0,11.0,4.214285714285714,3.107142857142857,3.2126980205784323,0.0,11.0,1.6091954022988506,0,364.5,0.0,0.0,False,True,False,False,False,False,False,False,False,False,False,False,False,False,False,False,False,False,False,False,False,False,False,False,True,False,False,False,False,False,False,False,False,True,False,False
India,Smartphone 128GB,2025-11-24,Electronics,0.0,364.5,,20.0,2.0,0.0,0.0,0,24,48,11,4,328,0,0.0,1.0,-0.5000000000000004,0.8660254037844384,0.0,1,5.0,1,0.0,1,1.0,1,5.0,3.696845502136472,0.0,11.0,3.857142857142857,3.0,3.265986323710905,0.0,11.0,1.6666666666666667,0,364.5,0.0,0.0,False,True,False,False,False,False,False,False,False,False,False,False,False,False,False,False,False,False,False,False,False,False,False,False,True,False,False,False,False,False,False,False,False,True,False,False
India,Smartphone 128GB,2025-11-25,Electronics,0.0,364.5,,20.0,2.0,0.0,0.0,1,25,48,11,4,329,0,0.7818314824680298,0.6234898018587336,-0.5000000000000004,0.8660254037844384,0.0,1,2.0,1,2.0,1,0.0,1,4.285714285714286,4.15187851918806,0.0,11.0,3.857142857142857,2.9642857142857144,3.294014131804705,0.0,11.0,1.4457831325301205,0,364.5,0.0,0.0,False,True,False,False,False,False,False,False,False,False,False,False,False,False,False,False,False,False,False,False,False,False,False,False,True,False,False,False,False,False,False,False,False,True,False,False
