store_id,product_id,date,category,sales,price,Discount_Applied,safety_stock,lead_time_days,promotion,is_outlier,day_of_week,day_of_month,week_of_year,month,quarter,day_of_year,is_weekend,sin_day_of_week,cos_day_of_week,sin_month,cos_month,lag_1,has_lag_1,lag_7,has_lag_7,lag_14,has_lag_14,lag_28,has_lag_28,rolling_mean_7,rolling_std_7,rolling_min_7,rolling_max_7,rolling_mean_14,rolling_mean_28,rolling_std_28,rolling_min_28,rolling_max_28,trend_ratio,is_promotion,previous_price,price_change,price_change_pct,store_id_Germany,store_id_India,store_id_Pakistan,store_id_UAE,store_id_UK,store_id_USA,product_id_4K Smart TV,product_id_Air Fryer,product_id_Blender,product_id_Coffee Maker,product_id_Cotton T-Shirt,product_id_Cycling Helmet,product_id_Denim Jeans,product_id_Dumbbell Set,product_id_Face Wash,product_id_Football,product_id_Formal Shirt,product_id_Gaming Laptop,product_id_Hair Serum,product_id_Lipstick Set,product_id_Microwave Oven,product_id_Moisturizing Cream,product_id_Perfume,product_id_Running Shoes,product_id_Smartphone 128GB,product_id_Smartwatch,product_id_Tennis Racket,product_id_Vacuum Cleaner,product_id_Winter Jacket,product_id_Wireless Noise-Canceling Headphones,product_id_Yoga Mat,category_Apparel,category_Beauty,category_Electronics,category_Home & Kitchen,category_Sports
India,Formal Shirt,2025-05-23,Apparel,0.0,121.54,,20.0,2.0,0.0,0.0,4,23,21,5,2,143,0,-0.433883739117558,-0.9009688679024191,0.49999999999999994,-0.8660254037844387,3.0,1,0.0,1,3.0,1,3.0,1,1.1428571428571428,1.214985792587902,0.0,3.0,0.9285714285714286,0.6428571428571429,1.0959280090672885,0.0,3.0,1.7777777777777775,0,121.54,0.0,0.0,False,True,False,False,False,False,False,False,False,False,False,False,False,False,False,False,True,False,False,False,False,False,False,False,False,False,False,False,False,False,False,True,False,False,False,False
India,Formal Shirt,2025-05-24,Apparel,1.0,65.58,0.07,20.0,2.0,1.0,0.0,5,24,21,5,2,144,1,-0.9749279121818236,-0.2225209339563146,0.49999999999999994,-0.8660254037844387,0.0,1,1.0,1,0.0,1,0.0,1,1.1428571428571428,1.214985792587902,0.0,3.0,0.7142857142857143,0.5357142857142857,0.9993384054849681,0.0,3.0,2.1333333333333333,1,121.54,-55.96000000000001,-0.46042455158795464,False,True,False,False,False,False,False,False,False,False,False,False,False,False,False,False,True,False,False,False,False,False,False,False,False,False,False,False,False,False,False,True,False,False,False,False
India,Formal Shirt,2025-05-25,Apparel,0.0,65.58,,20.0,2.0,0.0,0.0,6,25,21,5,2,145,1,-0.7818314824680299,0.6234898018587334,0.49999999999999994,-0.8660254037844387,1.0,1,0.0,1,0.0,1,0.0,1,1.1428571428571428,1.214985792587902,0.0,3.0,0.7857142857142857,0.5714285714285714,0.9973509887241224,0.0,3.0,2.0,0,65.58,0.0,0.0,False,True,False,False,False,False,False,False,False,False,False,False,False,False,False,False,True,False,False,False,False,False,False,False,False,False,False,False,False,False,False,True,False,False,False,False
India,Formal Shirt,2025-05-26,Apparel,0.0,65.58,,20.0,2.0,0.0,0.0,0,26,22,5,2,146,0,0.0,1.0,0.49999999999999994,-0.8660254037844387,0.0,1,2.0,1,0.0,1,0.0,1,1.1428571428571428,1.214985792587902,0.0,3.0,0.7857142857142857,0.5714285714285714,0.9973509887241224,0.0,3.0,2.0,0,65.58,0.0,0.0,False,True,False,False,False,False,False,False,False,False,False,False,False,False,False,False,True,False,False,False,False,False,False,False,False,False,False,False,False,False,False,True,False,False,False,False
India,Formal Shirt,2025-05-27,Apparel,0.0,65.58,,20.0,2.0,0.0,0.0,1,27,22,5,2,147,0,0.7818314824680298,0.6234898018587336,0.49999999999999994,-0.8660254037844387,0.0,1,0.0,1,0.0,1,0.0,1,0.8571428571428571,1.214985792587901,0.0,3.0,0.7857142857142857,0.5714285714285714,0.9973509887241224,0.0,3.0,1.5,0,65.58,0.0,0.0,False,True,False,False,False,False,False,False,False,False,False,False,False,False,False,False,True,False,False,False,False,False,False,False,False,False,False,False,False,False,False,True,False,False,False,False
India,Formal Shirt,2025-05-28,Apparel,0.0,65.58,,20.0,2.0,0.0,0.0,2,28,22,5,2,148,0,0.9749279121818236,-0.22252093395631434,0.49999999999999994,-0.8660254037844387,0.0,1,2.0,1,0.0,1,0.0,1,0.8571428571428571,1.214985792587901,0.0,3.0,0.7857142857142857,0.5714285714285714,0.9973509887241224,0.0,3.0,1.5,0,65.58,0.0,0.0,False,True,False,False,False,False,False,False,False,False,False,False,False,False,False,False,True,False,False,False,False,False,False,False,False,False,False,False,False,False,False,True,False,False,False,False
India,Formal Shirt,2025-05-29,Apparel,0.0,65.58,,20.0,2.0,0.0,0.0,3,29,22,5,2,149,0,0.43388373911755823,-0.900968867902419,0.49999999999999994,-0.8660254037844387,0.0,1,3.0,1,2.0,1,2.0,1,0.5714285714285714,1.1338934190276695,0.0,3.0,0.7857142857142857,0.5714285714285714,0.9973509887241224,0.0,3.0,1.0,0,65.58,0.0,0.0,False,True,False,False,False,False,False,False,False,False,False,False,False,False,False,False,True,False,False,False,False,False,False,False,False,False,False,False,False,False,False,True,False,False,False,False
India,Formal Shirt,2025-05-30,Apparel,0.0,65.58,,20.0,2.0,0.0,0.0,4,30,22,5,2,150,0,-0.433883739117558,-0.9009688679024191,0.49999999999999994,-0.8660254037844387,0.0,1,0.0,1,0.0,1,0.0,1,0.14285714285714285,0.3779644730091866,0.0,1.0,0.6428571428571429,0.5,0.962250448649371,0.0,3.0,0.2857142857142857,0,65.58,0.0,0.0,False,True,False,False,False,False,False,False,False,False,False,False,False,False,False,False,True,False,False,False,False,False,False,False,False,False,False,False,False,False,False,True,False,False,False,False
India,Formal Shirt,2025-05-31,Apparel,0.0,65.58,,20.0,2.0,0.0,0.0,5,31,22,5,2,151,1,-0.9749279121818236,-0.2225209339563146,0.49999999999999994,-0.8660254037844387,0.0,1,1.0,1,1.0,1,0.0,1,0.14285714285714285,0.3779644730091866,0.0,1.0,0.6428571428571429,0.5,0.962250448649371,0.0,3.0,0.2857142857142857,0,65.58,0.0,0.0,False,True,False,False,False,False,False,False,False,False,False,False,False,False,False,False,True,False,False,False,False,False,False,False,False,False,False,False,False,False,False,True,False,False,False,False
India,Formal Shirt,2025-06-01,Apparel,0.0,65.58,,20.0,2.0,0.0,0.0,6,1,22,6,2,152,1,-0.7818314824680299,0.6234898018587334,1.2246467991473532e-16,-1.0,0.0,1,0.0,1,0.0,1,0.0,1,0.0,0.0,0.0,0.0,0.5714285714285714,0.5,0.962250448649371,0.0,3.0,0.0,0,65.58,0.0,0.0,False,True,False,False,False,False,False,False,False,False,False,False,False,False,False,False,True,False,False,False,False,False,False,False,False,False,False,False,False,False,False,True,False,False,False,False
India,Formal Shirt,2025-06-02,Apparel,0.0,65.58,,20.0,2.0,0.0,0.0,0,2,23,6,2,153,0,0.0,1.0,1.2246467991473532e-16,-1.0,0.0,1,0.0,1,2.0,1,0.0,1,0.0,0.0,0.0,0.0,0.5714285714285714,0.5,0.962250448649371,0.0,3.0,0.0,0,65.58,0.0,0.0,False,True,False,False,False,False,False,False,False,False,False,False,False,False,False,False,True,False,False,False,False,False,False,False,False,False,False,False,False,False,False,True,False,False,False,False
India,Formal Shirt,2025-06-03,Apparel,0.0,65.58,,20.0,2.0,0.0,0.0,1,3,23,6,2,154,0,0.7818314824680298,0.6234898018587336,1.2246467991473532e-16,-1.0,0.0,1,0.0,1,0.0,1,0.0,1,0.0,0.0,0.0,0.0,0.42857142857142855,0.5,0.962250448649371,0.0,3.0,0.0,0,65.58,0.0,0.0,False,True,False,False,False,False,False,False,False,False,False,False,False,False,False,False,True,False,False,False,False,False,False,False,False,False,False,False,False,False,False,True,False,False,False,False
India,Formal Shirt,2025-06-04,Apparel,0.0,65.58,,20.0,2.0,0.0,0.0,2,4,23,6,2,155,0,0.9749279121818236,-0.22252093395631434,1.2246467991473532e-16,-1.0,0.0,1,0.0,1,2.0,1,0.0,1,0.0,0.0,0.0,0.0,0.42857142857142855,0.5,0.962250448649371,0.0,3.0,0.0,0,65.58,0.0,0.0,False,True,False,False,False,False,False,False,False,False,False,False,False,False,False,False,True,False,False,False,False,False,False,False,False,False,False,False,False,False,False,True,False,False,False,False
India,Formal Shirt,2025-06-05,Apparel,0.0,65.58,,20.0,2.0,0.0,0.0,3,5,23,6,2,156,0,0.43388373911755823,-0.900968867902419,1.2246467991473532e-16,-1.0,0.0,1,0.0,1,3.0,1,0.0,1,0.0,0.0,0.0,0.0,0.2857142857142857,0.5,0.962250448649371,0.0,3.0,0.0,0,65.58,0.0,0.0,False,True,False,False,False,False,False,False,False,False,False,False,False,False,False,False,True,False,False,False,False,False,False,False,False,False,False,False,False,False,False,True,False,False,False,False
India,Formal Shirt,2025-06-06,Apparel,0.0,65.58,,20.0,2.0,0.0,0.0,4,6,23,6,2,157,0,-0.433883739117558,-0.9009688679024191,1.2246467991473532e-16,-1.0,0.0,1,0.0,1,0.0,1,3.0,1,0.0,0.0,0.0,0.0,0.07142857142857142,0.5,0.962250448649371,0.0,3.0,0.0,0,65.58,0.0,0.0,False,True,False,False,False,False,False,False,False,False,False,False,False,False,False,False,True,False,False,False,False,False,False,False,False,False,False,False,False,False,False,True,False,False,False,False
India,Formal Shirt,2025-06-07,Apparel,0.0,65.58,,20.0,2.0,0.0,0.0,5,7,23,6,2,158,1,-0.9749279121818236,-0.2225209339563146,1.2246467991473532e-16,-1.0,0.0,1,0.0,1,1.0,1,0.0,1,0.0,0.0,0.0,0.0,0.07142857142857142,0.39285714285714285,0.8317445171438954,0.0,3.0,0.0,0,65.58,0.0,0.0,False,True,False,False,False,False,False,False,False,False,False,False,False,False,False,False,True,False,False,False,False,False,False,False,False,False,False,False,False,False,False,True,False,False,False,False
India,Formal Shirt,2025-06-08,Apparel,0.0,65.58,,20.0,2.0,0.0,0.0,6,8,23,6,2,159,1,-0.7818314824680299,0.6234898018587334,1.2246467991473532e-16,-1.0,0.0,1,0.0,1,0.0,1,0.0,1,0.0,0.0,0.0,0.0,0.0,0.39285714285714285,0.8317445171438954,0.0,3.0,0.0,0,65.58,0.0,0.0,False,True,False,False,False,False,False,False,False,False,False,False,False,False,False,False,True,False,False,False,False,False,False,False,False,False,False,False,False,False,False,True,False,False,False,False
India,Formal Shirt,2025-06-09,Apparel,0.0,65.58,,20.0,2.0,0.0,0.0,0,9,24,6,2,160,0,0.0,1.0,1.2246467991473532e-16,-1.0,0.0,1,0.0,1,0.0,1,0.0,1,0.0,0.0,0.0,0.0,0.0,0.39285714285714285,0.8317445171438954,0.0,3.0,0.0,0,65.58,0.0,0.0,False,True,False,False,False,False,False,False,False,False,False,False,False,False,False,False,True,False,False,False,False,False,False,False,False,False,False,False,False,False,False,True,False,False,False,False
India,Formal Shirt,2025-06-10,Apparel,0.0,65.58,,20.0,2.0,0.0,0.0,1,10,24,6,2,161,0,0.7818314824680298,0.6234898018587336,1.2246467991473532e-16,-1.0,0.0,1,0.0,1,0.0,1,0.0,1,0.0,0.0,0.0,0.0,0.0,0.39285714285714285,0.8317445171438954,0.0,3.0,0.0,0,65.58,0.0,0.0,False,True,False,False,False,False,False,False,False,False,False,False,False,False,False,False,True,False,False,False,False,False,False,False,False,False,False,False,False,False,False,True,False,False,False,False
India,Formal Shirt,2025-06-11,Apparel,0.0,65.58,,20.0,2.0,0.0,0.0,2,11,24,6,2,162,0,0.9749279121818236,-0.22252093395631434,1.2246467991473532e-16,-1.0,0.0,1,0.0,1,0.0,1,0.0,1,0.0,0.0,0.0,0.0,0.0,0.39285714285714285,0.8317445171438954,0.0,3.0,0.0,0,65.58,0.0,0.0,False,True,False,False,False,False,False,False,False,False,False,False,False,False,False,False,True,False,False,False,False,False,False,False,False,False,False,False,False,False,False,True,False,False,False,False
India,Formal Shirt,2025-06-12,Apparel,1.0,43.13,0.01,20.0,2.0,1.0,0.0,3,12,24,6,2,163,0,0.43388373911755823,-0.900968867902419,1.2246467991473532e-16,-1.0,0.0,1,0.0,1,0.0,1,2.0,1,0.0,0.0,0.0,0.0,0.0,0.39285714285714285,0.8317445171438954,0.0,3.0,0.0,1,65.58,-22.449999999999996,-0.342329978652028,False,True,False,False,False,False,False,False,False,False,False,False,False,False,False,False,True,False,False,False,False,False,False,False,False,False,False,False,False,False,False,True,False,False,False,False
India,Formal Shirt,2025-06-13,Apparel,0.0,43.13,,20.0,2.0,0.0,0.0,4,13,24,6,2,164,0,-0.433883739117558,-0.9009688679024191,1.2246467991473532e-16,-1.0,1.0,1,0.0,1,0.0,1,0.0,1,0.14285714285714285,0.3779644730091866,0.0,1.0,0.07142857142857142,0.35714285714285715,0.7800420555749532,0.0,3.0,0.39999999999999997,0,43.13,0.0,0.0,False,True,False,False,False,False,False,False,False,False,False,False,False,False,False,False,True,False,False,False,False,False,False,False,False,False,False,False,False,False,False,True,False,False,False,False
India,Formal Shirt,2025-06-14,Apparel,3.0,113.6,0.1,20.0,2.0,1.0,0.0,5,14,24,6,2,165,1,-0.9749279121818236,-0.2225209339563146,1.2246467991473532e-16,-1.0,0.0,1,0.0,1,0.0,1,1.0,1,0.14285714285714285,0.3779644730091866,0.0,1.0,0.07142857142857142,0.35714285714285715,0.7800420555749532,0.0,3.0,0.39999999999999997,1,43.13,70.47,1.6338975191282168,False,True,False,False,False,False,False,False,False,False,False,False,False,False,False,False,True,False,False,False,False,False,False,False,False,False,False,False,False,False,False,True,False,False,False,False
India,Formal Shirt,2025-06-15,Apparel,3.0,91.25,0.02,20.0,2.0,1.0,0.0,6,15,24,6,2,166,1,-0.7818314824680299,0.6234898018587334,1.2246467991473532e-16,-1.0,3.0,1,0.0,1,0.0,1,0.0,1,0.5714285714285714,1.1338934190276695,0.0,3.0,0.2857142857142857,0.42857142857142855,0.9200874124564667,0.0,3.0,1.3333333333333333,1,113.6,-22.349999999999994,-0.19674295774647882,False,True,False,False,False,False,False,False,False,False,False,False,False,False,False,False,True,False,False,False,False,False,False,False,False,False,False,False,False,False,False,True,False,False,False,False
India,Formal Shirt,2025-06-16,Apparel,0.0,91.25,,20.0,2.0,0.0,0.0,0,16,25,6,2,167,0,0.0,1.0,1.2246467991473532e-16,-1.0,3.0,1,0.0,1,0.0,1,2.0,1,1.0,1.4142135623730863,0.0,3.0,0.5,0.5357142857142857,1.0357370915204847,0.0,3.0,1.8666666666666667,0,91.25,0.0,0.0,False,True,False,False,False,False,False,False,False,False,False,False,False,False,False,False,True,False,False,False,False,False,False,False,False,False,False,False,False,False,False,True,False,False,False,False
India,Formal Shirt,2025-06-17,Apparel,2.0,93.05,0.04,20.0,2.0,1.0,0.0,1,17,25,6,2,168,0,0.7818314824680298,0.6234898018587336,1.2246467991473532e-16,-1.0,0.0,1,0.0,1,0.0,1,0.0,1,1.0,1.4142135623730863,0.0,3.0,0.5,0.4642857142857143,0.9993384054849682,0.0,3.0,2.1538461538461537,1,91.25,1.7999999999999972,0.019726027397260242,False,True,False,False,False,False,False,False,False,False,False,False,False,False,False,False,True,False,False,False,False,False,False,False,False,False,False,False,False,False,False,True,False,False,False,False
India,Formal Shirt,2025-06-18,Apparel,0.0,93.05,,20.0,2.0,0.0,0.0,2,18,25,6,2,169,0,0.9749279121818236,-0.22252093395631434,1.2246467991473532e-16,-1.0,2.0,1,0.0,1,0.0,1,2.0,1,1.2857142857142858,1.3801311186847,0.0,3.0,0.6428571428571429,0.5357142857142857,1.0357370915204847,0.0,3.0,2.4000000000000004,0,93.05,0.0,0.0,False,True,False,False,False,False,False,False,False,False,False,False,False,False,False,False,True,False,False,False,False,False,False,False,False,False,False,False,False,False,False,True,False,False,False,False
India,Formal Shirt,2025-06-19,Apparel,0.0,93.05,,20.0,2.0,0.0,0.0,3,19,25,6,2,170,0,0.43388373911755823,-0.900968867902419,1.2246467991473532e-16,-1.0,0.0,1,1.0,1,0.0,1,3.0,1,1.2857142857142858,1.3801311186847,0.0,3.0,0.6428571428571429,0.4642857142857143,0.9993384054849682,0.0,3.0,2.769230769230769,0,93.05,0.0,0.0,False,True,False,False,False,False,False,False,False,False,False,False,False,False,False,False,True,False,False,False,False,False,False,False,False,False,False,False,False,False,False,True,False,False,False,False
India,Formal Shirt,2025-06-20,Apparel,0.0,93.05,,20.0,2.0,0.0,0.0,4,20,25,6,2,171,0,-0.433883739117558,-0.9009688679024191,1.2246467991473532e-16,-1.0,0.0,1,0.0,1,0.0,1,0.0,1,1.1428571428571428,1.4638501094227916,0.0,3.0,0.6428571428571429,0.35714285714285715,0.8698354767504868,0.0,3.0,3.1999999999999997,0,93.05,0.0,0.0,False,True,False,False,False,False,False,False,False,False,False,False,False,False,False,False,True,False,False,False,False,False,False,False,False,False,False,False,False,False,False,True,False,False,False,False
India,Formal Shirt,2025-06-21,Apparel,0.0,93.05,,20.0,2.0,0.0,0.0,5,21,25,6,2,172,1,-0.9749279121818236,-0.2225209339563146,1.2246467991473532e-16,-1.0,0.0,1,3.0,1,0.0,1,1.0,1,1.1428571428571428,1.4638501094227916,0.0,3.0,0.6428571428571429,0.35714285714285715,0.8698354767504868,0.0,3.0,3.1999999999999997,0,93.05,0.0,0.0,False,True,False,False,False,False,False,False,False,False,False,False,False,False,False,False,True,False,False,False,False,False,False,False,False,False,False,False,False,False,False,True,False,False,False,False
India,Formal Shirt,2025-06-22,Apparel,0.0,93.05,,20.0,2.0,0.0,0.0,6,22,25,6,2,173,1,-0.7818314824680299,0.6234898018587334,1.2246467991473532e-16,-1.0,0.0,1,3.0,1,0.0,1,0.0,1,0.7142857142857143,1.253566341056007,0.0,3.0,0.6428571428571429,0.32142857142857145,0.862965233777691,0.0,3.0,2.2222222222222223,0,93.05,0.0,0.0,False,True,False,False,False,False,False,False,False,False,False,False,False,False,False,False,True,False,False,False,False,False,False,False,False,False,False,False,False,False,False,True,False,False,False,False
India,Formal Shirt,2025-06-23,Apparel,0.0,93.05,,20.0,2.0,0.0,0.0,0,23,26,6,2,174,0,0.0,1.0,1.2246467991473532e-16,-1.0,0.0,1,0.0,1,0.0,1,0.0,1,0.2857142857142857,0.7559289460184353,0.0,2.0,0.6428571428571429,0.32142857142857145,0.862965233777691,0.0,3.0,0.8888888888888887,0,93.05,0.0,0.0,False,True,False,False,False,False,False,False,False,False,False,False,False,False,False,False,True,False,False,False,False,False,False,False,False,False,False,False,False,False,False,True,False,False,False,False
India,Formal Shirt,2025-06-24,Apparel,0.0,93.05,,20.0,2.0,0.0,0.0,1,24,26,6,2,175,0,0.7818314824680298,0.6234898018587336,1.2246467991473532e-16,-1.0,0.0,1,2.0,1,0.0,1,0.0,1,0.2857142857142857,0.7559289460184353,0.0,2.0,0.6428571428571429,0.32142857142857145,0.862965233777691,0.0,3.0,0.8888888888888887,0,93.05,0.0,0.0,False,True,False,False,False,False,False,False,False,False,False,False,False,False,False,False,True,False,False,False,False,False,False,False,False,False,False,False,False,False,False,True,False,False,False,False
India,Formal Shirt,2025-06-25,Apparel,0.0,93.05,,20.0,2.0,0.0,0.0,2,25,26,6,2,176,0,0.9749279121818236,-0.22252093395631434,1.2246467991473532e-16,-1.0,0.0,1,0.0,1,0.0,1,0.0,1,0.0,0.0,0.0,0.0,0.6428571428571429,0.32142857142857145,0.862965233777691,0.0,3.0,0.0,0,93.05,0.0,0.0,False,True,False,False,False,False,False,False,False,False,False,False,False,False,False,False,True,False,False,False,False,False,False,False,False,False,False,False,False,False,False,True,False,False,False,False
India,Formal Shirt,2025-06-26,Apparel,0.0,93.05,,20.0,2.0,0.0,0.0,3,26,26,6,2,177,0,0.43388373911755823,-0.900968867902419,1.2246467991473532e-16,-1.0,0.0,1,0.0,1,1.0,1,0.0,1,0.0,0.0,0.0,0.0,0.6428571428571429,0.32142857142857145,0.862965233777691,0.0,3.0,0.0,0,93.05,0.0,0.0,False,True,False,False,False,False,False,False,False,False,False,False,False,False,False,False,True,False,False,False,False,False,False,False,False,False,False,False,False,False,False,True,False,False,False,False
India,Formal Shirt,2025-06-27,Apparel,0.0,93.05,,20.0,2.0,0.0,0.0,4,27,26,6,2,178,0,-0.433883739117558,-0.9009688679024191,1.2246467991473532e-16,-1.0,0.0,1,0.0,1,0.0,1,0.0,1,0.0,0.0,0.0,0.0,0.5714285714285714,0.32142857142857145,0.862965233777691,0.0,3.0,0.0,0,93.05,0.0,0.0,False,True,False,False,False,False,False,False,False,False,False,False,False,False,False,False,True,False,False,False,False,False,False,False,False,False,False,False,False,False,False,True,False,False,False,False
India,Formal Shirt,2025-06-28,Apparel,0.0,93.05,,20.0,2.0,0.0,0.0,5,28,26,6,2,179,1,-0.9749279121818236,-0.2225209339563146,1.2246467991473532e-16,-1.0,0.0,1,0.0,1,3.0,1,0.0,1,0.0,0.0,0.0,0.0,0.5714285714285714,0.32142857142857145,0.862965233777691,0.0,3.0,0.0,0,93.05,0.0,0.0,False,True,False,False,False,False,False,False,False,False,False,False,False,False,False,False,True,False,False,False,False,False,False,False,False,False,False,False,False,False,False,True,False,False,False,False
India,Formal Shirt,2025-06-29,Apparel,0.0,93.05,,20.0,2.0,0.0,0.0,6,29,26,6,2,180,1,-0.7818314824680299,0.6234898018587334,1.2246467991473532e-16,-1.0,0.0,1,0.0,1,3.0,1,0.0,1,0.0,0.0,0.0,0.0,0.35714285714285715,0.32142857142857145,0.862965233777691,0.0,3.0,0.0,0,93.05,0.0,0.0,False,True,False,False,False,False,False,False,False,False,False,False,False,False,False,False,True,False,False,False,False,False,False,False,False,False,False,False,False,False,False,True,False,False,False,False
India,Formal Shirt,2025-06-30,Apparel,0.0,93.05,,20.0,2.0,0.0,0.0,0,30,27,6,2,181,0,0.0,1.0,1.2246467991473532e-16,-1.0,0.0,1,0.0,1,0.0,1,0.0,1,0.0,0.0,0.0,0.0,0.14285714285714285,0.32142857142857145,0.862965233777691,0.0,3.0,0.0,0,93.05,0.0,0.0,False,True,False,False,False,False,False,False,False,False,False,False,False,False,False,False,True,False,False,False,False,False,False,False,False,False,False,False,False,False,False,True,False,False,False,False
India,Formal Shirt,2025-07-01,Apparel,0.0,93.05,,20.0,2.0,0.0,0.0,1,1,27,7,3,182,0,0.7818314824680298,0.6234898018587336,-0.4999999999999997,-0.8660254037844388,0.0,1,0.0,1,2.0,1,0.0,1,0.0,0.0,0.0,0.0,0.14285714285714285,0.32142857142857145,0.862965233777691,0.0,3.0,0.0,0,93.05,0.0,0.0,False,True,False,False,False,False,False,False,False,False,False,False,False,False,False,False,True,False,False,False,False,False,False,False,False,False,False,False,False,False,False,True,False,False,False,False
India,Formal Shirt,2025-07-02,Apparel,3.0,92.31,0.14,20.0,2.0,1.0,0.0,2,2,27,7,3,183,0,0.9749279121818236,-0.22252093395631434,-0.4999999999999997,-0.8660254037844388,0.0,1,0.0,1,0.0,1,0.0,1,0.0,0.0,0.0,0.0,0.0,0.32142857142857145,0.862965233777691,0.0,3.0,0.0,1,93.05,-0.7399999999999949,-0.007952713594841428,False,True,False,False,False,False,False,False,False,False,False,False,False,False,False,False,True,False,False,False,False,False,False,False,False,False,False,False,False,False,False,True,False,False,False,False
India,Formal Shirt,2025-07-03,Apparel,0.0,92.31,,20.0,2.0,0.0,0.0,3,3,27,7,3,184,0,0.43388373911755823,-0.900968867902419,-0.4999999999999997,-0.8660254037844388,3.0,1,0.0,1,0.0,1,0.0,1,0.42857142857142855,1.1338934190276695,0.0,3.0,0.21428571428571427,0.42857142857142855,0.9973509887241225,0.0,3.0,1.0,0,92.31,0.0,0.0,False,True,False,False,False,False,False,False,False,False,False,False,False,False,False,False,True,False,False,False,False,False,False,False,False,False,False,False,False,False,False,True,False,False,False,False
India,Formal Shirt,2025-07-04,Apparel,0.0,92.31,,20.0,2.0,0.0,0.0,4,4,27,7,3,185,0,-0.433883739117558,-0.9009688679024191,-0.4999999999999997,-0.8660254037844388,0.0,1,0.0,1,0.0,1,0.0,1,0.42857142857142855,1.1338934190276695,0.0,3.0,0.21428571428571427,0.42857142857142855,0.9973509887241225,0.0,3.0,1.0,0,92.31,0.0,0.0,False,True,False,False,False,False,False,False,False,False,False,False,False,False,False,False,True,False,False,False,False,False,False,False,False,False,False,False,False,False,False,True,False,False,False,False
India,Formal Shirt,2025-07-05,Apparel,0.0,92.31,,20.0,2.0,0.0,0.0,5,5,27,7,3,186,1,-0.9749279121818236,-0.2225209339563146,-0.4999999999999997,-0.8660254037844388,0.0,1,0.0,1,0.0,1,0.0,1,0.42857142857142855,1.1338934190276695,0.0,3.0,0.21428571428571427,0.42857142857142855,0.9973509887241225,0.0,3.0,1.0,0,92.31,0.0,0.0,False,True,False,False,False,False,False,False,False,False,False,False,False,False,False,False,True,False,False,False,False,False,False,False,False,False,False,False,False,False,False,True,False,False,False,False
India,Formal Shirt,2025-07-06,Apparel,0.0,92.31,,20.0,2.0,0.0,0.0,6,6,27,7,3,187,1,-0.7818314824680299,0.6234898018587334,-0.4999999999999997,-0.8660254037844388,0.0,1,0.0,1,0.0,1,0.0,1,0.42857142857142855,1.1338934190276695,0.0,3.0,0.21428571428571427,0.42857142857142855,0.9973509887241225,0.0,3.0,1.0,0,92.31,0.0,0.0,False,True,False,False,False,False,False,False,False,False,False,False,False,False,False,False,True,False,False,False,False,False,False,False,False,False,False,False,False,False,False,True,False,False,False,False
India,Formal Shirt,2025-07-07,Apparel,0.0,92.31,,20.0,2.0,0.0,0.0,0,7,28,7,3,188,0,0.0,1.0,-0.4999999999999997,-0.8660254037844388,0.0,1,0.0,1,0.0,1,0.0,1,0.42857142857142855,1.1338934190276695,0.0,3.0,0.21428571428571427,0.42857142857142855,0.9973509887241225,0.0,3.0,1.0,0,92.31,0.0,0.0,False,True,False,False,False,False,False,False,False,False,False,False,False,False,False,False,True,False,False,False,False,False,False,False,False,False,False,False,False,False,False,True,False,False,False,False
India,Formal Shirt,2025-07-08,Apparel,0.0,92.31,,20.0,2.0,0.0,0.0,1,8,28,7,3,189,0,0.7818314824680298,0.6234898018587336,-0.4999999999999997,-0.8660254037844388,0.0,1,0.0,1,0.0,1,0.0,1,0.42857142857142855,1.1338934190276695,0.0,3.0,0.21428571428571427,0.42857142857142855,0.9973509887241225,0.0,3.0,1.0,0,92.31,0.0,0.0,False,True,False,False,False,False,False,False,False,False,False,False,False,False,False,False,True,False,False,False,False,False,False,False,False,False,False,False,False,False,False,True,False,False,False,False
India,Formal Shirt,2025-07-09,Apparel,0.0,92.31,,20.0,2.0,0.0,0.0,2,9,28,7,3,190,0,0.9749279121818236,-0.22252093395631434,-0.4999999999999997,-0.8660254037844388,0.0,1,3.0,1,0.0,1,0.0,1,0.42857142857142855,1.1338934190276695,0.0,3.0,0.21428571428571427,0.42857142857142855,0.9973509887241225,0.0,3.0,1.0,0,92.31,0.0,0.0,False,True,False,False,False,False,False,False,False,False,False,False,False,False,False,False,True,False,False,False,False,False,False,False,False,False,False,False,False,False,False,True,False,False,False,False
India,Formal Shirt,2025-07-10,Apparel,0.0,92.31,,20.0,2.0,0.0,0.0,3,10,28,7,3,191,0,0.43388373911755823,-0.900968867902419,-0.4999999999999997,-0.8660254037844388,0.0,1,0.0,1,0.0,1,1.0,1,0.0,0.0,0.0,0.0,0.21428571428571427,0.42857142857142855,0.9973509887241225,0.0,3.0,0.0,0,92.31,0.0,0.0,False,True,False,False,False,False,False,False,False,False,False,False,False,False,False,False,True,False,False,False,False,False,False,False,False,False,False,False,False,False,False,True,False,False,False,False
India,Formal Shirt,2025-07-11,Apparel,1.0,144.3,0.02,20.0,2.0,1.0,0.0,4,11,28,7,3,192,0,-0.433883739117558,-0.9009688679024191,-0.4999999999999997,-0.8660254037844388,0.0,1,0.0,1,0.0,1,0.0,1,0.0,0.0,0.0,0.0,0.21428571428571427,0.39285714285714285,0.994029797388,0.0,3.0,0.0,1,92.31,51.99000000000001,0.5632109197270069,False,True,False,False,False,False,False,False,False,False,False,False,False,False,False,False,True,False,False,False,False,False,False,False,False,False,False,False,False,False,False,True,False,False,False,False
India,Formal Shirt,2025-07-12,Apparel,0.0,144.3,,20.0,2.0,0.0,0.0,5,12,28,7,3,193,1,-0.9749279121818236,-0.2225209339563146,-0.4999999999999997,-0.8660254037844388,1.0,1,0.0,1,0.0,1,3.0,1,0.14285714285714285,0.37796447300918773,0.0,1.0,0.2857142857142857,0.42857142857142855,0.9973509887241225,0.0,3.0,0.3333333333333333,0,144.3,0.0,0.0,False,True,False,False,False,False,False,False,False,False,False,False,False,False,False,False,True,False,False,False,False,False,False,False,False,False,False,False,False,False,False,True,False,False,False,False
India,Formal Shirt,2025-07-13,Apparel,0.0,144.3,,20.0,2.0,0.0,0.0,6,13,28,7,3,194,1,-0.7818314824680299,0.6234898018587334,-0.4999999999999997,-0.8660254037844388,0.0,1,0.0,1,0.0,1,3.0,1,0.14285714285714285,0.37796447300918773,0.0,1.0,0.2857142857142857,0.32142857142857145,0.8629652337776911,0.0,3.0,0.44444444444444436,0,144.3,0.0,0.0,False,True,False,False,False,False,False,False,False,False,False,False,False,False,False,False,True,False,False,False,False,False,False,False,False,False,False,False,False,False,False,True,False,False,False,False
India,Formal Shirt,2025-07-14,Apparel,0.0,144.3,,20.0,2.0,0.0,0.0,0,14,29,7,3,195,0,0.0,1.0,-0.4999999999999997,-0.8660254037844388,0.0,1,0.0,1,0.0,1,0.0,1,0.14285714285714285,0.37796447300918773,0.0,1.0,0.2857142857142857,0.21428571428571427,0.68622115305451,0.0,3.0,0.6666666666666666,0,144.3,0.0,0.0,False,True,False,False,False,False,False,False,False,False,False,False,False,False,False,False,True,False,False,False,False,False,False,False,False,False,False,False,False,False,False,True,False,False,False,False
India,Formal Shirt,2025-07-15,Apparel,0.0,144.3,,20.0,2.0,0.0,0.0,1,15,29,7,3,196,0,0.7818314824680298,0.6234898018587336,-0.4999999999999997,-0.8660254037844388,0.0,1,0.0,1,0.0,1,2.0,1,0.14285714285714285,0.37796447300918773,0.0,1.0,0.2857142857142857,0.21428571428571427,0.68622115305451,0.0,3.0,0.6666666666666666,0,144.3,0.0,0.0,False,True,False,False,False,False,False,False,False,False,False,False,False,False,False,False,True,False,False,False,False,False,False,False,False,False,False,False,False,False,False,True,False,False,False,False
India,Formal Shirt,2025-07-16,Apparel,1.0,115.09,0.14,20.0,2.0,1.0,0.0,2,16,29,7,3,197,0,0.9749279121818236,-0.22252093395631434,-0.4999999999999997,-0.8660254037844388,0.0,1,0.0,1,3.0,1,0.0,1,0.14285714285714285,0.37796447300918773,0.0,1.0,0.2857142857142857,0.14285714285714285,0.5909368402852706,0.0,3.0,1.0,1,144.3,-29.210000000000008,-0.20242550242550247,False,True,False,False,False,False,False,False,False,False,False,False,False,False,False,False,True,False,False,False,False,False,False,False,False,False,False,False,False,False,False,True,False,False,False,False
India,Formal Shirt,2025-07-17,Apparel,0.0,115.09,,20.0,2.0,0.0,0.0,3,17,29,7,3,198,0,0.43388373911755823,-0.900968867902419,-0.4999999999999997,-0.8660254037844388,1.0,1,0.0,1,0.0,1,0.0,1,0.2857142857142857,0.48795003647423696,0.0,1.0,0.14285714285714285,0.17857142857142858,0.6118321864192947,0.0,3.0,1.5999999999999999,0,115.09,0.0,0.0,False,True,False,False,False,False,False,False,False,False,False,False,False,False,False,False,True,False,False,False,False,False,False,False,False,False,False,False,False,False,False,True,False,False,False,False
India,Formal Shirt,2025-07-18,Apparel,0.0,115.09,,20.0,2.0,0.0,0.0,4,18,29,7,3,199,0,-0.433883739117558,-0.9009688679024191,-0.4999999999999997,-0.8660254037844388,0.0,1,1.0,1,0.0,1,0.0,1,0.2857142857142857,0.48795003647423696,0.0,1.0,0.14285714285714285,0.17857142857142858,0.6118321864192947,0.0,3.0,1.5999999999999999,0,115.09,0.0,0.0,False,True,False,False,False,False,False,False,False,False,False,False,False,False,False,False,True,False,False,False,False,False,False,False,False,False,False,False,False,False,False,True,False,False,False,False
India,Formal Shirt,2025-07-19,Apparel,0.0,115.09,,20.0,2.0,0.0,0.0,5,19,29,7,3,200,1,-0.9749279121818236,-0.2225209339563146,-0.4999999999999997,-0.8660254037844388,0.0,1,0.0,1,0.0,1,0.0,1,0.14285714285714285,0.37796447300918773,0.0,1.0,0.14285714285714285,0.17857142857142858,0.6118321864192947,0.0,3.0,0.7999999999999999,0,115.09,0.0,0.0,False,True,False,False,False,False,False,False,False,False,False,False,False,False,False,False,True,False,False,False,False,False,False,False,False,False,False,False,False,False,False,True,False,False,False,False
India,Formal Shirt,2025-07-20,Apparel,1.0,21.41,0.07,20.0,2.0,1.0,0.0,6,20,29,7,3,201,1,-0.7818314824680299,0.6234898018587334,-0.4999999999999997,-0.8660254037844388,0.0,1,0.0,1,0.0,1,0.0,1,0.14285714285714285,0.37796447300918773,0.0,1.0,0.14285714285714285,0.17857142857142858,0.6118321864192947,0.0,3.0,0.7999999999999999,1,115.09,-93.68,-0.8139716743418195,False,True,False,False,False,False,False,False,False,False,False,False,False,False,False,False,True,False,False,False,False,False,False,False,False,False,False,False,False,False,False,True,False,False,False,False
India,Formal Shirt,2025-07-21,Apparel,0.0,21.41,,20.0,2.0,0.0,0.0,0,21,30,7,3,202,0,0.0,1.0,-0.4999999999999997,-0.8660254037844388,1.0,1,0.0,1,0.0,1,0.0,1,0.2857142857142857,0.48795003647423696,0.0,1.0,0.21428571428571427,0.21428571428571427,0.6299407883487043,0.0,3.0,1.3333333333333333,0,21.41,0.0,0.0,False,True,False,False,False,False,False,False,False,False,False,False,False,False,False,False,True,False,False,False,False,False,False,False,False,False,False,False,False,False,False,True,False,False,False,False
India,Formal Shirt,2025-07-22,Apparel,0.0,21.41,,20.0,2.0,0.0,0.0,1,22,30,7,3,203,0,0.7818314824680298,0.6234898018587336,-0.4999999999999997,-0.8660254037844388,0.0,1,0.0,1,0.0,1,0.0,1,0.2857142857142857,0.48795003647423696,0.0,1.0,0.21428571428571427,0.21428571428571427,0.6299407883487043,0.0,3.0,1.3333333333333333,0,21.41,0.0,0.0,False,True,False,False,False,False,False,False,False,False,False,False,False,False,False,False,True,False,False,False,False,False,False,False,False,False,False,False,False,False,False,True,False,False,False,False
India,Formal Shirt,2025-07-23,Apparel,0.0,21.41,,20.0,2.0,0.0,0.0,2,23,30,7,3,204,0,0.9749279121818236,-0.22252093395631434,-0.4999999999999997,-0.8660254037844388,0.0,1,1.0,1,0.0,1,0.0,1,0.2857142857142857,0.48795003647423696,0.0,1.0,0.21428571428571427,0.21428571428571427,0.6299407883487043,0.0,3.0,1.3333333333333333,0,21.41,0.0,0.0,False,True,False,False,False,False,False,False,False,False,False,False,False,False,False,False,True,False,False,False,False,False,False,False,False,False,False,False,False,False,False,True,False,False,False,False
India,Formal Shirt,2025-07-24,Apparel,0.0,21.41,,20.0,2.0,0.0,0.0,3,24,30,7,3,205,0,0.43388373911755823,-0.900968867902419,-0.4999999999999997,-0.8660254037844388,0.0,1,0.0,1,0.0,1,0.0,1,0.14285714285714285,0.37796447300918773,0.0,1.0,0.21428571428571427,0.21428571428571427,0.6299407883487043,0.0,3.0,0.6666666666666666,0,21.41,0.0,0.0,False,True,False,False,False,False,False,False,False,False,False,False,False,False,False,False,True,False,False,False,False,False,False,False,False,False,False,False,False,False,False,True,False,False,False,False
India,Formal Shirt,2025-07-25,Apparel,0.0,21.41,,20.0,2.0,0.0,0.0,4,25,30,7,3,206,0,-0.433883739117558,-0.9009688679024191,-0.4999999999999997,-0.8660254037844388,0.0,1,0.0,1,1.0,1,0.0,1,0.14285714285714285,0.37796447300918773,0.0,1.0,0.21428571428571427,0.21428571428571427,0.6299407883487043,0.0,3.0,0.6666666666666666,0,21.41,0.0,0.0,False,True,False,False,False,False,False,False,False,False,False,False,False,False,False,False,True,False,False,False,False,False,False,False,False,False,False,False,False,False,False,True,False,False,False,False
India,Formal Shirt,2025-07-26,Apparel,0.0,21.41,,20.0,2.0,0.0,0.0,5,26,30,7,3,207,1,-0.9749279121818236,-0.2225209339563146,-0.4999999999999997,-0.8660254037844388,0.0,1,0.0,1,0.0,1,0.0,1,0.14285714285714285,0.37796447300918773,0.0,1.0,0.14285714285714285,0.21428571428571427,0.6299407883487043,0.0,3.0,0.6666666666666666,0,21.41,0.0,0.0,False,True,False,False,False,False,False,False,False,False,False,False,False,False,False,False,True,False,False,False,False,False,False,False,False,False,False,False,False,False,False,True,False,False,False,False
India,Formal Shirt,2025-07-27,Apparel,1.0,77.01,0.12,20.0,2.0,1.0,0.0,6,27,30,7,3,208,1,-0.7818314824680299,0.6234898018587334,-0.4999999999999997,-0.8660254037844388,0.0,1,1.0,1,0.0,1,0.0,1,0.14285714285714285,0.37796447300918773,0.0,1.0,0.14285714285714285,0.21428571428571427,0.6299407883487043,0.0,3.0,0.6666666666666666,1,21.41,55.60000000000001,2.596917328351238,False,True,False,False,False,False,False,False,False,False,False,False,False,False,False,False,True,False,False,False,False,False,False,False,False,False,False,False,False,False,False,True,False,False,False,False
India,Formal Shirt,2025-07-28,Apparel,3.0,81.4,0.06,20.0,2.0,1.0,0.0,0,28,31,7,3,209,0,0.0,1.0,-0.4999999999999997,-0.8660254037844388,1.0,1,0.0,1,0.0,1,0.0,1,0.14285714285714285,0.37796447300918773,0.0,1.0,0.21428571428571427,0.25,0.6454972243678953,0.0,3.0,0.5714285714285714,1,77.01,4.390000000000001,0.057005583690429816,False,True,False,False,False,False,False,False,False,False,False,False,False,False,False,False,True,False,False,False,False,False,False,False,False,False,False,False,False,False,False,True,False,False,False,False
India,Formal Shirt,2025-07-29,Apparel,0.0,81.4,,20.0,2.0,0.0,0.0,1,29,31,7,3,210,0,0.7818314824680298,0.6234898018587336,-0.4999999999999997,-0.8660254037844388,3.0,1,0.0,1,0.0,1,0.0,1,0.5714285714285714,1.1338934190276697,0.0,3.0,0.42857142857142855,0.35714285714285715,0.8261595987093976,0.0,3.0,1.5999999999999999,0,81.4,0.0,0.0,False,True,False,False,False,False,False,False,False,False,False,False,False,False,False,False,True,False,False,False,False,False,False,False,False,False,False,False,False,False,False,True,False,False,False,False
India,Formal Shirt,2025-07-30,Apparel,0.0,81.4,,20.0,2.0,0.0,0.0,2,30,31,7,3,211,0,0.9749279121818236,-0.22252093395631434,-0.4999999999999997,-0.8660254037844388,0.0,1,0.0,1,1.0,1,3.0,1,0.5714285714285714,1.1338934190276697,0.0,3.0,0.42857142857142855,0.35714285714285715,0.8261595987093976,0.0,3.0,1.5999999999999999,0,81.4,0.0,0.0,False,True,False,False,False,False,False,False,False,False,False,False,False,False,False,False,True,False,False,False,False,False,False,False,False,False,False,False,False,False,False,True,False,False,False,False
India,Formal Shirt,2025-07-31,Apparel,1.0,96.5,0.12,20.0,2.0,1.0,0.0,3,31,31,7,3,212,0,0.43388373911755823,-0.900968867902419,-0.4999999999999997,-0.8660254037844388,0.0,1,0.0,1,0.0,1,0.0,1,0.5714285714285714,1.1338934190276697,0.0,3.0,0.35714285714285715,0.25,0.6454972243678953,0.0,3.0,2.2857142857142856,1,81.4,15.099999999999994,0.18550368550368543,False,True,False,False,False,False,False,False,False,False,False,False,False,False,False,False,True,False,False,False,False,False,False,False,False,False,False,False,False,False,False,True,False,False,False,False
India,Formal Shirt,2025-08-01,Apparel,1.0,142.14,0.03,20.0,2.0,1.0,0.0,4,1,31,8,3,213,0,-0.433883739117558,-0.9009688679024191,-0.8660254037844385,-0.5000000000000004,1.0,1,0.0,1,0.0,1,0.0,1,0.7142857142857143,1.112697280528362,0.0,3.0,0.42857142857142855,0.2857142857142857,0.6586823467062284,0.0,3.0,2.5,1,96.5,45.639999999999986,0.4729533678756475,False,True,False,False,False,False,False,False,False,False,False,False,False,False,False,False,True,False,False,False,False,False,False,False,False,False,False,False,False,False,False,True,False,False,False,False
India,Formal Shirt,2025-08-02,Apparel,4.0,47.785,0.07,20.0,2.0,1.0,0.0,5,2,31,8,3,214,1,-0.9749279121818236,-0.2225209339563146,-0.8660254037844385,-0.5000000000000004,1.0,1,0.0,1,0.0,1,0.0,1,0.8571428571428571,1.0690449676496858,0.0,3.0,0.5,0.32142857142857145,0.6696362433535752,0.0,3.0,2.6666666666666665,1,142.14,-94.35499999999999,-0.6638173631630786,False,True,False,False,False,False,False,False,False,False,False,False,False,False,False,False,True,False,False,False,False,False,False,False,False,False,False,False,False,False,False,True,False,False,False,False
India,Formal Shirt,2025-08-03,Apparel,0.0,47.785,,20.0,2.0,0.0,0.0,6,3,31,8,3,215,1,-0.7818314824680299,0.6234898018587334,-0.8660254037844385,-0.5000000000000004,4.0,1,1.0,1,1.0,1,0.0,1,1.4285714285714286,1.5118578920369017,0.0,4.0,0.7857142857142857,0.4642857142857143,0.9615628812527888,0.0,4.0,3.076923076923077,0,47.785,0.0,0.0,False,True,False,False,False,False,False,False,False,False,False,False,False,False,False,False,True,False,False,False,False,False,False,False,False,False,False,False,False,False,False,True,False,False,False,False
India,Formal Shirt,2025-08-04,Apparel,2.0,132.95,0.03,20.0,2.0,1.0,0.0,0,4,32,8,3,216,0,0.0,1.0,-0.8660254037844385,-0.5000000000000004,0.0,1,3.0,1,0.0,1,0.0,1,1.2857142857142858,1.6035674514745393,0.0,4.0,0.7142857142857143,0.4642857142857143,0.9615628812527888,0.0,4.0,2.769230769230769,1,47.785,85.16499999999999,1.782253845348959,False,True,False,False,False,False,False,False,False,False,False,False,False,False,False,False,True,False,False,False,False,False,False,False,False,False,False,False,False,False,False,True,False,False,False,False
India,Formal Shirt,2025-08-05,Apparel,0.0,132.95,,20.0,2.0,0.0,0.0,1,5,32,8,3,217,0,0.7818314824680298,0.6234898018587336,-0.8660254037844385,-0.5000000000000004,2.0,1,0.0,1,0.0,1,0.0,1,1.1428571428571428,1.4638501094227918,0.0,4.0,0.8571428571428571,0.5357142857142857,0.9993384054849682,0.0,4.0,2.1333333333333333,0,132.95,0.0,0.0,False,True,False,False,False,False,False,False,False,False,False,False,False,False,False,False,True,False,False,False,False,False,False,False,False,False,False,False,False,False,False,True,False,False,False,False
India,Formal Shirt,2025-08-06,Apparel,0.0,132.95,,20.0,2.0,0.0,0.0,2,6,32,8,3,218,0,0.9749279121818236,-0.22252093395631434,-0.8660254037844385,-0.5000000000000004,0.0,1,0.0,1,0.0,1,0.0,1,1.1428571428571428,1.4638501094227918,0.0,4.0,0.8571428571428571,0.5357142857142857,0.9993384054849682,0.0,4.0,2.1333333333333333,0,132.95,0.0,0.0,False,True,False,False,False,False,False,False,False,False,False,False,False,False,False,False,True,False,False,False,False,False,False,False,False,False,False,False,False,False,False,True,False,False,False,False
India,Formal Shirt,2025-08-07,Apparel,0.0,132.95,,20.0,2.0,0.0,0.0,3,7,32,8,3,219,0,0.43388373911755823,-0.900968867902419,-0.8660254037844385,-0.5000000000000004,0.0,1,1.0,1,0.0,1,0.0,1,1.1428571428571428,1.4638501094227918,0.0,4.0,0.8571428571428571,0.5357142857142857,0.9993384054849682,0.0,4.0,2.1333333333333333,0,132.95,0.0,0.0,False,True,False,False,False,False,False,False,False,False,False,False,False,False,False,False,True,False,False,False,False,False,False,False,False,False,False,False,False,False,False,True,False,False,False,False
India,Formal Shirt,2025-08-08,Apparel,2.0,110.58,0.09,20.0,2.0,1.0,0.0,4,8,32,8,3,220,0,-0.433883739117558,-0.9009688679024191,-0.8660254037844385,-0.5000000000000004,0.0,1,1.0,1,0.0,1,1.0,1,1.0,1.5275252316519385,0.0,4.0,0.8571428571428571,0.5357142857142857,0.9993384054849682,0.0,4.0,1.8666666666666667,1,132.95,-22.36999999999999,-0.1682587438886799,False,True,False,False,False,False,False,False,False,False,False,False,False,False,False,False,True,False,False,False,False,False,False,False,False,False,False,False,False,False,False,True,False,False,False,False
India,Formal Shirt,2025-08-09,Apparel,3.0,91.72,0.09,20.0,2.0,1.0,0.0,5,9,32,8,3,221,1,-0.9749279121818236,-0.2225209339563146,-0.8660254037844385,-0.5000000000000004,2.0,1,4.0,1,0.0,1,0.0,1,1.1428571428571428,1.5735915849388789,0.0,4.0,1.0,0.5714285714285714,1.033819650027537,0.0,4.0,2.0,1,110.58,-18.86,-0.1705552541146681,False,True,False,False,False,False,False,False,False,False,False,False,False,False,False,False,True,False,False,False,False,False,False,False,False,False,False,False,False,False,False,True,False,False,False,False
India,Formal Shirt,2025-08-10,Apparel,0.0,91.72,,20.0,2.0,0.0,0.0,6,10,32,8,3,222,1,-0.7818314824680299,0.6234898018587334,-0.8660254037844385,-0.5000000000000004,3.0,1,0.0,1,1.0,1,0.0,1,1.0,1.2909944487357963,0.0,3.0,1.2142857142857142,0.6785714285714286,1.1239339452243193,0.0,4.0,1.4736842105263157,0,91.72,0.0,0.0,False,True,False,False,False,False,False,False,False,False,False,False,False,False,False,False,True,False,False,False,False,False,False,False,False,False,False,False,False,False,False,True,False,False,False,False
India,Formal Shirt,2025-08-11,Apparel,0.0,91.72,,20.0,2.0,0.0,0.0,0,11,33,8,3,223,0,0.0,1.0,-0.8660254037844385,-0.5000000000000004,0.0,1,2.0,1,3.0,1,0.0,1,1.0,1.2909944487357963,0.0,3.0,1.1428571428571428,0.6785714285714286,1.1239339452243193,0.0,4.0,1.4736842105263157,0,91.72,0.0,0.0,False,True,False,False,False,False,False,False,False,False,False,False,False,False,False,False,True,False,False,False,False,False,False,False,False,False,False,False,False,False,False,True,False,False,False,False
India,Formal Shirt,2025-08-12,Apparel,2.0,42.42,0.11,20.0,2.0,1.0,0.0,1,12,33,8,3,224,0,0.7818314824680298,0.6234898018587336,-0.8660254037844385,-0.5000000000000004,0.0,1,0.0,1,0.0,1,0.0,1,0.7142857142857143,1.2535663410560072,0.0,3.0,0.9285714285714286,0.6785714285714286,1.1239339452243193,0.0,4.0,1.0526315789473684,1,91.72,-49.3,-0.5375054513737462,False,True,False,False,False,False,False,False,False,False,False,False,False,False,False,False,True,False,False,False,False,False,False,False,False,False,False,False,False,False,False,True,False,False,False,False
India,Formal Shirt,2025-08-13,Apparel,0.0,42.42,,20.0,2.0,0.0,0.0,2,13,33,8,3,225,0,0.9749279121818236,-0.22252093395631434,-0.8660254037844385,-0.5000000000000004,2.0,1,0.0,1,0.0,1,1.0,1,1.0,1.2909944487357963,0.0,3.0,1.0714285714285714,0.75,1.1426091000668364,0.0,4.0,1.3333333333333333,0,42.42,0.0,0.0,False,True,False,False,False,False,False,False,False,False,False,False,False,False,False,False,True,False,False,False,False,False,False,False,False,False,False,False,False,False,False,True,False,False,False,False
India,Formal Shirt,2025-08-14,Apparel,3.0,25.78,0.03,20.0,2.0,1.0,0.0,3,14,33,8,3,226,0,0.43388373911755823,-0.900968867902419,-0.8660254037844385,-0.5000000000000004,0.0,1,0.0,1,1.0,1,0.0,1,1.0,1.2909944487357963,0.0,3.0,1.0714285714285714,0.7142857142857143,1.150109265570586,0.0,4.0,1.4,1,42.42,-16.64,-0.39226779820839225,False,True,False,False,False,False,False,False,False,False,False,False,False,False,False,False,True,False,False,False,False,False,False,False,False,False,False,False,False,False,False,True,False,False,False,False
India,Formal Shirt,2025-08-15,Apparel,1.0,58.22,0.09,20.0,2.0,1.0,0.0,4,15,33,8,3,227,0,-0.433883739117558,-0.9009688679024191,-0.8660254037844385,-0.5000000000000004,3.0,1,2.0,1,1.0,1,0.0,1,1.4285714285714286,1.397276262011536,0.0,3.0,1.2142857142857142,0.8214285714285714,1.218790275416458,0.0,4.0,1.7391304347826089,1,25.78,32.44,1.2583397982932505,False,True,False,False,False,False,False,False,False,False,False,False,False,False,False,False,True,False,False,False,False,False,False,False,False,False,False,False,False,False,False,True,False,False,False,False
India,Formal Shirt,2025-08-16,Apparel,0.0,58.22,,20.0,2.0,0.0,0.0,5,16,33,8,3,228,1,-0.9749279121818236,-0.2225209339563146,-0.8660254037844385,-0.5000000000000004,1.0,1,3.0,1,4.0,1,0.0,1,1.2857142857142858,1.3801311186847003,0.0,3.0,1.2142857142857142,0.8571428571428571,1.2084359562332834,0.0,4.0,1.5000000000000002,0,58.22,0.0,0.0,False,True,False,False,False,False,False,False,False,False,False,False,False,False,False,False,True,False,False,False,False,False,False,False,False,False,False,False,False,False,False,True,False,False,False,False
India,Formal Shirt,2025-08-17,Apparel,0.0,58.22,,20.0,2.0,0.0,0.0,6,17,33,8,3,229,1,-0.7818314824680299,0.6234898018587334,-0.8660254037844385,-0.5000000000000004,0.0,1,0.0,1,0.0,1,1.0,1,0.8571428571428571,1.2149857925879015,0.0,3.0,0.9285714285714286,0.8571428571428571,1.2084359562332834,0.0,4.0,1.0,0,58.22,0.0,0.0,False,True,False,False,False,False,False,False,False,False,False,False,False,False,False,False,True,False,False,False,False,False,False,False,False,False,False,False,False,False,False,True,False,False,False,False
India,Formal Shirt,2025-08-18,Apparel,0.0,58.22,,20.0,2.0,0.0,0.0,0,18,34,8,3,230,0,0.0,1.0,-0.8660254037844385,-0.5000000000000004,0.0,1,0.0,1,2.0,1,0.0,1,0.8571428571428571,1.2149857925879015,0.0,3.0,0.9285714285714286,0.8214285714285714,1.218790275416458,0.0,4.0,1.0434782608695652,0,58.22,0.0,0.0,False,True,False,False,False,False,False,False,False,False,False,False,False,False,False,False,True,False,False,False,False,False,False,False,False,False,False,False,False,False,False,True,False,False,False,False
India,Formal Shirt,2025-08-19,Apparel,0.0,58.22,,20.0,2.0,0.0,0.0,1,19,34,8,3,231,0,0.7818314824680298,0.6234898018587336,-0.8660254037844385,-0.5000000000000004,0.0,1,2.0,1,0.0,1,0.0,1,0.8571428571428571,1.2149857925879015,0.0,3.0,0.7857142857142857,0.8214285714285714,1.218790275416458,0.0,4.0,1.0434782608695652,0,58.22,0.0,0.0,False,True,False,False,False,False,False,False,False,False,False,False,False,False,False,False,True,False,False,False,False,False,False,False,False,False,False,False,False,False,False,True,False,False,False,False
India,Formal Shirt,2025-08-20,Apparel,0.0,58.22,,20.0,2.0,0.0,0.0,2,20,34,8,3,232,0,0.9749279121818236,-0.22252093395631434,-0.8660254037844385,-0.5000000000000004,0.0,1,0.0,1,0.0,1,0.0,1,0.5714285714285714,1.13389341902767,0.0,3.0,0.7857142857142857,0.8214285714285714,1.218790275416458,0.0,4.0,0.6956521739130435,0,58.22,0.0,0.0,False,True,False,False,False,False,False,False,False,False,False,False,False,False,False,False,True,False,False,False,False,False,False,False,False,False,False,False,False,False,False,True,False,False,False,False
India,Formal Shirt,2025-08-21,Apparel,0.0,58.22,,20.0,2.0,0.0,0.0,3,21,34,8,3,233,0,0.43388373911755823,-0.900968867902419,-0.8660254037844385,-0.5000000000000004,0.0,1,3.0,1,0.0,1,0.0,1,0.5714285714285714,1.13389341902767,0.0,3.0,0.7857142857142857,0.8214285714285714,1.218790275416458,0.0,4.0,0.6956521739130435,0,58.22,0.0,0.0,False,True,False,False,False,False,False,False,False,False,False,False,False,False,False,False,True,False,False,False,False,False,False,False,False,False,False,False,False,False,False,True,False,False,False,False
India,Formal Shirt,2025-08-22,Apparel,0.0,58.22,,20.0,2.0,0.0,0.0,4,22,34,8,3,234,0,-0.433883739117558,-0.9009688679024191,-0.8660254037844385,-0.5000000000000004,0.0,1,1.0,1,2.0,1,0.0,1,0.14285714285714285,0.3779644730091894,0.0,1.0,0.7857142857142857,0.8214285714285714,1.218790275416458,0.0,4.0,0.17391304347826086,0,58.22,0.0,0.0,False,True,False,False,False,False,False,False,False,False,False,False,False,False,False,False,True,False,False,False,False,False,False,False,False,False,False,False,False,False,False,True,False,False,False,False
India,Formal Shirt,2025-08-23,Apparel,0.0,58.22,,20.0,2.0,0.0,0.0,5,23,34,8,3,235,1,-0.9749279121818236,-0.2225209339563146,-0.8660254037844385,-0.5000000000000004,0.0,1,0.0,1,3.0,1,0.0,1,0.0,0.0,0.0,0.0,0.6428571428571429,0.8214285714285714,1.218790275416458,0.0,4.0,0.0,0,58.22,0.0,0.0,False,True,False,False,False,False,False,False,False,False,False,False,False,False,False,False,True,False,False,False,False,False,False,False,False,False,False,False,False,False,False,True,False,False,False,False
India,Formal Shirt,2025-08-24,Apparel,1.0,46.41,0.05,20.0,2.0,1.0,0.0,6,24,34,8,3,236,1,-0.7818314824680299,0.6234898018587334,-0.8660254037844385,-0.5000000000000004,0.0,1,0.0,1,0.0,1,1.0,1,0.0,0.0,0.0,0.0,0.42857142857142855,0.8214285714285714,1.218790275416458,0.0,4.0,0.0,1,58.22,-11.810000000000002,-0.20285125386465136,False,True,False,False,False,False,False,False,False,False,False,False,False,False,False,False,True,False,False,False,False,False,False,False,False,False,False,False,False,False,False,True,False,False,False,False
India,Formal Shirt,2025-08-25,Apparel,0.0,46.41,,20.0,2.0,0.0,0.0,0,25,35,8,3,237,0,0.0,1.0,-0.8660254037844385,-0.5000000000000004,1.0,1,0.0,1,0.0,1,3.0,1,0.14285714285714285,0.3779644730091894,0.0,1.0,0.5,0.8214285714285714,1.218790275416458,0.0,4.0,0.17391304347826086,0,46.41,0.0,0.0,False,True,False,False,False,False,False,False,False,False,False,False,False,False,False,False,True,False,False,False,False,False,False,False,False,False,False,False,False,False,False,True,False,False,False,False
India,Formal Shirt,2025-08-26,Apparel,0.0,46.41,,20.0,2.0,0.0,0.0,1,26,35,8,3,238,0,0.7818314824680298,0.6234898018587336,-0.8660254037844385,-0.5000000000000004,0.0,1,0.0,1,2.0,1,0.0,1,0.14285714285714285,0.3779644730091894,0.0,1.0,0.5,0.7142857142857143,1.150109265570586,0.0,4.0,0.19999999999999998,0,46.41,0.0,0.0,False,True,False,False,False,False,False,False,False,False,False,False,False,False,False,False,True,False,False,False,False,False,False,False,False,False,False,False,False,False,False,True,False,False,False,False
India,Formal Shirt,2025-08-27,Apparel,0.0,46.41,,20.0,2.0,0.0,0.0,2,27,35,8,3,239,0,0.9749279121818236,-0.22252093395631434,-0.8660254037844385,-0.5000000000000004,0.0,1,0.0,1,0.0,1,0.0,1,0.14285714285714285,0.3779644730091894,0.0,1.0,0.35714285714285715,0.7142857142857143,1.150109265570586,0.0,4.0,0.19999999999999998,0,46.41,0.0,0.0,False,True,False,False,False,False,False,False,False,False,False,False,False,False,False,False,True,False,False,False,False,False,False,False,False,False,False,False,False,False,False,True,False,False,False,False
India,Formal Shirt,2025-08-28,Apparel,0.0,46.41,,20.0,2.0,0.0,0.0,3,28,35,8,3,240,0,0.43388373911755823,-0.900968867902419,-0.8660254037844385,-0.5000000000000004,0.0,1,0.0,1,3.0,1,1.0,1,0.14285714285714285,0.3779644730091894,0.0,1.0,0.35714285714285715,0.7142857142857143,1.150109265570586,0.0,4.0,0.19999999999999998,0,46.41,0.0,0.0,False,True,False,False,False,False,False,False,False,False,False,False,False,False,False,False,True,False,False,False,False,False,False,False,False,False,False,False,False,False,False,True,False,False,False,False
India,Formal Shirt,2025-08-29,Apparel,0.0,46.41,,20.0,2.0,0.0,0.0,4,29,35,8,3,241,0,-0.433883739117558,-0.9009688679024191,-0.8660254037844385,-0.5000000000000004,0.0,1,0.0,1,1.0,1,1.0,1,0.14285714285714285,0.3779644730091894,0.0,1.0,0.14285714285714285,0.6785714285714286,1.156417566150557,0.0,4.0,0.21052631578947367,0,46.41,0.0,0.0,False,True,False,False,False,False,False,False,False,False,False,False,False,False,False,False,True,False,False,False,False,False,False,False,False,False,False,False,False,False,False,True,False,False,False,False
India,Formal Shirt,2025-08-30,Apparel,0.0,46.41,,20.0,2.0,0.0,0.0,5,30,35,8,3,242,1,-0.9749279121818236,-0.2225209339563146,-0.8660254037844385,-0.5000000000000004,0.0,1,0.0,1,0.0,1,4.0,1,0.14285714285714285,0.3779644730091894,0.0,1.0,0.07142857142857142,0.6428571428571429,1.1615534207286118,0.0,4.0,0.22222222222222218,0,46.41,0.0,0.0,False,True,False,False,False,False,False,False,False,False,False,False,False,False,False,False,True,False,False,False,False,False,False,False,False,False,False,False,False,False,False,True,False,False,False,False
India,Formal Shirt,2025-08-31,Apparel,0.0,46.41,,20.0,2.0,0.0,0.0,6,31,35,8,3,243,1,-0.7818314824680299,0.6234898018587334,-0.8660254037844385,-0.5000000000000004,0.0,1,1.0,1,0.0,1,0.0,1,0.14285714285714285,0.3779644730091894,0.0,1.0,0.07142857142857142,0.5,0.9622504486493711,0.0,3.0,0.2857142857142857,0,46.41,0.0,0.0,False,True,False,False,False,False,False,False,False,False,False,False,False,False,False,False,True,False,False,False,False,False,False,False,False,False,False,False,False,False,False,True,False,False,False,False
India,Formal Shirt,2025-09-01,Apparel,0.0,46.41,,20.0,2.0,0.0,0.0,0,1,36,9,3,244,0,0.0,1.0,-1.0,-1.8369701987210297e-16,0.0,1,0.0,1,0.0,1,2.0,1,0.0,0.0,0.0,0.0,0.07142857142857142,0.5,0.9622504486493711,0.0,3.0,0.0,0,46.41,0.0,0.0,False,True,False,False,False,False,False,False,False,False,False,False,False,False,False,False,True,False,False,False,False,False,False,False,False,False,False,False,False,False,False,True,False,False,False,False
India,Formal Shirt,2025-09-02,Apparel,0.0,46.41,,20.0,2.0,0.0,0.0,1,2,36,9,3,245,0,0.7818314824680298,0.6234898018587336,-1.0,-1.8369701987210297e-16,0.0,1,0.0,1,0.0,1,0.0,1,0.0,0.0,0.0,0.0,0.07142857142857142,0.42857142857142855,0.920087412456467,0.0,3.0,0.0,0,46.41,0.0,0.0,False,True,False,False,False,False,False,False,False,False,False,False,False,False,False,False,True,False,False,False,False,False,False,False,False,False,False,False,False,False,False,True,False,False,False,False
India,Formal Shirt,2025-09-03,Apparel,0.0,46.41,,20.0,2.0,0.0,0.0,2,3,36,9,3,246,0,0.9749279121818236,-0.22252093395631434,-1.0,-1.8369701987210297e-16,0.0,1,0.0,1,0.0,1,0.0,1,0.0,0.0,0.0,0.0,0.07142857142857142,0.42857142857142855,0.920087412456467,0.0,3.0,0.0,0,46.41,0.0,0.0,False,True,False,False,False,False,False,False,False,False,False,False,False,False,False,False,True,False,False,False,False,False,False,False,False,False,False,False,False,False,False,True,False,False,False,False
India,Formal Shirt,2025-09-04,Apparel,3.0,144.47,0.14,20.0,2.0,1.0,0.0,3,4,36,9,3,247,0,0.43388373911755823,-0.900968867902419,-1.0,-1.8369701987210297e-16,0.0,1,0.0,1,0.0,1,0.0,1,0.0,0.0,0.0,0.0,0.07142857142857142,0.42857142857142855,0.920087412456467,0.0,3.0,0.0,1,46.41,98.06,2.1129067011419953,False,True,False,False,False,False,False,False,False,False,False,False,False,False,False,False,True,False,False,False,False,False,False,False,False,False,False,False,False,False,False,True,False,False,False,False
India,Formal Shirt,2025-09-05,Apparel,0.0,144.47,,20.0,2.0,0.0,0.0,4,5,36,9,3,248,0,-0.433883739117558,-0.9009688679024191,-1.0,-1.8369701987210297e-16,3.0,1,0.0,1,0.0,1,2.0,1,0.42857142857142855,1.1338934190276697,0.0,3.0,0.2857142857142857,0.5357142857142857,1.0357370915204847,0.0,3.0,0.7999999999999999,0,144.47,0.0,0.0,False,True,False,False,False,False,False,False,False,False,False,False,False,False,False,False,True,False,False,False,False,False,False,False,False,False,False,False,False,False,False,True,False,False,False,False
India,Formal Shirt,2025-09-06,Apparel,2.0,146.98,0.05,20.0,2.0,1.0,0.0,5,6,36,9,3,249,1,-0.9749279121818236,-0.2225209339563146,-1.0,-1.8369701987210297e-16,0.0,1,0.0,1,0.0,1,3.0,1,0.42857142857142855,1.1338934190276697,0.0,3.0,0.2857142857142857,0.4642857142857143,0.9993384054849683,0.0,3.0,0.923076923076923,1,144.47,2.509999999999991,0.01737384924205711,False,True,False,False,False,False,False,False,False,False,False,False,False,False,False,False,True,False,False,False,False,False,False,False,False,False,False,False,False,False,False,True,False,False,False,False
India,Formal Shirt,2025-09-07,Apparel,0.0,146.98,,20.0,2.0,0.0,0.0,6,7,36,9,3,250,1,-0.7818314824680299,0.6234898018587334,-1.0,-1.8369701987210297e-16,2.0,1,0.0,1,1.0,1,0.0,1,0.7142857142857143,1.2535663410560074,0.0,3.0,0.42857142857142855,0.42857142857142855,0.920087412456467,0.0,3.0,1.6666666666666667,0,146.98,0.0,0.0,False,True,False,False,False,False,False,False,False,False,False,False,False,False,False,False,True,False,False,False,False,False,False,False,False,False,False,False,False,False,False,True,False,False,False,False
India,Formal Shirt,2025-09-08,Apparel,3.0,94.62,0.11,20.0,2.0,1.0,0.0,0,8,37,9,3,251,0,0.0,1.0,-1.0,-1.8369701987210297e-16,0.0,1,0.0,1,0.0,1,0.0,1,0.7142857142857143,1.2535663410560074,0.0,3.0,0.35714285714285715,0.42857142857142855,0.920087412456467,0.0,3.0,1.6666666666666667,1,146.98,-52.359999999999985,-0.3562389440740236,False,True,False,False,False,False,False,False,False,False,False,False,False,False,False,False,True,False,False,False,False,False,False,False,False,False,False,False,False,False,False,True,False,False,False,False
India,Formal Shirt,2025-09-09,Apparel,0.0,94.62,,20.0,2.0,0.0,0.0,1,9,37,9,3,252,0,0.7818314824680298,0.6234898018587336,-1.0,-1.8369701987210297e-16,3.0,1,0.0,1,0.0,1,2.0,1,1.1428571428571428,1.4638501094227918,0.0,3.0,0.5714285714285714,0.5357142857142857,1.0357370915204847,0.0,3.0,2.1333333333333333,0,94.62,0.0,0.0,False,True,False,False,False,False,False,False,False,False,False,False,False,False,False,False,True,False,False,False,False,False,False,False,False,False,False,False,False,False,False,True,False,False,False,False
India,Formal Shirt,2025-09-10,Apparel,2.0,130.98,0.12,20.0,2.0,1.0,0.0,2,10,37,9,3,253,0,0.9749279121818236,-0.22252093395631434,-1.0,-1.8369701987210297e-16,0.0,1,0.0,1,0.0,1,0.0,1,1.1428571428571428,1.4638501094227918,0.0,3.0,0.5714285714285714,0.4642857142857143,0.9993384054849683,0.0,3.0,2.4615384615384612,1,94.62,36.359999999999985,0.38427393785668973,False,True,False,False,False,False,False,False,False,False,False,False,False,False,False,False,True,False,False,False,False,False,False,False,False,False,False,False,False,False,False,True,False,False,False,False
India,Formal Shirt,2025-09-11,Apparel,0.0,130.98,,20.0,2.0,0.0,0.0,3,11,37,9,3,254,0,0.43388373911755823,-0.900968867902419,-1.0,-1.8369701987210297e-16,2.0,1,3.0,1,0.0,1,3.0,1,1.4285714285714286,1.3972762620115362,0.0,3.0,0.7142857142857143,0.5357142857142857,1.0357370915204847,0.0,3.0,2.666666666666667,0,130.98,0.0,0.0,False,True,False,False,False,False,False,False,False,False,False,False,False,False,False,False,True,False,False,False,False,False,False,False,False,False,False,False,False,False,False,True,False,False,False,False
India,Formal Shirt,2025-09-12,Apparel,5.0,128.475,0.13,20.0,2.0,1.0,1.0,4,12,37,9,3,255,0,-0.433883739117558,-0.9009688679024191,-1.0,-1.8369701987210297e-16,0.0,1,0.0,1,0.0,1,1.0,1,1.0,1.2909944487357963,0.0,3.0,0.7142857142857143,0.42857142857142855,0.920087412456467,0.0,3.0,2.3333333333333335,1,130.98,-2.5049999999999955,-0.019125057260650447,False,True,False,False,False,False,False,False,False,False,False,False,False,False,False,False,True,False,False,False,False,False,False,False,False,False,False,False,False,False,False,True,False,False,False,False
India,Formal Shirt,2025-09-13,Apparel,0.0,128.475,,20.0,2.0,0.0,0.0,5,13,37,9,3,256,1,-0.9749279121818236,-0.2225209339563146,-1.0,-1.8369701987210297e-16,5.0,1,2.0,1,0.0,1,0.0,1,1.7142857142857142,1.889822365046131,0.0,5.0,1.0714285714285714,0.5714285714285714,1.25988157669742,0.0,5.0,3.0,0,128.475,0.0,0.0,False,True,False,False,False,False,False,False,False,False,False,False,False,False,False,False,True,False,False,False,False,False,False,False,False,False,False,False,False,False,False,True,False,False,False,False
India,Formal Shirt,2025-09-14,Apparel,0.0,128.475,,20.0,2.0,0.0,0.0,6,14,37,9,3,257,1,-0.7818314824680299,0.6234898018587334,-1.0,-1.8369701987210297e-16,0.0,1,0.0,1,0.0,1,0.0,1,1.4285714285714286,1.9880595947760045,0.0,5.0,1.0714285714285714,0.5714285714285714,1.25988157669742,0.0,5.0,2.5,0,128.475,0.0,0.0,False,True,False,False,False,False,False,False,False,False,False,False,False,False,False,False,True,False,False,False,False,False,False,False,False,False,False,False,False,False,False,True,False,False,False,False
India,Formal Shirt,2025-09-15,Apparel,2.0,36.79,0.03,20.0,2.0,1.0,0.0,0,15,38,9,3,258,0,0.0,1.0,-1.0,-1.8369701987210297e-16,0.0,1,3.0,1,0.0,1,0.0,1,1.4285714285714286,1.9880595947760045,0.0,5.0,1.0714285714285714,0.5714285714285714,1.25988157669742,0.0,5.0,2.5,1,128.475,-91.685,-0.7136407861451645,False,True,False,False,False,False,False,False,False,False,False,False,False,False,False,False,True,False,False,False,False,False,False,False,False,False,False,False,False,False,False,True,False,False,False,False
India,Formal Shirt,2025-09-16,Apparel,0.0,36.79,,20.0,2.0,0.0,0.0,1,16,38,9,3,259,0,0.7818314824680298,0.6234898018587336,-1.0,-1.8369701987210297e-16,2.0,1,0.0,1,0.0,1,0.0,1,1.2857142857142858,1.88982236504613,0.0,5.0,1.2142857142857142,0.6428571428571429,1.2827714704898279,0.0,5.0,2.0,0,36.79,0.0,0.0,False,True,False,False,False,False,False,False,False,False,False,False,False,False,False,False,True,False,False,False,False,False,False,False,False,False,False,False,False,False,False,True,False,False,False,False
India,Formal Shirt,2025-09-17,Apparel,3.0,112.37,0.05,20.0,2.0,1.0,0.0,2,17,38,9,3,260,0,0.9749279121818236,-0.22252093395631434,-1.0,-1.8369701987210297e-16,0.0,1,2.0,1,0.0,1,0.0,1,1.2857142857142858,1.88982236504613,0.0,5.0,1.2142857142857142,0.6428571428571429,1.2827714704898279,0.0,5.0,2.0,1,36.79,75.58000000000001,2.0543625985322103,False,True,False,False,False,False,False,False,False,False,False,False,False,False,False,False,True,False,False,False,False,False,False,False,False,False,False,False,False,False,False,True,False,False,False,False
India,Formal Shirt,2025-09-18,Apparel,0.0,112.37,,20.0,2.0,0.0,0.0,3,18,38,9,3,261,0,0.43388373911755823,-0.900968867902419,-1.0,-1.8369701987210297e-16,3.0,1,0.0,1,3.0,1,0.0,1,1.4285714285714286,1.9880595947760045,0.0,5.0,1.4285714285714286,0.75,1.350582864571465,0.0,5.0,1.9047619047619049,0,112.37,0.0,0.0,False,True,False,False,False,False,False,False,False,False,False,False,False,False,False,False,True,False,False,False,False,False,False,False,False,False,False,False,False,False,False,True,False,False,False,False
India,Formal Shirt,2025-09-19,Apparel,0.0,112.37,,20.0,2.0,0.0,0.0,4,19,38,9,3,262,0,-0.433883739117558,-0.9009688679024191,-1.0,-1.8369701987210297e-16,0.0,1,5.0,1,0.0,1,0.0,1,1.4285714285714286,1.9880595947760045,0.0,5.0,1.2142857142857142,0.75,1.350582864571465,0.0,5.0,1.9047619047619049,0,112.37,0.0,0.0,False,True,False,False,False,False,False,False,False,False,False,False,False,False,False,False,True,False,False,False,False,False,False,False,False,False,False,False,False,False,False,True,False,False,False,False
India,Formal Shirt,2025-09-20,Apparel,0.0,112.37,,20.0,2.0,0.0,0.0,5,20,38,9,3,263,1,-0.9749279121818236,-0.2225209339563146,-1.0,-1.8369701987210297e-16,0.0,1,0.0,1,2.0,1,0.0,1,0.7142857142857143,1.2535663410560072,0.0,3.0,1.2142857142857142,0.75,1.350582864571465,0.0,5.0,0.9523809523809524,0,112.37,0.0,0.0,False,True,False,False,False,False,False,False,False,False,False,False,False,False,False,False,True,False,False,False,False,False,False,False,False,False,False,False,False,False,False,True,False,False,False,False
India,Formal Shirt,2025-09-21,Apparel,0.0,112.37,,20.0,2.0,0.0,0.0,6,21,38,9,3,264,1,-0.7818314824680299,0.6234898018587334,-1.0,-1.8369701987210297e-16,0.0,1,0.0,1,0.0,1,1.0,1,0.7142857142857143,1.2535663410560072,0.0,3.0,1.0714285714285714,0.75,1.350582864571465,0.0,5.0,0.9523809523809524,0,112.37,0.0,0.0,False,True,False,False,False,False,False,False,False,False,False,False,False,False,False,False,True,False,False,False,False,False,False,False,False,False,False,False,False,False,False,True,False,False,False,False
India,Formal Shirt,2025-09-22,Apparel,3.0,127.88,0.09,20.0,2.0,1.0,0.0,0,22,39,9,3,265,0,0.0,1.0,-1.0,-1.8369701987210297e-16,0.0,1,2.0,1,3.0,1,0.0,1,0.7142857142857143,1.2535663410560072,0.0,3.0,1.0714285714285714,0.7142857142857143,1.3569339855976161,0.0,5.0,1.0,1,112.37,15.509999999999991,0.1380261635667882,False,True,False,False,False,False,False,False,False,False,False,False,False,False,False,False,True,False,False,False,False,False,False,False,False,False,False,False,False,False,False,True,False,False,False,False
India,Formal Shirt,2025-09-23,Apparel,1.0,76.13,0.02,20.0,2.0,1.0,0.0,1,23,39,9,3,266,0,0.7818314824680298,0.6234898018587336,-1.0,-1.8369701987210297e-16,3.0,1,0.0,1,0.0,1,0.0,1,0.8571428571428571,1.4638501094227911,0.0,3.0,1.0714285714285714,0.8214285714285714,1.4156158567804487,0.0,5.0,1.0434782608695652,1,127.88,-51.75,-0.4046762589928058,False,True,False,False,False,False,False,False,False,False,False,False,False,False,False,False,True,False,False,False,False,False,False,False,False,False,False,False,False,False,False,True,False,False,False,False
India,Formal Shirt,2025-09-24,Apparel,0.0,76.13,,20.0,2.0,0.0,0.0,2,24,39,9,3,267,0,0.9749279121818236,-0.22252093395631434,-1.0,-1.8369701987210297e-16,1.0,1,3.0,1,2.0,1,0.0,1,1.0,1.4142135623730865,0.0,3.0,1.1428571428571428,0.8571428571428571,1.4067110502288551,0.0,5.0,1.1666666666666667,0,76.13,0.0,0.0,False,True,False,False,False,False,False,False,False,False,False,False,False,False,False,False,True,False,False,False,False,False,False,False,False,False,False,False,False,False,False,True,False,False,False,False
India,Formal Shirt,2025-09-25,Apparel,0.0,76.13,,20.0,2.0,0.0,0.0,3,25,39,9,3,268,0,0.43388373911755823,-0.900968867902419,-1.0,-1.8369701987210297e-16,0.0,1,0.0,1,0.0,1,0.0,1,0.5714285714285714,1.13389341902767,0.0,3.0,1.0,0.8571428571428571,1.4067110502288551,0.0,5.0,0.6666666666666666,0,76.13,0.0,0.0,False,True,False,False,False,False,False,False,False,False,False,False,False,False,False,False,True,False,False,False,False,False,False,False,False,False,False,False,False,False,False,True,False,False,False,False
India,Formal Shirt,2025-09-26,Apparel,0.0,76.13,,20.0,2.0,0.0,0.0,4,26,39,9,3,269,0,-0.433883739117558,-0.9009688679024191,-1.0,-1.8369701987210297e-16,0.0,1,0.0,1,5.0,1,0.0,1,0.5714285714285714,1.13389341902767,0.0,3.0,1.0,0.8571428571428571,1.4067110502288551,0.0,5.0,0.6666666666666666,0,76.13,0.0,0.0,False,True,False,False,False,False,False,False,False,False,False,False,False,False,False,False,True,False,False,False,False,False,False,False,False,False,False,False,False,False,False,True,False,False,False,False
India,Formal Shirt,2025-09-27,Apparel,1.0,31.39,0.12,20.0,2.0,1.0,0.0,5,27,39,9,3,270,1,-0.9749279121818236,-0.2225209339563146,-1.0,-1.8369701987210297e-16,0.0,1,0.0,1,0.0,1,0.0,1,0.5714285714285714,1.13389341902767,0.0,3.0,0.6428571428571429,0.8571428571428571,1.4067110502288551,0.0,5.0,0.6666666666666666,1,76.13,-44.739999999999995,-0.5876789701825824,False,True,False,False,False,False,False,False,False,False,False,False,False,False,False,False,True,False,False,False,False,False,False,False,False,False,False,False,False,False,False,True,False,False,False,False
India,Formal Shirt,2025-09-28,Apparel,0.0,31.39,,20.0,2.0,0.0,0.0,6,28,39,9,3,271,1,-0.7818314824680299,0.6234898018587334,-1.0,-1.8369701987210297e-16,1.0,1,0.0,1,0.0,1,0.0,1,0.7142857142857143,1.112697280528362,0.0,3.0,0.7142857142857143,0.8928571428571429,1.3968028497458727,0.0,5.0,0.7999999999999999,0,31.39,0.0,0.0,False,True,False,False,False,False,False,False,False,False,False,False,False,False,False,False,True,False,False,False,False,False,False,False,False,False,False,False,False,False,False,True,False,False,False,False
India,Formal Shirt,2025-09-29,Apparel,0.0,31.39,,20.0,2.0,0.0,0.0,0,29,40,9,3,272,0,0.0,1.0,-1.0,-1.8369701987210297e-16,0.0,1,3.0,1,2.0,1,0.0,1,0.7142857142857143,1.112697280528362,0.0,3.0,0.7142857142857143,0.8928571428571429,1.3968028497458727,0.0,5.0,0.7999999999999999,0,31.39,0.0,0.0,False,True,False,False,False,False,False,False,False,False,False,False,False,False,False,False,True,False,False,False,False,False,False,False,False,False,False,False,False,False,False,True,False,False,False,False
India,Formal Shirt,2025-09-30,Apparel,0.0,31.39,,20.0,2.0,0.0,0.0,1,30,40,9,3,273,0,0.7818314824680298,0.6234898018587336,-1.0,-1.8369701987210297e-16,0.0,1,1.0,1,0.0,1,0.0,1,0.2857142857142857,0.4879500364742374,0.0,1.0,0.5714285714285714,0.8928571428571429,1.3968028497458727,0.0,5.0,0.31999999999999995,0,31.39,0.0,0.0,False,True,False,False,False,False,False,False,False,False,False,False,False,False,False,False,True,False,False,False,False,False,False,False,False,False,False,False,False,False,False,True,False,False,False,False
India,Formal Shirt,2025-10-01,Apparel,0.0,31.39,,20.0,2.0,0.0,0.0,2,1,40,10,4,274,0,0.9749279121818236,-0.22252093395631434,-0.8660254037844386,0.5000000000000001,0.0,1,0.0,1,3.0,1,0.0,1,0.14285714285714285,0.37796447300918845,0.0,1.0,0.5714285714285714,0.8928571428571429,1.3968028497458727,0.0,5.0,0.15999999999999998,0,31.39,0.0,0.0,False,True,False,False,False,False,False,False,False,False,False,False,False,False,False,False,True,False,False,False,False,False,False,False,False,False,False,False,False,False,False,True,False,False,False,False
India,Formal Shirt,2025-10-02,Apparel,3.0,72.06,0.1,20.0,2.0,1.0,0.0,3,2,40,10,4,275,0,0.43388373911755823,-0.900968867902419,-0.8660254037844386,0.5000000000000001,0.0,1,0.0,1,0.0,1,3.0,1,0.14285714285714285,0.37796447300918845,0.0,1.0,0.35714285714285715,0.8928571428571429,1.3968028497458727,0.0,5.0,0.15999999999999998,1,31.39,40.67,1.2956355527237975,False,True,False,False,False,False,False,False,False,False,False,False,False,False,False,False,True,False,False,False,False,False,False,False,False,False,False,False,False,False,False,True,False,False,False,False
India,Formal Shirt,2025-10-03,Apparel,0.0,72.06,,20.0,2.0,0.0,0.0,4,3,40,10,4,276,0,-0.433883739117558,-0.9009688679024191,-0.8660254037844386,0.5000000000000001,3.0,1,0.0,1,0.0,1,0.0,1,0.5714285714285714,1.13389341902767,0.0,3.0,0.5714285714285714,0.8928571428571429,1.3968028497458727,0.0,5.0,0.6399999999999999,0,72.06,0.0,0.0,False,True,False,False,False,False,False,False,False,False,False,False,False,False,False,False,True,False,False,False,False,False,False,False,False,False,False,False,False,False,False,True,False,False,False,False
India,Formal Shirt,2025-10-04,Apparel,0.0,72.06,,20.0,2.0,0.0,0.0,5,4,40,10,4,277,1,-0.9749279121818236,-0.2225209339563146,-0.8660254037844386,0.5000000000000001,0.0,1,1.0,1,0.0,1,2.0,1,0.5714285714285714,1.13389341902767,0.0,3.0,0.5714285714285714,0.8928571428571429,1.3968028497458727,0.0,5.0,0.6399999999999999,0,72.06,0.0,0.0,False,True,False,False,False,False,False,False,False,False,False,False,False,False,False,False,True,False,False,False,False,False,False,False,False,False,False,False,False,False,False,True,False,False,False,False
India,Formal Shirt,2025-10-05,Apparel,0.0,72.06,,20.0,2.0,0.0,0.0,6,5,40,10,4,278,1,-0.7818314824680299,0.6234898018587334,-0.8660254037844386,0.5000000000000001,0.0,1,0.0,1,0.0,1,0.0,1,0.42857142857142855,1.1338934190276695,0.0,3.0,0.5714285714285714,0.8214285714285714,1.3892063129334569,0.0,5.0,0.5217391304347826,0,72.06,0.0,0.0,False,True,False,False,False,False,False,False,False,False,False,False,False,False,False,False,True,False,False,False,False,False,False,False,False,False,False,False,False,False,False,True,False,False,False,False
India,Formal Shirt,2025-10-06,Apparel,0.0,72.06,,20.0,2.0,0.0,0.0,0,6,41,10,4,279,0,0.0,1.0,-0.8660254037844386,0.5000000000000001,0.0,1,0.0,1,3.0,1,3.0,1,0.42857142857142855,1.1338934190276695,0.0,3.0,0.5714285714285714,0.8214285714285714,1.3892063129334569,0.0,5.0,0.5217391304347826,0,72.06,0.0,0.0,False,True,False,False,False,False,False,False,False,False,False,False,False,False,False,False,True,False,False,False,False,False,False,False,False,False,False,False,False,False,False,True,False,False,False,False
India,Formal Shirt,2025-10-07,Apparel,0.0,72.06,,20.0,2.0,0.0,0.0,1,7,41,10,4,280,0,0.7818314824680298,0.6234898018587336,-0.8660254037844386,0.5000000000000001,0.0,1,0.0,1,1.0,1,0.0,1,0.42857142857142855,1.1338934190276695,0.0,3.0,0.35714285714285715,0.7142857142857143,1.329359156584765,0.0,5.0,0.6,0,72.06,0.0,0.0,False,True,False,False,False,False,False,False,False,False,False,False,False,False,False,False,True,False,False,False,False,False,False,False,False,False,False,False,False,False,False,True,False,False,False,False
India,Formal Shirt,2025-10-08,Apparel,0.0,72.06,,20.0,2.0,0.0,0.0,2,8,41,10,4,281,0,0.9749279121818236,-0.22252093395631434,-0.8660254037844386,0.5000000000000001,0.0,1,0.0,1,0.0,1,2.0,1,0.42857142857142855,1.1338934190276695,0.0,3.0,0.2857142857142857,0.7142857142857143,1.329359156584765,0.0,5.0,0.6,0,72.06,0.0,0.0,False,True,False,False,False,False,False,False,False,False,False,False,False,False,False,False,True,False,False,False,False,False,False,False,False,False,False,False,False,False,False,True,False,False,False,False
India,Formal Shirt,2025-10-09,Apparel,2.0,148.32,0.05,20.0,2.0,1.0,0.0,3,9,41,10,4,282,0,0.43388373911755823,-0.900968867902419,-0.8660254037844386,0.5000000000000001,0.0,1,3.0,1,0.0,1,0.0,1,0.42857142857142855,1.1338934190276695,0.0,3.0,0.2857142857142857,0.6428571428571429,1.3113263207824015,0.0,5.0,0.6666666666666666,1,72.06,76.25999999999999,1.0582847626977516,False,True,False,False,False,False,False,False,False,False,False,False,False,False,False,False,True,False,False,False,False,False,False,False,False,False,False,False,False,False,False,True,False,False,False,False
India,Formal Shirt,2025-10-10,Apparel,0.0,148.32,,20.0,2.0,0.0,0.0,4,10,41,10,4,283,0,-0.433883739117558,-0.9009688679024191,-0.8660254037844386,0.5000000000000001,2.0,1,0.0,1,0.0,1,5.0,1,0.2857142857142857,0.7559289460184356,0.0,2.0,0.42857142857142855,0.7142857142857143,1.329359156584765,0.0,5.0,0.39999999999999997,0,148.32,0.0,0.0,False,True,False,False,False,False,False,False,False,False,False,False,False,False,False,False,True,False,False,False,False,False,False,False,False,False,False,False,False,False,False,True,False,False,False,False
India,Formal Shirt,2025-10-11,Apparel,2.0,18.39,0.11,20.0,2.0,1.0,0.0,5,11,41,10,4,284,1,-0.9749279121818236,-0.2225209339563146,-0.8660254037844386,0.5000000000000001,0.0,1,0.0,1,1.0,1,0.0,1,0.2857142857142857,0.7559289460184356,0.0,2.0,0.42857142857142855,0.5357142857142857,1.0357370915204847,0.0,3.0,0.5333333333333333,1,148.32,-129.93,-0.8760113268608415,False,True,False,False,False,False,False,False,False,False,False,False,False,False,False,False,True,False,False,False,False,False,False,False,False,False,False,False,False,False,False,True,False,False,False,False
India,Formal Shirt,2025-10-12,Apparel,1.0,124.49,0.05,20.0,2.0,1.0,0.0,6,12,41,10,4,285,1,-0.7818314824680299,0.6234898018587334,-0.8660254037844386,0.5000000000000001,2.0,1,0.0,1,0.0,1,0.0,1,0.5714285714285714,0.9759000729485194,0.0,2.0,0.5,0.6071428571428571,1.0659471779799299,0.0,3.0,0.9411764705882353,1,18.39,106.1,5.7694399129961935,False,True,False,False,False,False,False,False,False,False,False,False,False,False,False,False,True,False,False,False,False,False,False,False,False,False,False,False,False,False,False,True,False,False,False,False
India,Formal Shirt,2025-10-13,Apparel,0.0,124.49,,20.0,2.0,0.0,0.0,0,13,42,10,4,286,0,0.0,1.0,-0.8660254037844386,0.5000000000000001,1.0,1,0.0,1,0.0,1,2.0,1,0.7142857142857143,0.9511897312113282,0.0,2.0,0.5714285714285714,0.6428571428571429,1.0615950861718026,0.0,3.0,1.1111111111111112,0,124.49,0.0,0.0,False,True,False,False,False,False,False,False,False,False,False,False,False,False,False,False,True,False,False,False,False,False,False,False,False,False,False,False,False,False,False,True,False,False,False,False
India,Formal Shirt,2025-10-14,Apparel,5.0,36.74,0.11,20.0,2.0,1.0,1.0,1,14,42,10,4,287,0,0.7818314824680298,0.6234898018587336,-0.8660254037844386,0.5000000000000001,0.0,1,0.0,1,0.0,1,0.0,1,0.7142857142857143,0.9511897312113282,0.0,2.0,0.5714285714285714,0.5714285714285714,1.033819650027537,0.0,3.0,1.25,1,124.49,-87.75,-0.7048758936460761,False,True,False,False,False,False,False,False,False,False,False,False,False,False,False,False,True,False,False,False,False,False,False,False,False,False,False,False,False,False,False,True,False,False,False,False
India,Formal Shirt,2025-10-15,Apparel,0.0,36.74,,20.0,2.0,0.0,0.0,2,15,42,10,4,288,0,0.9749279121818236,-0.22252093395631434,-0.8660254037844386,0.5000000000000001,5.0,1,0.0,1,0.0,1,3.0,1,1.4285714285714286,1.8126539343499255,0.0,5.0,0.9285714285714286,0.75,1.3228756555322916,0.0,5.0,1.9047619047619049,0,36.74,0.0,0.0,False,True,False,False,False,False,False,False,False,False,False,False,False,False,False,False,True,False,False,False,False,False,False,False,False,False,False,False,False,False,False,True,False,False,False,False
India,Formal Shirt,2025-10-16,Apparel,0.0,36.74,,20.0,2.0,0.0,0.0,3,16,42,10,4,289,0,0.43388373911755823,-0.900968867902419,-0.8660254037844386,0.5000000000000001,0.0,1,2.0,1,3.0,1,0.0,1,1.4285714285714286,1.8126539343499255,0.0,5.0,0.9285714285714286,0.6428571428571429,1.2535663410560134,0.0,5.0,2.2222222222222223,0,36.74,0.0,0.0,False,True,False,False,False,False,False,False,False,False,False,False,False,False,False,False,True,False,False,False,False,False,False,False,False,False,False,False,False,False,False,True,False,False,False,False
India,Formal Shirt,2025-10-17,Apparel,1.0,127.55,0.1,20.0,2.0,1.0,0.0,4,17,42,10,4,290,0,-0.433883739117558,-0.9009688679024191,-0.8660254037844386,0.5000000000000001,0.0,1,0.0,1,0.0,1,0.0,1,1.1428571428571428,1.8644544714716027,0.0,5.0,0.7142857142857143,0.6428571428571429,1.2535663410560134,0.0,5.0,1.7777777777777775,1,36.74,90.81,2.4716929776810015,False,True,False,False,False,False,False,False,False,False,False,False,False,False,False,False,True,False,False,False,False,False,False,False,False,False,False,False,False,False,False,True,False,False,False,False
India,Formal Shirt,2025-10-18,Apparel,3.0,94.78,0.01,20.0,2.0,1.0,0.0,5,18,42,10,4,291,1,-0.9749279121818236,-0.2225209339563146,-0.8660254037844386,0.5000000000000001,1.0,1,2.0,1,0.0,1,0.0,1,1.2857142857142858,1.7994708216848685,0.0,5.0,0.7857142857142857,0.6785714285714286,1.2488089563755536,0.0,5.0,1.8947368421052633,1,127.55,-32.769999999999996,-0.2569188553508428,False,True,False,False,False,False,False,False,False,False,False,False,False,False,False,False,True,False,False,False,False,False,False,False,False,False,False,False,False,False,False,True,False,False,False,False
India,Formal Shirt,2025-10-19,Apparel,2.0,136.45,0.1,20.0,2.0,1.0,0.0,6,19,42,10,4,292,1,-0.7818314824680299,0.6234898018587334,-0.8660254037844386,0.5000000000000001,3.0,1,1.0,1,0.0,1,0.0,1,1.4285714285714286,1.9023794624226782,0.0,5.0,1.0,0.7857142857142857,1.3153549825650566,0.0,5.0,1.8181818181818183,1,94.78,41.66999999999999,0.4396497151297741,False,True,False,False,False,False,False,False,False,False,False,False,False,False,False,False,True,False,False,False,False,False,False,False,False,False,False,False,False,False,False,True,False,False,False,False
India,Formal Shirt,2025-10-20,Apparel,2.0,23.91,0.03,20.0,2.0,1.0,0.0,0,20,43,10,4,293,0,0.0,1.0,-0.8660254037844386,0.5000000000000001,2.0,1,0.0,1,0.0,1,3.0,1,1.5714285714285714,1.9023794624226784,0.0,5.0,1.1428571428571428,0.8571428571428571,1.3253730631840028,0.0,5.0,1.8333333333333335,1,136.45,-112.53999999999999,-0.8247709783803591,False,True,False,False,False,False,False,False,False,False,False,False,False,False,False,False,True,False,False,False,False,False,False,False,False,False,False,False,False,False,False,True,False,False,False,False
India,Formal Shirt,2025-10-21,Apparel,0.0,23.91,,20.0,2.0,0.0,0.0,1,21,43,10,4,294,0,0.7818314824680298,0.6234898018587336,-0.8660254037844386,0.5000000000000001,2.0,1,5.0,1,0.0,1,1.0,1,1.8571428571428572,1.7728105208558314,0.0,5.0,1.2857142857142858,0.8214285714285714,1.2781227967601052,0.0,5.0,2.2608695652173916,0,23.91,0.0,0.0,False,True,False,False,False,False,False,False,False,False,False,False,False,False,False,False,True,False,False,False,False,False,False,False,False,False,False,False,False,False,False,True,False,False,False,False
India,Formal Shirt,2025-10-22,Apparel,3.0,103.4,0.11,20.0,2.0,1.0,0.0,2,22,43,10,4,295,0,0.9749279121818236,-0.22252093395631434,-0.8660254037844386,0.5000000000000001,0.0,1,0.0,1,0.0,1,0.0,1,1.1428571428571428,1.214985792587902,0.0,3.0,1.2857142857142858,0.7857142857142857,1.2868895275370942,0.0,5.0,1.4545454545454546,1,23.91,79.49000000000001,3.324550397323296,False,True,False,False,False,False,False,False,False,False,False,False,False,False,False,False,True,False,False,False,False,False,False,False,False,False,False,False,False,False,False,True,False,False,False,False
India,Formal Shirt,2025-10-23,Apparel,0.0,103.4,,20.0,2.0,0.0,0.0,3,23,43,10,4,296,0,0.43388373911755823,-0.900968867902419,-0.8660254037844386,0.5000000000000001,3.0,1,0.0,1,2.0,1,0.0,1,1.5714285714285714,1.2724180205606954,0.0,3.0,1.5,0.8928571428571429,1.3427248612094893,0.0,5.0,1.7599999999999998,0,103.4,0.0,0.0,False,True,False,False,False,False,False,False,False,False,False,False,False,False,False,False,True,False,False,False,False,False,False,False,False,False,False,False,False,False,False,True,False,False,False,False
India,Formal Shirt,2025-10-24,Apparel,0.0,103.4,,20.0,2.0,0.0,0.0,4,24,43,10,4,297,0,-0.433883739117558,-0.9009688679024191,-0.8660254037844386,0.5000000000000001,0.0,1,1.0,1,0.0,1,0.0,1,1.5714285714285714,1.2724180205606954,0.0,3.0,1.3571428571428572,0.8928571428571429,1.3427248612094893,0.0,5.0,1.7599999999999998,0,103.4,0.0,0.0,False,True,False,False,False,False,False,False,False,False,False,False,False,False,False,False,True,False,False,False,False,False,False,False,False,False,False,False,False,False,False,True,False,False,False,False
India,Formal Shirt,2025-10-25,Apparel,0.0,103.4,,20.0,2.0,0.0,0.0,5,25,43,10,4,298,1,-0.9749279121818236,-0.2225209339563146,-0.8660254037844386,0.5000000000000001,0.0,1,3.0,1,2.0,1,1.0,1,1.4285714285714286,1.397276262011536,0.0,3.0,1.3571428571428572,0.8928571428571429,1.3427248612094893,0.0,5.0,1.5999999999999999,0,103.4,0.0,0.0,False,True,False,False,False,False,False,False,False,False,False,False,False,False,False,False,True,False,False,False,False,False,False,False,False,False,False,False,False,False,False,True,False,False,False,False
India,Formal Shirt,2025-10-26,Apparel,0.0,103.4,,20.0,2.0,0.0,0.0,6,26,43,10,4,299,1,-0.7818314824680299,0.6234898018587334,-0.8660254037844386,0.5000000000000001,0.0,1,2.0,1,1.0,1,0.0,1,1.0,1.290994448735796,0.0,3.0,1.2142857142857142,0.8571428571428571,1.353029131500065,0.0,5.0,1.1666666666666667,0,103.4,0.0,0.0,False,True,False,False,False,False,False,False,False,False,False,False,False,False,False,False,True,False,False,False,False,False,False,False,False,False,False,False,False,False,False,True,False,False,False,False
India,Formal Shirt,2025-10-27,Apparel,0.0,103.4,,20.0,2.0,0.0,0.0,0,27,44,10,4,300,0,0.0,1.0,-0.8660254037844386,0.5000000000000001,0.0,1,2.0,1,0.0,1,0.0,1,0.7142857142857143,1.2535663410560067,0.0,3.0,1.1428571428571428,0.8571428571428571,1.353029131500065,0.0,5.0,0.8333333333333334,0,103.4,0.0,0.0,False,True,False,False,False,False,False,False,False,False,False,False,False,False,False,False,True,False,False,False,False,False,False,False,False,False,False,False,False,False,False,True,False,False,False,False
India,Formal Shirt,2025-10-28,Apparel,0.0,103.4,,20.0,2.0,0.0,0.0,1,28,44,10,4,301,0,0.7818314824680298,0.6234898018587336,-0.8660254037844386,0.5000000000000001,0.0,1,0.0,1,5.0,1,0.0,1,0.42857142857142855,1.1338934190276688,0.0,3.0,1.1428571428571428,0.8571428571428571,1.353029131500065,0.0,5.0,0.5,0,103.4,0.0,0.0,False,True,False,False,False,False,False,False,False,False,False,False,False,False,False,False,True,False,False,False,False,False,False,False,False,False,False,False,False,False,False,True,False,False,False,False
India,Formal Shirt,2025-10-29,Apparel,0.0,103.4,,20.0,2.0,0.0,0.0,2,29,44,10,4,302,0,0.9749279121818236,-0.22252093395631434,-0.8660254037844386,0.5000000000000001,0.0,1,3.0,1,0.0,1,0.0,1,0.42857142857142855,1.1338934190276688,0.0,3.0,0.7857142857142857,0.8571428571428571,1.353029131500065,0.0,5.0,0.5,0,103.4,0.0,0.0,False,True,False,False,False,False,False,False,False,False,False,False,False,False,False,False,True,False,False,False,False,False,False,False,False,False,False,False,False,False,False,True,False,False,False,False
India,Formal Shirt,2025-10-30,Apparel,0.0,103.4,,20.0,2.0,0.0,0.0,3,30,44,10,4,303,0,0.43388373911755823,-0.900968867902419,-0.8660254037844386,0.5000000000000001,0.0,1,0.0,1,0.0,1,3.0,1,0.0,0.0,0.0,0.0,0.7857142857142857,0.8571428571428571,1.353029131500065,0.0,5.0,0.0,0,103.4,0.0,0.0,False,True,False,False,False,False,False,False,False,False,False,False,False,False,False,False,True,False,False,False,False,False,False,False,False,False,False,False,False,False,False,True,False,False,False,False
India,Formal Shirt,2025-10-31,Apparel,0.0,103.4,,20.0,2.0,0.0,0.0,4,31,44,10,4,304,0,-0.433883739117558,-0.9009688679024191,-0.8660254037844386,0.5000000000000001,0.0,1,0.0,1,1.0,1,0.0,1,0.0,0.0,0.0,0.0,0.7857142857142857,0.75,1.2945755775256675,0.0,5.0,0.0,0,103.4,0.0,0.0,False,True,False,False,False,False,False,False,False,False,False,False,False,False,False,False,True,False,False,False,False,False,False,False,False,False,False,False,False,False,False,True,False,False,False,False
India,Formal Shirt,2025-11-01,Apparel,0.0,103.4,,20.0,2.0,0.0,0.0,5,1,44,11,4,305,1,-0.9749279121818236,-0.2225209339563146,-0.5000000000000004,0.8660254037844384,0.0,1,0.0,1,3.0,1,0.0,1,0.0,0.0,0.0,0.0,0.7142857142857143,0.75,1.2945755775256675,0.0,5.0,0.0,0,103.4,0.0,0.0,False,True,False,False,False,False,False,False,False,False,False,False,False,False,False,False,True,False,False,False,False,False,False,False,False,False,False,False,False,False,False,True,False,False,False,False
India,Formal Shirt,2025-11-02,Apparel,4.0,137.35,0.16,20.0,2.0,1.0,0.0,6,2,44,11,4,306,1,-0.7818314824680299,0.6234898018587334,-0.5000000000000004,0.8660254037844384,0.0,1,0.0,1,2.0,1,0.0,1,0.0,0.0,0.0,0.0,0.5,0.75,1.2945755775256675,0.0,5.0,0.0,1,103.4,33.94999999999999,0.3283365570599612,False,True,False,False,False,False,False,False,False,False,False,False,False,False,False,False,True,False,False,False,False,False,False,False,False,False,False,False,False,False,False,True,False,False,False,False
India,Formal Shirt,2025-11-03,Apparel,0.0,137.35,,20.0,2.0,0.0,0.0,0,3,45,11,4,307,0,0.0,1.0,-0.5000000000000004,0.8660254037844384,4.0,1,0.0,1,2.0,1,0.0,1,0.5714285714285714,1.5118578920368997,0.0,4.0,0.6428571428571429,0.8928571428571429,1.423071423060791,0.0,5.0,0.6399999999999999,0,137.35,0.0,0.0,False,True,False,False,False,False,False,False,False,False,False,False,False,False,False,False,True,False,False,False,False,False,False,False,False,False,False,False,False,False,False,True,False,False,False,False
India,Formal Shirt,2025-11-04,Apparel,5.0,92.95,0.27,20.0,2.0,1.0,1.0,1,4,45,11,4,308,0,0.7818314824680298,0.6234898018587336,-0.5000000000000004,0.8660254037844384,0.0,1,0.0,1,0.0,1,0.0,1,0.5714285714285714,1.5118578920368997,0.0,4.0,0.5,0.8928571428571429,1.423071423060791,0.0,5.0,0.6399999999999999,1,137.35,-44.39999999999999,-0.32326174008008735,False,True,False,False,False,False,False,False,False,False,False,False,False,False,False,False,True,False,False,False,False,False,False,False,False,False,False,False,False,False,False,True,False,False,False,False
India,Formal Shirt,2025-11-05,Apparel,0.0,92.95,,20.0,2.0,0.0,0.0,2,5,45,11,4,309,0,0.9749279121818236,-0.22252093395631434,-0.5000000000000004,0.8660254037844384,5.0,1,0.0,1,3.0,1,0.0,1,1.2857142857142858,2.214669705568278,0.0,5.0,0.8571428571428571,1.0714285714285714,1.6085091194337622,0.0,5.0,1.2000000000000002,0,92.95,0.0,0.0,False,True,False,False,False,False,False,False,False,False,False,False,False,False,False,False,True,False,False,False,False,False,False,False,False,False,False,False,False,False,False,True,False,False,False,False
India,Formal Shirt,2025-11-06,Apparel,6.0,58.285000000000004,0.21,20.0,2.0,1.0,1.0,3,6,45,11,4,310,0,0.43388373911755823,-0.900968867902419,-0.5000000000000004,0.8660254037844384,0.0,1,0.0,1,0.0,1,2.0,1,1.2857142857142858,2.214669705568278,0.0,5.0,0.6428571428571429,1.0714285714285714,1.6085091194337622,0.0,5.0,1.2000000000000002,1,92.95,-34.665,-0.3729424421732114,False,True,False,False,False,False,False,False,False,False,False,False,False,False,False,False,True,False,False,False,False,False,False,False,False,False,False,False,False,False,False,True,False,False,False,False
India,Formal Shirt,2025-11-07,Apparel,0.0,58.285000000000004,,20.0,2.0,0.0,0.0,4,7,45,11,4,311,0,-0.433883739117558,-0.9009688679024191,-0.5000000000000004,0.8660254037844384,6.0,1,0.0,1,0.0,1,0.0,1,2.142857142857143,2.734262327610586,0.0,6.0,1.0714285714285714,1.2142857142857142,1.8530683834824941,0.0,6.0,1.7647058823529413,0,58.285000000000004,0.0,0.0,False,True,False,False,False,False,False,False,False,False,False,False,False,False,False,False,True,False,False,False,False,False,False,False,False,False,False,False,False,False,False,True,False,False,False,False
India,Formal Shirt,2025-11-08,Apparel,0.0,58.285000000000004,,20.0,2.0,0.0,0.0,5,8,45,11,4,312,1,-0.9749279121818236,-0.2225209339563146,-0.5000000000000004,0.8660254037844384,0.0,1,0.0,1,0.0,1,2.0,1,2.142857142857143,2.734262327610586,0.0,6.0,1.0714285714285714,1.2142857142857142,1.8530683834824941,0.0,6.0,1.7647058823529413,0,58.285000000000004,0.0,0.0,False,True,False,False,False,False,False,False,False,False,False,False,False,False,False,False,True,False,False,False,False,False,False,False,False,False,False,False,False,False,False,True,False,False,False,False
India,Formal Shirt,2025-11-09,Apparel,3.0,120.15,0.23,20.0,2.0,1.0,0.0,6,9,45,11,4,313,1,-0.7818314824680299,0.6234898018587334,-0.5000000000000004,0.8660254037844384,0.0,1,4.0,1,0.0,1,1.0,1,2.142857142857143,2.734262327610586,0.0,6.0,1.0714285714285714,1.1428571428571428,1.8601928556785314,0.0,6.0,1.875,1,58.285000000000004,61.865,1.0614223213519773,False,True,False,False,False,False,False,False,False,False,False,False,False,False,False,False,True,False,False,False,False,False,False,False,False,False,False,False,False,False,False,True,False,False,False,False
India,Formal Shirt,2025-11-10,Apparel,8.0,127.29499999999999,0.23,20.0,2.0,1.0,1.0,0,10,46,11,4,314,0,0.0,1.0,-0.5000000000000004,0.8660254037844384,3.0,1,0.0,1,0.0,1,0.0,1,2.0,2.645751311064587,0.0,6.0,1.2857142857142858,1.2142857142857142,1.8926200310708357,0.0,6.0,1.647058823529412,1,120.15,7.144999999999982,0.059467332501040214,False,True,False,False,False,False,False,False,False,False,False,False,False,False,False,False,True,False,False,False,False,False,False,False,False,False,False,False,False,False,False,True,False,False,False,False
India,Formal Shirt,2025-11-11,Apparel,3.0,29.92,0.16,20.0,2.0,1.0,0.0,1,11,46,11,4,315,0,0.7818314824680298,0.6234898018587336,-0.5000000000000004,0.8660254037844384,8.0,1,5.0,1,0.0,1,5.0,1,3.142857142857143,3.2877840272018783,0.0,8.0,1.8571428571428572,1.5,2.2689530951846795,0.0,8.0,2.0952380952380953,1,127.29499999999999,-97.37499999999999,-0.7649554185160453,False,True,False,False,False,False,False,False,False,False,False,False,False,False,False,False,True,False,False,False,False,False,False,False,False,False,False,False,False,False,False,True,False,False,False,False
India,Formal Shirt,2025-11-12,Apparel,2.0,141.95,0.18,20.0,2.0,1.0,0.0,2,12,46,11,4,316,0,0.9749279121818236,-0.22252093395631434,-0.5000000000000004,0.8660254037844384,3.0,1,0.0,1,0.0,1,0.0,1,2.857142857142857,3.1847852585154204,0.0,8.0,2.0714285714285716,1.4285714285714286,2.18460220005537,0.0,8.0,2.0,1,29.92,112.02999999999999,3.744318181818181,False,True,False,False,False,False,False,False,False,False,False,False,False,False,False,False,True,False,False,False,False,False,False,False,False,False,False,False,False,False,False,True,False,False,False,False
India,Formal Shirt,2025-11-13,Apparel,2.0,61.01,0.24,20.0,2.0,1.0,0.0,3,13,46,11,4,317,0,0.43388373911755823,-0.900968867902419,-0.5000000000000004,0.8660254037844384,2.0,1,6.0,1,0.0,1,0.0,1,3.142857142857143,2.968084198523317,0.0,8.0,2.2142857142857144,1.5,2.1688023662159015,0.0,8.0,2.0952380952380953,1,141.95,-80.94,-0.5702007749207467,False,True,False,False,False,False,False,False,False,False,False,False,False,False,False,False,True,False,False,False,False,False,False,False,False,False,False,False,False,False,False,True,False,False,False,False
India,Formal Shirt,2025-11-14,Apparel,4.0,146.74,0.29,20.0,2.0,1.0,0.0,4,14,46,11,4,318,0,-0.433883739117558,-0.9009688679024191,-0.5000000000000004,0.8660254037844384,2.0,1,0.0,1,0.0,1,1.0,1,2.5714285714285716,2.6992062325273096,0.0,8.0,2.357142857142857,1.5714285714285714,2.1504275445451806,0.0,8.0,1.6363636363636365,1,61.01,85.73000000000002,1.4051794787739718,False,True,False,False,False,False,False,False,False,False,False,False,False,False,False,False,True,False,False,False,False,False,False,False,False,False,False,False,False,False,False,True,False,False,False,False
India,Formal Shirt,2025-11-15,Apparel,0.0,146.74,,20.0,2.0,0.0,0.0,5,15,46,11,4,319,1,-0.9749279121818236,-0.2225209339563146,-0.5000000000000004,0.8660254037844384,4.0,1,0.0,1,0.0,1,3.0,1,3.142857142857143,2.4784787961282086,0.0,8.0,2.642857142857143,1.6785714285714286,2.1951726740243145,0.0,8.0,1.872340425531915,0,146.74,0.0,0.0,False,True,False,False,False,False,False,False,False,False,False,False,False,False,False,False,True,False,False,False,False,False,False,False,False,False,False,False,False,False,False,True,False,False,False,False
India,Formal Shirt,2025-11-16,Apparel,2.0,102.53,0.24,20.0,2.0,1.0,0.0,6,16,46,11,4,320,1,-0.7818314824680299,0.6234898018587334,-0.5000000000000004,0.8660254037844384,0.0,1,3.0,1,4.0,1,2.0,1,3.142857142857143,2.4784787961282086,0.0,8.0,2.642857142857143,1.5714285714285714,2.201490596518831,0.0,8.0,2.0,1,146.74,-44.21000000000001,-0.3012811775930217,False,True,False,False,False,False,False,False,False,False,False,False,False,False,False,False,True,False,False,False,False,False,False,False,False,False,False,False,False,False,False,True,False,False,False,False
India,Formal Shirt,2025-11-17,Apparel,2.0,82.59,0.21,20.0,2.0,1.0,0.0,0,17,47,11,4,321,0,0.0,1.0,-0.5000000000000004,0.8660254037844384,2.0,1,8.0,1,0.0,1,2.0,1,3.0,2.516611478423581,0.0,8.0,2.5,1.5714285714285714,2.201490596518831,0.0,8.0,1.9090909090909092,1,102.53,-19.939999999999998,-0.1944796644884424,False,True,False,False,False,False,False,False,False,False,False,False,False,False,False,False,True,False,False,False,False,False,False,False,False,False,False,False,False,False,False,True,False,False,False,False
India,Formal Shirt,2025-11-18,Apparel,3.0,133.92,0.28,20.0,2.0,1.0,0.0,1,18,47,11,4,322,0,0.7818314824680298,0.6234898018587336,-0.5000000000000004,0.8660254037844384,2.0,1,3.0,1,5.0,1,0.0,1,2.142857142857143,1.2149857925879044,0.0,4.0,2.642857142857143,1.5714285714285714,2.201490596518831,0.0,8.0,1.3636363636363635,1,82.59,51.329999999999984,0.6215038140210677,False,True,False,False,False,False,False,False,False,False,False,False,False,False,False,False,True,False,False,False,False,False,False,False,False,False,False,False,False,False,False,True,False,False,False,False
India,Formal Shirt,2025-11-19,Apparel,3.0,146.5,0.2,20.0,2.0,1.0,0.0,2,19,47,11,4,323,0,0.9749279121818236,-0.22252093395631434,-0.5000000000000004,0.8660254037844384,3.0,1,2.0,1,0.0,1,3.0,1,2.142857142857143,1.2149857925879044,0.0,4.0,2.5,1.6785714285714286,2.1951726740243145,0.0,8.0,1.276595744680851,1,133.92,12.580000000000013,0.09393667861409807,False,True,False,False,False,False,False,False,False,False,False,False,False,False,False,False,True,False,False,False,False,False,False,False,False,False,False,False,False,False,False,True,False,False,False,False
India,Formal Shirt,2025-11-20,Apparel,0.0,146.5,,20.0,2.0,0.0,0.0,3,20,47,11,4,324,0,0.43388373911755823,-0.900968867902419,-0.5000000000000004,0.8660254037844384,3.0,1,2.0,1,6.0,1,0.0,1,2.2857142857142856,1.253566341056011,0.0,4.0,2.7142857142857144,1.6785714285714286,2.1951726740243145,0.0,8.0,1.3617021276595744,0,146.5,0.0,0.0,False,True,False,False,False,False,False,False,False,False,False,False,False,False,False,False,True,False,False,False,False,False,False,False,False,False,False,False,False,False,False,True,False,False,False,False
India,Formal Shirt,2025-11-21,Apparel,5.0,18.46,0.24,20.0,2.0,1.0,1.0,4,21,47,11,4,325,0,-0.433883739117558,-0.9009688679024191,-0.5000000000000004,0.8660254037844384,0.0,1,4.0,1,0.0,1,0.0,1,2.0,1.5275252316519405,0.0,4.0,2.2857142857142856,1.6785714285714286,2.1951726740243145,0.0,8.0,1.1914893617021276,1,146.5,-128.04,-0.8739931740614334,False,True,False,False,False,False,False,False,False,False,False,False,False,False,False,False,True,False,False,False,False,False,False,False,False,False,False,False,False,False,False,True,False,False,False,False
India,Formal Shirt,2025-11-22,Apparel,8.0,78.5,0.25,20.0,2.0,1.0,1.0,5,22,47,11,4,326,1,-0.9749279121818236,-0.2225209339563146,-0.5000000000000004,0.8660254037844384,5.0,1,0.0,1,0.0,1,0.0,1,2.142857142857143,1.7728105208558318,0.0,5.0,2.642857142857143,1.8571428571428572,2.256091108520904,0.0,8.0,1.1538461538461537,1,18.46,60.04,3.2524377031419283,False,True,False,False,False,False,False,False,False,False,False,False,False,False,False,False,True,False,False,False,False,False,False,False,False,False,False,False,False,False,False,True,False,False,False,False
India,Formal Shirt,2025-11-23,Apparel,4.0,78.715,0.23,20.0,2.0,1.0,0.0,6,23,47,11,4,327,1,-0.7818314824680299,0.6234898018587334,-0.5000000000000004,0.8660254037844384,8.0,1,2.0,1,3.0,1,0.0,1,3.2857142857142856,2.563479777846622,0.0,8.0,3.2142857142857144,2.142857142857143,2.5050214121105365,0.0,8.0,1.5333333333333332,1,78.5,0.2150000000000034,0.0027388535031847567,False,True,False,False,False,False,False,False,False,False,False,False,False,False,False,False,True,False,False,False,False,False,False,False,False,False,False,False,False,False,False,True,False,False,False,False
India,Formal Shirt,2025-11-24,Apparel,3.0,114.23,0.28,20.0,2.0,1.0,0.0,0,24,48,11,4,328,0,0.0,1.0,-0.5000000000000004,0.8660254037844384,4.0,1,2.0,1,8.0,1,0.0,1,3.5714285714285716,2.507132682112034,0.0,8.0,3.2857142857142856,2.2857142857142856,2.492316234276903,0.0,8.0,1.5625000000000002,1,78.715,35.515,0.4511846534967922,False,True,False,False,False,False,False,False,False,False,False,False,False,False,False,False,True,False,False,False,False,False,False,False,False,False,False,False,False,False,False,True,False,False,False,False
India,Formal Shirt,2025-11-25,Apparel,5.0,69.58,0.21,20.0,2.0,1.0,1.0,1,25,48,11,4,329,0,0.7818314824680298,0.6234898018587336,-0.5000000000000004,0.8660254037844384,3.0,1,3.0,1,3.0,1,0.0,1,3.7142857142857144,2.429971585175823,0.0,8.0,2.9285714285714284,2.392857142857143,2.454614486051174,0.0,8.0,1.5522388059701493,1,114.23,-44.650000000000006,-0.3908780530508623,False,True,False,False,False,False,False,False,False,False,False,False,False,False,False,False,True,False,False,False,False,False,False,False,False,False,False,False,False,False,False,True,False,False,False,False
