store_id,product_id,date,category,sales,price,Discount_Applied,safety_stock,lead_time_days,promotion,is_outlier,day_of_week,day_of_month,week_of_year,month,quarter,day_of_year,is_weekend,sin_day_of_week,cos_day_of_week,sin_month,cos_month,lag_1,has_lag_1,lag_7,has_lag_7,lag_14,has_lag_14,lag_28,has_lag_28,rolling_mean_7,rolling_std_7,rolling_min_7,rolling_max_7,rolling_mean_14,rolling_mean_28,rolling_std_28,rolling_min_28,rolling_max_28,trend_ratio,is_promotion,previous_price,price_change,price_change_pct,store_id_Germany,store_id_India,store_id_Pakistan,store_id_UAE,store_id_UK,store_id_USA,product_id_4K Smart TV,product_id_Air Fryer,product_id_Blender,product_id_Coffee Maker,product_id_Cotton T-Shirt,product_id_Cycling Helmet,product_id_Denim Jeans,product_id_Dumbbell Set,product_id_Face Wash,product_id_Football,product_id_Formal Shirt,product_id_Gaming Laptop,product_id_Hair Serum,product_id_Lipstick Set,product_id_Microwave Oven,product_id_Moisturizing Cream,product_id_Perfume,product_id_Running Shoes,product_id_Smartphone 128GB,product_id_Smartwatch,product_id_Tennis Racket,product_id_Vacuum Cleaner,product_id_Winter Jacket,product_id_Wireless Noise-Canceling Headphones,product_id_Yoga Mat,category_Apparel,category_Beauty,category_Electronics,category_Home & Kitchen,category_Sports
USA,Cotton T-Shirt,2025-05-23,Apparel,0.0,114.6,,20.0,2.0,0.0,0.0,4,23,21,5,2,143,0,-0.433883739117558,-0.9009688679024191,0.49999999999999994,-0.8660254037844387,0.0,1,0.0,1,0.0,1,0.0,1,0.0,0.0,0.0,0.0,0.2857142857142857,0.21428571428571427,0.6299407883487055,0.0,2.0,0.0,0,114.6,0.0,0.0,False,False,False,False,False,True,False,False,False,False,True,False,False,False,False,False,False,False,False,False,False,False,False,False,False,False,False,False,False,False,False,True,False,False,False,False
USA,Cotton T-Shirt,2025-05-24,Apparel,0.0,114.6,,20.0,2.0,0.0,0.0,5,24,21,5,2,144,1,-0.9749279121818236,-0.2225209339563146,0.49999999999999994,-0.8660254037844387,0.0,1,0.0,1,2.0,1,0.0,1,0.0,0.0,0.0,0.0,0.2857142857142857,0.21428571428571427,0.6299407883487055,0.0,2.0,0.0,0,114.6,0.0,0.0,False,False,False,False,False,True,False,False,False,False,True,False,False,False,False,False,False,False,False,False,False,False,False,False,False,False,False,False,False,False,False,True,False,False,False,False
USA,Cotton T-Shirt,2025-05-25,Apparel,0.0,114.6,,20.0,2.0,0.0,0.0,6,25,21,5,2,145,1,-0.7818314824680299,0.6234898018587334,0.49999999999999994,-0.8660254037844387,0.0,1,0.0,1,0.0,1,0.0,1,0.0,0.0,0.0,0.0,0.14285714285714285,0.21428571428571427,0.6299407883487055,0.0,2.0,0.0,0,114.6,0.0,0.0,False,False,False,False,False,True,False,False,False,False,True,False,False,False,False,False,False,False,False,False,False,False,False,False,False,False,False,False,False,False,False,True,False,False,False,False
USA,Cotton T-Shirt,2025-05-26,Apparel,0.0,114.6,,20.0,2.0,0.0,0.0,0,26,22,5,2,146,0,0.0,1.0,0.49999999999999994,-0.8660254037844387,0.0,1,0.0,1,0.0,1,0.0,1,0.0,0.0,0.0,0.0,0.14285714285714285,0.21428571428571427,0.6299407883487055,0.0,2.0,0.0,0,114.6,0.0,0.0,False,False,False,False,False,True,False,False,False,False,True,False,False,False,False,False,False,False,False,False,False,False,False,False,False,False,False,False,False,False,False,True,False,False,False,False
USA,Cotton T-Shirt,2025-05-27,Apparel,0.0,114.6,,20.0,2.0,0.0,0.0,1,27,22,5,2,147,0,0.7818314824680298,0.6234898018587336,0.49999999999999994,-0.8660254037844387,0.0,1,0.0,1,0.0,1,0.0,1,0.0,0.0,0.0,0.0,0.14285714285714285,0.21428571428571427,0.6299407883487055,0.0,2.0,0.0,0,114.6,0.0,0.0,False,False,False,False,False,True,False,False,False,False,True,False,False,False,False,False,False,False,False,False,False,False,False,False,False,False,False,False,False,False,False,True,False,False,False,False
USA,Cotton T-Shirt,2025-05-28,Apparel,0.0,114.6,,20.0,2.0,0.0,0.0,2,28,22,5,2,148,0,0.9749279121818236,-0.22252093395631434,0.49999999999999994,-0.8660254037844387,0.0,1,0.0,1,0.0,1,0.0,1,0.0,0.0,0.0,0.0,0.14285714285714285,0.21428571428571427,0.6299407883487055,0.0,2.0,0.0,0,114.6,0.0,0.0,False,False,False,False,False,True,False,False,False,False,True,False,False,False,False,False,False,False,False,False,False,False,False,False,False,False,False,False,False,False,False,True,False,False,False,False
USA,Cotton T-Shirt,2025-05-29,Apparel,0.0,114.6,,20.0,2.0,0.0,0.0,3,29,22,5,2,149,0,0.43388373911755823,-0.900968867902419,0.49999999999999994,-0.8660254037844387,0.0,1,0.0,1,2.0,1,0.0,1,0.0,0.0,0.0,0.0,0.14285714285714285,0.21428571428571427,0.6299407883487055,0.0,2.0,0.0,0,114.6,0.0,0.0,False,False,False,False,False,True,False,False,False,False,True,False,False,False,False,False,False,False,False,False,False,False,False,False,False,False,False,False,False,False,False,True,False,False,False,False
USA,Cotton T-Shirt,2025-05-30,Apparel,1.0,148.47,0.05,20.0,2.0,1.0,0.0,4,30,22,5,2,150,0,-0.433883739117558,-0.9009688679024191,0.49999999999999994,-0.8660254037844387,0.0,1,0.0,1,0.0,1,0.0,1,0.0,0.0,0.0,0.0,0.0,0.21428571428571427,0.6299407883487055,0.0,2.0,0.0,1,114.6,33.870000000000005,0.29554973821989533,False,False,False,False,False,True,False,False,False,False,True,False,False,False,False,False,False,False,False,False,False,False,False,False,False,False,False,False,False,False,False,True,False,False,False,False
USA,Cotton T-Shirt,2025-05-31,Apparel,0.0,148.47,,20.0,2.0,0.0,0.0,5,31,22,5,2,151,1,-0.9749279121818236,-0.2225209339563146,0.49999999999999994,-0.8660254037844387,1.0,1,0.0,1,0.0,1,0.0,1,0.14285714285714285,0.37796447300926994,0.0,1.0,0.07142857142857142,0.25,0.6454972243678965,0.0,2.0,0.5714285714285714,0,148.47,0.0,0.0,False,False,False,False,False,True,False,False,False,False,True,False,False,False,False,False,False,False,False,False,False,False,False,False,False,False,False,False,False,False,False,True,False,False,False,False
USA,Cotton T-Shirt,2025-06-01,Apparel,0.0,148.47,,20.0,2.0,0.0,0.0,6,1,22,6,2,152,1,-0.7818314824680299,0.6234898018587334,1.2246467991473532e-16,-1.0,0.0,1,0.0,1,0.0,1,0.0,1,0.14285714285714285,0.37796447300926994,0.0,1.0,0.07142857142857142,0.25,0.6454972243678965,0.0,2.0,0.5714285714285714,0,148.47,0.0,0.0,False,False,False,False,False,True,False,False,False,False,True,False,False,False,False,False,False,False,False,False,False,False,False,False,False,False,False,False,False,False,False,True,False,False,False,False
USA,Cotton T-Shirt,2025-06-02,Apparel,0.0,148.47,,20.0,2.0,0.0,0.0,0,2,23,6,2,153,0,0.0,1.0,1.2246467991473532e-16,-1.0,0.0,1,0.0,1,0.0,1,2.0,1,0.14285714285714285,0.37796447300926994,0.0,1.0,0.07142857142857142,0.25,0.6454972243678965,0.0,2.0,0.5714285714285714,0,148.47,0.0,0.0,False,False,False,False,False,True,False,False,False,False,True,False,False,False,False,False,False,False,False,False,False,False,False,False,False,False,False,False,False,False,False,True,False,False,False,False
USA,Cotton T-Shirt,2025-06-03,Apparel,0.0,148.47,,20.0,2.0,0.0,0.0,1,3,23,6,2,154,0,0.7818314824680298,0.6234898018587336,1.2246467991473532e-16,-1.0,0.0,1,0.0,1,0.0,1,0.0,1,0.14285714285714285,0.37796447300926994,0.0,1.0,0.07142857142857142,0.17857142857142858,0.5479640045336389,0.0,2.0,0.7999999999999999,0,148.47,0.0,0.0,False,False,False,False,False,True,False,False,False,False,True,False,False,False,False,False,False,False,False,False,False,False,False,False,False,False,False,False,False,False,False,True,False,False,False,False
USA,Cotton T-Shirt,2025-06-04,Apparel,1.0,112.35,0.07,20.0,2.0,1.0,0.0,2,4,23,6,2,155,0,0.9749279121818236,-0.22252093395631434,1.2246467991473532e-16,-1.0,0.0,1,0.0,1,0.0,1,0.0,1,0.14285714285714285,0.37796447300926994,0.0,1.0,0.07142857142857142,0.17857142857142858,0.5479640045336389,0.0,2.0,0.7999999999999999,1,148.47,-36.120000000000005,-0.24328147100424333,False,False,False,False,False,True,False,False,False,False,True,False,False,False,False,False,False,False,False,False,False,False,False,False,False,False,False,False,False,False,False,True,False,False,False,False
USA,Cotton T-Shirt,2025-06-05,Apparel,0.0,112.35,,20.0,2.0,0.0,0.0,3,5,23,6,2,156,0,0.43388373911755823,-0.900968867902419,1.2246467991473532e-16,-1.0,1.0,1,0.0,1,0.0,1,0.0,1,0.2857142857142857,0.4879500364742979,0.0,1.0,0.14285714285714285,0.21428571428571427,0.5681120688308905,0.0,2.0,1.3333333333333333,0,112.35,0.0,0.0,False,False,False,False,False,True,False,False,False,False,True,False,False,False,False,False,False,False,False,False,False,False,False,False,False,False,False,False,False,False,False,True,False,False,False,False
USA,Cotton T-Shirt,2025-06-06,Apparel,0.0,112.35,,20.0,2.0,0.0,0.0,4,6,23,6,2,157,0,-0.433883739117558,-0.9009688679024191,1.2246467991473532e-16,-1.0,0.0,1,1.0,1,0.0,1,0.0,1,0.2857142857142857,0.4879500364742979,0.0,1.0,0.14285714285714285,0.21428571428571427,0.5681120688308905,0.0,2.0,1.3333333333333333,0,112.35,0.0,0.0,False,False,False,False,False,True,False,False,False,False,True,False,False,False,False,False,False,False,False,False,False,False,False,False,False,False,False,False,False,False,False,True,False,False,False,False
USA,Cotton T-Shirt,2025-06-07,Apparel,0.0,112.35,,20.0,2.0,0.0,0.0,5,7,23,6,2,158,1,-0.9749279121818236,-0.2225209339563146,1.2246467991473532e-16,-1.0,0.0,1,0.0,1,0.0,1,2.0,1,0.14285714285714285,0.37796447300926994,0.0,1.0,0.14285714285714285,0.21428571428571427,0.5681120688308905,0.0,2.0,0.6666666666666666,0,112.35,0.0,0.0,False,False,False,False,False,True,False,False,False,False,True,False,False,False,False,False,False,False,False,False,False,False,False,False,False,False,False,False,False,False,False,True,False,False,False,False
USA,Cotton T-Shirt,2025-06-08,Apparel,0.0,112.35,,20.0,2.0,0.0,0.0,6,8,23,6,2,159,1,-0.7818314824680299,0.6234898018587334,1.2246467991473532e-16,-1.0,0.0,1,0.0,1,0.0,1,0.0,1,0.14285714285714285,0.37796447300926994,0.0,1.0,0.14285714285714285,0.14285714285714285,0.4483951394230234,0.0,2.0,1.0,0,112.35,0.0,0.0,False,False,False,False,False,True,False,False,False,False,True,False,False,False,False,False,False,False,False,False,False,False,False,False,False,False,False,False,False,False,False,True,False,False,False,False
USA,Cotton T-Shirt,2025-06-09,Apparel,0.0,112.35,,20.0,2.0,0.0,0.0,0,9,24,6,2,160,0,0.0,1.0,1.2246467991473532e-16,-1.0,0.0,1,0.0,1,0.0,1,0.0,1,0.14285714285714285,0.37796447300926994,0.0,1.0,0.14285714285714285,0.14285714285714285,0.4483951394230234,0.0,2.0,1.0,0,112.35,0.0,0.0,False,False,False,False,False,True,False,False,False,False,True,False,False,False,False,False,False,False,False,False,False,False,False,False,False,False,False,False,False,False,False,True,False,False,False,False
USA,Cotton T-Shirt,2025-06-10,Apparel,1.0,97.49,0.02,20.0,2.0,1.0,0.0,1,10,24,6,2,161,0,0.7818314824680298,0.6234898018587336,1.2246467991473532e-16,-1.0,0.0,1,0.0,1,0.0,1,0.0,1,0.14285714285714285,0.37796447300926994,0.0,1.0,0.14285714285714285,0.14285714285714285,0.4483951394230234,0.0,2.0,1.0,1,112.35,-14.86,-0.1322652425456164,False,False,False,False,False,True,False,False,False,False,True,False,False,False,False,False,False,False,False,False,False,False,False,False,False,False,False,False,False,False,False,True,False,False,False,False
USA,Cotton T-Shirt,2025-06-11,Apparel,1.0,49.11,0.08,20.0,2.0,1.0,0.0,2,11,24,6,2,162,0,0.9749279121818236,-0.22252093395631434,1.2246467991473532e-16,-1.0,1.0,1,1.0,1,0.0,1,0.0,1,0.2857142857142857,0.4879500364742979,0.0,1.0,0.21428571428571427,0.17857142857142858,0.4755948656056621,0.0,2.0,1.5999999999999999,1,97.49,-48.379999999999995,-0.4962560262591035,False,False,False,False,False,True,False,False,False,False,True,False,False,False,False,False,False,False,False,False,False,False,False,False,False,False,False,False,False,False,False,True,False,False,False,False
USA,Cotton T-Shirt,2025-06-12,Apparel,0.0,49.11,,20.0,2.0,0.0,0.0,3,12,24,6,2,163,0,0.43388373911755823,-0.900968867902419,1.2246467991473532e-16,-1.0,1.0,1,0.0,1,0.0,1,2.0,1,0.2857142857142857,0.4879500364742979,0.0,1.0,0.2857142857142857,0.21428571428571427,0.4986754943620555,0.0,2.0,1.3333333333333333,0,49.11,0.0,0.0,False,False,False,False,False,True,False,False,False,False,True,False,False,False,False,False,False,False,False,False,False,False,False,False,False,False,False,False,False,False,False,True,False,False,False,False
USA,Cotton T-Shirt,2025-06-13,Apparel,0.0,49.11,,20.0,2.0,0.0,0.0,4,13,24,6,2,164,0,-0.433883739117558,-0.9009688679024191,1.2246467991473532e-16,-1.0,0.0,1,0.0,1,1.0,1,0.0,1,0.2857142857142857,0.4879500364742979,0.0,1.0,0.2857142857142857,0.14285714285714285,0.35634832254988735,0.0,1.0,2.0,0,49.11,0.0,0.0,False,False,False,False,False,True,False,False,False,False,True,False,False,False,False,False,False,False,False,False,False,False,False,False,False,False,False,False,False,False,False,True,False,False,False,False
USA,Cotton T-Shirt,2025-06-14,Apparel,0.0,49.11,,20.0,2.0,0.0,0.0,5,14,24,6,2,165,1,-0.9749279121818236,-0.2225209339563146,1.2246467991473532e-16,-1.0,0.0,1,0.0,1,0.0,1,0.0,1,0.2857142857142857,0.4879500364742979,0.0,1.0,0.21428571428571427,0.14285714285714285,0.35634832254988735,0.0,1.0,2.0,0,49.11,0.0,0.0,False,False,False,False,False,True,False,False,False,False,True,False,False,False,False,False,False,False,False,False,False,False,False,False,False,False,False,False,False,False,False,True,False,False,False,False
USA,Cotton T-Shirt,2025-06-15,Apparel,0.0,49.11,,20.0,2.0,0.0,0.0,6,15,24,6,2,166,1,-0.7818314824680299,0.6234898018587334,1.2246467991473532e-16,-1.0,0.0,1,0.0,1,0.0,1,0.0,1,0.2857142857142857,0.4879500364742979,0.0,1.0,0.21428571428571427,0.14285714285714285,0.35634832254988735,0.0,1.0,2.0,0,49.11,0.0,0.0,False,False,False,False,False,True,False,False,False,False,True,False,False,False,False,False,False,False,False,False,False,False,False,False,False,False,False,False,False,False,False,True,False,False,False,False
USA,Cotton T-Shirt,2025-06-16,Apparel,0.0,49.11,,20.0,2.0,0.0,0.0,0,16,25,6,2,167,0,0.0,1.0,1.2246467991473532e-16,-1.0,0.0,1,0.0,1,0.0,1,0.0,1,0.2857142857142857,0.4879500364742979,0.0,1.0,0.21428571428571427,0.14285714285714285,0.35634832254988735,0.0,1.0,2.0,0,49.11,0.0,0.0,False,False,False,False,False,True,False,False,False,False,True,False,False,False,False,False,False,False,False,False,False,False,False,False,False,False,False,False,False,False,False,True,False,False,False,False
USA,Cotton T-Shirt,2025-06-17,Apparel,0.0,49.11,,20.0,2.0,0.0,0.0,1,17,25,6,2,168,0,0.7818314824680298,0.6234898018587336,1.2246467991473532e-16,-1.0,0.0,1,1.0,1,0.0,1,0.0,1,0.2857142857142857,0.4879500364742979,0.0,1.0,0.21428571428571427,0.14285714285714285,0.35634832254988735,0.0,1.0,2.0,0,49.11,0.0,0.0,False,False,False,False,False,True,False,False,False,False,True,False,False,False,False,False,False,False,False,False,False,False,False,False,False,False,False,False,False,False,False,True,False,False,False,False
USA,Cotton T-Shirt,2025-06-18,Apparel,0.0,49.11,,20.0,2.0,0.0,0.0,2,18,25,6,2,169,0,0.9749279121818236,-0.22252093395631434,1.2246467991473532e-16,-1.0,0.0,1,1.0,1,1.0,1,0.0,1,0.14285714285714285,0.37796447300926994,0.0,1.0,0.21428571428571427,0.14285714285714285,0.35634832254988735,0.0,1.0,1.0,0,49.11,0.0,0.0,False,False,False,False,False,True,False,False,False,False,True,False,False,False,False,False,False,False,False,False,False,False,False,False,False,False,False,False,False,False,False,True,False,False,False,False
USA,Cotton T-Shirt,2025-06-19,Apparel,0.0,49.11,,20.0,2.0,0.0,0.0,3,19,25,6,2,170,0,0.43388373911755823,-0.900968867902419,1.2246467991473532e-16,-1.0,0.0,1,0.0,1,0.0,1,0.0,1,0.0,0.0,0.0,0.0,0.14285714285714285,0.14285714285714285,0.35634832254988735,0.0,1.0,0.0,0,49.11,0.0,0.0,False,False,False,False,False,True,False,False,False,False,True,False,False,False,False,False,False,False,False,False,False,False,False,False,False,False,False,False,False,False,False,True,False,False,False,False
USA,Cotton T-Shirt,2025-06-20,Apparel,0.0,49.11,,20.0,2.0,0.0,0.0,4,20,25,6,2,171,0,-0.433883739117558,-0.9009688679024191,1.2246467991473532e-16,-1.0,0.0,1,0.0,1,0.0,1,0.0,1,0.0,0.0,0.0,0.0,0.14285714285714285,0.14285714285714285,0.35634832254988735,0.0,1.0,0.0,0,49.11,0.0,0.0,False,False,False,False,False,True,False,False,False,False,True,False,False,False,False,False,False,False,False,False,False,False,False,False,False,False,False,False,False,False,False,True,False,False,False,False
USA,Cotton T-Shirt,2025-06-21,Apparel,0.0,49.11,,20.0,2.0,0.0,0.0,5,21,25,6,2,172,1,-0.9749279121818236,-0.2225209339563146,1.2246467991473532e-16,-1.0,0.0,1,0.0,1,0.0,1,0.0,1,0.0,0.0,0.0,0.0,0.14285714285714285,0.14285714285714285,0.35634832254988735,0.0,1.0,0.0,0,49.11,0.0,0.0,False,False,False,False,False,True,False,False,False,False,True,False,False,False,False,False,False,False,False,False,False,False,False,False,False,False,False,False,False,False,False,True,False,False,False,False
USA,Cotton T-Shirt,2025-06-22,Apparel,0.0,49.11,,20.0,2.0,0.0,0.0,6,22,25,6,2,173,1,-0.7818314824680299,0.6234898018587334,1.2246467991473532e-16,-1.0,0.0,1,0.0,1,0.0,1,0.0,1,0.0,0.0,0.0,0.0,0.14285714285714285,0.14285714285714285,0.35634832254988735,0.0,1.0,0.0,0,49.11,0.0,0.0,False,False,False,False,False,True,False,False,False,False,True,False,False,False,False,False,False,False,False,False,False,False,False,False,False,False,False,False,False,False,False,True,False,False,False,False
USA,Cotton T-Shirt,2025-06-23,Apparel,0.0,49.11,,20.0,2.0,0.0,0.0,0,23,26,6,2,174,0,0.0,1.0,1.2246467991473532e-16,-1.0,0.0,1,0.0,1,0.0,1,0.0,1,0.0,0.0,0.0,0.0,0.14285714285714285,0.14285714285714285,0.35634832254988735,0.0,1.0,0.0,0,49.11,0.0,0.0,False,False,False,False,False,True,False,False,False,False,True,False,False,False,False,False,False,False,False,False,False,False,False,False,False,False,False,False,False,False,False,True,False,False,False,False
USA,Cotton T-Shirt,2025-06-24,Apparel,2.0,131.0,0.0,20.0,2.0,0.0,0.0,1,24,26,6,2,175,0,0.7818314824680298,0.6234898018587336,1.2246467991473532e-16,-1.0,0.0,1,0.0,1,1.0,1,0.0,1,0.0,0.0,0.0,0.0,0.14285714285714285,0.14285714285714285,0.35634832254988735,0.0,1.0,0.0,0,49.11,81.89,1.6674811647322338,False,False,False,False,False,True,False,False,False,False,True,False,False,False,False,False,False,False,False,False,False,False,False,False,False,False,False,False,False,False,False,True,False,False,False,False
USA,Cotton T-Shirt,2025-06-25,Apparel,0.0,131.0,,20.0,2.0,0.0,0.0,2,25,26,6,2,176,0,0.9749279121818236,-0.22252093395631434,1.2246467991473532e-16,-1.0,2.0,1,0.0,1,1.0,1,0.0,1,0.2857142857142857,0.7559289460184746,0.0,2.0,0.21428571428571427,0.21428571428571427,0.4986754943620555,0.0,2.0,1.3333333333333333,0,131.0,0.0,0.0,False,False,False,False,False,True,False,False,False,False,True,False,False,False,False,False,False,False,False,False,False,False,False,False,False,False,False,False,False,False,False,True,False,False,False,False
USA,Cotton T-Shirt,2025-06-26,Apparel,1.0,116.16,0.08,20.0,2.0,1.0,0.0,3,26,26,6,2,177,0,0.43388373911755823,-0.900968867902419,1.2246467991473532e-16,-1.0,0.0,1,0.0,1,0.0,1,0.0,1,0.2857142857142857,0.7559289460184746,0.0,2.0,0.14285714285714285,0.21428571428571427,0.4986754943620555,0.0,2.0,1.3333333333333333,1,131.0,-14.840000000000003,-0.11328244274809163,False,False,False,False,False,True,False,False,False,False,True,False,False,False,False,False,False,False,False,False,False,False,False,False,False,False,False,False,False,False,False,True,False,False,False,False
USA,Cotton T-Shirt,2025-06-27,Apparel,0.0,116.16,,20.0,2.0,0.0,0.0,4,27,26,6,2,178,0,-0.433883739117558,-0.9009688679024191,1.2246467991473532e-16,-1.0,1.0,1,0.0,1,0.0,1,1.0,1,0.42857142857142855,0.7867957924694614,0.0,2.0,0.21428571428571427,0.25,0.518187725171593,0.0,2.0,1.7142857142857142,0,116.16,0.0,0.0,False,False,False,False,False,True,False,False,False,False,True,False,False,False,False,False,False,False,False,False,False,False,False,False,False,False,False,False,False,False,False,True,False,False,False,False
USA,Cotton T-Shirt,2025-06-28,Apparel,0.0,116.16,,20.0,2.0,0.0,0.0,5,28,26,6,2,179,1,-0.9749279121818236,-0.2225209339563146,1.2246467991473532e-16,-1.0,0.0,1,0.0,1,0.0,1,0.0,1,0.42857142857142855,0.7867957924694614,0.0,2.0,0.21428571428571427,0.21428571428571427,0.4986754943620555,0.0,2.0,2.0,0,116.16,0.0,0.0,False,False,False,False,False,True,False,False,False,False,True,False,False,False,False,False,False,False,False,False,False,False,False,False,False,False,False,False,False,False,False,True,False,False,False,False
USA,Cotton T-Shirt,2025-06-29,Apparel,0.0,116.16,,20.0,2.0,0.0,0.0,6,29,26,6,2,180,1,-0.7818314824680299,0.6234898018587334,1.2246467991473532e-16,-1.0,0.0,1,0.0,1,0.0,1,0.0,1,0.42857142857142855,0.7867957924694614,0.0,2.0,0.21428571428571427,0.21428571428571427,0.4986754943620555,0.0,2.0,2.0,0,116.16,0.0,0.0,False,False,False,False,False,True,False,False,False,False,True,False,False,False,False,False,False,False,False,False,False,False,False,False,False,False,False,False,False,False,False,True,False,False,False,False
USA,Cotton T-Shirt,2025-06-30,Apparel,0.0,116.16,,20.0,2.0,0.0,0.0,0,30,27,6,2,181,0,0.0,1.0,1.2246467991473532e-16,-1.0,0.0,1,0.0,1,0.0,1,0.0,1,0.42857142857142855,0.7867957924694614,0.0,2.0,0.21428571428571427,0.21428571428571427,0.4986754943620555,0.0,2.0,2.0,0,116.16,0.0,0.0,False,False,False,False,False,True,False,False,False,False,True,False,False,False,False,False,False,False,False,False,False,False,False,False,False,False,False,False,False,False,False,True,False,False,False,False
USA,Cotton T-Shirt,2025-07-01,Apparel,0.0,116.16,,20.0,2.0,0.0,0.0,1,1,27,7,3,182,0,0.7818314824680298,0.6234898018587336,-0.4999999999999997,-0.8660254037844388,0.0,1,2.0,1,0.0,1,0.0,1,0.42857142857142855,0.7867957924694614,0.0,2.0,0.21428571428571427,0.21428571428571427,0.4986754943620555,0.0,2.0,2.0,0,116.16,0.0,0.0,False,False,False,False,False,True,False,False,False,False,True,False,False,False,False,False,False,False,False,False,False,False,False,False,False,False,False,False,False,False,False,True,False,False,False,False
USA,Cotton T-Shirt,2025-07-02,Apparel,1.0,64.85,0.09,20.0,2.0,1.0,0.0,2,2,27,7,3,183,0,0.9749279121818236,-0.22252093395631434,-0.4999999999999997,-0.8660254037844388,0.0,1,0.0,1,0.0,1,1.0,1,0.14285714285714285,0.37796447300926983,0.0,1.0,0.21428571428571427,0.21428571428571427,0.4986754943620555,0.0,2.0,0.6666666666666666,1,116.16,-51.31,-0.4417183195592287,False,False,False,False,False,True,False,False,False,False,True,False,False,False,False,False,False,False,False,False,False,False,False,False,False,False,False,False,False,False,False,True,False,False,False,False
USA,Cotton T-Shirt,2025-07-03,Apparel,0.0,64.85,,20.0,2.0,0.0,0.0,3,3,27,7,3,184,0,0.43388373911755823,-0.900968867902419,-0.4999999999999997,-0.8660254037844388,1.0,1,1.0,1,0.0,1,0.0,1,0.2857142857142857,0.4879500364742978,0.0,1.0,0.2857142857142857,0.21428571428571427,0.4986754943620555,0.0,2.0,1.3333333333333333,0,64.85,0.0,0.0,False,False,False,False,False,True,False,False,False,False,True,False,False,False,False,False,False,False,False,False,False,False,False,False,False,False,False,False,False,False,False,True,False,False,False,False
USA,Cotton T-Shirt,2025-07-04,Apparel,0.0,64.85,,20.0,2.0,0.0,0.0,4,4,27,7,3,185,0,-0.433883739117558,-0.9009688679024191,-0.4999999999999997,-0.8660254037844388,0.0,1,0.0,1,0.0,1,0.0,1,0.14285714285714285,0.37796447300926983,0.0,1.0,0.2857142857142857,0.21428571428571427,0.4986754943620555,0.0,2.0,0.6666666666666666,0,64.85,0.0,0.0,False,False,False,False,False,True,False,False,False,False,True,False,False,False,False,False,False,False,False,False,False,False,False,False,False,False,False,False,False,False,False,True,False,False,False,False
USA,Cotton T-Shirt,2025-07-05,Apparel,0.0,64.85,,20.0,2.0,0.0,0.0,5,5,27,7,3,186,1,-0.9749279121818236,-0.2225209339563146,-0.4999999999999997,-0.8660254037844388,0.0,1,0.0,1,0.0,1,0.0,1,0.14285714285714285,0.37796447300926983,0.0,1.0,0.2857142857142857,0.21428571428571427,0.4986754943620555,0.0,2.0,0.6666666666666666,0,64.85,0.0,0.0,False,False,False,False,False,True,False,False,False,False,True,False,False,False,False,False,False,False,False,False,False,False,False,False,False,False,False,False,False,False,False,True,False,False,False,False
USA,Cotton T-Shirt,2025-07-06,Apparel,0.0,64.85,,20.0,2.0,0.0,0.0,6,6,27,7,3,187,1,-0.7818314824680299,0.6234898018587334,-0.4999999999999997,-0.8660254037844388,0.0,1,0.0,1,0.0,1,0.0,1,0.14285714285714285,0.37796447300926983,0.0,1.0,0.2857142857142857,0.21428571428571427,0.4986754943620555,0.0,2.0,0.6666666666666666,0,64.85,0.0,0.0,False,False,False,False,False,True,False,False,False,False,True,False,False,False,False,False,False,False,False,False,False,False,False,False,False,False,False,False,False,False,False,True,False,False,False,False
USA,Cotton T-Shirt,2025-07-07,Apparel,0.0,64.85,,20.0,2.0,0.0,0.0,0,7,28,7,3,188,0,0.0,1.0,-0.4999999999999997,-0.8660254037844388,0.0,1,0.0,1,0.0,1,0.0,1,0.14285714285714285,0.37796447300926983,0.0,1.0,0.2857142857142857,0.21428571428571427,0.4986754943620555,0.0,2.0,0.6666666666666666,0,64.85,0.0,0.0,False,False,False,False,False,True,False,False,False,False,True,False,False,False,False,False,False,False,False,False,False,False,False,False,False,False,False,False,False,False,False,True,False,False,False,False
USA,Cotton T-Shirt,2025-07-08,Apparel,0.0,64.85,,20.0,2.0,0.0,0.0,1,8,28,7,3,189,0,0.7818314824680298,0.6234898018587336,-0.4999999999999997,-0.8660254037844388,0.0,1,0.0,1,2.0,1,1.0,1,0.14285714285714285,0.37796447300926983,0.0,1.0,0.2857142857142857,0.21428571428571427,0.4986754943620555,0.0,2.0,0.6666666666666666,0,64.85,0.0,0.0,False,False,False,False,False,True,False,False,False,False,True,False,False,False,False,False,False,False,False,False,False,False,False,False,False,False,False,False,False,False,False,True,False,False,False,False
USA,Cotton T-Shirt,2025-07-09,Apparel,2.0,144.01,0.14,20.0,2.0,1.0,0.0,2,9,28,7,3,190,0,0.9749279121818236,-0.22252093395631434,-0.4999999999999997,-0.8660254037844388,0.0,1,1.0,1,0.0,1,1.0,1,0.14285714285714285,0.37796447300926983,0.0,1.0,0.14285714285714285,0.17857142857142858,0.4755948656056621,0.0,2.0,0.7999999999999999,1,64.85,79.16,1.220663068619892,False,False,False,False,False,True,False,False,False,False,True,False,False,False,False,False,False,False,False,False,False,False,False,False,False,False,False,False,False,False,False,True,False,False,False,False
USA,Cotton T-Shirt,2025-07-10,Apparel,0.0,144.01,,20.0,2.0,0.0,0.0,3,10,28,7,3,191,0,0.43388373911755823,-0.900968867902419,-0.4999999999999997,-0.8660254037844388,2.0,1,0.0,1,1.0,1,0.0,1,0.2857142857142857,0.7559289460184746,0.0,2.0,0.2857142857142857,0.21428571428571427,0.5681120688308905,0.0,2.0,1.3333333333333333,0,144.01,0.0,0.0,False,False,False,False,False,True,False,False,False,False,True,False,False,False,False,False,False,False,False,False,False,False,False,False,False,False,False,False,False,False,False,True,False,False,False,False
USA,Cotton T-Shirt,2025-07-11,Apparel,0.0,144.01,,20.0,2.0,0.0,0.0,4,11,28,7,3,192,0,-0.433883739117558,-0.9009688679024191,-0.4999999999999997,-0.8660254037844388,0.0,1,0.0,1,0.0,1,0.0,1,0.2857142857142857,0.7559289460184746,0.0,2.0,0.21428571428571427,0.21428571428571427,0.5681120688308905,0.0,2.0,1.3333333333333333,0,144.01,0.0,0.0,False,False,False,False,False,True,False,False,False,False,True,False,False,False,False,False,False,False,False,False,False,False,False,False,False,False,False,False,False,False,False,True,False,False,False,False
USA,Cotton T-Shirt,2025-07-12,Apparel,3.0,46.209999999999994,0.15,20.0,2.0,1.0,0.0,5,12,28,7,3,193,1,-0.9749279121818236,-0.2225209339563146,-0.4999999999999997,-0.8660254037844388,0.0,1,0.0,1,0.0,1,0.0,1,0.2857142857142857,0.7559289460184746,0.0,2.0,0.21428571428571427,0.21428571428571427,0.5681120688308905,0.0,2.0,1.3333333333333333,1,144.01,-97.8,-0.6791195055898896,False,False,False,False,False,True,False,False,False,False,True,False,False,False,False,False,False,False,False,False,False,False,False,False,False,False,False,False,False,False,False,True,False,False,False,False
USA,Cotton T-Shirt,2025-07-13,Apparel,0.0,46.209999999999994,,20.0,2.0,0.0,0.0,6,13,28,7,3,194,1,-0.7818314824680299,0.6234898018587334,-0.4999999999999997,-0.8660254037844388,3.0,1,0.0,1,0.0,1,0.0,1,0.7142857142857143,1.2535663410560276,0.0,3.0,0.42857142857142855,0.32142857142857145,0.7723735149270969,0.0,3.0,2.2222222222222223,0,46.209999999999994,0.0,0.0,False,False,False,False,False,True,False,False,False,False,True,False,False,False,False,False,False,False,False,False,False,False,False,False,False,False,False,False,False,False,False,True,False,False,False,False
USA,Cotton T-Shirt,2025-07-14,Apparel,0.0,46.209999999999994,,20.0,2.0,0.0,0.0,0,14,29,7,3,195,0,0.0,1.0,-0.4999999999999997,-0.8660254037844388,0.0,1,0.0,1,0.0,1,0.0,1,0.7142857142857143,1.2535663410560276,0.0,3.0,0.42857142857142855,0.32142857142857145,0.7723735149270969,0.0,3.0,2.2222222222222223,0,46.209999999999994,0.0,0.0,False,False,False,False,False,True,False,False,False,False,True,False,False,False,False,False,False,False,False,False,False,False,False,False,False,False,False,False,False,False,False,True,False,False,False,False
USA,Cotton T-Shirt,2025-07-15,Apparel,0.0,46.209999999999994,,20.0,2.0,0.0,0.0,1,15,29,7,3,196,0,0.7818314824680298,0.6234898018587336,-0.4999999999999997,-0.8660254037844388,0.0,1,0.0,1,0.0,1,0.0,1,0.7142857142857143,1.2535663410560276,0.0,3.0,0.42857142857142855,0.32142857142857145,0.7723735149270969,0.0,3.0,2.2222222222222223,0,46.209999999999994,0.0,0.0,False,False,False,False,False,True,False,False,False,False,True,False,False,False,False,False,False,False,False,False,False,False,False,False,False,False,False,False,False,False,False,True,False,False,False,False
USA,Cotton T-Shirt,2025-07-16,Apparel,0.0,46.209999999999994,,20.0,2.0,0.0,0.0,2,16,29,7,3,197,0,0.9749279121818236,-0.22252093395631434,-0.4999999999999997,-0.8660254037844388,0.0,1,2.0,1,1.0,1,0.0,1,0.7142857142857143,1.2535663410560276,0.0,3.0,0.42857142857142855,0.32142857142857145,0.7723735149270969,0.0,3.0,2.2222222222222223,0,46.209999999999994,0.0,0.0,False,False,False,False,False,True,False,False,False,False,True,False,False,False,False,False,False,False,False,False,False,False,False,False,False,False,False,False,False,False,False,True,False,False,False,False
USA,Cotton T-Shirt,2025-07-17,Apparel,0.0,46.209999999999994,,20.0,2.0,0.0,0.0,3,17,29,7,3,198,0,0.43388373911755823,-0.900968867902419,-0.4999999999999997,-0.8660254037844388,0.0,1,0.0,1,0.0,1,0.0,1,0.42857142857142855,1.1338934190276944,0.0,3.0,0.35714285714285715,0.32142857142857145,0.7723735149270969,0.0,3.0,1.3333333333333333,0,46.209999999999994,0.0,0.0,False,False,False,False,False,True,False,False,False,False,True,False,False,False,False,False,False,False,False,False,False,False,False,False,False,False,False,False,False,False,False,True,False,False,False,False
USA,Cotton T-Shirt,2025-07-18,Apparel,0.0,46.209999999999994,,20.0,2.0,0.0,0.0,4,18,29,7,3,199,0,-0.433883739117558,-0.9009688679024191,-0.4999999999999997,-0.8660254037844388,0.0,1,0.0,1,0.0,1,0.0,1,0.42857142857142855,1.1338934190276944,0.0,3.0,0.35714285714285715,0.32142857142857145,0.7723735149270969,0.0,3.0,1.3333333333333333,0,46.209999999999994,0.0,0.0,False,False,False,False,False,True,False,False,False,False,True,False,False,False,False,False,False,False,False,False,False,False,False,False,False,False,False,False,False,False,False,True,False,False,False,False
USA,Cotton T-Shirt,2025-07-19,Apparel,0.0,46.209999999999994,,20.0,2.0,0.0,0.0,5,19,29,7,3,200,1,-0.9749279121818236,-0.2225209339563146,-0.4999999999999997,-0.8660254037844388,0.0,1,3.0,1,0.0,1,0.0,1,0.42857142857142855,1.1338934190276944,0.0,3.0,0.35714285714285715,0.32142857142857145,0.7723735149270969,0.0,3.0,1.3333333333333333,0,46.209999999999994,0.0,0.0,False,False,False,False,False,True,False,False,False,False,True,False,False,False,False,False,False,False,False,False,False,False,False,False,False,False,False,False,False,False,False,True,False,False,False,False
USA,Cotton T-Shirt,2025-07-20,Apparel,0.0,46.209999999999994,,20.0,2.0,0.0,0.0,6,20,29,7,3,201,1,-0.7818314824680299,0.6234898018587334,-0.4999999999999997,-0.8660254037844388,0.0,1,0.0,1,0.0,1,0.0,1,0.0,0.0,0.0,0.0,0.35714285714285715,0.32142857142857145,0.7723735149270969,0.0,3.0,0.0,0,46.209999999999994,0.0,0.0,False,False,False,False,False,True,False,False,False,False,True,False,False,False,False,False,False,False,False,False,False,False,False,False,False,False,False,False,False,False,False,True,False,False,False,False
USA,Cotton T-Shirt,2025-07-21,Apparel,0.0,46.209999999999994,,20.0,2.0,0.0,0.0,0,21,30,7,3,202,0,0.0,1.0,-0.4999999999999997,-0.8660254037844388,0.0,1,0.0,1,0.0,1,0.0,1,0.0,0.0,0.0,0.0,0.35714285714285715,0.32142857142857145,0.7723735149270969,0.0,3.0,0.0,0,46.209999999999994,0.0,0.0,False,False,False,False,False,True,False,False,False,False,True,False,False,False,False,False,False,False,False,False,False,False,False,False,False,False,False,False,False,False,False,True,False,False,False,False
USA,Cotton T-Shirt,2025-07-22,Apparel,0.0,46.209999999999994,,20.0,2.0,0.0,0.0,1,22,30,7,3,203,0,0.7818314824680298,0.6234898018587336,-0.4999999999999997,-0.8660254037844388,0.0,1,0.0,1,0.0,1,2.0,1,0.0,0.0,0.0,0.0,0.35714285714285715,0.32142857142857145,0.7723735149270969,0.0,3.0,0.0,0,46.209999999999994,0.0,0.0,False,False,False,False,False,True,False,False,False,False,True,False,False,False,False,False,False,False,False,False,False,False,False,False,False,False,False,False,False,False,False,True,False,False,False,False
USA,Cotton T-Shirt,2025-07-23,Apparel,3.0,130.67,0.08,20.0,2.0,1.0,0.0,2,23,30,7,3,204,0,0.9749279121818236,-0.22252093395631434,-0.4999999999999997,-0.8660254037844388,0.0,1,0.0,1,2.0,1,0.0,1,0.0,0.0,0.0,0.0,0.35714285714285715,0.25,0.7005289007176881,0.0,3.0,0.0,1,46.209999999999994,84.46,1.8277429127894396,False,False,False,False,False,True,False,False,False,False,True,False,False,False,False,False,False,False,False,False,False,False,False,False,False,False,False,False,False,False,False,True,False,False,False,False
USA,Cotton T-Shirt,2025-07-24,Apparel,0.0,130.67,,20.0,2.0,0.0,0.0,3,24,30,7,3,205,0,0.43388373911755823,-0.900968867902419,-0.4999999999999997,-0.8660254037844388,3.0,1,0.0,1,0.0,1,1.0,1,0.42857142857142855,1.1338934190276944,0.0,3.0,0.42857142857142855,0.35714285714285715,0.8698354767504879,0.0,3.0,1.2,0,130.67,0.0,0.0,False,False,False,False,False,True,False,False,False,False,True,False,False,False,False,False,False,False,False,False,False,False,False,False,False,False,False,False,False,False,False,True,False,False,False,False
USA,Cotton T-Shirt,2025-07-25,Apparel,3.0,59.22,0.08,20.0,2.0,1.0,0.0,4,25,30,7,3,206,0,-0.433883739117558,-0.9009688679024191,-0.4999999999999997,-0.8660254037844388,0.0,1,0.0,1,0.0,1,0.0,1,0.42857142857142855,1.1338934190276944,0.0,3.0,0.42857142857142855,0.32142857142857145,0.8629652337776921,0.0,3.0,1.3333333333333333,1,130.67,-71.44999999999999,-0.5467972755797046,False,False,False,False,False,True,False,False,False,False,True,False,False,False,False,False,False,False,False,False,False,False,False,False,False,False,False,False,False,False,False,True,False,False,False,False
USA,Cotton T-Shirt,2025-07-26,Apparel,0.0,59.22,,20.0,2.0,0.0,0.0,5,26,30,7,3,207,1,-0.9749279121818236,-0.2225209339563146,-0.4999999999999997,-0.8660254037844388,3.0,1,0.0,1,3.0,1,0.0,1,0.8571428571428571,1.463850109422808,0.0,3.0,0.6428571428571429,0.42857142857142855,0.9973509887241236,0.0,3.0,2.0,0,59.22,0.0,0.0,False,False,False,False,False,True,False,False,False,False,True,False,False,False,False,False,False,False,False,False,False,False,False,False,False,False,False,False,False,False,False,True,False,False,False,False
USA,Cotton T-Shirt,2025-07-27,Apparel,0.0,59.22,,20.0,2.0,0.0,0.0,6,27,30,7,3,208,1,-0.7818314824680299,0.6234898018587334,-0.4999999999999997,-0.8660254037844388,0.0,1,0.0,1,0.0,1,0.0,1,0.8571428571428571,1.463850109422808,0.0,3.0,0.42857142857142855,0.42857142857142855,0.9973509887241236,0.0,3.0,2.0,0,59.22,0.0,0.0,False,False,False,False,False,True,False,False,False,False,True,False,False,False,False,False,False,False,False,False,False,False,False,False,False,False,False,False,False,False,False,True,False,False,False,False
USA,Cotton T-Shirt,2025-07-28,Apparel,0.0,59.22,,20.0,2.0,0.0,0.0,0,28,31,7,3,209,0,0.0,1.0,-0.4999999999999997,-0.8660254037844388,0.0,1,0.0,1,0.0,1,0.0,1,0.8571428571428571,1.463850109422808,0.0,3.0,0.42857142857142855,0.42857142857142855,0.9973509887241236,0.0,3.0,2.0,0,59.22,0.0,0.0,False,False,False,False,False,True,False,False,False,False,True,False,False,False,False,False,False,False,False,False,False,False,False,False,False,False,False,False,False,False,False,True,False,False,False,False
USA,Cotton T-Shirt,2025-07-29,Apparel,0.0,59.22,,20.0,2.0,0.0,0.0,1,29,31,7,3,210,0,0.7818314824680298,0.6234898018587336,-0.4999999999999997,-0.8660254037844388,0.0,1,0.0,1,0.0,1,0.0,1,0.8571428571428571,1.463850109422808,0.0,3.0,0.42857142857142855,0.42857142857142855,0.9973509887241236,0.0,3.0,2.0,0,59.22,0.0,0.0,False,False,False,False,False,True,False,False,False,False,True,False,False,False,False,False,False,False,False,False,False,False,False,False,False,False,False,False,False,False,False,True,False,False,False,False
USA,Cotton T-Shirt,2025-07-30,Apparel,0.0,59.22,,20.0,2.0,0.0,0.0,2,30,31,7,3,211,0,0.9749279121818236,-0.22252093395631434,-0.4999999999999997,-0.8660254037844388,0.0,1,3.0,1,0.0,1,1.0,1,0.8571428571428571,1.463850109422808,0.0,3.0,0.42857142857142855,0.42857142857142855,0.9973509887241236,0.0,3.0,2.0,0,59.22,0.0,0.0,False,False,False,False,False,True,False,False,False,False,True,False,False,False,False,False,False,False,False,False,False,False,False,False,False,False,False,False,False,False,False,True,False,False,False,False
USA,Cotton T-Shirt,2025-07-31,Apparel,0.0,59.22,,20.0,2.0,0.0,0.0,3,31,31,7,3,212,0,0.43388373911755823,-0.900968867902419,-0.4999999999999997,-0.8660254037844388,0.0,1,0.0,1,0.0,1,0.0,1,0.42857142857142855,1.1338934190276944,0.0,3.0,0.42857142857142855,0.39285714285714285,0.994029797388001,0.0,3.0,1.0909090909090908,0,59.22,0.0,0.0,False,False,False,False,False,True,False,False,False,False,True,False,False,False,False,False,False,False,False,False,False,False,False,False,False,False,False,False,False,False,False,True,False,False,False,False
USA,Cotton T-Shirt,2025-08-01,Apparel,0.0,59.22,,20.0,2.0,0.0,0.0,4,1,31,8,3,213,0,-0.433883739117558,-0.9009688679024191,-0.8660254037844385,-0.5000000000000004,0.0,1,3.0,1,0.0,1,0.0,1,0.42857142857142855,1.1338934190276944,0.0,3.0,0.42857142857142855,0.39285714285714285,0.994029797388001,0.0,3.0,1.0909090909090908,0,59.22,0.0,0.0,False,False,False,False,False,True,False,False,False,False,True,False,False,False,False,False,False,False,False,False,False,False,False,False,False,False,False,False,False,False,False,True,False,False,False,False
USA,Cotton T-Shirt,2025-08-02,Apparel,0.0,59.22,,20.0,2.0,0.0,0.0,5,2,31,8,3,214,1,-0.9749279121818236,-0.2225209339563146,-0.8660254037844385,-0.5000000000000004,0.0,1,0.0,1,0.0,1,0.0,1,0.0,0.0,0.0,0.0,0.42857142857142855,0.39285714285714285,0.994029797388001,0.0,3.0,0.0,0,59.22,0.0,0.0,False,False,False,False,False,True,False,False,False,False,True,False,False,False,False,False,False,False,False,False,False,False,False,False,False,False,False,False,False,False,False,True,False,False,False,False
USA,Cotton T-Shirt,2025-08-03,Apparel,1.0,144.87,0.06,20.0,2.0,1.0,0.0,6,3,31,8,3,215,1,-0.7818314824680299,0.6234898018587334,-0.8660254037844385,-0.5000000000000004,0.0,1,0.0,1,0.0,1,0.0,1,0.0,0.0,0.0,0.0,0.42857142857142855,0.39285714285714285,0.994029797388001,0.0,3.0,0.0,1,59.22,85.65,1.4463019250253295,False,False,False,False,False,True,False,False,False,False,True,False,False,False,False,False,False,False,False,False,False,False,False,False,False,False,False,False,False,False,False,True,False,False,False,False
USA,Cotton T-Shirt,2025-08-04,Apparel,1.0,44.36,0.01,20.0,2.0,1.0,0.0,0,4,32,8,3,216,0,0.0,1.0,-0.8660254037844385,-0.5000000000000004,1.0,1,0.0,1,0.0,1,0.0,1,0.14285714285714285,0.37796447300927,0.0,1.0,0.5,0.42857142857142855,0.9973509887241236,0.0,3.0,0.3333333333333333,1,144.87,-100.51,-0.6937944363912474,False,False,False,False,False,True,False,False,False,False,True,False,False,False,False,False,False,False,False,False,False,False,False,False,False,False,False,False,False,False,False,True,False,False,False,False
USA,Cotton T-Shirt,2025-08-05,Apparel,0.0,44.36,,20.0,2.0,0.0,0.0,1,5,32,8,3,217,0,0.7818314824680298,0.6234898018587336,-0.8660254037844385,-0.5000000000000004,1.0,1,0.0,1,0.0,1,0.0,1,0.2857142857142857,0.48795003647429797,0.0,1.0,0.5714285714285714,0.4642857142857143,0.9993384054849693,0.0,3.0,0.6153846153846153,0,44.36,0.0,0.0,False,False,False,False,False,True,False,False,False,False,True,False,False,False,False,False,False,False,False,False,False,False,False,False,False,False,False,False,False,False,False,True,False,False,False,False
USA,Cotton T-Shirt,2025-08-06,Apparel,0.0,44.36,,20.0,2.0,0.0,0.0,2,6,32,8,3,218,0,0.9749279121818236,-0.22252093395631434,-0.8660254037844385,-0.5000000000000004,0.0,1,0.0,1,3.0,1,2.0,1,0.2857142857142857,0.48795003647429797,0.0,1.0,0.5714285714285714,0.4642857142857143,0.9993384054849693,0.0,3.0,0.6153846153846153,0,44.36,0.0,0.0,False,False,False,False,False,True,False,False,False,False,True,False,False,False,False,False,False,False,False,False,False,False,False,False,False,False,False,False,False,False,False,True,False,False,False,False
USA,Cotton T-Shirt,2025-08-07,Apparel,0.0,44.36,,20.0,2.0,0.0,0.0,3,7,32,8,3,219,0,0.43388373911755823,-0.900968867902419,-0.8660254037844385,-0.5000000000000004,0.0,1,0.0,1,0.0,1,0.0,1,0.2857142857142857,0.48795003647429797,0.0,1.0,0.35714285714285715,0.39285714285714285,0.9560445408144728,0.0,3.0,0.7272727272727273,0,44.36,0.0,0.0,False,False,False,False,False,True,False,False,False,False,True,False,False,False,False,False,False,False,False,False,False,False,False,False,False,False,False,False,False,False,False,True,False,False,False,False
USA,Cotton T-Shirt,2025-08-08,Apparel,2.0,82.91,0.1,20.0,2.0,1.0,0.0,4,8,32,8,3,220,0,-0.433883739117558,-0.9009688679024191,-0.8660254037844385,-0.5000000000000004,0.0,1,0.0,1,3.0,1,0.0,1,0.2857142857142857,0.48795003647429797,0.0,1.0,0.35714285714285715,0.39285714285714285,0.9560445408144728,0.0,3.0,0.7272727272727273,1,44.36,38.55,0.8690261496844003,False,False,False,False,False,True,False,False,False,False,True,False,False,False,False,False,False,False,False,False,False,False,False,False,False,False,False,False,False,False,False,True,False,False,False,False
USA,Cotton T-Shirt,2025-08-09,Apparel,2.0,125.72,0.07,20.0,2.0,1.0,0.0,5,9,32,8,3,221,1,-0.9749279121818236,-0.2225209339563146,-0.8660254037844385,-0.5000000000000004,2.0,1,0.0,1,0.0,1,3.0,1,0.5714285714285714,0.7867957924694604,0.0,2.0,0.2857142857142857,0.4642857142857143,0.9993384054849693,0.0,3.0,1.2307692307692306,1,82.91,42.81,0.5163430225545773,False,False,False,False,False,True,False,False,False,False,True,False,False,False,False,False,False,False,False,False,False,False,False,False,False,False,False,False,False,False,False,True,False,False,False,False
USA,Cotton T-Shirt,2025-08-10,Apparel,0.0,125.72,,20.0,2.0,0.0,0.0,6,10,32,8,3,222,1,-0.7818314824680299,0.6234898018587334,-0.8660254037844385,-0.5000000000000004,2.0,1,1.0,1,0.0,1,0.0,1,0.8571428571428571,0.8997354108424506,0.0,2.0,0.42857142857142855,0.42857142857142855,0.9200874124564681,0.0,3.0,2.0,0,125.72,0.0,0.0,False,False,False,False,False,True,False,False,False,False,True,False,False,False,False,False,False,False,False,False,False,False,False,False,False,False,False,False,False,False,False,True,False,False,False,False
USA,Cotton T-Shirt,2025-08-11,Apparel,0.0,125.72,,20.0,2.0,0.0,0.0,0,11,33,8,3,223,0,0.0,1.0,-0.8660254037844385,-0.5000000000000004,0.0,1,1.0,1,0.0,1,0.0,1,0.7142857142857143,0.9511897312113553,0.0,2.0,0.42857142857142855,0.42857142857142855,0.9200874124564681,0.0,3.0,1.6666666666666667,0,125.72,0.0,0.0,False,False,False,False,False,True,False,False,False,False,True,False,False,False,False,False,False,False,False,False,False,False,False,False,False,False,False,False,False,False,False,True,False,False,False,False
USA,Cotton T-Shirt,2025-08-12,Apparel,0.0,125.72,,20.0,2.0,0.0,0.0,1,12,33,8,3,224,0,0.7818314824680298,0.6234898018587336,-0.8660254037844385,-0.5000000000000004,0.0,1,0.0,1,0.0,1,0.0,1,0.5714285714285714,0.9759000729485471,0.0,2.0,0.42857142857142855,0.42857142857142855,0.9200874124564681,0.0,3.0,1.3333333333333333,0,125.72,0.0,0.0,False,False,False,False,False,True,False,False,False,False,True,False,False,False,False,False,False,False,False,False,False,False,False,False,False,False,False,False,False,False,False,True,False,False,False,False
USA,Cotton T-Shirt,2025-08-13,Apparel,0.0,125.72,,20.0,2.0,0.0,0.0,2,13,33,8,3,225,0,0.9749279121818236,-0.22252093395631434,-0.8660254037844385,-0.5000000000000004,0.0,1,0.0,1,0.0,1,0.0,1,0.5714285714285714,0.9759000729485471,0.0,2.0,0.42857142857142855,0.42857142857142855,0.9200874124564681,0.0,3.0,1.3333333333333333,0,125.72,0.0,0.0,False,False,False,False,False,True,False,False,False,False,True,False,False,False,False,False,False,False,False,False,False,False,False,False,False,False,False,False,False,False,False,True,False,False,False,False
USA,Cotton T-Shirt,2025-08-14,Apparel,2.0,69.36,0.01,20.0,2.0,1.0,0.0,3,14,33,8,3,226,0,0.43388373911755823,-0.900968867902419,-0.8660254037844385,-0.5000000000000004,0.0,1,0.0,1,0.0,1,0.0,1,0.5714285714285714,0.9759000729485471,0.0,2.0,0.42857142857142855,0.42857142857142855,0.9200874124564681,0.0,3.0,1.3333333333333333,1,125.72,-56.36,-0.4482978046452434,False,False,False,False,False,True,False,False,False,False,True,False,False,False,False,False,False,False,False,False,False,False,False,False,False,False,False,False,False,False,False,True,False,False,False,False
USA,Cotton T-Shirt,2025-08-15,Apparel,0.0,69.36,,20.0,2.0,0.0,0.0,4,15,33,8,3,227,0,-0.433883739117558,-0.9009688679024191,-0.8660254037844385,-0.5000000000000004,2.0,1,2.0,1,0.0,1,0.0,1,0.8571428571428571,1.0690449676497087,0.0,2.0,0.5714285714285714,0.5,0.9622504486493723,0.0,3.0,1.7142857142857142,0,69.36,0.0,0.0,False,False,False,False,False,True,False,False,False,False,True,False,False,False,False,False,False,False,False,False,False,False,False,False,False,False,False,False,False,False,False,True,False,False,False,False
USA,Cotton T-Shirt,2025-08-16,Apparel,0.0,69.36,,20.0,2.0,0.0,0.0,5,16,33,8,3,228,1,-0.9749279121818236,-0.2225209339563146,-0.8660254037844385,-0.5000000000000004,0.0,1,2.0,1,0.0,1,0.0,1,0.5714285714285714,0.9759000729485471,0.0,2.0,0.5714285714285714,0.5,0.9622504486493723,0.0,3.0,1.1428571428571428,0,69.36,0.0,0.0,False,False,False,False,False,True,False,False,False,False,True,False,False,False,False,False,False,False,False,False,False,False,False,False,False,False,False,False,False,False,False,True,False,False,False,False
USA,Cotton T-Shirt,2025-08-17,Apparel,0.0,69.36,,20.0,2.0,0.0,0.0,6,17,33,8,3,229,1,-0.7818314824680299,0.6234898018587334,-0.8660254037844385,-0.5000000000000004,0.0,1,0.0,1,1.0,1,0.0,1,0.2857142857142857,0.7559289460184746,0.0,2.0,0.5714285714285714,0.5,0.9622504486493723,0.0,3.0,0.5714285714285714,0,69.36,0.0,0.0,False,False,False,False,False,True,False,False,False,False,True,False,False,False,False,False,False,False,False,False,False,False,False,False,False,False,False,False,False,False,False,True,False,False,False,False
USA,Cotton T-Shirt,2025-08-18,Apparel,1.0,42.74,0.12,20.0,2.0,1.0,0.0,0,18,34,8,3,230,0,0.0,1.0,-0.8660254037844385,-0.5000000000000004,0.0,1,0.0,1,1.0,1,0.0,1,0.2857142857142857,0.7559289460184746,0.0,2.0,0.5,0.5,0.9622504486493723,0.0,3.0,0.5714285714285714,1,69.36,-26.619999999999997,-0.3837946943483275,False,False,False,False,False,True,False,False,False,False,True,False,False,False,False,False,False,False,False,False,False,False,False,False,False,False,False,False,False,False,False,True,False,False,False,False
USA,Cotton T-Shirt,2025-08-19,Apparel,0.0,42.74,,20.0,2.0,0.0,0.0,1,19,34,8,3,231,0,0.7818314824680298,0.6234898018587336,-0.8660254037844385,-0.5000000000000004,1.0,1,0.0,1,0.0,1,0.0,1,0.42857142857142855,0.7867957924694614,0.0,2.0,0.5,0.5357142857142857,0.9615628812527899,0.0,3.0,0.7999999999999999,0,42.74,0.0,0.0,False,False,False,False,False,True,False,False,False,False,True,False,False,False,False,False,False,False,False,False,False,False,False,False,False,False,False,False,False,False,False,True,False,False,False,False
USA,Cotton T-Shirt,2025-08-20,Apparel,0.0,42.74,,20.0,2.0,0.0,0.0,2,20,34,8,3,232,0,0.9749279121818236,-0.22252093395631434,-0.8660254037844385,-0.5000000000000004,0.0,1,0.0,1,0.0,1,3.0,1,0.42857142857142855,0.7867957924694614,0.0,2.0,0.5,0.5357142857142857,0.9615628812527899,0.0,3.0,0.7999999999999999,0,42.74,0.0,0.0,False,False,False,False,False,True,False,False,False,False,True,False,False,False,False,False,False,False,False,False,False,False,False,False,False,False,False,False,False,False,False,True,False,False,False,False
USA,Cotton T-Shirt,2025-08-21,Apparel,0.0,42.74,,20.0,2.0,0.0,0.0,3,21,34,8,3,233,0,0.43388373911755823,-0.900968867902419,-0.8660254037844385,-0.5000000000000004,0.0,1,2.0,1,0.0,1,0.0,1,0.42857142857142855,0.7867957924694614,0.0,2.0,0.5,0.42857142857142855,0.8357108940373402,0.0,3.0,1.0,0,42.74,0.0,0.0,False,False,False,False,False,True,False,False,False,False,True,False,False,False,False,False,False,False,False,False,False,False,False,False,False,False,False,False,False,False,False,True,False,False,False,False
USA,Cotton T-Shirt,2025-08-22,Apparel,0.0,42.74,,20.0,2.0,0.0,0.0,4,22,34,8,3,234,0,-0.433883739117558,-0.9009688679024191,-0.8660254037844385,-0.5000000000000004,0.0,1,0.0,1,2.0,1,3.0,1,0.14285714285714285,0.3779644730092696,0.0,1.0,0.5,0.42857142857142855,0.8357108940373402,0.0,3.0,0.3333333333333333,0,42.74,0.0,0.0,False,False,False,False,False,True,False,False,False,False,True,False,False,False,False,False,False,False,False,False,False,False,False,False,False,False,False,False,False,False,False,True,False,False,False,False
USA,Cotton T-Shirt,2025-08-23,Apparel,0.0,42.74,,20.0,2.0,0.0,0.0,5,23,34,8,3,235,1,-0.9749279121818236,-0.2225209339563146,-0.8660254037844385,-0.5000000000000004,0.0,1,0.0,1,2.0,1,0.0,1,0.14285714285714285,0.3779644730092696,0.0,1.0,0.35714285714285715,0.32142857142857145,0.6696362433535764,0.0,2.0,0.44444444444444436,0,42.74,0.0,0.0,False,False,False,False,False,True,False,False,False,False,True,False,False,False,False,False,False,False,False,False,False,False,False,False,False,False,False,False,False,False,False,True,False,False,False,False
USA,Cotton T-Shirt,2025-08-24,Apparel,0.0,42.74,,20.0,2.0,0.0,0.0,6,24,34,8,3,236,1,-0.7818314824680299,0.6234898018587334,-0.8660254037844385,-0.5000000000000004,0.0,1,0.0,1,0.0,1,0.0,1,0.14285714285714285,0.3779644730092696,0.0,1.0,0.21428571428571427,0.32142857142857145,0.6696362433535764,0.0,2.0,0.44444444444444436,0,42.74,0.0,0.0,False,False,False,False,False,True,False,False,False,False,True,False,False,False,False,False,False,False,False,False,False,False,False,False,False,False,False,False,False,False,False,True,False,False,False,False
USA,Cotton T-Shirt,2025-08-25,Apparel,0.0,42.74,,20.0,2.0,0.0,0.0,0,25,35,8,3,237,0,0.0,1.0,-0.8660254037844385,-0.5000000000000004,0.0,1,1.0,1,0.0,1,0.0,1,0.14285714285714285,0.3779644730092696,0.0,1.0,0.21428571428571427,0.32142857142857145,0.6696362433535764,0.0,2.0,0.44444444444444436,0,42.74,0.0,0.0,False,False,False,False,False,True,False,False,False,False,True,False,False,False,False,False,False,False,False,False,False,False,False,False,False,False,False,False,False,False,False,True,False,False,False,False
USA,Cotton T-Shirt,2025-08-26,Apparel,0.0,42.74,,20.0,2.0,0.0,0.0,1,26,35,8,3,238,0,0.7818314824680298,0.6234898018587336,-0.8660254037844385,-0.5000000000000004,0.0,1,0.0,1,0.0,1,0.0,1,0.0,0.0,0.0,0.0,0.21428571428571427,0.32142857142857145,0.6696362433535764,0.0,2.0,0.0,0,42.74,0.0,0.0,False,False,False,False,False,True,False,False,False,False,True,False,False,False,False,False,False,False,False,False,False,False,False,False,False,False,False,False,False,False,False,True,False,False,False,False
USA,Cotton T-Shirt,2025-08-27,Apparel,0.0,42.74,,20.0,2.0,0.0,0.0,2,27,35,8,3,239,0,0.9749279121818236,-0.22252093395631434,-0.8660254037844385,-0.5000000000000004,0.0,1,0.0,1,0.0,1,0.0,1,0.0,0.0,0.0,0.0,0.21428571428571427,0.32142857142857145,0.6696362433535764,0.0,2.0,0.0,0,42.74,0.0,0.0,False,False,False,False,False,True,False,False,False,False,True,False,False,False,False,False,False,False,False,False,False,False,False,False,False,False,False,False,False,False,False,True,False,False,False,False
USA,Cotton T-Shirt,2025-08-28,Apparel,0.0,42.74,,20.0,2.0,0.0,0.0,3,28,35,8,3,240,0,0.43388373911755823,-0.900968867902419,-0.8660254037844385,-0.5000000000000004,0.0,1,0.0,1,2.0,1,0.0,1,0.0,0.0,0.0,0.0,0.21428571428571427,0.32142857142857145,0.6696362433535764,0.0,2.0,0.0,0,42.74,0.0,0.0,False,False,False,False,False,True,False,False,False,False,True,False,False,False,False,False,False,False,False,False,False,False,False,False,False,False,False,False,False,False,False,True,False,False,False,False
USA,Cotton T-Shirt,2025-08-29,Apparel,0.0,42.74,,20.0,2.0,0.0,0.0,4,29,35,8,3,241,0,-0.433883739117558,-0.9009688679024191,-0.8660254037844385,-0.5000000000000004,0.0,1,0.0,1,0.0,1,0.0,1,0.0,0.0,0.0,0.0,0.07142857142857142,0.32142857142857145,0.6696362433535764,0.0,2.0,0.0,0,42.74,0.0,0.0,False,False,False,False,False,True,False,False,False,False,True,False,False,False,False,False,False,False,False,False,False,False,False,False,False,False,False,False,False,False,False,True,False,False,False,False
USA,Cotton T-Shirt,2025-08-30,Apparel,0.0,42.74,,20.0,2.0,0.0,0.0,5,30,35,8,3,242,1,-0.9749279121818236,-0.2225209339563146,-0.8660254037844385,-0.5000000000000004,0.0,1,0.0,1,0.0,1,0.0,1,0.0,0.0,0.0,0.0,0.07142857142857142,0.32142857142857145,0.6696362433535764,0.0,2.0,0.0,0,42.74,0.0,0.0,False,False,False,False,False,True,False,False,False,False,True,False,False,False,False,False,False,False,False,False,False,False,False,False,False,False,False,False,False,False,False,True,False,False,False,False
USA,Cotton T-Shirt,2025-08-31,Apparel,0.0,42.74,,20.0,2.0,0.0,0.0,6,31,35,8,3,243,1,-0.7818314824680299,0.6234898018587334,-0.8660254037844385,-0.5000000000000004,0.0,1,0.0,1,0.0,1,1.0,1,0.0,0.0,0.0,0.0,0.07142857142857142,0.32142857142857145,0.6696362433535764,0.0,2.0,0.0,0,42.74,0.0,0.0,False,False,False,False,False,True,False,False,False,False,True,False,False,False,False,False,False,False,False,False,False,False,False,False,False,False,False,False,False,False,False,True,False,False,False,False
USA,Cotton T-Shirt,2025-09-01,Apparel,1.0,45.53,0.04,20.0,2.0,1.0,0.0,0,1,36,9,3,244,0,0.0,1.0,-1.0,-1.8369701987210297e-16,0.0,1,0.0,1,1.0,1,1.0,1,0.0,0.0,0.0,0.0,0.07142857142857142,0.2857142857142857,0.6586823467062295,0.0,2.0,0.0,1,42.74,2.789999999999999,0.0652784277023865,False,False,False,False,False,True,False,False,False,False,True,False,False,False,False,False,False,False,False,False,False,False,False,False,False,False,False,False,False,False,False,True,False,False,False,False
USA,Cotton T-Shirt,2025-09-02,Apparel,2.0,83.79,0.03,20.0,2.0,1.0,0.0,1,2,36,9,3,245,0,0.7818314824680298,0.6234898018587336,-1.0,-1.8369701987210297e-16,1.0,1,0.0,1,0.0,1,0.0,1,0.14285714285714285,0.3779644730092696,0.0,1.0,0.07142857142857142,0.2857142857142857,0.6586823467062295,0.0,2.0,0.5,1,45.53,38.260000000000005,0.8403250603997365,False,False,False,False,False,True,False,False,False,False,True,False,False,False,False,False,False,False,False,False,False,False,False,False,False,False,False,False,False,False,False,True,False,False,False,False
USA,Cotton T-Shirt,2025-09-03,Apparel,0.0,83.79,,20.0,2.0,0.0,0.0,2,3,36,9,3,246,0,0.9749279121818236,-0.22252093395631434,-1.0,-1.8369701987210297e-16,2.0,1,0.0,1,0.0,1,0.0,1,0.42857142857142855,0.7867957924694614,0.0,2.0,0.21428571428571427,0.35714285714285715,0.7310208850583725,0.0,2.0,1.2,0,83.79,0.0,0.0,False,False,False,False,False,True,False,False,False,False,True,False,False,False,False,False,False,False,False,False,False,False,False,False,False,False,False,False,False,False,False,True,False,False,False,False
USA,Cotton T-Shirt,2025-09-04,Apparel,0.0,83.79,,20.0,2.0,0.0,0.0,3,4,36,9,3,247,0,0.43388373911755823,-0.900968867902419,-1.0,-1.8369701987210297e-16,0.0,1,0.0,1,0.0,1,0.0,1,0.42857142857142855,0.7867957924694614,0.0,2.0,0.21428571428571427,0.35714285714285715,0.7310208850583725,0.0,2.0,1.2,0,83.79,0.0,0.0,False,False,False,False,False,True,False,False,False,False,True,False,False,False,False,False,False,False,False,False,False,False,False,False,False,False,False,False,False,False,False,True,False,False,False,False
USA,Cotton T-Shirt,2025-09-05,Apparel,0.0,83.79,,20.0,2.0,0.0,0.0,4,5,36,9,3,248,0,-0.433883739117558,-0.9009688679024191,-1.0,-1.8369701987210297e-16,0.0,1,0.0,1,0.0,1,2.0,1,0.42857142857142855,0.7867957924694614,0.0,2.0,0.21428571428571427,0.35714285714285715,0.7310208850583725,0.0,2.0,1.2,0,83.79,0.0,0.0,False,False,False,False,False,True,False,False,False,False,True,False,False,False,False,False,False,False,False,False,False,False,False,False,False,False,False,False,False,False,False,True,False,False,False,False
USA,Cotton T-Shirt,2025-09-06,Apparel,3.0,79.3,0.11,20.0,2.0,1.0,0.0,5,6,36,9,3,249,1,-0.9749279121818236,-0.2225209339563146,-1.0,-1.8369701987210297e-16,0.0,1,0.0,1,0.0,1,2.0,1,0.42857142857142855,0.7867957924694614,0.0,2.0,0.21428571428571427,0.2857142857142857,0.6586823467062295,0.0,2.0,1.5,1,83.79,-4.490000000000009,-0.05358634681942963,False,False,False,False,False,True,False,False,False,False,True,False,False,False,False,False,False,False,False,False,False,False,False,False,False,False,False,False,False,False,False,True,False,False,False,False
USA,Cotton T-Shirt,2025-09-07,Apparel,0.0,79.3,,20.0,2.0,0.0,0.0,6,7,36,9,3,250,1,-0.7818314824680299,0.6234898018587334,-1.0,-1.8369701987210297e-16,3.0,1,0.0,1,0.0,1,0.0,1,0.8571428571428571,1.2149857925879215,0.0,3.0,0.42857142857142855,0.32142857142857145,0.7723735149270968,0.0,3.0,2.6666666666666665,0,79.3,0.0,0.0,False,False,False,False,False,True,False,False,False,False,True,False,False,False,False,False,False,False,False,False,False,False,False,False,False,False,False,False,False,False,False,True,False,False,False,False
USA,Cotton T-Shirt,2025-09-08,Apparel,0.0,79.3,,20.0,2.0,0.0,0.0,0,8,37,9,3,251,0,0.0,1.0,-1.0,-1.8369701987210297e-16,0.0,1,1.0,1,0.0,1,0.0,1,0.8571428571428571,1.2149857925879215,0.0,3.0,0.42857142857142855,0.32142857142857145,0.7723735149270968,0.0,3.0,2.6666666666666665,0,79.3,0.0,0.0,False,False,False,False,False,True,False,False,False,False,True,False,False,False,False,False,False,False,False,False,False,False,False,False,False,False,False,False,False,False,False,True,False,False,False,False
USA,Cotton T-Shirt,2025-09-09,Apparel,5.0,135.67000000000002,0.15,20.0,2.0,1.0,1.0,1,9,37,9,3,252,0,0.7818314824680298,0.6234898018587336,-1.0,-1.8369701987210297e-16,0.0,1,2.0,1,0.0,1,0.0,1,0.7142857142857143,1.2535663410560276,0.0,3.0,0.42857142857142855,0.32142857142857145,0.7723735149270968,0.0,3.0,2.2222222222222223,1,79.3,56.37000000000002,0.7108448928121062,False,False,False,False,False,True,False,False,False,False,True,False,False,False,False,False,False,False,False,False,False,False,False,False,False,False,False,False,False,False,False,True,False,False,False,False
USA,Cotton T-Shirt,2025-09-10,Apparel,0.0,135.67000000000002,,20.0,2.0,0.0,0.0,2,10,37,9,3,253,0,0.9749279121818236,-0.22252093395631434,-1.0,-1.8369701987210297e-16,5.0,1,0.0,1,0.0,1,0.0,1,1.1428571428571428,2.0354009783964346,0.0,5.0,0.7857142857142857,0.5,1.170628194761412,0.0,5.0,2.2857142857142856,0,135.67000000000002,0.0,0.0,False,False,False,False,False,True,False,False,False,False,True,False,False,False,False,False,False,False,False,False,False,False,False,False,False,False,False,False,False,False,False,True,False,False,False,False
USA,Cotton T-Shirt,2025-09-11,Apparel,0.0,135.67000000000002,,20.0,2.0,0.0,0.0,3,11,37,9,3,254,0,0.43388373911755823,-0.900968867902419,-1.0,-1.8369701987210297e-16,0.0,1,0.0,1,0.0,1,2.0,1,1.1428571428571428,2.0354009783964346,0.0,5.0,0.7857142857142857,0.5,1.170628194761412,0.0,5.0,2.2857142857142856,0,135.67000000000002,0.0,0.0,False,False,False,False,False,True,False,False,False,False,True,False,False,False,False,False,False,False,False,False,False,False,False,False,False,False,False,False,False,False,False,True,False,False,False,False
USA,Cotton T-Shirt,2025-09-12,Apparel,0.0,135.67000000000002,,20.0,2.0,0.0,0.0,4,12,37,9,3,255,0,-0.433883739117558,-0.9009688679024191,-1.0,-1.8369701987210297e-16,0.0,1,0.0,1,0.0,1,0.0,1,1.1428571428571428,2.0354009783964346,0.0,5.0,0.7857142857142857,0.42857142857142855,1.136224137661792,0.0,5.0,2.6666666666666665,0,135.67000000000002,0.0,0.0,False,False,False,False,False,True,False,False,False,False,True,False,False,False,False,False,False,False,False,False,False,False,False,False,False,False,False,False,False,False,False,True,False,False,False,False
USA,Cotton T-Shirt,2025-09-13,Apparel,0.0,135.67000000000002,,20.0,2.0,0.0,0.0,5,13,37,9,3,256,1,-0.9749279121818236,-0.2225209339563146,-1.0,-1.8369701987210297e-16,0.0,1,3.0,1,0.0,1,0.0,1,1.1428571428571428,2.0354009783964346,0.0,5.0,0.7857142857142857,0.42857142857142855,1.136224137661792,0.0,5.0,2.6666666666666665,0,135.67000000000002,0.0,0.0,False,False,False,False,False,True,False,False,False,False,True,False,False,False,False,False,False,False,False,False,False,False,False,False,False,False,False,False,False,False,False,True,False,False,False,False
USA,Cotton T-Shirt,2025-09-14,Apparel,5.0,80.17,0.04,20.0,2.0,1.0,1.0,6,14,37,9,3,257,1,-0.7818314824680299,0.6234898018587334,-1.0,-1.8369701987210297e-16,0.0,1,0.0,1,0.0,1,0.0,1,0.7142857142857143,1.8898223650461428,0.0,5.0,0.7857142857142857,0.42857142857142855,1.136224137661792,0.0,5.0,1.6666666666666667,1,135.67000000000002,-55.500000000000014,-0.40908085796417787,False,False,False,False,False,True,False,False,False,False,True,False,False,False,False,False,False,False,False,False,False,False,False,False,False,False,False,False,False,False,False,True,False,False,False,False
USA,Cotton T-Shirt,2025-09-15,Apparel,0.0,80.17,,20.0,2.0,0.0,0.0,0,15,38,9,3,258,0,0.0,1.0,-1.0,-1.8369701987210297e-16,5.0,1,0.0,1,1.0,1,1.0,1,1.4285714285714286,2.4397501823713363,0.0,5.0,1.1428571428571428,0.6071428571428571,1.4230714230607922,0.0,5.0,2.3529411764705883,0,80.17,0.0,0.0,False,False,False,False,False,True,False,False,False,False,True,False,False,False,False,False,False,False,False,False,False,False,False,False,False,False,False,False,False,False,False,True,False,False,False,False
USA,Cotton T-Shirt,2025-09-16,Apparel,2.0,122.36,0.07,20.0,2.0,1.0,0.0,1,16,38,9,3,259,0,0.7818314824680298,0.6234898018587336,-1.0,-1.8369701987210297e-16,0.0,1,5.0,1,2.0,1,0.0,1,1.4285714285714286,2.4397501823713363,0.0,5.0,1.0714285714285714,0.5714285714285714,1.425393290199594,0.0,5.0,2.5,1,80.17,42.19,0.5262567045029313,False,False,False,False,False,True,False,False,False,False,True,False,False,False,False,False,False,False,False,False,False,False,False,False,False,False,False,False,False,False,False,True,False,False,False,False
USA,Cotton T-Shirt,2025-09-17,Apparel,1.0,14.79,0.08,20.0,2.0,1.0,0.0,2,17,38,9,3,260,0,0.9749279121818236,-0.22252093395631434,-1.0,-1.8369701987210297e-16,2.0,1,0.0,1,0.0,1,0.0,1,1.0,1.914854215512682,0.0,5.0,1.0714285714285714,0.6428571428571429,1.4456649300398356,0.0,5.0,1.5555555555555554,1,122.36,-107.57,-0.879127165740438,False,False,False,False,False,True,False,False,False,False,True,False,False,False,False,False,False,False,False,False,False,False,False,False,False,False,False,False,False,False,False,True,False,False,False,False
USA,Cotton T-Shirt,2025-09-18,Apparel,0.0,14.79,,20.0,2.0,0.0,0.0,3,18,38,9,3,261,0,0.43388373911755823,-0.900968867902419,-1.0,-1.8369701987210297e-16,1.0,1,0.0,1,0.0,1,0.0,1,1.1428571428571428,1.8644544714716142,0.0,5.0,1.1428571428571428,0.6785714285714286,1.4415416497771825,0.0,5.0,1.6842105263157894,0,14.79,0.0,0.0,False,False,False,False,False,True,False,False,False,False,True,False,False,False,False,False,False,False,False,False,False,False,False,False,False,False,False,False,False,False,False,True,False,False,False,False
USA,Cotton T-Shirt,2025-09-19,Apparel,2.0,85.27,0.09,20.0,2.0,1.0,0.0,4,19,38,9,3,262,0,-0.433883739117558,-0.9009688679024191,-1.0,-1.8369701987210297e-16,0.0,1,0.0,1,0.0,1,0.0,1,1.1428571428571428,1.8644544714716145,0.0,5.0,1.1428571428571428,0.6785714285714286,1.4415416497771825,0.0,5.0,1.6842105263157894,1,14.79,70.47999999999999,4.765382014874915,False,False,False,False,False,True,False,False,False,False,True,False,False,False,False,False,False,False,False,False,False,False,False,False,False,False,False,False,False,False,False,True,False,False,False,False
USA,Cotton T-Shirt,2025-09-20,Apparel,1.0,129.99,0.15,20.0,2.0,1.0,0.0,5,20,38,9,3,263,1,-0.9749279121818236,-0.2225209339563146,-1.0,-1.8369701987210297e-16,2.0,1,0.0,1,3.0,1,0.0,1,1.4285714285714286,1.8126539343499362,0.0,5.0,1.2857142857142858,0.75,1.4561491580090151,0.0,5.0,1.9047619047619049,1,85.27,44.72000000000001,0.5244517415269146,False,False,False,False,False,True,False,False,False,False,True,False,False,False,False,False,False,False,False,False,False,False,False,False,False,False,False,False,False,False,False,True,False,False,False,False
USA,Cotton T-Shirt,2025-09-21,Apparel,6.0,89.66666666666667,0.14,20.0,2.0,1.0,1.0,6,21,38,9,3,264,1,-0.7818314824680299,0.6234898018587334,-1.0,-1.8369701987210297e-16,1.0,1,5.0,1,0.0,1,0.0,1,1.5714285714285714,1.7182493859684533,0.0,5.0,1.1428571428571428,0.7857142857142857,1.4493202201477402,0.0,5.0,2.0,1,129.99,-40.32333333333334,-0.31020334897556223,False,False,False,False,False,True,False,False,False,False,True,False,False,False,False,False,False,False,False,False,False,False,False,False,False,False,False,False,False,False,False,True,False,False,False,False
USA,Cotton T-Shirt,2025-09-22,Apparel,2.0,143.83,0.07,20.0,2.0,1.0,0.0,0,22,39,9,3,265,0,0.0,1.0,-1.0,-1.8369701987210297e-16,6.0,1,0.0,1,0.0,1,0.0,1,1.7142857142857142,2.058663459163554,0.0,6.0,1.5714285714285714,1.0,1.7427096823731227,0.0,6.0,1.7142857142857142,1,89.66666666666667,54.16333333333334,0.6040520446096654,False,False,False,False,False,True,False,False,False,False,True,False,False,False,False,False,False,False,False,False,False,False,False,False,False,False,False,False,False,False,False,True,False,False,False,False
USA,Cotton T-Shirt,2025-09-23,Apparel,0.0,143.83,,20.0,2.0,0.0,0.0,1,23,39,9,3,266,0,0.7818314824680298,0.6234898018587336,-1.0,-1.8369701987210297e-16,2.0,1,2.0,1,5.0,1,0.0,1,2.0,1.9148542155126786,0.0,6.0,1.7142857142857142,1.0714285714285714,1.7411909808364001,0.0,6.0,1.8666666666666667,0,143.83,0.0,0.0,False,False,False,False,False,True,False,False,False,False,True,False,False,False,False,False,False,False,False,False,False,False,False,False,False,False,False,False,False,False,False,True,False,False,False,False
USA,Cotton T-Shirt,2025-09-24,Apparel,0.0,143.83,,20.0,2.0,0.0,0.0,2,24,39,9,3,267,0,0.9749279121818236,-0.22252093395631434,-1.0,-1.8369701987210297e-16,0.0,1,1.0,1,0.0,1,0.0,1,1.7142857142857142,2.0586634591635544,0.0,6.0,1.3571428571428572,1.0714285714285714,1.7411909808364001,0.0,6.0,1.5999999999999999,0,143.83,0.0,0.0,False,False,False,False,False,True,False,False,False,False,True,False,False,False,False,False,False,False,False,False,False,False,False,False,False,False,False,False,False,False,False,True,False,False,False,False
USA,Cotton T-Shirt,2025-09-25,Apparel,0.0,143.83,,20.0,2.0,0.0,0.0,3,25,39,9,3,268,0,0.43388373911755823,-0.900968867902419,-1.0,-1.8369701987210297e-16,0.0,1,0.0,1,0.0,1,0.0,1,1.5714285714285714,2.149196970742243,0.0,6.0,1.3571428571428572,1.0714285714285714,1.7411909808364001,0.0,6.0,1.4666666666666668,0,143.83,0.0,0.0,False,False,False,False,False,True,False,False,False,False,True,False,False,False,False,False,False,False,False,False,False,False,False,False,False,False,False,False,False,False,False,True,False,False,False,False
USA,Cotton T-Shirt,2025-09-26,Apparel,0.0,143.83,,20.0,2.0,0.0,0.0,4,26,39,9,3,269,0,-0.433883739117558,-0.9009688679024191,-1.0,-1.8369701987210297e-16,0.0,1,2.0,1,0.0,1,0.0,1,1.5714285714285714,2.149196970742243,0.0,6.0,1.3571428571428572,1.0714285714285714,1.7411909808364001,0.0,6.0,1.4666666666666668,0,143.83,0.0,0.0,False,False,False,False,False,True,False,False,False,False,True,False,False,False,False,False,False,False,False,False,False,False,False,False,False,False,False,False,False,False,False,True,False,False,False,False
USA,Cotton T-Shirt,2025-09-27,Apparel,0.0,143.83,,20.0,2.0,0.0,0.0,5,27,39,9,3,270,1,-0.9749279121818236,-0.2225209339563146,-1.0,-1.8369701987210297e-16,0.0,1,1.0,1,0.0,1,0.0,1,1.2857142857142858,2.214669705568287,0.0,6.0,1.3571428571428572,1.0714285714285714,1.7411909808364001,0.0,6.0,1.2000000000000002,0,143.83,0.0,0.0,False,False,False,False,False,True,False,False,False,False,True,False,False,False,False,False,False,False,False,False,False,False,False,False,False,False,False,False,False,False,False,True,False,False,False,False
USA,Cotton T-Shirt,2025-09-28,Apparel,2.0,69.26,0.09,20.0,2.0,1.0,0.0,6,28,39,9,3,271,1,-0.7818314824680299,0.6234898018587334,-1.0,-1.8369701987210297e-16,0.0,1,6.0,1,5.0,1,0.0,1,1.1428571428571428,2.267786838055368,0.0,6.0,1.3571428571428572,1.0714285714285714,1.7411909808364001,0.0,6.0,1.0666666666666667,1,143.83,-74.57000000000001,-0.5184592922199819,False,False,False,False,False,True,False,False,False,False,True,False,False,False,False,False,False,False,False,False,False,False,False,False,False,False,False,False,False,False,False,True,False,False,False,False
USA,Cotton T-Shirt,2025-09-29,Apparel,2.0,15.41,0.06,20.0,2.0,1.0,0.0,0,29,40,9,3,272,0,0.0,1.0,-1.0,-1.8369701987210297e-16,2.0,1,2.0,1,0.0,1,1.0,1,0.5714285714285714,0.9759000729485479,0.0,2.0,1.1428571428571428,1.1428571428571428,1.7366269075057572,0.0,6.0,0.5,1,69.26,-53.85000000000001,-0.7775050534218886,False,False,False,False,False,True,False,False,False,False,True,False,False,False,False,False,False,False,False,False,False,False,False,False,False,False,False,False,False,False,False,True,False,False,False,False
USA,Cotton T-Shirt,2025-09-30,Apparel,0.0,15.41,,20.0,2.0,0.0,0.0,1,30,40,9,3,273,0,0.7818314824680298,0.6234898018587336,-1.0,-1.8369701987210297e-16,2.0,1,0.0,1,2.0,1,2.0,1,0.5714285714285714,0.9759000729485479,0.0,2.0,1.2857142857142858,1.1785714285714286,1.743847840554125,0.0,6.0,0.4848484848484848,0,15.41,0.0,0.0,False,False,False,False,False,True,False,False,False,False,True,False,False,False,False,False,False,False,False,False,False,False,False,False,False,False,False,False,False,False,False,True,False,False,False,False
USA,Cotton T-Shirt,2025-10-01,Apparel,2.0,11.32,0.13,20.0,2.0,1.0,0.0,2,1,40,10,4,274,0,0.9749279121818236,-0.22252093395631434,-0.8660254037844386,0.5000000000000001,0.0,1,0.0,1,1.0,1,0.0,1,0.5714285714285714,0.9759000729485479,0.0,2.0,1.1428571428571428,1.1071428571428572,1.74990551521198,0.0,6.0,0.5161290322580645,1,15.41,-4.09,-0.2654120700843608,False,False,False,False,False,True,False,False,False,False,True,False,False,False,False,False,False,False,False,False,False,False,False,False,False,False,False,False,False,False,False,True,False,False,False,False
USA,Cotton T-Shirt,2025-10-02,Apparel,0.0,11.32,,20.0,2.0,0.0,0.0,3,2,40,10,4,275,0,0.43388373911755823,-0.900968867902419,-0.8660254037844386,0.5000000000000001,2.0,1,0.0,1,0.0,1,0.0,1,0.8571428571428571,1.0690449676497094,0.0,2.0,1.2142857142857142,1.1785714285714286,1.743847840554125,0.0,6.0,0.7272727272727272,0,11.32,0.0,0.0,False,False,False,False,False,True,False,False,False,False,True,False,False,False,False,False,False,False,False,False,False,False,False,False,False,False,False,False,False,False,False,True,False,False,False,False
USA,Cotton T-Shirt,2025-10-03,Apparel,0.0,11.32,,20.0,2.0,0.0,0.0,4,3,40,10,4,276,0,-0.433883739117558,-0.9009688679024191,-0.8660254037844386,0.5000000000000001,0.0,1,0.0,1,2.0,1,0.0,1,0.8571428571428571,1.0690449676497094,0.0,2.0,1.2142857142857142,1.1785714285714286,1.743847840554125,0.0,6.0,0.7272727272727272,0,11.32,0.0,0.0,False,False,False,False,False,True,False,False,False,False,True,False,False,False,False,False,False,False,False,False,False,False,False,False,False,False,False,False,False,False,False,True,False,False,False,False
USA,Cotton T-Shirt,2025-10-04,Apparel,0.0,11.32,,20.0,2.0,0.0,0.0,5,4,40,10,4,277,1,-0.9749279121818236,-0.2225209339563146,-0.8660254037844386,0.5000000000000001,0.0,1,0.0,1,1.0,1,3.0,1,0.8571428571428571,1.0690449676497094,0.0,2.0,1.0714285714285714,1.1785714285714286,1.743847840554125,0.0,6.0,0.7272727272727272,0,11.32,0.0,0.0,False,False,False,False,False,True,False,False,False,False,True,False,False,False,False,False,False,False,False,False,False,False,False,False,False,False,False,False,False,False,False,True,False,False,False,False
USA,Cotton T-Shirt,2025-10-05,Apparel,2.0,142.62,0.09,20.0,2.0,1.0,0.0,6,5,40,10,4,278,1,-0.7818314824680299,0.6234898018587334,-0.8660254037844386,0.5000000000000001,0.0,1,2.0,1,6.0,1,0.0,1,0.8571428571428571,1.0690449676497094,0.0,2.0,1.0,1.0714285714285714,1.7197883467659476,0.0,6.0,0.7999999999999999,1,11.32,131.3,11.598939929328623,False,False,False,False,False,True,False,False,False,False,True,False,False,False,False,False,False,False,False,False,False,False,False,False,False,False,False,False,False,False,False,True,False,False,False,False
USA,Cotton T-Shirt,2025-10-06,Apparel,1.0,136.48,0.1,20.0,2.0,1.0,0.0,0,6,41,10,4,279,0,0.0,1.0,-0.8660254037844386,0.5000000000000001,2.0,1,2.0,1,2.0,1,0.0,1,0.8571428571428571,1.0690449676497094,0.0,2.0,0.7142857142857143,1.1428571428571428,1.7151673218082646,0.0,6.0,0.75,1,142.62,-6.140000000000015,-0.04305146543261825,False,False,False,False,False,True,False,False,False,False,True,False,False,False,False,False,False,False,False,False,False,False,False,False,False,False,False,False,False,False,False,True,False,False,False,False
USA,Cotton T-Shirt,2025-10-07,Apparel,5.0,106.735,0.02,20.0,2.0,1.0,1.0,1,7,41,10,4,280,0,0.7818314824680298,0.6234898018587336,-0.8660254037844386,0.5000000000000001,1.0,1,0.0,1,0.0,1,5.0,1,0.7142857142857143,0.9511897312113559,0.0,2.0,0.6428571428571429,1.1785714285714286,1.7008401285415204,0.0,6.0,0.6060606060606061,1,136.48,-29.74499999999999,-0.2179440211019929,False,False,False,False,False,True,False,False,False,False,True,False,False,False,False,False,False,False,False,False,False,False,False,False,False,False,False,False,False,False,False,True,False,False,False,False
USA,Cotton T-Shirt,2025-10-08,Apparel,0.0,106.735,,20.0,2.0,0.0,0.0,2,8,41,10,4,281,0,0.9749279121818236,-0.22252093395631434,-0.8660254037844386,0.5000000000000001,5.0,1,2.0,1,0.0,1,0.0,1,1.4285714285714286,1.8126539343499364,0.0,5.0,1.0,1.1785714285714286,1.7008401285415204,0.0,6.0,1.2121212121212122,0,106.735,0.0,0.0,False,False,False,False,False,True,False,False,False,False,True,False,False,False,False,False,False,False,False,False,False,False,False,False,False,False,False,False,False,False,False,True,False,False,False,False
USA,Cotton T-Shirt,2025-10-09,Apparel,0.0,106.735,,20.0,2.0,0.0,0.0,3,9,41,10,4,282,0,0.43388373911755823,-0.900968867902419,-0.8660254037844386,0.5000000000000001,0.0,1,0.0,1,0.0,1,0.0,1,1.1428571428571428,1.8644544714716147,0.0,5.0,1.0,1.1785714285714286,1.7008401285415204,0.0,6.0,0.9696969696969696,0,106.735,0.0,0.0,False,False,False,False,False,True,False,False,False,False,True,False,False,False,False,False,False,False,False,False,False,False,False,False,False,False,False,False,False,False,False,True,False,False,False,False
USA,Cotton T-Shirt,2025-10-10,Apparel,0.0,106.735,,20.0,2.0,0.0,0.0,4,10,41,10,4,283,0,-0.433883739117558,-0.9009688679024191,-0.8660254037844386,0.5000000000000001,0.0,1,0.0,1,0.0,1,0.0,1,1.1428571428571428,1.8644544714716147,0.0,5.0,1.0,1.1785714285714286,1.7008401285415204,0.0,6.0,0.9696969696969696,0,106.735,0.0,0.0,False,False,False,False,False,True,False,False,False,False,True,False,False,False,False,False,False,False,False,False,False,False,False,False,False,False,False,False,False,False,False,True,False,False,False,False
USA,Cotton T-Shirt,2025-10-11,Apparel,0.0,106.735,,20.0,2.0,0.0,0.0,5,11,41,10,4,284,1,-0.9749279121818236,-0.2225209339563146,-0.8660254037844386,0.5000000000000001,0.0,1,0.0,1,0.0,1,0.0,1,1.1428571428571428,1.8644544714716147,0.0,5.0,1.0,1.1785714285714286,1.7008401285415204,0.0,6.0,0.9696969696969696,0,106.735,0.0,0.0,False,False,False,False,False,True,False,False,False,False,True,False,False,False,False,False,False,False,False,False,False,False,False,False,False,False,False,False,False,False,False,True,False,False,False,False
USA,Cotton T-Shirt,2025-10-12,Apparel,0.0,106.735,,20.0,2.0,0.0,0.0,6,12,41,10,4,285,1,-0.7818314824680299,0.6234898018587334,-0.8660254037844386,0.5000000000000001,0.0,1,2.0,1,2.0,1,5.0,1,1.1428571428571428,1.8644544714716147,0.0,5.0,1.0,1.1785714285714286,1.7008401285415204,0.0,6.0,0.9696969696969696,0,106.735,0.0,0.0,False,False,False,False,False,True,False,False,False,False,True,False,False,False,False,False,False,False,False,False,False,False,False,False,False,False,False,False,False,False,False,True,False,False,False,False
USA,Cotton T-Shirt,2025-10-13,Apparel,0.0,106.735,,20.0,2.0,0.0,0.0,0,13,42,10,4,286,0,0.0,1.0,-0.8660254037844386,0.5000000000000001,0.0,1,1.0,1,2.0,1,0.0,1,0.8571428571428571,1.8644544714716156,0.0,5.0,0.8571428571428571,1.0,1.5396007178389999,0.0,6.0,0.8571428571428571,0,106.735,0.0,0.0,False,False,False,False,False,True,False,False,False,False,True,False,False,False,False,False,False,False,False,False,False,False,False,False,False,False,False,False,False,False,False,True,False,False,False,False
USA,Cotton T-Shirt,2025-10-14,Apparel,0.0,106.735,,20.0,2.0,0.0,0.0,1,14,42,10,4,287,0,0.7818314824680298,0.6234898018587336,-0.8660254037844386,0.5000000000000001,0.0,1,5.0,1,0.0,1,2.0,1,0.7142857142857143,1.8898223650461434,0.0,5.0,0.7142857142857143,1.0,1.5396007178389999,0.0,6.0,0.7142857142857143,0,106.735,0.0,0.0,False,False,False,False,False,True,False,False,False,False,True,False,False,False,False,False,False,False,False,False,False,False,False,False,False,False,False,False,False,False,False,True,False,False,False,False
USA,Cotton T-Shirt,2025-10-15,Apparel,0.0,106.735,,20.0,2.0,0.0,0.0,2,15,42,10,4,288,0,0.9749279121818236,-0.22252093395631434,-0.8660254037844386,0.5000000000000001,0.0,1,0.0,1,2.0,1,1.0,1,0.0,0.0,0.0,0.0,0.7142857142857143,0.9285714285714286,1.537881453519535,0.0,6.0,0.0,0,106.735,0.0,0.0,False,False,False,False,False,True,False,False,False,False,True,False,False,False,False,False,False,False,False,False,False,False,False,False,False,False,False,False,False,False,False,True,False,False,False,False
USA,Cotton T-Shirt,2025-10-16,Apparel,0.0,106.735,,20.0,2.0,0.0,0.0,3,16,42,10,4,289,0,0.43388373911755823,-0.900968867902419,-0.8660254037844386,0.5000000000000001,0.0,1,0.0,1,0.0,1,0.0,1,0.0,0.0,0.0,0.0,0.5714285714285714,0.8928571428571429,1.5477411429249524,0.0,6.0,0.0,0,106.735,0.0,0.0,False,False,False,False,False,True,False,False,False,False,True,False,False,False,False,False,False,False,False,False,False,False,False,False,False,False,False,False,False,False,False,True,False,False,False,False
USA,Cotton T-Shirt,2025-10-17,Apparel,0.0,106.735,,20.0,2.0,0.0,0.0,4,17,42,10,4,290,0,-0.433883739117558,-0.9009688679024191,-0.8660254037844386,0.5000000000000001,0.0,1,0.0,1,0.0,1,2.0,1,0.0,0.0,0.0,0.0,0.5714285714285714,0.8928571428571429,1.5477411429249524,0.0,6.0,0.0,0,106.735,0.0,0.0,False,False,False,False,False,True,False,False,False,False,True,False,False,False,False,False,False,False,False,False,False,False,False,False,False,False,False,False,False,False,False,True,False,False,False,False
USA,Cotton T-Shirt,2025-10-18,Apparel,0.0,106.735,,20.0,2.0,0.0,0.0,5,18,42,10,4,291,1,-0.9749279121818236,-0.2225209339563146,-0.8660254037844386,0.5000000000000001,0.0,1,0.0,1,0.0,1,1.0,1,0.0,0.0,0.0,0.0,0.5714285714285714,0.8214285714285714,1.5408889072021437,0.0,6.0,0.0,0,106.735,0.0,0.0,False,False,False,False,False,True,False,False,False,False,True,False,False,False,False,False,False,False,False,False,False,False,False,False,False,False,False,False,False,False,False,True,False,False,False,False
USA,Cotton T-Shirt,2025-10-19,Apparel,3.0,52.42,0.02,20.0,2.0,1.0,0.0,6,19,42,10,4,292,1,-0.7818314824680299,0.6234898018587334,-0.8660254037844386,0.5000000000000001,0.0,1,0.0,1,2.0,1,6.0,1,0.0,0.0,0.0,0.0,0.5714285714285714,0.7857142857142857,1.5481684006675078,0.0,6.0,0.0,1,106.735,-54.315,-0.508877125591418,False,False,False,False,False,True,False,False,False,False,True,False,False,False,False,False,False,False,False,False,False,False,False,False,False,False,False,False,False,False,False,True,False,False,False,False
USA,Cotton T-Shirt,2025-10-20,Apparel,0.0,52.42,,20.0,2.0,0.0,0.0,0,20,43,10,4,293,0,0.0,1.0,-0.8660254037844386,0.5000000000000001,3.0,1,0.0,1,1.0,1,2.0,1,0.42857142857142855,1.1338934190276957,0.0,3.0,0.6428571428571429,0.6785714285714286,1.2488089563755544,0.0,5.0,0.631578947368421,0,52.42,0.0,0.0,False,False,False,False,False,True,False,False,False,False,True,False,False,False,False,False,False,False,False,False,False,False,False,False,False,False,False,False,False,False,False,True,False,False,False,False
USA,Cotton T-Shirt,2025-10-21,Apparel,0.0,52.42,,20.0,2.0,0.0,0.0,1,21,43,10,4,294,0,0.7818314824680298,0.6234898018587336,-0.8660254037844386,0.5000000000000001,0.0,1,0.0,1,5.0,1,0.0,1,0.42857142857142855,1.1338934190276957,0.0,3.0,0.5714285714285714,0.6071428571428571,1.2274419565151535,0.0,5.0,0.7058823529411765,0,52.42,0.0,0.0,False,False,False,False,False,True,False,False,False,False,True,False,False,False,False,False,False,False,False,False,False,False,False,False,False,False,False,False,False,False,False,True,False,False,False,False
USA,Cotton T-Shirt,2025-10-22,Apparel,0.0,52.42,,20.0,2.0,0.0,0.0,2,22,43,10,4,295,0,0.9749279121818236,-0.22252093395631434,-0.8660254037844386,0.5000000000000001,0.0,1,0.0,1,0.0,1,0.0,1,0.42857142857142855,1.1338934190276957,0.0,3.0,0.21428571428571427,0.6071428571428571,1.2274419565151535,0.0,5.0,0.7058823529411765,0,52.42,0.0,0.0,False,False,False,False,False,True,False,False,False,False,True,False,False,False,False,False,False,False,False,False,False,False,False,False,False,False,False,False,False,False,False,True,False,False,False,False
USA,Cotton T-Shirt,2025-10-23,Apparel,0.0,52.42,,20.0,2.0,0.0,0.0,3,23,43,10,4,296,0,0.43388373911755823,-0.900968867902419,-0.8660254037844386,0.5000000000000001,0.0,1,0.0,1,0.0,1,0.0,1,0.42857142857142855,1.1338934190276957,0.0,3.0,0.21428571428571427,0.6071428571428571,1.2274419565151535,0.0,5.0,0.7058823529411765,0,52.42,0.0,0.0,False,False,False,False,False,True,False,False,False,False,True,False,False,False,False,False,False,False,False,False,False,False,False,False,False,False,False,False,False,False,False,True,False,False,False,False
USA,Cotton T-Shirt,2025-10-24,Apparel,0.0,52.42,,20.0,2.0,0.0,0.0,4,24,43,10,4,297,0,-0.433883739117558,-0.9009688679024191,-0.8660254037844386,0.5000000000000001,0.0,1,0.0,1,0.0,1,0.0,1,0.42857142857142855,1.1338934190276957,0.0,3.0,0.21428571428571427,0.6071428571428571,1.2274419565151535,0.0,5.0,0.7058823529411765,0,52.42,0.0,0.0,False,False,False,False,False,True,False,False,False,False,True,False,False,False,False,False,False,False,False,False,False,False,False,False,False,False,False,False,False,False,False,True,False,False,False,False
USA,Cotton T-Shirt,2025-10-25,Apparel,0.0,52.42,,20.0,2.0,0.0,0.0,5,25,43,10,4,298,1,-0.9749279121818236,-0.2225209339563146,-0.8660254037844386,0.5000000000000001,0.0,1,0.0,1,0.0,1,0.0,1,0.42857142857142855,1.1338934190276957,0.0,3.0,0.21428571428571427,0.6071428571428571,1.2274419565151535,0.0,5.0,0.7058823529411765,0,52.42,0.0,0.0,False,False,False,False,False,True,False,False,False,False,True,False,False,False,False,False,False,False,False,False,False,False,False,False,False,False,False,False,False,False,False,True,False,False,False,False
USA,Cotton T-Shirt,2025-10-26,Apparel,0.0,52.42,,20.0,2.0,0.0,0.0,6,26,43,10,4,299,1,-0.7818314824680299,0.6234898018587334,-0.8660254037844386,0.5000000000000001,0.0,1,3.0,1,0.0,1,2.0,1,0.42857142857142855,1.1338934190276957,0.0,3.0,0.21428571428571427,0.6071428571428571,1.2274419565151535,0.0,5.0,0.7058823529411765,0,52.42,0.0,0.0,False,False,False,False,False,True,False,False,False,False,True,False,False,False,False,False,False,False,False,False,False,False,False,False,False,False,False,False,False,False,False,True,False,False,False,False
USA,Cotton T-Shirt,2025-10-27,Apparel,0.0,52.42,,20.0,2.0,0.0,0.0,0,27,44,10,4,300,0,0.0,1.0,-0.8660254037844386,0.5000000000000001,0.0,1,0.0,1,0.0,1,2.0,1,0.0,0.0,0.0,0.0,0.21428571428571427,0.5357142857142857,1.2013000012992943,0.0,5.0,0.0,0,52.42,0.0,0.0,False,False,False,False,False,True,False,False,False,False,True,False,False,False,False,False,False,False,False,False,False,False,False,False,False,False,False,False,False,False,False,True,False,False,False,False
USA,Cotton T-Shirt,2025-10-28,Apparel,2.0,69.13,0.11,20.0,2.0,1.0,0.0,1,28,44,10,4,301,0,0.7818314824680298,0.6234898018587336,-0.8660254037844386,0.5000000000000001,0.0,1,0.0,1,0.0,1,0.0,1,0.0,0.0,0.0,0.0,0.21428571428571427,0.4642857142857143,1.170063083362436,0.0,5.0,0.0,1,52.42,16.709999999999994,0.31877146127432265,False,False,False,False,False,True,False,False,False,False,True,False,False,False,False,False,False,False,False,False,False,False,False,False,False,False,False,False,False,False,False,True,False,False,False,False
USA,Cotton T-Shirt,2025-10-29,Apparel,1.0,30.34,0.1,20.0,2.0,1.0,0.0,2,29,44,10,4,302,0,0.9749279121818236,-0.22252093395631434,-0.8660254037844386,0.5000000000000001,2.0,1,0.0,1,0.0,1,2.0,1,0.2857142857142857,0.7559289460184766,0.0,2.0,0.35714285714285715,0.5357142857142857,1.2013000012992943,0.0,5.0,0.5333333333333333,1,69.13,-38.78999999999999,-0.5611167365832489,False,False,False,False,False,True,False,False,False,False,True,False,False,False,False,False,False,False,False,False,False,False,False,False,False,False,False,False,False,False,False,True,False,False,False,False
USA,Cotton T-Shirt,2025-10-30,Apparel,0.0,30.34,,20.0,2.0,0.0,0.0,3,30,44,10,4,303,0,0.43388373911755823,-0.900968867902419,-0.8660254037844386,0.5000000000000001,1.0,1,0.0,1,0.0,1,0.0,1,0.42857142857142855,0.7867957924694633,0.0,2.0,0.42857142857142855,0.5,1.1706281947614117,0.0,5.0,0.8571428571428571,0,30.34,0.0,0.0,False,False,False,False,False,True,False,False,False,False,True,False,False,False,False,False,False,False,False,False,False,False,False,False,False,False,False,False,False,False,False,True,False,False,False,False
USA,Cotton T-Shirt,2025-10-31,Apparel,0.0,30.34,,20.0,2.0,0.0,0.0,4,31,44,10,4,304,0,-0.433883739117558,-0.9009688679024191,-0.8660254037844386,0.5000000000000001,0.0,1,0.0,1,0.0,1,0.0,1,0.42857142857142855,0.7867957924694633,0.0,2.0,0.42857142857142855,0.5,1.1706281947614117,0.0,5.0,0.8571428571428571,0,30.34,0.0,0.0,False,False,False,False,False,True,False,False,False,False,True,False,False,False,False,False,False,False,False,False,False,False,False,False,False,False,False,False,False,False,False,True,False,False,False,False
USA,Cotton T-Shirt,2025-11-01,Apparel,4.0,129.74,0.18,20.0,2.0,1.0,0.0,5,1,44,11,4,305,1,-0.9749279121818236,-0.2225209339563146,-0.5000000000000004,0.8660254037844384,0.0,1,0.0,1,0.0,1,0.0,1,0.42857142857142855,0.7867957924694633,0.0,2.0,0.42857142857142855,0.5,1.1706281947614117,0.0,5.0,0.8571428571428571,1,30.34,99.4,3.2762030323005935,False,False,False,False,False,True,False,False,False,False,True,False,False,False,False,False,False,False,False,False,False,False,False,False,False,False,False,False,False,False,False,True,False,False,False,False
USA,Cotton T-Shirt,2025-11-02,Apparel,0.0,129.74,,20.0,2.0,0.0,0.0,6,2,44,11,4,306,1,-0.7818314824680299,0.6234898018587334,-0.5000000000000004,0.8660254037844384,4.0,1,0.0,1,3.0,1,2.0,1,1.0,1.5275252316519545,0.0,4.0,0.7142857142857143,0.6428571428571429,1.339272486707162,0.0,5.0,1.5555555555555554,0,129.74,0.0,0.0,False,False,False,False,False,True,False,False,False,False,True,False,False,False,False,False,False,False,False,False,False,False,False,False,False,False,False,False,False,False,False,True,False,False,False,False
USA,Cotton T-Shirt,2025-11-03,Apparel,5.0,19.39,0.23,20.0,2.0,1.0,1.0,0,3,45,11,4,307,0,0.0,1.0,-0.5000000000000004,0.8660254037844384,0.0,1,0.0,1,0.0,1,1.0,1,1.0,1.5275252316519545,0.0,4.0,0.5,0.5714285714285714,1.3173646934124683,0.0,5.0,1.75,1,129.74,-110.35000000000001,-0.8505472483428396,False,False,False,False,False,True,False,False,False,False,True,False,False,False,False,False,False,False,False,False,False,False,False,False,False,False,False,False,False,False,False,True,False,False,False,False
USA,Cotton T-Shirt,2025-11-04,Apparel,0.0,19.39,,20.0,2.0,0.0,0.0,1,4,45,11,4,308,0,0.7818314824680298,0.6234898018587336,-0.5000000000000004,0.8660254037844384,5.0,1,2.0,1,0.0,1,5.0,1,1.7142857142857142,2.0586634591635544,0.0,5.0,0.8571428571428571,0.7142857142857143,1.5600841111499164,0.0,5.0,2.4,0,19.39,0.0,0.0,False,False,False,False,False,True,False,False,False,False,True,False,False,False,False,False,False,False,False,False,False,False,False,False,False,False,False,False,False,False,False,True,False,False,False,False
USA,Cotton T-Shirt,2025-11-05,Apparel,0.0,19.39,,20.0,2.0,0.0,0.0,2,5,45,11,4,309,0,0.9749279121818236,-0.22252093395631434,-0.5000000000000004,0.8660254037844384,0.0,1,1.0,1,0.0,1,0.0,1,1.4285714285714286,2.149196970742244,0.0,5.0,0.8571428571428571,0.5357142857142857,1.3188699668344792,0.0,5.0,2.666666666666667,0,19.39,0.0,0.0,False,False,False,False,False,True,False,False,False,False,True,False,False,False,False,False,False,False,False,False,False,False,False,False,False,False,False,False,False,False,False,True,False,False,False,False
USA,Cotton T-Shirt,2025-11-06,Apparel,0.0,19.39,,20.0,2.0,0.0,0.0,3,6,45,11,4,310,0,0.43388373911755823,-0.900968867902419,-0.5000000000000004,0.8660254037844384,0.0,1,0.0,1,0.0,1,0.0,1,1.2857142857142858,2.2146697055682876,0.0,5.0,0.8571428571428571,0.5357142857142857,1.3188699668344792,0.0,5.0,2.4000000000000004,0,19.39,0.0,0.0,False,False,False,False,False,True,False,False,False,False,True,False,False,False,False,False,False,False,False,False,False,False,False,False,False,False,False,False,False,False,False,True,False,False,False,False
USA,Cotton T-Shirt,2025-11-07,Apparel,0.0,19.39,,20.0,2.0,0.0,0.0,4,7,45,11,4,311,0,-0.433883739117558,-0.9009688679024191,-0.5000000000000004,0.8660254037844384,0.0,1,0.0,1,0.0,1,0.0,1,1.2857142857142858,2.2146697055682876,0.0,5.0,0.8571428571428571,0.5357142857142857,1.3188699668344792,0.0,5.0,2.4000000000000004,0,19.39,0.0,0.0,False,False,False,False,False,True,False,False,False,False,True,False,False,False,False,False,False,False,False,False,False,False,False,False,False,False,False,False,False,False,False,True,False,False,False,False
USA,Cotton T-Shirt,2025-11-08,Apparel,0.0,19.39,,20.0,2.0,0.0,0.0,5,8,45,11,4,312,1,-0.9749279121818236,-0.2225209339563146,-0.5000000000000004,0.8660254037844384,0.0,1,4.0,1,0.0,1,0.0,1,1.2857142857142858,2.2146697055682876,0.0,5.0,0.8571428571428571,0.5357142857142857,1.3188699668344792,0.0,5.0,2.4000000000000004,0,19.39,0.0,0.0,False,False,False,False,False,True,False,False,False,False,True,False,False,False,False,False,False,False,False,False,False,False,False,False,False,False,False,False,False,False,False,True,False,False,False,False
USA,Cotton T-Shirt,2025-11-09,Apparel,5.0,68.86,0.28,20.0,2.0,1.0,1.0,6,9,45,11,4,313,1,-0.7818314824680299,0.6234898018587334,-0.5000000000000004,0.8660254037844384,0.0,1,0.0,1,0.0,1,0.0,1,0.7142857142857143,1.8898223650461432,0.0,5.0,0.8571428571428571,0.5357142857142857,1.3188699668344792,0.0,5.0,1.3333333333333335,1,19.39,49.47,2.5513151108818977,False,False,False,False,False,True,False,False,False,False,True,False,False,False,False,False,False,False,False,False,False,False,False,False,False,False,False,False,False,False,False,True,False,False,False,False
USA,Cotton T-Shirt,2025-11-10,Apparel,0.0,68.86,,20.0,2.0,0.0,0.0,0,10,46,11,4,314,0,0.0,1.0,-0.5000000000000004,0.8660254037844384,5.0,1,5.0,1,0.0,1,0.0,1,1.4285714285714286,2.439750182371337,0.0,5.0,1.2142857142857142,0.7142857142857143,1.5600841111499164,0.0,5.0,2.0,0,68.86,0.0,0.0,False,False,False,False,False,True,False,False,False,False,True,False,False,False,False,False,False,False,False,False,False,False,False,False,False,False,False,False,False,False,False,True,False,False,False,False
USA,Cotton T-Shirt,2025-11-11,Apparel,0.0,68.86,,20.0,2.0,0.0,0.0,1,11,46,11,4,315,0,0.7818314824680298,0.6234898018587336,-0.5000000000000004,0.8660254037844384,0.0,1,0.0,1,2.0,1,0.0,1,0.7142857142857143,1.8898223650461434,0.0,5.0,1.2142857142857142,0.7142857142857143,1.5600841111499164,0.0,5.0,1.0,0,68.86,0.0,0.0,False,False,False,False,False,True,False,False,False,False,True,False,False,False,False,False,False,False,False,False,False,False,False,False,False,False,False,False,False,False,False,True,False,False,False,False
USA,Cotton T-Shirt,2025-11-12,Apparel,2.0,57.06,0.26,20.0,2.0,1.0,0.0,2,12,46,11,4,316,0,0.9749279121818236,-0.22252093395631434,-0.5000000000000004,0.8660254037844384,0.0,1,0.0,1,1.0,1,0.0,1,0.7142857142857143,1.8898223650461434,0.0,5.0,1.0714285714285714,0.7142857142857143,1.5600841111499164,0.0,5.0,1.0,1,68.86,-11.799999999999997,-0.17136218414173682,False,False,False,False,False,True,False,False,False,False,True,False,False,False,False,False,False,False,False,False,False,False,False,False,False,False,False,False,False,False,False,True,False,False,False,False
USA,Cotton T-Shirt,2025-11-13,Apparel,4.0,66.11,0.28,20.0,2.0,1.0,0.0,3,13,46,11,4,317,0,0.43388373911755823,-0.900968867902419,-0.5000000000000004,0.8660254037844384,2.0,1,0.0,1,0.0,1,0.0,1,1.0,1.9148542155126824,0.0,5.0,1.1428571428571428,0.7857142857142857,1.5719094983170825,0.0,5.0,1.2727272727272727,1,57.06,9.049999999999997,0.15860497721696454,False,False,False,False,False,True,False,False,False,False,True,False,False,False,False,False,False,False,False,False,False,False,False,False,False,False,False,False,False,False,False,True,False,False,False,False
USA,Cotton T-Shirt,2025-11-14,Apparel,3.0,28.3,0.19,20.0,2.0,1.0,0.0,4,14,46,11,4,318,0,-0.433883739117558,-0.9009688679024191,-0.5000000000000004,0.8660254037844384,4.0,1,0.0,1,0.0,1,0.0,1,1.5714285714285714,2.1491969707422434,0.0,5.0,1.4285714285714286,0.9285714285714286,1.676163419695049,0.0,5.0,1.6923076923076923,1,66.11,-37.81,-0.5719255785811527,False,False,False,False,False,True,False,False,False,False,True,False,False,False,False,False,False,False,False,False,False,False,False,False,False,False,False,False,False,False,False,True,False,False,False,False
USA,Cotton T-Shirt,2025-11-15,Apparel,0.0,28.3,,20.0,2.0,0.0,0.0,5,15,46,11,4,319,1,-0.9749279121818236,-0.2225209339563146,-0.5000000000000004,0.8660254037844384,3.0,1,0.0,1,4.0,1,0.0,1,2.0,2.0816659994661353,0.0,5.0,1.6428571428571428,1.0357142857142858,1.7101471207481438,0.0,5.0,1.9310344827586206,0,28.3,0.0,0.0,False,False,False,False,False,True,False,False,False,False,True,False,False,False,False,False,False,False,False,False,False,False,False,False,False,False,False,False,False,False,False,True,False,False,False,False
USA,Cotton T-Shirt,2025-11-16,Apparel,5.0,75.49,0.18,20.0,2.0,1.0,1.0,6,16,46,11,4,320,1,-0.7818314824680299,0.6234898018587334,-0.5000000000000004,0.8660254037844384,0.0,1,5.0,1,0.0,1,3.0,1,2.0,2.0816659994661353,0.0,5.0,1.3571428571428572,1.0357142857142858,1.7101471207481438,0.0,5.0,1.9310344827586206,1,28.3,47.19,1.6674911660777383,False,False,False,False,False,True,False,False,False,False,True,False,False,False,False,False,False,False,False,False,False,False,False,False,False,False,False,False,False,False,False,True,False,False,False,False
USA,Cotton T-Shirt,2025-11-17,Apparel,3.0,15.93,0.2,20.0,2.0,1.0,0.0,0,17,47,11,4,321,0,0.0,1.0,-0.5000000000000004,0.8660254037844384,5.0,1,0.0,1,5.0,1,0.0,1,2.0,2.0816659994661353,0.0,5.0,1.7142857142857142,1.1071428571428572,1.8326116905841237,0.0,5.0,1.8064516129032258,1,75.49,-59.559999999999995,-0.788978672671877,False,False,False,False,False,True,False,False,False,False,True,False,False,False,False,False,False,False,False,False,False,False,False,False,False,False,False,False,False,False,False,True,False,False,False,False
USA,Cotton T-Shirt,2025-11-18,Apparel,0.0,15.93,,20.0,2.0,0.0,0.0,1,18,47,11,4,322,0,0.7818314824680298,0.6234898018587336,-0.5000000000000004,0.8660254037844384,3.0,1,0.0,1,0.0,1,0.0,1,2.4285714285714284,1.902379462422685,0.0,5.0,1.5714285714285714,1.2142857142857142,1.8530683834824944,0.0,5.0,2.0,0,15.93,0.0,0.0,False,False,False,False,False,True,False,False,False,False,True,False,False,False,False,False,False,False,False,False,False,False,False,False,False,False,False,False,False,False,False,True,False,False,False,False
USA,Cotton T-Shirt,2025-11-19,Apparel,0.0,15.93,,20.0,2.0,0.0,0.0,2,19,47,11,4,323,0,0.9749279121818236,-0.22252093395631434,-0.5000000000000004,0.8660254037844384,0.0,1,2.0,1,0.0,1,0.0,1,2.4285714285714284,1.902379462422685,0.0,5.0,1.5714285714285714,1.2142857142857142,1.8530683834824944,0.0,5.0,2.0,0,15.93,0.0,0.0,False,False,False,False,False,True,False,False,False,False,True,False,False,False,False,False,False,False,False,False,False,False,False,False,False,False,False,False,False,False,False,True,False,False,False,False
USA,Cotton T-Shirt,2025-11-20,Apparel,2.0,64.33,0.22,20.0,2.0,1.0,0.0,3,20,47,11,4,324,0,0.43388373911755823,-0.900968867902419,-0.5000000000000004,0.8660254037844384,0.0,1,4.0,1,0.0,1,0.0,1,2.142857142857143,2.1157009420498176,0.0,5.0,1.5714285714285714,1.2142857142857142,1.8530683834824944,0.0,5.0,1.7647058823529413,1,15.93,48.4,3.0382925298179537,False,False,False,False,False,True,False,False,False,False,True,False,False,False,False,False,False,False,False,False,False,False,False,False,False,False,False,False,False,False,False,True,False,False,False,False
USA,Cotton T-Shirt,2025-11-21,Apparel,0.0,64.33,,20.0,2.0,0.0,0.0,4,21,47,11,4,325,0,-0.433883739117558,-0.9009688679024191,-0.5000000000000004,0.8660254037844384,2.0,1,3.0,1,0.0,1,0.0,1,1.8571428571428572,1.9518001458970697,0.0,5.0,1.7142857142857142,1.2857142857142858,1.843047855272724,0.0,5.0,1.4444444444444444,0,64.33,0.0,0.0,False,False,False,False,False,True,False,False,False,False,True,False,False,False,False,False,False,False,False,False,False,False,False,False,False,False,False,False,False,False,False,True,False,False,False,False
USA,Cotton T-Shirt,2025-11-22,Apparel,5.0,137.62,0.22,20.0,2.0,1.0,1.0,5,22,47,11,4,326,1,-0.9749279121818236,-0.2225209339563146,-0.5000000000000004,0.8660254037844384,0.0,1,0.0,1,0.0,1,0.0,1,1.4285714285714286,1.9880595947760147,0.0,5.0,1.7142857142857142,1.2857142857142858,1.843047855272724,0.0,5.0,1.1111111111111112,1,64.33,73.29,1.1392818280739936,False,False,False,False,False,True,False,False,False,False,True,False,False,False,False,False,False,False,False,False,False,False,False,False,False,False,False,False,False,False,False,True,False,False,False,False
USA,Cotton T-Shirt,2025-11-23,Apparel,0.0,137.62,,20.0,2.0,0.0,0.0,6,23,47,11,4,327,1,-0.7818314824680299,0.6234898018587334,-0.5000000000000004,0.8660254037844384,5.0,1,5.0,1,5.0,1,0.0,1,2.142857142857143,2.267786838055365,0.0,5.0,2.0714285714285716,1.4642857142857142,1.9528164438810052,0.0,5.0,1.4634146341463414,0,137.62,0.0,0.0,False,False,False,False,False,True,False,False,False,False,True,False,False,False,False,False,False,False,False,False,False,False,False,False,False,False,False,False,False,False,False,True,False,False,False,False
USA,Cotton T-Shirt,2025-11-24,Apparel,6.0,95.265,0.29,20.0,2.0,1.0,1.0,0,24,48,11,4,328,0,0.0,1.0,-0.5000000000000004,0.8660254037844384,0.0,1,3.0,1,0.0,1,0.0,1,1.4285714285714286,1.9880595947760147,0.0,5.0,1.7142857142857142,1.4642857142857142,1.9528164438810052,0.0,5.0,0.9756097560975611,1,137.62,-42.355000000000004,-0.30776776631303593,False,False,False,False,False,True,False,False,False,False,True,False,False,False,False,False,False,False,False,False,False,False,False,False,False,False,False,False,False,False,False,True,False,False,False,False
USA,Cotton T-Shirt,2025-11-25,Apparel,0.0,95.265,,20.0,2.0,0.0,0.0,1,25,48,11,4,329,0,0.7818314824680298,0.6234898018587336,-0.5000000000000004,0.8660254037844384,6.0,1,0.0,1,0.0,1,2.0,1,1.8571428571428572,2.6095064302514803,0.0,6.0,2.142857142857143,1.6785714285714286,2.1091260508591443,0.0,6.0,1.1063829787234043,0,95.265,0.0,0.0,False,False,False,False,False,True,False,False,False,False,True,False,False,False,False,False,False,False,False,False,False,False,False,False,False,False,False,False,False,False,False,True,False,False,False,False
