store_id,product_id,date,category,sales,price,Discount_Applied,safety_stock,lead_time_days,promotion,is_outlier,day_of_week,day_of_month,week_of_year,month,quarter,day_of_year,is_weekend,sin_day_of_week,cos_day_of_week,sin_month,cos_month,lag_1,has_lag_1,lag_7,has_lag_7,lag_14,has_lag_14,lag_28,has_lag_28,rolling_mean_7,rolling_std_7,rolling_min_7,rolling_max_7,rolling_mean_14,rolling_mean_28,rolling_std_28,rolling_min_28,rolling_max_28,trend_ratio,is_promotion,previous_price,price_change,price_change_pct,store_id_Germany,store_id_India,store_id_Pakistan,store_id_UAE,store_id_UK,store_id_USA,product_id_4K Smart TV,product_id_Air Fryer,product_id_Blender,product_id_Coffee Maker,product_id_Cotton T-Shirt,product_id_Cycling Helmet,product_id_Denim Jeans,product_id_Dumbbell Set,product_id_Face Wash,product_id_Football,product_id_Formal Shirt,product_id_Gaming Laptop,product_id_Hair Serum,product_id_Lipstick Set,product_id_Microwave Oven,product_id_Moisturizing Cream,product_id_Perfume,product_id_Running Shoes,product_id_Smartphone 128GB,product_id_Smartwatch,product_id_Tennis Racket,product_id_Vacuum Cleaner,product_id_Winter Jacket,product_id_Wireless Noise-Canceling Headphones,product_id_Yoga Mat,category_Apparel,category_Beauty,category_Electronics,category_Home & Kitchen,category_Sports
UAE,Smartphone 128GB,2025-05-23,Electronics,0.0,121.58,,20.0,2.0,0.0,0.0,4,23,21,5,2,143,0,-0.433883739117558,-0.9009688679024191,0.49999999999999994,-0.8660254037844387,1.0,1,0.0,1,0.0,1,0.0,1,2.142857142857143,2.1930626551751353,0.0,5.0,1.2857142857142858,0.6428571428571429,1.4710612373457346,0.0,5.0,3.333333333333333,0,121.58,0.0,0.0,False,False,False,True,False,False,False,False,False,False,False,False,False,False,False,False,False,False,False,False,False,False,False,False,True,False,False,False,False,False,False,False,False,True,False,False
UAE,Smartphone 128GB,2025-05-24,Electronics,3.0,622.855,0.15,20.0,2.0,1.0,0.0,5,24,21,5,2,144,1,-0.9749279121818236,-0.2225209339563146,0.49999999999999994,-0.8660254037844387,0.0,1,0.0,1,0.0,1,0.0,1,2.142857142857143,2.1930626551751353,0.0,5.0,1.2857142857142858,0.6428571428571429,1.4710612373457346,0.0,5.0,3.333333333333333,1,121.58,501.27500000000003,4.123005428524428,False,False,False,True,False,False,False,False,False,False,False,False,False,False,False,False,False,False,False,False,False,False,False,False,True,False,False,False,False,False,False,False,False,True,False,False
UAE,Smartphone 128GB,2025-05-25,Electronics,2.0,268.76,0.11,20.0,2.0,1.0,0.0,6,25,21,5,2,145,1,-0.7818314824680299,0.6234898018587334,0.49999999999999994,-0.8660254037844387,3.0,1,5.0,1,0.0,1,0.0,1,2.5714285714285716,1.9880595947760105,0.0,5.0,1.5,0.75,1.53055303488399,0.0,5.0,3.428571428571429,1,622.855,-354.095,-0.568503102648289,False,False,False,True,False,False,False,False,False,False,False,False,False,False,False,False,False,False,False,False,False,False,False,False,True,False,False,False,False,False,False,False,False,True,False,False
UAE,Smartphone 128GB,2025-05-26,Electronics,0.0,268.76,,20.0,2.0,0.0,0.0,0,26,22,5,2,146,0,0.0,1.0,0.49999999999999994,-0.8660254037844387,2.0,1,5.0,1,0.0,1,0.0,1,2.142857142857143,1.6761634196950532,0.0,5.0,1.6428571428571428,0.8214285714285714,1.5408889072021463,0.0,5.0,2.608695652173913,0,268.76,0.0,0.0,False,False,False,True,False,False,False,False,False,False,False,False,False,False,False,False,False,False,False,False,False,False,False,False,True,False,False,False,False,False,False,False,False,True,False,False
UAE,Smartphone 128GB,2025-05-27,Electronics,0.0,268.76,,20.0,2.0,0.0,0.0,1,27,22,5,2,147,0,0.7818314824680298,0.6234898018587336,0.49999999999999994,-0.8660254037844387,0.0,1,3.0,1,0.0,1,0.0,1,1.4285714285714286,1.2724180205607074,0.0,3.0,1.6428571428571428,0.8214285714285714,1.5408889072021463,0.0,5.0,1.7391304347826089,0,268.76,0.0,0.0,False,False,False,True,False,False,False,False,False,False,False,False,False,False,False,False,False,False,False,False,False,False,False,False,True,False,False,False,False,False,False,False,False,True,False,False
UAE,Smartphone 128GB,2025-05-28,Electronics,0.0,268.76,,20.0,2.0,0.0,0.0,2,28,22,5,2,148,0,0.9749279121818236,-0.22252093395631434,0.49999999999999994,-0.8660254037844387,0.0,1,1.0,1,0.0,1,0.0,1,1.0,1.1547005383792568,0.0,3.0,1.6428571428571428,0.8214285714285714,1.5408889072021463,0.0,5.0,1.2173913043478262,0,268.76,0.0,0.0,False,False,False,True,False,False,False,False,False,False,False,False,False,False,False,False,False,False,False,False,False,False,False,False,True,False,False,False,False,False,False,False,False,True,False,False
UAE,Smartphone 128GB,2025-05-29,Electronics,0.0,268.76,,20.0,2.0,0.0,0.0,3,29,22,5,2,149,0,0.43388373911755823,-0.900968867902419,0.49999999999999994,-0.8660254037844387,0.0,1,1.0,1,3.0,1,0.0,1,0.8571428571428571,1.2149857925879173,0.0,3.0,1.6428571428571428,0.8214285714285714,1.5408889072021463,0.0,5.0,1.0434782608695652,0,268.76,0.0,0.0,False,False,False,True,False,False,False,False,False,False,False,False,False,False,False,False,False,False,False,False,False,False,False,False,True,False,False,False,False,False,False,False,False,True,False,False
UAE,Smartphone 128GB,2025-05-30,Electronics,0.0,268.76,,20.0,2.0,0.0,0.0,4,30,22,5,2,150,0,-0.433883739117558,-0.9009688679024191,0.49999999999999994,-0.8660254037844387,0.0,1,0.0,1,0.0,1,0.0,1,0.7142857142857143,1.253566341056023,0.0,3.0,1.4285714285714286,0.8214285714285714,1.5408889072021463,0.0,5.0,0.8695652173913044,0,268.76,0.0,0.0,False,False,False,True,False,False,False,False,False,False,False,False,False,False,False,False,False,False,False,False,False,False,False,False,True,False,False,False,False,False,False,False,False,True,False,False
UAE,Smartphone 128GB,2025-05-31,Electronics,0.0,268.76,,20.0,2.0,0.0,0.0,5,31,22,5,2,151,1,-0.9749279121818236,-0.2225209339563146,0.49999999999999994,-0.8660254037844387,0.0,1,3.0,1,0.0,1,0.0,1,0.7142857142857143,1.253566341056023,0.0,3.0,1.4285714285714286,0.8214285714285714,1.5408889072021463,0.0,5.0,0.8695652173913044,0,268.76,0.0,0.0,False,False,False,True,False,False,False,False,False,False,False,False,False,False,False,False,False,False,False,False,False,False,False,False,True,False,False,False,False,False,False,False,False,True,False,False
UAE,Smartphone 128GB,2025-06-01,Electronics,2.0,614.47,0.05,20.0,2.0,1.0,0.0,6,1,22,6,2,152,1,-0.7818314824680299,0.6234898018587334,1.2246467991473532e-16,-1.0,0.0,1,2.0,1,5.0,1,0.0,1,0.2857142857142857,0.7559289460184653,0.0,2.0,1.4285714285714286,0.8214285714285714,1.5408889072021463,0.0,5.0,0.34782608695652173,1,268.76,345.71000000000004,1.2863149278166395,False,False,False,True,False,False,False,False,False,False,False,False,False,False,False,False,False,False,False,False,False,False,False,False,True,False,False,False,False,False,False,False,False,True,False,False
UAE,Smartphone 128GB,2025-06-02,Electronics,3.0,1050.19,0.12,20.0,2.0,1.0,0.0,0,2,23,6,2,153,0,0.0,1.0,1.2246467991473532e-16,-1.0,2.0,1,0.0,1,5.0,1,0.0,1,0.2857142857142857,0.7559289460184653,0.0,2.0,1.2142857142857142,0.8928571428571429,1.5477411429249548,0.0,5.0,0.31999999999999995,1,614.47,435.72,0.7090988982375055,False,False,False,True,False,False,False,False,False,False,False,False,False,False,False,False,False,False,False,False,False,False,False,False,True,False,False,False,False,False,False,False,False,True,False,False
UAE,Smartphone 128GB,2025-06-03,Electronics,0.0,1050.19,,20.0,2.0,0.0,0.0,1,3,23,6,2,154,0,0.7818314824680298,0.6234898018587336,1.2246467991473532e-16,-1.0,3.0,1,0.0,1,3.0,1,0.0,1,0.7142857142857143,1.253566341056023,0.0,3.0,1.0714285714285714,1.0,1.5869840952317447,0.0,5.0,0.7142857142857143,0,1050.19,0.0,0.0,False,False,False,True,False,False,False,False,False,False,False,False,False,False,False,False,False,False,False,False,False,False,False,False,True,False,False,False,False,False,False,False,False,True,False,False
UAE,Smartphone 128GB,2025-06-04,Electronics,3.0,1172.8,0.14,20.0,2.0,1.0,0.0,2,4,23,6,2,155,0,0.9749279121818236,-0.22252093395631434,1.2246467991473532e-16,-1.0,0.0,1,0.0,1,1.0,1,0.0,1,0.7142857142857143,1.253566341056023,0.0,3.0,0.8571428571428571,1.0,1.5869840952317447,0.0,5.0,0.7142857142857143,1,1050.19,122.6099999999999,0.11675030232624563,False,False,False,True,False,False,False,False,False,False,False,False,False,False,False,False,False,False,False,False,False,False,False,False,True,False,False,False,False,False,False,False,False,True,False,False
UAE,Smartphone 128GB,2025-06-05,Electronics,1.0,654.92,0.08,20.0,2.0,1.0,0.0,3,5,23,6,2,156,0,0.43388373911755823,-0.900968867902419,1.2246467991473532e-16,-1.0,3.0,1,0.0,1,1.0,1,0.0,1,1.1428571428571428,1.4638501094228036,0.0,3.0,1.0,1.1071428571428572,1.6179384622799682,0.0,5.0,1.032258064516129,1,1172.8,-517.88,-0.44157571623465214,False,False,False,True,False,False,False,False,False,False,False,False,False,False,False,False,False,False,False,False,False,False,False,False,True,False,False,False,False,False,False,False,False,True,False,False
UAE,Smartphone 128GB,2025-06-06,Electronics,0.0,654.92,,20.0,2.0,0.0,0.0,4,6,23,6,2,157,0,-0.433883739117558,-0.9009688679024191,1.2246467991473532e-16,-1.0,1.0,1,0.0,1,0.0,1,0.0,1,1.2857142857142858,1.3801311186847123,0.0,3.0,1.0,1.1428571428571428,1.6035674514745466,0.0,5.0,1.1250000000000002,0,654.92,0.0,0.0,False,False,False,True,False,False,False,False,False,False,False,False,False,False,False,False,False,False,False,False,False,False,False,False,True,False,False,False,False,False,False,False,False,True,False,False
UAE,Smartphone 128GB,2025-06-07,Electronics,1.0,1230.79,0.1,20.0,2.0,1.0,0.0,5,7,23,6,2,158,1,-0.9749279121818236,-0.2225209339563146,1.2246467991473532e-16,-1.0,0.0,1,0.0,1,3.0,1,0.0,1,1.2857142857142858,1.3801311186847123,0.0,3.0,1.0,1.1428571428571428,1.6035674514745466,0.0,5.0,1.1250000000000002,1,654.92,575.87,0.879298234898919,False,False,False,True,False,False,False,False,False,False,False,False,False,False,False,False,False,False,False,False,False,False,False,False,True,False,False,False,False,False,False,False,False,True,False,False
UAE,Smartphone 128GB,2025-06-08,Electronics,1.0,223.35,0.14,20.0,2.0,1.0,0.0,6,8,23,6,2,159,1,-0.7818314824680299,0.6234898018587334,1.2246467991473532e-16,-1.0,1.0,1,2.0,1,2.0,1,0.0,1,1.4285714285714286,1.2724180205607074,0.0,3.0,0.8571428571428571,1.1785714285714286,1.5882338532114135,0.0,5.0,1.2121212121212122,1,1230.79,-1007.4399999999999,-0.8185311872862145,False,False,False,True,False,False,False,False,False,False,False,False,False,False,False,False,False,False,False,False,False,False,False,False,True,False,False,False,False,False,False,False,False,True,False,False
UAE,Smartphone 128GB,2025-06-09,Electronics,0.0,223.35,,20.0,2.0,0.0,0.0,0,9,24,6,2,160,0,0.0,1.0,1.2246467991473532e-16,-1.0,1.0,1,3.0,1,0.0,1,0.0,1,1.2857142857142858,1.2535663410560216,0.0,3.0,0.7857142857142857,1.2142857142857142,1.5719094983170856,0.0,5.0,1.058823529411765,0,223.35,0.0,0.0,False,False,False,True,False,False,False,False,False,False,False,False,False,False,False,False,False,False,False,False,False,False,False,False,True,False,False,False,False,False,False,False,False,True,False,False
UAE,Smartphone 128GB,2025-06-10,Electronics,0.0,223.35,,20.0,2.0,0.0,0.0,1,10,24,6,2,161,0,0.7818314824680298,0.6234898018587336,1.2246467991473532e-16,-1.0,0.0,1,0.0,1,0.0,1,0.0,1,0.8571428571428571,1.0690449676497034,0.0,3.0,0.7857142857142857,1.2142857142857142,1.5719094983170856,0.0,5.0,0.7058823529411765,0,223.35,0.0,0.0,False,False,False,True,False,False,False,False,False,False,False,False,False,False,False,False,False,False,False,False,False,False,False,False,True,False,False,False,False,False,False,False,False,True,False,False
UAE,Smartphone 128GB,2025-06-11,Electronics,1.0,1363.1,0.07,20.0,2.0,1.0,0.0,2,11,24,6,2,162,0,0.9749279121818236,-0.22252093395631434,1.2246467991473532e-16,-1.0,0.0,1,3.0,1,0.0,1,0.0,1,0.8571428571428571,1.0690449676497034,0.0,3.0,0.7857142857142857,1.2142857142857142,1.5719094983170856,0.0,5.0,0.7058823529411765,1,223.35,1139.75,5.102977389747034,False,False,False,True,False,False,False,False,False,False,False,False,False,False,False,False,False,False,False,False,False,False,False,False,True,False,False,False,False,False,False,False,False,True,False,False
UAE,Smartphone 128GB,2025-06-12,Electronics,1.0,293.99,0.05,20.0,2.0,1.0,0.0,3,12,24,6,2,163,0,0.43388373911755823,-0.900968867902419,1.2246467991473532e-16,-1.0,1.0,1,1.0,1,0.0,1,3.0,1,0.5714285714285714,0.534522483824862,0.0,1.0,0.8571428571428571,1.25,1.5545631755148028,0.0,5.0,0.45714285714285713,1,1363.1,-1069.11,-0.7843225001834054,False,False,False,True,False,False,False,False,False,False,False,False,False,False,False,False,False,False,False,False,False,False,False,False,True,False,False,False,False,False,False,False,False,True,False,False
UAE,Smartphone 128GB,2025-06-13,Electronics,0.0,293.99,,20.0,2.0,0.0,0.0,4,13,24,6,2,164,0,-0.433883739117558,-0.9009688679024191,1.2246467991473532e-16,-1.0,1.0,1,0.0,1,0.0,1,0.0,1,0.5714285714285714,0.534522483824862,0.0,1.0,0.9285714285714286,1.1785714285714286,1.5166623059417514,0.0,5.0,0.4848484848484848,0,293.99,0.0,0.0,False,False,False,True,False,False,False,False,False,False,False,False,False,False,False,False,False,False,False,False,False,False,False,False,True,False,False,False,False,False,False,False,False,True,False,False
UAE,Smartphone 128GB,2025-06-14,Electronics,0.0,293.99,,20.0,2.0,0.0,0.0,5,14,24,6,2,165,1,-0.9749279121818236,-0.2225209339563146,1.2246467991473532e-16,-1.0,0.0,1,1.0,1,0.0,1,0.0,1,0.5714285714285714,0.534522483824862,0.0,1.0,0.9285714285714286,1.1785714285714286,1.5166623059417514,0.0,5.0,0.4848484848484848,0,293.99,0.0,0.0,False,False,False,True,False,False,False,False,False,False,False,False,False,False,False,False,False,False,False,False,False,False,False,False,True,False,False,False,False,False,False,False,False,True,False,False
UAE,Smartphone 128GB,2025-06-15,Electronics,0.0,293.99,,20.0,2.0,0.0,0.0,6,15,24,6,2,166,1,-0.7818314824680299,0.6234898018587334,1.2246467991473532e-16,-1.0,0.0,1,1.0,1,2.0,1,5.0,1,0.42857142857142855,0.5345224838248627,0.0,1.0,0.9285714285714286,1.1785714285714286,1.5166623059417514,0.0,5.0,0.3636363636363636,0,293.99,0.0,0.0,False,False,False,True,False,False,False,False,False,False,False,False,False,False,False,False,False,False,False,False,False,False,False,False,True,False,False,False,False,False,False,False,False,True,False,False
UAE,Smartphone 128GB,2025-06-16,Electronics,4.0,727.27,0.14,20.0,2.0,1.0,0.0,0,16,25,6,2,167,0,0.0,1.0,1.2246467991473532e-16,-1.0,0.0,1,0.0,1,3.0,1,5.0,1,0.2857142857142857,0.4879500364742826,0.0,1.0,0.7857142857142857,1.0,1.3333333333333335,0.0,5.0,0.2857142857142857,1,293.99,433.28,1.4737916255654953,False,False,False,True,False,False,False,False,False,False,False,False,False,False,False,False,False,False,False,False,False,False,False,False,True,False,False,False,False,False,False,False,False,True,False,False
UAE,Smartphone 128GB,2025-06-17,Electronics,0.0,727.27,,20.0,2.0,0.0,0.0,1,17,25,6,2,168,0,0.7818314824680298,0.6234898018587336,1.2246467991473532e-16,-1.0,4.0,1,0.0,1,0.0,1,3.0,1,0.8571428571428571,1.463850109422804,0.0,4.0,0.8571428571428571,0.9642857142857143,1.231745008999739,0.0,4.0,0.8888888888888888,0,727.27,0.0,0.0,False,False,False,True,False,False,False,False,False,False,False,False,False,False,False,False,False,False,False,False,False,False,False,False,True,False,False,False,False,False,False,False,False,True,False,False
UAE,Smartphone 128GB,2025-06-18,Electronics,0.0,727.27,,20.0,2.0,0.0,0.0,2,18,25,6,2,169,0,0.9749279121818236,-0.22252093395631434,1.2246467991473532e-16,-1.0,0.0,1,1.0,1,3.0,1,1.0,1,0.8571428571428571,1.463850109422804,0.0,4.0,0.8571428571428571,0.8571428571428571,1.1773883752795364,0.0,4.0,1.0,0,727.27,0.0,0.0,False,False,False,True,False,False,False,False,False,False,False,False,False,False,False,False,False,False,False,False,False,False,False,False,True,False,False,False,False,False,False,False,False,True,False,False
UAE,Smartphone 128GB,2025-06-19,Electronics,0.0,727.27,,20.0,2.0,0.0,0.0,3,19,25,6,2,170,0,0.43388373911755823,-0.900968867902419,1.2246467991473532e-16,-1.0,0.0,1,1.0,1,1.0,1,1.0,1,0.7142857142857143,1.4960264830861956,0.0,4.0,0.6428571428571429,0.8214285714285714,1.1880133254200735,0.0,4.0,0.8695652173913044,0,727.27,0.0,0.0,False,False,False,True,False,False,False,False,False,False,False,False,False,False,False,False,False,False,False,False,False,False,False,False,True,False,False,False,False,False,False,False,False,True,False,False
UAE,Smartphone 128GB,2025-06-20,Electronics,2.0,872.89,0.1,20.0,2.0,1.0,0.0,4,20,25,6,2,171,0,-0.433883739117558,-0.9009688679024191,1.2246467991473532e-16,-1.0,0.0,1,0.0,1,0.0,1,0.0,1,0.5714285714285714,1.5118578920369135,0.0,4.0,0.5714285714285714,0.7857142857142857,1.1974399500026855,0.0,4.0,0.7272727272727273,1,727.27,145.62,0.20022825085594073,False,False,False,True,False,False,False,False,False,False,False,False,False,False,False,False,False,False,False,False,False,False,False,False,True,False,False,False,False,False,False,False,False,True,False,False
UAE,Smartphone 128GB,2025-06-21,Electronics,0.0,872.89,,20.0,2.0,0.0,0.0,5,21,25,6,2,172,1,-0.9749279121818236,-0.2225209339563146,1.2246467991473532e-16,-1.0,2.0,1,0.0,1,1.0,1,3.0,1,0.8571428571428571,1.5735915849388902,0.0,4.0,0.7142857142857143,0.8571428571428571,1.2084359562332878,0.0,4.0,1.0,0,872.89,0.0,0.0,False,False,False,True,False,False,False,False,False,False,False,False,False,False,False,False,False,False,False,False,False,False,False,False,True,False,False,False,False,False,False,False,False,True,False,False
UAE,Smartphone 128GB,2025-06-22,Electronics,1.0,1219.91,0.06,20.0,2.0,1.0,0.0,6,22,25,6,2,173,1,-0.7818314824680299,0.6234898018587334,1.2246467991473532e-16,-1.0,0.0,1,0.0,1,1.0,1,2.0,1,0.8571428571428571,1.5735915849388902,0.0,4.0,0.6428571428571429,0.75,1.1426091000668408,0.0,4.0,1.1428571428571428,1,872.89,347.0200000000001,0.3975529562716953,False,False,False,True,False,False,False,False,False,False,False,False,False,False,False,False,False,False,False,False,False,False,False,False,True,False,False,False,False,False,False,False,False,True,False,False
UAE,Smartphone 128GB,2025-06-23,Electronics,0.0,1219.91,,20.0,2.0,0.0,0.0,0,23,26,6,2,174,0,0.0,1.0,1.2246467991473532e-16,-1.0,1.0,1,4.0,1,0.0,1,0.0,1,1.0,1.5275252316519505,0.0,4.0,0.6428571428571429,0.7142857142857143,1.117442279796701,0.0,4.0,1.4,0,1219.91,0.0,0.0,False,False,False,True,False,False,False,False,False,False,False,False,False,False,False,False,False,False,False,False,False,False,False,False,True,False,False,False,False,False,False,False,False,True,False,False
UAE,Smartphone 128GB,2025-06-24,Electronics,0.0,1219.91,,20.0,2.0,0.0,0.0,1,24,26,6,2,175,0,0.7818314824680298,0.6234898018587336,1.2246467991473532e-16,-1.0,0.0,1,0.0,1,0.0,1,0.0,1,0.42857142857142855,0.7867957924694526,0.0,2.0,0.6428571428571429,0.7142857142857143,1.117442279796701,0.0,4.0,0.6,0,1219.91,0.0,0.0,False,False,False,True,False,False,False,False,False,False,False,False,False,False,False,False,False,False,False,False,False,False,False,False,True,False,False,False,False,False,False,False,False,True,False,False
UAE,Smartphone 128GB,2025-06-25,Electronics,0.0,1219.91,,20.0,2.0,0.0,0.0,2,25,26,6,2,176,0,0.9749279121818236,-0.22252093395631434,1.2246467991473532e-16,-1.0,0.0,1,0.0,1,1.0,1,0.0,1,0.42857142857142855,0.7867957924694526,0.0,2.0,0.6428571428571429,0.7142857142857143,1.117442279796701,0.0,4.0,0.6,0,1219.91,0.0,0.0,False,False,False,True,False,False,False,False,False,False,False,False,False,False,False,False,False,False,False,False,False,False,False,False,True,False,False,False,False,False,False,False,False,True,False,False
UAE,Smartphone 128GB,2025-06-26,Electronics,0.0,1219.91,,20.0,2.0,0.0,0.0,3,26,26,6,2,177,0,0.43388373911755823,-0.900968867902419,1.2246467991473532e-16,-1.0,0.0,1,0.0,1,1.0,1,0.0,1,0.42857142857142855,0.7867957924694526,0.0,2.0,0.5714285714285714,0.7142857142857143,1.117442279796701,0.0,4.0,0.6,0,1219.91,0.0,0.0,False,False,False,True,False,False,False,False,False,False,False,False,False,False,False,False,False,False,False,False,False,False,False,False,True,False,False,False,False,False,False,False,False,True,False,False
UAE,Smartphone 128GB,2025-06-27,Electronics,1.0,965.78,0.15,20.0,2.0,1.0,0.0,4,27,26,6,2,178,0,-0.433883739117558,-0.9009688679024191,1.2246467991473532e-16,-1.0,0.0,1,2.0,1,0.0,1,0.0,1,0.42857142857142855,0.7867957924694526,0.0,2.0,0.5,0.7142857142857143,1.117442279796701,0.0,4.0,0.6,1,1219.91,-254.1300000000001,-0.20831864645752562,False,False,False,True,False,False,False,False,False,False,False,False,False,False,False,False,False,False,False,False,False,False,False,False,True,False,False,False,False,False,False,False,False,True,False,False
UAE,Smartphone 128GB,2025-06-28,Electronics,1.0,456.38,0.05,20.0,2.0,1.0,0.0,5,28,26,6,2,179,1,-0.9749279121818236,-0.2225209339563146,1.2246467991473532e-16,-1.0,1.0,1,0.0,1,0.0,1,0.0,1,0.2857142857142857,0.48795003647428253,0.0,1.0,0.5714285714285714,0.75,1.109721353079899,0.0,4.0,0.38095238095238093,1,965.78,-509.4,-0.5274493155791173,False,False,False,True,False,False,False,False,False,False,False,False,False,False,False,False,False,False,False,False,False,False,False,False,True,False,False,False,False,False,False,False,False,True,False,False
UAE,Smartphone 128GB,2025-06-29,Electronics,0.0,456.38,,20.0,2.0,0.0,0.0,6,29,26,6,2,180,1,-0.7818314824680299,0.6234898018587334,1.2246467991473532e-16,-1.0,1.0,1,1.0,1,0.0,1,2.0,1,0.42857142857142855,0.5345224838248627,0.0,1.0,0.6428571428571429,0.7857142857142857,1.1007452982594168,0.0,4.0,0.5454545454545454,0,456.38,0.0,0.0,False,False,False,True,False,False,False,False,False,False,False,False,False,False,False,False,False,False,False,False,False,False,False,False,True,False,False,False,False,False,False,False,False,True,False,False
UAE,Smartphone 128GB,2025-06-30,Electronics,0.0,456.38,,20.0,2.0,0.0,0.0,0,30,27,6,2,181,0,0.0,1.0,1.2246467991473532e-16,-1.0,0.0,1,0.0,1,4.0,1,3.0,1,0.2857142857142857,0.48795003647428253,0.0,1.0,0.6428571428571429,0.7142857142857143,1.0837911120705757,0.0,4.0,0.39999999999999997,0,456.38,0.0,0.0,False,False,False,True,False,False,False,False,False,False,False,False,False,False,False,False,False,False,False,False,False,False,False,False,True,False,False,False,False,False,False,False,False,True,False,False
UAE,Smartphone 128GB,2025-07-01,Electronics,0.0,456.38,,20.0,2.0,0.0,0.0,1,1,27,7,3,182,0,0.7818314824680298,0.6234898018587336,-0.4999999999999997,-0.8660254037844388,0.0,1,0.0,1,0.0,1,0.0,1,0.2857142857142857,0.48795003647428253,0.0,1.0,0.35714285714285715,0.6071428571428571,0.9940297973880049,0.0,4.0,0.47058823529411764,0,456.38,0.0,0.0,False,False,False,True,False,False,False,False,False,False,False,False,False,False,False,False,False,False,False,False,False,False,False,False,True,False,False,False,False,False,False,False,False,True,False,False
UAE,Smartphone 128GB,2025-07-02,Electronics,2.0,1423.3,0.01,20.0,2.0,1.0,0.0,2,2,27,7,3,183,0,0.9749279121818236,-0.22252093395631434,-0.4999999999999997,-0.8660254037844388,0.0,1,0.0,1,0.0,1,3.0,1,0.2857142857142857,0.48795003647428253,0.0,1.0,0.35714285714285715,0.6071428571428571,0.9940297973880049,0.0,4.0,0.47058823529411764,1,456.38,966.92,2.1186730356282046,False,False,False,True,False,False,False,False,False,False,False,False,False,False,False,False,False,False,False,False,False,False,False,False,True,False,False,False,False,False,False,False,False,True,False,False
UAE,Smartphone 128GB,2025-07-03,Electronics,0.0,1423.3,,20.0,2.0,0.0,0.0,3,3,27,7,3,184,0,0.43388373911755823,-0.900968867902419,-0.4999999999999997,-0.8660254037844388,2.0,1,0.0,1,0.0,1,1.0,1,0.5714285714285714,0.7867957924694521,0.0,2.0,0.5,0.5714285714285714,0.9200874124564722,0.0,4.0,1.0,0,1423.3,0.0,0.0,False,False,False,True,False,False,False,False,False,False,False,False,False,False,False,False,False,False,False,False,False,False,False,False,True,False,False,False,False,False,False,False,False,True,False,False
UAE,Smartphone 128GB,2025-07-04,Electronics,0.0,1423.3,,20.0,2.0,0.0,0.0,4,4,27,7,3,185,0,-0.433883739117558,-0.9009688679024191,-0.4999999999999997,-0.8660254037844388,0.0,1,1.0,1,2.0,1,0.0,1,0.5714285714285714,0.7867957924694521,0.0,2.0,0.5,0.5357142857142857,0.9222413461394475,0.0,4.0,1.0666666666666667,0,1423.3,0.0,0.0,False,False,False,True,False,False,False,False,False,False,False,False,False,False,False,False,False,False,False,False,False,False,False,False,True,False,False,False,False,False,False,False,False,True,False,False
UAE,Smartphone 128GB,2025-07-05,Electronics,0.0,1423.3,,20.0,2.0,0.0,0.0,5,5,27,7,3,186,1,-0.9749279121818236,-0.2225209339563146,-0.4999999999999997,-0.8660254037844388,0.0,1,1.0,1,0.0,1,1.0,1,0.42857142857142855,0.7867957924694525,0.0,2.0,0.35714285714285715,0.5357142857142857,0.9222413461394475,0.0,4.0,0.7999999999999999,0,1423.3,0.0,0.0,False,False,False,True,False,False,False,False,False,False,False,False,False,False,False,False,False,False,False,False,False,False,False,False,True,False,False,False,False,False,False,False,False,True,False,False
UAE,Smartphone 128GB,2025-07-06,Electronics,0.0,1423.3,,20.0,2.0,0.0,0.0,6,6,27,7,3,187,1,-0.7818314824680299,0.6234898018587334,-0.4999999999999997,-0.8660254037844388,0.0,1,0.0,1,1.0,1,1.0,1,0.2857142857142857,0.7559289460184648,0.0,2.0,0.35714285714285715,0.5,0.9229582069908969,0.0,4.0,0.5714285714285714,0,1423.3,0.0,0.0,False,False,False,True,False,False,False,False,False,False,False,False,False,False,False,False,False,False,False,False,False,False,False,False,True,False,False,False,False,False,False,False,False,True,False,False
UAE,Smartphone 128GB,2025-07-07,Electronics,0.0,1423.3,,20.0,2.0,0.0,0.0,0,7,28,7,3,188,0,0.0,1.0,-0.4999999999999997,-0.8660254037844388,0.0,1,0.0,1,0.0,1,0.0,1,0.2857142857142857,0.7559289460184648,0.0,2.0,0.2857142857142857,0.4642857142857143,0.9222413461394474,0.0,4.0,0.6153846153846153,0,1423.3,0.0,0.0,False,False,False,True,False,False,False,False,False,False,False,False,False,False,False,False,False,False,False,False,False,False,False,False,True,False,False,False,False,False,False,False,False,True,False,False
UAE,Smartphone 128GB,2025-07-08,Electronics,0.0,1423.3,,20.0,2.0,0.0,0.0,1,8,28,7,3,189,0,0.7818314824680298,0.6234898018587336,-0.4999999999999997,-0.8660254037844388,0.0,1,0.0,1,0.0,1,0.0,1,0.2857142857142857,0.7559289460184648,0.0,2.0,0.2857142857142857,0.4642857142857143,0.9222413461394474,0.0,4.0,0.6153846153846153,0,1423.3,0.0,0.0,False,False,False,True,False,False,False,False,False,False,False,False,False,False,False,False,False,False,False,False,False,False,False,False,True,False,False,False,False,False,False,False,False,True,False,False
UAE,Smartphone 128GB,2025-07-09,Electronics,0.0,1423.3,,20.0,2.0,0.0,0.0,2,9,28,7,3,190,0,0.9749279121818236,-0.22252093395631434,-0.4999999999999997,-0.8660254037844388,0.0,1,2.0,1,0.0,1,1.0,1,0.2857142857142857,0.7559289460184648,0.0,2.0,0.2857142857142857,0.4642857142857143,0.9222413461394474,0.0,4.0,0.6153846153846153,0,1423.3,0.0,0.0,False,False,False,True,False,False,False,False,False,False,False,False,False,False,False,False,False,False,False,False,False,False,False,False,True,False,False,False,False,False,False,False,False,True,False,False
UAE,Smartphone 128GB,2025-07-10,Electronics,0.0,1423.3,,20.0,2.0,0.0,0.0,3,10,28,7,3,191,0,0.43388373911755823,-0.900968867902419,-0.4999999999999997,-0.8660254037844388,0.0,1,0.0,1,0.0,1,1.0,1,0.0,0.0,0.0,0.0,0.2857142857142857,0.42857142857142855,0.920087412456472,0.0,4.0,0.0,0,1423.3,0.0,0.0,False,False,False,True,False,False,False,False,False,False,False,False,False,False,False,False,False,False,False,False,False,False,False,False,True,False,False,False,False,False,False,False,False,True,False,False
UAE,Smartphone 128GB,2025-07-11,Electronics,0.0,1423.3,,20.0,2.0,0.0,0.0,4,11,28,7,3,192,0,-0.433883739117558,-0.9009688679024191,-0.4999999999999997,-0.8660254037844388,0.0,1,0.0,1,1.0,1,0.0,1,0.0,0.0,0.0,0.0,0.2857142857142857,0.39285714285714285,0.9164862737363223,0.0,4.0,0.0,0,1423.3,0.0,0.0,False,False,False,True,False,False,False,False,False,False,False,False,False,False,False,False,False,False,False,False,False,False,False,False,True,False,False,False,False,False,False,False,False,True,False,False
UAE,Smartphone 128GB,2025-07-12,Electronics,0.0,1423.3,,20.0,2.0,0.0,0.0,5,12,28,7,3,193,1,-0.9749279121818236,-0.2225209339563146,-0.4999999999999997,-0.8660254037844388,0.0,1,0.0,1,1.0,1,0.0,1,0.0,0.0,0.0,0.0,0.21428571428571427,0.39285714285714285,0.9164862737363223,0.0,4.0,0.0,0,1423.3,0.0,0.0,False,False,False,True,False,False,False,False,False,False,False,False,False,False,False,False,False,False,False,False,False,False,False,False,True,False,False,False,False,False,False,False,False,True,False,False
UAE,Smartphone 128GB,2025-07-13,Electronics,0.0,1423.3,,20.0,2.0,0.0,0.0,6,13,28,7,3,194,1,-0.7818314824680299,0.6234898018587334,-0.4999999999999997,-0.8660254037844388,0.0,1,0.0,1,0.0,1,0.0,1,0.0,0.0,0.0,0.0,0.14285714285714285,0.39285714285714285,0.9164862737363223,0.0,4.0,0.0,0,1423.3,0.0,0.0,False,False,False,True,False,False,False,False,False,False,False,False,False,False,False,False,False,False,False,False,False,False,False,False,True,False,False,False,False,False,False,False,False,True,False,False
UAE,Smartphone 128GB,2025-07-14,Electronics,0.0,1423.3,,20.0,2.0,0.0,0.0,0,14,29,7,3,195,0,0.0,1.0,-0.4999999999999997,-0.8660254037844388,0.0,1,0.0,1,0.0,1,4.0,1,0.0,0.0,0.0,0.0,0.14285714285714285,0.39285714285714285,0.9164862737363223,0.0,4.0,0.0,0,1423.3,0.0,0.0,False,False,False,True,False,False,False,False,False,False,False,False,False,False,False,False,False,False,False,False,False,False,False,False,True,False,False,False,False,False,False,False,False,True,False,False
UAE,Smartphone 128GB,2025-07-15,Electronics,0.0,1423.3,,20.0,2.0,0.0,0.0,1,15,29,7,3,196,0,0.7818314824680298,0.6234898018587336,-0.4999999999999997,-0.8660254037844388,0.0,1,0.0,1,0.0,1,0.0,1,0.0,0.0,0.0,0.0,0.14285714285714285,0.25,0.5853140973807066,0.0,2.0,0.0,0,1423.3,0.0,0.0,False,False,False,True,False,False,False,False,False,False,False,False,False,False,False,False,False,False,False,False,False,False,False,False,True,False,False,False,False,False,False,False,False,True,False,False
UAE,Smartphone 128GB,2025-07-16,Electronics,0.0,1423.3,,20.0,2.0,0.0,0.0,2,16,29,7,3,197,0,0.9749279121818236,-0.22252093395631434,-0.4999999999999997,-0.8660254037844388,0.0,1,0.0,1,2.0,1,0.0,1,0.0,0.0,0.0,0.0,0.14285714285714285,0.25,0.5853140973807066,0.0,2.0,0.0,0,1423.3,0.0,0.0,False,False,False,True,False,False,False,False,False,False,False,False,False,False,False,False,False,False,False,False,False,False,False,False,True,False,False,False,False,False,False,False,False,True,False,False
UAE,Smartphone 128GB,2025-07-17,Electronics,0.0,1423.3,,20.0,2.0,0.0,0.0,3,17,29,7,3,198,0,0.43388373911755823,-0.900968867902419,-0.4999999999999997,-0.8660254037844388,0.0,1,0.0,1,0.0,1,0.0,1,0.0,0.0,0.0,0.0,0.0,0.25,0.5853140973807066,0.0,2.0,0.0,0,1423.3,0.0,0.0,False,False,False,True,False,False,False,False,False,False,False,False,False,False,False,False,False,False,False,False,False,False,False,False,True,False,False,False,False,False,False,False,False,True,False,False
UAE,Smartphone 128GB,2025-07-18,Electronics,0.0,1423.3,,20.0,2.0,0.0,0.0,4,18,29,7,3,199,0,-0.433883739117558,-0.9009688679024191,-0.4999999999999997,-0.8660254037844388,0.0,1,0.0,1,0.0,1,2.0,1,0.0,0.0,0.0,0.0,0.0,0.25,0.5853140973807066,0.0,2.0,0.0,0,1423.3,0.0,0.0,False,False,False,True,False,False,False,False,False,False,False,False,False,False,False,False,False,False,False,False,False,False,False,False,True,False,False,False,False,False,False,False,False,True,False,False
UAE,Smartphone 128GB,2025-07-19,Electronics,4.0,537.86,0.15,20.0,2.0,1.0,0.0,5,19,29,7,3,200,1,-0.9749279121818236,-0.2225209339563146,-0.4999999999999997,-0.8660254037844388,0.0,1,0.0,1,0.0,1,0.0,1,0.0,0.0,0.0,0.0,0.0,0.17857142857142858,0.4755948656056694,0.0,2.0,0.0,1,1423.3,-885.4399999999999,-0.6221035621443125,False,False,False,True,False,False,False,False,False,False,False,False,False,False,False,False,False,False,False,False,False,False,False,False,True,False,False,False,False,False,False,False,False,True,False,False
UAE,Smartphone 128GB,2025-07-20,Electronics,0.0,537.86,,20.0,2.0,0.0,0.0,6,20,29,7,3,201,1,-0.7818314824680299,0.6234898018587334,-0.4999999999999997,-0.8660254037844388,4.0,1,0.0,1,0.0,1,1.0,1,0.5714285714285714,1.5118578920369137,0.0,4.0,0.2857142857142857,0.32142857142857145,0.8629652337776962,0.0,4.0,1.7777777777777775,0,537.86,0.0,0.0,False,False,False,True,False,False,False,False,False,False,False,False,False,False,False,False,False,False,False,False,False,False,False,False,True,False,False,False,False,False,False,False,False,True,False,False
UAE,Smartphone 128GB,2025-07-21,Electronics,1.0,992.82,0.13,20.0,2.0,1.0,0.0,0,21,30,7,3,202,0,0.0,1.0,-0.4999999999999997,-0.8660254037844388,0.0,1,0.0,1,0.0,1,0.0,1,0.5714285714285714,1.5118578920369135,0.0,4.0,0.2857142857142857,0.2857142857142857,0.854493259282207,0.0,4.0,2.0,1,537.86,454.96000000000004,0.8458706726657494,False,False,False,True,False,False,False,False,False,False,False,False,False,False,False,False,False,False,False,False,False,False,False,False,True,False,False,False,False,False,False,False,False,True,False,False
UAE,Smartphone 128GB,2025-07-22,Electronics,1.0,631.89,0.09,20.0,2.0,1.0,0.0,1,22,30,7,3,203,0,0.7818314824680298,0.6234898018587336,-0.4999999999999997,-0.8660254037844388,1.0,1,0.0,1,0.0,1,0.0,1,0.7142857142857143,1.4960264830861956,0.0,4.0,0.35714285714285715,0.32142857142857145,0.8629652337776962,0.0,4.0,2.2222222222222223,1,992.82,-360.93000000000006,-0.3635402187707742,False,False,False,True,False,False,False,False,False,False,False,False,False,False,False,False,False,False,False,False,False,False,False,False,True,False,False,False,False,False,False,False,False,True,False,False
UAE,Smartphone 128GB,2025-07-23,Electronics,5.0,553.9300000000001,0.04,20.0,2.0,1.0,0.0,2,23,30,7,3,204,0,0.9749279121818236,-0.22252093395631434,-0.4999999999999997,-0.8660254037844388,1.0,1,0.0,1,0.0,1,0.0,1,0.8571428571428571,1.463850109422804,0.0,4.0,0.42857142857142855,0.35714285714285715,0.869835476750492,0.0,4.0,2.4,1,631.89,-77.95999999999992,-0.12337590403392984,False,False,False,True,False,False,False,False,False,False,False,False,False,False,False,False,False,False,False,False,False,False,False,False,True,False,False,False,False,False,False,False,False,True,False,False
UAE,Smartphone 128GB,2025-07-24,Electronics,3.0,649.3299999999999,0.12,20.0,2.0,1.0,0.0,3,24,30,7,3,205,0,0.43388373911755823,-0.900968867902419,-0.4999999999999997,-0.8660254037844388,5.0,1,0.0,1,0.0,1,0.0,1,1.5714285714285714,2.070196678027065,0.0,5.0,0.7857142857142857,0.5357142857142857,1.231745008999739,0.0,5.0,2.9333333333333336,1,553.9300000000001,95.39999999999986,0.17222392721101917,False,False,False,True,False,False,False,False,False,False,False,False,False,False,False,False,False,False,False,False,False,False,False,False,True,False,False,False,False,False,False,False,False,True,False,False
UAE,Smartphone 128GB,2025-07-25,Electronics,1.0,179.54,0.12,20.0,2.0,1.0,0.0,4,25,30,7,3,206,0,-0.433883739117558,-0.9009688679024191,-0.4999999999999997,-0.8660254037844388,3.0,1,0.0,1,0.0,1,1.0,1,2.0,2.0000000000000013,0.0,5.0,1.0,0.6428571428571429,1.3113263207824053,0.0,5.0,3.1111111111111107,1,649.3299999999999,-469.78999999999996,-0.7234996072875117,False,False,False,True,False,False,False,False,False,False,False,False,False,False,False,False,False,False,False,False,False,False,False,False,True,False,False,False,False,False,False,False,False,True,False,False
UAE,Smartphone 128GB,2025-07-26,Electronics,0.0,179.54,,20.0,2.0,0.0,0.0,5,26,30,7,3,207,1,-0.9749279121818236,-0.2225209339563146,-0.4999999999999997,-0.8660254037844388,1.0,1,4.0,1,0.0,1,1.0,1,2.142857142857143,1.8644544714716103,0.0,5.0,1.0714285714285714,0.6428571428571429,1.3113263207824053,0.0,5.0,3.333333333333333,0,179.54,0.0,0.0,False,False,False,True,False,False,False,False,False,False,False,False,False,False,False,False,False,False,False,False,False,False,False,False,True,False,False,False,False,False,False,False,False,True,False,False
UAE,Smartphone 128GB,2025-07-27,Electronics,1.0,639.43,0.12,20.0,2.0,1.0,0.0,6,27,30,7,3,208,1,-0.7818314824680299,0.6234898018587334,-0.4999999999999997,-0.8660254037844388,0.0,1,0.0,1,0.0,1,0.0,1,1.5714285714285714,1.8126539343499337,0.0,5.0,1.0714285714285714,0.6071428571428571,1.3148520748875057,0.0,5.0,2.588235294117647,1,179.54,459.89,2.5614904756600203,False,False,False,True,False,False,False,False,False,False,False,False,False,False,False,False,False,False,False,False,False,False,False,False,True,False,False,False,False,False,False,False,False,True,False,False
UAE,Smartphone 128GB,2025-07-28,Electronics,0.0,639.43,,20.0,2.0,0.0,0.0,0,28,31,7,3,209,0,0.0,1.0,-0.4999999999999997,-0.8660254037844388,1.0,1,1.0,1,0.0,1,0.0,1,1.7142857142857142,1.7043362064926955,0.0,5.0,1.1428571428571428,0.6428571428571429,1.3113263207824053,0.0,5.0,2.6666666666666665,0,639.43,0.0,0.0,False,False,False,True,False,False,False,False,False,False,False,False,False,False,False,False,False,False,False,False,False,False,False,False,True,False,False,False,False,False,False,False,False,True,False,False
UAE,Smartphone 128GB,2025-07-29,Electronics,0.0,639.43,,20.0,2.0,0.0,0.0,1,29,31,7,3,210,0,0.7818314824680298,0.6234898018587336,-0.4999999999999997,-0.8660254037844388,0.0,1,1.0,1,0.0,1,0.0,1,1.5714285714285714,1.8126539343499335,0.0,5.0,1.1428571428571428,0.6428571428571429,1.3113263207824053,0.0,5.0,2.444444444444444,0,639.43,0.0,0.0,False,False,False,True,False,False,False,False,False,False,False,False,False,False,False,False,False,False,False,False,False,False,False,False,True,False,False,False,False,False,False,False,False,True,False,False
UAE,Smartphone 128GB,2025-07-30,Electronics,2.0,1442.03,0.09,20.0,2.0,1.0,0.0,2,30,31,7,3,211,0,0.9749279121818236,-0.22252093395631434,-0.4999999999999997,-0.8660254037844388,0.0,1,5.0,1,0.0,1,2.0,1,1.4285714285714286,1.9023794624226857,0.0,5.0,1.1428571428571428,0.6428571428571429,1.3113263207824053,0.0,5.0,2.2222222222222223,1,639.43,802.6,1.255180395039332,False,False,False,True,False,False,False,False,False,False,False,False,False,False,False,False,False,False,False,False,False,False,False,False,True,False,False,False,False,False,False,False,False,True,False,False
UAE,Smartphone 128GB,2025-07-31,Electronics,3.0,1307.7,0.04,20.0,2.0,1.0,0.0,3,31,31,7,3,212,0,0.43388373911755823,-0.900968867902419,-0.4999999999999997,-0.8660254037844388,2.0,1,3.0,1,0.0,1,0.0,1,1.0,1.154700538379256,0.0,3.0,1.2857142857142858,0.6428571428571429,1.3113263207824053,0.0,5.0,1.5555555555555554,1,1442.03,-134.32999999999993,-0.09315340180162683,False,False,False,True,False,False,False,False,False,False,False,False,False,False,False,False,False,False,False,False,False,False,False,False,True,False,False,False,False,False,False,False,False,True,False,False
UAE,Smartphone 128GB,2025-08-01,Electronics,5.0,538.9,0.06,20.0,2.0,1.0,0.0,4,1,31,8,3,213,0,-0.433883739117558,-0.9009688679024191,-0.8660254037844385,-0.5000000000000004,3.0,1,1.0,1,0.0,1,0.0,1,1.0,1.154700538379256,0.0,3.0,1.5,0.75,1.3777329741819162,0.0,5.0,1.3333333333333333,1,1307.7,-768.8000000000001,-0.5879024241033877,False,False,False,True,False,False,False,False,False,False,False,False,False,False,False,False,False,False,False,False,False,False,False,False,True,False,False,False,False,False,False,False,False,True,False,False
UAE,Smartphone 128GB,2025-08-02,Electronics,0.0,538.9,,20.0,2.0,0.0,0.0,5,2,31,8,3,214,1,-0.9749279121818236,-0.2225209339563146,-0.8660254037844385,-0.5000000000000004,5.0,1,0.0,1,4.0,1,0.0,1,1.5714285714285714,1.9023794624226855,0.0,5.0,1.8571428571428572,0.9285714285714286,1.58531621868557,0.0,5.0,1.6923076923076923,0,538.9,0.0,0.0,False,False,False,True,False,False,False,False,False,False,False,False,False,False,False,False,False,False,False,False,False,False,False,False,True,False,False,False,False,False,False,False,False,True,False,False
UAE,Smartphone 128GB,2025-08-03,Electronics,3.0,1116.36,0.11,20.0,2.0,1.0,0.0,6,3,31,8,3,215,1,-0.7818314824680299,0.6234898018587334,-0.8660254037844385,-0.5000000000000004,0.0,1,1.0,1,0.0,1,0.0,1,1.5714285714285714,1.9023794624226855,0.0,5.0,1.5714285714285714,0.9285714285714286,1.58531621868557,0.0,5.0,1.6923076923076923,1,538.9,577.4599999999999,1.0715531638522917,False,False,False,True,False,False,False,False,False,False,False,False,False,False,False,False,False,False,False,False,False,False,False,False,True,False,False,False,False,False,False,False,False,True,False,False
UAE,Smartphone 128GB,2025-08-04,Electronics,0.0,1116.36,,20.0,2.0,0.0,0.0,0,4,32,8,3,216,0,0.0,1.0,-0.8660254037844385,-0.5000000000000004,3.0,1,0.0,1,1.0,1,0.0,1,1.8571428571428572,1.951800145897068,0.0,5.0,1.7857142857142858,1.0357142857142858,1.6212053782007017,0.0,5.0,1.7931034482758619,0,1116.36,0.0,0.0,False,False,False,True,False,False,False,False,False,False,False,False,False,False,False,False,False,False,False,False,False,False,False,False,True,False,False,False,False,False,False,False,False,True,False,False
UAE,Smartphone 128GB,2025-08-05,Electronics,0.0,1116.36,,20.0,2.0,0.0,0.0,1,5,32,8,3,217,0,0.7818314824680298,0.6234898018587336,-0.8660254037844385,-0.5000000000000004,0.0,1,0.0,1,1.0,1,0.0,1,1.8571428571428572,1.951800145897068,0.0,5.0,1.7142857142857142,1.0357142857142858,1.6212053782007017,0.0,5.0,1.7931034482758619,0,1116.36,0.0,0.0,False,False,False,True,False,False,False,False,False,False,False,False,False,False,False,False,False,False,False,False,False,False,False,False,True,False,False,False,False,False,False,False,False,True,False,False
UAE,Smartphone 128GB,2025-08-06,Electronics,0.0,1116.36,,20.0,2.0,0.0,0.0,2,6,32,8,3,218,0,0.9749279121818236,-0.22252093395631434,-0.8660254037844385,-0.5000000000000004,0.0,1,2.0,1,5.0,1,0.0,1,1.8571428571428572,1.951800145897068,0.0,5.0,1.6428571428571428,1.0357142857142858,1.6212053782007017,0.0,5.0,1.7931034482758619,0,1116.36,0.0,0.0,False,False,False,True,False,False,False,False,False,False,False,False,False,False,False,False,False,False,False,False,False,False,False,False,True,False,False,False,False,False,False,False,False,True,False,False
UAE,Smartphone 128GB,2025-08-07,Electronics,2.0,538.03,0.1,20.0,2.0,1.0,0.0,3,7,32,8,3,219,0,0.43388373911755823,-0.900968867902419,-0.8660254037844385,-0.5000000000000004,0.0,1,3.0,1,3.0,1,0.0,1,1.5714285714285714,2.0701966780270644,0.0,5.0,1.2857142857142858,1.0357142857142858,1.6212053782007017,0.0,5.0,1.5172413793103448,1,1116.36,-578.3299999999999,-0.5180497330610198,False,False,False,True,False,False,False,False,False,False,False,False,False,False,False,False,False,False,False,False,False,False,False,False,True,False,False,False,False,False,False,False,False,True,False,False
UAE,Smartphone 128GB,2025-08-08,Electronics,0.0,538.03,,20.0,2.0,0.0,0.0,4,8,32,8,3,220,0,-0.433883739117558,-0.9009688679024191,-0.8660254037844385,-0.5000000000000004,2.0,1,5.0,1,1.0,1,0.0,1,1.4285714285714286,1.988059594776012,0.0,5.0,1.2142857142857142,1.1071428571428572,1.6179384622799688,0.0,5.0,1.2903225806451613,0,538.03,0.0,0.0,False,False,False,True,False,False,False,False,False,False,False,False,False,False,False,False,False,False,False,False,False,False,False,False,True,False,False,False,False,False,False,False,False,True,False,False
UAE,Smartphone 128GB,2025-08-09,Electronics,0.0,538.03,,20.0,2.0,0.0,0.0,5,9,32,8,3,221,1,-0.9749279121818236,-0.2225209339563146,-0.8660254037844385,-0.5000000000000004,0.0,1,0.0,1,0.0,1,0.0,1,0.7142857142857143,1.2535663410560225,0.0,3.0,1.1428571428571428,1.1071428571428572,1.6179384622799688,0.0,5.0,0.6451612903225806,0,538.03,0.0,0.0,False,False,False,True,False,False,False,False,False,False,False,False,False,False,False,False,False,False,False,False,False,False,False,False,True,False,False,False,False,False,False,False,False,True,False,False
UAE,Smartphone 128GB,2025-08-10,Electronics,3.0,1214.91,0.08,20.0,2.0,1.0,0.0,6,10,32,8,3,222,1,-0.7818314824680299,0.6234898018587334,-0.8660254037844385,-0.5000000000000004,0.0,1,3.0,1,1.0,1,0.0,1,0.7142857142857143,1.2535663410560225,0.0,3.0,1.1428571428571428,1.1071428571428572,1.6179384622799688,0.0,5.0,0.6451612903225806,1,538.03,676.8800000000001,1.2580711112763232,False,False,False,True,False,False,False,False,False,False,False,False,False,False,False,False,False,False,False,False,False,False,False,False,True,False,False,False,False,False,False,False,False,True,False,False
UAE,Smartphone 128GB,2025-08-11,Electronics,0.0,1214.91,,20.0,2.0,0.0,0.0,0,11,33,8,3,223,0,0.0,1.0,-0.8660254037844385,-0.5000000000000004,3.0,1,0.0,1,0.0,1,0.0,1,0.7142857142857143,1.2535663410560225,0.0,3.0,1.2857142857142858,1.2142857142857142,1.6410733356927398,0.0,5.0,0.5882352941176471,0,1214.91,0.0,0.0,False,False,False,True,False,False,False,False,False,False,False,False,False,False,False,False,False,False,False,False,False,False,False,False,True,False,False,False,False,False,False,False,False,True,False,False
UAE,Smartphone 128GB,2025-08-12,Electronics,3.0,1170.18,0.04,20.0,2.0,1.0,0.0,1,12,33,8,3,224,0,0.7818314824680298,0.6234898018587336,-0.8660254037844385,-0.5000000000000004,0.0,1,0.0,1,0.0,1,0.0,1,0.7142857142857143,1.2535663410560225,0.0,3.0,1.2857142857142858,1.2142857142857142,1.64107333569274,0.0,5.0,0.5882352941176471,1,1214.91,-44.73000000000002,-0.036817542040151134,False,False,False,True,False,False,False,False,False,False,False,False,False,False,False,False,False,False,False,False,False,False,False,False,True,False,False,False,False,False,False,False,False,True,False,False
UAE,Smartphone 128GB,2025-08-13,Electronics,0.0,1170.18,,20.0,2.0,0.0,0.0,2,13,33,8,3,225,0,0.9749279121818236,-0.22252093395631434,-0.8660254037844385,-0.5000000000000004,3.0,1,0.0,1,2.0,1,0.0,1,1.1428571428571428,1.4638501094228034,0.0,3.0,1.5,1.3214285714285714,1.656716328980009,0.0,5.0,0.8648648648648648,0,1170.18,0.0,0.0,False,False,False,True,False,False,False,False,False,False,False,False,False,False,False,False,False,False,False,False,False,False,False,False,True,False,False,False,False,False,False,False,False,True,False,False
UAE,Smartphone 128GB,2025-08-14,Electronics,0.0,1170.18,,20.0,2.0,0.0,0.0,3,14,33,8,3,226,0,0.43388373911755823,-0.900968867902419,-0.8660254037844385,-0.5000000000000004,0.0,1,2.0,1,3.0,1,0.0,1,1.1428571428571428,1.4638501094228034,0.0,3.0,1.3571428571428572,1.3214285714285714,1.656716328980009,0.0,5.0,0.8648648648648648,0,1170.18,0.0,0.0,False,False,False,True,False,False,False,False,False,False,False,False,False,False,False,False,False,False,False,False,False,False,False,False,True,False,False,False,False,False,False,False,False,True,False,False
UAE,Smartphone 128GB,2025-08-15,Electronics,0.0,1170.18,,20.0,2.0,0.0,0.0,4,15,33,8,3,227,0,-0.433883739117558,-0.9009688679024191,-0.8660254037844385,-0.5000000000000004,0.0,1,0.0,1,5.0,1,0.0,1,0.8571428571428571,1.4638501094228038,0.0,3.0,1.1428571428571428,1.3214285714285714,1.656716328980009,0.0,5.0,0.6486486486486486,0,1170.18,0.0,0.0,False,False,False,True,False,False,False,False,False,False,False,False,False,False,False,False,False,False,False,False,False,False,False,False,True,False,False,False,False,False,False,False,False,True,False,False
UAE,Smartphone 128GB,2025-08-16,Electronics,0.0,1170.18,,20.0,2.0,0.0,0.0,5,16,33,8,3,228,1,-0.9749279121818236,-0.2225209339563146,-0.8660254037844385,-0.5000000000000004,0.0,1,0.0,1,0.0,1,4.0,1,0.8571428571428571,1.4638501094228038,0.0,3.0,0.7857142857142857,1.3214285714285714,1.656716328980009,0.0,5.0,0.6486486486486486,0,1170.18,0.0,0.0,False,False,False,True,False,False,False,False,False,False,False,False,False,False,False,False,False,False,False,False,False,False,False,False,True,False,False,False,False,False,False,False,False,True,False,False
UAE,Smartphone 128GB,2025-08-17,Electronics,0.0,1170.18,,20.0,2.0,0.0,0.0,6,17,33,8,3,229,1,-0.7818314824680299,0.6234898018587334,-0.8660254037844385,-0.5000000000000004,0.0,1,3.0,1,3.0,1,0.0,1,0.8571428571428571,1.4638501094228038,0.0,3.0,0.7857142857142857,1.1785714285714286,1.588233853211414,0.0,5.0,0.7272727272727272,0,1170.18,0.0,0.0,False,False,False,True,False,False,False,False,False,False,False,False,False,False,False,False,False,False,False,False,False,False,False,False,True,False,False,False,False,False,False,False,False,True,False,False
UAE,Smartphone 128GB,2025-08-18,Electronics,0.0,1170.18,,20.0,2.0,0.0,0.0,0,18,34,8,3,230,0,0.0,1.0,-0.8660254037844385,-0.5000000000000004,0.0,1,0.0,1,0.0,1,1.0,1,0.42857142857142855,1.133893419027688,0.0,3.0,0.5714285714285714,1.1785714285714286,1.588233853211414,0.0,5.0,0.3636363636363636,0,1170.18,0.0,0.0,False,False,False,True,False,False,False,False,False,False,False,False,False,False,False,False,False,False,False,False,False,False,False,False,True,False,False,False,False,False,False,False,False,True,False,False
UAE,Smartphone 128GB,2025-08-19,Electronics,2.0,210.42,0.1,20.0,2.0,1.0,0.0,1,19,34,8,3,231,0,0.7818314824680298,0.6234898018587336,-0.8660254037844385,-0.5000000000000004,0.0,1,3.0,1,0.0,1,1.0,1,0.42857142857142855,1.133893419027688,0.0,3.0,0.5714285714285714,1.1428571428571428,1.6035674514745473,0.0,5.0,0.375,1,1170.18,-959.7600000000001,-0.8201815105368405,False,False,False,True,False,False,False,False,False,False,False,False,False,False,False,False,False,False,False,False,False,False,False,False,True,False,False,False,False,False,False,False,False,True,False,False
UAE,Smartphone 128GB,2025-08-20,Electronics,7.0,612.9366666666666,0.15,20.0,2.0,1.0,0.0,2,20,34,8,3,232,0,0.9749279121818236,-0.22252093395631434,-0.8660254037844385,-0.5000000000000004,2.0,1,0.0,1,0.0,1,5.0,1,0.2857142857142857,0.7559289460184644,0.0,2.0,0.7142857142857143,1.1785714285714286,1.6113847605587095,0.0,5.0,0.2424242424242424,1,210.42,402.51666666666665,1.9129201913633052,False,False,False,True,False,False,False,False,False,False,False,False,False,False,False,False,False,False,False,False,False,False,False,False,True,False,False,False,False,False,False,False,False,True,False,False
UAE,Smartphone 128GB,2025-08-21,Electronics,0.0,612.9366666666666,,20.0,2.0,0.0,0.0,3,21,34,8,3,233,0,0.43388373911755823,-0.900968867902419,-0.8660254037844385,-0.5000000000000004,7.0,1,0.0,1,2.0,1,3.0,1,1.2857142857142858,2.62769136406122,0.0,7.0,1.2142857142857142,1.25,1.81811868577262,0.0,7.0,1.0285714285714287,0,612.9366666666666,0.0,0.0,False,False,False,True,False,False,False,False,False,False,False,False,False,False,False,False,False,False,False,False,False,False,False,False,True,False,False,False,False,False,False,False,False,True,False,False
UAE,Smartphone 128GB,2025-08-22,Electronics,0.0,612.9366666666666,,20.0,2.0,0.0,0.0,4,22,34,8,3,234,0,-0.433883739117558,-0.9009688679024191,-0.8660254037844385,-0.5000000000000004,0.0,1,0.0,1,0.0,1,1.0,1,1.2857142857142858,2.62769136406122,0.0,7.0,1.0714285714285714,1.1428571428571428,1.7994708216848754,0.0,7.0,1.1250000000000002,0,612.9366666666666,0.0,0.0,False,False,False,True,False,False,False,False,False,False,False,False,False,False,False,False,False,False,False,False,False,False,False,False,True,False,False,False,False,False,False,False,False,True,False,False
UAE,Smartphone 128GB,2025-08-23,Electronics,0.0,612.9366666666666,,20.0,2.0,0.0,0.0,5,23,34,8,3,235,1,-0.9749279121818236,-0.2225209339563146,-0.8660254037844385,-0.5000000000000004,0.0,1,0.0,1,0.0,1,0.0,1,1.2857142857142858,2.62769136406122,0.0,7.0,1.0714285714285714,1.1071428571428572,1.812289031692113,0.0,7.0,1.1612903225806452,0,612.9366666666666,0.0,0.0,False,False,False,True,False,False,False,False,False,False,False,False,False,False,False,False,False,False,False,False,False,False,False,False,True,False,False,False,False,False,False,False,False,True,False,False
UAE,Smartphone 128GB,2025-08-24,Electronics,0.0,612.9366666666666,,20.0,2.0,0.0,0.0,6,24,34,8,3,236,1,-0.7818314824680299,0.6234898018587334,-0.8660254037844385,-0.5000000000000004,0.0,1,0.0,1,3.0,1,1.0,1,1.2857142857142858,2.62769136406122,0.0,7.0,1.0714285714285714,1.1071428571428572,1.812289031692113,0.0,7.0,1.1612903225806452,0,612.9366666666666,0.0,0.0,False,False,False,True,False,False,False,False,False,False,False,False,False,False,False,False,False,False,False,False,False,False,False,False,True,False,False,False,False,False,False,False,False,True,False,False
UAE,Smartphone 128GB,2025-08-25,Electronics,0.0,612.9366666666666,,20.0,2.0,0.0,0.0,0,25,35,8,3,237,0,0.0,1.0,-0.8660254037844385,-0.5000000000000004,0.0,1,0.0,1,0.0,1,0.0,1,1.2857142857142858,2.62769136406122,0.0,7.0,0.8571428571428571,1.0714285714285714,1.8242922814182847,0.0,7.0,1.2000000000000002,0,612.9366666666666,0.0,0.0,False,False,False,True,False,False,False,False,False,False,False,False,False,False,False,False,False,False,False,False,False,False,False,False,True,False,False,False,False,False,False,False,False,True,False,False
UAE,Smartphone 128GB,2025-08-26,Electronics,3.0,1358.88,0.11,20.0,2.0,1.0,0.0,1,26,35,8,3,238,0,0.7818314824680298,0.6234898018587336,-0.8660254037844385,-0.5000000000000004,0.0,1,2.0,1,3.0,1,0.0,1,1.2857142857142858,2.62769136406122,0.0,7.0,0.8571428571428571,1.0714285714285714,1.8242922814182847,0.0,7.0,1.2000000000000002,1,612.9366666666666,745.9433333333335,1.2169990374209412,False,False,False,True,False,False,False,False,False,False,False,False,False,False,False,False,False,False,False,False,False,False,False,False,True,False,False,False,False,False,False,False,False,True,False,False
UAE,Smartphone 128GB,2025-08-27,Electronics,3.0,763.85,0.01,20.0,2.0,1.0,0.0,2,27,35,8,3,239,0,0.9749279121818236,-0.22252093395631434,-0.8660254037844385,-0.5000000000000004,3.0,1,7.0,1,0.0,1,2.0,1,1.4285714285714286,2.6992062325273136,0.0,7.0,0.8571428571428571,1.1785714285714286,1.8469909749036848,0.0,7.0,1.2121212121212122,1,1358.88,-595.0300000000001,-0.43788266807959497,False,False,False,True,False,False,False,False,False,False,False,False,False,False,False,False,False,False,False,False,False,False,False,False,True,False,False,False,False,False,False,False,False,True,False,False
UAE,Smartphone 128GB,2025-08-28,Electronics,3.0,1194.23,0.04,20.0,2.0,1.0,0.0,3,28,35,8,3,240,0,0.43388373911755823,-0.900968867902419,-0.8660254037844385,-0.5000000000000004,3.0,1,0.0,1,0.0,1,3.0,1,0.8571428571428571,1.4638501094228036,0.0,3.0,1.0714285714285714,1.2142857142857142,1.8729486132663946,0.0,7.0,0.7058823529411765,1,763.85,430.38,0.5634352294298619,False,False,False,True,False,False,False,False,False,False,False,False,False,False,False,False,False,False,False,False,False,False,False,False,True,False,False,False,False,False,False,False,False,True,False,False
UAE,Smartphone 128GB,2025-08-29,Electronics,4.0,465.475,0.04,20.0,2.0,1.0,0.0,4,29,35,8,3,241,0,-0.433883739117558,-0.9009688679024191,-0.8660254037844385,-0.5000000000000004,3.0,1,0.0,1,0.0,1,5.0,1,1.2857142857142858,1.603567451474549,0.0,3.0,1.2857142857142858,1.2142857142857142,1.8729486132663946,0.0,7.0,1.058823529411765,1,1194.23,-728.755,-0.6102300226924462,False,False,False,True,False,False,False,False,False,False,False,False,False,False,False,False,False,False,False,False,False,False,False,False,True,False,False,False,False,False,False,False,False,True,False,False
UAE,Smartphone 128GB,2025-08-30,Electronics,1.0,1227.84,0.09,20.0,2.0,1.0,0.0,5,30,35,8,3,242,1,-0.9749279121818236,-0.2225209339563146,-0.8660254037844385,-0.5000000000000004,4.0,1,0.0,1,0.0,1,0.0,1,1.8571428571428572,1.7728105208558385,0.0,4.0,1.5714285714285714,1.1785714285714286,1.8064405645433,0.0,7.0,1.5757575757575757,1,465.475,762.3649999999999,1.6378215801063427,False,False,False,True,False,False,False,False,False,False,False,False,False,False,False,False,False,False,False,False,False,False,False,False,True,False,False,False,False,False,False,False,False,True,False,False
UAE,Smartphone 128GB,2025-08-31,Electronics,0.0,1227.84,,20.0,2.0,0.0,0.0,6,31,35,8,3,243,1,-0.7818314824680299,0.6234898018587334,-0.8660254037844385,-0.5000000000000004,1.0,1,0.0,1,0.0,1,3.0,1,2.0,1.6329931618554538,0.0,4.0,1.6428571428571428,1.2142857142857142,1.7921049666914644,0.0,7.0,1.647058823529412,0,1227.84,0.0,0.0,False,False,False,True,False,False,False,False,False,False,False,False,False,False,False,False,False,False,False,False,False,False,False,False,True,False,False,False,False,False,False,False,False,True,False,False
UAE,Smartphone 128GB,2025-09-01,Electronics,0.0,1227.84,,20.0,2.0,0.0,0.0,0,1,36,9,3,244,0,0.0,1.0,-1.0,-1.8369701987210297e-16,0.0,1,0.0,1,0.0,1,0.0,1,2.0,1.6329931618554538,0.0,4.0,1.6428571428571428,1.1071428571428572,1.7709442075467505,0.0,7.0,1.8064516129032258,0,1227.84,0.0,0.0,False,False,False,True,False,False,False,False,False,False,False,False,False,False,False,False,False,False,False,False,False,False,False,False,True,False,False,False,False,False,False,False,False,True,False,False
UAE,Smartphone 128GB,2025-09-02,Electronics,3.0,884.56,0.01,20.0,2.0,1.0,0.0,1,2,36,9,3,245,0,0.7818314824680298,0.6234898018587336,-1.0,-1.8369701987210297e-16,0.0,1,3.0,1,2.0,1,0.0,1,2.0,1.6329931618554538,0.0,4.0,1.6428571428571428,1.1071428571428572,1.7709442075467505,0.0,7.0,1.8064516129032258,1,1227.84,-343.28,-0.27958040135522544,False,False,False,True,False,False,False,False,False,False,False,False,False,False,False,False,False,False,False,False,False,False,False,False,True,False,False,False,False,False,False,False,False,True,False,False
UAE,Smartphone 128GB,2025-09-03,Electronics,3.0,617.895,0.14,20.0,2.0,1.0,0.0,2,3,36,9,3,246,0,0.9749279121818236,-0.22252093395631434,-1.0,-1.8369701987210297e-16,3.0,1,3.0,1,7.0,1,0.0,1,2.0,1.6329931618554538,0.0,4.0,1.7142857142857142,1.2142857142857142,1.7921049666914644,0.0,7.0,1.647058823529412,1,884.56,-266.66499999999996,-0.3014662657140273,False,False,False,True,False,False,False,False,False,False,False,False,False,False,False,False,False,False,False,False,False,False,False,False,True,False,False,False,False,False,False,False,False,True,False,False
UAE,Smartphone 128GB,2025-09-04,Electronics,3.0,1299.53,0.14,20.0,2.0,1.0,0.0,3,4,36,9,3,247,0,0.43388373911755823,-0.900968867902419,-1.0,-1.8369701987210297e-16,3.0,1,3.0,1,0.0,1,2.0,1,2.0,1.6329931618554538,0.0,4.0,1.4285714285714286,1.3214285714285714,1.8064405645433002,0.0,7.0,1.5135135135135136,1,617.895,681.635,1.1031566851973231,False,False,False,True,False,False,False,False,False,False,False,False,False,False,False,False,False,False,False,False,False,False,False,False,True,False,False,False,False,False,False,False,False,True,False,False
UAE,Smartphone 128GB,2025-09-05,Electronics,3.0,698.3,0.09,20.0,2.0,1.0,0.0,4,5,36,9,3,248,0,-0.433883739117558,-0.9009688679024191,-1.0,-1.8369701987210297e-16,3.0,1,4.0,1,0.0,1,0.0,1,2.0,1.6329931618554538,0.0,4.0,1.6428571428571428,1.3571428571428572,1.8300837000548236,0.0,7.0,1.4736842105263157,1,1299.53,-601.23,-0.46265188183420164,False,False,False,True,False,False,False,False,False,False,False,False,False,False,False,False,False,False,False,False,False,False,False,False,True,False,False,False,False,False,False,False,False,True,False,False
UAE,Smartphone 128GB,2025-09-06,Electronics,0.0,698.3,,20.0,2.0,0.0,0.0,5,6,36,9,3,249,1,-0.9749279121818236,-0.2225209339563146,-1.0,-1.8369701987210297e-16,3.0,1,1.0,1,0.0,1,0.0,1,1.8571428571428572,1.463850109422802,0.0,3.0,1.8571428571428572,1.4642857142857142,1.8354965592579093,0.0,7.0,1.2682926829268293,0,698.3,0.0,0.0,False,False,False,True,False,False,False,False,False,False,False,False,False,False,False,False,False,False,False,False,False,False,False,False,True,False,False,False,False,False,False,False,False,True,False,False
UAE,Smartphone 128GB,2025-09-07,Electronics,5.0,1049.105,0.12,20.0,2.0,1.0,0.0,6,7,36,9,3,250,1,-0.7818314824680299,0.6234898018587334,-1.0,-1.8369701987210297e-16,0.0,1,0.0,1,0.0,1,3.0,1,1.7142857142857142,1.6035674514745486,0.0,3.0,1.8571428571428572,1.4642857142857142,1.8354965592579093,0.0,7.0,1.170731707317073,1,698.3,350.80500000000006,0.5023700415294288,False,False,False,True,False,False,False,False,False,False,False,False,False,False,False,False,False,False,False,False,False,False,False,False,True,False,False,False,False,False,False,False,False,True,False,False
UAE,Smartphone 128GB,2025-09-08,Electronics,2.0,598.87,0.05,20.0,2.0,1.0,0.0,0,8,37,9,3,251,0,0.0,1.0,-1.0,-1.8369701987210297e-16,5.0,1,0.0,1,0.0,1,0.0,1,2.4285714285714284,1.8126539343499326,0.0,5.0,2.2142857142857144,1.5357142857142858,1.9337574794730579,0.0,7.0,1.581395348837209,1,1049.105,-450.235,-0.42916104679703176,False,False,False,True,False,False,False,False,False,False,False,False,False,False,False,False,False,False,False,False,False,False,False,False,True,False,False,False,False,False,False,False,False,True,False,False
UAE,Smartphone 128GB,2025-09-09,Electronics,0.0,598.87,,20.0,2.0,0.0,0.0,1,9,37,9,3,252,0,0.7818314824680298,0.6234898018587336,-1.0,-1.8369701987210297e-16,2.0,1,3.0,1,3.0,1,3.0,1,2.7142857142857144,1.496026483086192,0.0,5.0,2.357142857142857,1.6071428571428572,1.911743158680556,0.0,7.0,1.6888888888888889,0,598.87,0.0,0.0,False,False,False,True,False,False,False,False,False,False,False,False,False,False,False,False,False,False,False,False,False,False,False,False,True,False,False,False,False,False,False,False,False,True,False,False
UAE,Smartphone 128GB,2025-09-10,Electronics,0.0,598.87,,20.0,2.0,0.0,0.0,2,10,37,9,3,253,0,0.9749279121818236,-0.22252093395631434,-1.0,-1.8369701987210297e-16,0.0,1,3.0,1,3.0,1,0.0,1,2.2857142857142856,1.799470821684876,0.0,5.0,2.142857142857143,1.5,1.9148542155126773,0.0,7.0,1.5238095238095237,0,598.87,0.0,0.0,False,False,False,True,False,False,False,False,False,False,False,False,False,False,False,False,False,False,False,False,False,False,False,False,True,False,False,False,False,False,False,False,False,True,False,False
UAE,Smartphone 128GB,2025-09-11,Electronics,0.0,598.87,,20.0,2.0,0.0,0.0,3,11,37,9,3,254,0,0.43388373911755823,-0.900968867902419,-1.0,-1.8369701987210297e-16,0.0,1,3.0,1,3.0,1,0.0,1,1.8571428571428572,1.951800145897068,0.0,5.0,1.9285714285714286,1.5,1.9148542155126773,0.0,7.0,1.2380952380952381,0,598.87,0.0,0.0,False,False,False,True,False,False,False,False,False,False,False,False,False,False,False,False,False,False,False,False,False,False,False,False,True,False,False,False,False,False,False,False,False,True,False,False
UAE,Smartphone 128GB,2025-09-12,Electronics,4.0,584.165,0.09,20.0,2.0,1.0,0.0,4,12,37,9,3,255,0,-0.433883739117558,-0.9009688679024191,-1.0,-1.8369701987210297e-16,0.0,1,3.0,1,4.0,1,0.0,1,1.4285714285714286,1.988059594776012,0.0,5.0,1.7142857142857142,1.5,1.9148542155126773,0.0,7.0,0.9523809523809524,1,598.87,-14.705000000000041,-0.024554577788167786,False,False,False,True,False,False,False,False,False,False,False,False,False,False,False,False,False,False,False,False,False,False,False,False,True,False,False,False,False,False,False,False,False,True,False,False
UAE,Smartphone 128GB,2025-09-13,Electronics,0.0,584.165,,20.0,2.0,0.0,0.0,5,13,37,9,3,256,1,-0.9749279121818236,-0.2225209339563146,-1.0,-1.8369701987210297e-16,4.0,1,0.0,1,1.0,1,0.0,1,1.5714285714285714,2.1491969707422416,0.0,5.0,1.7142857142857142,1.6428571428571428,1.9477296510683402,0.0,7.0,0.9565217391304348,0,584.165,0.0,0.0,False,False,False,True,False,False,False,False,False,False,False,False,False,False,False,False,False,False,False,False,False,False,False,False,True,False,False,False,False,False,False,False,False,True,False,False
UAE,Smartphone 128GB,2025-09-14,Electronics,0.0,584.165,,20.0,2.0,0.0,0.0,6,14,37,9,3,257,1,-0.7818314824680299,0.6234898018587334,-1.0,-1.8369701987210297e-16,0.0,1,5.0,1,0.0,1,0.0,1,1.5714285714285714,2.1491969707422416,0.0,5.0,1.6428571428571428,1.6428571428571428,1.9477296510683402,0.0,7.0,0.9565217391304348,0,584.165,0.0,0.0,False,False,False,True,False,False,False,False,False,False,False,False,False,False,False,False,False,False,False,False,False,False,False,False,True,False,False,False,False,False,False,False,False,True,False,False
UAE,Smartphone 128GB,2025-09-15,Electronics,2.0,660.04,0.11,20.0,2.0,1.0,0.0,0,15,38,9,3,258,0,0.0,1.0,-1.0,-1.8369701987210297e-16,0.0,1,2.0,1,0.0,1,0.0,1,0.8571428571428571,1.5735915849388897,0.0,4.0,1.6428571428571428,1.6428571428571428,1.9477296510683402,0.0,7.0,0.5217391304347826,1,584.165,75.875,0.12988624789229072,False,False,False,True,False,False,False,False,False,False,False,False,False,False,False,False,False,False,False,False,False,False,False,False,True,False,False,False,False,False,False,False,False,True,False,False
UAE,Smartphone 128GB,2025-09-16,Electronics,0.0,660.04,,20.0,2.0,0.0,0.0,1,16,38,9,3,259,0,0.7818314824680298,0.6234898018587336,-1.0,-1.8369701987210297e-16,2.0,1,0.0,1,3.0,1,2.0,1,0.8571428571428571,1.5735915849388897,0.0,4.0,1.7857142857142858,1.7142857142857142,1.9217496437157724,0.0,7.0,0.5,0,660.04,0.0,0.0,False,False,False,True,False,False,False,False,False,False,False,False,False,False,False,False,False,False,False,False,False,False,False,False,True,False,False,False,False,False,False,False,False,True,False,False
UAE,Smartphone 128GB,2025-09-17,Electronics,3.0,611.36,0.11,20.0,2.0,1.0,0.0,2,17,38,9,3,260,0,0.9749279121818236,-0.22252093395631434,-1.0,-1.8369701987210297e-16,0.0,1,0.0,1,3.0,1,7.0,1,0.8571428571428571,1.5735915849388897,0.0,4.0,1.5714285714285714,1.6428571428571428,1.9477296510683402,0.0,7.0,0.5217391304347826,1,660.04,-48.67999999999995,-0.0737531058723713,False,False,False,True,False,False,False,False,False,False,False,False,False,False,False,False,False,False,False,False,False,False,False,False,True,False,False,False,False,False,False,False,False,True,False,False
UAE,Smartphone 128GB,2025-09-18,Electronics,3.0,249.89,0.1,20.0,2.0,1.0,0.0,3,18,38,9,3,261,0,0.43388373911755823,-0.900968867902419,-1.0,-1.8369701987210297e-16,3.0,1,0.0,1,3.0,1,0.0,1,1.2857142857142858,1.7043362064926961,0.0,4.0,1.5714285714285714,1.5,1.666666666666668,0.0,5.0,0.8571428571428572,1,611.36,-361.47,-0.5912555613713688,False,False,False,True,False,False,False,False,False,False,False,False,False,False,False,False,False,False,False,False,False,False,False,False,True,False,False,False,False,False,False,False,False,True,False,False
UAE,Smartphone 128GB,2025-09-19,Electronics,1.0,584.97,0.06,20.0,2.0,1.0,0.0,4,19,38,9,3,262,0,-0.433883739117558,-0.9009688679024191,-1.0,-1.8369701987210297e-16,3.0,1,4.0,1,3.0,1,0.0,1,1.7142857142857142,1.7043362064926955,0.0,4.0,1.5714285714285714,1.6071428571428572,1.6630914033428892,0.0,5.0,1.0666666666666667,1,249.89,335.08000000000004,1.3409100004001764,False,False,False,True,False,False,False,False,False,False,False,False,False,False,False,False,False,False,False,False,False,False,False,False,True,False,False,False,False,False,False,False,False,True,False,False
UAE,Smartphone 128GB,2025-09-20,Electronics,0.0,584.97,,20.0,2.0,0.0,0.0,5,20,38,9,3,263,1,-0.9749279121818236,-0.2225209339563146,-1.0,-1.8369701987210297e-16,1.0,1,0.0,1,0.0,1,0.0,1,1.2857142857142858,1.3801311186847118,0.0,3.0,1.4285714285714286,1.6428571428571428,1.637846049706653,0.0,5.0,0.782608695652174,0,584.97,0.0,0.0,False,False,False,True,False,False,False,False,False,False,False,False,False,False,False,False,False,False,False,False,False,False,False,False,True,False,False,False,False,False,False,False,False,True,False,False
UAE,Smartphone 128GB,2025-09-21,Electronics,0.0,584.97,,20.0,2.0,0.0,0.0,6,21,38,9,3,264,1,-0.7818314824680299,0.6234898018587334,-1.0,-1.8369701987210297e-16,0.0,1,0.0,1,5.0,1,0.0,1,1.2857142857142858,1.3801311186847118,0.0,3.0,1.4285714285714286,1.6428571428571428,1.637846049706653,0.0,5.0,0.782608695652174,0,584.97,0.0,0.0,False,False,False,True,False,False,False,False,False,False,False,False,False,False,False,False,False,False,False,False,False,False,False,False,True,False,False,False,False,False,False,False,False,True,False,False
UAE,Smartphone 128GB,2025-09-22,Electronics,0.0,584.97,,20.0,2.0,0.0,0.0,0,22,39,9,3,265,0,0.0,1.0,-1.0,-1.8369701987210297e-16,0.0,1,2.0,1,2.0,1,0.0,1,1.2857142857142858,1.3801311186847118,0.0,3.0,1.0714285714285714,1.6428571428571428,1.637846049706653,0.0,5.0,0.782608695652174,0,584.97,0.0,0.0,False,False,False,True,False,False,False,False,False,False,False,False,False,False,False,False,False,False,False,False,False,False,False,False,True,False,False,False,False,False,False,False,False,True,False,False
UAE,Smartphone 128GB,2025-09-23,Electronics,0.0,584.97,,20.0,2.0,0.0,0.0,1,23,39,9,3,266,0,0.7818314824680298,0.6234898018587336,-1.0,-1.8369701987210297e-16,0.0,1,0.0,1,0.0,1,3.0,1,1.0,1.4142135623730987,0.0,3.0,0.9285714285714286,1.6428571428571428,1.637846049706653,0.0,5.0,0.6086956521739131,0,584.97,0.0,0.0,False,False,False,True,False,False,False,False,False,False,False,False,False,False,False,False,False,False,False,False,False,False,False,False,True,False,False,False,False,False,False,False,False,True,False,False
UAE,Smartphone 128GB,2025-09-24,Electronics,0.0,584.97,,20.0,2.0,0.0,0.0,2,24,39,9,3,267,0,0.9749279121818236,-0.22252093395631434,-1.0,-1.8369701987210297e-16,0.0,1,3.0,1,0.0,1,3.0,1,1.0,1.4142135623730987,0.0,3.0,0.9285714285714286,1.5357142857142858,1.6438920136009414,0.0,5.0,0.6511627906976744,0,584.97,0.0,0.0,False,False,False,True,False,False,False,False,False,False,False,False,False,False,False,False,False,False,False,False,False,False,False,False,True,False,False,False,False,False,False,False,False,True,False,False
UAE,Smartphone 128GB,2025-09-25,Electronics,0.0,584.97,,20.0,2.0,0.0,0.0,3,25,39,9,3,268,0,0.43388373911755823,-0.900968867902419,-1.0,-1.8369701987210297e-16,0.0,1,3.0,1,0.0,1,3.0,1,0.5714285714285714,1.1338934190276868,0.0,3.0,0.9285714285714286,1.4285714285714286,1.642684601015272,0.0,5.0,0.39999999999999997,0,584.97,0.0,0.0,False,False,False,True,False,False,False,False,False,False,False,False,False,False,False,False,False,False,False,False,False,False,False,False,True,False,False,False,False,False,False,False,False,True,False,False
UAE,Smartphone 128GB,2025-09-26,Electronics,0.0,584.97,,20.0,2.0,0.0,0.0,4,26,39,9,3,269,0,-0.433883739117558,-0.9009688679024191,-1.0,-1.8369701987210297e-16,0.0,1,1.0,1,4.0,1,4.0,1,0.14285714285714285,0.3779644730092449,0.0,1.0,0.9285714285714286,1.3214285714285714,1.6342077348473556,0.0,5.0,0.1081081081081081,0,584.97,0.0,0.0,False,False,False,True,False,False,False,False,False,False,False,False,False,False,False,False,False,False,False,False,False,False,False,False,True,False,False,False,False,False,False,False,False,True,False,False
UAE,Smartphone 128GB,2025-09-27,Electronics,0.0,584.97,,20.0,2.0,0.0,0.0,5,27,39,9,3,270,1,-0.9749279121818236,-0.2225209339563146,-1.0,-1.8369701987210297e-16,0.0,1,0.0,1,0.0,1,1.0,1,0.0,0.0,0.0,0.0,0.6428571428571429,1.1785714285714286,1.5647404572045496,0.0,5.0,0.0,0,584.97,0.0,0.0,False,False,False,True,False,False,False,False,False,False,False,False,False,False,False,False,False,False,False,False,False,False,False,False,True,False,False,False,False,False,False,False,False,True,False,False
UAE,Smartphone 128GB,2025-09-28,Electronics,0.0,584.97,,20.0,2.0,0.0,0.0,6,28,39,9,3,271,1,-0.7818314824680299,0.6234898018587334,-1.0,-1.8369701987210297e-16,0.0,1,0.0,1,0.0,1,0.0,1,0.0,0.0,0.0,0.0,0.6428571428571429,1.1428571428571428,1.5803020272576067,0.0,5.0,0.0,0,584.97,0.0,0.0,False,False,False,True,False,False,False,False,False,False,False,False,False,False,False,False,False,False,False,False,False,False,False,False,True,False,False,False,False,False,False,False,False,True,False,False
UAE,Smartphone 128GB,2025-09-29,Electronics,0.0,584.97,,20.0,2.0,0.0,0.0,0,29,40,9,3,272,0,0.0,1.0,-1.0,-1.8369701987210297e-16,0.0,1,0.0,1,2.0,1,0.0,1,0.0,0.0,0.0,0.0,0.6428571428571429,1.1428571428571428,1.5803020272576067,0.0,5.0,0.0,0,584.97,0.0,0.0,False,False,False,True,False,False,False,False,False,False,False,False,False,False,False,False,False,False,False,False,False,False,False,False,True,False,False,False,False,False,False,False,False,True,False,False
UAE,Smartphone 128GB,2025-09-30,Electronics,0.0,584.97,,20.0,2.0,0.0,0.0,1,30,40,9,3,273,0,0.7818314824680298,0.6234898018587336,-1.0,-1.8369701987210297e-16,0.0,1,0.0,1,0.0,1,3.0,1,0.0,0.0,0.0,0.0,0.5,1.1428571428571428,1.5803020272576067,0.0,5.0,0.0,0,584.97,0.0,0.0,False,False,False,True,False,False,False,False,False,False,False,False,False,False,False,False,False,False,False,False,False,False,False,False,True,False,False,False,False,False,False,False,False,True,False,False
UAE,Smartphone 128GB,2025-10-01,Electronics,0.0,584.97,,20.0,2.0,0.0,0.0,2,1,40,10,4,274,0,0.9749279121818236,-0.22252093395631434,-0.8660254037844386,0.5000000000000001,0.0,1,0.0,1,3.0,1,3.0,1,0.0,0.0,0.0,0.0,0.5,1.0357142857142858,1.5511559096637129,0.0,5.0,0.0,0,584.97,0.0,0.0,False,False,False,True,False,False,False,False,False,False,False,False,False,False,False,False,False,False,False,False,False,False,False,False,True,False,False,False,False,False,False,False,False,True,False,False
UAE,Smartphone 128GB,2025-10-02,Electronics,3.0,1486.2,0.03,20.0,2.0,1.0,0.0,3,2,40,10,4,275,0,0.43388373911755823,-0.900968867902419,-0.8660254037844386,0.5000000000000001,0.0,1,0.0,1,3.0,1,3.0,1,0.0,0.0,0.0,0.0,0.2857142857142857,0.9285714285714286,1.5136067160941427,0.0,5.0,0.0,1,584.97,901.23,1.540643109903072,False,False,False,True,False,False,False,False,False,False,False,False,False,False,False,False,False,False,False,False,False,False,False,False,True,False,False,False,False,False,False,False,False,True,False,False
UAE,Smartphone 128GB,2025-10-03,Electronics,3.0,226.78,0.1,20.0,2.0,1.0,0.0,4,3,40,10,4,276,0,-0.433883739117558,-0.9009688679024191,-0.8660254037844386,0.5000000000000001,3.0,1,0.0,1,1.0,1,3.0,1,0.42857142857142855,1.133893419027687,0.0,3.0,0.2857142857142857,0.9285714285714286,1.5136067160941427,0.0,5.0,0.4615384615384615,1,1486.2,-1259.42,-0.8474095007401427,False,False,False,True,False,False,False,False,False,False,False,False,False,False,False,False,False,False,False,False,False,False,False,False,True,False,False,False,False,False,False,False,False,True,False,False
UAE,Smartphone 128GB,2025-10-04,Electronics,3.0,1488.39,0.03,20.0,2.0,1.0,0.0,5,4,40,10,4,277,1,-0.9749279121818236,-0.2225209339563146,-0.8660254037844386,0.5000000000000001,3.0,1,0.0,1,0.0,1,0.0,1,0.8571428571428571,1.4638501094228034,0.0,3.0,0.42857142857142855,0.9285714285714286,1.5136067160941427,0.0,5.0,0.923076923076923,1,226.78,1261.6100000000001,5.563144898139166,False,False,False,True,False,False,False,False,False,False,False,False,False,False,False,False,False,False,False,False,False,False,False,False,True,False,False,False,False,False,False,False,False,True,False,False
UAE,Smartphone 128GB,2025-10-05,Electronics,0.0,1488.39,,20.0,2.0,0.0,0.0,6,5,40,10,4,278,1,-0.7818314824680299,0.6234898018587334,-0.8660254037844386,0.5000000000000001,3.0,1,0.0,1,0.0,1,5.0,1,1.2857142857142858,1.603567451474549,0.0,3.0,0.6428571428571429,1.0357142857142858,1.5511559096637129,0.0,5.0,1.2413793103448276,0,1488.39,0.0,0.0,False,False,False,True,False,False,False,False,False,False,False,False,False,False,False,False,False,False,False,False,False,False,False,False,True,False,False,False,False,False,False,False,False,True,False,False
UAE,Smartphone 128GB,2025-10-06,Electronics,0.0,1488.39,,20.0,2.0,0.0,0.0,0,6,41,10,4,279,0,0.0,1.0,-0.8660254037844386,0.5000000000000001,0.0,1,0.0,1,0.0,1,2.0,1,1.2857142857142858,1.603567451474549,0.0,3.0,0.6428571428571429,0.8571428571428571,1.3530291315000702,0.0,4.0,1.5000000000000002,0,1488.39,0.0,0.0,False,False,False,True,False,False,False,False,False,False,False,False,False,False,False,False,False,False,False,False,False,False,False,False,True,False,False,False,False,False,False,False,False,True,False,False
UAE,Smartphone 128GB,2025-10-07,Electronics,0.0,1488.39,,20.0,2.0,0.0,0.0,1,7,41,10,4,280,0,0.7818314824680298,0.6234898018587336,-0.8660254037844386,0.5000000000000001,0.0,1,0.0,1,0.0,1,0.0,1,1.2857142857142858,1.603567451474549,0.0,3.0,0.6428571428571429,0.7857142857142857,1.3432173332088921,0.0,4.0,1.6363636363636365,0,1488.39,0.0,0.0,False,False,False,True,False,False,False,False,False,False,False,False,False,False,False,False,False,False,False,False,False,False,False,False,True,False,False,False,False,False,False,False,False,True,False,False
UAE,Smartphone 128GB,2025-10-08,Electronics,0.0,1488.39,,20.0,2.0,0.0,0.0,2,8,41,10,4,281,0,0.9749279121818236,-0.22252093395631434,-0.8660254037844386,0.5000000000000001,0.0,1,0.0,1,0.0,1,0.0,1,1.2857142857142858,1.603567451474549,0.0,3.0,0.6428571428571429,0.7857142857142857,1.3432173332088921,0.0,4.0,1.6363636363636365,0,1488.39,0.0,0.0,False,False,False,True,False,False,False,False,False,False,False,False,False,False,False,False,False,False,False,False,False,False,False,False,True,False,False,False,False,False,False,False,False,True,False,False
UAE,Smartphone 128GB,2025-10-09,Electronics,5.0,577.29,0.05,20.0,2.0,1.0,0.0,3,9,41,10,4,282,0,0.43388373911755823,-0.900968867902419,-0.8660254037844386,0.5000000000000001,0.0,1,3.0,1,0.0,1,0.0,1,1.2857142857142858,1.603567451474549,0.0,3.0,0.6428571428571429,0.7857142857142857,1.3432173332088921,0.0,4.0,1.6363636363636365,1,1488.39,-911.1000000000001,-0.6121379477153166,False,False,False,True,False,False,False,False,False,False,False,False,False,False,False,False,False,False,False,False,False,False,False,False,True,False,False,False,False,False,False,False,False,True,False,False
UAE,Smartphone 128GB,2025-10-10,Electronics,1.0,779.57,0.14,20.0,2.0,1.0,0.0,4,10,41,10,4,283,0,-0.433883739117558,-0.9009688679024191,-0.8660254037844386,0.5000000000000001,5.0,1,3.0,1,0.0,1,4.0,1,1.5714285714285714,2.070196678027065,0.0,5.0,1.0,0.9642857142857143,1.5511559096637129,0.0,5.0,1.6296296296296295,1,577.29,202.2800000000001,0.3503958149283724,False,False,False,True,False,False,False,False,False,False,False,False,False,False,False,False,False,False,False,False,False,False,False,False,True,False,False,False,False,False,False,False,False,True,False,False
UAE,Smartphone 128GB,2025-10-11,Electronics,2.0,117.72,0.07,20.0,2.0,1.0,0.0,5,11,41,10,4,284,1,-0.9749279121818236,-0.2225209339563146,-0.8660254037844386,0.5000000000000001,1.0,1,3.0,1,0.0,1,0.0,1,1.2857142857142858,1.9760470401187098,0.0,5.0,1.0714285714285714,0.8571428571428571,1.4327979804948276,0.0,5.0,1.5000000000000002,1,779.57,-661.85,-0.8489936760008723,False,False,False,True,False,False,False,False,False,False,False,False,False,False,False,False,False,False,False,False,False,False,False,False,True,False,False,False,False,False,False,False,False,True,False,False
UAE,Smartphone 128GB,2025-10-12,Electronics,0.0,117.72,,20.0,2.0,0.0,0.0,6,12,41,10,4,285,1,-0.7818314824680299,0.6234898018587334,-0.8660254037844386,0.5000000000000001,2.0,1,0.0,1,0.0,1,0.0,1,1.1428571428571428,1.8644544714716116,0.0,5.0,1.2142857142857142,0.9285714285714286,1.4383264819862953,0.0,5.0,1.2307692307692306,0,117.72,0.0,0.0,False,False,False,True,False,False,False,False,False,False,False,False,False,False,False,False,False,False,False,False,False,False,False,False,True,False,False,False,False,False,False,False,False,True,False,False
UAE,Smartphone 128GB,2025-10-13,Electronics,0.0,117.72,,20.0,2.0,0.0,0.0,0,13,42,10,4,286,0,0.0,1.0,-0.8660254037844386,0.5000000000000001,0.0,1,0.0,1,0.0,1,2.0,1,1.1428571428571428,1.8644544714716116,0.0,5.0,1.2142857142857142,0.9285714285714286,1.4383264819862953,0.0,5.0,1.2307692307692306,0,117.72,0.0,0.0,False,False,False,True,False,False,False,False,False,False,False,False,False,False,False,False,False,False,False,False,False,False,False,False,True,False,False,False,False,False,False,False,False,True,False,False
UAE,Smartphone 128GB,2025-10-14,Electronics,0.0,117.72,,20.0,2.0,0.0,0.0,1,14,42,10,4,287,0,0.7818314824680298,0.6234898018587336,-0.8660254037844386,0.5000000000000001,0.0,1,0.0,1,0.0,1,0.0,1,1.1428571428571428,1.8644544714716116,0.0,5.0,1.2142857142857142,0.8571428571428571,1.4327979804948276,0.0,5.0,1.3333333333333333,0,117.72,0.0,0.0,False,False,False,True,False,False,False,False,False,False,False,False,False,False,False,False,False,False,False,False,False,False,False,False,True,False,False,False,False,False,False,False,False,True,False,False
UAE,Smartphone 128GB,2025-10-15,Electronics,3.0,363.51,0.14,20.0,2.0,1.0,0.0,2,15,42,10,4,288,0,0.9749279121818236,-0.22252093395631434,-0.8660254037844386,0.5000000000000001,0.0,1,0.0,1,0.0,1,3.0,1,1.1428571428571428,1.8644544714716116,0.0,5.0,1.2142857142857142,0.8571428571428571,1.4327979804948276,0.0,5.0,1.3333333333333333,1,117.72,245.79,2.087920489296636,False,False,False,True,False,False,False,False,False,False,False,False,False,False,False,False,False,False,False,False,False,False,False,False,True,False,False,False,False,False,False,False,False,True,False,False
UAE,Smartphone 128GB,2025-10-16,Electronics,0.0,363.51,,20.0,2.0,0.0,0.0,3,16,42,10,4,289,0,0.43388373911755823,-0.900968867902419,-0.8660254037844386,0.5000000000000001,3.0,1,5.0,1,3.0,1,3.0,1,1.5714285714285714,1.902379462422686,0.0,5.0,1.4285714285714286,0.8571428571428571,1.4327979804948276,0.0,5.0,1.8333333333333335,0,363.51,0.0,0.0,False,False,False,True,False,False,False,False,False,False,False,False,False,False,False,False,False,False,False,False,False,False,False,False,True,False,False,False,False,False,False,False,False,True,False,False
UAE,Smartphone 128GB,2025-10-17,Electronics,2.0,1363.35,0.12,20.0,2.0,1.0,0.0,4,17,42,10,4,290,0,-0.433883739117558,-0.9009688679024191,-0.8660254037844386,0.5000000000000001,0.0,1,1.0,1,3.0,1,1.0,1,0.8571428571428571,1.2149857925879164,0.0,3.0,1.2142857142857142,0.75,1.377732974181917,0.0,5.0,1.1428571428571428,1,363.51,999.8399999999999,2.750515804241974,False,False,False,True,False,False,False,False,False,False,False,False,False,False,False,False,False,False,False,False,False,False,False,False,True,False,False,False,False,False,False,False,False,True,False,False
UAE,Smartphone 128GB,2025-10-18,Electronics,2.0,548.95,0.02,20.0,2.0,1.0,0.0,5,18,42,10,4,291,1,-0.9749279121818236,-0.2225209339563146,-0.8660254037844386,0.5000000000000001,2.0,1,2.0,1,3.0,1,0.0,1,1.0,1.2909944487358096,0.0,3.0,1.1428571428571428,0.7857142857142857,1.3972762620115449,0.0,5.0,1.2727272727272727,1,1363.35,-814.3999999999999,-0.5973521106098947,False,False,False,True,False,False,False,False,False,False,False,False,False,False,False,False,False,False,False,False,False,False,False,False,True,False,False,False,False,False,False,False,False,True,False,False
UAE,Smartphone 128GB,2025-10-19,Electronics,0.0,548.95,,20.0,2.0,0.0,0.0,6,19,42,10,4,292,1,-0.7818314824680299,0.6234898018587334,-0.8660254037844386,0.5000000000000001,2.0,1,0.0,1,0.0,1,0.0,1,1.0,1.2909944487358096,0.0,3.0,1.0714285714285714,0.8571428571428571,1.40671105022886,0.0,5.0,1.1666666666666667,0,548.95,0.0,0.0,False,False,False,True,False,False,False,False,False,False,False,False,False,False,False,False,False,False,False,False,False,False,False,False,True,False,False,False,False,False,False,False,False,True,False,False
UAE,Smartphone 128GB,2025-10-20,Electronics,2.0,1342.15,0.13,20.0,2.0,1.0,0.0,0,20,43,10,4,293,0,0.0,1.0,-0.8660254037844386,0.5000000000000001,0.0,1,0.0,1,0.0,1,0.0,1,1.0,1.2909944487358096,0.0,3.0,1.0714285714285714,0.8571428571428571,1.40671105022886,0.0,5.0,1.1666666666666667,1,548.95,793.2,1.4449403406503325,False,False,False,True,False,False,False,False,False,False,False,False,False,False,False,False,False,False,False,False,False,False,False,False,True,False,False,False,False,False,False,False,False,True,False,False
UAE,Smartphone 128GB,2025-10-21,Electronics,1.0,959.15,0.05,20.0,2.0,1.0,0.0,1,21,43,10,4,294,0,0.7818314824680298,0.6234898018587336,-0.8660254037844386,0.5000000000000001,2.0,1,0.0,1,0.0,1,0.0,1,1.2857142857142858,1.2535663410560212,0.0,3.0,1.2142857142857142,0.9285714285714286,1.4123416706693173,0.0,5.0,1.3846153846153846,1,1342.15,-383.0000000000001,-0.2853630369183773,False,False,False,True,False,False,False,False,False,False,False,False,False,False,False,False,False,False,False,False,False,False,False,False,True,False,False,False,False,False,False,False,False,True,False,False
UAE,Smartphone 128GB,2025-10-22,Electronics,0.0,959.15,,20.0,2.0,0.0,0.0,2,22,43,10,4,295,0,0.9749279121818236,-0.22252093395631434,-0.8660254037844386,0.5000000000000001,1.0,1,3.0,1,0.0,1,0.0,1,1.4285714285714286,1.1338934190276855,0.0,3.0,1.2857142857142858,0.9642857142857143,1.4005856673692672,0.0,5.0,1.4814814814814814,0,959.15,0.0,0.0,False,False,False,True,False,False,False,False,False,False,False,False,False,False,False,False,False,False,False,False,False,False,False,False,True,False,False,False,False,False,False,False,False,True,False,False
UAE,Smartphone 128GB,2025-10-23,Electronics,0.0,959.15,,20.0,2.0,0.0,0.0,3,23,43,10,4,296,0,0.43388373911755823,-0.900968867902419,-0.8660254037844386,0.5000000000000001,0.0,1,0.0,1,5.0,1,0.0,1,1.0,1.000000000000005,0.0,2.0,1.2857142857142858,0.9642857142857143,1.4005856673692672,0.0,5.0,1.037037037037037,0,959.15,0.0,0.0,False,False,False,True,False,False,False,False,False,False,False,False,False,False,False,False,False,False,False,False,False,False,False,False,True,False,False,False,False,False,False,False,False,True,False,False
UAE,Smartphone 128GB,2025-10-24,Electronics,0.0,959.15,,20.0,2.0,0.0,0.0,4,24,43,10,4,297,0,-0.433883739117558,-0.9009688679024191,-0.8660254037844386,0.5000000000000001,0.0,1,2.0,1,1.0,1,0.0,1,1.0,1.000000000000005,0.0,2.0,0.9285714285714286,0.9642857142857143,1.4005856673692672,0.0,5.0,1.037037037037037,0,959.15,0.0,0.0,False,False,False,True,False,False,False,False,False,False,False,False,False,False,False,False,False,False,False,False,False,False,False,False,True,False,False,False,False,False,False,False,False,True,False,False
UAE,Smartphone 128GB,2025-10-25,Electronics,0.0,959.15,,20.0,2.0,0.0,0.0,5,25,43,10,4,298,1,-0.9749279121818236,-0.2225209339563146,-0.8660254037844386,0.5000000000000001,0.0,1,2.0,1,2.0,1,0.0,1,0.7142857142857143,0.951189731211348,0.0,2.0,0.8571428571428571,0.9642857142857143,1.4005856673692672,0.0,5.0,0.7407407407407407,0,959.15,0.0,0.0,False,False,False,True,False,False,False,False,False,False,False,False,False,False,False,False,False,False,False,False,False,False,False,False,True,False,False,False,False,False,False,False,False,True,False,False
UAE,Smartphone 128GB,2025-10-26,Electronics,0.0,959.15,,20.0,2.0,0.0,0.0,6,26,43,10,4,299,1,-0.7818314824680299,0.6234898018587334,-0.8660254037844386,0.5000000000000001,0.0,1,0.0,1,0.0,1,0.0,1,0.42857142857142855,0.7867957924694513,0.0,2.0,0.7142857142857143,0.9642857142857143,1.4005856673692672,0.0,5.0,0.4444444444444444,0,959.15,0.0,0.0,False,False,False,True,False,False,False,False,False,False,False,False,False,False,False,False,False,False,False,False,False,False,False,False,True,False,False,False,False,False,False,False,False,True,False,False
UAE,Smartphone 128GB,2025-10-27,Electronics,0.0,959.15,,20.0,2.0,0.0,0.0,0,27,44,10,4,300,0,0.0,1.0,-0.8660254037844386,0.5000000000000001,0.0,1,2.0,1,0.0,1,0.0,1,0.42857142857142855,0.7867957924694513,0.0,2.0,0.7142857142857143,0.9642857142857143,1.4005856673692672,0.0,5.0,0.4444444444444444,0,959.15,0.0,0.0,False,False,False,True,False,False,False,False,False,False,False,False,False,False,False,False,False,False,False,False,False,False,False,False,True,False,False,False,False,False,False,False,False,True,False,False
UAE,Smartphone 128GB,2025-10-28,Electronics,0.0,959.15,,20.0,2.0,0.0,0.0,1,28,44,10,4,301,0,0.7818314824680298,0.6234898018587336,-0.8660254037844386,0.5000000000000001,0.0,1,1.0,1,0.0,1,0.0,1,0.14285714285714285,0.3779644730092459,0.0,1.0,0.7142857142857143,0.9642857142857143,1.4005856673692672,0.0,5.0,0.14814814814814814,0,959.15,0.0,0.0,False,False,False,True,False,False,False,False,False,False,False,False,False,False,False,False,False,False,False,False,False,False,False,False,True,False,False,False,False,False,False,False,False,True,False,False
UAE,Smartphone 128GB,2025-10-29,Electronics,3.0,431.77,0.0,20.0,2.0,0.0,0.0,2,29,44,10,4,302,0,0.9749279121818236,-0.22252093395631434,-0.8660254037844386,0.5000000000000001,0.0,1,0.0,1,3.0,1,0.0,1,0.0,0.0,0.0,0.0,0.7142857142857143,0.9642857142857143,1.4005856673692672,0.0,5.0,0.0,0,959.15,-527.38,-0.5498410050565605,False,False,False,True,False,False,False,False,False,False,False,False,False,False,False,False,False,False,False,False,False,False,False,False,True,False,False,False,False,False,False,False,False,True,False,False
UAE,Smartphone 128GB,2025-10-30,Electronics,0.0,431.77,,20.0,2.0,0.0,0.0,3,30,44,10,4,303,0,0.43388373911755823,-0.900968867902419,-0.8660254037844386,0.5000000000000001,3.0,1,0.0,1,0.0,1,3.0,1,0.42857142857142855,1.1338934190276873,0.0,3.0,0.7142857142857143,1.0714285714285714,1.4383264819862953,0.0,5.0,0.39999999999999997,0,431.77,0.0,0.0,False,False,False,True,False,False,False,False,False,False,False,False,False,False,False,False,False,False,False,False,False,False,False,False,True,False,False,False,False,False,False,False,False,True,False,False
UAE,Smartphone 128GB,2025-10-31,Electronics,2.0,766.02,0.08,20.0,2.0,1.0,0.0,4,31,44,10,4,304,0,-0.433883739117558,-0.9009688679024191,-0.8660254037844386,0.5000000000000001,0.0,1,0.0,1,2.0,1,3.0,1,0.42857142857142855,1.1338934190276873,0.0,3.0,0.7142857142857143,0.9642857142857143,1.4005856673692672,0.0,5.0,0.4444444444444444,1,431.77,334.25,0.7741390091947101,False,False,False,True,False,False,False,False,False,False,False,False,False,False,False,False,False,False,False,False,False,False,False,False,True,False,False,False,False,False,False,False,False,True,False,False
UAE,Smartphone 128GB,2025-11-01,Electronics,0.0,766.02,,20.0,2.0,0.0,0.0,5,1,44,11,4,305,1,-0.9749279121818236,-0.2225209339563146,-0.5000000000000004,0.8660254037844384,2.0,1,0.0,1,2.0,1,3.0,1,0.7142857142857143,1.253566341056022,0.0,3.0,0.7142857142857143,0.9285714285714286,1.3588822048142546,0.0,5.0,0.7692307692307693,0,766.02,0.0,0.0,False,False,False,True,False,False,False,False,False,False,False,False,False,False,False,False,False,False,False,False,False,False,False,False,True,False,False,False,False,False,False,False,False,True,False,False
UAE,Smartphone 128GB,2025-11-02,Electronics,0.0,766.02,,20.0,2.0,0.0,0.0,6,2,44,11,4,306,1,-0.7818314824680299,0.6234898018587334,-0.5000000000000004,0.8660254037844384,0.0,1,0.0,1,0.0,1,0.0,1,0.7142857142857143,1.253566341056022,0.0,3.0,0.5714285714285714,0.8214285714285714,1.3067792306552628,0.0,5.0,0.8695652173913044,0,766.02,0.0,0.0,False,False,False,True,False,False,False,False,False,False,False,False,False,False,False,False,False,False,False,False,False,False,False,False,True,False,False,False,False,False,False,False,False,True,False,False
UAE,Smartphone 128GB,2025-11-03,Electronics,3.0,1120.32,0.2,20.0,2.0,1.0,0.0,0,3,45,11,4,307,0,0.0,1.0,-0.5000000000000004,0.8660254037844384,0.0,1,0.0,1,2.0,1,0.0,1,0.7142857142857143,1.253566341056022,0.0,3.0,0.5714285714285714,0.8214285714285714,1.3067792306552628,0.0,5.0,0.8695652173913044,1,766.02,354.29999999999995,0.46252056082086623,False,False,False,True,False,False,False,False,False,False,False,False,False,False,False,False,False,False,False,False,False,False,False,False,True,False,False,False,False,False,False,False,False,True,False,False
UAE,Smartphone 128GB,2025-11-04,Electronics,8.0,470.065,0.29,20.0,2.0,1.0,1.0,1,4,45,11,4,308,0,0.7818314824680298,0.6234898018587336,-0.5000000000000004,0.8660254037844384,3.0,1,0.0,1,1.0,1,0.0,1,1.1428571428571428,1.4638501094228031,0.0,3.0,0.6428571428571429,0.9285714285714286,1.3588822048142546,0.0,5.0,1.2307692307692306,1,1120.32,-650.2549999999999,-0.5804189874321621,False,False,False,True,False,False,False,False,False,False,False,False,False,False,False,False,False,False,False,False,False,False,False,False,True,False,False,False,False,False,False,False,False,True,False,False
UAE,Smartphone 128GB,2025-11-05,Electronics,5.0,1491.7849999999999,0.27,20.0,2.0,1.0,0.0,2,5,45,11,4,309,0,0.9749279121818236,-0.22252093395631434,-0.5000000000000004,0.8660254037844384,8.0,1,3.0,1,0.0,1,0.0,1,2.2857142857142856,2.8702082220799316,0.0,8.0,1.1428571428571428,1.2142857142857142,1.8926200310708394,0.0,8.0,1.8823529411764706,1,470.065,1021.7199999999998,2.1735717400784993,False,False,False,True,False,False,False,False,False,False,False,False,False,False,False,False,False,False,False,False,False,False,False,False,True,False,False,False,False,False,False,False,False,True,False,False
UAE,Smartphone 128GB,2025-11-06,Electronics,0.0,1491.7849999999999,,20.0,2.0,0.0,0.0,3,6,45,11,4,310,0,0.43388373911755823,-0.900968867902419,-0.5000000000000004,0.8660254037844384,5.0,1,0.0,1,0.0,1,5.0,1,2.5714285714285716,3.047247001100221,0.0,8.0,1.5,1.3928571428571428,2.006273230428069,0.0,8.0,1.8461538461538465,0,1491.7849999999999,0.0,0.0,False,False,False,True,False,False,False,False,False,False,False,False,False,False,False,False,False,False,False,False,False,False,False,False,True,False,False,False,False,False,False,False,False,True,False,False
UAE,Smartphone 128GB,2025-11-07,Electronics,5.0,158.2,0.23,20.0,2.0,1.0,0.0,4,7,45,11,4,311,0,-0.433883739117558,-0.9009688679024191,-0.5000000000000004,0.8660254037844384,0.0,1,2.0,1,0.0,1,1.0,1,2.5714285714285716,3.047247001100221,0.0,8.0,1.5,1.2142857142857142,1.8926200310708394,0.0,8.0,2.11764705882353,1,1491.7849999999999,-1333.5849999999998,-0.8939525467812051,False,False,False,True,False,False,False,False,False,False,False,False,False,False,False,False,False,False,False,False,False,False,False,False,True,False,False,False,False,False,False,False,False,True,False,False
UAE,Smartphone 128GB,2025-11-08,Electronics,0.0,158.2,,20.0,2.0,0.0,0.0,5,8,45,11,4,312,1,-0.9749279121818236,-0.2225209339563146,-0.5000000000000004,0.8660254037844384,5.0,1,0.0,1,0.0,1,2.0,1,3.0,3.1622776601683795,0.0,8.0,1.8571428571428572,1.3571428571428572,2.0223617604046744,0.0,8.0,2.2105263157894735,0,158.2,0.0,0.0,False,False,False,True,False,False,False,False,False,False,False,False,False,False,False,False,False,False,False,False,False,False,False,False,True,False,False,False,False,False,False,False,False,True,False,False
UAE,Smartphone 128GB,2025-11-09,Electronics,3.0,864.23,0.22,20.0,2.0,1.0,0.0,6,9,45,11,4,313,1,-0.7818314824680299,0.6234898018587334,-0.5000000000000004,0.8660254037844384,0.0,1,0.0,1,0.0,1,0.0,1,3.0,3.1622776601683795,0.0,8.0,1.8571428571428572,1.2857142857142858,2.034100817945399,0.0,8.0,2.333333333333333,1,158.2,706.03,4.462895069532238,False,False,False,True,False,False,False,False,False,False,False,False,False,False,False,False,False,False,False,False,False,False,False,False,True,False,False,False,False,False,False,False,False,True,False,False
UAE,Smartphone 128GB,2025-11-10,Electronics,0.0,864.23,,20.0,2.0,0.0,0.0,0,10,46,11,4,314,0,0.0,1.0,-0.5000000000000004,0.8660254037844384,3.0,1,3.0,1,0.0,1,0.0,1,3.4285714285714284,2.8784916685156974,0.0,8.0,2.0714285714285716,1.3928571428571428,2.042860842857493,0.0,8.0,2.4615384615384617,0,864.23,0.0,0.0,False,False,False,True,False,False,False,False,False,False,False,False,False,False,False,False,False,False,False,False,False,False,False,False,True,False,False,False,False,False,False,False,False,True,False,False
UAE,Smartphone 128GB,2025-11-11,Electronics,5.0,488.41,0.18,20.0,2.0,1.0,0.0,1,11,46,11,4,315,0,0.7818314824680298,0.6234898018587336,-0.5000000000000004,0.8660254037844384,0.0,1,8.0,1,0.0,1,0.0,1,3.0,3.1622776601683795,0.0,8.0,2.0714285714285716,1.3928571428571428,2.042860842857493,0.0,8.0,2.1538461538461537,1,864.23,-375.82,-0.4348610902190389,False,False,False,True,False,False,False,False,False,False,False,False,False,False,False,False,False,False,False,False,False,False,False,False,True,False,False,False,False,False,False,False,False,True,False,False
UAE,Smartphone 128GB,2025-11-12,Electronics,6.0,1115.23,0.25,20.0,2.0,1.0,0.0,2,12,46,11,4,316,0,0.9749279121818236,-0.22252093395631434,-0.5000000000000004,0.8660254037844384,5.0,1,5.0,1,3.0,1,3.0,1,2.5714285714285716,2.507132682112035,0.0,5.0,2.4285714285714284,1.5714285714285714,2.133134911407282,0.0,8.0,1.6363636363636365,1,488.41,626.8199999999999,1.2833889560000817,False,False,False,True,False,False,False,False,False,False,False,False,False,False,False,False,False,False,False,False,False,False,False,False,True,False,False,False,False,False,False,False,False,True,False,False
UAE,Smartphone 128GB,2025-11-13,Electronics,15.0,899.1025000000001,0.28,20.0,2.0,1.0,1.0,3,13,46,11,4,317,0,0.43388373911755823,-0.900968867902419,-0.5000000000000004,0.8660254037844384,6.0,1,0.0,1,0.0,1,0.0,1,2.7142857142857144,2.6903708365381975,0.0,6.0,2.642857142857143,1.6785714285714286,2.277971342917519,0.0,8.0,1.6170212765957448,1,1115.23,-216.12749999999994,-0.19379634694188638,False,False,False,True,False,False,False,False,False,False,False,False,False,False,False,False,False,False,False,False,False,False,False,False,True,False,False,False,False,False,False,False,False,True,False,False
UAE,Smartphone 128GB,2025-11-14,Electronics,12.0,631.5,0.26,20.0,2.0,1.0,1.0,4,14,46,11,4,318,0,-0.433883739117558,-0.9009688679024191,-0.5000000000000004,0.8660254037844384,15.0,1,5.0,1,2.0,1,2.0,1,4.857142857142857,5.080307452263476,0.0,15.0,3.7142857142857144,2.2142857142857144,3.3704285127841485,0.0,15.0,2.193548387096774,1,899.1025000000001,-267.6025000000001,-0.2976329172702779,False,False,False,True,False,False,False,False,False,False,False,False,False,False,False,False,False,False,False,False,False,False,False,False,True,False,False,False,False,False,False,False,False,True,False,False
UAE,Smartphone 128GB,2025-11-15,Electronics,11.0,722.9933333333333,0.27,20.0,2.0,1.0,1.0,5,15,46,11,4,319,1,-0.9749279121818236,-0.2225209339563146,-0.5000000000000004,0.8660254037844384,12.0,1,0.0,1,0.0,1,2.0,1,5.857142857142857,5.756983337031395,0.0,15.0,4.428571428571429,2.5714285714285716,3.843499287431543,0.0,15.0,2.2777777777777777,1,631.5,91.49333333333334,0.14488255476378992,False,False,False,True,False,False,False,False,False,False,False,False,False,False,False,False,False,False,False,False,False,False,False,False,True,False,False,False,False,False,False,False,False,True,False,False
UAE,Smartphone 128GB,2025-11-16,Electronics,0.0,722.9933333333333,,20.0,2.0,0.0,0.0,6,16,46,11,4,320,1,-0.7818314824680299,0.6234898018587334,-0.5000000000000004,0.8660254037844384,11.0,1,3.0,1,0.0,1,0.0,1,7.428571428571429,5.380741673076392,0.0,15.0,5.214285714285714,2.892857142857143,4.157450124101496,0.0,15.0,2.5679012345679015,0,722.9933333333333,0.0,0.0,False,False,False,True,False,False,False,False,False,False,False,False,False,False,False,False,False,False,False,False,False,False,False,False,True,False,False,False,False,False,False,False,False,True,False,False
UAE,Smartphone 128GB,2025-11-17,Electronics,8.0,995.1099999999999,0.29,20.0,2.0,1.0,1.0,0,17,47,11,4,321,0,0.0,1.0,-0.5000000000000004,0.8660254037844384,0.0,1,0.0,1,3.0,1,2.0,1,7.0,5.887840577551897,0.0,15.0,5.214285714285714,2.892857142857143,4.157450124101496,0.0,15.0,2.419753086419753,1,722.9933333333333,272.11666666666656,0.37637507030954626,False,False,False,True,False,False,False,False,False,False,False,False,False,False,False,False,False,False,False,False,False,False,False,False,True,False,False,False,False,False,False,False,False,True,False,False
UAE,Smartphone 128GB,2025-11-18,Electronics,2.0,1267.1,0.25,20.0,2.0,1.0,0.0,1,18,47,11,4,322,0,0.7818314824680298,0.6234898018587336,-0.5000000000000004,0.8660254037844384,8.0,1,5.0,1,8.0,1,1.0,1,8.142857142857142,5.014265364224068,0.0,15.0,5.571428571428571,3.107142857142857,4.263013068626512,0.0,15.0,2.6206896551724137,1,995.1099999999999,271.99,0.2733265669122007,False,False,False,True,False,False,False,False,False,False,False,False,False,False,False,False,False,False,False,False,False,False,False,False,True,False,False,False,False,False,False,False,False,True,False,False
UAE,Smartphone 128GB,2025-11-19,Electronics,5.0,723.69,0.28,20.0,2.0,1.0,0.0,2,19,47,11,4,323,0,0.9749279121818236,-0.22252093395631434,-0.5000000000000004,0.8660254037844384,2.0,1,6.0,1,5.0,1,0.0,1,7.714285714285714,5.4379618030497925,0.0,15.0,5.142857142857143,3.142857142857143,4.248871621137789,0.0,15.0,2.4545454545454546,1,1267.1,-543.4099999999999,-0.42886117907031795,False,False,False,True,False,False,False,False,False,False,False,False,False,False,False,False,False,False,False,False,False,False,False,False,True,False,False,False,False,False,False,False,False,True,False,False
UAE,Smartphone 128GB,2025-11-20,Electronics,4.0,737.03,0.17,20.0,2.0,1.0,0.0,3,20,47,11,4,324,0,0.43388373911755823,-0.900968867902419,-0.5000000000000004,0.8660254037844384,5.0,1,15.0,1,0.0,1,0.0,1,7.571428571428571,5.503245795502347,0.0,15.0,5.142857142857143,3.3214285714285716,4.2168407643336545,0.0,15.0,2.279569892473118,1,723.69,13.339999999999918,0.018433307078997797,False,False,False,True,False,False,False,False,False,False,False,False,False,False,False,False,False,False,False,False,False,False,False,False,True,False,False,False,False,False,False,False,False,True,False,False
UAE,Smartphone 128GB,2025-11-21,Electronics,0.0,737.03,,20.0,2.0,0.0,0.0,4,21,47,11,4,325,0,-0.433883739117558,-0.9009688679024191,-0.5000000000000004,0.8660254037844384,4.0,1,12.0,1,5.0,1,0.0,1,6.0,4.509249752822893,0.0,12.0,5.428571428571429,3.4642857142857144,4.167618938800383,0.0,15.0,1.7319587628865978,0,737.03,0.0,0.0,False,False,False,True,False,False,False,False,False,False,False,False,False,False,False,False,False,False,False,False,False,False,False,False,True,False,False,False,False,False,False,False,False,True,False,False
UAE,Smartphone 128GB,2025-11-22,Electronics,5.0,392.0,0.2,20.0,2.0,1.0,0.0,5,22,47,11,4,326,1,-0.9749279121818236,-0.2225209339563146,-0.5000000000000004,0.8660254037844384,0.0,1,11.0,1,0.0,1,0.0,1,4.285714285714286,4.111540089159038,0.0,11.0,5.071428571428571,3.4642857142857144,4.167618938800383,0.0,15.0,1.2371134020618555,1,737.03,-345.03,-0.468135625415519,False,False,False,True,False,False,False,False,False,False,False,False,False,False,False,False,False,False,False,False,False,False,False,False,True,False,False,False,False,False,False,False,False,True,False,False
UAE,Smartphone 128GB,2025-11-23,Electronics,4.0,1410.4,0.28,20.0,2.0,1.0,0.0,6,23,47,11,4,327,1,-0.7818314824680299,0.6234898018587334,-0.5000000000000004,0.8660254037844384,5.0,1,0.0,1,3.0,1,0.0,1,3.4285714285714284,2.935821455580641,0.0,8.0,5.428571428571429,3.642857142857143,4.120538311778692,0.0,15.0,0.9411764705882353,1,392.0,1018.4000000000001,2.5979591836734697,False,False,False,True,False,False,False,False,False,False,False,False,False,False,False,False,False,False,False,False,False,False,False,False,True,False,False,False,False,False,False,False,False,True,False,False
UAE,Smartphone 128GB,2025-11-24,Electronics,8.0,1036.99,0.27,20.0,2.0,1.0,1.0,0,24,48,11,4,328,0,0.0,1.0,-0.5000000000000004,0.8660254037844384,4.0,1,8.0,1,0.0,1,0.0,1,4.0,2.516611478423585,0.0,8.0,5.5,3.7857142857142856,4.058435594031213,0.0,15.0,1.0566037735849056,1,1410.4,-373.4100000000001,-0.2647546795235395,False,False,False,True,False,False,False,False,False,False,False,False,False,False,False,False,False,False,False,False,False,False,False,False,True,False,False,False,False,False,False,False,False,True,False,False
UAE,Smartphone 128GB,2025-11-25,Electronics,5.0,887.1,0.18,20.0,2.0,1.0,0.0,1,25,48,11,4,329,0,0.7818314824680298,0.6234898018587336,-0.5000000000000004,0.8660254037844384,8.0,1,2.0,1,5.0,1,0.0,1,4.0,2.516611478423585,0.0,8.0,6.071428571428571,4.071428571428571,4.063647070456233,0.0,15.0,0.9824561403508772,1,1036.99,-149.89,-0.1445433417872882,False,False,False,True,False,False,False,False,False,False,False,False,False,False,False,False,False,False,False,False,False,False,False,False,True,False,False,False,False,False,False,False,False,True,False,False
