store_id,product_id,date,category,sales,price,Discount_Applied,safety_stock,lead_time_days,promotion,is_outlier,day_of_week,day_of_month,week_of_year,month,quarter,day_of_year,is_weekend,sin_day_of_week,cos_day_of_week,sin_month,cos_month,lag_1,has_lag_1,lag_7,has_lag_7,lag_14,has_lag_14,lag_28,has_lag_28,rolling_mean_7,rolling_std_7,rolling_min_7,rolling_max_7,rolling_mean_14,rolling_mean_28,rolling_std_28,rolling_min_28,rolling_max_28,trend_ratio,is_promotion,previous_price,price_change,price_change_pct,store_id_Germany,store_id_India,store_id_Pakistan,store_id_UAE,store_id_UK,store_id_USA,product_id_4K Smart TV,product_id_Air Fryer,product_id_Blender,product_id_Coffee Maker,product_id_Cotton T-Shirt,product_id_Cycling Helmet,product_id_Denim Jeans,product_id_Dumbbell Set,product_id_Face Wash,product_id_Football,product_id_Formal Shirt,product_id_Gaming Laptop,product_id_Hair Serum,product_id_Lipstick Set,product_id_Microwave Oven,product_id_Moisturizing Cream,product_id_Perfume,product_id_Running Shoes,product_id_Smartphone 128GB,product_id_Smartwatch,product_id_Tennis Racket,product_id_Vacuum Cleaner,product_id_Winter Jacket,product_id_Wireless Noise-Canceling Headphones,product_id_Yoga Mat,category_Apparel,category_Beauty,category_Electronics,category_Home & Kitchen,category_Sports
Germany,Running Shoes,2025-05-23,Apparel,3.0,21.76,0.08,20.0,2.0,1.0,0.0,4,23,21,5,2,143,0,-0.433883739117558,-0.9009688679024191,0.49999999999999994,-0.8660254037844387,0.0,1,2.0,1,0.0,1,0.0,1,0.2857142857142857,0.7559289460184717,0.0,2.0,0.2857142857142857,0.14285714285714285,0.5245305283129459,0.0,2.0,2.0,1,146.55,-124.79,-0.8515182531559194,True,False,False,False,False,False,False,False,False,False,False,False,False,False,False,False,False,False,False,False,False,False,False,True,False,False,False,False,False,False,False,True,False,False,False,False
Germany,Running Shoes,2025-05-24,Apparel,3.0,138.55,0.05,20.0,2.0,1.0,0.0,5,24,21,5,2,144,1,-0.9749279121818236,-0.2225209339563146,0.49999999999999994,-0.8660254037844387,3.0,1,0.0,1,0.0,1,0.0,1,0.42857142857142855,1.1338934190276928,0.0,3.0,0.5,0.25,0.7515416254704713,0.0,3.0,1.7142857142857142,1,21.76,116.79,5.3671875,True,False,False,False,False,False,False,False,False,False,False,False,False,False,False,False,False,False,False,False,False,False,False,True,False,False,False,False,False,False,False,True,False,False,False,False
Germany,Running Shoes,2025-05-25,Apparel,0.0,138.55,,20.0,2.0,0.0,0.0,6,25,21,5,2,145,1,-0.7818314824680299,0.6234898018587334,0.49999999999999994,-0.8660254037844387,3.0,1,0.0,1,0.0,1,0.0,1,0.8571428571428571,1.463850109422808,0.0,3.0,0.7142857142857143,0.35714285714285715,0.9114207758701874,0.0,3.0,2.4,0,138.55,0.0,0.0,True,False,False,False,False,False,False,False,False,False,False,False,False,False,False,False,False,False,False,False,False,False,False,True,False,False,False,False,False,False,False,True,False,False,False,False
Germany,Running Shoes,2025-05-26,Apparel,0.0,138.55,,20.0,2.0,0.0,0.0,0,26,22,5,2,146,0,0.0,1.0,0.49999999999999994,-0.8660254037844387,0.0,1,0.0,1,2.0,1,0.0,1,0.8571428571428571,1.463850109422808,0.0,3.0,0.7142857142857143,0.35714285714285715,0.9114207758701874,0.0,3.0,2.4,0,138.55,0.0,0.0,True,False,False,False,False,False,False,False,False,False,False,False,False,False,False,False,False,False,False,False,False,False,False,True,False,False,False,False,False,False,False,True,False,False,False,False
Germany,Running Shoes,2025-05-27,Apparel,3.0,10.68,0.03,20.0,2.0,1.0,0.0,1,27,22,5,2,147,0,0.7818314824680298,0.6234898018587336,0.49999999999999994,-0.8660254037844387,0.0,1,0.0,1,0.0,1,0.0,1,0.8571428571428571,1.463850109422808,0.0,3.0,0.5714285714285714,0.35714285714285715,0.9114207758701874,0.0,3.0,2.4,1,138.55,-127.87,-0.9229159148321905,True,False,False,False,False,False,False,False,False,False,False,False,False,False,False,False,False,False,False,False,False,False,False,True,False,False,False,False,False,False,False,True,False,False,False,False
Germany,Running Shoes,2025-05-28,Apparel,0.0,10.68,,20.0,2.0,0.0,0.0,2,28,22,5,2,148,0,0.9749279121818236,-0.22252093395631434,0.49999999999999994,-0.8660254037844387,3.0,1,0.0,1,0.0,1,0.0,1,1.2857142857142858,1.603567451474553,0.0,3.0,0.7857142857142857,0.4642857142857143,1.0357370915204818,0.0,3.0,2.769230769230769,0,10.68,0.0,0.0,True,False,False,False,False,False,False,False,False,False,False,False,False,False,False,False,False,False,False,False,False,False,False,True,False,False,False,False,False,False,False,True,False,False,False,False
Germany,Running Shoes,2025-05-29,Apparel,0.0,10.68,,20.0,2.0,0.0,0.0,3,29,22,5,2,149,0,0.43388373911755823,-0.900968867902419,0.49999999999999994,-0.8660254037844387,0.0,1,0.0,1,0.0,1,0.0,1,1.2857142857142858,1.603567451474553,0.0,3.0,0.7857142857142857,0.4642857142857143,1.0357370915204818,0.0,3.0,2.769230769230769,0,10.68,0.0,0.0,True,False,False,False,False,False,False,False,False,False,False,False,False,False,False,False,False,False,False,False,False,False,False,True,False,False,False,False,False,False,False,True,False,False,False,False
Germany,Running Shoes,2025-05-30,Apparel,0.0,10.68,,20.0,2.0,0.0,0.0,4,30,22,5,2,150,0,-0.433883739117558,-0.9009688679024191,0.49999999999999994,-0.8660254037844387,0.0,1,3.0,1,2.0,1,0.0,1,1.2857142857142858,1.603567451474553,0.0,3.0,0.7857142857142857,0.4642857142857143,1.0357370915204818,0.0,3.0,2.769230769230769,0,10.68,0.0,0.0,True,False,False,False,False,False,False,False,False,False,False,False,False,False,False,False,False,False,False,False,False,False,False,True,False,False,False,False,False,False,False,True,False,False,False,False
Germany,Running Shoes,2025-05-31,Apparel,0.0,10.68,,20.0,2.0,0.0,0.0,5,31,22,5,2,151,1,-0.9749279121818236,-0.2225209339563146,0.49999999999999994,-0.8660254037844387,0.0,1,3.0,1,0.0,1,0.0,1,0.8571428571428571,1.463850109422808,0.0,3.0,0.6428571428571429,0.4642857142857143,1.0357370915204818,0.0,3.0,1.846153846153846,0,10.68,0.0,0.0,True,False,False,False,False,False,False,False,False,False,False,False,False,False,False,False,False,False,False,False,False,False,False,True,False,False,False,False,False,False,False,True,False,False,False,False
Germany,Running Shoes,2025-06-01,Apparel,0.0,10.68,,20.0,2.0,0.0,0.0,6,1,22,6,2,152,1,-0.7818314824680299,0.6234898018587334,1.2246467991473532e-16,-1.0,0.0,1,0.0,1,0.0,1,0.0,1,0.42857142857142855,1.133893419027693,0.0,3.0,0.6428571428571429,0.4642857142857143,1.0357370915204818,0.0,3.0,0.923076923076923,0,10.68,0.0,0.0,True,False,False,False,False,False,False,False,False,False,False,False,False,False,False,False,False,False,False,False,False,False,False,True,False,False,False,False,False,False,False,True,False,False,False,False
Germany,Running Shoes,2025-06-02,Apparel,0.0,10.68,,20.0,2.0,0.0,0.0,0,2,23,6,2,153,0,0.0,1.0,1.2246467991473532e-16,-1.0,0.0,1,0.0,1,0.0,1,0.0,1,0.42857142857142855,1.133893419027693,0.0,3.0,0.6428571428571429,0.4642857142857143,1.0357370915204818,0.0,3.0,0.923076923076923,0,10.68,0.0,0.0,True,False,False,False,False,False,False,False,False,False,False,False,False,False,False,False,False,False,False,False,False,False,False,True,False,False,False,False,False,False,False,True,False,False,False,False
Germany,Running Shoes,2025-06-03,Apparel,0.0,10.68,,20.0,2.0,0.0,0.0,1,3,23,6,2,154,0,0.7818314824680298,0.6234898018587336,1.2246467991473532e-16,-1.0,0.0,1,3.0,1,0.0,1,0.0,1,0.42857142857142855,1.133893419027693,0.0,3.0,0.6428571428571429,0.4642857142857143,1.0357370915204818,0.0,3.0,0.923076923076923,0,10.68,0.0,0.0,True,False,False,False,False,False,False,False,False,False,False,False,False,False,False,False,False,False,False,False,False,False,False,True,False,False,False,False,False,False,False,True,False,False,False,False
Germany,Running Shoes,2025-06-04,Apparel,0.0,10.68,,20.0,2.0,0.0,0.0,2,4,23,6,2,155,0,0.9749279121818236,-0.22252093395631434,1.2246467991473532e-16,-1.0,0.0,1,0.0,1,0.0,1,0.0,1,0.0,0.0,0.0,0.0,0.6428571428571429,0.4642857142857143,1.0357370915204818,0.0,3.0,0.0,0,10.68,0.0,0.0,True,False,False,False,False,False,False,False,False,False,False,False,False,False,False,False,False,False,False,False,False,False,False,True,False,False,False,False,False,False,False,True,False,False,False,False
Germany,Running Shoes,2025-06-05,Apparel,0.0,10.68,,20.0,2.0,0.0,0.0,3,5,23,6,2,156,0,0.43388373911755823,-0.900968867902419,1.2246467991473532e-16,-1.0,0.0,1,0.0,1,0.0,1,0.0,1,0.0,0.0,0.0,0.0,0.6428571428571429,0.4642857142857143,1.0357370915204818,0.0,3.0,0.0,0,10.68,0.0,0.0,True,False,False,False,False,False,False,False,False,False,False,False,False,False,False,False,False,False,False,False,False,False,False,True,False,False,False,False,False,False,False,True,False,False,False,False
Germany,Running Shoes,2025-06-06,Apparel,0.0,10.68,,20.0,2.0,0.0,0.0,4,6,23,6,2,157,0,-0.433883739117558,-0.9009688679024191,1.2246467991473532e-16,-1.0,0.0,1,0.0,1,3.0,1,0.0,1,0.0,0.0,0.0,0.0,0.6428571428571429,0.4642857142857143,1.0357370915204818,0.0,3.0,0.0,0,10.68,0.0,0.0,True,False,False,False,False,False,False,False,False,False,False,False,False,False,False,False,False,False,False,False,False,False,False,True,False,False,False,False,False,False,False,True,False,False,False,False
Germany,Running Shoes,2025-06-07,Apparel,0.0,10.68,,20.0,2.0,0.0,0.0,5,7,23,6,2,158,1,-0.9749279121818236,-0.2225209339563146,1.2246467991473532e-16,-1.0,0.0,1,0.0,1,3.0,1,0.0,1,0.0,0.0,0.0,0.0,0.42857142857142855,0.4642857142857143,1.0357370915204818,0.0,3.0,0.0,0,10.68,0.0,0.0,True,False,False,False,False,False,False,False,False,False,False,False,False,False,False,False,False,False,False,False,False,False,False,True,False,False,False,False,False,False,False,True,False,False,False,False
Germany,Running Shoes,2025-06-08,Apparel,0.0,10.68,,20.0,2.0,0.0,0.0,6,8,23,6,2,159,1,-0.7818314824680299,0.6234898018587334,1.2246467991473532e-16,-1.0,0.0,1,0.0,1,0.0,1,0.0,1,0.0,0.0,0.0,0.0,0.21428571428571427,0.4642857142857143,1.0357370915204818,0.0,3.0,0.0,0,10.68,0.0,0.0,True,False,False,False,False,False,False,False,False,False,False,False,False,False,False,False,False,False,False,False,False,False,False,True,False,False,False,False,False,False,False,True,False,False,False,False
Germany,Running Shoes,2025-06-09,Apparel,0.0,10.68,,20.0,2.0,0.0,0.0,0,9,24,6,2,160,0,0.0,1.0,1.2246467991473532e-16,-1.0,0.0,1,0.0,1,0.0,1,2.0,1,0.0,0.0,0.0,0.0,0.21428571428571427,0.4642857142857143,1.0357370915204818,0.0,3.0,0.0,0,10.68,0.0,0.0,True,False,False,False,False,False,False,False,False,False,False,False,False,False,False,False,False,False,False,False,False,False,False,True,False,False,False,False,False,False,False,True,False,False,False,False
Germany,Running Shoes,2025-06-10,Apparel,0.0,10.68,,20.0,2.0,0.0,0.0,1,10,24,6,2,161,0,0.7818314824680298,0.6234898018587336,1.2246467991473532e-16,-1.0,0.0,1,0.0,1,3.0,1,0.0,1,0.0,0.0,0.0,0.0,0.21428571428571427,0.39285714285714285,0.9940297973879968,0.0,3.0,0.0,0,10.68,0.0,0.0,True,False,False,False,False,False,False,False,False,False,False,False,False,False,False,False,False,False,False,False,False,False,False,True,False,False,False,False,False,False,False,True,False,False,False,False
Germany,Running Shoes,2025-06-11,Apparel,0.0,10.68,,20.0,2.0,0.0,0.0,2,11,24,6,2,162,0,0.9749279121818236,-0.22252093395631434,1.2246467991473532e-16,-1.0,0.0,1,0.0,1,0.0,1,0.0,1,0.0,0.0,0.0,0.0,0.0,0.39285714285714285,0.9940297973879968,0.0,3.0,0.0,0,10.68,0.0,0.0,True,False,False,False,False,False,False,False,False,False,False,False,False,False,False,False,False,False,False,False,False,False,False,True,False,False,False,False,False,False,False,True,False,False,False,False
Germany,Running Shoes,2025-06-12,Apparel,0.0,10.68,,20.0,2.0,0.0,0.0,3,12,24,6,2,163,0,0.43388373911755823,-0.900968867902419,1.2246467991473532e-16,-1.0,0.0,1,0.0,1,0.0,1,0.0,1,0.0,0.0,0.0,0.0,0.0,0.39285714285714285,0.9940297973879968,0.0,3.0,0.0,0,10.68,0.0,0.0,True,False,False,False,False,False,False,False,False,False,False,False,False,False,False,False,False,False,False,False,False,False,False,True,False,False,False,False,False,False,False,True,False,False,False,False
Germany,Running Shoes,2025-06-13,Apparel,0.0,10.68,,20.0,2.0,0.0,0.0,4,13,24,6,2,164,0,-0.433883739117558,-0.9009688679024191,1.2246467991473532e-16,-1.0,0.0,1,0.0,1,0.0,1,2.0,1,0.0,0.0,0.0,0.0,0.0,0.39285714285714285,0.9940297973879968,0.0,3.0,0.0,0,10.68,0.0,0.0,True,False,False,False,False,False,False,False,False,False,False,False,False,False,False,False,False,False,False,False,False,False,False,True,False,False,False,False,False,False,False,True,False,False,False,False
Germany,Running Shoes,2025-06-14,Apparel,0.0,10.68,,20.0,2.0,0.0,0.0,5,14,24,6,2,165,1,-0.9749279121818236,-0.2225209339563146,1.2246467991473532e-16,-1.0,0.0,1,0.0,1,0.0,1,0.0,1,0.0,0.0,0.0,0.0,0.0,0.32142857142857145,0.9449111825230594,0.0,3.0,0.0,0,10.68,0.0,0.0,True,False,False,False,False,False,False,False,False,False,False,False,False,False,False,False,False,False,False,False,False,False,False,True,False,False,False,False,False,False,False,True,False,False,False,False
Germany,Running Shoes,2025-06-15,Apparel,1.0,110.16,0.02,20.0,2.0,1.0,0.0,6,15,24,6,2,166,1,-0.7818314824680299,0.6234898018587334,1.2246467991473532e-16,-1.0,0.0,1,0.0,1,0.0,1,0.0,1,0.0,0.0,0.0,0.0,0.0,0.32142857142857145,0.9449111825230594,0.0,3.0,0.0,1,10.68,99.47999999999999,9.314606741573034,True,False,False,False,False,False,False,False,False,False,False,False,False,False,False,False,False,False,False,False,False,False,False,True,False,False,False,False,False,False,False,True,False,False,False,False
Germany,Running Shoes,2025-06-16,Apparel,0.0,110.16,,20.0,2.0,0.0,0.0,0,16,25,6,2,167,0,0.0,1.0,1.2246467991473532e-16,-1.0,1.0,1,0.0,1,0.0,1,0.0,1,0.14285714285714285,0.3779644730092628,0.0,1.0,0.07142857142857142,0.35714285714285715,0.9511897312113333,0.0,3.0,0.39999999999999997,0,110.16,0.0,0.0,True,False,False,False,False,False,False,False,False,False,False,False,False,False,False,False,False,False,False,False,False,False,False,True,False,False,False,False,False,False,False,True,False,False,False,False
Germany,Running Shoes,2025-06-17,Apparel,0.0,110.16,,20.0,2.0,0.0,0.0,1,17,25,6,2,168,0,0.7818314824680298,0.6234898018587336,1.2246467991473532e-16,-1.0,0.0,1,0.0,1,0.0,1,0.0,1,0.14285714285714285,0.3779644730092628,0.0,1.0,0.07142857142857142,0.35714285714285715,0.9511897312113333,0.0,3.0,0.39999999999999997,0,110.16,0.0,0.0,True,False,False,False,False,False,False,False,False,False,False,False,False,False,False,False,False,False,False,False,False,False,False,True,False,False,False,False,False,False,False,True,False,False,False,False
Germany,Running Shoes,2025-06-18,Apparel,0.0,110.16,,20.0,2.0,0.0,0.0,2,18,25,6,2,169,0,0.9749279121818236,-0.22252093395631434,1.2246467991473532e-16,-1.0,0.0,1,0.0,1,0.0,1,0.0,1,0.14285714285714285,0.3779644730092628,0.0,1.0,0.07142857142857142,0.35714285714285715,0.9511897312113333,0.0,3.0,0.39999999999999997,0,110.16,0.0,0.0,True,False,False,False,False,False,False,False,False,False,False,False,False,False,False,False,False,False,False,False,False,False,False,True,False,False,False,False,False,False,False,True,False,False,False,False
Germany,Running Shoes,2025-06-19,Apparel,0.0,110.16,,20.0,2.0,0.0,0.0,3,19,25,6,2,170,0,0.43388373911755823,-0.900968867902419,1.2246467991473532e-16,-1.0,0.0,1,0.0,1,0.0,1,0.0,1,0.14285714285714285,0.3779644730092628,0.0,1.0,0.07142857142857142,0.35714285714285715,0.9511897312113333,0.0,3.0,0.39999999999999997,0,110.16,0.0,0.0,True,False,False,False,False,False,False,False,False,False,False,False,False,False,False,False,False,False,False,False,False,False,False,True,False,False,False,False,False,False,False,True,False,False,False,False
Germany,Running Shoes,2025-06-20,Apparel,0.0,110.16,,20.0,2.0,0.0,0.0,4,20,25,6,2,171,0,-0.433883739117558,-0.9009688679024191,1.2246467991473532e-16,-1.0,0.0,1,0.0,1,0.0,1,3.0,1,0.14285714285714285,0.3779644730092628,0.0,1.0,0.07142857142857142,0.35714285714285715,0.9511897312113333,0.0,3.0,0.39999999999999997,0,110.16,0.0,0.0,True,False,False,False,False,False,False,False,False,False,False,False,False,False,False,False,False,False,False,False,False,False,False,True,False,False,False,False,False,False,False,True,False,False,False,False
Germany,Running Shoes,2025-06-21,Apparel,0.0,110.16,,20.0,2.0,0.0,0.0,5,21,25,6,2,172,1,-0.9749279121818236,-0.2225209339563146,1.2246467991473532e-16,-1.0,0.0,1,0.0,1,0.0,1,3.0,1,0.14285714285714285,0.3779644730092628,0.0,1.0,0.07142857142857142,0.25,0.7993052538854428,0.0,3.0,0.5714285714285714,0,110.16,0.0,0.0,True,False,False,False,False,False,False,False,False,False,False,False,False,False,False,False,False,False,False,False,False,False,False,True,False,False,False,False,False,False,False,True,False,False,False,False
Germany,Running Shoes,2025-06-22,Apparel,0.0,110.16,,20.0,2.0,0.0,0.0,6,22,25,6,2,173,1,-0.7818314824680299,0.6234898018587334,1.2246467991473532e-16,-1.0,0.0,1,1.0,1,0.0,1,0.0,1,0.14285714285714285,0.3779644730092628,0.0,1.0,0.07142857142857142,0.14285714285714285,0.5909368402852644,0.0,3.0,1.0,0,110.16,0.0,0.0,True,False,False,False,False,False,False,False,False,False,False,False,False,False,False,False,False,False,False,False,False,False,False,True,False,False,False,False,False,False,False,True,False,False,False,False
Germany,Running Shoes,2025-06-23,Apparel,0.0,110.16,,20.0,2.0,0.0,0.0,0,23,26,6,2,174,0,0.0,1.0,1.2246467991473532e-16,-1.0,0.0,1,0.0,1,0.0,1,0.0,1,0.0,0.0,0.0,0.0,0.07142857142857142,0.14285714285714285,0.5909368402852644,0.0,3.0,0.0,0,110.16,0.0,0.0,True,False,False,False,False,False,False,False,False,False,False,False,False,False,False,False,False,False,False,False,False,False,False,True,False,False,False,False,False,False,False,True,False,False,False,False
Germany,Running Shoes,2025-06-24,Apparel,0.0,110.16,,20.0,2.0,0.0,0.0,1,24,26,6,2,175,0,0.7818314824680298,0.6234898018587336,1.2246467991473532e-16,-1.0,0.0,1,0.0,1,0.0,1,3.0,1,0.0,0.0,0.0,0.0,0.07142857142857142,0.14285714285714285,0.5909368402852644,0.0,3.0,0.0,0,110.16,0.0,0.0,True,False,False,False,False,False,False,False,False,False,False,False,False,False,False,False,False,False,False,False,False,False,False,True,False,False,False,False,False,False,False,True,False,False,False,False
Germany,Running Shoes,2025-06-25,Apparel,0.0,110.16,,20.0,2.0,0.0,0.0,2,25,26,6,2,176,0,0.9749279121818236,-0.22252093395631434,1.2246467991473532e-16,-1.0,0.0,1,0.0,1,0.0,1,0.0,1,0.0,0.0,0.0,0.0,0.07142857142857142,0.03571428571428571,0.1889822365045672,0.0,1.0,0.0,0,110.16,0.0,0.0,True,False,False,False,False,False,False,False,False,False,False,False,False,False,False,False,False,False,False,False,False,False,False,True,False,False,False,False,False,False,False,True,False,False,False,False
Germany,Running Shoes,2025-06-26,Apparel,3.0,110.5,0.03,20.0,2.0,1.0,0.0,3,26,26,6,2,177,0,0.43388373911755823,-0.900968867902419,1.2246467991473532e-16,-1.0,0.0,1,0.0,1,0.0,1,0.0,1,0.0,0.0,0.0,0.0,0.07142857142857142,0.03571428571428571,0.1889822365045672,0.0,1.0,0.0,1,110.16,0.3400000000000034,0.003086419753086451,True,False,False,False,False,False,False,False,False,False,False,False,False,False,False,False,False,False,False,False,False,False,False,True,False,False,False,False,False,False,False,True,False,False,False,False
Germany,Running Shoes,2025-06-27,Apparel,0.0,110.5,,20.0,2.0,0.0,0.0,4,27,26,6,2,178,0,-0.433883739117558,-0.9009688679024191,1.2246467991473532e-16,-1.0,3.0,1,0.0,1,0.0,1,0.0,1,0.42857142857142855,1.133893419027693,0.0,3.0,0.2857142857142857,0.14285714285714285,0.5909368402852644,0.0,3.0,3.0,0,110.5,0.0,0.0,True,False,False,False,False,False,False,False,False,False,False,False,False,False,False,False,False,False,False,False,False,False,False,True,False,False,False,False,False,False,False,True,False,False,False,False
Germany,Running Shoes,2025-06-28,Apparel,2.0,44.37,0.14,20.0,2.0,1.0,0.0,5,28,26,6,2,179,1,-0.9749279121818236,-0.2225209339563146,1.2246467991473532e-16,-1.0,0.0,1,0.0,1,0.0,1,0.0,1,0.42857142857142855,1.133893419027693,0.0,3.0,0.2857142857142857,0.14285714285714285,0.5909368402852644,0.0,3.0,3.0,1,110.5,-66.13,-0.5984615384615384,True,False,False,False,False,False,False,False,False,False,False,False,False,False,False,False,False,False,False,False,False,False,False,True,False,False,False,False,False,False,False,True,False,False,False,False
Germany,Running Shoes,2025-06-29,Apparel,5.0,58.705000000000005,0.05,20.0,2.0,1.0,1.0,6,29,26,6,2,180,1,-0.7818314824680299,0.6234898018587334,1.2246467991473532e-16,-1.0,2.0,1,0.0,1,1.0,1,0.0,1,0.7142857142857143,1.2535663410560272,0.0,3.0,0.42857142857142855,0.21428571428571427,0.6862211530545048,0.0,3.0,3.3333333333333335,1,44.37,14.335000000000008,0.32307865675005654,True,False,False,False,False,False,False,False,False,False,False,False,False,False,False,False,False,False,False,False,False,False,False,True,False,False,False,False,False,False,False,True,False,False,False,False
Germany,Running Shoes,2025-06-30,Apparel,1.0,45.43,0.02,20.0,2.0,1.0,0.0,0,30,27,6,2,181,0,0.0,1.0,1.2246467991473532e-16,-1.0,5.0,1,0.0,1,0.0,1,0.0,1,1.4285714285714286,1.9880595947760151,0.0,5.0,0.7142857142857143,0.39285714285714285,1.1333099904225314,0.0,5.0,3.6363636363636367,1,58.705000000000005,-13.275000000000006,-0.22613065326633172,True,False,False,False,False,False,False,False,False,False,False,False,False,False,False,False,False,False,False,False,False,False,False,True,False,False,False,False,False,False,False,True,False,False,False,False
Germany,Running Shoes,2025-07-01,Apparel,0.0,45.43,,20.0,2.0,0.0,0.0,1,1,27,7,3,182,0,0.7818314824680298,0.6234898018587336,-0.4999999999999997,-0.8660254037844388,1.0,1,0.0,1,0.0,1,0.0,1,1.5714285714285714,1.902379462422689,0.0,5.0,0.7857142857142857,0.42857142857142855,1.1362241376617885,0.0,5.0,3.666666666666667,0,45.43,0.0,0.0,True,False,False,False,False,False,False,False,False,False,False,False,False,False,False,False,False,False,False,False,False,False,False,True,False,False,False,False,False,False,False,True,False,False,False,False
Germany,Running Shoes,2025-07-02,Apparel,0.0,45.43,,20.0,2.0,0.0,0.0,2,2,27,7,3,183,0,0.9749279121818236,-0.22252093395631434,-0.4999999999999997,-0.8660254037844388,0.0,1,0.0,1,0.0,1,0.0,1,1.5714285714285714,1.902379462422689,0.0,5.0,0.7857142857142857,0.42857142857142855,1.1362241376617885,0.0,5.0,3.666666666666667,0,45.43,0.0,0.0,True,False,False,False,False,False,False,False,False,False,False,False,False,False,False,False,False,False,False,False,False,False,False,True,False,False,False,False,False,False,False,True,False,False,False,False
Germany,Running Shoes,2025-07-03,Apparel,2.0,102.75,0.03,20.0,2.0,1.0,0.0,3,3,27,7,3,184,0,0.43388373911755823,-0.900968867902419,-0.4999999999999997,-0.8660254037844388,0.0,1,3.0,1,0.0,1,0.0,1,1.5714285714285714,1.902379462422689,0.0,5.0,0.7857142857142857,0.42857142857142855,1.1362241376617885,0.0,5.0,3.666666666666667,1,45.43,57.32,1.2617213295179397,True,False,False,False,False,False,False,False,False,False,False,False,False,False,False,False,False,False,False,False,False,False,False,True,False,False,False,False,False,False,False,True,False,False,False,False
Germany,Running Shoes,2025-07-04,Apparel,1.0,147.75,0.07,20.0,2.0,1.0,0.0,4,4,27,7,3,185,0,-0.433883739117558,-0.9009688679024191,-0.4999999999999997,-0.8660254037844388,2.0,1,0.0,1,0.0,1,0.0,1,1.4285714285714286,1.8126539343499375,0.0,5.0,0.9285714285714286,0.5,1.1706281947614086,0.0,5.0,2.857142857142857,1,102.75,45.0,0.43795620437956206,True,False,False,False,False,False,False,False,False,False,False,False,False,False,False,False,False,False,False,False,False,False,False,True,False,False,False,False,False,False,False,True,False,False,False,False
Germany,Running Shoes,2025-07-05,Apparel,0.0,147.75,,20.0,2.0,0.0,0.0,5,5,27,7,3,186,1,-0.9749279121818236,-0.2225209339563146,-0.4999999999999997,-0.8660254037844388,1.0,1,2.0,1,0.0,1,0.0,1,1.5714285714285714,1.7182493859684553,0.0,5.0,1.0,0.5357142857142857,1.1700630833624328,0.0,5.0,2.9333333333333336,0,147.75,0.0,0.0,True,False,False,False,False,False,False,False,False,False,False,False,False,False,False,False,False,False,False,False,False,False,False,True,False,False,False,False,False,False,False,True,False,False,False,False
Germany,Running Shoes,2025-07-06,Apparel,1.0,46.08,0.11,20.0,2.0,1.0,0.0,6,6,27,7,3,187,1,-0.7818314824680299,0.6234898018587334,-0.4999999999999997,-0.8660254037844388,0.0,1,5.0,1,0.0,1,0.0,1,1.2857142857142858,1.799470821684881,0.0,5.0,1.0,0.5357142857142857,1.1700630833624328,0.0,5.0,2.4000000000000004,1,147.75,-101.67,-0.6881218274111676,True,False,False,False,False,False,False,False,False,False,False,False,False,False,False,False,False,False,False,False,False,False,False,True,False,False,False,False,False,False,False,True,False,False,False,False
Germany,Running Shoes,2025-07-07,Apparel,0.0,46.08,,20.0,2.0,0.0,0.0,0,7,28,7,3,188,0,0.0,1.0,-0.4999999999999997,-0.8660254037844388,1.0,1,1.0,1,0.0,1,0.0,1,0.7142857142857143,0.7559289460184707,0.0,2.0,1.0714285714285714,0.5714285714285714,1.1683661091795454,0.0,5.0,1.25,0,46.08,0.0,0.0,True,False,False,False,False,False,False,False,False,False,False,False,False,False,False,False,False,False,False,False,False,False,False,True,False,False,False,False,False,False,False,True,False,False,False,False
Germany,Running Shoes,2025-07-08,Apparel,0.0,46.08,,20.0,2.0,0.0,0.0,1,8,28,7,3,189,0,0.7818314824680298,0.6234898018587336,-0.4999999999999997,-0.8660254037844388,0.0,1,0.0,1,0.0,1,0.0,1,0.5714285714285714,0.7867957924694591,0.0,2.0,1.0714285714285714,0.5714285714285714,1.1683661091795454,0.0,5.0,1.0,0,46.08,0.0,0.0,True,False,False,False,False,False,False,False,False,False,False,False,False,False,False,False,False,False,False,False,False,False,False,True,False,False,False,False,False,False,False,True,False,False,False,False
Germany,Running Shoes,2025-07-09,Apparel,0.0,46.08,,20.0,2.0,0.0,0.0,2,9,28,7,3,190,0,0.9749279121818236,-0.22252093395631434,-0.4999999999999997,-0.8660254037844388,0.0,1,0.0,1,0.0,1,0.0,1,0.5714285714285714,0.7867957924694591,0.0,2.0,1.0714285714285714,0.5714285714285714,1.1683661091795454,0.0,5.0,1.0,0,46.08,0.0,0.0,True,False,False,False,False,False,False,False,False,False,False,False,False,False,False,False,False,False,False,False,False,False,False,True,False,False,False,False,False,False,False,True,False,False,False,False
Germany,Running Shoes,2025-07-10,Apparel,0.0,46.08,,20.0,2.0,0.0,0.0,3,10,28,7,3,191,0,0.43388373911755823,-0.900968867902419,-0.4999999999999997,-0.8660254037844388,0.0,1,2.0,1,3.0,1,0.0,1,0.5714285714285714,0.7867957924694591,0.0,2.0,1.0714285714285714,0.5714285714285714,1.1683661091795454,0.0,5.0,1.0,0,46.08,0.0,0.0,True,False,False,False,False,False,False,False,False,False,False,False,False,False,False,False,False,False,False,False,False,False,False,True,False,False,False,False,False,False,False,True,False,False,False,False
Germany,Running Shoes,2025-07-11,Apparel,0.0,46.08,,20.0,2.0,0.0,0.0,4,11,28,7,3,192,0,-0.433883739117558,-0.9009688679024191,-0.4999999999999997,-0.8660254037844388,0.0,1,1.0,1,0.0,1,0.0,1,0.2857142857142857,0.4879500364742936,0.0,1.0,0.8571428571428571,0.5714285714285714,1.1683661091795454,0.0,5.0,0.5,0,46.08,0.0,0.0,True,False,False,False,False,False,False,False,False,False,False,False,False,False,False,False,False,False,False,False,False,False,False,True,False,False,False,False,False,False,False,True,False,False,False,False
Germany,Running Shoes,2025-07-12,Apparel,2.0,10.71,0.03,20.0,2.0,1.0,0.0,5,12,28,7,3,193,1,-0.9749279121818236,-0.2225209339563146,-0.4999999999999997,-0.8660254037844388,0.0,1,0.0,1,2.0,1,0.0,1,0.14285714285714285,0.3779644730092629,0.0,1.0,0.8571428571428571,0.5714285714285714,1.1683661091795454,0.0,5.0,0.25,1,46.08,-35.37,-0.767578125,True,False,False,False,False,False,False,False,False,False,False,False,False,False,False,False,False,False,False,False,False,False,False,True,False,False,False,False,False,False,False,True,False,False,False,False
Germany,Running Shoes,2025-07-13,Apparel,0.0,10.71,,20.0,2.0,0.0,0.0,6,13,28,7,3,194,1,-0.7818314824680299,0.6234898018587334,-0.4999999999999997,-0.8660254037844388,2.0,1,1.0,1,5.0,1,1.0,1,0.42857142857142855,0.7867957924694595,0.0,2.0,0.8571428571428571,0.6428571428571429,1.193013169784981,0.0,5.0,0.6666666666666666,0,10.71,0.0,0.0,True,False,False,False,False,False,False,False,False,False,False,False,False,False,False,False,False,False,False,False,False,False,False,True,False,False,False,False,False,False,False,True,False,False,False,False
Germany,Running Shoes,2025-07-14,Apparel,0.0,10.71,,20.0,2.0,0.0,0.0,0,14,29,7,3,195,0,0.0,1.0,-0.4999999999999997,-0.8660254037844388,0.0,1,0.0,1,1.0,1,0.0,1,0.2857142857142857,0.7559289460184718,0.0,2.0,0.5,0.6071428571428571,1.1968874978625466,0.0,5.0,0.47058823529411764,0,10.71,0.0,0.0,True,False,False,False,False,False,False,False,False,False,False,False,False,False,False,False,False,False,False,False,False,False,False,True,False,False,False,False,False,False,False,True,False,False,False,False
Germany,Running Shoes,2025-07-15,Apparel,3.0,94.12,0.08,20.0,2.0,1.0,0.0,1,15,29,7,3,196,0,0.7818314824680298,0.6234898018587336,-0.4999999999999997,-0.8660254037844388,0.0,1,0.0,1,0.0,1,0.0,1,0.2857142857142857,0.7559289460184719,0.0,2.0,0.42857142857142855,0.6071428571428571,1.1968874978625466,0.0,5.0,0.47058823529411764,1,10.71,83.41,7.788048552754434,True,False,False,False,False,False,False,False,False,False,False,False,False,False,False,False,False,False,False,False,False,False,False,True,False,False,False,False,False,False,False,True,False,False,False,False
Germany,Running Shoes,2025-07-16,Apparel,1.0,91.26,0.03,20.0,2.0,1.0,0.0,2,16,29,7,3,197,0,0.9749279121818236,-0.22252093395631434,-0.4999999999999997,-0.8660254037844388,3.0,1,0.0,1,0.0,1,0.0,1,0.7142857142857143,1.2535663410560272,0.0,3.0,0.6428571428571429,0.7142857142857143,1.2724180205606976,0.0,5.0,1.0,1,94.12,-2.8599999999999994,-0.030386740331491705,True,False,False,False,False,False,False,False,False,False,False,False,False,False,False,False,False,False,False,False,False,False,False,True,False,False,False,False,False,False,False,True,False,False,False,False
Germany,Running Shoes,2025-07-17,Apparel,0.0,91.26,,20.0,2.0,0.0,0.0,3,17,29,7,3,198,0,0.43388373911755823,-0.900968867902419,-0.4999999999999997,-0.8660254037844388,1.0,1,0.0,1,2.0,1,0.0,1,0.8571428571428571,1.2149857925879217,0.0,3.0,0.7142857142857143,0.75,1.265642861099385,0.0,5.0,1.1428571428571428,0,91.26,0.0,0.0,True,False,False,False,False,False,False,False,False,False,False,False,False,False,False,False,False,False,False,False,False,False,False,True,False,False,False,False,False,False,False,True,False,False,False,False
Germany,Running Shoes,2025-07-18,Apparel,0.0,91.26,,20.0,2.0,0.0,0.0,4,18,29,7,3,199,0,-0.433883739117558,-0.9009688679024191,-0.4999999999999997,-0.8660254037844388,0.0,1,0.0,1,1.0,1,0.0,1,0.8571428571428571,1.2149857925879217,0.0,3.0,0.5714285714285714,0.75,1.265642861099385,0.0,5.0,1.1428571428571428,0,91.26,0.0,0.0,True,False,False,False,False,False,False,False,False,False,False,False,False,False,False,False,False,False,False,False,False,False,False,True,False,False,False,False,False,False,False,True,False,False,False,False
Germany,Running Shoes,2025-07-19,Apparel,0.0,91.26,,20.0,2.0,0.0,0.0,5,19,29,7,3,200,1,-0.9749279121818236,-0.2225209339563146,-0.4999999999999997,-0.8660254037844388,0.0,1,2.0,1,0.0,1,0.0,1,0.8571428571428571,1.2149857925879217,0.0,3.0,0.5,0.75,1.265642861099385,0.0,5.0,1.1428571428571428,0,91.26,0.0,0.0,True,False,False,False,False,False,False,False,False,False,False,False,False,False,False,False,False,False,False,False,False,False,False,True,False,False,False,False,False,False,False,True,False,False,False,False
Germany,Running Shoes,2025-07-20,Apparel,0.0,91.26,,20.0,2.0,0.0,0.0,6,20,29,7,3,201,1,-0.7818314824680299,0.6234898018587334,-0.4999999999999997,-0.8660254037844388,0.0,1,0.0,1,1.0,1,0.0,1,0.5714285714285714,1.1338934190276928,0.0,3.0,0.5,0.75,1.265642861099385,0.0,5.0,0.7619047619047619,0,91.26,0.0,0.0,True,False,False,False,False,False,False,False,False,False,False,False,False,False,False,False,False,False,False,False,False,False,False,True,False,False,False,False,False,False,False,True,False,False,False,False
Germany,Running Shoes,2025-07-21,Apparel,0.0,91.26,,20.0,2.0,0.0,0.0,0,21,30,7,3,202,0,0.0,1.0,-0.4999999999999997,-0.8660254037844388,0.0,1,0.0,1,0.0,1,0.0,1,0.5714285714285714,1.1338934190276928,0.0,3.0,0.42857142857142855,0.75,1.265642861099385,0.0,5.0,0.7619047619047619,0,91.26,0.0,0.0,True,False,False,False,False,False,False,False,False,False,False,False,False,False,False,False,False,False,False,False,False,False,False,True,False,False,False,False,False,False,False,True,False,False,False,False
Germany,Running Shoes,2025-07-22,Apparel,0.0,91.26,,20.0,2.0,0.0,0.0,1,22,30,7,3,203,0,0.7818314824680298,0.6234898018587336,-0.4999999999999997,-0.8660254037844388,0.0,1,3.0,1,0.0,1,0.0,1,0.5714285714285714,1.1338934190276928,0.0,3.0,0.42857142857142855,0.75,1.265642861099385,0.0,5.0,0.7619047619047619,0,91.26,0.0,0.0,True,False,False,False,False,False,False,False,False,False,False,False,False,False,False,False,False,False,False,False,False,False,False,True,False,False,False,False,False,False,False,True,False,False,False,False
Germany,Running Shoes,2025-07-23,Apparel,0.0,91.26,,20.0,2.0,0.0,0.0,2,23,30,7,3,204,0,0.9749279121818236,-0.22252093395631434,-0.4999999999999997,-0.8660254037844388,0.0,1,1.0,1,0.0,1,0.0,1,0.14285714285714285,0.37796447300926295,0.0,1.0,0.42857142857142855,0.75,1.265642861099385,0.0,5.0,0.19047619047619047,0,91.26,0.0,0.0,True,False,False,False,False,False,False,False,False,False,False,False,False,False,False,False,False,False,False,False,False,False,False,True,False,False,False,False,False,False,False,True,False,False,False,False
Germany,Running Shoes,2025-07-24,Apparel,2.0,141.61,0.02,20.0,2.0,1.0,0.0,3,24,30,7,3,205,0,0.43388373911755823,-0.900968867902419,-0.4999999999999997,-0.8660254037844388,0.0,1,0.0,1,0.0,1,3.0,1,0.0,0.0,0.0,0.0,0.42857142857142855,0.75,1.265642861099385,0.0,5.0,0.0,1,91.26,50.35000000000001,0.5517203594126672,True,False,False,False,False,False,False,False,False,False,False,False,False,False,False,False,False,False,False,False,False,False,False,True,False,False,False,False,False,False,False,True,False,False,False,False
Germany,Running Shoes,2025-07-25,Apparel,0.0,141.61,,20.0,2.0,0.0,0.0,4,25,30,7,3,206,0,-0.433883739117558,-0.9009688679024191,-0.4999999999999997,-0.8660254037844388,2.0,1,0.0,1,0.0,1,0.0,1,0.2857142857142857,0.7559289460184718,0.0,2.0,0.5714285714285714,0.7142857142857143,1.2128064441201887,0.0,5.0,0.39999999999999997,0,141.61,0.0,0.0,True,False,False,False,False,False,False,False,False,False,False,False,False,False,False,False,False,False,False,False,False,False,False,True,False,False,False,False,False,False,False,True,False,False,False,False
Germany,Running Shoes,2025-07-26,Apparel,0.0,141.61,,20.0,2.0,0.0,0.0,5,26,30,7,3,207,1,-0.9749279121818236,-0.2225209339563146,-0.4999999999999997,-0.8660254037844388,0.0,1,0.0,1,2.0,1,2.0,1,0.2857142857142857,0.7559289460184718,0.0,2.0,0.5714285714285714,0.7142857142857143,1.2128064441201887,0.0,5.0,0.39999999999999997,0,141.61,0.0,0.0,True,False,False,False,False,False,False,False,False,False,False,False,False,False,False,False,False,False,False,False,False,False,False,True,False,False,False,False,False,False,False,True,False,False,False,False
Germany,Running Shoes,2025-07-27,Apparel,2.0,52.05,0.01,20.0,2.0,1.0,0.0,6,27,30,7,3,208,1,-0.7818314824680299,0.6234898018587334,-0.4999999999999997,-0.8660254037844388,0.0,1,0.0,1,0.0,1,5.0,1,0.2857142857142857,0.7559289460184718,0.0,2.0,0.42857142857142855,0.6428571428571429,1.193013169784981,0.0,5.0,0.44444444444444436,1,141.61,-89.56000000000002,-0.6324412117788293,True,False,False,False,False,False,False,False,False,False,False,False,False,False,False,False,False,False,False,False,False,False,False,True,False,False,False,False,False,False,False,True,False,False,False,False
Germany,Running Shoes,2025-07-28,Apparel,0.0,52.05,,20.0,2.0,0.0,0.0,0,28,31,7,3,209,0,0.0,1.0,-0.4999999999999997,-0.8660254037844388,2.0,1,0.0,1,0.0,1,1.0,1,0.5714285714285714,0.975900072948546,0.0,2.0,0.5714285714285714,0.5357142857142857,0.8811668550592509,0.0,3.0,1.0666666666666667,0,52.05,0.0,0.0,True,False,False,False,False,False,False,False,False,False,False,False,False,False,False,False,False,False,False,False,False,False,False,True,False,False,False,False,False,False,False,True,False,False,False,False
Germany,Running Shoes,2025-07-29,Apparel,0.0,52.05,,20.0,2.0,0.0,0.0,1,29,31,7,3,210,0,0.7818314824680298,0.6234898018587336,-0.4999999999999997,-0.8660254037844388,0.0,1,0.0,1,3.0,1,0.0,1,0.5714285714285714,0.975900072948546,0.0,2.0,0.5714285714285714,0.5,0.8819171036881878,0.0,3.0,1.1428571428571428,0,52.05,0.0,0.0,True,False,False,False,False,False,False,False,False,False,False,False,False,False,False,False,False,False,False,False,False,False,False,True,False,False,False,False,False,False,False,True,False,False,False,False
Germany,Running Shoes,2025-07-30,Apparel,0.0,52.05,,20.0,2.0,0.0,0.0,2,30,31,7,3,211,0,0.9749279121818236,-0.22252093395631434,-0.4999999999999997,-0.8660254037844388,0.0,1,0.0,1,1.0,1,0.0,1,0.5714285714285714,0.975900072948546,0.0,2.0,0.35714285714285715,0.5,0.8819171036881878,0.0,3.0,1.1428571428571428,0,52.05,0.0,0.0,True,False,False,False,False,False,False,False,False,False,False,False,False,False,False,False,False,False,False,False,False,False,False,True,False,False,False,False,False,False,False,True,False,False,False,False
Germany,Running Shoes,2025-07-31,Apparel,0.0,52.05,,20.0,2.0,0.0,0.0,3,31,31,7,3,212,0,0.43388373911755823,-0.900968867902419,-0.4999999999999997,-0.8660254037844388,0.0,1,2.0,1,0.0,1,2.0,1,0.5714285714285714,0.975900072948546,0.0,2.0,0.2857142857142857,0.5,0.8819171036881878,0.0,3.0,1.1428571428571428,0,52.05,0.0,0.0,True,False,False,False,False,False,False,False,False,False,False,False,False,False,False,False,False,False,False,False,False,False,False,True,False,False,False,False,False,False,False,True,False,False,False,False
Germany,Running Shoes,2025-08-01,Apparel,0.0,52.05,,20.0,2.0,0.0,0.0,4,1,31,8,3,213,0,-0.433883739117558,-0.9009688679024191,-0.8660254037844385,-0.5000000000000004,0.0,1,0.0,1,0.0,1,1.0,1,0.2857142857142857,0.7559289460184718,0.0,2.0,0.2857142857142857,0.42857142857142855,0.8357108940373353,0.0,3.0,0.6666666666666666,0,52.05,0.0,0.0,True,False,False,False,False,False,False,False,False,False,False,False,False,False,False,False,False,False,False,False,False,False,False,True,False,False,False,False,False,False,False,True,False,False,False,False
Germany,Running Shoes,2025-08-02,Apparel,0.0,52.05,,20.0,2.0,0.0,0.0,5,2,31,8,3,214,1,-0.9749279121818236,-0.2225209339563146,-0.8660254037844385,-0.5000000000000004,0.0,1,0.0,1,0.0,1,0.0,1,0.2857142857142857,0.7559289460184718,0.0,2.0,0.2857142857142857,0.39285714285714285,0.8317445171438916,0.0,3.0,0.7272727272727273,0,52.05,0.0,0.0,True,False,False,False,False,False,False,False,False,False,False,False,False,False,False,False,False,False,False,False,False,False,False,True,False,False,False,False,False,False,False,True,False,False,False,False
Germany,Running Shoes,2025-08-03,Apparel,0.0,52.05,,20.0,2.0,0.0,0.0,6,3,31,8,3,215,1,-0.7818314824680299,0.6234898018587334,-0.8660254037844385,-0.5000000000000004,0.0,1,2.0,1,0.0,1,1.0,1,0.2857142857142857,0.7559289460184718,0.0,2.0,0.2857142857142857,0.39285714285714285,0.8317445171438916,0.0,3.0,0.7272727272727273,0,52.05,0.0,0.0,True,False,False,False,False,False,False,False,False,False,False,False,False,False,False,False,False,False,False,False,False,False,False,True,False,False,False,False,False,False,False,True,False,False,False,False
Germany,Running Shoes,2025-08-04,Apparel,2.0,148.08,0.09,20.0,2.0,1.0,0.0,0,4,32,8,3,216,0,0.0,1.0,-0.8660254037844385,-0.5000000000000004,0.0,1,0.0,1,0.0,1,0.0,1,0.0,0.0,0.0,0.0,0.2857142857142857,0.35714285714285715,0.8261595987093935,0.0,3.0,0.0,1,52.05,96.03000000000002,1.8449567723342943,True,False,False,False,False,False,False,False,False,False,False,False,False,False,False,False,False,False,False,False,False,False,False,True,False,False,False,False,False,False,False,True,False,False,False,False
Germany,Running Shoes,2025-08-05,Apparel,0.0,148.08,,20.0,2.0,0.0,0.0,1,5,32,8,3,217,0,0.7818314824680298,0.6234898018587336,-0.8660254037844385,-0.5000000000000004,2.0,1,0.0,1,0.0,1,0.0,1,0.2857142857142857,0.7559289460184718,0.0,2.0,0.42857142857142855,0.42857142857142855,0.8789122666607608,0.0,3.0,0.6666666666666666,0,148.08,0.0,0.0,True,False,False,False,False,False,False,False,False,False,False,False,False,False,False,False,False,False,False,False,False,False,False,True,False,False,False,False,False,False,False,True,False,False,False,False
Germany,Running Shoes,2025-08-06,Apparel,0.0,148.08,,20.0,2.0,0.0,0.0,2,6,32,8,3,218,0,0.9749279121818236,-0.22252093395631434,-0.8660254037844385,-0.5000000000000004,0.0,1,0.0,1,0.0,1,0.0,1,0.2857142857142857,0.7559289460184718,0.0,2.0,0.42857142857142855,0.42857142857142855,0.8789122666607608,0.0,3.0,0.6666666666666666,0,148.08,0.0,0.0,True,False,False,False,False,False,False,False,False,False,False,False,False,False,False,False,False,False,False,False,False,False,False,True,False,False,False,False,False,False,False,True,False,False,False,False
Germany,Running Shoes,2025-08-07,Apparel,0.0,148.08,,20.0,2.0,0.0,0.0,3,7,32,8,3,219,0,0.43388373911755823,-0.900968867902419,-0.8660254037844385,-0.5000000000000004,0.0,1,0.0,1,2.0,1,0.0,1,0.2857142857142857,0.7559289460184718,0.0,2.0,0.42857142857142855,0.42857142857142855,0.8789122666607608,0.0,3.0,0.6666666666666666,0,148.08,0.0,0.0,True,False,False,False,False,False,False,False,False,False,False,False,False,False,False,False,False,False,False,False,False,False,False,True,False,False,False,False,False,False,False,True,False,False,False,False
Germany,Running Shoes,2025-08-08,Apparel,0.0,148.08,,20.0,2.0,0.0,0.0,4,8,32,8,3,220,0,-0.433883739117558,-0.9009688679024191,-0.8660254037844385,-0.5000000000000004,0.0,1,0.0,1,0.0,1,0.0,1,0.2857142857142857,0.7559289460184718,0.0,2.0,0.2857142857142857,0.42857142857142855,0.8789122666607608,0.0,3.0,0.6666666666666666,0,148.08,0.0,0.0,True,False,False,False,False,False,False,False,False,False,False,False,False,False,False,False,False,False,False,False,False,False,False,True,False,False,False,False,False,False,False,True,False,False,False,False
Germany,Running Shoes,2025-08-09,Apparel,0.0,148.08,,20.0,2.0,0.0,0.0,5,9,32,8,3,221,1,-0.9749279121818236,-0.2225209339563146,-0.8660254037844385,-0.5000000000000004,0.0,1,0.0,1,0.0,1,2.0,1,0.2857142857142857,0.7559289460184718,0.0,2.0,0.2857142857142857,0.42857142857142855,0.8789122666607608,0.0,3.0,0.6666666666666666,0,148.08,0.0,0.0,True,False,False,False,False,False,False,False,False,False,False,False,False,False,False,False,False,False,False,False,False,False,False,True,False,False,False,False,False,False,False,True,False,False,False,False
Germany,Running Shoes,2025-08-10,Apparel,0.0,148.08,,20.0,2.0,0.0,0.0,6,10,32,8,3,222,1,-0.7818314824680299,0.6234898018587334,-0.8660254037844385,-0.5000000000000004,0.0,1,0.0,1,2.0,1,0.0,1,0.2857142857142857,0.7559289460184718,0.0,2.0,0.2857142857142857,0.35714285714285715,0.8261595987093935,0.0,3.0,0.7999999999999999,0,148.08,0.0,0.0,True,False,False,False,False,False,False,False,False,False,False,False,False,False,False,False,False,False,False,False,False,False,False,True,False,False,False,False,False,False,False,True,False,False,False,False
Germany,Running Shoes,2025-08-11,Apparel,1.0,109.96,0.11,20.0,2.0,1.0,0.0,0,11,33,8,3,223,0,0.0,1.0,-0.8660254037844385,-0.5000000000000004,0.0,1,2.0,1,0.0,1,0.0,1,0.2857142857142857,0.7559289460184718,0.0,2.0,0.14285714285714285,0.35714285714285715,0.8261595987093935,0.0,3.0,0.7999999999999999,1,148.08,-38.12000000000002,-0.25742841707185316,True,False,False,False,False,False,False,False,False,False,False,False,False,False,False,False,False,False,False,False,False,False,False,True,False,False,False,False,False,False,False,True,False,False,False,False
Germany,Running Shoes,2025-08-12,Apparel,0.0,109.96,,20.0,2.0,0.0,0.0,1,12,33,8,3,224,0,0.7818314824680298,0.6234898018587336,-0.8660254037844385,-0.5000000000000004,1.0,1,0.0,1,0.0,1,3.0,1,0.14285714285714285,0.3779644730092629,0.0,1.0,0.21428571428571427,0.39285714285714285,0.8317445171438916,0.0,3.0,0.36363636363636365,0,109.96,0.0,0.0,True,False,False,False,False,False,False,False,False,False,False,False,False,False,False,False,False,False,False,False,False,False,False,True,False,False,False,False,False,False,False,True,False,False,False,False
Germany,Running Shoes,2025-08-13,Apparel,0.0,109.96,,20.0,2.0,0.0,0.0,2,13,33,8,3,225,0,0.9749279121818236,-0.22252093395631434,-0.8660254037844385,-0.5000000000000004,0.0,1,0.0,1,0.0,1,1.0,1,0.14285714285714285,0.3779644730092629,0.0,1.0,0.21428571428571427,0.2857142857142857,0.658682346706223,0.0,2.0,0.5,0,109.96,0.0,0.0,True,False,False,False,False,False,False,False,False,False,False,False,False,False,False,False,False,False,False,False,False,False,False,True,False,False,False,False,False,False,False,True,False,False,False,False
Germany,Running Shoes,2025-08-14,Apparel,0.0,109.96,,20.0,2.0,0.0,0.0,3,14,33,8,3,226,0,0.43388373911755823,-0.900968867902419,-0.8660254037844385,-0.5000000000000004,0.0,1,0.0,1,0.0,1,0.0,1,0.14285714285714285,0.3779644730092629,0.0,1.0,0.21428571428571427,0.25,0.6454972243678897,0.0,2.0,0.5714285714285714,0,109.96,0.0,0.0,True,False,False,False,False,False,False,False,False,False,False,False,False,False,False,False,False,False,False,False,False,False,False,True,False,False,False,False,False,False,False,True,False,False,False,False
Germany,Running Shoes,2025-08-15,Apparel,0.0,109.96,,20.0,2.0,0.0,0.0,4,15,33,8,3,227,0,-0.433883739117558,-0.9009688679024191,-0.8660254037844385,-0.5000000000000004,0.0,1,0.0,1,0.0,1,0.0,1,0.14285714285714285,0.3779644730092629,0.0,1.0,0.21428571428571427,0.25,0.6454972243678897,0.0,2.0,0.5714285714285714,0,109.96,0.0,0.0,True,False,False,False,False,False,False,False,False,False,False,False,False,False,False,False,False,False,False,False,False,False,False,True,False,False,False,False,False,False,False,True,False,False,False,False
Germany,Running Shoes,2025-08-16,Apparel,0.0,109.96,,20.0,2.0,0.0,0.0,5,16,33,8,3,228,1,-0.9749279121818236,-0.2225209339563146,-0.8660254037844385,-0.5000000000000004,0.0,1,0.0,1,0.0,1,0.0,1,0.14285714285714285,0.3779644730092629,0.0,1.0,0.21428571428571427,0.25,0.6454972243678897,0.0,2.0,0.5714285714285714,0,109.96,0.0,0.0,True,False,False,False,False,False,False,False,False,False,False,False,False,False,False,False,False,False,False,False,False,False,False,True,False,False,False,False,False,False,False,True,False,False,False,False
Germany,Running Shoes,2025-08-17,Apparel,1.0,20.43,0.11,20.0,2.0,1.0,0.0,6,17,33,8,3,229,1,-0.7818314824680299,0.6234898018587334,-0.8660254037844385,-0.5000000000000004,0.0,1,0.0,1,0.0,1,0.0,1,0.14285714285714285,0.3779644730092629,0.0,1.0,0.21428571428571427,0.25,0.6454972243678897,0.0,2.0,0.5714285714285714,1,109.96,-89.53,-0.8142051655147327,True,False,False,False,False,False,False,False,False,False,False,False,False,False,False,False,False,False,False,False,False,False,False,True,False,False,False,False,False,False,False,True,False,False,False,False
Germany,Running Shoes,2025-08-18,Apparel,0.0,20.43,,20.0,2.0,0.0,0.0,0,18,34,8,3,230,0,0.0,1.0,-0.8660254037844385,-0.5000000000000004,1.0,1,1.0,1,2.0,1,0.0,1,0.2857142857142857,0.4879500364742936,0.0,1.0,0.2857142857142857,0.2857142857142857,0.658682346706223,0.0,2.0,1.0,0,20.43,0.0,0.0,True,False,False,False,False,False,False,False,False,False,False,False,False,False,False,False,False,False,False,False,False,False,False,True,False,False,False,False,False,False,False,True,False,False,False,False
Germany,Running Shoes,2025-08-19,Apparel,2.0,89.67,0.12,20.0,2.0,1.0,0.0,1,19,34,8,3,231,0,0.7818314824680298,0.6234898018587336,-0.8660254037844385,-0.5000000000000004,0.0,1,0.0,1,0.0,1,0.0,1,0.14285714285714285,0.37796447300926284,0.0,1.0,0.14285714285714285,0.2857142857142857,0.658682346706223,0.0,2.0,0.5,1,20.43,69.24000000000001,3.38913362701909,True,False,False,False,False,False,False,False,False,False,False,False,False,False,False,False,False,False,False,False,False,False,False,True,False,False,False,False,False,False,False,True,False,False,False,False
Germany,Running Shoes,2025-08-20,Apparel,0.0,89.67,,20.0,2.0,0.0,0.0,2,20,34,8,3,232,0,0.9749279121818236,-0.22252093395631434,-0.8660254037844385,-0.5000000000000004,2.0,1,0.0,1,0.0,1,0.0,1,0.42857142857142855,0.7867957924694594,0.0,2.0,0.2857142857142857,0.35714285714285715,0.7310208850583668,0.0,2.0,1.2,0,89.67,0.0,0.0,True,False,False,False,False,False,False,False,False,False,False,False,False,False,False,False,False,False,False,False,False,False,False,True,False,False,False,False,False,False,False,True,False,False,False,False
Germany,Running Shoes,2025-08-21,Apparel,0.0,89.67,,20.0,2.0,0.0,0.0,3,21,34,8,3,233,0,0.43388373911755823,-0.900968867902419,-0.8660254037844385,-0.5000000000000004,0.0,1,0.0,1,0.0,1,2.0,1,0.42857142857142855,0.7867957924694594,0.0,2.0,0.2857142857142857,0.35714285714285715,0.7310208850583668,0.0,2.0,1.2,0,89.67,0.0,0.0,True,False,False,False,False,False,False,False,False,False,False,False,False,False,False,False,False,False,False,False,False,False,False,True,False,False,False,False,False,False,False,True,False,False,False,False
Germany,Running Shoes,2025-08-22,Apparel,0.0,89.67,,20.0,2.0,0.0,0.0,4,22,34,8,3,234,0,-0.433883739117558,-0.9009688679024191,-0.8660254037844385,-0.5000000000000004,0.0,1,0.0,1,0.0,1,0.0,1,0.42857142857142855,0.7867957924694594,0.0,2.0,0.2857142857142857,0.2857142857142857,0.658682346706223,0.0,2.0,1.5,0,89.67,0.0,0.0,True,False,False,False,False,False,False,False,False,False,False,False,False,False,False,False,False,False,False,False,False,False,False,True,False,False,False,False,False,False,False,True,False,False,False,False
Germany,Running Shoes,2025-08-23,Apparel,0.0,89.67,,20.0,2.0,0.0,0.0,5,23,34,8,3,235,1,-0.9749279121818236,-0.2225209339563146,-0.8660254037844385,-0.5000000000000004,0.0,1,0.0,1,0.0,1,0.0,1,0.42857142857142855,0.7867957924694594,0.0,2.0,0.2857142857142857,0.2857142857142857,0.658682346706223,0.0,2.0,1.5,0,89.67,0.0,0.0,True,False,False,False,False,False,False,False,False,False,False,False,False,False,False,False,False,False,False,False,False,False,False,True,False,False,False,False,False,False,False,True,False,False,False,False
Germany,Running Shoes,2025-08-24,Apparel,0.0,89.67,,20.0,2.0,0.0,0.0,6,24,34,8,3,236,1,-0.7818314824680299,0.6234898018587334,-0.8660254037844385,-0.5000000000000004,0.0,1,1.0,1,0.0,1,2.0,1,0.42857142857142855,0.7867957924694594,0.0,2.0,0.2857142857142857,0.2857142857142857,0.658682346706223,0.0,2.0,1.5,0,89.67,0.0,0.0,True,False,False,False,False,False,False,False,False,False,False,False,False,False,False,False,False,False,False,False,False,False,False,True,False,False,False,False,False,False,False,True,False,False,False,False
Germany,Running Shoes,2025-08-25,Apparel,0.0,89.67,,20.0,2.0,0.0,0.0,0,25,35,8,3,237,0,0.0,1.0,-0.8660254037844385,-0.5000000000000004,0.0,1,0.0,1,1.0,1,0.0,1,0.2857142857142857,0.7559289460184718,0.0,2.0,0.2857142857142857,0.21428571428571427,0.5681120688308828,0.0,2.0,1.3333333333333333,0,89.67,0.0,0.0,True,False,False,False,False,False,False,False,False,False,False,False,False,False,False,False,False,False,False,False,False,False,False,True,False,False,False,False,False,False,False,True,False,False,False,False
Germany,Running Shoes,2025-08-26,Apparel,2.0,51.1,0.13,20.0,2.0,1.0,0.0,1,26,35,8,3,238,0,0.7818314824680298,0.6234898018587336,-0.8660254037844385,-0.5000000000000004,0.0,1,2.0,1,0.0,1,0.0,1,0.2857142857142857,0.7559289460184718,0.0,2.0,0.21428571428571427,0.21428571428571427,0.5681120688308828,0.0,2.0,1.3333333333333333,1,89.67,-38.57,-0.4301327088212334,True,False,False,False,False,False,False,False,False,False,False,False,False,False,False,False,False,False,False,False,False,False,False,True,False,False,False,False,False,False,False,True,False,False,False,False
Germany,Running Shoes,2025-08-27,Apparel,0.0,51.1,,20.0,2.0,0.0,0.0,2,27,35,8,3,239,0,0.9749279121818236,-0.22252093395631434,-0.8660254037844385,-0.5000000000000004,2.0,1,0.0,1,0.0,1,0.0,1,0.2857142857142857,0.7559289460184718,0.0,2.0,0.35714285714285715,0.2857142857142857,0.658682346706223,0.0,2.0,1.0,0,51.1,0.0,0.0,True,False,False,False,False,False,False,False,False,False,False,False,False,False,False,False,False,False,False,False,False,False,False,True,False,False,False,False,False,False,False,True,False,False,False,False
Germany,Running Shoes,2025-08-28,Apparel,0.0,51.1,,20.0,2.0,0.0,0.0,3,28,35,8,3,240,0,0.43388373911755823,-0.900968867902419,-0.8660254037844385,-0.5000000000000004,0.0,1,0.0,1,0.0,1,0.0,1,0.2857142857142857,0.7559289460184718,0.0,2.0,0.35714285714285715,0.2857142857142857,0.658682346706223,0.0,2.0,1.0,0,51.1,0.0,0.0,True,False,False,False,False,False,False,False,False,False,False,False,False,False,False,False,False,False,False,False,False,False,False,True,False,False,False,False,False,False,False,True,False,False,False,False
Germany,Running Shoes,2025-08-29,Apparel,0.0,51.1,,20.0,2.0,0.0,0.0,4,29,35,8,3,241,0,-0.433883739117558,-0.9009688679024191,-0.8660254037844385,-0.5000000000000004,0.0,1,0.0,1,0.0,1,0.0,1,0.2857142857142857,0.7559289460184718,0.0,2.0,0.35714285714285715,0.2857142857142857,0.658682346706223,0.0,2.0,1.0,0,51.1,0.0,0.0,True,False,False,False,False,False,False,False,False,False,False,False,False,False,False,False,False,False,False,False,False,False,False,True,False,False,False,False,False,False,False,True,False,False,False,False
Germany,Running Shoes,2025-08-30,Apparel,0.0,51.1,,20.0,2.0,0.0,0.0,5,30,35,8,3,242,1,-0.9749279121818236,-0.2225209339563146,-0.8660254037844385,-0.5000000000000004,0.0,1,0.0,1,0.0,1,0.0,1,0.2857142857142857,0.7559289460184718,0.0,2.0,0.35714285714285715,0.2857142857142857,0.658682346706223,0.0,2.0,1.0,0,51.1,0.0,0.0,True,False,False,False,False,False,False,False,False,False,False,False,False,False,False,False,False,False,False,False,False,False,False,True,False,False,False,False,False,False,False,True,False,False,False,False
Germany,Running Shoes,2025-08-31,Apparel,0.0,51.1,,20.0,2.0,0.0,0.0,6,31,35,8,3,243,1,-0.7818314824680299,0.6234898018587334,-0.8660254037844385,-0.5000000000000004,0.0,1,0.0,1,1.0,1,0.0,1,0.2857142857142857,0.7559289460184718,0.0,2.0,0.35714285714285715,0.2857142857142857,0.658682346706223,0.0,2.0,1.0,0,51.1,0.0,0.0,True,False,False,False,False,False,False,False,False,False,False,False,False,False,False,False,False,False,False,False,False,False,False,True,False,False,False,False,False,False,False,True,False,False,False,False
Germany,Running Shoes,2025-09-01,Apparel,0.0,51.1,,20.0,2.0,0.0,0.0,0,1,36,9,3,244,0,0.0,1.0,-1.0,-1.8369701987210297e-16,0.0,1,0.0,1,0.0,1,2.0,1,0.2857142857142857,0.7559289460184718,0.0,2.0,0.2857142857142857,0.2857142857142857,0.658682346706223,0.0,2.0,1.0,0,51.1,0.0,0.0,True,False,False,False,False,False,False,False,False,False,False,False,False,False,False,False,False,False,False,False,False,False,False,True,False,False,False,False,False,False,False,True,False,False,False,False
Germany,Running Shoes,2025-09-02,Apparel,0.0,51.1,,20.0,2.0,0.0,0.0,1,2,36,9,3,245,0,0.7818314824680298,0.6234898018587336,-1.0,-1.8369701987210297e-16,0.0,1,2.0,1,2.0,1,0.0,1,0.2857142857142857,0.7559289460184718,0.0,2.0,0.2857142857142857,0.21428571428571427,0.5681120688308828,0.0,2.0,1.3333333333333333,0,51.1,0.0,0.0,True,False,False,False,False,False,False,False,False,False,False,False,False,False,False,False,False,False,False,False,False,False,False,True,False,False,False,False,False,False,False,True,False,False,False,False
Germany,Running Shoes,2025-09-03,Apparel,0.0,51.1,,20.0,2.0,0.0,0.0,2,3,36,9,3,246,0,0.9749279121818236,-0.22252093395631434,-1.0,-1.8369701987210297e-16,0.0,1,0.0,1,0.0,1,0.0,1,0.0,0.0,0.0,0.0,0.14285714285714285,0.21428571428571427,0.5681120688308828,0.0,2.0,0.0,0,51.1,0.0,0.0,True,False,False,False,False,False,False,False,False,False,False,False,False,False,False,False,False,False,False,False,False,False,False,True,False,False,False,False,False,False,False,True,False,False,False,False
Germany,Running Shoes,2025-09-04,Apparel,0.0,51.1,,20.0,2.0,0.0,0.0,3,4,36,9,3,247,0,0.43388373911755823,-0.900968867902419,-1.0,-1.8369701987210297e-16,0.0,1,0.0,1,0.0,1,0.0,1,0.0,0.0,0.0,0.0,0.14285714285714285,0.21428571428571427,0.5681120688308828,0.0,2.0,0.0,0,51.1,0.0,0.0,True,False,False,False,False,False,False,False,False,False,False,False,False,False,False,False,False,False,False,False,False,False,False,True,False,False,False,False,False,False,False,True,False,False,False,False
Germany,Running Shoes,2025-09-05,Apparel,0.0,51.1,,20.0,2.0,0.0,0.0,4,5,36,9,3,248,0,-0.433883739117558,-0.9009688679024191,-1.0,-1.8369701987210297e-16,0.0,1,0.0,1,0.0,1,0.0,1,0.0,0.0,0.0,0.0,0.14285714285714285,0.21428571428571427,0.5681120688308828,0.0,2.0,0.0,0,51.1,0.0,0.0,True,False,False,False,False,False,False,False,False,False,False,False,False,False,False,False,False,False,False,False,False,False,False,True,False,False,False,False,False,False,False,True,False,False,False,False
Germany,Running Shoes,2025-09-06,Apparel,0.0,51.1,,20.0,2.0,0.0,0.0,5,6,36,9,3,249,1,-0.9749279121818236,-0.2225209339563146,-1.0,-1.8369701987210297e-16,0.0,1,0.0,1,0.0,1,0.0,1,0.0,0.0,0.0,0.0,0.14285714285714285,0.21428571428571427,0.5681120688308828,0.0,2.0,0.0,0,51.1,0.0,0.0,True,False,False,False,False,False,False,False,False,False,False,False,False,False,False,False,False,False,False,False,False,False,False,True,False,False,False,False,False,False,False,True,False,False,False,False
Germany,Running Shoes,2025-09-07,Apparel,0.0,51.1,,20.0,2.0,0.0,0.0,6,7,36,9,3,250,1,-0.7818314824680299,0.6234898018587334,-1.0,-1.8369701987210297e-16,0.0,1,0.0,1,0.0,1,0.0,1,0.0,0.0,0.0,0.0,0.14285714285714285,0.21428571428571427,0.5681120688308828,0.0,2.0,0.0,0,51.1,0.0,0.0,True,False,False,False,False,False,False,False,False,False,False,False,False,False,False,False,False,False,False,False,False,False,False,True,False,False,False,False,False,False,False,True,False,False,False,False
Germany,Running Shoes,2025-09-08,Apparel,0.0,51.1,,20.0,2.0,0.0,0.0,0,8,37,9,3,251,0,0.0,1.0,-1.0,-1.8369701987210297e-16,0.0,1,0.0,1,0.0,1,1.0,1,0.0,0.0,0.0,0.0,0.14285714285714285,0.21428571428571427,0.5681120688308828,0.0,2.0,0.0,0,51.1,0.0,0.0,True,False,False,False,False,False,False,False,False,False,False,False,False,False,False,False,False,False,False,False,False,False,False,True,False,False,False,False,False,False,False,True,False,False,False,False
Germany,Running Shoes,2025-09-09,Apparel,3.0,139.17,0.11,20.0,2.0,1.0,0.0,1,9,37,9,3,252,0,0.7818314824680298,0.6234898018587336,-1.0,-1.8369701987210297e-16,0.0,1,0.0,1,2.0,1,0.0,1,0.0,0.0,0.0,0.0,0.14285714285714285,0.17857142857142858,0.5479640045336309,0.0,2.0,0.0,1,51.1,88.07,1.723483365949119,True,False,False,False,False,False,False,False,False,False,False,False,False,False,False,False,False,False,False,False,False,False,False,True,False,False,False,False,False,False,False,True,False,False,False,False
Germany,Running Shoes,2025-09-10,Apparel,0.0,139.17,,20.0,2.0,0.0,0.0,2,10,37,9,3,253,0,0.9749279121818236,-0.22252093395631434,-1.0,-1.8369701987210297e-16,3.0,1,0.0,1,0.0,1,0.0,1,0.42857142857142855,1.133893419027693,0.0,3.0,0.21428571428571427,0.2857142857142857,0.7628961803617614,0.0,3.0,1.5,0,139.17,0.0,0.0,True,False,False,False,False,False,False,False,False,False,False,False,False,False,False,False,False,False,False,False,False,False,False,True,False,False,False,False,False,False,False,True,False,False,False,False
Germany,Running Shoes,2025-09-11,Apparel,3.0,34.86,0.06,20.0,2.0,1.0,0.0,3,11,37,9,3,254,0,0.43388373911755823,-0.900968867902419,-1.0,-1.8369701987210297e-16,0.0,1,0.0,1,0.0,1,0.0,1,0.42857142857142855,1.133893419027693,0.0,3.0,0.21428571428571427,0.2857142857142857,0.7628961803617614,0.0,3.0,1.5,1,139.17,-104.30999999999999,-0.7495149816770855,True,False,False,False,False,False,False,False,False,False,False,False,False,False,False,False,False,False,False,False,False,False,False,True,False,False,False,False,False,False,False,True,False,False,False,False
Germany,Running Shoes,2025-09-12,Apparel,3.0,79.57,0.1,20.0,2.0,1.0,0.0,4,12,37,9,3,255,0,-0.433883739117558,-0.9009688679024191,-1.0,-1.8369701987210297e-16,3.0,1,0.0,1,0.0,1,0.0,1,0.8571428571428571,1.463850109422808,0.0,3.0,0.42857142857142855,0.39285714285714285,0.9164862737363139,0.0,3.0,2.1818181818181817,1,34.86,44.709999999999994,1.282558806655192,True,False,False,False,False,False,False,False,False,False,False,False,False,False,False,False,False,False,False,False,False,False,False,True,False,False,False,False,False,False,False,True,False,False,False,False
Germany,Running Shoes,2025-09-13,Apparel,1.0,139.26,0.03,20.0,2.0,1.0,0.0,5,13,37,9,3,256,1,-0.9749279121818236,-0.2225209339563146,-1.0,-1.8369701987210297e-16,3.0,1,0.0,1,0.0,1,0.0,1,1.2857142857142858,1.603567451474553,0.0,3.0,0.6428571428571429,0.5,1.0363754503431941,0.0,3.0,2.5714285714285716,1,79.57,59.69,0.7501570943823049,True,False,False,False,False,False,False,False,False,False,False,False,False,False,False,False,False,False,False,False,False,False,False,True,False,False,False,False,False,False,False,True,False,False,False,False
Germany,Running Shoes,2025-09-14,Apparel,0.0,139.26,,20.0,2.0,0.0,0.0,6,14,37,9,3,257,1,-0.7818314824680299,0.6234898018587334,-1.0,-1.8369701987210297e-16,1.0,1,0.0,1,0.0,1,1.0,1,1.4285714285714286,1.5118578920369157,0.0,3.0,0.7142857142857143,0.5357142857142857,1.0357370915204818,0.0,3.0,2.666666666666667,0,139.26,0.0,0.0,True,False,False,False,False,False,False,False,False,False,False,False,False,False,False,False,False,False,False,False,False,False,False,True,False,False,False,False,False,False,False,True,False,False,False,False
Germany,Running Shoes,2025-09-15,Apparel,0.0,139.26,,20.0,2.0,0.0,0.0,0,15,38,9,3,258,0,0.0,1.0,-1.0,-1.8369701987210297e-16,0.0,1,0.0,1,0.0,1,0.0,1,1.4285714285714286,1.5118578920369157,0.0,3.0,0.7142857142857143,0.5,1.0363754503431941,0.0,3.0,2.857142857142857,0,139.26,0.0,0.0,True,False,False,False,False,False,False,False,False,False,False,False,False,False,False,False,False,False,False,False,False,False,False,True,False,False,False,False,False,False,False,True,False,False,False,False
Germany,Running Shoes,2025-09-16,Apparel,2.0,44.18,0.1,20.0,2.0,1.0,0.0,1,16,38,9,3,259,0,0.7818314824680298,0.6234898018587336,-1.0,-1.8369701987210297e-16,0.0,1,3.0,1,0.0,1,2.0,1,1.4285714285714286,1.5118578920369157,0.0,3.0,0.7142857142857143,0.5,1.0363754503431941,0.0,3.0,2.857142857142857,1,139.26,-95.07999999999998,-0.6827516874910239,True,False,False,False,False,False,False,False,False,False,False,False,False,False,False,False,False,False,False,False,False,False,False,True,False,False,False,False,False,False,False,True,False,False,False,False
Germany,Running Shoes,2025-09-17,Apparel,0.0,44.18,,20.0,2.0,0.0,0.0,2,17,38,9,3,260,0,0.9749279121818236,-0.22252093395631434,-1.0,-1.8369701987210297e-16,2.0,1,0.0,1,0.0,1,0.0,1,1.2857142857142858,1.3801311186847163,0.0,3.0,0.8571428571428571,0.5,1.0363754503431941,0.0,3.0,2.5714285714285716,0,44.18,0.0,0.0,True,False,False,False,False,False,False,False,False,False,False,False,False,False,False,False,False,False,False,False,False,False,False,True,False,False,False,False,False,False,False,True,False,False,False,False
Germany,Running Shoes,2025-09-18,Apparel,0.0,44.18,,20.0,2.0,0.0,0.0,3,18,38,9,3,261,0,0.43388373911755823,-0.900968867902419,-1.0,-1.8369701987210297e-16,0.0,1,3.0,1,0.0,1,0.0,1,1.2857142857142858,1.3801311186847163,0.0,3.0,0.8571428571428571,0.5,1.0363754503431941,0.0,3.0,2.5714285714285716,0,44.18,0.0,0.0,True,False,False,False,False,False,False,False,False,False,False,False,False,False,False,False,False,False,False,False,False,False,False,True,False,False,False,False,False,False,False,True,False,False,False,False
Germany,Running Shoes,2025-09-19,Apparel,0.0,44.18,,20.0,2.0,0.0,0.0,4,19,38,9,3,262,0,-0.433883739117558,-0.9009688679024191,-1.0,-1.8369701987210297e-16,0.0,1,3.0,1,0.0,1,0.0,1,0.8571428571428571,1.2149857925879215,0.0,3.0,0.8571428571428571,0.5,1.0363754503431941,0.0,3.0,1.7142857142857142,0,44.18,0.0,0.0,True,False,False,False,False,False,False,False,False,False,False,False,False,False,False,False,False,False,False,False,False,False,False,True,False,False,False,False,False,False,False,True,False,False,False,False
Germany,Running Shoes,2025-09-20,Apparel,0.0,44.18,,20.0,2.0,0.0,0.0,5,20,38,9,3,263,1,-0.9749279121818236,-0.2225209339563146,-1.0,-1.8369701987210297e-16,0.0,1,1.0,1,0.0,1,0.0,1,0.42857142857142855,0.7867957924694594,0.0,2.0,0.8571428571428571,0.5,1.0363754503431941,0.0,3.0,0.8571428571428571,0,44.18,0.0,0.0,True,False,False,False,False,False,False,False,False,False,False,False,False,False,False,False,False,False,False,False,False,False,False,True,False,False,False,False,False,False,False,True,False,False,False,False
Germany,Running Shoes,2025-09-21,Apparel,0.0,44.18,,20.0,2.0,0.0,0.0,6,21,38,9,3,264,1,-0.7818314824680299,0.6234898018587334,-1.0,-1.8369701987210297e-16,0.0,1,0.0,1,0.0,1,0.0,1,0.2857142857142857,0.7559289460184718,0.0,2.0,0.8571428571428571,0.5,1.0363754503431941,0.0,3.0,0.5714285714285714,0,44.18,0.0,0.0,True,False,False,False,False,False,False,False,False,False,False,False,False,False,False,False,False,False,False,False,False,False,False,True,False,False,False,False,False,False,False,True,False,False,False,False
Germany,Running Shoes,2025-09-22,Apparel,0.0,44.18,,20.0,2.0,0.0,0.0,0,22,39,9,3,265,0,0.0,1.0,-1.0,-1.8369701987210297e-16,0.0,1,0.0,1,0.0,1,0.0,1,0.2857142857142857,0.7559289460184718,0.0,2.0,0.8571428571428571,0.5,1.0363754503431941,0.0,3.0,0.5714285714285714,0,44.18,0.0,0.0,True,False,False,False,False,False,False,False,False,False,False,False,False,False,False,False,False,False,False,False,False,False,False,True,False,False,False,False,False,False,False,True,False,False,False,False
Germany,Running Shoes,2025-09-23,Apparel,0.0,44.18,,20.0,2.0,0.0,0.0,1,23,39,9,3,266,0,0.7818314824680298,0.6234898018587336,-1.0,-1.8369701987210297e-16,0.0,1,2.0,1,3.0,1,2.0,1,0.2857142857142857,0.7559289460184718,0.0,2.0,0.8571428571428571,0.5,1.0363754503431941,0.0,3.0,0.5714285714285714,0,44.18,0.0,0.0,True,False,False,False,False,False,False,False,False,False,False,False,False,False,False,False,False,False,False,False,False,False,False,True,False,False,False,False,False,False,False,True,False,False,False,False
Germany,Running Shoes,2025-09-24,Apparel,0.0,44.18,,20.0,2.0,0.0,0.0,2,24,39,9,3,267,0,0.9749279121818236,-0.22252093395631434,-1.0,-1.8369701987210297e-16,0.0,1,0.0,1,0.0,1,0.0,1,0.0,0.0,0.0,0.0,0.6428571428571429,0.42857142857142855,0.9973509887241194,0.0,3.0,0.0,0,44.18,0.0,0.0,True,False,False,False,False,False,False,False,False,False,False,False,False,False,False,False,False,False,False,False,False,False,False,True,False,False,False,False,False,False,False,True,False,False,False,False
Germany,Running Shoes,2025-09-25,Apparel,0.0,44.18,,20.0,2.0,0.0,0.0,3,25,39,9,3,268,0,0.43388373911755823,-0.900968867902419,-1.0,-1.8369701987210297e-16,0.0,1,0.0,1,3.0,1,0.0,1,0.0,0.0,0.0,0.0,0.6428571428571429,0.42857142857142855,0.9973509887241194,0.0,3.0,0.0,0,44.18,0.0,0.0,True,False,False,False,False,False,False,False,False,False,False,False,False,False,False,False,False,False,False,False,False,False,False,True,False,False,False,False,False,False,False,True,False,False,False,False
Germany,Running Shoes,2025-09-26,Apparel,0.0,44.18,,20.0,2.0,0.0,0.0,4,26,39,9,3,269,0,-0.433883739117558,-0.9009688679024191,-1.0,-1.8369701987210297e-16,0.0,1,0.0,1,3.0,1,0.0,1,0.0,0.0,0.0,0.0,0.42857142857142855,0.42857142857142855,0.9973509887241194,0.0,3.0,0.0,0,44.18,0.0,0.0,True,False,False,False,False,False,False,False,False,False,False,False,False,False,False,False,False,False,False,False,False,False,False,True,False,False,False,False,False,False,False,True,False,False,False,False
Germany,Running Shoes,2025-09-27,Apparel,3.0,70.27,0.12,20.0,2.0,1.0,0.0,5,27,39,9,3,270,1,-0.9749279121818236,-0.2225209339563146,-1.0,-1.8369701987210297e-16,0.0,1,0.0,1,1.0,1,0.0,1,0.0,0.0,0.0,0.0,0.21428571428571427,0.42857142857142855,0.9973509887241194,0.0,3.0,0.0,1,44.18,26.089999999999996,0.5905387052965142,True,False,False,False,False,False,False,False,False,False,False,False,False,False,False,False,False,False,False,False,False,False,False,True,False,False,False,False,False,False,False,True,False,False,False,False
Germany,Running Shoes,2025-09-28,Apparel,0.0,70.27,,20.0,2.0,0.0,0.0,6,28,39,9,3,271,1,-0.7818314824680299,0.6234898018587334,-1.0,-1.8369701987210297e-16,3.0,1,0.0,1,0.0,1,0.0,1,0.42857142857142855,1.133893419027693,0.0,3.0,0.35714285714285715,0.5357142857142857,1.104943198042078,0.0,3.0,0.7999999999999999,0,70.27,0.0,0.0,True,False,False,False,False,False,False,False,False,False,False,False,False,False,False,False,False,False,False,False,False,False,False,True,False,False,False,False,False,False,False,True,False,False,False,False
Germany,Running Shoes,2025-09-29,Apparel,1.0,114.71,0.14,20.0,2.0,1.0,0.0,0,29,40,9,3,272,0,0.0,1.0,-1.0,-1.8369701987210297e-16,0.0,1,0.0,1,0.0,1,0.0,1,0.42857142857142855,1.133893419027693,0.0,3.0,0.35714285714285715,0.5357142857142857,1.104943198042078,0.0,3.0,0.7999999999999999,1,70.27,44.44,0.6324178169916038,True,False,False,False,False,False,False,False,False,False,False,False,False,False,False,False,False,False,False,False,False,False,False,True,False,False,False,False,False,False,False,True,False,False,False,False
Germany,Running Shoes,2025-09-30,Apparel,0.0,114.71,,20.0,2.0,0.0,0.0,1,30,40,9,3,273,0,0.7818314824680298,0.6234898018587336,-1.0,-1.8369701987210297e-16,1.0,1,0.0,1,2.0,1,0.0,1,0.5714285714285714,1.1338934190276926,0.0,3.0,0.42857142857142855,0.5714285714285714,1.1031460542154883,0.0,3.0,1.0,0,114.71,0.0,0.0,True,False,False,False,False,False,False,False,False,False,False,False,False,False,False,False,False,False,False,False,False,False,False,True,False,False,False,False,False,False,False,True,False,False,False,False
Germany,Running Shoes,2025-10-01,Apparel,6.0,110.34,0.09,20.0,2.0,1.0,1.0,2,1,40,10,4,274,0,0.9749279121818236,-0.22252093395631434,-0.8660254037844386,0.5000000000000001,0.0,1,0.0,1,0.0,1,0.0,1,0.5714285714285714,1.1338934190276926,0.0,3.0,0.2857142857142857,0.5714285714285714,1.1031460542154883,0.0,3.0,1.0,1,114.71,-4.36999999999999,-0.03809606834626441,True,False,False,False,False,False,False,False,False,False,False,False,False,False,False,False,False,False,False,False,False,False,False,True,False,False,False,False,False,False,False,True,False,False,False,False
Germany,Running Shoes,2025-10-02,Apparel,0.0,110.34,,20.0,2.0,0.0,0.0,3,2,40,10,4,275,0,0.43388373911755823,-0.900968867902419,-0.8660254037844386,0.5000000000000001,6.0,1,0.0,1,0.0,1,0.0,1,1.4285714285714286,2.2990681342044446,0.0,6.0,0.7142857142857143,0.7857142857142857,1.499559018070724,0.0,6.0,1.8181818181818183,0,110.34,0.0,0.0,True,False,False,False,False,False,False,False,False,False,False,False,False,False,False,False,False,False,False,False,False,False,False,True,False,False,False,False,False,False,False,True,False,False,False,False
Germany,Running Shoes,2025-10-03,Apparel,0.0,110.34,,20.0,2.0,0.0,0.0,4,3,40,10,4,276,0,-0.433883739117558,-0.9009688679024191,-0.8660254037844386,0.5000000000000001,0.0,1,0.0,1,0.0,1,0.0,1,1.4285714285714286,2.2990681342044446,0.0,6.0,0.7142857142857143,0.7857142857142857,1.499559018070724,0.0,6.0,1.8181818181818183,0,110.34,0.0,0.0,True,False,False,False,False,False,False,False,False,False,False,False,False,False,False,False,False,False,False,False,False,False,False,True,False,False,False,False,False,False,False,True,False,False,False,False
Germany,Running Shoes,2025-10-04,Apparel,0.0,110.34,,20.0,2.0,0.0,0.0,5,4,40,10,4,277,1,-0.9749279121818236,-0.2225209339563146,-0.8660254037844386,0.5000000000000001,0.0,1,3.0,1,0.0,1,0.0,1,1.4285714285714286,2.2990681342044446,0.0,6.0,0.7142857142857143,0.7857142857142857,1.499559018070724,0.0,6.0,1.8181818181818183,0,110.34,0.0,0.0,True,False,False,False,False,False,False,False,False,False,False,False,False,False,False,False,False,False,False,False,False,False,False,True,False,False,False,False,False,False,False,True,False,False,False,False
Germany,Running Shoes,2025-10-05,Apparel,0.0,110.34,,20.0,2.0,0.0,0.0,6,5,40,10,4,278,1,-0.7818314824680299,0.6234898018587334,-0.8660254037844386,0.5000000000000001,0.0,1,0.0,1,0.0,1,0.0,1,1.0,2.236067977499795,0.0,6.0,0.7142857142857143,0.7857142857142857,1.499559018070724,0.0,6.0,1.2727272727272727,0,110.34,0.0,0.0,True,False,False,False,False,False,False,False,False,False,False,False,False,False,False,False,False,False,False,False,False,False,False,True,False,False,False,False,False,False,False,True,False,False,False,False
Germany,Running Shoes,2025-10-06,Apparel,0.0,110.34,,20.0,2.0,0.0,0.0,0,6,41,10,4,279,0,0.0,1.0,-0.8660254037844386,0.5000000000000001,0.0,1,1.0,1,0.0,1,0.0,1,1.0,2.236067977499795,0.0,6.0,0.7142857142857143,0.7857142857142857,1.499559018070724,0.0,6.0,1.2727272727272727,0,110.34,0.0,0.0,True,False,False,False,False,False,False,False,False,False,False,False,False,False,False,False,False,False,False,False,False,False,False,True,False,False,False,False,False,False,False,True,False,False,False,False
Germany,Running Shoes,2025-10-07,Apparel,0.0,110.34,,20.0,2.0,0.0,0.0,1,7,41,10,4,280,0,0.7818314824680298,0.6234898018587336,-0.8660254037844386,0.5000000000000001,0.0,1,0.0,1,0.0,1,3.0,1,0.8571428571428571,2.2677868380553687,0.0,6.0,0.7142857142857143,0.7857142857142857,1.499559018070724,0.0,6.0,1.0909090909090908,0,110.34,0.0,0.0,True,False,False,False,False,False,False,False,False,False,False,False,False,False,False,False,False,False,False,False,False,False,False,True,False,False,False,False,False,False,False,True,False,False,False,False
Germany,Running Shoes,2025-10-08,Apparel,0.0,110.34,,20.0,2.0,0.0,0.0,2,8,41,10,4,281,0,0.9749279121818236,-0.22252093395631434,-0.8660254037844386,0.5000000000000001,0.0,1,6.0,1,0.0,1,0.0,1,0.8571428571428571,2.2677868380553687,0.0,6.0,0.7142857142857143,0.6785714285714286,1.4415416497771796,0.0,6.0,1.263157894736842,0,110.34,0.0,0.0,True,False,False,False,False,False,False,False,False,False,False,False,False,False,False,False,False,False,False,False,False,False,False,True,False,False,False,False,False,False,False,True,False,False,False,False
Germany,Running Shoes,2025-10-09,Apparel,1.0,137.27,0.1,20.0,2.0,1.0,0.0,3,9,41,10,4,282,0,0.43388373911755823,-0.900968867902419,-0.8660254037844386,0.5000000000000001,0.0,1,0.0,1,0.0,1,3.0,1,0.0,0.0,0.0,0.0,0.7142857142857143,0.6785714285714286,1.4415416497771796,0.0,6.0,0.0,1,110.34,26.930000000000007,0.2440638027913722,True,False,False,False,False,False,False,False,False,False,False,False,False,False,False,False,False,False,False,False,False,False,False,True,False,False,False,False,False,False,False,True,False,False,False,False
Germany,Running Shoes,2025-10-10,Apparel,3.0,87.45,0.08,20.0,2.0,1.0,0.0,4,10,41,10,4,283,0,-0.433883739117558,-0.9009688679024191,-0.8660254037844386,0.5000000000000001,1.0,1,0.0,1,0.0,1,3.0,1,0.14285714285714285,0.37796447300926395,0.0,1.0,0.7857142857142857,0.6071428571428571,1.3700307029348324,0.0,6.0,0.23529411764705882,1,137.27,-49.82000000000001,-0.362934362934363,True,False,False,False,False,False,False,False,False,False,False,False,False,False,False,False,False,False,False,False,False,False,False,True,False,False,False,False,False,False,False,True,False,False,False,False
Germany,Running Shoes,2025-10-11,Apparel,0.0,87.45,,20.0,2.0,0.0,0.0,5,11,41,10,4,284,1,-0.9749279121818236,-0.2225209339563146,-0.8660254037844386,0.5000000000000001,3.0,1,0.0,1,3.0,1,1.0,1,0.5714285714285714,1.133893419027693,0.0,3.0,1.0,0.6071428571428571,1.3700307029348324,0.0,6.0,0.9411764705882353,0,87.45,0.0,0.0,True,False,False,False,False,False,False,False,False,False,False,False,False,False,False,False,False,False,False,False,False,False,False,True,False,False,False,False,False,False,False,True,False,False,False,False
Germany,Running Shoes,2025-10-12,Apparel,0.0,87.45,,20.0,2.0,0.0,0.0,6,12,41,10,4,285,1,-0.7818314824680299,0.6234898018587334,-0.8660254037844386,0.5000000000000001,0.0,1,0.0,1,0.0,1,0.0,1,0.5714285714285714,1.133893419027693,0.0,3.0,0.7857142857142857,0.5714285714285714,1.3724423061090283,0.0,6.0,1.0,0,87.45,0.0,0.0,True,False,False,False,False,False,False,False,False,False,False,False,False,False,False,False,False,False,False,False,False,False,False,True,False,False,False,False,False,False,False,True,False,False,False,False
Germany,Running Shoes,2025-10-13,Apparel,0.0,87.45,,20.0,2.0,0.0,0.0,0,13,42,10,4,286,0,0.0,1.0,-0.8660254037844386,0.5000000000000001,0.0,1,0.0,1,1.0,1,0.0,1,0.5714285714285714,1.133893419027693,0.0,3.0,0.7857142857142857,0.5714285714285714,1.3724423061090283,0.0,6.0,1.0,0,87.45,0.0,0.0,True,False,False,False,False,False,False,False,False,False,False,False,False,False,False,False,False,False,False,False,False,False,False,True,False,False,False,False,False,False,False,True,False,False,False,False
Germany,Running Shoes,2025-10-14,Apparel,3.0,22.08,0.14,20.0,2.0,1.0,0.0,1,14,42,10,4,287,0,0.7818314824680298,0.6234898018587336,-0.8660254037844386,0.5000000000000001,0.0,1,0.0,1,0.0,1,2.0,1,0.5714285714285714,1.133893419027693,0.0,3.0,0.7142857142857143,0.5714285714285714,1.3724423061090283,0.0,6.0,1.0,1,87.45,-65.37,-0.7475128644939966,True,False,False,False,False,False,False,False,False,False,False,False,False,False,False,False,False,False,False,False,False,False,False,True,False,False,False,False,False,False,False,True,False,False,False,False
Germany,Running Shoes,2025-10-15,Apparel,0.0,22.08,,20.0,2.0,0.0,0.0,2,15,42,10,4,288,0,0.9749279121818236,-0.22252093395631434,-0.8660254037844386,0.5000000000000001,3.0,1,0.0,1,6.0,1,0.0,1,1.0,1.4142135623731036,0.0,3.0,0.9285714285714286,0.6071428571428571,1.423071423060789,0.0,6.0,1.647058823529412,0,22.08,0.0,0.0,True,False,False,False,False,False,False,False,False,False,False,False,False,False,False,False,False,False,False,False,False,False,False,True,False,False,False,False,False,False,False,True,False,False,False,False
Germany,Running Shoes,2025-10-16,Apparel,1.0,122.68,0.01,20.0,2.0,1.0,0.0,3,16,42,10,4,289,0,0.43388373911755823,-0.900968867902419,-0.8660254037844386,0.5000000000000001,0.0,1,1.0,1,0.0,1,0.0,1,1.0,1.4142135623731036,0.0,3.0,0.5,0.6071428571428571,1.423071423060789,0.0,6.0,1.647058823529412,1,22.08,100.60000000000001,4.556159420289855,True,False,False,False,False,False,False,False,False,False,False,False,False,False,False,False,False,False,False,False,False,False,False,True,False,False,False,False,False,False,False,True,False,False,False,False
Germany,Running Shoes,2025-10-17,Apparel,0.0,122.68,,20.0,2.0,0.0,0.0,4,17,42,10,4,290,0,-0.433883739117558,-0.9009688679024191,-0.8660254037844386,0.5000000000000001,1.0,1,3.0,1,0.0,1,0.0,1,1.0,1.4142135623731036,0.0,3.0,0.5714285714285714,0.6428571428571429,1.4198144300833826,0.0,6.0,1.5555555555555554,0,122.68,0.0,0.0,True,False,False,False,False,False,False,False,False,False,False,False,False,False,False,False,False,False,False,False,False,False,False,True,False,False,False,False,False,False,False,True,False,False,False,False
Germany,Running Shoes,2025-10-18,Apparel,0.0,122.68,,20.0,2.0,0.0,0.0,5,18,42,10,4,291,1,-0.9749279121818236,-0.2225209339563146,-0.8660254037844386,0.5000000000000001,0.0,1,0.0,1,0.0,1,0.0,1,0.5714285714285714,1.1338934190276933,0.0,3.0,0.5714285714285714,0.6428571428571429,1.4198144300833826,0.0,6.0,0.8888888888888887,0,122.68,0.0,0.0,True,False,False,False,False,False,False,False,False,False,False,False,False,False,False,False,False,False,False,False,False,False,False,True,False,False,False,False,False,False,False,True,False,False,False,False
Germany,Running Shoes,2025-10-19,Apparel,0.0,122.68,,20.0,2.0,0.0,0.0,6,19,42,10,4,292,1,-0.7818314824680299,0.6234898018587334,-0.8660254037844386,0.5000000000000001,0.0,1,0.0,1,0.0,1,0.0,1,0.5714285714285714,1.1338934190276933,0.0,3.0,0.5714285714285714,0.6428571428571429,1.4198144300833826,0.0,6.0,0.8888888888888887,0,122.68,0.0,0.0,True,False,False,False,False,False,False,False,False,False,False,False,False,False,False,False,False,False,False,False,False,False,False,True,False,False,False,False,False,False,False,True,False,False,False,False
Germany,Running Shoes,2025-10-20,Apparel,1.0,35.59,0.09,20.0,2.0,1.0,0.0,0,20,43,10,4,293,0,0.0,1.0,-0.8660254037844386,0.5000000000000001,0.0,1,0.0,1,0.0,1,0.0,1,0.5714285714285714,1.1338934190276933,0.0,3.0,0.5714285714285714,0.6428571428571429,1.4198144300833826,0.0,6.0,0.8888888888888887,1,122.68,-87.09,-0.7098956635148354,True,False,False,False,False,False,False,False,False,False,False,False,False,False,False,False,False,False,False,False,False,False,False,True,False,False,False,False,False,False,False,True,False,False,False,False
Germany,Running Shoes,2025-10-21,Apparel,2.0,11.36,0.04,20.0,2.0,1.0,0.0,1,21,43,10,4,294,0,0.7818314824680298,0.6234898018587336,-0.8660254037844386,0.5000000000000001,1.0,1,3.0,1,0.0,1,0.0,1,0.7142857142857143,1.112697280528385,0.0,3.0,0.6428571428571429,0.6785714285714286,1.4156158567804469,0.0,6.0,1.0526315789473684,1,35.59,-24.230000000000004,-0.6808092160719303,True,False,False,False,False,False,False,False,False,False,False,False,False,False,False,False,False,False,False,False,False,False,False,True,False,False,False,False,False,False,False,True,False,False,False,False
Germany,Running Shoes,2025-10-22,Apparel,0.0,11.36,,20.0,2.0,0.0,0.0,2,22,43,10,4,295,0,0.9749279121818236,-0.22252093395631434,-0.8660254037844386,0.5000000000000001,2.0,1,0.0,1,0.0,1,0.0,1,0.5714285714285714,0.7867957924694599,0.0,2.0,0.7857142857142857,0.75,1.430488132175965,0.0,6.0,0.7619047619047619,0,11.36,0.0,0.0,True,False,False,False,False,False,False,False,False,False,False,False,False,False,False,False,False,False,False,False,False,False,False,True,False,False,False,False,False,False,False,True,False,False,False,False
Germany,Running Shoes,2025-10-23,Apparel,0.0,11.36,,20.0,2.0,0.0,0.0,3,23,43,10,4,296,0,0.43388373911755823,-0.900968867902419,-0.8660254037844386,0.5000000000000001,0.0,1,1.0,1,1.0,1,0.0,1,0.5714285714285714,0.7867957924694599,0.0,2.0,0.7857142857142857,0.75,1.430488132175965,0.0,6.0,0.7619047619047619,0,11.36,0.0,0.0,True,False,False,False,False,False,False,False,False,False,False,False,False,False,False,False,False,False,False,False,False,False,False,True,False,False,False,False,False,False,False,True,False,False,False,False
Germany,Running Shoes,2025-10-24,Apparel,0.0,11.36,,20.0,2.0,0.0,0.0,4,24,43,10,4,297,0,-0.433883739117558,-0.9009688679024191,-0.8660254037844386,0.5000000000000001,0.0,1,0.0,1,3.0,1,0.0,1,0.42857142857142855,0.7867957924694602,0.0,2.0,0.7142857142857143,0.75,1.430488132175965,0.0,6.0,0.5714285714285714,0,11.36,0.0,0.0,True,False,False,False,False,False,False,False,False,False,False,False,False,False,False,False,False,False,False,False,False,False,False,True,False,False,False,False,False,False,False,True,False,False,False,False
Germany,Running Shoes,2025-10-25,Apparel,0.0,11.36,,20.0,2.0,0.0,0.0,5,25,43,10,4,298,1,-0.9749279121818236,-0.2225209339563146,-0.8660254037844386,0.5000000000000001,0.0,1,0.0,1,0.0,1,3.0,1,0.42857142857142855,0.7867957924694602,0.0,2.0,0.5,0.75,1.430488132175965,0.0,6.0,0.5714285714285714,0,11.36,0.0,0.0,True,False,False,False,False,False,False,False,False,False,False,False,False,False,False,False,False,False,False,False,False,False,False,True,False,False,False,False,False,False,False,True,False,False,False,False
Germany,Running Shoes,2025-10-26,Apparel,0.0,11.36,,20.0,2.0,0.0,0.0,6,26,43,10,4,299,1,-0.7818314824680299,0.6234898018587334,-0.8660254037844386,0.5000000000000001,0.0,1,0.0,1,0.0,1,0.0,1,0.42857142857142855,0.7867957924694602,0.0,2.0,0.5,0.6428571428571429,1.3666473091931406,0.0,6.0,0.6666666666666666,0,11.36,0.0,0.0,True,False,False,False,False,False,False,False,False,False,False,False,False,False,False,False,False,False,False,False,False,False,False,True,False,False,False,False,False,False,False,True,False,False,False,False
Germany,Running Shoes,2025-10-27,Apparel,0.0,11.36,,20.0,2.0,0.0,0.0,0,27,44,10,4,300,0,0.0,1.0,-0.8660254037844386,0.5000000000000001,0.0,1,1.0,1,0.0,1,1.0,1,0.42857142857142855,0.7867957924694602,0.0,2.0,0.5,0.6428571428571429,1.3666473091931406,0.0,6.0,0.6666666666666666,0,11.36,0.0,0.0,True,False,False,False,False,False,False,False,False,False,False,False,False,False,False,False,False,False,False,False,False,False,False,True,False,False,False,False,False,False,False,True,False,False,False,False
Germany,Running Shoes,2025-10-28,Apparel,0.0,11.36,,20.0,2.0,0.0,0.0,1,28,44,10,4,301,0,0.7818314824680298,0.6234898018587336,-0.8660254037844386,0.5000000000000001,0.0,1,2.0,1,3.0,1,0.0,1,0.2857142857142857,0.7559289460184727,0.0,2.0,0.5,0.6071428571428571,1.3700307029348324,0.0,6.0,0.47058823529411764,0,11.36,0.0,0.0,True,False,False,False,False,False,False,False,False,False,False,False,False,False,False,False,False,False,False,False,False,False,False,True,False,False,False,False,False,False,False,True,False,False,False,False
Germany,Running Shoes,2025-10-29,Apparel,0.0,11.36,,20.0,2.0,0.0,0.0,2,29,44,10,4,302,0,0.9749279121818236,-0.22252093395631434,-0.8660254037844386,0.5000000000000001,0.0,1,0.0,1,0.0,1,6.0,1,0.0,0.0,0.0,0.0,0.2857142857142857,0.6071428571428571,1.3700307029348324,0.0,6.0,0.0,0,11.36,0.0,0.0,True,False,False,False,False,False,False,False,False,False,False,False,False,False,False,False,False,False,False,False,False,False,False,True,False,False,False,False,False,False,False,True,False,False,False,False
Germany,Running Shoes,2025-10-30,Apparel,0.0,11.36,,20.0,2.0,0.0,0.0,3,30,44,10,4,303,0,0.43388373911755823,-0.900968867902419,-0.8660254037844386,0.5000000000000001,0.0,1,0.0,1,1.0,1,0.0,1,0.0,0.0,0.0,0.0,0.2857142857142857,0.39285714285714285,0.8751417118804241,0.0,3.0,0.0,0,11.36,0.0,0.0,True,False,False,False,False,False,False,False,False,False,False,False,False,False,False,False,False,False,False,False,False,False,False,True,False,False,False,False,False,False,False,True,False,False,False,False
Germany,Running Shoes,2025-10-31,Apparel,0.0,11.36,,20.0,2.0,0.0,0.0,4,31,44,10,4,304,0,-0.433883739117558,-0.9009688679024191,-0.8660254037844386,0.5000000000000001,0.0,1,0.0,1,0.0,1,0.0,1,0.0,0.0,0.0,0.0,0.21428571428571427,0.39285714285714285,0.8751417118804241,0.0,3.0,0.0,0,11.36,0.0,0.0,True,False,False,False,False,False,False,False,False,False,False,False,False,False,False,False,False,False,False,False,False,False,False,True,False,False,False,False,False,False,False,True,False,False,False,False
Germany,Running Shoes,2025-11-01,Apparel,0.0,11.36,,20.0,2.0,0.0,0.0,5,1,44,11,4,305,1,-0.9749279121818236,-0.2225209339563146,-0.5000000000000004,0.8660254037844384,0.0,1,0.0,1,0.0,1,0.0,1,0.0,0.0,0.0,0.0,0.21428571428571427,0.39285714285714285,0.8751417118804241,0.0,3.0,0.0,0,11.36,0.0,0.0,True,False,False,False,False,False,False,False,False,False,False,False,False,False,False,False,False,False,False,False,False,False,False,True,False,False,False,False,False,False,False,True,False,False,False,False
Germany,Running Shoes,2025-11-02,Apparel,0.0,11.36,,20.0,2.0,0.0,0.0,6,2,44,11,4,306,1,-0.7818314824680299,0.6234898018587334,-0.5000000000000004,0.8660254037844384,0.0,1,0.0,1,0.0,1,0.0,1,0.0,0.0,0.0,0.0,0.21428571428571427,0.39285714285714285,0.8751417118804241,0.0,3.0,0.0,0,11.36,0.0,0.0,True,False,False,False,False,False,False,False,False,False,False,False,False,False,False,False,False,False,False,False,False,False,False,True,False,False,False,False,False,False,False,True,False,False,False,False
Germany,Running Shoes,2025-11-03,Apparel,0.0,11.36,,20.0,2.0,0.0,0.0,0,3,45,11,4,307,0,0.0,1.0,-0.5000000000000004,0.8660254037844384,0.0,1,0.0,1,1.0,1,0.0,1,0.0,0.0,0.0,0.0,0.21428571428571427,0.39285714285714285,0.8751417118804241,0.0,3.0,0.0,0,11.36,0.0,0.0,True,False,False,False,False,False,False,False,False,False,False,False,False,False,False,False,False,False,False,False,False,False,False,True,False,False,False,False,False,False,False,True,False,False,False,False
Germany,Running Shoes,2025-11-04,Apparel,0.0,11.36,,20.0,2.0,0.0,0.0,1,4,45,11,4,308,0,0.7818314824680298,0.6234898018587336,-0.5000000000000004,0.8660254037844384,0.0,1,0.0,1,2.0,1,0.0,1,0.0,0.0,0.0,0.0,0.14285714285714285,0.39285714285714285,0.8751417118804241,0.0,3.0,0.0,0,11.36,0.0,0.0,True,False,False,False,False,False,False,False,False,False,False,False,False,False,False,False,False,False,False,False,False,False,False,True,False,False,False,False,False,False,False,True,False,False,False,False
Germany,Running Shoes,2025-11-05,Apparel,0.0,11.36,,20.0,2.0,0.0,0.0,2,5,45,11,4,309,0,0.9749279121818236,-0.22252093395631434,-0.5000000000000004,0.8660254037844384,0.0,1,0.0,1,0.0,1,0.0,1,0.0,0.0,0.0,0.0,0.0,0.39285714285714285,0.8751417118804241,0.0,3.0,0.0,0,11.36,0.0,0.0,True,False,False,False,False,False,False,False,False,False,False,False,False,False,False,False,False,False,False,False,False,False,False,True,False,False,False,False,False,False,False,True,False,False,False,False
Germany,Running Shoes,2025-11-06,Apparel,0.0,11.36,,20.0,2.0,0.0,0.0,3,6,45,11,4,310,0,0.43388373911755823,-0.900968867902419,-0.5000000000000004,0.8660254037844384,0.0,1,0.0,1,0.0,1,1.0,1,0.0,0.0,0.0,0.0,0.0,0.39285714285714285,0.8751417118804241,0.0,3.0,0.0,0,11.36,0.0,0.0,True,False,False,False,False,False,False,False,False,False,False,False,False,False,False,False,False,False,False,False,False,False,False,True,False,False,False,False,False,False,False,True,False,False,False,False
Germany,Running Shoes,2025-11-07,Apparel,0.0,11.36,,20.0,2.0,0.0,0.0,4,7,45,11,4,311,0,-0.433883739117558,-0.9009688679024191,-0.5000000000000004,0.8660254037844384,0.0,1,0.0,1,0.0,1,3.0,1,0.0,0.0,0.0,0.0,0.0,0.35714285714285715,0.8698354767504829,0.0,3.0,0.0,0,11.36,0.0,0.0,True,False,False,False,False,False,False,False,False,False,False,False,False,False,False,False,False,False,False,False,False,False,False,True,False,False,False,False,False,False,False,True,False,False,False,False
Germany,Running Shoes,2025-11-08,Apparel,2.0,145.03,0.29,20.0,2.0,1.0,0.0,5,8,45,11,4,312,1,-0.9749279121818236,-0.2225209339563146,-0.5000000000000004,0.8660254037844384,0.0,1,0.0,1,0.0,1,0.0,1,0.0,0.0,0.0,0.0,0.0,0.25,0.7005289007176817,0.0,3.0,0.0,1,11.36,133.67000000000002,11.766725352112678,True,False,False,False,False,False,False,False,False,False,False,False,False,False,False,False,False,False,False,False,False,False,False,True,False,False,False,False,False,False,False,True,False,False,False,False
Germany,Running Shoes,2025-11-09,Apparel,4.0,62.37,0.15,20.0,2.0,1.0,0.0,6,9,45,11,4,313,1,-0.7818314824680299,0.6234898018587334,-0.5000000000000004,0.8660254037844384,2.0,1,0.0,1,0.0,1,0.0,1,0.2857142857142857,0.7559289460184727,0.0,2.0,0.14285714285714285,0.32142857142857145,0.7723735149270913,0.0,3.0,0.8888888888888887,1,145.03,-82.66,-0.5699510446114596,True,False,False,False,False,False,False,False,False,False,False,False,False,False,False,False,False,False,False,False,False,False,False,True,False,False,False,False,False,False,False,True,False,False,False,False
Germany,Running Shoes,2025-11-10,Apparel,0.0,62.37,,20.0,2.0,0.0,0.0,0,10,46,11,4,314,0,0.0,1.0,-0.5000000000000004,0.8660254037844384,4.0,1,0.0,1,0.0,1,0.0,1,0.8571428571428571,1.5735915849388942,0.0,4.0,0.42857142857142855,0.4642857142857143,1.0357370915204815,0.0,4.0,1.846153846153846,0,62.37,0.0,0.0,True,False,False,False,False,False,False,False,False,False,False,False,False,False,False,False,False,False,False,False,False,False,False,True,False,False,False,False,False,False,False,True,False,False,False,False
Germany,Running Shoes,2025-11-11,Apparel,0.0,62.37,,20.0,2.0,0.0,0.0,1,11,46,11,4,315,0,0.7818314824680298,0.6234898018587336,-0.5000000000000004,0.8660254037844384,0.0,1,0.0,1,0.0,1,3.0,1,0.8571428571428571,1.5735915849388942,0.0,4.0,0.42857142857142855,0.4642857142857143,1.0357370915204815,0.0,4.0,1.846153846153846,0,62.37,0.0,0.0,True,False,False,False,False,False,False,False,False,False,False,False,False,False,False,False,False,False,False,False,False,False,False,True,False,False,False,False,False,False,False,True,False,False,False,False
Germany,Running Shoes,2025-11-12,Apparel,2.0,77.69,0.19,20.0,2.0,1.0,0.0,2,12,46,11,4,316,0,0.9749279121818236,-0.22252093395631434,-0.5000000000000004,0.8660254037844384,0.0,1,0.0,1,0.0,1,0.0,1,0.8571428571428571,1.5735915849388942,0.0,4.0,0.42857142857142855,0.35714285714285715,0.9114207758701871,0.0,4.0,2.4,1,62.37,15.32,0.24563091229757897,True,False,False,False,False,False,False,False,False,False,False,False,False,False,False,False,False,False,False,False,False,False,False,True,False,False,False,False,False,False,False,True,False,False,False,False
Germany,Running Shoes,2025-11-13,Apparel,3.0,88.16,0.28,20.0,2.0,1.0,0.0,3,13,46,11,4,317,0,0.43388373911755823,-0.900968867902419,-0.5000000000000004,0.8660254037844384,2.0,1,0.0,1,0.0,1,1.0,1,1.1428571428571428,1.5735915849388937,0.0,4.0,0.5714285714285714,0.42857142857142855,0.9594972228385573,0.0,4.0,2.6666666666666665,1,77.69,10.469999999999999,0.13476637919938214,True,False,False,False,False,False,False,False,False,False,False,False,False,False,False,False,False,False,False,False,False,False,False,True,False,False,False,False,False,False,False,True,False,False,False,False
Germany,Running Shoes,2025-11-14,Apparel,0.0,88.16,,20.0,2.0,0.0,0.0,4,14,46,11,4,318,0,-0.433883739117558,-0.9009688679024191,-0.5000000000000004,0.8660254037844384,3.0,1,0.0,1,0.0,1,0.0,1,1.5714285714285714,1.6183471874253808,0.0,4.0,0.7857142857142857,0.5,1.0715167512214319,0.0,4.0,3.142857142857143,0,88.16,0.0,0.0,True,False,False,False,False,False,False,False,False,False,False,False,False,False,False,False,False,False,False,False,False,False,False,True,False,False,False,False,False,False,False,True,False,False,False,False
Germany,Running Shoes,2025-11-15,Apparel,0.0,88.16,,20.0,2.0,0.0,0.0,5,15,46,11,4,319,1,-0.9749279121818236,-0.2225209339563146,-0.5000000000000004,0.8660254037844384,0.0,1,2.0,1,0.0,1,0.0,1,1.5714285714285714,1.6183471874253808,0.0,4.0,0.7857142857142857,0.5,1.0715167512214319,0.0,4.0,3.142857142857143,0,88.16,0.0,0.0,True,False,False,False,False,False,False,False,False,False,False,False,False,False,False,False,False,False,False,False,False,False,False,True,False,False,False,False,False,False,False,True,False,False,False,False
Germany,Running Shoes,2025-11-16,Apparel,0.0,88.16,,20.0,2.0,0.0,0.0,6,16,46,11,4,320,1,-0.7818314824680299,0.6234898018587334,-0.5000000000000004,0.8660254037844384,0.0,1,4.0,1,0.0,1,0.0,1,1.2857142857142858,1.7043362064927001,0.0,4.0,0.7857142857142857,0.5,1.0715167512214319,0.0,4.0,2.5714285714285716,0,88.16,0.0,0.0,True,False,False,False,False,False,False,False,False,False,False,False,False,False,False,False,False,False,False,False,False,False,False,True,False,False,False,False,False,False,False,True,False,False,False,False
Germany,Running Shoes,2025-11-17,Apparel,2.0,14.77,0.16,20.0,2.0,1.0,0.0,0,17,47,11,4,321,0,0.0,1.0,-0.5000000000000004,0.8660254037844384,0.0,1,0.0,1,0.0,1,1.0,1,0.7142857142857143,1.253566341056028,0.0,3.0,0.7857142857142857,0.5,1.0715167512214319,0.0,4.0,1.4285714285714286,1,88.16,-73.39,-0.8324637023593466,True,False,False,False,False,False,False,False,False,False,False,False,False,False,False,False,False,False,False,False,False,False,False,True,False,False,False,False,False,False,False,True,False,False,False,False
Germany,Running Shoes,2025-11-18,Apparel,2.0,38.65,0.17,20.0,2.0,1.0,0.0,1,18,47,11,4,322,0,0.7818314824680298,0.6234898018587336,-0.5000000000000004,0.8660254037844384,2.0,1,0.0,1,0.0,1,2.0,1,1.0,1.2909944487358154,0.0,3.0,0.9285714285714286,0.5357142857142857,1.104943198042078,0.0,4.0,1.8666666666666667,1,14.77,23.88,1.6167907921462423,True,False,False,False,False,False,False,False,False,False,False,False,False,False,False,False,False,False,False,False,False,False,False,True,False,False,False,False,False,False,False,True,False,False,False,False
Germany,Running Shoes,2025-11-19,Apparel,0.0,38.65,,20.0,2.0,0.0,0.0,2,19,47,11,4,323,0,0.9749279121818236,-0.22252093395631434,-0.5000000000000004,0.8660254037844384,2.0,1,2.0,1,0.0,1,0.0,1,1.2857142857142858,1.2535663410560267,0.0,3.0,1.0714285714285714,0.5357142857142857,1.104943198042078,0.0,4.0,2.4000000000000004,0,38.65,0.0,0.0,True,False,False,False,False,False,False,False,False,False,False,False,False,False,False,False,False,False,False,False,False,False,False,True,False,False,False,False,False,False,False,True,False,False,False,False
Germany,Running Shoes,2025-11-20,Apparel,0.0,38.65,,20.0,2.0,0.0,0.0,3,20,47,11,4,324,0,0.43388373911755823,-0.900968867902419,-0.5000000000000004,0.8660254037844384,0.0,1,3.0,1,0.0,1,0.0,1,1.0,1.2909944487358154,0.0,3.0,1.0714285714285714,0.5357142857142857,1.104943198042078,0.0,4.0,1.8666666666666667,0,38.65,0.0,0.0,True,False,False,False,False,False,False,False,False,False,False,False,False,False,False,False,False,False,False,False,False,False,False,True,False,False,False,False,False,False,False,True,False,False,False,False
Germany,Running Shoes,2025-11-21,Apparel,3.0,86.33,0.23,20.0,2.0,1.0,0.0,4,21,47,11,4,325,0,-0.433883739117558,-0.9009688679024191,-0.5000000000000004,0.8660254037844384,0.0,1,0.0,1,0.0,1,0.0,1,0.5714285714285714,0.9759000729485472,0.0,2.0,1.0714285714285714,0.5357142857142857,1.104943198042078,0.0,4.0,1.0666666666666667,1,38.65,47.68,1.2336351875808538,True,False,False,False,False,False,False,False,False,False,False,False,False,False,False,False,False,False,False,False,False,False,False,True,False,False,False,False,False,False,False,True,False,False,False,False
Germany,Running Shoes,2025-11-22,Apparel,8.0,86.46,0.27,20.0,2.0,1.0,1.0,5,22,47,11,4,326,1,-0.9749279121818236,-0.2225209339563146,-0.5000000000000004,0.8660254037844384,3.0,1,0.0,1,2.0,1,0.0,1,1.0,1.2909944487358154,0.0,3.0,1.2857142857142858,0.6428571428571429,1.193013169784981,0.0,4.0,1.5555555555555554,1,86.33,0.12999999999999545,0.0015058496467044533,True,False,False,False,False,False,False,False,False,False,False,False,False,False,False,False,False,False,False,False,False,False,False,True,False,False,False,False,False,False,False,True,False,False,False,False
Germany,Running Shoes,2025-11-23,Apparel,0.0,86.46,,20.0,2.0,0.0,0.0,6,23,47,11,4,327,1,-0.7818314824680299,0.6234898018587334,-0.5000000000000004,0.8660254037844384,8.0,1,0.0,1,4.0,1,0.0,1,2.142857142857143,2.8535691936340286,0.0,8.0,1.7142857142857142,0.9285714285714286,1.82429228141828,0.0,8.0,2.3076923076923075,0,86.46,0.0,0.0,True,False,False,False,False,False,False,False,False,False,False,False,False,False,False,False,False,False,False,False,False,False,False,True,False,False,False,False,False,False,False,True,False,False,False,False
Germany,Running Shoes,2025-11-24,Apparel,0.0,86.46,,20.0,2.0,0.0,0.0,0,24,48,11,4,328,0,0.0,1.0,-0.5000000000000004,0.8660254037844384,0.0,1,2.0,1,0.0,1,0.0,1,2.142857142857143,2.8535691936340286,0.0,8.0,1.4285714285714286,0.9285714285714286,1.82429228141828,0.0,8.0,2.3076923076923075,0,86.46,0.0,0.0,True,False,False,False,False,False,False,False,False,False,False,False,False,False,False,False,False,False,False,False,False,False,False,True,False,False,False,False,False,False,False,True,False,False,False,False
Germany,Running Shoes,2025-11-25,Apparel,0.0,86.46,,20.0,2.0,0.0,0.0,1,25,48,11,4,329,0,0.7818314824680298,0.6234898018587336,-0.5000000000000004,0.8660254037844384,0.0,1,2.0,1,0.0,1,0.0,1,1.8571428571428572,2.9680841985233215,0.0,8.0,1.4285714285714286,0.9285714285714286,1.82429228141828,0.0,8.0,2.0,0,86.46,0.0,0.0,True,False,False,False,False,False,False,False,False,False,False,False,False,False,False,False,False,False,False,False,False,False,False,True,False,False,False,False,False,False,False,True,False,False,False,False
