store_id,product_id,date,category,sales,price,Discount_Applied,safety_stock,lead_time_days,promotion,is_outlier,day_of_week,day_of_month,week_of_year,month,quarter,day_of_year,is_weekend,sin_day_of_week,cos_day_of_week,sin_month,cos_month,lag_1,has_lag_1,lag_7,has_lag_7,lag_14,has_lag_14,lag_28,has_lag_28,rolling_mean_7,rolling_std_7,rolling_min_7,rolling_max_7,rolling_mean_14,rolling_mean_28,rolling_std_28,rolling_min_28,rolling_max_28,trend_ratio,is_promotion,previous_price,price_change,price_change_pct,store_id_Germany,store_id_India,store_id_Pakistan,store_id_UAE,store_id_UK,store_id_USA,product_id_4K Smart TV,product_id_Air Fryer,product_id_Blender,product_id_Coffee Maker,product_id_Cotton T-Shirt,product_id_Cycling Helmet,product_id_Denim Jeans,product_id_Dumbbell Set,product_id_Face Wash,product_id_Football,product_id_Formal Shirt,product_id_Gaming Laptop,product_id_Hair Serum,product_id_Lipstick Set,product_id_Microwave Oven,product_id_Moisturizing Cream,product_id_Perfume,product_id_Running Shoes,product_id_Smartphone 128GB,product_id_Smartwatch,product_id_Tennis Racket,product_id_Vacuum Cleaner,product_id_Winter Jacket,product_id_Wireless Noise-Canceling Headphones,product_id_Yoga Mat,category_Apparel,category_Beauty,category_Electronics,category_Home & Kitchen,category_Sports
UAE,Formal Shirt,2025-05-23,Apparel,0.0,75.68,,20.0,2.0,0.0,0.0,4,23,21,5,2,143,0,-0.433883739117558,-0.9009688679024191,0.49999999999999994,-0.8660254037844387,3.0,1,2.0,1,0.0,1,0.0,1,1.1428571428571428,1.463850109422801,0.0,3.0,0.7142857142857143,0.6785714285714286,1.1239339452243233,0.0,3.0,1.6842105263157894,0,75.68,0.0,0.0,False,False,False,True,False,False,False,False,False,False,False,False,False,False,False,False,True,False,False,False,False,False,False,False,False,False,False,False,False,False,False,True,False,False,False,False
UAE,Formal Shirt,2025-05-24,Apparel,0.0,75.68,,20.0,2.0,0.0,0.0,5,24,21,5,2,144,1,-0.9749279121818236,-0.2225209339563146,0.49999999999999994,-0.8660254037844387,0.0,1,0.0,1,2.0,1,0.0,1,0.8571428571428571,1.4638501094228014,0.0,3.0,0.7142857142857143,0.6785714285714286,1.1239339452243233,0.0,3.0,1.263157894736842,0,75.68,0.0,0.0,False,False,False,True,False,False,False,False,False,False,False,False,False,False,False,False,True,False,False,False,False,False,False,False,False,False,False,False,False,False,False,True,False,False,False,False
UAE,Formal Shirt,2025-05-25,Apparel,0.0,75.68,,20.0,2.0,0.0,0.0,6,25,21,5,2,145,1,-0.7818314824680299,0.6234898018587334,0.49999999999999994,-0.8660254037844387,0.0,1,0.0,1,0.0,1,0.0,1,0.8571428571428571,1.4638501094228014,0.0,3.0,0.5714285714285714,0.6785714285714286,1.1239339452243233,0.0,3.0,1.263157894736842,0,75.68,0.0,0.0,False,False,False,True,False,False,False,False,False,False,False,False,False,False,False,False,True,False,False,False,False,False,False,False,False,False,False,False,False,False,False,True,False,False,False,False
UAE,Formal Shirt,2025-05-26,Apparel,0.0,75.68,,20.0,2.0,0.0,0.0,0,26,22,5,2,146,0,0.0,1.0,0.49999999999999994,-0.8660254037844387,0.0,1,3.0,1,0.0,1,0.0,1,0.8571428571428571,1.4638501094228014,0.0,3.0,0.5714285714285714,0.6785714285714286,1.1239339452243233,0.0,3.0,1.263157894736842,0,75.68,0.0,0.0,False,False,False,True,False,False,False,False,False,False,False,False,False,False,False,False,True,False,False,False,False,False,False,False,False,False,False,False,False,False,False,True,False,False,False,False
UAE,Formal Shirt,2025-05-27,Apparel,0.0,75.68,,20.0,2.0,0.0,0.0,1,27,22,5,2,147,0,0.7818314824680298,0.6234898018587336,0.49999999999999994,-0.8660254037844387,0.0,1,0.0,1,0.0,1,0.0,1,0.42857142857142855,1.1338934190276844,0.0,3.0,0.5714285714285714,0.6785714285714286,1.1239339452243233,0.0,3.0,0.631578947368421,0,75.68,0.0,0.0,False,False,False,True,False,False,False,False,False,False,False,False,False,False,False,False,True,False,False,False,False,False,False,False,False,False,False,False,False,False,False,True,False,False,False,False
UAE,Formal Shirt,2025-05-28,Apparel,0.0,75.68,,20.0,2.0,0.0,0.0,2,28,22,5,2,148,0,0.9749279121818236,-0.22252093395631434,0.49999999999999994,-0.8660254037844387,0.0,1,0.0,1,0.0,1,2.0,1,0.42857142857142855,1.1338934190276844,0.0,3.0,0.5714285714285714,0.6785714285714286,1.1239339452243233,0.0,3.0,0.631578947368421,0,75.68,0.0,0.0,False,False,False,True,False,False,False,False,False,False,False,False,False,False,False,False,True,False,False,False,False,False,False,False,False,False,False,False,False,False,False,True,False,False,False,False
UAE,Formal Shirt,2025-05-29,Apparel,3.0,143.13,0.1,20.0,2.0,1.0,0.0,3,29,22,5,2,149,0,0.43388373911755823,-0.900968867902419,0.49999999999999994,-0.8660254037844387,0.0,1,3.0,1,0.0,1,0.0,1,0.42857142857142855,1.1338934190276844,0.0,3.0,0.5714285714285714,0.6071428571428571,1.100144290680754,0.0,3.0,0.7058823529411765,1,75.68,67.44999999999999,0.8912526427061308,False,False,False,True,False,False,False,False,False,False,False,False,False,False,False,False,True,False,False,False,False,False,False,False,False,False,False,False,False,False,False,True,False,False,False,False
UAE,Formal Shirt,2025-05-30,Apparel,0.0,143.13,,20.0,2.0,0.0,0.0,4,30,22,5,2,150,0,-0.433883739117558,-0.9009688679024191,0.49999999999999994,-0.8660254037844387,3.0,1,0.0,1,2.0,1,0.0,1,0.42857142857142855,1.1338934190276844,0.0,3.0,0.7857142857142857,0.7142857142857143,1.1818736805705574,0.0,3.0,0.6,0,143.13,0.0,0.0,False,False,False,True,False,False,False,False,False,False,False,False,False,False,False,False,True,False,False,False,False,False,False,False,False,False,False,False,False,False,False,True,False,False,False,False
UAE,Formal Shirt,2025-05-31,Apparel,0.0,143.13,,20.0,2.0,0.0,0.0,5,31,22,5,2,151,1,-0.9749279121818236,-0.2225209339563146,0.49999999999999994,-0.8660254037844387,0.0,1,0.0,1,0.0,1,2.0,1,0.42857142857142855,1.1338934190276844,0.0,3.0,0.6428571428571429,0.7142857142857143,1.1818736805705574,0.0,3.0,0.6,0,143.13,0.0,0.0,False,False,False,True,False,False,False,False,False,False,False,False,False,False,False,False,True,False,False,False,False,False,False,False,False,False,False,False,False,False,False,True,False,False,False,False
UAE,Formal Shirt,2025-06-01,Apparel,0.0,143.13,,20.0,2.0,0.0,0.0,6,1,22,6,2,152,1,-0.7818314824680299,0.6234898018587334,1.2246467991473532e-16,-1.0,0.0,1,0.0,1,0.0,1,3.0,1,0.42857142857142855,1.1338934190276844,0.0,3.0,0.6428571428571429,0.6428571428571429,1.1615534207286156,0.0,3.0,0.6666666666666666,0,143.13,0.0,0.0,False,False,False,True,False,False,False,False,False,False,False,False,False,False,False,False,True,False,False,False,False,False,False,False,False,False,False,False,False,False,False,True,False,False,False,False
UAE,Formal Shirt,2025-06-02,Apparel,0.0,143.13,,20.0,2.0,0.0,0.0,0,2,23,6,2,153,0,0.0,1.0,1.2246467991473532e-16,-1.0,0.0,1,0.0,1,3.0,1,2.0,1,0.42857142857142855,1.1338934190276844,0.0,3.0,0.6428571428571429,0.5357142857142857,1.07089934019281,0.0,3.0,0.7999999999999999,0,143.13,0.0,0.0,False,False,False,True,False,False,False,False,False,False,False,False,False,False,False,False,True,False,False,False,False,False,False,False,False,False,False,False,False,False,False,True,False,False,False,False
UAE,Formal Shirt,2025-06-03,Apparel,3.0,99.52,0.12,20.0,2.0,1.0,0.0,1,3,23,6,2,154,0,0.7818314824680298,0.6234898018587336,1.2246467991473532e-16,-1.0,0.0,1,0.0,1,0.0,1,0.0,1,0.42857142857142855,1.1338934190276844,0.0,3.0,0.42857142857142855,0.4642857142857143,1.0357370915204889,0.0,3.0,0.923076923076923,1,143.13,-43.61,-0.30468804583246,False,False,False,True,False,False,False,False,False,False,False,False,False,False,False,False,True,False,False,False,False,False,False,False,False,False,False,False,False,False,False,True,False,False,False,False
UAE,Formal Shirt,2025-06-04,Apparel,0.0,99.52,,20.0,2.0,0.0,0.0,2,4,23,6,2,155,0,0.9749279121818236,-0.22252093395631434,1.2246467991473532e-16,-1.0,3.0,1,0.0,1,0.0,1,0.0,1,0.8571428571428571,1.4638501094228014,0.0,3.0,0.6428571428571429,0.5714285714285714,1.1362241376617952,0.0,3.0,1.5,0,99.52,0.0,0.0,False,False,False,True,False,False,False,False,False,False,False,False,False,False,False,False,True,False,False,False,False,False,False,False,False,False,False,False,False,False,False,True,False,False,False,False
UAE,Formal Shirt,2025-06-05,Apparel,0.0,99.52,,20.0,2.0,0.0,0.0,3,5,23,6,2,156,0,0.43388373911755823,-0.900968867902419,1.2246467991473532e-16,-1.0,0.0,1,3.0,1,3.0,1,0.0,1,0.8571428571428571,1.4638501094228014,0.0,3.0,0.6428571428571429,0.5714285714285714,1.1362241376617952,0.0,3.0,1.5,0,99.52,0.0,0.0,False,False,False,True,False,False,False,False,False,False,False,False,False,False,False,False,True,False,False,False,False,False,False,False,False,False,False,False,False,False,False,True,False,False,False,False
UAE,Formal Shirt,2025-06-06,Apparel,0.0,99.52,,20.0,2.0,0.0,0.0,4,6,23,6,2,157,0,-0.433883739117558,-0.9009688679024191,1.2246467991473532e-16,-1.0,0.0,1,0.0,1,0.0,1,0.0,1,0.42857142857142855,1.1338934190276844,0.0,3.0,0.42857142857142855,0.5714285714285714,1.1362241376617952,0.0,3.0,0.75,0,99.52,0.0,0.0,False,False,False,True,False,False,False,False,False,False,False,False,False,False,False,False,True,False,False,False,False,False,False,False,False,False,False,False,False,False,False,True,False,False,False,False
UAE,Formal Shirt,2025-06-07,Apparel,0.0,99.52,,20.0,2.0,0.0,0.0,5,7,23,6,2,158,1,-0.9749279121818236,-0.2225209339563146,1.2246467991473532e-16,-1.0,0.0,1,0.0,1,0.0,1,2.0,1,0.42857142857142855,1.1338934190276844,0.0,3.0,0.42857142857142855,0.5714285714285714,1.1362241376617952,0.0,3.0,0.75,0,99.52,0.0,0.0,False,False,False,True,False,False,False,False,False,False,False,False,False,False,False,False,True,False,False,False,False,False,False,False,False,False,False,False,False,False,False,True,False,False,False,False
UAE,Formal Shirt,2025-06-08,Apparel,0.0,99.52,,20.0,2.0,0.0,0.0,6,8,23,6,2,159,1,-0.7818314824680299,0.6234898018587334,1.2246467991473532e-16,-1.0,0.0,1,0.0,1,0.0,1,0.0,1,0.42857142857142855,1.1338934190276844,0.0,3.0,0.42857142857142855,0.5,1.105541596785133,0.0,3.0,0.8571428571428571,0,99.52,0.0,0.0,False,False,False,True,False,False,False,False,False,False,False,False,False,False,False,False,True,False,False,False,False,False,False,False,False,False,False,False,False,False,False,True,False,False,False,False
UAE,Formal Shirt,2025-06-09,Apparel,0.0,99.52,,20.0,2.0,0.0,0.0,0,9,24,6,2,160,0,0.0,1.0,1.2246467991473532e-16,-1.0,0.0,1,0.0,1,0.0,1,0.0,1,0.42857142857142855,1.1338934190276844,0.0,3.0,0.42857142857142855,0.5,1.105541596785133,0.0,3.0,0.8571428571428571,0,99.52,0.0,0.0,False,False,False,True,False,False,False,False,False,False,False,False,False,False,False,False,True,False,False,False,False,False,False,False,False,False,False,False,False,False,False,True,False,False,False,False
UAE,Formal Shirt,2025-06-10,Apparel,2.0,120.7,0.06,20.0,2.0,1.0,0.0,1,10,24,6,2,161,0,0.7818314824680298,0.6234898018587336,1.2246467991473532e-16,-1.0,0.0,1,3.0,1,0.0,1,0.0,1,0.42857142857142855,1.1338934190276844,0.0,3.0,0.42857142857142855,0.5,1.105541596785133,0.0,3.0,0.8571428571428571,1,99.52,21.180000000000007,0.2128215434083602,False,False,False,True,False,False,False,False,False,False,False,False,False,False,False,False,True,False,False,False,False,False,False,False,False,False,False,False,False,False,False,True,False,False,False,False
UAE,Formal Shirt,2025-06-11,Apparel,0.0,120.7,,20.0,2.0,0.0,0.0,2,11,24,6,2,162,0,0.9749279121818236,-0.22252093395631434,1.2246467991473532e-16,-1.0,2.0,1,0.0,1,0.0,1,0.0,1,0.2857142857142857,0.7559289460184587,0.0,2.0,0.5714285714285714,0.5714285714285714,1.1362241376617952,0.0,3.0,0.5,0,120.7,0.0,0.0,False,False,False,True,False,False,False,False,False,False,False,False,False,False,False,False,True,False,False,False,False,False,False,False,False,False,False,False,False,False,False,True,False,False,False,False
UAE,Formal Shirt,2025-06-12,Apparel,0.0,120.7,,20.0,2.0,0.0,0.0,3,12,24,6,2,163,0,0.43388373911755823,-0.900968867902419,1.2246467991473532e-16,-1.0,0.0,1,0.0,1,3.0,1,0.0,1,0.2857142857142857,0.7559289460184587,0.0,2.0,0.5714285714285714,0.5714285714285714,1.1362241376617952,0.0,3.0,0.5,0,120.7,0.0,0.0,False,False,False,True,False,False,False,False,False,False,False,False,False,False,False,False,True,False,False,False,False,False,False,False,False,False,False,False,False,False,False,True,False,False,False,False
UAE,Formal Shirt,2025-06-13,Apparel,0.0,120.7,,20.0,2.0,0.0,0.0,4,13,24,6,2,164,0,-0.433883739117558,-0.9009688679024191,1.2246467991473532e-16,-1.0,0.0,1,0.0,1,0.0,1,2.0,1,0.2857142857142857,0.7559289460184587,0.0,2.0,0.35714285714285715,0.5714285714285714,1.1362241376617952,0.0,3.0,0.5,0,120.7,0.0,0.0,False,False,False,True,False,False,False,False,False,False,False,False,False,False,False,False,True,False,False,False,False,False,False,False,False,False,False,False,False,False,False,True,False,False,False,False
UAE,Formal Shirt,2025-06-14,Apparel,0.0,120.7,,20.0,2.0,0.0,0.0,5,14,24,6,2,165,1,-0.9749279121818236,-0.2225209339563146,1.2246467991473532e-16,-1.0,0.0,1,0.0,1,0.0,1,0.0,1,0.2857142857142857,0.7559289460184587,0.0,2.0,0.35714285714285715,0.5,1.105541596785133,0.0,3.0,0.5714285714285714,0,120.7,0.0,0.0,False,False,False,True,False,False,False,False,False,False,False,False,False,False,False,False,True,False,False,False,False,False,False,False,False,False,False,False,False,False,False,True,False,False,False,False
UAE,Formal Shirt,2025-06-15,Apparel,0.0,120.7,,20.0,2.0,0.0,0.0,6,15,24,6,2,166,1,-0.7818314824680299,0.6234898018587334,1.2246467991473532e-16,-1.0,0.0,1,0.0,1,0.0,1,0.0,1,0.2857142857142857,0.7559289460184587,0.0,2.0,0.35714285714285715,0.5,1.105541596785133,0.0,3.0,0.5714285714285714,0,120.7,0.0,0.0,False,False,False,True,False,False,False,False,False,False,False,False,False,False,False,False,True,False,False,False,False,False,False,False,False,False,False,False,False,False,False,True,False,False,False,False
UAE,Formal Shirt,2025-06-16,Apparel,0.0,120.7,,20.0,2.0,0.0,0.0,0,16,25,6,2,167,0,0.0,1.0,1.2246467991473532e-16,-1.0,0.0,1,0.0,1,0.0,1,3.0,1,0.2857142857142857,0.7559289460184587,0.0,2.0,0.35714285714285715,0.5,1.105541596785133,0.0,3.0,0.5714285714285714,0,120.7,0.0,0.0,False,False,False,True,False,False,False,False,False,False,False,False,False,False,False,False,True,False,False,False,False,False,False,False,False,False,False,False,False,False,False,True,False,False,False,False
UAE,Formal Shirt,2025-06-17,Apparel,0.0,120.7,,20.0,2.0,0.0,0.0,1,17,25,6,2,168,0,0.7818314824680298,0.6234898018587336,1.2246467991473532e-16,-1.0,0.0,1,2.0,1,3.0,1,0.0,1,0.2857142857142857,0.7559289460184587,0.0,2.0,0.35714285714285715,0.39285714285714285,0.9940297973880045,0.0,3.0,0.7272727272727273,0,120.7,0.0,0.0,False,False,False,True,False,False,False,False,False,False,False,False,False,False,False,False,True,False,False,False,False,False,False,False,False,False,False,False,False,False,False,True,False,False,False,False
UAE,Formal Shirt,2025-06-18,Apparel,0.0,120.7,,20.0,2.0,0.0,0.0,2,18,25,6,2,169,0,0.9749279121818236,-0.22252093395631434,1.2246467991473532e-16,-1.0,0.0,1,0.0,1,0.0,1,0.0,1,0.0,0.0,0.0,0.0,0.14285714285714285,0.39285714285714285,0.9940297973880045,0.0,3.0,0.0,0,120.7,0.0,0.0,False,False,False,True,False,False,False,False,False,False,False,False,False,False,False,False,True,False,False,False,False,False,False,False,False,False,False,False,False,False,False,True,False,False,False,False
UAE,Formal Shirt,2025-06-19,Apparel,0.0,120.7,,20.0,2.0,0.0,0.0,3,19,25,6,2,170,0,0.43388373911755823,-0.900968867902419,1.2246467991473532e-16,-1.0,0.0,1,0.0,1,0.0,1,3.0,1,0.0,0.0,0.0,0.0,0.14285714285714285,0.39285714285714285,0.9940297973880045,0.0,3.0,0.0,0,120.7,0.0,0.0,False,False,False,True,False,False,False,False,False,False,False,False,False,False,False,False,True,False,False,False,False,False,False,False,False,False,False,False,False,False,False,True,False,False,False,False
UAE,Formal Shirt,2025-06-20,Apparel,5.0,76.94500000000001,0.15,20.0,2.0,1.0,1.0,4,20,25,6,2,171,0,-0.433883739117558,-0.9009688679024191,1.2246467991473532e-16,-1.0,0.0,1,0.0,1,0.0,1,0.0,1,0.0,0.0,0.0,0.0,0.14285714285714285,0.2857142857142857,0.8544932592822071,0.0,3.0,0.0,1,120.7,-43.754999999999995,-0.3625103562551781,False,False,False,True,False,False,False,False,False,False,False,False,False,False,False,False,True,False,False,False,False,False,False,False,False,False,False,False,False,False,False,True,False,False,False,False
UAE,Formal Shirt,2025-06-21,Apparel,0.0,76.94500000000001,,20.0,2.0,0.0,0.0,5,21,25,6,2,172,1,-0.9749279121818236,-0.2225209339563146,1.2246467991473532e-16,-1.0,5.0,1,0.0,1,0.0,1,0.0,1,0.7142857142857143,1.8898223650461374,0.0,5.0,0.5,0.4642857142857143,1.2317450089997388,0.0,5.0,1.5384615384615385,0,76.94500000000001,0.0,0.0,False,False,False,True,False,False,False,False,False,False,False,False,False,False,False,False,True,False,False,False,False,False,False,False,False,False,False,False,False,False,False,True,False,False,False,False
UAE,Formal Shirt,2025-06-22,Apparel,1.0,139.66,0.12,20.0,2.0,1.0,0.0,6,22,25,6,2,173,1,-0.7818314824680299,0.6234898018587334,1.2246467991473532e-16,-1.0,0.0,1,0.0,1,0.0,1,0.0,1,0.7142857142857143,1.8898223650461374,0.0,5.0,0.5,0.4642857142857143,1.2317450089997388,0.0,5.0,1.5384615384615385,1,76.94500000000001,62.71499999999999,0.8150627071284682,False,False,False,True,False,False,False,False,False,False,False,False,False,False,False,False,True,False,False,False,False,False,False,False,False,False,False,False,False,False,False,True,False,False,False,False
UAE,Formal Shirt,2025-06-23,Apparel,0.0,139.66,,20.0,2.0,0.0,0.0,0,23,26,6,2,174,0,0.0,1.0,1.2246467991473532e-16,-1.0,1.0,1,0.0,1,0.0,1,0.0,1,0.8571428571428571,1.8644544714716098,0.0,5.0,0.5714285714285714,0.5,1.2322818340454904,0.0,5.0,1.7142857142857142,0,139.66,0.0,0.0,False,False,False,True,False,False,False,False,False,False,False,False,False,False,False,False,True,False,False,False,False,False,False,False,False,False,False,False,False,False,False,True,False,False,False,False
UAE,Formal Shirt,2025-06-24,Apparel,2.0,12.84,0.13,20.0,2.0,1.0,0.0,1,24,26,6,2,175,0,0.7818314824680298,0.6234898018587336,1.2246467991473532e-16,-1.0,0.0,1,0.0,1,2.0,1,0.0,1,0.8571428571428571,1.8644544714716098,0.0,5.0,0.5714285714285714,0.5,1.2322818340454904,0.0,5.0,1.7142857142857142,1,139.66,-126.82,-0.9080624373478448,False,False,False,True,False,False,False,False,False,False,False,False,False,False,False,False,True,False,False,False,False,False,False,False,False,False,False,False,False,False,False,True,False,False,False,False
UAE,Formal Shirt,2025-06-25,Apparel,0.0,12.84,,20.0,2.0,0.0,0.0,2,25,26,6,2,176,0,0.9749279121818236,-0.22252093395631434,1.2246467991473532e-16,-1.0,2.0,1,0.0,1,0.0,1,0.0,1,1.1428571428571428,1.8644544714716096,0.0,5.0,0.5714285714285714,0.5714285714285714,1.2598815766974236,0.0,5.0,2.0,0,12.84,0.0,0.0,False,False,False,True,False,False,False,False,False,False,False,False,False,False,False,False,True,False,False,False,False,False,False,False,False,False,False,False,False,False,False,True,False,False,False,False
UAE,Formal Shirt,2025-06-26,Apparel,1.0,51.99,0.08,20.0,2.0,1.0,0.0,3,26,26,6,2,177,0,0.43388373911755823,-0.900968867902419,1.2246467991473532e-16,-1.0,0.0,1,0.0,1,0.0,1,3.0,1,1.1428571428571428,1.8644544714716096,0.0,5.0,0.5714285714285714,0.5714285714285714,1.2598815766974236,0.0,5.0,2.0,1,12.84,39.150000000000006,3.049065420560748,False,False,False,True,False,False,False,False,False,False,False,False,False,False,False,False,True,False,False,False,False,False,False,False,False,False,False,False,False,False,False,True,False,False,False,False
UAE,Formal Shirt,2025-06-27,Apparel,0.0,51.99,,20.0,2.0,0.0,0.0,4,27,26,6,2,178,0,-0.433883739117558,-0.9009688679024191,1.2246467991473532e-16,-1.0,1.0,1,5.0,1,0.0,1,0.0,1,1.2857142857142858,1.7994708216848754,0.0,5.0,0.6428571428571429,0.5,1.170628194761415,0.0,5.0,2.5714285714285716,0,51.99,0.0,0.0,False,False,False,True,False,False,False,False,False,False,False,False,False,False,False,False,True,False,False,False,False,False,False,False,False,False,False,False,False,False,False,True,False,False,False,False
UAE,Formal Shirt,2025-06-28,Apparel,0.0,51.99,,20.0,2.0,0.0,0.0,5,28,26,6,2,179,1,-0.9749279121818236,-0.2225209339563146,1.2246467991473532e-16,-1.0,0.0,1,0.0,1,0.0,1,0.0,1,0.5714285714285714,0.7867957924694463,0.0,2.0,0.6428571428571429,0.5,1.170628194761415,0.0,5.0,1.1428571428571428,0,51.99,0.0,0.0,False,False,False,True,False,False,False,False,False,False,False,False,False,False,False,False,True,False,False,False,False,False,False,False,False,False,False,False,False,False,False,True,False,False,False,False
UAE,Formal Shirt,2025-06-29,Apparel,0.0,51.99,,20.0,2.0,0.0,0.0,6,29,26,6,2,180,1,-0.7818314824680299,0.6234898018587334,1.2246467991473532e-16,-1.0,0.0,1,1.0,1,0.0,1,0.0,1,0.5714285714285714,0.7867957924694463,0.0,2.0,0.6428571428571429,0.5,1.170628194761415,0.0,5.0,1.1428571428571428,0,51.99,0.0,0.0,False,False,False,True,False,False,False,False,False,False,False,False,False,False,False,False,True,False,False,False,False,False,False,False,False,False,False,False,False,False,False,True,False,False,False,False
UAE,Formal Shirt,2025-06-30,Apparel,3.0,27.98,0.02,20.0,2.0,1.0,0.0,0,30,27,6,2,181,0,0.0,1.0,1.2246467991473532e-16,-1.0,0.0,1,0.0,1,0.0,1,0.0,1,0.42857142857142855,0.7867957924694466,0.0,2.0,0.6428571428571429,0.5,1.170628194761415,0.0,5.0,0.8571428571428571,1,51.99,-24.01,-0.46181958068859397,False,False,False,True,False,False,False,False,False,False,False,False,False,False,False,False,True,False,False,False,False,False,False,False,False,False,False,False,False,False,False,True,False,False,False,False
UAE,Formal Shirt,2025-07-01,Apparel,1.0,30.67,0.05,20.0,2.0,1.0,0.0,1,1,27,7,3,182,0,0.7818314824680298,0.6234898018587336,-0.4999999999999997,-0.8660254037844388,3.0,1,2.0,1,0.0,1,3.0,1,0.8571428571428571,1.2149857925879133,0.0,3.0,0.8571428571428571,0.6071428571428571,1.2572540835836765,0.0,5.0,1.411764705882353,1,27.98,2.6900000000000013,0.09614010007147968,False,False,False,True,False,False,False,False,False,False,False,False,False,False,False,False,True,False,False,False,False,False,False,False,False,False,False,False,False,False,False,True,False,False,False,False
UAE,Formal Shirt,2025-07-02,Apparel,0.0,30.67,,20.0,2.0,0.0,0.0,2,2,27,7,3,183,0,0.9749279121818236,-0.22252093395631434,-0.4999999999999997,-0.8660254037844388,1.0,1,0.0,1,0.0,1,0.0,1,0.7142857142857143,1.1126972805283755,0.0,3.0,0.9285714285714286,0.5357142857142857,1.1700630833624392,0.0,5.0,1.3333333333333335,0,30.67,0.0,0.0,False,False,False,True,False,False,False,False,False,False,False,False,False,False,False,False,True,False,False,False,False,False,False,False,False,False,False,False,False,False,False,True,False,False,False,False
UAE,Formal Shirt,2025-07-03,Apparel,0.0,30.67,,20.0,2.0,0.0,0.0,3,3,27,7,3,184,0,0.43388373911755823,-0.900968867902419,-0.4999999999999997,-0.8660254037844388,0.0,1,1.0,1,0.0,1,0.0,1,0.7142857142857143,1.1126972805283755,0.0,3.0,0.9285714285714286,0.5357142857142857,1.1700630833624392,0.0,5.0,1.3333333333333335,0,30.67,0.0,0.0,False,False,False,True,False,False,False,False,False,False,False,False,False,False,False,False,True,False,False,False,False,False,False,False,False,False,False,False,False,False,False,True,False,False,False,False
UAE,Formal Shirt,2025-07-04,Apparel,3.0,87.76,0.02,20.0,2.0,1.0,0.0,4,4,27,7,3,185,0,-0.433883739117558,-0.9009688679024191,-0.4999999999999997,-0.8660254037844388,0.0,1,0.0,1,5.0,1,0.0,1,0.5714285714285714,1.133893419027684,0.0,3.0,0.9285714285714286,0.5357142857142857,1.1700630833624392,0.0,5.0,1.0666666666666667,1,30.67,57.09,1.8614281056406912,False,False,False,True,False,False,False,False,False,False,False,False,False,False,False,False,True,False,False,False,False,False,False,False,False,False,False,False,False,False,False,True,False,False,False,False
UAE,Formal Shirt,2025-07-05,Apparel,0.0,87.76,,20.0,2.0,0.0,0.0,5,5,27,7,3,186,1,-0.9749279121818236,-0.2225209339563146,-0.4999999999999997,-0.8660254037844388,3.0,1,0.0,1,0.0,1,0.0,1,1.0,1.4142135623730963,0.0,3.0,0.7857142857142857,0.6428571428571429,1.2535663410560172,0.0,5.0,1.5555555555555554,0,87.76,0.0,0.0,False,False,False,True,False,False,False,False,False,False,False,False,False,False,False,False,True,False,False,False,False,False,False,False,False,False,False,False,False,False,False,True,False,False,False,False
UAE,Formal Shirt,2025-07-06,Apparel,1.0,61.06,0.13,20.0,2.0,1.0,0.0,6,6,27,7,3,187,1,-0.7818314824680299,0.6234898018587334,-0.4999999999999997,-0.8660254037844388,0.0,1,0.0,1,1.0,1,0.0,1,1.0,1.4142135623730963,0.0,3.0,0.7857142857142857,0.6428571428571429,1.2535663410560172,0.0,5.0,1.5555555555555554,1,87.76,-26.700000000000003,-0.3042388331814038,False,False,False,True,False,False,False,False,False,False,False,False,False,False,False,False,True,False,False,False,False,False,False,False,False,False,False,False,False,False,False,True,False,False,False,False
UAE,Formal Shirt,2025-07-07,Apparel,2.0,133.02,0.08,20.0,2.0,1.0,0.0,0,7,28,7,3,188,0,0.0,1.0,-0.4999999999999997,-0.8660254037844388,1.0,1,3.0,1,0.0,1,0.0,1,1.1428571428571428,1.3451854182690997,0.0,3.0,0.7857142857142857,0.6785714285714286,1.2488089563755573,0.0,5.0,1.6842105263157894,1,61.06,71.96000000000001,1.1785129380936785,False,False,False,True,False,False,False,False,False,False,False,False,False,False,False,False,True,False,False,False,False,False,False,False,False,False,False,False,False,False,False,True,False,False,False,False
UAE,Formal Shirt,2025-07-08,Apparel,0.0,133.02,,20.0,2.0,0.0,0.0,1,8,28,7,3,189,0,0.7818314824680298,0.6234898018587336,-0.4999999999999997,-0.8660254037844388,2.0,1,1.0,1,2.0,1,2.0,1,1.0,1.154700538379253,0.0,3.0,0.9285714285714286,0.75,1.2656428610993906,0.0,5.0,1.3333333333333333,0,133.02,0.0,0.0,False,False,False,True,False,False,False,False,False,False,False,False,False,False,False,False,True,False,False,False,False,False,False,False,False,False,False,False,False,False,False,True,False,False,False,False
UAE,Formal Shirt,2025-07-09,Apparel,0.0,133.02,,20.0,2.0,0.0,0.0,2,9,28,7,3,190,0,0.9749279121818236,-0.22252093395631434,-0.4999999999999997,-0.8660254037844388,0.0,1,0.0,1,0.0,1,0.0,1,0.8571428571428571,1.2149857925879133,0.0,3.0,0.7857142857142857,0.6785714285714286,1.2488089563755573,0.0,5.0,1.263157894736842,0,133.02,0.0,0.0,False,False,False,True,False,False,False,False,False,False,False,False,False,False,False,False,True,False,False,False,False,False,False,False,False,False,False,False,False,False,False,True,False,False,False,False
UAE,Formal Shirt,2025-07-10,Apparel,0.0,133.02,,20.0,2.0,0.0,0.0,3,10,28,7,3,191,0,0.43388373911755823,-0.900968867902419,-0.4999999999999997,-0.8660254037844388,0.0,1,0.0,1,1.0,1,0.0,1,0.8571428571428571,1.2149857925879133,0.0,3.0,0.7857142857142857,0.6785714285714286,1.2488089563755573,0.0,5.0,1.263157894736842,0,133.02,0.0,0.0,False,False,False,True,False,False,False,False,False,False,False,False,False,False,False,False,True,False,False,False,False,False,False,False,False,False,False,False,False,False,False,True,False,False,False,False
UAE,Formal Shirt,2025-07-11,Apparel,0.0,133.02,,20.0,2.0,0.0,0.0,4,11,28,7,3,192,0,-0.433883739117558,-0.9009688679024191,-0.4999999999999997,-0.8660254037844388,0.0,1,3.0,1,0.0,1,0.0,1,0.8571428571428571,1.2149857925879133,0.0,3.0,0.7142857142857143,0.6785714285714286,1.2488089563755573,0.0,5.0,1.263157894736842,0,133.02,0.0,0.0,False,False,False,True,False,False,False,False,False,False,False,False,False,False,False,False,True,False,False,False,False,False,False,False,False,False,False,False,False,False,False,True,False,False,False,False
UAE,Formal Shirt,2025-07-12,Apparel,1.0,15.63,0.14,20.0,2.0,1.0,0.0,5,12,28,7,3,193,1,-0.9749279121818236,-0.2225209339563146,-0.4999999999999997,-0.8660254037844388,0.0,1,0.0,1,0.0,1,0.0,1,0.42857142857142855,0.7867957924694466,0.0,2.0,0.7142857142857143,0.6785714285714286,1.2488089563755573,0.0,5.0,0.631578947368421,1,133.02,-117.39000000000001,-0.8824988723500226,False,False,False,True,False,False,False,False,False,False,False,False,False,False,False,False,True,False,False,False,False,False,False,False,False,False,False,False,False,False,False,True,False,False,False,False
UAE,Formal Shirt,2025-07-13,Apparel,2.0,105.37,0.1,20.0,2.0,1.0,0.0,6,13,28,7,3,194,1,-0.7818314824680299,0.6234898018587334,-0.4999999999999997,-0.8660254037844388,1.0,1,1.0,1,0.0,1,0.0,1,0.5714285714285714,0.7867957924694463,0.0,2.0,0.7857142857142857,0.7142857142857143,1.242969647647739,0.0,5.0,0.7999999999999999,1,15.63,89.74000000000001,5.741522712731926,False,False,False,True,False,False,False,False,False,False,False,False,False,False,False,False,True,False,False,False,False,False,False,False,False,False,False,False,False,False,False,True,False,False,False,False
UAE,Formal Shirt,2025-07-14,Apparel,0.0,105.37,,20.0,2.0,0.0,0.0,0,14,29,7,3,195,0,0.0,1.0,-0.4999999999999997,-0.8660254037844388,2.0,1,2.0,1,3.0,1,0.0,1,0.7142857142857143,0.9511897312113442,0.0,2.0,0.9285714285714286,0.7857142857142857,1.257780021311589,0.0,5.0,0.9090909090909092,0,105.37,0.0,0.0,False,False,False,True,False,False,False,False,False,False,False,False,False,False,False,False,True,False,False,False,False,False,False,False,False,False,False,False,False,False,False,True,False,False,False,False
UAE,Formal Shirt,2025-07-15,Apparel,0.0,105.37,,20.0,2.0,0.0,0.0,1,15,29,7,3,196,0,0.7818314824680298,0.6234898018587336,-0.4999999999999997,-0.8660254037844388,0.0,1,0.0,1,1.0,1,0.0,1,0.42857142857142855,0.7867957924694466,0.0,2.0,0.7142857142857143,0.7857142857142857,1.257780021311589,0.0,5.0,0.5454545454545454,0,105.37,0.0,0.0,False,False,False,True,False,False,False,False,False,False,False,False,False,False,False,False,True,False,False,False,False,False,False,False,False,False,False,False,False,False,False,True,False,False,False,False
UAE,Formal Shirt,2025-07-16,Apparel,1.0,18.9,0.15,20.0,2.0,1.0,0.0,2,16,29,7,3,197,0,0.9749279121818236,-0.22252093395631434,-0.4999999999999997,-0.8660254037844388,0.0,1,0.0,1,0.0,1,0.0,1,0.42857142857142855,0.7867957924694466,0.0,2.0,0.6428571428571429,0.7857142857142857,1.257780021311589,0.0,5.0,0.5454545454545454,1,105.37,-86.47,-0.8206320584606623,False,False,False,True,False,False,False,False,False,False,False,False,False,False,False,False,True,False,False,False,False,False,False,False,False,False,False,False,False,False,False,True,False,False,False,False
UAE,Formal Shirt,2025-07-17,Apparel,0.0,18.9,,20.0,2.0,0.0,0.0,3,17,29,7,3,198,0,0.43388373911755823,-0.900968867902419,-0.4999999999999997,-0.8660254037844388,1.0,1,0.0,1,0.0,1,0.0,1,0.5714285714285714,0.7867957924694463,0.0,2.0,0.7142857142857143,0.8214285714285714,1.2488089563755573,0.0,5.0,0.6956521739130435,0,18.9,0.0,0.0,False,False,False,True,False,False,False,False,False,False,False,False,False,False,False,False,True,False,False,False,False,False,False,False,False,False,False,False,False,False,False,True,False,False,False,False
UAE,Formal Shirt,2025-07-18,Apparel,4.0,95.795,0.13,20.0,2.0,1.0,0.0,4,18,29,7,3,199,0,-0.433883739117558,-0.9009688679024191,-0.4999999999999997,-0.8660254037844388,0.0,1,0.0,1,3.0,1,5.0,1,0.5714285714285714,0.7867957924694463,0.0,2.0,0.7142857142857143,0.8214285714285714,1.2488089563755573,0.0,5.0,0.6956521739130435,1,18.9,76.89500000000001,4.06851851851852,False,False,False,True,False,False,False,False,False,False,False,False,False,False,False,False,True,False,False,False,False,False,False,False,False,False,False,False,False,False,False,True,False,False,False,False
UAE,Formal Shirt,2025-07-19,Apparel,0.0,95.795,,20.0,2.0,0.0,0.0,5,19,29,7,3,200,1,-0.9749279121818236,-0.2225209339563146,-0.4999999999999997,-0.8660254037844388,4.0,1,1.0,1,0.0,1,0.0,1,1.1428571428571428,1.463850109422801,0.0,4.0,0.7857142857142857,0.7857142857142857,1.1338934190276813,0.0,4.0,1.4545454545454546,0,95.795,0.0,0.0,False,False,False,True,False,False,False,False,False,False,False,False,False,False,False,False,True,False,False,False,False,False,False,False,False,False,False,False,False,False,False,True,False,False,False,False
UAE,Formal Shirt,2025-07-20,Apparel,0.0,95.795,,20.0,2.0,0.0,0.0,6,20,29,7,3,201,1,-0.7818314824680299,0.6234898018587334,-0.4999999999999997,-0.8660254037844388,0.0,1,2.0,1,1.0,1,1.0,1,1.0,1.5275252316519479,0.0,4.0,0.7857142857142857,0.7857142857142857,1.1338934190276813,0.0,4.0,1.2727272727272727,0,95.795,0.0,0.0,False,False,False,True,False,False,False,False,False,False,False,False,False,False,False,False,True,False,False,False,False,False,False,False,False,False,False,False,False,False,False,True,False,False,False,False
UAE,Formal Shirt,2025-07-21,Apparel,3.0,83.28,0.11,20.0,2.0,1.0,0.0,0,21,30,7,3,202,0,0.0,1.0,-0.4999999999999997,-0.8660254037844388,0.0,1,0.0,1,2.0,1,0.0,1,0.7142857142857143,1.4960264830861927,0.0,4.0,0.7142857142857143,0.75,1.1426091000668404,0.0,4.0,0.9523809523809524,1,95.795,-12.515,-0.1306435617725351,False,False,False,True,False,False,False,False,False,False,False,False,False,False,False,False,True,False,False,False,False,False,False,False,False,False,False,False,False,False,False,True,False,False,False,False
UAE,Formal Shirt,2025-07-22,Apparel,0.0,83.28,,20.0,2.0,0.0,0.0,1,22,30,7,3,203,0,0.7818314824680298,0.6234898018587336,-0.4999999999999997,-0.8660254037844388,3.0,1,0.0,1,0.0,1,2.0,1,1.1428571428571428,1.6761634196950523,0.0,4.0,0.7857142857142857,0.8571428571428571,1.2084359562332871,0.0,4.0,1.3333333333333333,0,83.28,0.0,0.0,False,False,False,True,False,False,False,False,False,False,False,False,False,False,False,False,True,False,False,False,False,False,False,False,False,False,False,False,False,False,False,True,False,False,False,False
UAE,Formal Shirt,2025-07-23,Apparel,0.0,83.28,,20.0,2.0,0.0,0.0,2,23,30,7,3,204,0,0.9749279121818236,-0.22252093395631434,-0.4999999999999997,-0.8660254037844388,0.0,1,1.0,1,0.0,1,0.0,1,1.1428571428571428,1.6761634196950523,0.0,4.0,0.7857142857142857,0.7857142857142857,1.197439950002685,0.0,4.0,1.4545454545454546,0,83.28,0.0,0.0,False,False,False,True,False,False,False,False,False,False,False,False,False,False,False,False,True,False,False,False,False,False,False,False,False,False,False,False,False,False,False,True,False,False,False,False
UAE,Formal Shirt,2025-07-24,Apparel,0.0,83.28,,20.0,2.0,0.0,0.0,3,24,30,7,3,205,0,0.43388373911755823,-0.900968867902419,-0.4999999999999997,-0.8660254037844388,0.0,1,0.0,1,0.0,1,1.0,1,1.0,1.732050807568878,0.0,4.0,0.7857142857142857,0.7857142857142857,1.197439950002685,0.0,4.0,1.2727272727272727,0,83.28,0.0,0.0,False,False,False,True,False,False,False,False,False,False,False,False,False,False,False,False,True,False,False,False,False,False,False,False,False,False,False,False,False,False,False,True,False,False,False,False
UAE,Formal Shirt,2025-07-25,Apparel,0.0,83.28,,20.0,2.0,0.0,0.0,4,25,30,7,3,206,0,-0.433883739117558,-0.9009688679024191,-0.4999999999999997,-0.8660254037844388,0.0,1,4.0,1,0.0,1,0.0,1,1.0,1.732050807568878,0.0,4.0,0.7857142857142857,0.75,1.2056963563450387,0.0,4.0,1.3333333333333333,0,83.28,0.0,0.0,False,False,False,True,False,False,False,False,False,False,False,False,False,False,False,False,True,False,False,False,False,False,False,False,False,False,False,False,False,False,False,True,False,False,False,False
UAE,Formal Shirt,2025-07-26,Apparel,2.0,92.93,0.14,20.0,2.0,1.0,0.0,5,26,30,7,3,207,1,-0.9749279121818236,-0.2225209339563146,-0.4999999999999997,-0.8660254037844388,0.0,1,0.0,1,1.0,1,0.0,1,0.42857142857142855,1.1338934190276835,0.0,3.0,0.7857142857142857,0.75,1.2056963563450387,0.0,4.0,0.5714285714285714,1,83.28,9.650000000000006,0.11587415946205579,False,False,False,True,False,False,False,False,False,False,False,False,False,False,False,False,True,False,False,False,False,False,False,False,False,False,False,False,False,False,False,True,False,False,False,False
UAE,Formal Shirt,2025-07-27,Apparel,0.0,92.93,,20.0,2.0,0.0,0.0,6,27,30,7,3,208,1,-0.7818314824680299,0.6234898018587334,-0.4999999999999997,-0.8660254037844388,2.0,1,0.0,1,2.0,1,0.0,1,0.7142857142857143,1.253566341056019,0.0,3.0,0.8571428571428571,0.8214285714285714,1.2187902754164617,0.0,4.0,0.8695652173913044,0,92.93,0.0,0.0,False,False,False,True,False,False,False,False,False,False,False,False,False,False,False,False,True,False,False,False,False,False,False,False,False,False,False,False,False,False,False,True,False,False,False,False
UAE,Formal Shirt,2025-07-28,Apparel,0.0,92.93,,20.0,2.0,0.0,0.0,0,28,31,7,3,209,0,0.0,1.0,-0.4999999999999997,-0.8660254037844388,0.0,1,3.0,1,0.0,1,3.0,1,0.7142857142857143,1.253566341056019,0.0,3.0,0.7142857142857143,0.8214285714285714,1.2187902754164617,0.0,4.0,0.8695652173913044,0,92.93,0.0,0.0,False,False,False,True,False,False,False,False,False,False,False,False,False,False,False,False,True,False,False,False,False,False,False,False,False,False,False,False,False,False,False,True,False,False,False,False
UAE,Formal Shirt,2025-07-29,Apparel,0.0,92.93,,20.0,2.0,0.0,0.0,1,29,31,7,3,210,0,0.7818314824680298,0.6234898018587336,-0.4999999999999997,-0.8660254037844388,0.0,1,0.0,1,0.0,1,1.0,1,0.2857142857142857,0.7559289460184575,0.0,2.0,0.7142857142857143,0.7142857142857143,1.1501092655705898,0.0,4.0,0.39999999999999997,0,92.93,0.0,0.0,False,False,False,True,False,False,False,False,False,False,False,False,False,False,False,False,True,False,False,False,False,False,False,False,False,False,False,False,False,False,False,True,False,False,False,False
UAE,Formal Shirt,2025-07-30,Apparel,0.0,92.93,,20.0,2.0,0.0,0.0,2,30,31,7,3,211,0,0.9749279121818236,-0.22252093395631434,-0.4999999999999997,-0.8660254037844388,0.0,1,0.0,1,1.0,1,0.0,1,0.2857142857142857,0.7559289460184575,0.0,2.0,0.7142857142857143,0.6785714285714286,1.1564175661505607,0.0,4.0,0.42105263157894735,0,92.93,0.0,0.0,False,False,False,True,False,False,False,False,False,False,False,False,False,False,False,False,True,False,False,False,False,False,False,False,False,False,False,False,False,False,False,True,False,False,False,False
UAE,Formal Shirt,2025-07-31,Apparel,3.0,104.6,0.14,20.0,2.0,1.0,0.0,3,31,31,7,3,212,0,0.43388373911755823,-0.900968867902419,-0.4999999999999997,-0.8660254037844388,0.0,1,0.0,1,0.0,1,0.0,1,0.2857142857142857,0.7559289460184575,0.0,2.0,0.6428571428571429,0.6785714285714286,1.1564175661505607,0.0,4.0,0.42105263157894735,1,92.93,11.669999999999987,0.12557839233831902,False,False,False,True,False,False,False,False,False,False,False,False,False,False,False,False,True,False,False,False,False,False,False,False,False,False,False,False,False,False,False,True,False,False,False,False
UAE,Formal Shirt,2025-08-01,Apparel,0.0,104.6,,20.0,2.0,0.0,0.0,4,1,31,8,3,213,0,-0.433883739117558,-0.9009688679024191,-0.8660254037844385,-0.5000000000000004,3.0,1,0.0,1,4.0,1,3.0,1,0.7142857142857143,1.253566341056019,0.0,3.0,0.8571428571428571,0.7857142857142857,1.227980662688345,0.0,4.0,0.9090909090909092,0,104.6,0.0,0.0,False,False,False,True,False,False,False,False,False,False,False,False,False,False,False,False,True,False,False,False,False,False,False,False,False,False,False,False,False,False,False,True,False,False,False,False
UAE,Formal Shirt,2025-08-02,Apparel,0.0,104.6,,20.0,2.0,0.0,0.0,5,2,31,8,3,214,1,-0.9749279121818236,-0.2225209339563146,-0.8660254037844385,-0.5000000000000004,0.0,1,2.0,1,0.0,1,0.0,1,0.7142857142857143,1.253566341056019,0.0,3.0,0.5714285714285714,0.6785714285714286,1.1564175661505607,0.0,4.0,1.0526315789473684,0,104.6,0.0,0.0,False,False,False,True,False,False,False,False,False,False,False,False,False,False,False,False,True,False,False,False,False,False,False,False,False,False,False,False,False,False,False,True,False,False,False,False
UAE,Formal Shirt,2025-08-03,Apparel,0.0,104.6,,20.0,2.0,0.0,0.0,6,3,31,8,3,215,1,-0.7818314824680299,0.6234898018587334,-0.8660254037844385,-0.5000000000000004,0.0,1,0.0,1,0.0,1,1.0,1,0.42857142857142855,1.1338934190276835,0.0,3.0,0.5714285714285714,0.6785714285714286,1.1564175661505607,0.0,4.0,0.631578947368421,0,104.6,0.0,0.0,False,False,False,True,False,False,False,False,False,False,False,False,False,False,False,False,True,False,False,False,False,False,False,False,False,False,False,False,False,False,False,True,False,False,False,False
UAE,Formal Shirt,2025-08-04,Apparel,0.0,104.6,,20.0,2.0,0.0,0.0,0,4,32,8,3,216,0,0.0,1.0,-0.8660254037844385,-0.5000000000000004,0.0,1,0.0,1,3.0,1,2.0,1,0.42857142857142855,1.1338934190276835,0.0,3.0,0.5714285714285714,0.6428571428571429,1.1615534207286156,0.0,4.0,0.6666666666666666,0,104.6,0.0,0.0,False,False,False,True,False,False,False,False,False,False,False,False,False,False,False,False,True,False,False,False,False,False,False,False,False,False,False,False,False,False,False,True,False,False,False,False
UAE,Formal Shirt,2025-08-05,Apparel,2.0,76.67,0.07,20.0,2.0,1.0,0.0,1,5,32,8,3,217,0,0.7818314824680298,0.6234898018587336,-0.8660254037844385,-0.5000000000000004,0.0,1,0.0,1,0.0,1,0.0,1,0.42857142857142855,1.1338934190276835,0.0,3.0,0.35714285714285715,0.5714285714285714,1.1362241376617952,0.0,4.0,0.75,1,104.6,-27.929999999999993,-0.26701720841300186,False,False,False,True,False,False,False,False,False,False,False,False,False,False,False,False,True,False,False,False,False,False,False,False,False,False,False,False,False,False,False,True,False,False,False,False
UAE,Formal Shirt,2025-08-06,Apparel,3.0,97.6,0.07,20.0,2.0,1.0,0.0,2,6,32,8,3,218,0,0.9749279121818236,-0.22252093395631434,-0.8660254037844385,-0.5000000000000004,2.0,1,0.0,1,0.0,1,0.0,1,0.7142857142857143,1.253566341056019,0.0,3.0,0.5,0.6428571428571429,1.1615534207286156,0.0,4.0,1.1111111111111112,1,76.67,20.929999999999993,0.27298813095082813,False,False,False,True,False,False,False,False,False,False,False,False,False,False,False,False,True,False,False,False,False,False,False,False,False,False,False,False,False,False,False,True,False,False,False,False
UAE,Formal Shirt,2025-08-07,Apparel,0.0,97.6,,20.0,2.0,0.0,0.0,3,7,32,8,3,219,0,0.43388373911755823,-0.900968867902419,-0.8660254037844385,-0.5000000000000004,3.0,1,3.0,1,0.0,1,0.0,1,1.1428571428571428,1.4638501094228007,0.0,3.0,0.7142857142857143,0.75,1.2360330811826101,0.0,4.0,1.5238095238095237,0,97.6,0.0,0.0,False,False,False,True,False,False,False,False,False,False,False,False,False,False,False,False,True,False,False,False,False,False,False,False,False,False,False,False,False,False,False,True,False,False,False,False
UAE,Formal Shirt,2025-08-08,Apparel,0.0,97.6,,20.0,2.0,0.0,0.0,4,8,32,8,3,220,0,-0.433883739117558,-0.9009688679024191,-0.8660254037844385,-0.5000000000000004,0.0,1,0.0,1,0.0,1,0.0,1,0.7142857142857143,1.253566341056019,0.0,3.0,0.7142857142857143,0.75,1.2360330811826101,0.0,4.0,0.9523809523809524,0,97.6,0.0,0.0,False,False,False,True,False,False,False,False,False,False,False,False,False,False,False,False,True,False,False,False,False,False,False,False,False,False,False,False,False,False,False,True,False,False,False,False
UAE,Formal Shirt,2025-08-09,Apparel,0.0,97.6,,20.0,2.0,0.0,0.0,5,9,32,8,3,221,1,-0.9749279121818236,-0.2225209339563146,-0.8660254037844385,-0.5000000000000004,0.0,1,0.0,1,2.0,1,1.0,1,0.7142857142857143,1.253566341056019,0.0,3.0,0.7142857142857143,0.75,1.2360330811826101,0.0,4.0,0.9523809523809524,0,97.6,0.0,0.0,False,False,False,True,False,False,False,False,False,False,False,False,False,False,False,False,True,False,False,False,False,False,False,False,False,False,False,False,False,False,False,True,False,False,False,False
UAE,Formal Shirt,2025-08-10,Apparel,0.0,97.6,,20.0,2.0,0.0,0.0,6,10,32,8,3,222,1,-0.7818314824680299,0.6234898018587334,-0.8660254037844385,-0.5000000000000004,0.0,1,0.0,1,0.0,1,2.0,1,0.7142857142857143,1.253566341056019,0.0,3.0,0.5714285714285714,0.7142857142857143,1.2429696476477388,0.0,4.0,1.0,0,97.6,0.0,0.0,False,False,False,True,False,False,False,False,False,False,False,False,False,False,False,False,True,False,False,False,False,False,False,False,False,False,False,False,False,False,False,True,False,False,False,False
UAE,Formal Shirt,2025-08-11,Apparel,0.0,97.6,,20.0,2.0,0.0,0.0,0,11,33,8,3,223,0,0.0,1.0,-0.8660254037844385,-0.5000000000000004,0.0,1,0.0,1,0.0,1,0.0,1,0.7142857142857143,1.253566341056019,0.0,3.0,0.5714285714285714,0.6428571428571429,1.223664372838605,0.0,4.0,1.1111111111111112,0,97.6,0.0,0.0,False,False,False,True,False,False,False,False,False,False,False,False,False,False,False,False,True,False,False,False,False,False,False,False,False,False,False,False,False,False,False,True,False,False,False,False
UAE,Formal Shirt,2025-08-12,Apparel,0.0,97.6,,20.0,2.0,0.0,0.0,1,12,33,8,3,224,0,0.7818314824680298,0.6234898018587336,-0.8660254037844385,-0.5000000000000004,0.0,1,2.0,1,0.0,1,0.0,1,0.7142857142857143,1.253566341056019,0.0,3.0,0.5714285714285714,0.6428571428571429,1.223664372838605,0.0,4.0,1.1111111111111112,0,97.6,0.0,0.0,False,False,False,True,False,False,False,False,False,False,False,False,False,False,False,False,True,False,False,False,False,False,False,False,False,False,False,False,False,False,False,True,False,False,False,False
UAE,Formal Shirt,2025-08-13,Apparel,0.0,97.6,,20.0,2.0,0.0,0.0,2,13,33,8,3,225,0,0.9749279121818236,-0.22252093395631434,-0.8660254037844385,-0.5000000000000004,0.0,1,3.0,1,0.0,1,1.0,1,0.42857142857142855,1.1338934190276835,0.0,3.0,0.5714285714285714,0.6428571428571429,1.223664372838605,0.0,4.0,0.6666666666666666,0,97.6,0.0,0.0,False,False,False,True,False,False,False,False,False,False,False,False,False,False,False,False,True,False,False,False,False,False,False,False,False,False,False,False,False,False,False,True,False,False,False,False
UAE,Formal Shirt,2025-08-14,Apparel,1.0,145.91,0.08,20.0,2.0,1.0,0.0,3,14,33,8,3,226,0,0.43388373911755823,-0.900968867902419,-0.8660254037844385,-0.5000000000000004,0.0,1,0.0,1,3.0,1,0.0,1,0.0,0.0,0.0,0.0,0.5714285714285714,0.6071428571428571,1.2274419565151566,0.0,4.0,0.0,1,97.6,48.31,0.4949795081967214,False,False,False,True,False,False,False,False,False,False,False,False,False,False,False,False,True,False,False,False,False,False,False,False,False,False,False,False,False,False,False,True,False,False,False,False
UAE,Formal Shirt,2025-08-15,Apparel,1.0,78.79,0.06,20.0,2.0,1.0,0.0,4,15,33,8,3,227,0,-0.433883739117558,-0.9009688679024191,-0.8660254037844385,-0.5000000000000004,1.0,1,0.0,1,0.0,1,4.0,1,0.14285714285714285,0.3779644730092339,0.0,1.0,0.42857142857142855,0.6428571428571429,1.223664372838605,0.0,4.0,0.22222222222222218,1,145.91,-67.11999999999999,-0.46000959495579463,False,False,False,True,False,False,False,False,False,False,False,False,False,False,False,False,True,False,False,False,False,False,False,False,False,False,False,False,False,False,False,True,False,False,False,False
UAE,Formal Shirt,2025-08-16,Apparel,2.0,112.02,0.01,20.0,2.0,1.0,0.0,5,16,33,8,3,228,1,-0.9749279121818236,-0.2225209339563146,-0.8660254037844385,-0.5000000000000004,1.0,1,0.0,1,0.0,1,0.0,1,0.2857142857142857,0.4879500364742713,0.0,1.0,0.5,0.5357142857142857,1.0357370915204889,0.0,3.0,0.5333333333333333,1,78.79,33.22999999999999,0.42175402969920023,False,False,False,True,False,False,False,False,False,False,False,False,False,False,False,False,True,False,False,False,False,False,False,False,False,False,False,False,False,False,False,True,False,False,False,False
UAE,Formal Shirt,2025-08-17,Apparel,0.0,112.02,,20.0,2.0,0.0,0.0,6,17,33,8,3,229,1,-0.7818314824680299,0.6234898018587334,-0.8660254037844385,-0.5000000000000004,2.0,1,0.0,1,0.0,1,0.0,1,0.5714285714285714,0.7867957924694455,0.0,2.0,0.6428571428571429,0.6071428571428571,1.065947177979934,0.0,3.0,0.9411764705882353,0,112.02,0.0,0.0,False,False,False,True,False,False,False,False,False,False,False,False,False,False,False,False,True,False,False,False,False,False,False,False,False,False,False,False,False,False,False,True,False,False,False,False
UAE,Formal Shirt,2025-08-18,Apparel,0.0,112.02,,20.0,2.0,0.0,0.0,0,18,34,8,3,230,0,0.0,1.0,-0.8660254037844385,-0.5000000000000004,0.0,1,0.0,1,0.0,1,3.0,1,0.5714285714285714,0.7867957924694455,0.0,2.0,0.6428571428571429,0.6071428571428571,1.065947177979934,0.0,3.0,0.9411764705882353,0,112.02,0.0,0.0,False,False,False,True,False,False,False,False,False,False,False,False,False,False,False,False,True,False,False,False,False,False,False,False,False,False,False,False,False,False,False,True,False,False,False,False
UAE,Formal Shirt,2025-08-19,Apparel,0.0,112.02,,20.0,2.0,0.0,0.0,1,19,34,8,3,231,0,0.7818314824680298,0.6234898018587336,-0.8660254037844385,-0.5000000000000004,0.0,1,0.0,1,2.0,1,0.0,1,0.5714285714285714,0.7867957924694455,0.0,2.0,0.6428571428571429,0.5,0.9622504486493758,0.0,3.0,1.1428571428571428,0,112.02,0.0,0.0,False,False,False,True,False,False,False,False,False,False,False,False,False,False,False,False,True,False,False,False,False,False,False,False,False,False,False,False,False,False,False,True,False,False,False,False
UAE,Formal Shirt,2025-08-20,Apparel,3.0,142.52,0.14,20.0,2.0,1.0,0.0,2,20,34,8,3,232,0,0.9749279121818236,-0.22252093395631434,-0.8660254037844385,-0.5000000000000004,0.0,1,0.0,1,3.0,1,0.0,1,0.5714285714285714,0.7867957924694455,0.0,2.0,0.5,0.5,0.9622504486493758,0.0,3.0,1.1428571428571428,1,112.02,30.500000000000014,0.27227280842706675,False,False,False,True,False,False,False,False,False,False,False,False,False,False,False,False,True,False,False,False,False,False,False,False,False,False,False,False,False,False,False,True,False,False,False,False
UAE,Formal Shirt,2025-08-21,Apparel,0.0,142.52,,20.0,2.0,0.0,0.0,3,21,34,8,3,233,0,0.43388373911755823,-0.900968867902419,-0.8660254037844385,-0.5000000000000004,3.0,1,1.0,1,0.0,1,0.0,1,1.0,1.1547005383792526,0.0,3.0,0.5,0.6071428571428571,1.065947177979934,0.0,3.0,1.647058823529412,0,142.52,0.0,0.0,False,False,False,True,False,False,False,False,False,False,False,False,False,False,False,False,True,False,False,False,False,False,False,False,False,False,False,False,False,False,False,True,False,False,False,False
UAE,Formal Shirt,2025-08-22,Apparel,3.0,79.69,0.12,20.0,2.0,1.0,0.0,4,22,34,8,3,234,0,-0.433883739117558,-0.9009688679024191,-0.8660254037844385,-0.5000000000000004,0.0,1,1.0,1,0.0,1,0.0,1,0.8571428571428571,1.2149857925879128,0.0,3.0,0.5,0.6071428571428571,1.065947177979934,0.0,3.0,1.411764705882353,1,142.52,-62.83000000000001,-0.44085040696042666,False,False,False,True,False,False,False,False,False,False,False,False,False,False,False,False,True,False,False,False,False,False,False,False,False,False,False,False,False,False,False,True,False,False,False,False
UAE,Formal Shirt,2025-08-23,Apparel,0.0,79.69,,20.0,2.0,0.0,0.0,5,23,34,8,3,235,1,-0.9749279121818236,-0.2225209339563146,-0.8660254037844385,-0.5000000000000004,3.0,1,2.0,1,0.0,1,2.0,1,1.1428571428571428,1.4638501094228002,0.0,3.0,0.7142857142857143,0.7142857142857143,1.1501092655705898,0.0,3.0,1.5999999999999999,0,79.69,0.0,0.0,False,False,False,True,False,False,False,False,False,False,False,False,False,False,False,False,True,False,False,False,False,False,False,False,False,False,False,False,False,False,False,True,False,False,False,False
UAE,Formal Shirt,2025-08-24,Apparel,0.0,79.69,,20.0,2.0,0.0,0.0,6,24,34,8,3,236,1,-0.7818314824680299,0.6234898018587334,-0.8660254037844385,-0.5000000000000004,0.0,1,0.0,1,0.0,1,0.0,1,0.8571428571428571,1.4638501094228007,0.0,3.0,0.7142857142857143,0.6428571428571429,1.129217549957613,0.0,3.0,1.3333333333333333,0,79.69,0.0,0.0,False,False,False,True,False,False,False,False,False,False,False,False,False,False,False,False,True,False,False,False,False,False,False,False,False,False,False,False,False,False,False,True,False,False,False,False
UAE,Formal Shirt,2025-08-25,Apparel,1.0,119.25,0.03,20.0,2.0,1.0,0.0,0,25,35,8,3,237,0,0.0,1.0,-0.8660254037844385,-0.5000000000000004,0.0,1,0.0,1,0.0,1,0.0,1,0.8571428571428571,1.4638501094228007,0.0,3.0,0.7142857142857143,0.6428571428571429,1.129217549957613,0.0,3.0,1.3333333333333333,1,79.69,39.56,0.49642364161124364,False,False,False,True,False,False,False,False,False,False,False,False,False,False,False,False,True,False,False,False,False,False,False,False,False,False,False,False,False,False,False,True,False,False,False,False
UAE,Formal Shirt,2025-08-26,Apparel,3.0,105.73,0.04,20.0,2.0,1.0,0.0,1,26,35,8,3,238,0,0.7818314824680298,0.6234898018587336,-0.8660254037844385,-0.5000000000000004,1.0,1,0.0,1,0.0,1,0.0,1,1.0,1.4142135623730958,0.0,3.0,0.7857142857142857,0.6785714285714286,1.1239339452243233,0.0,3.0,1.4736842105263157,1,119.25,-13.519999999999996,-0.1133752620545073,False,False,False,True,False,False,False,False,False,False,False,False,False,False,False,False,True,False,False,False,False,False,False,False,False,False,False,False,False,False,False,True,False,False,False,False
UAE,Formal Shirt,2025-08-27,Apparel,2.0,30.29,0.11,20.0,2.0,1.0,0.0,2,27,35,8,3,239,0,0.9749279121818236,-0.22252093395631434,-0.8660254037844385,-0.5000000000000004,3.0,1,3.0,1,0.0,1,0.0,1,1.4285714285714286,1.5118578920369092,0.0,3.0,1.0,0.7857142857142857,1.1974399500026849,0.0,3.0,1.8181818181818183,1,105.73,-75.44,-0.713515558498061,False,False,False,True,False,False,False,False,False,False,False,False,False,False,False,False,True,False,False,False,False,False,False,False,False,False,False,False,False,False,False,True,False,False,False,False
UAE,Formal Shirt,2025-08-28,Apparel,3.0,39.88,0.12,20.0,2.0,1.0,0.0,3,28,35,8,3,240,0,0.43388373911755823,-0.900968867902419,-0.8660254037844385,-0.5000000000000004,2.0,1,0.0,1,1.0,1,3.0,1,1.2857142857142858,1.380131118684709,0.0,3.0,1.1428571428571428,0.8571428571428571,1.2084359562332871,0.0,3.0,1.5000000000000002,1,30.29,9.590000000000003,0.31660614064047554,False,False,False,True,False,False,False,False,False,False,False,False,False,False,False,False,True,False,False,False,False,False,False,False,False,False,False,False,False,False,False,True,False,False,False,False
UAE,Formal Shirt,2025-08-29,Apparel,0.0,39.88,,20.0,2.0,0.0,0.0,4,29,35,8,3,241,0,-0.433883739117558,-0.9009688679024191,-0.8660254037844385,-0.5000000000000004,3.0,1,3.0,1,1.0,1,0.0,1,1.7142857142857142,1.3801311186847085,0.0,3.0,1.2857142857142858,0.8571428571428571,1.2084359562332871,0.0,3.0,2.0,0,39.88,0.0,0.0,False,False,False,True,False,False,False,False,False,False,False,False,False,False,False,False,True,False,False,False,False,False,False,False,False,False,False,False,False,False,False,True,False,False,False,False
UAE,Formal Shirt,2025-08-30,Apparel,1.0,70.7,0.14,20.0,2.0,1.0,0.0,5,30,35,8,3,242,1,-0.9749279121818236,-0.2225209339563146,-0.8660254037844385,-0.5000000000000004,0.0,1,0.0,1,2.0,1,0.0,1,1.2857142857142858,1.380131118684709,0.0,3.0,1.2142857142857142,0.8571428571428571,1.2084359562332871,0.0,3.0,1.5000000000000002,1,39.88,30.82,0.7728184553660983,False,False,False,True,False,False,False,False,False,False,False,False,False,False,False,False,True,False,False,False,False,False,False,False,False,False,False,False,False,False,False,True,False,False,False,False
UAE,Formal Shirt,2025-08-31,Apparel,0.0,70.7,,20.0,2.0,0.0,0.0,6,31,35,8,3,243,1,-0.7818314824680299,0.6234898018587334,-0.8660254037844385,-0.5000000000000004,1.0,1,0.0,1,0.0,1,0.0,1,1.4285714285714286,1.272418020560704,0.0,3.0,1.1428571428571428,0.8928571428571429,1.1968874978625523,0.0,3.0,1.5999999999999999,0,70.7,0.0,0.0,False,False,False,True,False,False,False,False,False,False,False,False,False,False,False,False,True,False,False,False,False,False,False,False,False,False,False,False,False,False,False,True,False,False,False,False
UAE,Formal Shirt,2025-09-01,Apparel,0.0,70.7,,20.0,2.0,0.0,0.0,0,1,36,9,3,244,0,0.0,1.0,-1.0,-1.8369701987210297e-16,0.0,1,1.0,1,0.0,1,0.0,1,1.4285714285714286,1.272418020560704,0.0,3.0,1.1428571428571428,0.8928571428571429,1.1968874978625523,0.0,3.0,1.5999999999999999,0,70.7,0.0,0.0,False,False,False,True,False,False,False,False,False,False,False,False,False,False,False,False,True,False,False,False,False,False,False,False,False,False,False,False,False,False,False,True,False,False,False,False
UAE,Formal Shirt,2025-09-02,Apparel,2.0,101.85,0.06,20.0,2.0,1.0,0.0,1,2,36,9,3,245,0,0.7818314824680298,0.6234898018587336,-1.0,-1.8369701987210297e-16,0.0,1,3.0,1,0.0,1,2.0,1,1.2857142857142858,1.380131118684709,0.0,3.0,1.1428571428571428,0.8928571428571429,1.1968874978625523,0.0,3.0,1.44,1,70.7,31.14999999999999,0.44059405940594043,False,False,False,True,False,False,False,False,False,False,False,False,False,False,False,False,True,False,False,False,False,False,False,False,False,False,False,False,False,False,False,True,False,False,False,False
UAE,Formal Shirt,2025-09-03,Apparel,0.0,101.85,,20.0,2.0,0.0,0.0,2,3,36,9,3,246,0,0.9749279121818236,-0.22252093395631434,-1.0,-1.8369701987210297e-16,2.0,1,2.0,1,3.0,1,3.0,1,1.1428571428571428,1.2149857925879126,0.0,3.0,1.2857142857142858,0.8928571428571429,1.1968874978625523,0.0,3.0,1.2799999999999998,0,101.85,0.0,0.0,False,False,False,True,False,False,False,False,False,False,False,False,False,False,False,False,True,False,False,False,False,False,False,False,False,False,False,False,False,False,False,True,False,False,False,False
UAE,Formal Shirt,2025-09-04,Apparel,0.0,101.85,,20.0,2.0,0.0,0.0,3,4,36,9,3,247,0,0.43388373911755823,-0.900968867902419,-1.0,-1.8369701987210297e-16,0.0,1,3.0,1,0.0,1,0.0,1,0.8571428571428571,1.2149857925879128,0.0,3.0,1.0714285714285714,0.7857142857142857,1.133893419027681,0.0,3.0,1.0909090909090908,0,101.85,0.0,0.0,False,False,False,True,False,False,False,False,False,False,False,False,False,False,False,False,True,False,False,False,False,False,False,False,False,False,False,False,False,False,False,True,False,False,False,False
UAE,Formal Shirt,2025-09-05,Apparel,0.0,101.85,,20.0,2.0,0.0,0.0,4,5,36,9,3,248,0,-0.433883739117558,-0.9009688679024191,-1.0,-1.8369701987210297e-16,0.0,1,0.0,1,3.0,1,0.0,1,0.42857142857142855,0.7867957924694459,0.0,2.0,1.0714285714285714,0.7857142857142857,1.133893419027681,0.0,3.0,0.5454545454545454,0,101.85,0.0,0.0,False,False,False,True,False,False,False,False,False,False,False,False,False,False,False,False,True,False,False,False,False,False,False,False,False,False,False,False,False,False,False,True,False,False,False,False
UAE,Formal Shirt,2025-09-06,Apparel,2.0,58.620000000000005,0.12,20.0,2.0,1.0,0.0,5,6,36,9,3,249,1,-0.9749279121818236,-0.2225209339563146,-1.0,-1.8369701987210297e-16,0.0,1,1.0,1,0.0,1,0.0,1,0.42857142857142855,0.7867957924694459,0.0,2.0,0.8571428571428571,0.7857142857142857,1.133893419027681,0.0,3.0,0.5454545454545454,1,101.85,-43.22999999999999,-0.4244477172312223,False,False,False,True,False,False,False,False,False,False,False,False,False,False,False,False,True,False,False,False,False,False,False,False,False,False,False,False,False,False,False,True,False,False,False,False
UAE,Formal Shirt,2025-09-07,Apparel,3.0,27.19,0.01,20.0,2.0,1.0,0.0,6,7,36,9,3,250,1,-0.7818314824680299,0.6234898018587334,-1.0,-1.8369701987210297e-16,2.0,1,0.0,1,0.0,1,0.0,1,0.5714285714285714,0.9759000729485351,0.0,2.0,1.0,0.8571428571428571,1.1454995906456322,0.0,3.0,0.6666666666666666,1,58.620000000000005,-31.430000000000003,-0.5361651313544865,False,False,False,True,False,False,False,False,False,False,False,False,False,False,False,False,True,False,False,False,False,False,False,False,False,False,False,False,False,False,False,True,False,False,False,False
UAE,Formal Shirt,2025-09-08,Apparel,0.0,27.19,,20.0,2.0,0.0,0.0,0,8,37,9,3,251,0,0.0,1.0,-1.0,-1.8369701987210297e-16,3.0,1,0.0,1,1.0,1,0.0,1,1.0,1.2909944487358065,0.0,3.0,1.2142857142857142,0.9642857142857143,1.2013000012992974,0.0,3.0,1.037037037037037,0,27.19,0.0,0.0,False,False,False,True,False,False,False,False,False,False,False,False,False,False,False,False,True,False,False,False,False,False,False,False,False,False,False,False,False,False,False,True,False,False,False,False
UAE,Formal Shirt,2025-09-09,Apparel,0.0,27.19,,20.0,2.0,0.0,0.0,1,9,37,9,3,252,0,0.7818314824680298,0.6234898018587336,-1.0,-1.8369701987210297e-16,0.0,1,2.0,1,3.0,1,0.0,1,1.0,1.2909944487358065,0.0,3.0,1.1428571428571428,0.9642857142857143,1.2013000012992974,0.0,3.0,1.037037037037037,0,27.19,0.0,0.0,False,False,False,True,False,False,False,False,False,False,False,False,False,False,False,False,True,False,False,False,False,False,False,False,False,False,False,False,False,False,False,True,False,False,False,False
UAE,Formal Shirt,2025-09-10,Apparel,0.0,27.19,,20.0,2.0,0.0,0.0,2,10,37,9,3,253,0,0.9749279121818236,-0.22252093395631434,-1.0,-1.8369701987210297e-16,0.0,1,0.0,1,2.0,1,0.0,1,0.7142857142857143,1.253566341056019,0.0,3.0,0.9285714285714286,0.9642857142857143,1.2013000012992974,0.0,3.0,0.7407407407407407,0,27.19,0.0,0.0,False,False,False,True,False,False,False,False,False,False,False,False,False,False,False,False,True,False,False,False,False,False,False,False,False,False,False,False,False,False,False,True,False,False,False,False
UAE,Formal Shirt,2025-09-11,Apparel,0.0,27.19,,20.0,2.0,0.0,0.0,3,11,37,9,3,254,0,0.43388373911755823,-0.900968867902419,-1.0,-1.8369701987210297e-16,0.0,1,0.0,1,3.0,1,1.0,1,0.7142857142857143,1.253566341056019,0.0,3.0,0.7857142857142857,0.9642857142857143,1.2013000012992974,0.0,3.0,0.7407407407407407,0,27.19,0.0,0.0,False,False,False,True,False,False,False,False,False,False,False,False,False,False,False,False,True,False,False,False,False,False,False,False,False,False,False,False,False,False,False,True,False,False,False,False
UAE,Formal Shirt,2025-09-12,Apparel,1.0,133.36,0.02,20.0,2.0,1.0,0.0,4,12,37,9,3,255,0,-0.433883739117558,-0.9009688679024191,-1.0,-1.8369701987210297e-16,0.0,1,0.0,1,0.0,1,1.0,1,0.7142857142857143,1.253566341056019,0.0,3.0,0.5714285714285714,0.9285714285714286,1.2149857925879113,0.0,3.0,0.7692307692307693,1,27.19,106.17000000000002,3.904744391320339,False,False,False,True,False,False,False,False,False,False,False,False,False,False,False,False,True,False,False,False,False,False,False,False,False,False,False,False,False,False,False,True,False,False,False,False
UAE,Formal Shirt,2025-09-13,Apparel,0.0,133.36,,20.0,2.0,0.0,0.0,5,13,37,9,3,256,1,-0.9749279121818236,-0.2225209339563146,-1.0,-1.8369701987210297e-16,1.0,1,2.0,1,1.0,1,2.0,1,0.8571428571428571,1.214985792587913,0.0,3.0,0.6428571428571429,0.9285714285714286,1.2149857925879113,0.0,3.0,0.923076923076923,0,133.36,0.0,0.0,False,False,False,True,False,False,False,False,False,False,False,False,False,False,False,False,True,False,False,False,False,False,False,False,False,False,False,False,False,False,False,True,False,False,False,False
UAE,Formal Shirt,2025-09-14,Apparel,3.0,134.6,0.02,20.0,2.0,1.0,0.0,6,14,37,9,3,257,1,-0.7818314824680299,0.6234898018587334,-1.0,-1.8369701987210297e-16,0.0,1,3.0,1,0.0,1,0.0,1,0.5714285714285714,1.1338934190276835,0.0,3.0,0.5714285714285714,0.8571428571428571,1.2084359562332871,0.0,3.0,0.6666666666666666,1,133.36,1.2399999999999807,0.00929814037192547,False,False,False,True,False,False,False,False,False,False,False,False,False,False,False,False,True,False,False,False,False,False,False,False,False,False,False,False,False,False,False,True,False,False,False,False
UAE,Formal Shirt,2025-09-15,Apparel,0.0,134.6,,20.0,2.0,0.0,0.0,0,15,38,9,3,258,0,0.0,1.0,-1.0,-1.8369701987210297e-16,3.0,1,0.0,1,0.0,1,0.0,1,0.5714285714285714,1.1338934190276835,0.0,3.0,0.7857142857142857,0.9642857142857143,1.2614554456142477,0.0,3.0,0.5925925925925926,0,134.6,0.0,0.0,False,False,False,True,False,False,False,False,False,False,False,False,False,False,False,False,True,False,False,False,False,False,False,False,False,False,False,False,False,False,False,True,False,False,False,False
UAE,Formal Shirt,2025-09-16,Apparel,1.0,102.6,0.09,20.0,2.0,1.0,0.0,1,16,38,9,3,259,0,0.7818314824680298,0.6234898018587336,-1.0,-1.8369701987210297e-16,0.0,1,0.0,1,2.0,1,0.0,1,0.5714285714285714,1.1338934190276835,0.0,3.0,0.7857142857142857,0.9642857142857143,1.2614554456142477,0.0,3.0,0.5925925925925926,1,134.6,-32.0,-0.23774145616641904,False,False,False,True,False,False,False,False,False,False,False,False,False,False,False,False,True,False,False,False,False,False,False,False,False,False,False,False,False,False,False,True,False,False,False,False
UAE,Formal Shirt,2025-09-17,Apparel,0.0,102.6,,20.0,2.0,0.0,0.0,2,17,38,9,3,260,0,0.9749279121818236,-0.22252093395631434,-1.0,-1.8369701987210297e-16,1.0,1,0.0,1,0.0,1,3.0,1,0.7142857142857143,1.112697280528375,0.0,3.0,0.7142857142857143,1.0,1.2472191289246466,0.0,3.0,0.7142857142857143,0,102.6,0.0,0.0,False,False,False,True,False,False,False,False,False,False,False,False,False,False,False,False,True,False,False,False,False,False,False,False,False,False,False,False,False,False,False,True,False,False,False,False
UAE,Formal Shirt,2025-09-18,Apparel,1.0,58.41,0.02,20.0,2.0,1.0,0.0,3,18,38,9,3,261,0,0.43388373911755823,-0.900968867902419,-1.0,-1.8369701987210297e-16,0.0,1,0.0,1,0.0,1,0.0,1,0.7142857142857143,1.112697280528375,0.0,3.0,0.7142857142857143,0.8928571428571429,1.1968874978625523,0.0,3.0,0.7999999999999999,1,102.6,-44.19,-0.4307017543859649,False,False,False,True,False,False,False,False,False,False,False,False,False,False,False,False,True,False,False,False,False,False,False,False,False,False,False,False,False,False,False,True,False,False,False,False
UAE,Formal Shirt,2025-09-19,Apparel,0.0,58.41,,20.0,2.0,0.0,0.0,4,19,38,9,3,262,0,-0.433883739117558,-0.9009688679024191,-1.0,-1.8369701987210297e-16,1.0,1,1.0,1,0.0,1,3.0,1,0.8571428571428571,1.069044967649699,0.0,3.0,0.7857142857142857,0.9285714285714286,1.1841099620036988,0.0,3.0,0.923076923076923,0,58.41,0.0,0.0,False,False,False,True,False,False,False,False,False,False,False,False,False,False,False,False,True,False,False,False,False,False,False,False,False,False,False,False,False,False,False,True,False,False,False,False
UAE,Formal Shirt,2025-09-20,Apparel,0.0,58.41,,20.0,2.0,0.0,0.0,5,20,38,9,3,263,1,-0.9749279121818236,-0.2225209339563146,-1.0,-1.8369701987210297e-16,0.0,1,0.0,1,2.0,1,0.0,1,0.7142857142857143,1.112697280528375,0.0,3.0,0.7857142857142857,0.8214285714285714,1.1239339452243233,0.0,3.0,0.8695652173913044,0,58.41,0.0,0.0,False,False,False,True,False,False,False,False,False,False,False,False,False,False,False,False,True,False,False,False,False,False,False,False,False,False,False,False,False,False,False,True,False,False,False,False
UAE,Formal Shirt,2025-09-21,Apparel,3.0,89.44,0.12,20.0,2.0,1.0,0.0,6,21,38,9,3,264,1,-0.7818314824680299,0.6234898018587334,-1.0,-1.8369701987210297e-16,0.0,1,3.0,1,3.0,1,0.0,1,0.7142857142857143,1.112697280528375,0.0,3.0,0.6428571428571429,0.8214285714285714,1.1239339452243233,0.0,3.0,0.8695652173913044,1,58.41,31.03,0.5312446498887178,False,False,False,True,False,False,False,False,False,False,False,False,False,False,False,False,True,False,False,False,False,False,False,False,False,False,False,False,False,False,False,True,False,False,False,False
UAE,Formal Shirt,2025-09-22,Apparel,0.0,89.44,,20.0,2.0,0.0,0.0,0,22,39,9,3,265,0,0.0,1.0,-1.0,-1.8369701987210297e-16,3.0,1,0.0,1,0.0,1,1.0,1,0.7142857142857143,1.112697280528375,0.0,3.0,0.6428571428571429,0.9285714285714286,1.1841099620036988,0.0,3.0,0.7692307692307693,0,89.44,0.0,0.0,False,False,False,True,False,False,False,False,False,False,False,False,False,False,False,False,True,False,False,False,False,False,False,False,False,False,False,False,False,False,False,True,False,False,False,False
UAE,Formal Shirt,2025-09-23,Apparel,0.0,89.44,,20.0,2.0,0.0,0.0,1,23,39,9,3,266,0,0.7818314824680298,0.6234898018587336,-1.0,-1.8369701987210297e-16,0.0,1,1.0,1,0.0,1,3.0,1,0.7142857142857143,1.112697280528375,0.0,3.0,0.6428571428571429,0.8928571428571429,1.1968874978625523,0.0,3.0,0.7999999999999999,0,89.44,0.0,0.0,False,False,False,True,False,False,False,False,False,False,False,False,False,False,False,False,True,False,False,False,False,False,False,False,False,False,False,False,False,False,False,True,False,False,False,False
UAE,Formal Shirt,2025-09-24,Apparel,0.0,89.44,,20.0,2.0,0.0,0.0,2,24,39,9,3,267,0,0.9749279121818236,-0.22252093395631434,-1.0,-1.8369701987210297e-16,0.0,1,0.0,1,0.0,1,2.0,1,0.5714285714285714,1.1338934190276835,0.0,3.0,0.6428571428571429,0.7857142857142857,1.133893419027681,0.0,3.0,0.7272727272727273,0,89.44,0.0,0.0,False,False,False,True,False,False,False,False,False,False,False,False,False,False,False,False,True,False,False,False,False,False,False,False,False,False,False,False,False,False,False,True,False,False,False,False
UAE,Formal Shirt,2025-09-25,Apparel,0.0,89.44,,20.0,2.0,0.0,0.0,3,25,39,9,3,268,0,0.43388373911755823,-0.900968867902419,-1.0,-1.8369701987210297e-16,0.0,1,1.0,1,0.0,1,3.0,1,0.5714285714285714,1.1338934190276835,0.0,3.0,0.6428571428571429,0.7142857142857143,1.1174422797967005,0.0,3.0,0.7999999999999999,0,89.44,0.0,0.0,False,False,False,True,False,False,False,False,False,False,False,False,False,False,False,False,True,False,False,False,False,False,False,False,False,False,False,False,False,False,False,True,False,False,False,False
UAE,Formal Shirt,2025-09-26,Apparel,0.0,89.44,,20.0,2.0,0.0,0.0,4,26,39,9,3,269,0,-0.433883739117558,-0.9009688679024191,-1.0,-1.8369701987210297e-16,0.0,1,0.0,1,1.0,1,0.0,1,0.42857142857142855,1.1338934190276837,0.0,3.0,0.6428571428571429,0.6071428571428571,1.0306159867619515,0.0,3.0,0.7058823529411765,0,89.44,0.0,0.0,False,False,False,True,False,False,False,False,False,False,False,False,False,False,False,False,True,False,False,False,False,False,False,False,False,False,False,False,False,False,False,True,False,False,False,False
UAE,Formal Shirt,2025-09-27,Apparel,0.0,89.44,,20.0,2.0,0.0,0.0,5,27,39,9,3,270,1,-0.9749279121818236,-0.2225209339563146,-1.0,-1.8369701987210297e-16,0.0,1,0.0,1,0.0,1,1.0,1,0.42857142857142855,1.1338934190276837,0.0,3.0,0.5714285714285714,0.6071428571428571,1.0306159867619515,0.0,3.0,0.7058823529411765,0,89.44,0.0,0.0,False,False,False,True,False,False,False,False,False,False,False,False,False,False,False,False,True,False,False,False,False,False,False,False,False,False,False,False,False,False,False,True,False,False,False,False
UAE,Formal Shirt,2025-09-28,Apparel,0.0,89.44,,20.0,2.0,0.0,0.0,6,28,39,9,3,271,1,-0.7818314824680299,0.6234898018587334,-1.0,-1.8369701987210297e-16,0.0,1,3.0,1,3.0,1,0.0,1,0.42857142857142855,1.1338934190276837,0.0,3.0,0.5714285714285714,0.5714285714285714,1.0338196500275412,0.0,3.0,0.75,0,89.44,0.0,0.0,False,False,False,True,False,False,False,False,False,False,False,False,False,False,False,False,True,False,False,False,False,False,False,False,False,False,False,False,False,False,False,True,False,False,False,False
UAE,Formal Shirt,2025-09-29,Apparel,0.0,89.44,,20.0,2.0,0.0,0.0,0,29,40,9,3,272,0,0.0,1.0,-1.0,-1.8369701987210297e-16,0.0,1,0.0,1,0.0,1,0.0,1,0.0,0.0,0.0,0.0,0.35714285714285715,0.5714285714285714,1.0338196500275412,0.0,3.0,0.0,0,89.44,0.0,0.0,False,False,False,True,False,False,False,False,False,False,False,False,False,False,False,False,True,False,False,False,False,False,False,False,False,False,False,False,False,False,False,True,False,False,False,False
UAE,Formal Shirt,2025-09-30,Apparel,6.0,72.86666666666666,0.13,20.0,2.0,1.0,1.0,1,30,40,9,3,273,0,0.7818314824680298,0.6234898018587336,-1.0,-1.8369701987210297e-16,0.0,1,0.0,1,1.0,1,2.0,1,0.0,0.0,0.0,0.0,0.35714285714285715,0.5714285714285714,1.0338196500275412,0.0,3.0,0.0,1,89.44,-16.573333333333338,-0.18530113297555165,False,False,False,True,False,False,False,False,False,False,False,False,False,False,False,False,True,False,False,False,False,False,False,False,False,False,False,False,False,False,False,True,False,False,False,False
UAE,Formal Shirt,2025-10-01,Apparel,0.0,72.86666666666666,,20.0,2.0,0.0,0.0,2,1,40,10,4,274,0,0.9749279121818236,-0.22252093395631434,-0.8660254037844386,0.5000000000000001,6.0,1,0.0,1,0.0,1,0.0,1,0.8571428571428571,2.267786838055364,0.0,6.0,0.7142857142857143,0.7142857142857143,1.4364860122855574,0.0,6.0,1.2,0,72.86666666666666,0.0,0.0,False,False,False,True,False,False,False,False,False,False,False,False,False,False,False,False,True,False,False,False,False,False,False,False,False,False,False,False,False,False,False,True,False,False,False,False
UAE,Formal Shirt,2025-10-02,Apparel,2.0,144.47,0.09,20.0,2.0,1.0,0.0,3,2,40,10,4,275,0,0.43388373911755823,-0.900968867902419,-0.8660254037844386,0.5000000000000001,0.0,1,0.0,1,1.0,1,0.0,1,0.8571428571428571,2.267786838055364,0.0,6.0,0.7142857142857143,0.7142857142857143,1.4364860122855574,0.0,6.0,1.2,1,72.86666666666666,71.60333333333334,0.9826623970722783,False,False,False,True,False,False,False,False,False,False,False,False,False,False,False,False,True,False,False,False,False,False,False,False,False,False,False,False,False,False,False,True,False,False,False,False
UAE,Formal Shirt,2025-10-03,Apparel,0.0,144.47,,20.0,2.0,0.0,0.0,4,3,40,10,4,276,0,-0.433883739117558,-0.9009688679024191,-0.8660254037844386,0.5000000000000001,2.0,1,0.0,1,0.0,1,0.0,1,1.1428571428571428,2.267786838055364,0.0,6.0,0.7857142857142857,0.7857142857142857,1.449320220147742,0.0,6.0,1.4545454545454546,0,144.47,0.0,0.0,False,False,False,True,False,False,False,False,False,False,False,False,False,False,False,False,True,False,False,False,False,False,False,False,False,False,False,False,False,False,False,True,False,False,False,False
UAE,Formal Shirt,2025-10-04,Apparel,0.0,144.47,,20.0,2.0,0.0,0.0,5,4,40,10,4,277,1,-0.9749279121818236,-0.2225209339563146,-0.8660254037844386,0.5000000000000001,0.0,1,0.0,1,0.0,1,2.0,1,1.1428571428571428,2.267786838055364,0.0,6.0,0.7857142857142857,0.7857142857142857,1.449320220147742,0.0,6.0,1.4545454545454546,0,144.47,0.0,0.0,False,False,False,True,False,False,False,False,False,False,False,False,False,False,False,False,True,False,False,False,False,False,False,False,False,False,False,False,False,False,False,True,False,False,False,False
UAE,Formal Shirt,2025-10-05,Apparel,0.0,144.47,,20.0,2.0,0.0,0.0,6,5,40,10,4,278,1,-0.7818314824680299,0.6234898018587334,-0.8660254037844386,0.5000000000000001,0.0,1,0.0,1,3.0,1,3.0,1,1.1428571428571428,2.267786838055364,0.0,6.0,0.7857142857142857,0.7142857142857143,1.4364860122855574,0.0,6.0,1.5999999999999999,0,144.47,0.0,0.0,False,False,False,True,False,False,False,False,False,False,False,False,False,False,False,False,True,False,False,False,False,False,False,False,False,False,False,False,False,False,False,True,False,False,False,False
UAE,Formal Shirt,2025-10-06,Apparel,3.0,143.62,0.06,20.0,2.0,1.0,0.0,0,6,41,10,4,279,0,0.0,1.0,-0.8660254037844386,0.5000000000000001,0.0,1,0.0,1,0.0,1,0.0,1,1.1428571428571428,2.267786838055364,0.0,6.0,0.5714285714285714,0.6071428571428571,1.3700307029348378,0.0,6.0,1.8823529411764706,1,144.47,-0.8499999999999943,-0.005883574444521315,False,False,False,True,False,False,False,False,False,False,False,False,False,False,False,False,True,False,False,False,False,False,False,False,False,False,False,False,False,False,False,True,False,False,False,False
UAE,Formal Shirt,2025-10-07,Apparel,1.0,135.3,0.02,20.0,2.0,1.0,0.0,1,7,41,10,4,280,0,0.7818314824680298,0.6234898018587336,-0.8660254037844386,0.5000000000000001,3.0,1,6.0,1,0.0,1,0.0,1,1.5714285714285714,2.29906813420444,0.0,6.0,0.7857142857142857,0.7142857142857143,1.4364860122855574,0.0,6.0,2.1999999999999997,1,143.62,-8.319999999999993,-0.05793065032725242,False,False,False,True,False,False,False,False,False,False,False,False,False,False,False,False,True,False,False,False,False,False,False,False,False,False,False,False,False,False,False,True,False,False,False,False
UAE,Formal Shirt,2025-10-08,Apparel,1.0,11.98,0.12,20.0,2.0,1.0,0.0,2,8,41,10,4,281,0,0.9749279121818236,-0.22252093395631434,-0.8660254037844386,0.5000000000000001,1.0,1,0.0,1,0.0,1,0.0,1,0.8571428571428571,1.2149857925879128,0.0,3.0,0.8571428571428571,0.75,1.43048813217597,0.0,6.0,1.1428571428571428,1,135.3,-123.32000000000001,-0.9114560236511455,False,False,False,True,False,False,False,False,False,False,False,False,False,False,False,False,True,False,False,False,False,False,False,False,False,False,False,False,False,False,False,True,False,False,False,False
UAE,Formal Shirt,2025-10-09,Apparel,0.0,11.98,,20.0,2.0,0.0,0.0,3,9,41,10,4,282,0,0.43388373911755823,-0.900968867902419,-0.8660254037844386,0.5000000000000001,1.0,1,2.0,1,0.0,1,0.0,1,1.0,1.1547005383792526,0.0,3.0,0.9285714285714286,0.7857142857142857,1.4235360994562187,0.0,6.0,1.2727272727272727,0,11.98,0.0,0.0,False,False,False,True,False,False,False,False,False,False,False,False,False,False,False,False,True,False,False,False,False,False,False,False,False,False,False,False,False,False,False,True,False,False,False,False
UAE,Formal Shirt,2025-10-10,Apparel,0.0,11.98,,20.0,2.0,0.0,0.0,4,10,41,10,4,283,0,-0.433883739117558,-0.9009688679024191,-0.8660254037844386,0.5000000000000001,0.0,1,0.0,1,0.0,1,1.0,1,0.7142857142857143,1.112697280528375,0.0,3.0,0.9285714285714286,0.7857142857142857,1.4235360994562187,0.0,6.0,0.9090909090909092,0,11.98,0.0,0.0,False,False,False,True,False,False,False,False,False,False,False,False,False,False,False,False,True,False,False,False,False,False,False,False,False,False,False,False,False,False,False,True,False,False,False,False
UAE,Formal Shirt,2025-10-11,Apparel,0.0,11.98,,20.0,2.0,0.0,0.0,5,11,41,10,4,284,1,-0.9749279121818236,-0.2225209339563146,-0.8660254037844386,0.5000000000000001,0.0,1,0.0,1,0.0,1,0.0,1,0.7142857142857143,1.112697280528375,0.0,3.0,0.9285714285714286,0.75,1.43048813217597,0.0,6.0,0.9523809523809524,0,11.98,0.0,0.0,False,False,False,True,False,False,False,False,False,False,False,False,False,False,False,False,True,False,False,False,False,False,False,False,False,False,False,False,False,False,False,True,False,False,False,False
UAE,Formal Shirt,2025-10-12,Apparel,0.0,11.98,,20.0,2.0,0.0,0.0,6,12,41,10,4,285,1,-0.7818314824680299,0.6234898018587334,-0.8660254037844386,0.5000000000000001,0.0,1,0.0,1,0.0,1,3.0,1,0.7142857142857143,1.112697280528375,0.0,3.0,0.9285714285714286,0.75,1.43048813217597,0.0,6.0,0.9523809523809524,0,11.98,0.0,0.0,False,False,False,True,False,False,False,False,False,False,False,False,False,False,False,False,True,False,False,False,False,False,False,False,False,False,False,False,False,False,False,True,False,False,False,False
UAE,Formal Shirt,2025-10-13,Apparel,0.0,11.98,,20.0,2.0,0.0,0.0,0,13,42,10,4,286,0,0.0,1.0,-0.8660254037844386,0.5000000000000001,0.0,1,3.0,1,0.0,1,0.0,1,0.7142857142857143,1.112697280528375,0.0,3.0,0.9285714285714286,0.6428571428571429,1.3666473091931461,0.0,6.0,1.1111111111111112,0,11.98,0.0,0.0,False,False,False,True,False,False,False,False,False,False,False,False,False,False,False,False,True,False,False,False,False,False,False,False,False,False,False,False,False,False,False,True,False,False,False,False
UAE,Formal Shirt,2025-10-14,Apparel,0.0,11.98,,20.0,2.0,0.0,0.0,1,14,42,10,4,287,0,0.7818314824680298,0.6234898018587336,-0.8660254037844386,0.5000000000000001,0.0,1,1.0,1,6.0,1,1.0,1,0.2857142857142857,0.4879500364742717,0.0,1.0,0.9285714285714286,0.6428571428571429,1.3666473091931461,0.0,6.0,0.44444444444444436,0,11.98,0.0,0.0,False,False,False,True,False,False,False,False,False,False,False,False,False,False,False,False,True,False,False,False,False,False,False,False,False,False,False,False,False,False,False,True,False,False,False,False
UAE,Formal Shirt,2025-10-15,Apparel,0.0,11.98,,20.0,2.0,0.0,0.0,2,15,42,10,4,288,0,0.9749279121818236,-0.22252093395631434,-0.8660254037844386,0.5000000000000001,0.0,1,1.0,1,0.0,1,0.0,1,0.14285714285714285,0.3779644730092345,0.0,1.0,0.5,0.6071428571428571,1.3700307029348378,0.0,6.0,0.23529411764705882,0,11.98,0.0,0.0,False,False,False,True,False,False,False,False,False,False,False,False,False,False,False,False,True,False,False,False,False,False,False,False,False,False,False,False,False,False,False,True,False,False,False,False
UAE,Formal Shirt,2025-10-16,Apparel,0.0,11.98,,20.0,2.0,0.0,0.0,3,16,42,10,4,289,0,0.43388373911755823,-0.900968867902419,-0.8660254037844386,0.5000000000000001,0.0,1,0.0,1,2.0,1,1.0,1,0.0,0.0,0.0,0.0,0.5,0.6071428571428571,1.3700307029348378,0.0,6.0,0.0,0,11.98,0.0,0.0,False,False,False,True,False,False,False,False,False,False,False,False,False,False,False,False,True,False,False,False,False,False,False,False,False,False,False,False,False,False,False,True,False,False,False,False
UAE,Formal Shirt,2025-10-17,Apparel,0.0,11.98,,20.0,2.0,0.0,0.0,4,17,42,10,4,290,0,-0.433883739117558,-0.9009688679024191,-0.8660254037844386,0.5000000000000001,0.0,1,0.0,1,0.0,1,0.0,1,0.0,0.0,0.0,0.0,0.35714285714285715,0.5714285714285714,1.3724423061090336,0.0,6.0,0.0,0,11.98,0.0,0.0,False,False,False,True,False,False,False,False,False,False,False,False,False,False,False,False,True,False,False,False,False,False,False,False,False,False,False,False,False,False,False,True,False,False,False,False
UAE,Formal Shirt,2025-10-18,Apparel,2.0,58.09,0.02,20.0,2.0,1.0,0.0,5,18,42,10,4,291,1,-0.9749279121818236,-0.2225209339563146,-0.8660254037844386,0.5000000000000001,0.0,1,0.0,1,0.0,1,0.0,1,0.0,0.0,0.0,0.0,0.35714285714285715,0.5714285714285714,1.3724423061090336,0.0,6.0,0.0,1,11.98,46.11,3.848914858096828,False,False,False,True,False,False,False,False,False,False,False,False,False,False,False,False,True,False,False,False,False,False,False,False,False,False,False,False,False,False,False,True,False,False,False,False
UAE,Formal Shirt,2025-10-19,Apparel,0.0,58.09,,20.0,2.0,0.0,0.0,6,19,42,10,4,292,1,-0.7818314824680299,0.6234898018587334,-0.8660254037844386,0.5000000000000001,2.0,1,0.0,1,0.0,1,3.0,1,0.2857142857142857,0.7559289460184577,0.0,2.0,0.5,0.6428571428571429,1.3934844605516563,0.0,6.0,0.44444444444444436,0,58.09,0.0,0.0,False,False,False,True,False,False,False,False,False,False,False,False,False,False,False,False,True,False,False,False,False,False,False,False,False,False,False,False,False,False,False,True,False,False,False,False
UAE,Formal Shirt,2025-10-20,Apparel,0.0,58.09,,20.0,2.0,0.0,0.0,0,20,43,10,4,293,0,0.0,1.0,-0.8660254037844386,0.5000000000000001,0.0,1,0.0,1,3.0,1,0.0,1,0.2857142857142857,0.7559289460184577,0.0,2.0,0.5,0.5357142857142857,1.318869966834482,0.0,6.0,0.5333333333333333,0,58.09,0.0,0.0,False,False,False,True,False,False,False,False,False,False,False,False,False,False,False,False,True,False,False,False,False,False,False,False,False,False,False,False,False,False,False,True,False,False,False,False
UAE,Formal Shirt,2025-10-21,Apparel,0.0,58.09,,20.0,2.0,0.0,0.0,1,21,43,10,4,294,0,0.7818314824680298,0.6234898018587336,-0.8660254037844386,0.5000000000000001,0.0,1,0.0,1,1.0,1,0.0,1,0.2857142857142857,0.7559289460184577,0.0,2.0,0.2857142857142857,0.5357142857142857,1.318869966834482,0.0,6.0,0.5333333333333333,0,58.09,0.0,0.0,False,False,False,True,False,False,False,False,False,False,False,False,False,False,False,False,True,False,False,False,False,False,False,False,False,False,False,False,False,False,False,True,False,False,False,False
UAE,Formal Shirt,2025-10-22,Apparel,0.0,58.09,,20.0,2.0,0.0,0.0,2,22,43,10,4,295,0,0.9749279121818236,-0.22252093395631434,-0.8660254037844386,0.5000000000000001,0.0,1,0.0,1,1.0,1,0.0,1,0.2857142857142857,0.7559289460184577,0.0,2.0,0.21428571428571427,0.5357142857142857,1.318869966834482,0.0,6.0,0.5333333333333333,0,58.09,0.0,0.0,False,False,False,True,False,False,False,False,False,False,False,False,False,False,False,False,True,False,False,False,False,False,False,False,False,False,False,False,False,False,False,True,False,False,False,False
UAE,Formal Shirt,2025-10-23,Apparel,0.0,58.09,,20.0,2.0,0.0,0.0,3,23,43,10,4,296,0,0.43388373911755823,-0.900968867902419,-0.8660254037844386,0.5000000000000001,0.0,1,0.0,1,0.0,1,0.0,1,0.2857142857142857,0.7559289460184577,0.0,2.0,0.14285714285714285,0.5357142857142857,1.318869966834482,0.0,6.0,0.5333333333333333,0,58.09,0.0,0.0,False,False,False,True,False,False,False,False,False,False,False,False,False,False,False,False,True,False,False,False,False,False,False,False,False,False,False,False,False,False,False,True,False,False,False,False
UAE,Formal Shirt,2025-10-24,Apparel,0.0,58.09,,20.0,2.0,0.0,0.0,4,24,43,10,4,297,0,-0.433883739117558,-0.9009688679024191,-0.8660254037844386,0.5000000000000001,0.0,1,0.0,1,0.0,1,0.0,1,0.2857142857142857,0.7559289460184577,0.0,2.0,0.14285714285714285,0.5357142857142857,1.318869966834482,0.0,6.0,0.5333333333333333,0,58.09,0.0,0.0,False,False,False,True,False,False,False,False,False,False,False,False,False,False,False,False,True,False,False,False,False,False,False,False,False,False,False,False,False,False,False,True,False,False,False,False
UAE,Formal Shirt,2025-10-25,Apparel,0.0,58.09,,20.0,2.0,0.0,0.0,5,25,43,10,4,298,1,-0.9749279121818236,-0.2225209339563146,-0.8660254037844386,0.5000000000000001,0.0,1,2.0,1,0.0,1,0.0,1,0.2857142857142857,0.7559289460184577,0.0,2.0,0.14285714285714285,0.5357142857142857,1.318869966834482,0.0,6.0,0.5333333333333333,0,58.09,0.0,0.0,False,False,False,True,False,False,False,False,False,False,False,False,False,False,False,False,True,False,False,False,False,False,False,False,False,False,False,False,False,False,False,True,False,False,False,False
UAE,Formal Shirt,2025-10-26,Apparel,0.0,58.09,,20.0,2.0,0.0,0.0,6,26,43,10,4,299,1,-0.7818314824680299,0.6234898018587334,-0.8660254037844386,0.5000000000000001,0.0,1,0.0,1,0.0,1,0.0,1,0.0,0.0,0.0,0.0,0.14285714285714285,0.5357142857142857,1.318869966834482,0.0,6.0,0.0,0,58.09,0.0,0.0,False,False,False,True,False,False,False,False,False,False,False,False,False,False,False,False,True,False,False,False,False,False,False,False,False,False,False,False,False,False,False,True,False,False,False,False
UAE,Formal Shirt,2025-10-27,Apparel,0.0,58.09,,20.0,2.0,0.0,0.0,0,27,44,10,4,300,0,0.0,1.0,-0.8660254037844386,0.5000000000000001,0.0,1,0.0,1,0.0,1,0.0,1,0.0,0.0,0.0,0.0,0.14285714285714285,0.5357142857142857,1.318869966834482,0.0,6.0,0.0,0,58.09,0.0,0.0,False,False,False,True,False,False,False,False,False,False,False,False,False,False,False,False,True,False,False,False,False,False,False,False,False,False,False,False,False,False,False,True,False,False,False,False
UAE,Formal Shirt,2025-10-28,Apparel,3.0,105.53,0.1,20.0,2.0,1.0,0.0,1,28,44,10,4,301,0,0.7818314824680298,0.6234898018587336,-0.8660254037844386,0.5000000000000001,0.0,1,0.0,1,0.0,1,6.0,1,0.0,0.0,0.0,0.0,0.14285714285714285,0.5357142857142857,1.318869966834482,0.0,6.0,0.0,1,58.09,47.44,0.8166637975555172,False,False,False,True,False,False,False,False,False,False,False,False,False,False,False,False,True,False,False,False,False,False,False,False,False,False,False,False,False,False,False,True,False,False,False,False
UAE,Formal Shirt,2025-10-29,Apparel,0.0,105.53,,20.0,2.0,0.0,0.0,2,29,44,10,4,302,0,0.9749279121818236,-0.22252093395631434,-0.8660254037844386,0.5000000000000001,3.0,1,0.0,1,0.0,1,0.0,1,0.42857142857142855,1.1338934190276835,0.0,3.0,0.35714285714285715,0.42857142857142855,0.9200874124564716,0.0,3.0,1.0,0,105.53,0.0,0.0,False,False,False,True,False,False,False,False,False,False,False,False,False,False,False,False,True,False,False,False,False,False,False,False,False,False,False,False,False,False,False,True,False,False,False,False
UAE,Formal Shirt,2025-10-30,Apparel,0.0,105.53,,20.0,2.0,0.0,0.0,3,30,44,10,4,303,0,0.43388373911755823,-0.900968867902419,-0.8660254037844386,0.5000000000000001,0.0,1,0.0,1,0.0,1,2.0,1,0.42857142857142855,1.1338934190276835,0.0,3.0,0.35714285714285715,0.42857142857142855,0.9200874124564716,0.0,3.0,1.0,0,105.53,0.0,0.0,False,False,False,True,False,False,False,False,False,False,False,False,False,False,False,False,True,False,False,False,False,False,False,False,False,False,False,False,False,False,False,True,False,False,False,False
UAE,Formal Shirt,2025-10-31,Apparel,0.0,105.53,,20.0,2.0,0.0,0.0,4,31,44,10,4,304,0,-0.433883739117558,-0.9009688679024191,-0.8660254037844386,0.5000000000000001,0.0,1,0.0,1,0.0,1,0.0,1,0.42857142857142855,1.1338934190276835,0.0,3.0,0.35714285714285715,0.35714285714285715,0.8698354767504918,0.0,3.0,1.2,0,105.53,0.0,0.0,False,False,False,True,False,False,False,False,False,False,False,False,False,False,False,False,True,False,False,False,False,False,False,False,False,False,False,False,False,False,False,True,False,False,False,False
UAE,Formal Shirt,2025-11-01,Apparel,0.0,105.53,,20.0,2.0,0.0,0.0,5,1,44,11,4,305,1,-0.9749279121818236,-0.2225209339563146,-0.5000000000000004,0.8660254037844384,0.0,1,0.0,1,2.0,1,0.0,1,0.42857142857142855,1.1338934190276835,0.0,3.0,0.35714285714285715,0.35714285714285715,0.8698354767504918,0.0,3.0,1.2,0,105.53,0.0,0.0,False,False,False,True,False,False,False,False,False,False,False,False,False,False,False,False,True,False,False,False,False,False,False,False,False,False,False,False,False,False,False,True,False,False,False,False
UAE,Formal Shirt,2025-11-02,Apparel,0.0,105.53,,20.0,2.0,0.0,0.0,6,2,44,11,4,306,1,-0.7818314824680299,0.6234898018587334,-0.5000000000000004,0.8660254037844384,0.0,1,0.0,1,0.0,1,0.0,1,0.42857142857142855,1.1338934190276835,0.0,3.0,0.21428571428571427,0.35714285714285715,0.8698354767504918,0.0,3.0,1.2,0,105.53,0.0,0.0,False,False,False,True,False,False,False,False,False,False,False,False,False,False,False,False,True,False,False,False,False,False,False,False,False,False,False,False,False,False,False,True,False,False,False,False
UAE,Formal Shirt,2025-11-03,Apparel,0.0,105.53,,20.0,2.0,0.0,0.0,0,3,45,11,4,307,0,0.0,1.0,-0.5000000000000004,0.8660254037844384,0.0,1,0.0,1,0.0,1,3.0,1,0.42857142857142855,1.1338934190276835,0.0,3.0,0.21428571428571427,0.35714285714285715,0.8698354767504918,0.0,3.0,1.2,0,105.53,0.0,0.0,False,False,False,True,False,False,False,False,False,False,False,False,False,False,False,False,True,False,False,False,False,False,False,False,False,False,False,False,False,False,False,True,False,False,False,False
UAE,Formal Shirt,2025-11-04,Apparel,2.0,66.6,0.21,20.0,2.0,1.0,0.0,1,4,45,11,4,308,0,0.7818314824680298,0.6234898018587336,-0.5000000000000004,0.8660254037844384,0.0,1,3.0,1,0.0,1,1.0,1,0.42857142857142855,1.1338934190276835,0.0,3.0,0.21428571428571427,0.25,0.700528900717693,0.0,3.0,1.7142857142857142,1,105.53,-38.93000000000001,-0.36889983890836736,False,False,False,True,False,False,False,False,False,False,False,False,False,False,False,False,True,False,False,False,False,False,False,False,False,False,False,False,False,False,False,True,False,False,False,False
UAE,Formal Shirt,2025-11-05,Apparel,5.0,133.46,0.23,20.0,2.0,1.0,1.0,2,5,45,11,4,309,0,0.9749279121818236,-0.22252093395631434,-0.5000000000000004,0.8660254037844384,2.0,1,0.0,1,0.0,1,1.0,1,0.2857142857142857,0.7559289460184576,0.0,2.0,0.35714285714285715,0.2857142857142857,0.7628961803617716,0.0,3.0,1.0,1,66.6,66.86000000000001,1.0039039039039042,False,False,False,True,False,False,False,False,False,False,False,False,False,False,False,False,True,False,False,False,False,False,False,False,False,False,False,False,False,False,False,True,False,False,False,False
UAE,Formal Shirt,2025-11-06,Apparel,5.0,19.78,0.26,20.0,2.0,1.0,1.0,3,6,45,11,4,310,0,0.43388373911755823,-0.900968867902419,-0.5000000000000004,0.8660254037844384,5.0,1,0.0,1,0.0,1,0.0,1,1.0,1.9148542155126769,0.0,5.0,0.7142857142857143,0.42857142857142855,1.1683661091795514,0.0,5.0,2.3333333333333335,1,133.46,-113.68,-0.8517907987411959,False,False,False,True,False,False,False,False,False,False,False,False,False,False,False,False,True,False,False,False,False,False,False,False,False,False,False,False,False,False,False,True,False,False,False,False
UAE,Formal Shirt,2025-11-07,Apparel,4.0,76.57,0.16,20.0,2.0,1.0,0.0,4,7,45,11,4,311,0,-0.433883739117558,-0.9009688679024191,-0.5000000000000004,0.8660254037844384,5.0,1,0.0,1,0.0,1,0.0,1,1.7142857142857142,2.3603873774083293,0.0,5.0,1.0714285714285714,0.6071428571428571,1.448863813202037,0.0,5.0,2.823529411764706,1,19.78,56.78999999999999,2.8710819009100095,False,False,False,True,False,False,False,False,False,False,False,False,False,False,False,False,True,False,False,False,False,False,False,False,False,False,False,False,False,False,False,True,False,False,False,False
UAE,Formal Shirt,2025-11-08,Apparel,3.0,69.47,0.27,20.0,2.0,1.0,0.0,5,8,45,11,4,312,1,-0.9749279121818236,-0.2225209339563146,-0.5000000000000004,0.8660254037844384,4.0,1,0.0,1,0.0,1,0.0,1,2.2857142857142856,2.360387377408329,0.0,5.0,1.3571428571428572,0.75,1.5782080790379762,0.0,5.0,3.0476190476190474,1,76.57,-7.099999999999994,-0.09272561055243561,False,False,False,True,False,False,False,False,False,False,False,False,False,False,False,False,True,False,False,False,False,False,False,False,False,False,False,False,False,False,False,True,False,False,False,False
UAE,Formal Shirt,2025-11-09,Apparel,0.0,69.47,,20.0,2.0,0.0,0.0,6,9,45,11,4,313,1,-0.7818314824680299,0.6234898018587334,-0.5000000000000004,0.8660254037844384,3.0,1,0.0,1,0.0,1,0.0,1,2.7142857142857144,2.138089935299394,0.0,5.0,1.5714285714285714,0.8571428571428571,1.626500121580888,0.0,5.0,3.166666666666667,0,69.47,0.0,0.0,False,False,False,True,False,False,False,False,False,False,False,False,False,False,False,False,True,False,False,False,False,False,False,False,False,False,False,False,False,False,False,True,False,False,False,False
UAE,Formal Shirt,2025-11-10,Apparel,0.0,69.47,,20.0,2.0,0.0,0.0,0,10,46,11,4,314,0,0.0,1.0,-0.5000000000000004,0.8660254037844384,0.0,1,0.0,1,0.0,1,0.0,1,2.7142857142857144,2.138089935299394,0.0,5.0,1.5714285714285714,0.8571428571428571,1.626500121580888,0.0,5.0,3.166666666666667,0,69.47,0.0,0.0,False,False,False,True,False,False,False,False,False,False,False,False,False,False,False,False,True,False,False,False,False,False,False,False,False,False,False,False,False,False,False,True,False,False,False,False
UAE,Formal Shirt,2025-11-11,Apparel,0.0,69.47,,20.0,2.0,0.0,0.0,1,11,46,11,4,315,0,0.7818314824680298,0.6234898018587336,-0.5000000000000004,0.8660254037844384,0.0,1,2.0,1,3.0,1,0.0,1,2.7142857142857144,2.138089935299394,0.0,5.0,1.5714285714285714,0.8571428571428571,1.626500121580888,0.0,5.0,3.166666666666667,0,69.47,0.0,0.0,False,False,False,True,False,False,False,False,False,False,False,False,False,False,False,False,True,False,False,False,False,False,False,False,False,False,False,False,False,False,False,True,False,False,False,False
UAE,Formal Shirt,2025-11-12,Apparel,2.0,58.93,0.17,20.0,2.0,1.0,0.0,2,12,46,11,4,316,0,0.9749279121818236,-0.22252093395631434,-0.5000000000000004,0.8660254037844384,0.0,1,5.0,1,0.0,1,0.0,1,2.4285714285714284,2.3704530408864075,0.0,5.0,1.3571428571428572,0.8571428571428571,1.626500121580888,0.0,5.0,2.8333333333333335,1,69.47,-10.54,-0.1517201669785519,False,False,False,True,False,False,False,False,False,False,False,False,False,False,False,False,True,False,False,False,False,False,False,False,False,False,False,False,False,False,False,True,False,False,False,False
UAE,Formal Shirt,2025-11-13,Apparel,0.0,58.93,,20.0,2.0,0.0,0.0,3,13,46,11,4,317,0,0.43388373911755823,-0.900968867902419,-0.5000000000000004,0.8660254037844384,2.0,1,5.0,1,0.0,1,0.0,1,2.0,2.0816659994661326,0.0,5.0,1.5,0.9285714285714286,1.6313723245708383,0.0,5.0,2.1538461538461537,0,58.93,0.0,0.0,False,False,False,True,False,False,False,False,False,False,False,False,False,False,False,False,True,False,False,False,False,False,False,False,False,False,False,False,False,False,False,True,False,False,False,False
UAE,Formal Shirt,2025-11-14,Apparel,0.0,58.93,,20.0,2.0,0.0,0.0,4,14,46,11,4,318,0,-0.433883739117558,-0.9009688679024191,-0.5000000000000004,0.8660254037844384,0.0,1,4.0,1,0.0,1,0.0,1,1.2857142857142858,1.704336206492694,0.0,4.0,1.5,0.9285714285714286,1.6313723245708383,0.0,5.0,1.3846153846153846,0,58.93,0.0,0.0,False,False,False,True,False,False,False,False,False,False,False,False,False,False,False,False,True,False,False,False,False,False,False,False,False,False,False,False,False,False,False,True,False,False,False,False
UAE,Formal Shirt,2025-11-15,Apparel,7.0,141.79,0.24,20.0,2.0,1.0,1.0,5,15,46,11,4,319,1,-0.9749279121818236,-0.2225209339563146,-0.5000000000000004,0.8660254037844384,0.0,1,3.0,1,0.0,1,2.0,1,0.7142857142857143,1.253566341056019,0.0,3.0,1.5,0.9285714285714286,1.6313723245708383,0.0,5.0,0.7692307692307693,1,58.93,82.85999999999999,1.4060750042423211,False,False,False,True,False,False,False,False,False,False,False,False,False,False,False,False,True,False,False,False,False,False,False,False,False,False,False,False,False,False,False,True,False,False,False,False
UAE,Formal Shirt,2025-11-16,Apparel,0.0,141.79,,20.0,2.0,0.0,0.0,6,16,46,11,4,320,1,-0.7818314824680299,0.6234898018587334,-0.5000000000000004,0.8660254037844384,7.0,1,0.0,1,0.0,1,0.0,1,1.2857142857142858,2.627691364061218,0.0,7.0,2.0,1.1071428571428572,1.9877268929755414,0.0,7.0,1.1612903225806452,0,141.79,0.0,0.0,False,False,False,True,False,False,False,False,False,False,False,False,False,False,False,False,True,False,False,False,False,False,False,False,False,False,False,False,False,False,False,True,False,False,False,False
UAE,Formal Shirt,2025-11-17,Apparel,0.0,141.79,,20.0,2.0,0.0,0.0,0,17,47,11,4,321,0,0.0,1.0,-0.5000000000000004,0.8660254037844384,0.0,1,0.0,1,0.0,1,0.0,1,1.2857142857142858,2.627691364061218,0.0,7.0,2.0,1.1071428571428572,1.9877268929755414,0.0,7.0,1.1612903225806452,0,141.79,0.0,0.0,False,False,False,True,False,False,False,False,False,False,False,False,False,False,False,False,True,False,False,False,False,False,False,False,False,False,False,False,False,False,False,True,False,False,False,False
UAE,Formal Shirt,2025-11-18,Apparel,0.0,141.79,,20.0,2.0,0.0,0.0,1,18,47,11,4,322,0,0.7818314824680298,0.6234898018587336,-0.5000000000000004,0.8660254037844384,0.0,1,0.0,1,2.0,1,0.0,1,1.2857142857142858,2.627691364061218,0.0,7.0,2.0,1.1071428571428572,1.9877268929755414,0.0,7.0,1.1612903225806452,0,141.79,0.0,0.0,False,False,False,True,False,False,False,False,False,False,False,False,False,False,False,False,True,False,False,False,False,False,False,False,False,False,False,False,False,False,False,True,False,False,False,False
UAE,Formal Shirt,2025-11-19,Apparel,6.0,36.33,0.24,20.0,2.0,1.0,1.0,2,19,47,11,4,323,0,0.9749279121818236,-0.22252093395631434,-0.5000000000000004,0.8660254037844384,0.0,1,2.0,1,5.0,1,0.0,1,1.2857142857142858,2.627691364061218,0.0,7.0,1.8571428571428572,1.1071428571428572,1.9877268929755414,0.0,7.0,1.1612903225806452,1,141.79,-105.46,-0.7437760067705762,False,False,False,True,False,False,False,False,False,False,False,False,False,False,False,False,True,False,False,False,False,False,False,False,False,False,False,False,False,False,False,True,False,False,False,False
UAE,Formal Shirt,2025-11-20,Apparel,0.0,36.33,,20.0,2.0,0.0,0.0,3,20,47,11,4,324,0,0.43388373911755823,-0.900968867902419,-0.5000000000000004,0.8660254037844384,6.0,1,0.0,1,5.0,1,0.0,1,1.8571428571428572,3.1847852585154217,0.0,7.0,1.9285714285714286,1.3214285714285714,2.1782352936973988,0.0,7.0,1.4054054054054055,0,36.33,0.0,0.0,False,False,False,True,False,False,False,False,False,False,False,False,False,False,False,False,True,False,False,False,False,False,False,False,False,False,False,False,False,False,False,True,False,False,False,False
UAE,Formal Shirt,2025-11-21,Apparel,2.0,126.06,0.2,20.0,2.0,1.0,0.0,4,21,47,11,4,325,0,-0.433883739117558,-0.9009688679024191,-0.5000000000000004,0.8660254037844384,0.0,1,0.0,1,4.0,1,0.0,1,1.8571428571428572,3.1847852585154217,0.0,7.0,1.5714285714285714,1.3214285714285714,2.1782352936973988,0.0,7.0,1.4054054054054055,1,36.33,89.73,2.469859620148638,False,False,False,True,False,False,False,False,False,False,False,False,False,False,False,False,True,False,False,False,False,False,False,False,False,False,False,False,False,False,False,True,False,False,False,False
UAE,Formal Shirt,2025-11-22,Apparel,0.0,126.06,,20.0,2.0,0.0,0.0,5,22,47,11,4,326,1,-0.9749279121818236,-0.2225209339563146,-0.5000000000000004,0.8660254037844384,2.0,1,7.0,1,3.0,1,0.0,1,2.142857142857143,3.0783421635988537,0.0,7.0,1.4285714285714286,1.3928571428571428,2.166056080021692,0.0,7.0,1.5384615384615385,0,126.06,0.0,0.0,False,False,False,True,False,False,False,False,False,False,False,False,False,False,False,False,True,False,False,False,False,False,False,False,False,False,False,False,False,False,False,True,False,False,False,False
UAE,Formal Shirt,2025-11-23,Apparel,0.0,126.06,,20.0,2.0,0.0,0.0,6,23,47,11,4,327,1,-0.7818314824680299,0.6234898018587334,-0.5000000000000004,0.8660254037844384,0.0,1,0.0,1,0.0,1,0.0,1,1.1428571428571428,2.2677868380553634,0.0,6.0,1.2142857142857142,1.3928571428571428,2.166056080021692,0.0,7.0,0.8205128205128205,0,126.06,0.0,0.0,False,False,False,True,False,False,False,False,False,False,False,False,False,False,False,False,True,False,False,False,False,False,False,False,False,False,False,False,False,False,False,True,False,False,False,False
UAE,Formal Shirt,2025-11-24,Apparel,0.0,126.06,,20.0,2.0,0.0,0.0,0,24,48,11,4,328,0,0.0,1.0,-0.5000000000000004,0.8660254037844384,0.0,1,0.0,1,0.0,1,0.0,1,1.1428571428571428,2.2677868380553634,0.0,6.0,1.2142857142857142,1.3928571428571428,2.166056080021692,0.0,7.0,0.8205128205128205,0,126.06,0.0,0.0,False,False,False,True,False,False,False,False,False,False,False,False,False,False,False,False,True,False,False,False,False,False,False,False,False,False,False,False,False,False,False,True,False,False,False,False
UAE,Formal Shirt,2025-11-25,Apparel,5.0,69.35,0.27,20.0,2.0,1.0,1.0,1,25,48,11,4,329,0,0.7818314824680298,0.6234898018587336,-0.5000000000000004,0.8660254037844384,0.0,1,0.0,1,0.0,1,3.0,1,1.1428571428571428,2.2677868380553634,0.0,6.0,1.2142857142857142,1.3928571428571428,2.166056080021692,0.0,7.0,0.8205128205128205,1,126.06,-56.71000000000001,-0.44986514358242113,False,False,False,True,False,False,False,False,False,False,False,False,False,False,False,False,True,False,False,False,False,False,False,False,False,False,False,False,False,False,False,True,False,False,False,False
