store_id,product_id,date,category,sales,price,Discount_Applied,safety_stock,lead_time_days,promotion,is_outlier,day_of_week,day_of_month,week_of_year,month,quarter,day_of_year,is_weekend,sin_day_of_week,cos_day_of_week,sin_month,cos_month,lag_1,has_lag_1,lag_7,has_lag_7,lag_14,has_lag_14,lag_28,has_lag_28,rolling_mean_7,rolling_std_7,rolling_min_7,rolling_max_7,rolling_mean_14,rolling_mean_28,rolling_std_28,rolling_min_28,rolling_max_28,trend_ratio,is_promotion,previous_price,price_change,price_change_pct,store_id_Germany,store_id_India,store_id_Pakistan,store_id_UAE,store_id_UK,store_id_USA,product_id_4K Smart TV,product_id_Air Fryer,product_id_Blender,product_id_Coffee Maker,product_id_Cotton T-Shirt,product_id_Cycling Helmet,product_id_Denim Jeans,product_id_Dumbbell Set,product_id_Face Wash,product_id_Football,product_id_Formal Shirt,product_id_Gaming Laptop,product_id_Hair Serum,product_id_Lipstick Set,product_id_Microwave Oven,product_id_Moisturizing Cream,product_id_Perfume,product_id_Running Shoes,product_id_Smartphone 128GB,product_id_Smartwatch,product_id_Tennis Racket,product_id_Vacuum Cleaner,product_id_Winter Jacket,product_id_Wireless Noise-Canceling Headphones,product_id_Yoga Mat,category_Apparel,category_Beauty,category_Electronics,category_Home & Kitchen,category_Sports
USA,4K Smart TV,2025-05-23,Electronics,2.0,699.88,0.04,20.0,2.0,1.0,0.0,4,23,21,5,2,143,0,-0.433883739117558,-0.9009688679024191,0.49999999999999994,-0.8660254037844387,0.0,1,0.0,1,0.0,1,0.0,1,0.42857142857142855,0.7867957924694625,0.0,2.0,0.21428571428571427,0.4642857142857143,0.8811668550592505,0.0,3.0,0.923076923076923,1,378.99,320.89,0.8466978020528245,False,False,False,False,False,True,True,False,False,False,False,False,False,False,False,False,False,False,False,False,False,False,False,False,False,False,False,False,False,False,False,False,False,True,False,False
USA,4K Smart TV,2025-05-24,Electronics,3.0,744.06,0.14,20.0,2.0,1.0,0.0,5,24,21,5,2,144,1,-0.9749279121818236,-0.2225209339563146,0.49999999999999994,-0.8660254037844387,2.0,1,1.0,1,0.0,1,0.0,1,0.7142857142857143,0.9511897312113563,0.0,2.0,0.35714285714285715,0.5357142857142857,0.9222413461394393,0.0,3.0,1.3333333333333335,1,699.88,44.17999999999995,0.06312510716122757,False,False,False,False,False,True,True,False,False,False,False,False,False,False,False,False,False,False,False,False,False,False,False,False,False,False,False,False,False,False,False,False,False,True,False,False
USA,4K Smart TV,2025-05-25,Electronics,0.0,744.06,,20.0,2.0,0.0,0.0,6,25,21,5,2,145,1,-0.7818314824680299,0.6234898018587334,0.49999999999999994,-0.8660254037844387,3.0,1,0.0,1,0.0,1,0.0,1,1.0,1.2909944487358151,0.0,3.0,0.5714285714285714,0.6428571428571429,1.0261140545329446,0.0,3.0,1.5555555555555554,0,744.06,0.0,0.0,False,False,False,False,False,True,True,False,False,False,False,False,False,False,False,False,False,False,False,False,False,False,False,False,False,False,False,False,False,False,False,False,False,True,False,False
USA,4K Smart TV,2025-05-26,Electronics,0.0,744.06,,20.0,2.0,0.0,0.0,0,26,22,5,2,146,0,0.0,1.0,0.49999999999999994,-0.8660254037844387,0.0,1,2.0,1,0.0,1,2.0,1,1.0,1.2909944487358151,0.0,3.0,0.5714285714285714,0.6428571428571429,1.0261140545329446,0.0,3.0,1.5555555555555554,0,744.06,0.0,0.0,False,False,False,False,False,True,True,False,False,False,False,False,False,False,False,False,False,False,False,False,False,False,False,False,False,False,False,False,False,False,False,False,False,True,False,False
USA,4K Smart TV,2025-05-27,Electronics,0.0,744.06,,20.0,2.0,0.0,0.0,1,27,22,5,2,147,0,0.7818314824680298,0.6234898018587336,0.49999999999999994,-0.8660254037844387,0.0,1,0.0,1,0.0,1,0.0,1,0.7142857142857143,1.2535663410560283,0.0,3.0,0.5714285714285714,0.5714285714285714,0.9973509887241199,0.0,3.0,1.25,0,744.06,0.0,0.0,False,False,False,False,False,True,True,False,False,False,False,False,False,False,False,False,False,False,False,False,False,False,False,False,False,False,False,False,False,False,False,False,False,True,False,False
USA,4K Smart TV,2025-05-28,Electronics,4.0,444.325,0.15,20.0,2.0,1.0,0.0,2,28,22,5,2,148,0,0.9749279121818236,-0.22252093395631434,0.49999999999999994,-0.8660254037844387,0.0,1,0.0,1,0.0,1,1.0,1,0.7142857142857143,1.2535663410560283,0.0,3.0,0.5714285714285714,0.5714285714285714,0.9973509887241199,0.0,3.0,1.25,1,744.06,-299.73499999999996,-0.4028371367900438,False,False,False,False,False,True,True,False,False,False,False,False,False,False,False,False,False,False,False,False,False,False,False,False,False,False,False,False,False,False,False,False,False,True,False,False
USA,4K Smart TV,2025-05-29,Electronics,1.0,71.95,0.13,20.0,2.0,1.0,0.0,3,29,22,5,2,149,0,0.43388373911755823,-0.900968867902419,0.49999999999999994,-0.8660254037844387,4.0,1,0.0,1,0.0,1,0.0,1,1.2857142857142858,1.7043362064926997,0.0,4.0,0.8571428571428571,0.6785714285714286,1.1880133254200675,0.0,4.0,1.8947368421052633,1,444.325,-372.375,-0.8380689810386541,False,False,False,False,False,True,True,False,False,False,False,False,False,False,False,False,False,False,False,False,False,False,False,False,False,False,False,False,False,False,False,False,False,True,False,False
USA,4K Smart TV,2025-05-30,Electronics,0.0,71.95,,20.0,2.0,0.0,0.0,4,30,22,5,2,150,0,-0.433883739117558,-0.9009688679024191,0.49999999999999994,-0.8660254037844387,1.0,1,2.0,1,0.0,1,3.0,1,1.4285714285714286,1.6183471874253805,0.0,4.0,0.9285714285714286,0.7142857142857143,1.181873680570552,0.0,4.0,2.0,0,71.95,0.0,0.0,False,False,False,False,False,True,True,False,False,False,False,False,False,False,False,False,False,False,False,False,False,False,False,False,False,False,False,False,False,False,False,False,False,True,False,False
USA,4K Smart TV,2025-05-31,Electronics,0.0,71.95,,20.0,2.0,0.0,0.0,5,31,22,5,2,151,1,-0.9749279121818236,-0.2225209339563146,0.49999999999999994,-0.8660254037844387,0.0,1,3.0,1,1.0,1,0.0,1,1.1428571428571428,1.6761634196950586,0.0,4.0,0.9285714285714286,0.6071428571428571,1.1001442906807477,0.0,4.0,1.8823529411764706,0,71.95,0.0,0.0,False,False,False,False,False,True,True,False,False,False,False,False,False,False,False,False,False,False,False,False,False,False,False,False,False,False,False,False,False,False,False,False,False,True,False,False
USA,4K Smart TV,2025-06-01,Electronics,0.0,71.95,,20.0,2.0,0.0,0.0,6,1,22,6,2,152,1,-0.7818314824680299,0.6234898018587334,1.2246467991473532e-16,-1.0,0.0,1,0.0,1,0.0,1,0.0,1,0.7142857142857143,1.4960264830862005,0.0,4.0,0.8571428571428571,0.6071428571428571,1.1001442906807477,0.0,4.0,1.1764705882352942,0,71.95,0.0,0.0,False,False,False,False,False,True,True,False,False,False,False,False,False,False,False,False,False,False,False,False,False,False,False,False,False,False,False,False,False,False,False,False,False,True,False,False
USA,4K Smart TV,2025-06-02,Electronics,0.0,71.95,,20.0,2.0,0.0,0.0,0,2,23,6,2,153,0,0.0,1.0,1.2246467991473532e-16,-1.0,0.0,1,0.0,1,2.0,1,0.0,1,0.7142857142857143,1.4960264830862005,0.0,4.0,0.8571428571428571,0.6071428571428571,1.1001442906807477,0.0,4.0,1.1764705882352942,0,71.95,0.0,0.0,False,False,False,False,False,True,True,False,False,False,False,False,False,False,False,False,False,False,False,False,False,False,False,False,False,False,False,False,False,False,False,False,False,True,False,False
USA,4K Smart TV,2025-06-03,Electronics,0.0,71.95,,20.0,2.0,0.0,0.0,1,3,23,6,2,154,0,0.7818314824680298,0.6234898018587336,1.2246467991473532e-16,-1.0,0.0,1,0.0,1,0.0,1,2.0,1,0.7142857142857143,1.4960264830862005,0.0,4.0,0.7142857142857143,0.6071428571428571,1.1001442906807477,0.0,4.0,1.1764705882352942,0,71.95,0.0,0.0,False,False,False,False,False,True,True,False,False,False,False,False,False,False,False,False,False,False,False,False,False,False,False,False,False,False,False,False,False,False,False,False,False,True,False,False
USA,4K Smart TV,2025-06-04,Electronics,0.0,71.95,,20.0,2.0,0.0,0.0,2,4,23,6,2,155,0,0.9749279121818236,-0.22252093395631434,1.2246467991473532e-16,-1.0,0.0,1,4.0,1,0.0,1,0.0,1,0.7142857142857143,1.4960264830862005,0.0,4.0,0.7142857142857143,0.5357142857142857,1.0708993401928033,0.0,4.0,1.3333333333333335,0,71.95,0.0,0.0,False,False,False,False,False,True,True,False,False,False,False,False,False,False,False,False,False,False,False,False,False,False,False,False,False,False,False,False,False,False,False,False,False,True,False,False
USA,4K Smart TV,2025-06-05,Electronics,0.0,71.95,,20.0,2.0,0.0,0.0,3,5,23,6,2,156,0,0.43388373911755823,-0.900968867902419,1.2246467991473532e-16,-1.0,0.0,1,1.0,1,0.0,1,2.0,1,0.14285714285714285,0.37796447300927155,0.0,1.0,0.7142857142857143,0.5357142857142857,1.0708993401928033,0.0,4.0,0.26666666666666666,0,71.95,0.0,0.0,False,False,False,False,False,True,True,False,False,False,False,False,False,False,False,False,False,False,False,False,False,False,False,False,False,False,False,False,False,False,False,False,False,True,False,False
USA,4K Smart TV,2025-06-06,Electronics,0.0,71.95,,20.0,2.0,0.0,0.0,4,6,23,6,2,157,0,-0.433883739117558,-0.9009688679024191,1.2246467991473532e-16,-1.0,0.0,1,0.0,1,2.0,1,0.0,1,0.0,0.0,0.0,0.0,0.7142857142857143,0.4642857142857143,1.0357370915204815,0.0,4.0,0.0,0,71.95,0.0,0.0,False,False,False,False,False,True,True,False,False,False,False,False,False,False,False,False,False,False,False,False,False,False,False,False,False,False,False,False,False,False,False,False,False,True,False,False
USA,4K Smart TV,2025-06-07,Electronics,2.0,1231.78,0.06,20.0,2.0,1.0,0.0,5,7,23,6,2,158,1,-0.9749279121818236,-0.2225209339563146,1.2246467991473532e-16,-1.0,0.0,1,0.0,1,3.0,1,0.0,1,0.0,0.0,0.0,0.0,0.5714285714285714,0.4642857142857143,1.0357370915204815,0.0,4.0,0.0,1,71.95,1159.83,16.119944405837387,False,False,False,False,False,True,True,False,False,False,False,False,False,False,False,False,False,False,False,False,False,False,False,False,False,False,False,False,False,False,False,False,False,True,False,False
USA,4K Smart TV,2025-06-08,Electronics,0.0,1231.78,,20.0,2.0,0.0,0.0,6,8,23,6,2,159,1,-0.7818314824680299,0.6234898018587334,1.2246467991473532e-16,-1.0,2.0,1,0.0,1,0.0,1,0.0,1,0.2857142857142857,0.7559289460184756,0.0,2.0,0.5,0.5357142857142857,1.0708993401928033,0.0,4.0,0.5333333333333333,0,1231.78,0.0,0.0,False,False,False,False,False,True,True,False,False,False,False,False,False,False,False,False,False,False,False,False,False,False,False,False,False,False,False,False,False,False,False,False,False,True,False,False
USA,4K Smart TV,2025-06-09,Electronics,0.0,1231.78,,20.0,2.0,0.0,0.0,0,9,24,6,2,160,0,0.0,1.0,1.2246467991473532e-16,-1.0,0.0,1,0.0,1,0.0,1,0.0,1,0.2857142857142857,0.7559289460184756,0.0,2.0,0.5,0.5357142857142857,1.0708993401928033,0.0,4.0,0.5333333333333333,0,1231.78,0.0,0.0,False,False,False,False,False,True,True,False,False,False,False,False,False,False,False,False,False,False,False,False,False,False,False,False,False,False,False,False,False,False,False,False,False,True,False,False
USA,4K Smart TV,2025-06-10,Electronics,0.0,1231.78,,20.0,2.0,0.0,0.0,1,10,24,6,2,161,0,0.7818314824680298,0.6234898018587336,1.2246467991473532e-16,-1.0,0.0,1,0.0,1,0.0,1,0.0,1,0.2857142857142857,0.7559289460184756,0.0,2.0,0.5,0.5357142857142857,1.0708993401928033,0.0,4.0,0.5333333333333333,0,1231.78,0.0,0.0,False,False,False,False,False,True,True,False,False,False,False,False,False,False,False,False,False,False,False,False,False,False,False,False,False,False,False,False,False,False,False,False,False,True,False,False
USA,4K Smart TV,2025-06-11,Electronics,0.0,1231.78,,20.0,2.0,0.0,0.0,2,11,24,6,2,162,0,0.9749279121818236,-0.22252093395631434,1.2246467991473532e-16,-1.0,0.0,1,0.0,1,4.0,1,0.0,1,0.2857142857142857,0.7559289460184756,0.0,2.0,0.5,0.5357142857142857,1.0708993401928033,0.0,4.0,0.5333333333333333,0,1231.78,0.0,0.0,False,False,False,False,False,True,True,False,False,False,False,False,False,False,False,False,False,False,False,False,False,False,False,False,False,False,False,False,False,False,False,False,False,True,False,False
USA,4K Smart TV,2025-06-12,Electronics,0.0,1231.78,,20.0,2.0,0.0,0.0,3,12,24,6,2,163,0,0.43388373911755823,-0.900968867902419,1.2246467991473532e-16,-1.0,0.0,1,0.0,1,1.0,1,0.0,1,0.2857142857142857,0.7559289460184756,0.0,2.0,0.21428571428571427,0.5357142857142857,1.0708993401928033,0.0,4.0,0.5333333333333333,0,1231.78,0.0,0.0,False,False,False,False,False,True,True,False,False,False,False,False,False,False,False,False,False,False,False,False,False,False,False,False,False,False,False,False,False,False,False,False,False,True,False,False
USA,4K Smart TV,2025-06-13,Electronics,0.0,1231.78,,20.0,2.0,0.0,0.0,4,13,24,6,2,164,0,-0.433883739117558,-0.9009688679024191,1.2246467991473532e-16,-1.0,0.0,1,0.0,1,0.0,1,0.0,1,0.2857142857142857,0.7559289460184756,0.0,2.0,0.14285714285714285,0.5357142857142857,1.0708993401928033,0.0,4.0,0.5333333333333333,0,1231.78,0.0,0.0,False,False,False,False,False,True,True,False,False,False,False,False,False,False,False,False,False,False,False,False,False,False,False,False,False,False,False,False,False,False,False,False,False,True,False,False
USA,4K Smart TV,2025-06-14,Electronics,0.0,1231.78,,20.0,2.0,0.0,0.0,5,14,24,6,2,165,1,-0.9749279121818236,-0.2225209339563146,1.2246467991473532e-16,-1.0,0.0,1,2.0,1,0.0,1,1.0,1,0.2857142857142857,0.7559289460184756,0.0,2.0,0.14285714285714285,0.5357142857142857,1.0708993401928033,0.0,4.0,0.5333333333333333,0,1231.78,0.0,0.0,False,False,False,False,False,True,True,False,False,False,False,False,False,False,False,False,False,False,False,False,False,False,False,False,False,False,False,False,False,False,False,False,False,True,False,False
USA,4K Smart TV,2025-06-15,Electronics,0.0,1231.78,,20.0,2.0,0.0,0.0,6,15,24,6,2,166,1,-0.7818314824680299,0.6234898018587334,1.2246467991473532e-16,-1.0,0.0,1,0.0,1,0.0,1,0.0,1,0.0,0.0,0.0,0.0,0.14285714285714285,0.5,1.071516751221432,0.0,4.0,0.0,0,1231.78,0.0,0.0,False,False,False,False,False,True,True,False,False,False,False,False,False,False,False,False,False,False,False,False,False,False,False,False,False,False,False,False,False,False,False,False,False,True,False,False
USA,4K Smart TV,2025-06-16,Electronics,0.0,1231.78,,20.0,2.0,0.0,0.0,0,16,25,6,2,167,0,0.0,1.0,1.2246467991473532e-16,-1.0,0.0,1,0.0,1,0.0,1,2.0,1,0.0,0.0,0.0,0.0,0.14285714285714285,0.5,1.071516751221432,0.0,4.0,0.0,0,1231.78,0.0,0.0,False,False,False,False,False,True,True,False,False,False,False,False,False,False,False,False,False,False,False,False,False,False,False,False,False,False,False,False,False,False,False,False,False,True,False,False
USA,4K Smart TV,2025-06-17,Electronics,0.0,1231.78,,20.0,2.0,0.0,0.0,1,17,25,6,2,168,0,0.7818314824680298,0.6234898018587336,1.2246467991473532e-16,-1.0,0.0,1,0.0,1,0.0,1,0.0,1,0.0,0.0,0.0,0.0,0.14285714285714285,0.42857142857142855,1.0338196500275336,0.0,4.0,0.0,0,1231.78,0.0,0.0,False,False,False,False,False,True,True,False,False,False,False,False,False,False,False,False,False,False,False,False,False,False,False,False,False,False,False,False,False,False,False,False,False,True,False,False
USA,4K Smart TV,2025-06-18,Electronics,0.0,1231.78,,20.0,2.0,0.0,0.0,2,18,25,6,2,169,0,0.9749279121818236,-0.22252093395631434,1.2246467991473532e-16,-1.0,0.0,1,0.0,1,0.0,1,0.0,1,0.0,0.0,0.0,0.0,0.14285714285714285,0.42857142857142855,1.0338196500275336,0.0,4.0,0.0,0,1231.78,0.0,0.0,False,False,False,False,False,True,True,False,False,False,False,False,False,False,False,False,False,False,False,False,False,False,False,False,False,False,False,False,False,False,False,False,False,True,False,False
USA,4K Smart TV,2025-06-19,Electronics,0.0,1231.78,,20.0,2.0,0.0,0.0,3,19,25,6,2,170,0,0.43388373911755823,-0.900968867902419,1.2246467991473532e-16,-1.0,0.0,1,0.0,1,0.0,1,0.0,1,0.0,0.0,0.0,0.0,0.14285714285714285,0.42857142857142855,1.0338196500275336,0.0,4.0,0.0,0,1231.78,0.0,0.0,False,False,False,False,False,True,True,False,False,False,False,False,False,False,False,False,False,False,False,False,False,False,False,False,False,False,False,False,False,False,False,False,False,True,False,False
USA,4K Smart TV,2025-06-20,Electronics,2.0,123.37,0.08,20.0,2.0,1.0,0.0,4,20,25,6,2,171,0,-0.433883739117558,-0.9009688679024191,1.2246467991473532e-16,-1.0,0.0,1,0.0,1,0.0,1,2.0,1,0.0,0.0,0.0,0.0,0.14285714285714285,0.42857142857142855,1.0338196500275336,0.0,4.0,0.0,1,1231.78,-1108.4099999999999,-0.8998441280098718,False,False,False,False,False,True,True,False,False,False,False,False,False,False,False,False,False,False,False,False,False,False,False,False,False,False,False,False,False,False,False,False,False,True,False,False
USA,4K Smart TV,2025-06-21,Electronics,3.0,1196.55,0.14,20.0,2.0,1.0,0.0,5,21,25,6,2,172,1,-0.9749279121818236,-0.2225209339563146,1.2246467991473532e-16,-1.0,2.0,1,0.0,1,2.0,1,3.0,1,0.2857142857142857,0.7559289460184756,0.0,2.0,0.2857142857142857,0.42857142857142855,1.0338196500275336,0.0,4.0,0.6666666666666666,1,123.37,1073.1799999999998,8.698873307935477,False,False,False,False,False,True,True,False,False,False,False,False,False,False,False,False,False,False,False,False,False,False,False,False,False,False,False,False,False,False,False,False,False,True,False,False
USA,4K Smart TV,2025-06-22,Electronics,0.0,1196.55,,20.0,2.0,0.0,0.0,6,22,25,6,2,173,1,-0.7818314824680299,0.6234898018587334,1.2246467991473532e-16,-1.0,3.0,1,0.0,1,0.0,1,0.0,1,0.7142857142857143,1.2535663410560283,0.0,3.0,0.35714285714285715,0.42857142857142855,1.0338196500275336,0.0,4.0,1.6666666666666667,0,1196.55,0.0,0.0,False,False,False,False,False,True,True,False,False,False,False,False,False,False,False,False,False,False,False,False,False,False,False,False,False,False,False,False,False,False,False,False,False,True,False,False
USA,4K Smart TV,2025-06-23,Electronics,0.0,1196.55,,20.0,2.0,0.0,0.0,0,23,26,6,2,174,0,0.0,1.0,1.2246467991473532e-16,-1.0,0.0,1,0.0,1,0.0,1,0.0,1,0.7142857142857143,1.2535663410560283,0.0,3.0,0.35714285714285715,0.42857142857142855,1.0338196500275336,0.0,4.0,1.6666666666666667,0,1196.55,0.0,0.0,False,False,False,False,False,True,True,False,False,False,False,False,False,False,False,False,False,False,False,False,False,False,False,False,False,False,False,False,False,False,False,False,False,True,False,False
USA,4K Smart TV,2025-06-24,Electronics,0.0,1196.55,,20.0,2.0,0.0,0.0,1,24,26,6,2,175,0,0.7818314824680298,0.6234898018587336,1.2246467991473532e-16,-1.0,0.0,1,0.0,1,0.0,1,0.0,1,0.7142857142857143,1.2535663410560283,0.0,3.0,0.35714285714285715,0.42857142857142855,1.0338196500275336,0.0,4.0,1.6666666666666667,0,1196.55,0.0,0.0,False,False,False,False,False,True,True,False,False,False,False,False,False,False,False,False,False,False,False,False,False,False,False,False,False,False,False,False,False,False,False,False,False,True,False,False
USA,4K Smart TV,2025-06-25,Electronics,0.0,1196.55,,20.0,2.0,0.0,0.0,2,25,26,6,2,176,0,0.9749279121818236,-0.22252093395631434,1.2246467991473532e-16,-1.0,0.0,1,0.0,1,0.0,1,4.0,1,0.7142857142857143,1.2535663410560283,0.0,3.0,0.35714285714285715,0.42857142857142855,1.0338196500275336,0.0,4.0,1.6666666666666667,0,1196.55,0.0,0.0,False,False,False,False,False,True,True,False,False,False,False,False,False,False,False,False,False,False,False,False,False,False,False,False,False,False,False,False,False,False,False,False,False,True,False,False
USA,4K Smart TV,2025-06-26,Electronics,0.0,1196.55,,20.0,2.0,0.0,0.0,3,26,26,6,2,177,0,0.43388373911755823,-0.900968867902419,1.2246467991473532e-16,-1.0,0.0,1,0.0,1,0.0,1,1.0,1,0.7142857142857143,1.2535663410560283,0.0,3.0,0.35714285714285715,0.2857142857142857,0.7628961803617604,0.0,3.0,2.5,0,1196.55,0.0,0.0,False,False,False,False,False,True,True,False,False,False,False,False,False,False,False,False,False,False,False,False,False,False,False,False,False,False,False,False,False,False,False,False,False,True,False,False
USA,4K Smart TV,2025-06-27,Electronics,1.0,1482.21,0.06,20.0,2.0,1.0,0.0,4,27,26,6,2,178,0,-0.433883739117558,-0.9009688679024191,1.2246467991473532e-16,-1.0,0.0,1,2.0,1,0.0,1,0.0,1,0.7142857142857143,1.2535663410560283,0.0,3.0,0.35714285714285715,0.25,0.75154162547047,0.0,3.0,2.857142857142857,1,1196.55,285.6600000000001,0.23873636705528403,False,False,False,False,False,True,True,False,False,False,False,False,False,False,False,False,False,False,False,False,False,False,False,False,False,False,False,False,False,False,False,False,False,True,False,False
USA,4K Smart TV,2025-06-28,Electronics,0.0,1482.21,,20.0,2.0,0.0,0.0,5,28,26,6,2,179,1,-0.9749279121818236,-0.2225209339563146,1.2246467991473532e-16,-1.0,1.0,1,3.0,1,0.0,1,0.0,1,0.5714285714285714,1.1338934190276944,0.0,3.0,0.42857142857142855,0.2857142857142857,0.7628961803617604,0.0,3.0,2.0,0,1482.21,0.0,0.0,False,False,False,False,False,True,True,False,False,False,False,False,False,False,False,False,False,False,False,False,False,False,False,False,False,False,False,False,False,False,False,False,False,True,False,False
USA,4K Smart TV,2025-06-29,Electronics,0.0,1482.21,,20.0,2.0,0.0,0.0,6,29,26,6,2,180,1,-0.7818314824680299,0.6234898018587334,1.2246467991473532e-16,-1.0,0.0,1,0.0,1,0.0,1,0.0,1,0.14285714285714285,0.37796447300927094,0.0,1.0,0.42857142857142855,0.2857142857142857,0.7628961803617604,0.0,3.0,0.5,0,1482.21,0.0,0.0,False,False,False,False,False,True,True,False,False,False,False,False,False,False,False,False,False,False,False,False,False,False,False,False,False,False,False,False,False,False,False,False,False,True,False,False
USA,4K Smart TV,2025-06-30,Electronics,0.0,1482.21,,20.0,2.0,0.0,0.0,0,30,27,6,2,181,0,0.0,1.0,1.2246467991473532e-16,-1.0,0.0,1,0.0,1,0.0,1,0.0,1,0.14285714285714285,0.37796447300927094,0.0,1.0,0.42857142857142855,0.2857142857142857,0.7628961803617604,0.0,3.0,0.5,0,1482.21,0.0,0.0,False,False,False,False,False,True,True,False,False,False,False,False,False,False,False,False,False,False,False,False,False,False,False,False,False,False,False,False,False,False,False,False,False,True,False,False
USA,4K Smart TV,2025-07-01,Electronics,0.0,1482.21,,20.0,2.0,0.0,0.0,1,1,27,7,3,182,0,0.7818314824680298,0.6234898018587336,-0.4999999999999997,-0.8660254037844388,0.0,1,0.0,1,0.0,1,0.0,1,0.14285714285714285,0.37796447300927094,0.0,1.0,0.42857142857142855,0.2857142857142857,0.7628961803617604,0.0,3.0,0.5,0,1482.21,0.0,0.0,False,False,False,False,False,True,True,False,False,False,False,False,False,False,False,False,False,False,False,False,False,False,False,False,False,False,False,False,False,False,False,False,False,True,False,False
USA,4K Smart TV,2025-07-02,Electronics,0.0,1482.21,,20.0,2.0,0.0,0.0,2,2,27,7,3,183,0,0.9749279121818236,-0.22252093395631434,-0.4999999999999997,-0.8660254037844388,0.0,1,0.0,1,0.0,1,0.0,1,0.14285714285714285,0.37796447300927094,0.0,1.0,0.42857142857142855,0.2857142857142857,0.7628961803617604,0.0,3.0,0.5,0,1482.21,0.0,0.0,False,False,False,False,False,True,True,False,False,False,False,False,False,False,False,False,False,False,False,False,False,False,False,False,False,False,False,False,False,False,False,False,False,True,False,False
USA,4K Smart TV,2025-07-03,Electronics,1.0,1095.49,0.06,20.0,2.0,1.0,0.0,3,3,27,7,3,184,0,0.43388373911755823,-0.900968867902419,-0.4999999999999997,-0.8660254037844388,0.0,1,0.0,1,0.0,1,0.0,1,0.14285714285714285,0.37796447300927094,0.0,1.0,0.42857142857142855,0.2857142857142857,0.7628961803617604,0.0,3.0,0.5,1,1482.21,-386.72,-0.26090769863919416,False,False,False,False,False,True,True,False,False,False,False,False,False,False,False,False,False,False,False,False,False,False,False,False,False,False,False,False,False,False,False,False,False,True,False,False
USA,4K Smart TV,2025-07-04,Electronics,0.0,1095.49,,20.0,2.0,0.0,0.0,4,4,27,7,3,185,0,-0.433883739117558,-0.9009688679024191,-0.4999999999999997,-0.8660254037844388,1.0,1,1.0,1,2.0,1,0.0,1,0.2857142857142857,0.48795003647429896,0.0,1.0,0.5,0.32142857142857145,0.7723735149270906,0.0,3.0,0.8888888888888887,0,1095.49,0.0,0.0,False,False,False,False,False,True,True,False,False,False,False,False,False,False,False,False,False,False,False,False,False,False,False,False,False,False,False,False,False,False,False,False,False,True,False,False
USA,4K Smart TV,2025-07-05,Electronics,3.0,1031.9,0.04,20.0,2.0,1.0,0.0,5,5,27,7,3,186,1,-0.9749279121818236,-0.2225209339563146,-0.4999999999999997,-0.8660254037844388,0.0,1,0.0,1,3.0,1,2.0,1,0.14285714285714285,0.377964473009271,0.0,1.0,0.35714285714285715,0.32142857142857145,0.7723735149270906,0.0,3.0,0.44444444444444436,1,1095.49,-63.58999999999992,-0.05804708395329936,False,False,False,False,False,True,True,False,False,False,False,False,False,False,False,False,False,False,False,False,False,False,False,False,False,False,False,False,False,False,False,False,False,True,False,False
USA,4K Smart TV,2025-07-06,Electronics,0.0,1031.9,,20.0,2.0,0.0,0.0,6,6,27,7,3,187,1,-0.7818314824680299,0.6234898018587334,-0.4999999999999997,-0.8660254037844388,3.0,1,0.0,1,0.0,1,0.0,1,0.5714285714285714,1.1338934190276944,0.0,3.0,0.35714285714285715,0.35714285714285715,0.8698354767504825,0.0,3.0,1.5999999999999999,0,1031.9,0.0,0.0,False,False,False,False,False,True,True,False,False,False,False,False,False,False,False,False,False,False,False,False,False,False,False,False,False,False,False,False,False,False,False,False,False,True,False,False
USA,4K Smart TV,2025-07-07,Electronics,0.0,1031.9,,20.0,2.0,0.0,0.0,0,7,28,7,3,188,0,0.0,1.0,-0.4999999999999997,-0.8660254037844388,0.0,1,0.0,1,0.0,1,0.0,1,0.5714285714285714,1.1338934190276944,0.0,3.0,0.35714285714285715,0.35714285714285715,0.8698354767504825,0.0,3.0,1.5999999999999999,0,1031.9,0.0,0.0,False,False,False,False,False,True,True,False,False,False,False,False,False,False,False,False,False,False,False,False,False,False,False,False,False,False,False,False,False,False,False,False,False,True,False,False
USA,4K Smart TV,2025-07-08,Electronics,0.0,1031.9,,20.0,2.0,0.0,0.0,1,8,28,7,3,189,0,0.7818314824680298,0.6234898018587336,-0.4999999999999997,-0.8660254037844388,0.0,1,0.0,1,0.0,1,0.0,1,0.5714285714285714,1.1338934190276944,0.0,3.0,0.35714285714285715,0.35714285714285715,0.8698354767504825,0.0,3.0,1.5999999999999999,0,1031.9,0.0,0.0,False,False,False,False,False,True,True,False,False,False,False,False,False,False,False,False,False,False,False,False,False,False,False,False,False,False,False,False,False,False,False,False,False,True,False,False
USA,4K Smart TV,2025-07-09,Electronics,1.0,561.6,0.09,20.0,2.0,1.0,0.0,2,9,28,7,3,190,0,0.9749279121818236,-0.22252093395631434,-0.4999999999999997,-0.8660254037844388,0.0,1,0.0,1,0.0,1,0.0,1,0.5714285714285714,1.1338934190276944,0.0,3.0,0.35714285714285715,0.35714285714285715,0.8698354767504825,0.0,3.0,1.5999999999999999,1,1031.9,-470.30000000000007,-0.45576121717220663,False,False,False,False,False,True,True,False,False,False,False,False,False,False,False,False,False,False,False,False,False,False,False,False,False,False,False,False,False,False,False,False,False,True,False,False
USA,4K Smart TV,2025-07-10,Electronics,1.0,788.28,0.05,20.0,2.0,1.0,0.0,3,10,28,7,3,191,0,0.43388373911755823,-0.900968867902419,-0.4999999999999997,-0.8660254037844388,1.0,1,1.0,1,0.0,1,0.0,1,0.7142857142857143,1.1126972805283857,0.0,3.0,0.42857142857142855,0.39285714285714285,0.8751417118804238,0.0,3.0,1.8181818181818183,1,561.6,226.67999999999995,0.40363247863247853,False,False,False,False,False,True,True,False,False,False,False,False,False,False,False,False,False,False,False,False,False,False,False,False,False,False,False,False,False,False,False,False,False,True,False,False
USA,4K Smart TV,2025-07-11,Electronics,0.0,788.28,,20.0,2.0,0.0,0.0,4,11,28,7,3,192,0,-0.433883739117558,-0.9009688679024191,-0.4999999999999997,-0.8660254037844388,1.0,1,0.0,1,1.0,1,0.0,1,0.7142857142857143,1.1126972805283857,0.0,3.0,0.5,0.42857142857142855,0.8789122666607605,0.0,3.0,1.6666666666666667,0,788.28,0.0,0.0,False,False,False,False,False,True,True,False,False,False,False,False,False,False,False,False,False,False,False,False,False,False,False,False,False,False,False,False,False,False,False,False,False,True,False,False
USA,4K Smart TV,2025-07-12,Electronics,0.0,788.28,,20.0,2.0,0.0,0.0,5,12,28,7,3,193,1,-0.9749279121818236,-0.2225209339563146,-0.4999999999999997,-0.8660254037844388,0.0,1,3.0,1,0.0,1,0.0,1,0.7142857142857143,1.1126972805283857,0.0,3.0,0.42857142857142855,0.42857142857142855,0.8789122666607605,0.0,3.0,1.6666666666666667,0,788.28,0.0,0.0,False,False,False,False,False,True,True,False,False,False,False,False,False,False,False,False,False,False,False,False,False,False,False,False,False,False,False,False,False,False,False,False,False,True,False,False
USA,4K Smart TV,2025-07-13,Electronics,1.0,1253.96,0.03,20.0,2.0,1.0,0.0,6,13,28,7,3,194,1,-0.7818314824680299,0.6234898018587334,-0.4999999999999997,-0.8660254037844388,0.0,1,0.0,1,0.0,1,0.0,1,0.2857142857142857,0.4879500364742991,0.0,1.0,0.42857142857142855,0.42857142857142855,0.8789122666607605,0.0,3.0,0.6666666666666666,1,788.28,465.68000000000006,0.590754554219313,False,False,False,False,False,True,True,False,False,False,False,False,False,False,False,False,False,False,False,False,False,False,False,False,False,False,False,False,False,False,False,False,False,True,False,False
USA,4K Smart TV,2025-07-14,Electronics,0.0,1253.96,,20.0,2.0,0.0,0.0,0,14,29,7,3,195,0,0.0,1.0,-0.4999999999999997,-0.8660254037844388,1.0,1,0.0,1,0.0,1,0.0,1,0.42857142857142855,0.534522483824877,0.0,1.0,0.5,0.4642857142857143,0.8811668550592505,0.0,3.0,0.923076923076923,0,1253.96,0.0,0.0,False,False,False,False,False,True,True,False,False,False,False,False,False,False,False,False,False,False,False,False,False,False,False,False,False,False,False,False,False,False,False,False,False,True,False,False
USA,4K Smart TV,2025-07-15,Electronics,1.0,1058.12,0.02,20.0,2.0,1.0,0.0,1,15,29,7,3,196,0,0.7818314824680298,0.6234898018587336,-0.4999999999999997,-0.8660254037844388,0.0,1,0.0,1,0.0,1,0.0,1,0.42857142857142855,0.534522483824877,0.0,1.0,0.5,0.4642857142857143,0.8811668550592505,0.0,3.0,0.923076923076923,1,1253.96,-195.84000000000015,-0.15617723053366944,False,False,False,False,False,True,True,False,False,False,False,False,False,False,False,False,False,False,False,False,False,False,False,False,False,False,False,False,False,False,False,False,False,True,False,False
USA,4K Smart TV,2025-07-16,Electronics,0.0,1058.12,,20.0,2.0,0.0,0.0,2,16,29,7,3,197,0,0.9749279121818236,-0.22252093395631434,-0.4999999999999997,-0.8660254037844388,1.0,1,1.0,1,0.0,1,0.0,1,0.5714285714285714,0.5345224838248755,0.0,1.0,0.5714285714285714,0.5,0.8819171036881878,0.0,3.0,1.1428571428571428,0,1058.12,0.0,0.0,False,False,False,False,False,True,True,False,False,False,False,False,False,False,False,False,False,False,False,False,False,False,False,False,False,False,False,False,False,False,False,False,False,True,False,False
USA,4K Smart TV,2025-07-17,Electronics,0.0,1058.12,,20.0,2.0,0.0,0.0,3,17,29,7,3,198,0,0.43388373911755823,-0.900968867902419,-0.4999999999999997,-0.8660254037844388,0.0,1,1.0,1,1.0,1,0.0,1,0.42857142857142855,0.534522483824877,0.0,1.0,0.5714285714285714,0.5,0.8819171036881878,0.0,3.0,0.8571428571428571,0,1058.12,0.0,0.0,False,False,False,False,False,True,True,False,False,False,False,False,False,False,False,False,False,False,False,False,False,False,False,False,False,False,False,False,False,False,False,False,False,True,False,False
USA,4K Smart TV,2025-07-18,Electronics,0.0,1058.12,,20.0,2.0,0.0,0.0,4,18,29,7,3,199,0,-0.433883739117558,-0.9009688679024191,-0.4999999999999997,-0.8660254037844388,0.0,1,0.0,1,0.0,1,2.0,1,0.2857142857142857,0.4879500364742991,0.0,1.0,0.5,0.5,0.8819171036881878,0.0,3.0,0.5714285714285714,0,1058.12,0.0,0.0,False,False,False,False,False,True,True,False,False,False,False,False,False,False,False,False,False,False,False,False,False,False,False,False,False,False,False,False,False,False,False,False,False,True,False,False
USA,4K Smart TV,2025-07-19,Electronics,3.0,486.99,0.07,20.0,2.0,1.0,0.0,5,19,29,7,3,200,1,-0.9749279121818236,-0.2225209339563146,-0.4999999999999997,-0.8660254037844388,0.0,1,0.0,1,3.0,1,3.0,1,0.2857142857142857,0.4879500364742991,0.0,1.0,0.5,0.42857142857142855,0.835710894037335,0.0,3.0,0.6666666666666666,1,1058.12,-571.1299999999999,-0.5397591955543795,False,False,False,False,False,True,True,False,False,False,False,False,False,False,False,False,False,False,False,False,False,False,False,False,False,False,False,False,False,False,False,False,False,True,False,False
USA,4K Smart TV,2025-07-20,Electronics,0.0,486.99,,20.0,2.0,0.0,0.0,6,20,29,7,3,201,1,-0.7818314824680299,0.6234898018587334,-0.4999999999999997,-0.8660254037844388,3.0,1,1.0,1,0.0,1,0.0,1,0.7142857142857143,1.1126972805283857,0.0,3.0,0.5,0.42857142857142855,0.835710894037335,0.0,3.0,1.6666666666666667,0,486.99,0.0,0.0,False,False,False,False,False,True,True,False,False,False,False,False,False,False,False,False,False,False,False,False,False,False,False,False,False,False,False,False,False,False,False,False,False,True,False,False
USA,4K Smart TV,2025-07-21,Electronics,2.0,613.86,0.11,20.0,2.0,1.0,0.0,0,21,30,7,3,202,0,0.0,1.0,-0.4999999999999997,-0.8660254037844388,0.0,1,0.0,1,0.0,1,0.0,1,0.5714285714285714,1.1338934190276944,0.0,3.0,0.5,0.42857142857142855,0.835710894037335,0.0,3.0,1.3333333333333333,1,486.99,126.87,0.260518696482474,False,False,False,False,False,True,True,False,False,False,False,False,False,False,False,False,False,False,False,False,False,False,False,False,False,False,False,False,False,False,False,False,False,True,False,False
USA,4K Smart TV,2025-07-22,Electronics,1.0,1208.6,0.11,20.0,2.0,1.0,0.0,1,22,30,7,3,203,0,0.7818314824680298,0.6234898018587336,-0.4999999999999997,-0.8660254037844388,2.0,1,1.0,1,0.0,1,0.0,1,0.8571428571428571,1.2149857925879224,0.0,3.0,0.6428571428571429,0.5,0.8819171036881878,0.0,3.0,1.7142857142857142,1,613.86,594.7399999999999,0.9688528328934934,False,False,False,False,False,True,True,False,False,False,False,False,False,False,False,False,False,False,False,False,False,False,False,False,False,False,False,False,False,False,False,False,False,True,False,False
USA,4K Smart TV,2025-07-23,Electronics,2.0,1327.17,0.11,20.0,2.0,1.0,0.0,2,23,30,7,3,204,0,0.9749279121818236,-0.22252093395631434,-0.4999999999999997,-0.8660254037844388,1.0,1,0.0,1,1.0,1,0.0,1,0.8571428571428571,1.2149857925879224,0.0,3.0,0.7142857142857143,0.5357142857142857,0.881166855059251,0.0,3.0,1.5999999999999999,1,1208.6,118.57000000000016,0.09810524573887157,False,False,False,False,False,True,True,False,False,False,False,False,False,False,False,False,False,False,False,False,False,False,False,False,False,False,False,False,False,False,False,False,False,True,False,False
USA,4K Smart TV,2025-07-24,Electronics,0.0,1327.17,,20.0,2.0,0.0,0.0,3,24,30,7,3,205,0,0.43388373911755823,-0.900968867902419,-0.4999999999999997,-0.8660254037844388,2.0,1,0.0,1,1.0,1,0.0,1,1.1428571428571428,1.214985792587921,0.0,3.0,0.7857142857142857,0.6071428571428571,0.9164862737363147,0.0,3.0,1.8823529411764706,0,1327.17,0.0,0.0,False,False,False,False,False,True,True,False,False,False,False,False,False,False,False,False,False,False,False,False,False,False,False,False,False,False,False,False,False,False,False,False,False,True,False,False
USA,4K Smart TV,2025-07-25,Electronics,0.0,1327.17,,20.0,2.0,0.0,0.0,4,25,30,7,3,206,0,-0.433883739117558,-0.9009688679024191,-0.4999999999999997,-0.8660254037844388,0.0,1,0.0,1,0.0,1,1.0,1,1.1428571428571428,1.214985792587921,0.0,3.0,0.7142857142857143,0.6071428571428571,0.9164862737363147,0.0,3.0,1.8823529411764706,0,1327.17,0.0,0.0,False,False,False,False,False,True,True,False,False,False,False,False,False,False,False,False,False,False,False,False,False,False,False,False,False,False,False,False,False,False,False,False,False,True,False,False
USA,4K Smart TV,2025-07-26,Electronics,0.0,1327.17,,20.0,2.0,0.0,0.0,5,26,30,7,3,207,1,-0.9749279121818236,-0.2225209339563146,-0.4999999999999997,-0.8660254037844388,0.0,1,3.0,1,0.0,1,0.0,1,1.1428571428571428,1.214985792587921,0.0,3.0,0.7142857142857143,0.5714285714285714,0.9200874124564641,0.0,3.0,2.0,0,1327.17,0.0,0.0,False,False,False,False,False,True,True,False,False,False,False,False,False,False,False,False,False,False,False,False,False,False,False,False,False,False,False,False,False,False,False,False,False,True,False,False
USA,4K Smart TV,2025-07-27,Electronics,1.0,349.83,0.03,20.0,2.0,1.0,0.0,6,27,30,7,3,208,1,-0.7818314824680299,0.6234898018587334,-0.4999999999999997,-0.8660254037844388,0.0,1,0.0,1,1.0,1,0.0,1,0.7142857142857143,0.9511897312113562,0.0,2.0,0.7142857142857143,0.5714285714285714,0.9200874124564641,0.0,3.0,1.25,1,1327.17,-977.3400000000001,-0.7364090508374964,False,False,False,False,False,True,True,False,False,False,False,False,False,False,False,False,False,False,False,False,False,False,False,False,False,False,False,False,False,False,False,False,False,True,False,False
USA,4K Smart TV,2025-07-28,Electronics,0.0,349.83,,20.0,2.0,0.0,0.0,0,28,31,7,3,209,0,0.0,1.0,-0.4999999999999997,-0.8660254037844388,1.0,1,2.0,1,0.0,1,0.0,1,0.8571428571428571,0.8997354108424516,0.0,2.0,0.7142857142857143,0.6071428571428571,0.9164862737363147,0.0,3.0,1.411764705882353,0,349.83,0.0,0.0,False,False,False,False,False,True,True,False,False,False,False,False,False,False,False,False,False,False,False,False,False,False,False,False,False,False,False,False,False,False,False,False,False,True,False,False
USA,4K Smart TV,2025-07-29,Electronics,0.0,349.83,,20.0,2.0,0.0,0.0,1,29,31,7,3,210,0,0.7818314824680298,0.6234898018587336,-0.4999999999999997,-0.8660254037844388,0.0,1,1.0,1,1.0,1,0.0,1,0.5714285714285714,0.7867957924694614,0.0,2.0,0.7142857142857143,0.6071428571428571,0.9164862737363147,0.0,3.0,0.9411764705882353,0,349.83,0.0,0.0,False,False,False,False,False,True,True,False,False,False,False,False,False,False,False,False,False,False,False,False,False,False,False,False,False,False,False,False,False,False,False,False,False,True,False,False
USA,4K Smart TV,2025-07-30,Electronics,0.0,349.83,,20.0,2.0,0.0,0.0,2,30,31,7,3,211,0,0.9749279121818236,-0.22252093395631434,-0.4999999999999997,-0.8660254037844388,0.0,1,2.0,1,0.0,1,0.0,1,0.42857142857142855,0.7867957924694624,0.0,2.0,0.6428571428571429,0.6071428571428571,0.9164862737363147,0.0,3.0,0.7058823529411765,0,349.83,0.0,0.0,False,False,False,False,False,True,True,False,False,False,False,False,False,False,False,False,False,False,False,False,False,False,False,False,False,False,False,False,False,False,False,False,False,True,False,False
USA,4K Smart TV,2025-07-31,Electronics,0.0,349.83,,20.0,2.0,0.0,0.0,3,31,31,7,3,212,0,0.43388373911755823,-0.900968867902419,-0.4999999999999997,-0.8660254037844388,0.0,1,0.0,1,0.0,1,1.0,1,0.14285714285714285,0.3779644730092714,0.0,1.0,0.6428571428571429,0.6071428571428571,0.9164862737363147,0.0,3.0,0.23529411764705882,0,349.83,0.0,0.0,False,False,False,False,False,True,True,False,False,False,False,False,False,False,False,False,False,False,False,False,False,False,False,False,False,False,False,False,False,False,False,False,False,True,False,False
USA,4K Smart TV,2025-08-01,Electronics,0.0,349.83,,20.0,2.0,0.0,0.0,4,1,31,8,3,213,0,-0.433883739117558,-0.9009688679024191,-0.8660254037844385,-0.5000000000000004,0.0,1,0.0,1,0.0,1,0.0,1,0.14285714285714285,0.3779644730092714,0.0,1.0,0.6428571428571429,0.5714285714285714,0.9200874124564641,0.0,3.0,0.25,0,349.83,0.0,0.0,False,False,False,False,False,True,True,False,False,False,False,False,False,False,False,False,False,False,False,False,False,False,False,False,False,False,False,False,False,False,False,False,False,True,False,False
USA,4K Smart TV,2025-08-02,Electronics,0.0,349.83,,20.0,2.0,0.0,0.0,5,2,31,8,3,214,1,-0.9749279121818236,-0.2225209339563146,-0.8660254037844385,-0.5000000000000004,0.0,1,0.0,1,3.0,1,3.0,1,0.14285714285714285,0.3779644730092714,0.0,1.0,0.6428571428571429,0.5714285714285714,0.9200874124564641,0.0,3.0,0.25,0,349.83,0.0,0.0,False,False,False,False,False,True,True,False,False,False,False,False,False,False,False,False,False,False,False,False,False,False,False,False,False,False,False,False,False,False,False,False,False,True,False,False
USA,4K Smart TV,2025-08-03,Electronics,0.0,349.83,,20.0,2.0,0.0,0.0,6,3,31,8,3,215,1,-0.7818314824680299,0.6234898018587334,-0.8660254037844385,-0.5000000000000004,0.0,1,1.0,1,0.0,1,0.0,1,0.14285714285714285,0.3779644730092714,0.0,1.0,0.42857142857142855,0.4642857142857143,0.7926581093427746,0.0,3.0,0.30769230769230765,0,349.83,0.0,0.0,False,False,False,False,False,True,True,False,False,False,False,False,False,False,False,False,False,False,False,False,False,False,False,False,False,False,False,False,False,False,False,False,False,True,False,False
USA,4K Smart TV,2025-08-04,Electronics,0.0,349.83,,20.0,2.0,0.0,0.0,0,4,32,8,3,216,0,0.0,1.0,-0.8660254037844385,-0.5000000000000004,0.0,1,0.0,1,2.0,1,0.0,1,0.0,0.0,0.0,0.0,0.42857142857142855,0.4642857142857143,0.7926581093427746,0.0,3.0,0.0,0,349.83,0.0,0.0,False,False,False,False,False,True,True,False,False,False,False,False,False,False,False,False,False,False,False,False,False,False,False,False,False,False,False,False,False,False,False,False,False,True,False,False
USA,4K Smart TV,2025-08-05,Electronics,1.0,1048.99,0.04,20.0,2.0,1.0,0.0,1,5,32,8,3,217,0,0.7818314824680298,0.6234898018587336,-0.8660254037844385,-0.5000000000000004,0.0,1,0.0,1,1.0,1,0.0,1,0.0,0.0,0.0,0.0,0.2857142857142857,0.4642857142857143,0.7926581093427746,0.0,3.0,0.0,1,349.83,699.1600000000001,1.9985707343566879,False,False,False,False,False,True,True,False,False,False,False,False,False,False,False,False,False,False,False,False,False,False,False,False,False,False,False,False,False,False,False,False,False,True,False,False
USA,4K Smart TV,2025-08-06,Electronics,0.0,1048.99,,20.0,2.0,0.0,0.0,2,6,32,8,3,218,0,0.9749279121818236,-0.22252093395631434,-0.8660254037844385,-0.5000000000000004,1.0,1,0.0,1,2.0,1,1.0,1,0.14285714285714285,0.3779644730092714,0.0,1.0,0.2857142857142857,0.5,0.7934920476158621,0.0,3.0,0.2857142857142857,0,1048.99,0.0,0.0,False,False,False,False,False,True,True,False,False,False,False,False,False,False,False,False,False,False,False,False,False,False,False,False,False,False,False,False,False,False,False,False,False,True,False,False
USA,4K Smart TV,2025-08-07,Electronics,0.0,1048.99,,20.0,2.0,0.0,0.0,3,7,32,8,3,219,0,0.43388373911755823,-0.900968867902419,-0.8660254037844385,-0.5000000000000004,0.0,1,0.0,1,0.0,1,1.0,1,0.14285714285714285,0.3779644730092714,0.0,1.0,0.14285714285714285,0.4642857142857143,0.7926581093427746,0.0,3.0,0.30769230769230765,0,1048.99,0.0,0.0,False,False,False,False,False,True,True,False,False,False,False,False,False,False,False,False,False,False,False,False,False,False,False,False,False,False,False,False,False,False,False,False,False,True,False,False
USA,4K Smart TV,2025-08-08,Electronics,0.0,1048.99,,20.0,2.0,0.0,0.0,4,8,32,8,3,220,0,-0.433883739117558,-0.9009688679024191,-0.8660254037844385,-0.5000000000000004,0.0,1,0.0,1,0.0,1,0.0,1,0.14285714285714285,0.3779644730092714,0.0,1.0,0.14285714285714285,0.42857142857142855,0.7901510136287921,0.0,3.0,0.3333333333333333,0,1048.99,0.0,0.0,False,False,False,False,False,True,True,False,False,False,False,False,False,False,False,False,False,False,False,False,False,False,False,False,False,False,False,False,False,False,False,False,False,True,False,False
USA,4K Smart TV,2025-08-09,Electronics,0.0,1048.99,,20.0,2.0,0.0,0.0,5,9,32,8,3,221,1,-0.9749279121818236,-0.2225209339563146,-0.8660254037844385,-0.5000000000000004,0.0,1,0.0,1,0.0,1,0.0,1,0.14285714285714285,0.3779644730092714,0.0,1.0,0.14285714285714285,0.42857142857142855,0.7901510136287921,0.0,3.0,0.3333333333333333,0,1048.99,0.0,0.0,False,False,False,False,False,True,True,False,False,False,False,False,False,False,False,False,False,False,False,False,False,False,False,False,False,False,False,False,False,False,False,False,False,True,False,False
USA,4K Smart TV,2025-08-10,Electronics,0.0,1048.99,,20.0,2.0,0.0,0.0,6,10,32,8,3,222,1,-0.7818314824680299,0.6234898018587334,-0.8660254037844385,-0.5000000000000004,0.0,1,0.0,1,1.0,1,1.0,1,0.14285714285714285,0.3779644730092714,0.0,1.0,0.14285714285714285,0.42857142857142855,0.7901510136287921,0.0,3.0,0.3333333333333333,0,1048.99,0.0,0.0,False,False,False,False,False,True,True,False,False,False,False,False,False,False,False,False,False,False,False,False,False,False,False,False,False,False,False,False,False,False,False,False,False,True,False,False
USA,4K Smart TV,2025-08-11,Electronics,0.0,1048.99,,20.0,2.0,0.0,0.0,0,11,33,8,3,223,0,0.0,1.0,-0.8660254037844385,-0.5000000000000004,0.0,1,0.0,1,0.0,1,0.0,1,0.14285714285714285,0.3779644730092714,0.0,1.0,0.07142857142857142,0.39285714285714285,0.7859547491585318,0.0,3.0,0.36363636363636365,0,1048.99,0.0,0.0,False,False,False,False,False,True,True,False,False,False,False,False,False,False,False,False,False,False,False,False,False,False,False,False,False,False,False,False,False,False,False,False,False,True,False,False
USA,4K Smart TV,2025-08-12,Electronics,0.0,1048.99,,20.0,2.0,0.0,0.0,1,12,33,8,3,224,0,0.7818314824680298,0.6234898018587336,-0.8660254037844385,-0.5000000000000004,0.0,1,1.0,1,0.0,1,1.0,1,0.14285714285714285,0.3779644730092714,0.0,1.0,0.07142857142857142,0.39285714285714285,0.7859547491585318,0.0,3.0,0.36363636363636365,0,1048.99,0.0,0.0,False,False,False,False,False,True,True,False,False,False,False,False,False,False,False,False,False,False,False,False,False,False,False,False,False,False,False,False,False,False,False,False,False,True,False,False
USA,4K Smart TV,2025-08-13,Electronics,0.0,1048.99,,20.0,2.0,0.0,0.0,2,13,33,8,3,225,0,0.9749279121818236,-0.22252093395631434,-0.8660254037844385,-0.5000000000000004,0.0,1,0.0,1,0.0,1,0.0,1,0.0,0.0,0.0,0.0,0.07142857142857142,0.35714285714285715,0.7800420555749484,0.0,3.0,0.0,0,1048.99,0.0,0.0,False,False,False,False,False,True,True,False,False,False,False,False,False,False,False,False,False,False,False,False,False,False,False,False,False,False,False,False,False,False,False,False,False,True,False,False
USA,4K Smart TV,2025-08-14,Electronics,0.0,1048.99,,20.0,2.0,0.0,0.0,3,14,33,8,3,226,0,0.43388373911755823,-0.900968867902419,-0.8660254037844385,-0.5000000000000004,0.0,1,0.0,1,0.0,1,0.0,1,0.0,0.0,0.0,0.0,0.07142857142857142,0.35714285714285715,0.7800420555749484,0.0,3.0,0.0,0,1048.99,0.0,0.0,False,False,False,False,False,True,True,False,False,False,False,False,False,False,False,False,False,False,False,False,False,False,False,False,False,False,False,False,False,False,False,False,False,True,False,False
USA,4K Smart TV,2025-08-15,Electronics,3.0,1327.26,0.14,20.0,2.0,1.0,0.0,4,15,33,8,3,227,0,-0.433883739117558,-0.9009688679024191,-0.8660254037844385,-0.5000000000000004,0.0,1,0.0,1,0.0,1,0.0,1,0.0,0.0,0.0,0.0,0.07142857142857142,0.35714285714285715,0.7800420555749484,0.0,3.0,0.0,1,1048.99,278.27,0.26527421615077357,False,False,False,False,False,True,True,False,False,False,False,False,False,False,False,False,False,False,False,False,False,False,False,False,False,False,False,False,False,False,False,False,False,True,False,False
USA,4K Smart TV,2025-08-16,Electronics,3.0,676.44,0.01,20.0,2.0,1.0,0.0,5,16,33,8,3,228,1,-0.9749279121818236,-0.2225209339563146,-0.8660254037844385,-0.5000000000000004,3.0,1,0.0,1,0.0,1,3.0,1,0.42857142857142855,1.133893419027695,0.0,3.0,0.2857142857142857,0.4642857142857143,0.9222413461394388,0.0,3.0,0.923076923076923,1,1327.26,-650.8199999999999,-0.49034853758871655,False,False,False,False,False,True,True,False,False,False,False,False,False,False,False,False,False,False,False,False,False,False,False,False,False,False,False,False,False,False,False,False,False,True,False,False
USA,4K Smart TV,2025-08-17,Electronics,0.0,676.44,,20.0,2.0,0.0,0.0,6,17,33,8,3,229,1,-0.7818314824680299,0.6234898018587334,-0.8660254037844385,-0.5000000000000004,3.0,1,0.0,1,0.0,1,0.0,1,0.8571428571428571,1.4638501094228085,0.0,3.0,0.5,0.4642857142857143,0.9222413461394388,0.0,3.0,1.846153846153846,0,676.44,0.0,0.0,False,False,False,False,False,True,True,False,False,False,False,False,False,False,False,False,False,False,False,False,False,False,False,False,False,False,False,False,False,False,False,False,False,True,False,False
USA,4K Smart TV,2025-08-18,Electronics,3.0,1118.45,0.09,20.0,2.0,1.0,0.0,0,18,34,8,3,230,0,0.0,1.0,-0.8660254037844385,-0.5000000000000004,0.0,1,0.0,1,0.0,1,2.0,1,0.8571428571428571,1.4638501094228085,0.0,3.0,0.5,0.4642857142857143,0.9222413461394388,0.0,3.0,1.846153846153846,1,676.44,442.01,0.6534356336112589,False,False,False,False,False,True,True,False,False,False,False,False,False,False,False,False,False,False,False,False,False,False,False,False,False,False,False,False,False,False,False,False,False,True,False,False
USA,4K Smart TV,2025-08-19,Electronics,0.0,1118.45,,20.0,2.0,0.0,0.0,1,19,34,8,3,231,0,0.7818314824680298,0.6234898018587336,-0.8660254037844385,-0.5000000000000004,3.0,1,0.0,1,1.0,1,1.0,1,1.2857142857142858,1.6035674514745528,0.0,3.0,0.7142857142857143,0.5,0.9999999999999919,0.0,3.0,2.5714285714285716,0,1118.45,0.0,0.0,False,False,False,False,False,True,True,False,False,False,False,False,False,False,False,False,False,False,False,False,False,False,False,False,False,False,False,False,False,False,False,False,False,True,False,False
USA,4K Smart TV,2025-08-20,Electronics,0.0,1118.45,,20.0,2.0,0.0,0.0,2,20,34,8,3,232,0,0.9749279121818236,-0.22252093395631434,-0.8660254037844385,-0.5000000000000004,0.0,1,0.0,1,0.0,1,2.0,1,1.2857142857142858,1.6035674514745528,0.0,3.0,0.6428571428571429,0.4642857142857143,0.999338405484965,0.0,3.0,2.769230769230769,0,1118.45,0.0,0.0,False,False,False,False,False,True,True,False,False,False,False,False,False,False,False,False,False,False,False,False,False,False,False,False,False,False,False,False,False,False,False,False,False,True,False,False
USA,4K Smart TV,2025-08-21,Electronics,0.0,1118.45,,20.0,2.0,0.0,0.0,3,21,34,8,3,233,0,0.43388373911755823,-0.900968867902419,-0.8660254037844385,-0.5000000000000004,0.0,1,0.0,1,0.0,1,0.0,1,1.2857142857142858,1.6035674514745528,0.0,3.0,0.6428571428571429,0.39285714285714285,0.956044540814468,0.0,3.0,3.272727272727273,0,1118.45,0.0,0.0,False,False,False,False,False,True,True,False,False,False,False,False,False,False,False,False,False,False,False,False,False,False,False,False,False,False,False,False,False,False,False,False,False,True,False,False
USA,4K Smart TV,2025-08-22,Electronics,0.0,1118.45,,20.0,2.0,0.0,0.0,4,22,34,8,3,234,0,-0.433883739117558,-0.9009688679024191,-0.8660254037844385,-0.5000000000000004,0.0,1,3.0,1,0.0,1,0.0,1,1.2857142857142858,1.6035674514745528,0.0,3.0,0.6428571428571429,0.39285714285714285,0.956044540814468,0.0,3.0,3.272727272727273,0,1118.45,0.0,0.0,False,False,False,False,False,True,True,False,False,False,False,False,False,False,False,False,False,False,False,False,False,False,False,False,False,False,False,False,False,False,False,False,False,True,False,False
USA,4K Smart TV,2025-08-23,Electronics,0.0,1118.45,,20.0,2.0,0.0,0.0,5,23,34,8,3,235,1,-0.9749279121818236,-0.2225209339563146,-0.8660254037844385,-0.5000000000000004,0.0,1,3.0,1,0.0,1,0.0,1,0.8571428571428571,1.4638501094228085,0.0,3.0,0.6428571428571429,0.39285714285714285,0.956044540814468,0.0,3.0,2.1818181818181817,0,1118.45,0.0,0.0,False,False,False,False,False,True,True,False,False,False,False,False,False,False,False,False,False,False,False,False,False,False,False,False,False,False,False,False,False,False,False,False,False,True,False,False
USA,4K Smart TV,2025-08-24,Electronics,0.0,1118.45,,20.0,2.0,0.0,0.0,6,24,34,8,3,236,1,-0.7818314824680299,0.6234898018587334,-0.8660254037844385,-0.5000000000000004,0.0,1,0.0,1,0.0,1,1.0,1,0.42857142857142855,1.133893419027695,0.0,3.0,0.6428571428571429,0.39285714285714285,0.956044540814468,0.0,3.0,1.0909090909090908,0,1118.45,0.0,0.0,False,False,False,False,False,True,True,False,False,False,False,False,False,False,False,False,False,False,False,False,False,False,False,False,False,False,False,False,False,False,False,False,False,True,False,False
USA,4K Smart TV,2025-08-25,Electronics,0.0,1118.45,,20.0,2.0,0.0,0.0,0,25,35,8,3,237,0,0.0,1.0,-0.8660254037844385,-0.5000000000000004,0.0,1,3.0,1,0.0,1,0.0,1,0.42857142857142855,1.133893419027695,0.0,3.0,0.6428571428571429,0.35714285714285715,0.9511897312113327,0.0,3.0,1.2,0,1118.45,0.0,0.0,False,False,False,False,False,True,True,False,False,False,False,False,False,False,False,False,False,False,False,False,False,False,False,False,False,False,False,False,False,False,False,False,False,True,False,False
USA,4K Smart TV,2025-08-26,Electronics,4.0,1280.575,0.05,20.0,2.0,1.0,0.0,1,26,35,8,3,238,0,0.7818314824680298,0.6234898018587336,-0.8660254037844385,-0.5000000000000004,0.0,1,0.0,1,0.0,1,0.0,1,0.0,0.0,0.0,0.0,0.6428571428571429,0.35714285714285715,0.9511897312113327,0.0,3.0,0.0,1,1118.45,162.125,0.14495507175108407,False,False,False,False,False,True,True,False,False,False,False,False,False,False,False,False,False,False,False,False,False,False,False,False,False,False,False,False,False,False,False,False,False,True,False,False
USA,4K Smart TV,2025-08-27,Electronics,0.0,1280.575,,20.0,2.0,0.0,0.0,2,27,35,8,3,239,0,0.9749279121818236,-0.22252093395631434,-0.8660254037844385,-0.5000000000000004,4.0,1,0.0,1,0.0,1,0.0,1,0.5714285714285714,1.5118578920369183,0.0,4.0,0.9285714285714286,0.5,1.1706281947614086,0.0,4.0,1.1428571428571428,0,1280.575,0.0,0.0,False,False,False,False,False,True,True,False,False,False,False,False,False,False,False,False,False,False,False,False,False,False,False,False,False,False,False,False,False,False,False,False,False,True,False,False
USA,4K Smart TV,2025-08-28,Electronics,0.0,1280.575,,20.0,2.0,0.0,0.0,3,28,35,8,3,240,0,0.43388373911755823,-0.900968867902419,-0.8660254037844385,-0.5000000000000004,0.0,1,0.0,1,0.0,1,0.0,1,0.5714285714285714,1.5118578920369183,0.0,4.0,0.9285714285714286,0.5,1.1706281947614086,0.0,4.0,1.1428571428571428,0,1280.575,0.0,0.0,False,False,False,False,False,True,True,False,False,False,False,False,False,False,False,False,False,False,False,False,False,False,False,False,False,False,False,False,False,False,False,False,False,True,False,False
USA,4K Smart TV,2025-08-29,Electronics,3.0,1476.41,0.08,20.0,2.0,1.0,0.0,4,29,35,8,3,241,0,-0.433883739117558,-0.9009688679024191,-0.8660254037844385,-0.5000000000000004,0.0,1,0.0,1,3.0,1,0.0,1,0.5714285714285714,1.5118578920369183,0.0,4.0,0.9285714285714286,0.5,1.1706281947614086,0.0,4.0,1.1428571428571428,1,1280.575,195.83500000000004,0.1529273958963747,False,False,False,False,False,True,True,False,False,False,False,False,False,False,False,False,False,False,False,False,False,False,False,False,False,False,False,False,False,False,False,False,False,True,False,False
USA,4K Smart TV,2025-08-30,Electronics,3.0,1132.0,0.12,20.0,2.0,1.0,0.0,5,30,35,8,3,242,1,-0.9749279121818236,-0.2225209339563146,-0.8660254037844385,-0.5000000000000004,3.0,1,0.0,1,3.0,1,0.0,1,1.0,1.732050807568884,0.0,4.0,0.9285714285714286,0.6071428571428571,1.2572540835836707,0.0,4.0,1.647058823529412,1,1476.41,-344.4100000000001,-0.23327530970394406,False,False,False,False,False,True,True,False,False,False,False,False,False,False,False,False,False,False,False,False,False,False,False,False,False,False,False,False,False,False,False,False,False,True,False,False
USA,4K Smart TV,2025-08-31,Electronics,0.0,1132.0,,20.0,2.0,0.0,0.0,6,31,35,8,3,243,1,-0.7818314824680299,0.6234898018587334,-0.8660254037844385,-0.5000000000000004,3.0,1,0.0,1,0.0,1,0.0,1,1.4285714285714286,1.8126539343499368,0.0,4.0,0.9285714285714286,0.7142857142857143,1.3293591565847633,0.0,4.0,2.0,0,1132.0,0.0,0.0,False,False,False,False,False,True,True,False,False,False,False,False,False,False,False,False,False,False,False,False,False,False,False,False,False,False,False,False,False,False,False,False,False,True,False,False
USA,4K Smart TV,2025-09-01,Electronics,0.0,1132.0,,20.0,2.0,0.0,0.0,0,1,36,9,3,244,0,0.0,1.0,-1.0,-1.8369701987210297e-16,0.0,1,0.0,1,3.0,1,0.0,1,1.4285714285714286,1.8126539343499368,0.0,4.0,0.9285714285714286,0.7142857142857143,1.3293591565847633,0.0,4.0,2.0,0,1132.0,0.0,0.0,False,False,False,False,False,True,True,False,False,False,False,False,False,False,False,False,False,False,False,False,False,False,False,False,False,False,False,False,False,False,False,False,False,True,False,False
USA,4K Smart TV,2025-09-02,Electronics,2.0,369.14,0.05,20.0,2.0,1.0,0.0,1,2,36,9,3,245,0,0.7818314824680298,0.6234898018587336,-1.0,-1.8369701987210297e-16,0.0,1,4.0,1,0.0,1,1.0,1,1.4285714285714286,1.8126539343499368,0.0,4.0,0.7142857142857143,0.7142857142857143,1.3293591565847633,0.0,4.0,2.0,1,1132.0,-762.86,-0.673904593639576,False,False,False,False,False,True,True,False,False,False,False,False,False,False,False,False,False,False,False,False,False,False,False,False,False,False,False,False,False,False,False,False,False,True,False,False
USA,4K Smart TV,2025-09-03,Electronics,3.0,788.92,0.05,20.0,2.0,1.0,0.0,2,3,36,9,3,246,0,0.9749279121818236,-0.22252093395631434,-1.0,-1.8369701987210297e-16,2.0,1,0.0,1,0.0,1,0.0,1,1.1428571428571428,1.4638501094228074,0.0,3.0,0.8571428571428571,0.75,1.3505828645714637,0.0,4.0,1.5238095238095237,1,369.14,419.78,1.1371837243322316,False,False,False,False,False,True,True,False,False,False,False,False,False,False,False,False,False,False,False,False,False,False,False,False,False,False,False,False,False,False,False,False,False,True,False,False
USA,4K Smart TV,2025-09-04,Electronics,0.0,788.92,,20.0,2.0,0.0,0.0,3,4,36,9,3,247,0,0.43388373911755823,-0.900968867902419,-1.0,-1.8369701987210297e-16,3.0,1,0.0,1,0.0,1,0.0,1,1.5714285714285714,1.5118578920369146,0.0,3.0,1.0714285714285714,0.8571428571428571,1.4067110502288542,0.0,4.0,1.8333333333333335,0,788.92,0.0,0.0,False,False,False,False,False,True,True,False,False,False,False,False,False,False,False,False,False,False,False,False,False,False,False,False,False,False,False,False,False,False,False,False,False,True,False,False
USA,4K Smart TV,2025-09-05,Electronics,1.0,1029.22,0.11,20.0,2.0,1.0,0.0,4,5,36,9,3,248,0,-0.433883739117558,-0.9009688679024191,-1.0,-1.8369701987210297e-16,0.0,1,3.0,1,0.0,1,0.0,1,1.5714285714285714,1.5118578920369146,0.0,3.0,1.0714285714285714,0.8571428571428571,1.4067110502288542,0.0,4.0,1.8333333333333335,1,788.92,240.30000000000007,0.304593621659991,False,False,False,False,False,True,True,False,False,False,False,False,False,False,False,False,False,False,False,False,False,False,False,False,False,False,False,False,False,False,False,False,False,True,False,False
USA,4K Smart TV,2025-09-06,Electronics,3.0,366.17,0.03,20.0,2.0,1.0,0.0,5,6,36,9,3,249,1,-0.9749279121818236,-0.2225209339563146,-1.0,-1.8369701987210297e-16,1.0,1,3.0,1,0.0,1,0.0,1,1.2857142857142858,1.3801311186847158,0.0,3.0,1.1428571428571428,0.8928571428571429,1.3968028497458718,0.0,4.0,1.44,1,1029.22,-663.05,-0.6442257243349332,False,False,False,False,False,True,True,False,False,False,False,False,False,False,False,False,False,False,False,False,False,False,False,False,False,False,False,False,False,False,False,False,False,True,False,False
USA,4K Smart TV,2025-09-07,Electronics,3.0,108.71,0.08,20.0,2.0,1.0,0.0,6,7,36,9,3,250,1,-0.7818314824680299,0.6234898018587334,-1.0,-1.8369701987210297e-16,3.0,1,0.0,1,0.0,1,0.0,1,1.2857142857142858,1.3801311186847158,0.0,3.0,1.3571428571428572,1.0,1.4401645996461874,0.0,4.0,1.2857142857142858,1,366.17,-257.46000000000004,-0.7031160389982796,False,False,False,False,False,True,True,False,False,False,False,False,False,False,False,False,False,False,False,False,False,False,False,False,False,False,False,False,False,False,False,False,False,True,False,False
USA,4K Smart TV,2025-09-08,Electronics,0.0,108.71,,20.0,2.0,0.0,0.0,0,8,37,9,3,251,0,0.0,1.0,-1.0,-1.8369701987210297e-16,3.0,1,0.0,1,0.0,1,0.0,1,1.7142857142857142,1.380131118684714,0.0,3.0,1.5714285714285714,1.1071428571428572,1.4742050139924274,0.0,4.0,1.5483870967741933,0,108.71,0.0,0.0,False,False,False,False,False,True,True,False,False,False,False,False,False,False,False,False,False,False,False,False,False,False,False,False,False,False,False,False,False,False,False,False,False,True,False,False
USA,4K Smart TV,2025-09-09,Electronics,0.0,108.71,,20.0,2.0,0.0,0.0,1,9,37,9,3,252,0,0.7818314824680298,0.6234898018587336,-1.0,-1.8369701987210297e-16,0.0,1,2.0,1,4.0,1,0.0,1,1.7142857142857142,1.380131118684714,0.0,3.0,1.5714285714285714,1.1071428571428572,1.4742050139924274,0.0,4.0,1.5483870967741933,0,108.71,0.0,0.0,False,False,False,False,False,True,True,False,False,False,False,False,False,False,False,False,False,False,False,False,False,False,False,False,False,False,False,False,False,False,False,False,False,True,False,False
USA,4K Smart TV,2025-09-10,Electronics,2.0,750.6,0.11,20.0,2.0,1.0,0.0,2,10,37,9,3,253,0,0.9749279121818236,-0.22252093395631434,-1.0,-1.8369701987210297e-16,0.0,1,3.0,1,0.0,1,0.0,1,1.4285714285714286,1.5118578920369152,0.0,3.0,1.2857142857142858,1.1071428571428572,1.4742050139924274,0.0,4.0,1.2903225806451613,1,108.71,641.89,5.9046085916659,False,False,False,False,False,True,True,False,False,False,False,False,False,False,False,False,False,False,False,False,False,False,False,False,False,False,False,False,False,False,False,False,False,True,False,False
USA,4K Smart TV,2025-09-11,Electronics,0.0,750.6,,20.0,2.0,0.0,0.0,3,11,37,9,3,254,0,0.43388373911755823,-0.900968867902419,-1.0,-1.8369701987210297e-16,2.0,1,0.0,1,0.0,1,0.0,1,1.2857142857142858,1.380131118684716,0.0,3.0,1.4285714285714286,1.1785714285714286,1.4670093394782435,0.0,4.0,1.090909090909091,0,750.6,0.0,0.0,False,False,False,False,False,True,True,False,False,False,False,False,False,False,False,False,False,False,False,False,False,False,False,False,False,False,False,False,False,False,False,False,False,True,False,False
USA,4K Smart TV,2025-09-12,Electronics,0.0,750.6,,20.0,2.0,0.0,0.0,4,12,37,9,3,255,0,-0.433883739117558,-0.9009688679024191,-1.0,-1.8369701987210297e-16,0.0,1,1.0,1,3.0,1,3.0,1,1.2857142857142858,1.380131118684716,0.0,3.0,1.4285714285714286,1.1785714285714286,1.4670093394782435,0.0,4.0,1.090909090909091,0,750.6,0.0,0.0,False,False,False,False,False,True,True,False,False,False,False,False,False,False,False,False,False,False,False,False,False,False,False,False,False,False,False,False,False,False,False,False,False,True,False,False
USA,4K Smart TV,2025-09-13,Electronics,0.0,750.6,,20.0,2.0,0.0,0.0,5,13,37,9,3,256,1,-0.9749279121818236,-0.2225209339563146,-1.0,-1.8369701987210297e-16,0.0,1,3.0,1,3.0,1,3.0,1,1.1428571428571428,1.4638501094228074,0.0,3.0,1.2142857142857142,1.0714285714285714,1.4383264819862902,0.0,4.0,1.0666666666666667,0,750.6,0.0,0.0,False,False,False,False,False,True,True,False,False,False,False,False,False,False,False,False,False,False,False,False,False,False,False,False,False,False,False,False,False,False,False,False,False,True,False,False
USA,4K Smart TV,2025-09-14,Electronics,1.0,1312.72,0.0,20.0,2.0,0.0,0.0,6,14,37,9,3,257,1,-0.7818314824680299,0.6234898018587334,-1.0,-1.8369701987210297e-16,0.0,1,3.0,1,0.0,1,0.0,1,0.7142857142857143,1.2535663410560283,0.0,3.0,1.0,0.9642857142857143,1.4005856673692616,0.0,4.0,0.7407407407407407,0,750.6,562.12,0.7488942179589662,False,False,False,False,False,True,True,False,False,False,False,False,False,False,False,False,False,False,False,False,False,False,False,False,False,False,False,False,False,False,False,False,False,True,False,False
USA,4K Smart TV,2025-09-15,Electronics,0.0,1312.72,,20.0,2.0,0.0,0.0,0,15,38,9,3,258,0,0.0,1.0,-1.0,-1.8369701987210297e-16,1.0,1,0.0,1,0.0,1,3.0,1,0.42857142857142855,0.7867957924694622,0.0,2.0,1.0714285714285714,1.0,1.3877773329774177,0.0,4.0,0.42857142857142855,0,1312.72,0.0,0.0,False,False,False,False,False,True,True,False,False,False,False,False,False,False,False,False,False,False,False,False,False,False,False,False,False,False,False,False,False,False,False,False,False,True,False,False
USA,4K Smart TV,2025-09-16,Electronics,0.0,1312.72,,20.0,2.0,0.0,0.0,1,16,38,9,3,259,0,0.7818314824680298,0.6234898018587336,-1.0,-1.8369701987210297e-16,0.0,1,0.0,1,2.0,1,0.0,1,0.42857142857142855,0.7867957924694622,0.0,2.0,1.0714285714285714,0.8928571428571429,1.3427248612094886,0.0,4.0,0.4799999999999999,0,1312.72,0.0,0.0,False,False,False,False,False,True,True,False,False,False,False,False,False,False,False,False,False,False,False,False,False,False,False,False,False,False,False,False,False,False,False,False,False,True,False,False
USA,4K Smart TV,2025-09-17,Electronics,3.0,212.14,0.05,20.0,2.0,1.0,0.0,2,17,38,9,3,260,0,0.9749279121818236,-0.22252093395631434,-1.0,-1.8369701987210297e-16,0.0,1,2.0,1,3.0,1,0.0,1,0.42857142857142855,0.7867957924694622,0.0,2.0,0.9285714285714286,0.8928571428571429,1.3427248612094886,0.0,4.0,0.4799999999999999,1,1312.72,-1100.58,-0.8383966116155768,False,False,False,False,False,True,True,False,False,False,False,False,False,False,False,False,False,False,False,False,False,False,False,False,False,False,False,False,False,False,False,False,False,True,False,False
USA,4K Smart TV,2025-09-18,Electronics,0.0,212.14,,20.0,2.0,0.0,0.0,3,18,38,9,3,261,0,0.43388373911755823,-0.900968867902419,-1.0,-1.8369701987210297e-16,3.0,1,0.0,1,0.0,1,0.0,1,0.5714285714285714,1.1338934190276944,0.0,3.0,0.9285714285714286,1.0,1.3877773329774177,0.0,4.0,0.5714285714285714,0,212.14,0.0,0.0,False,False,False,False,False,True,True,False,False,False,False,False,False,False,False,False,False,False,False,False,False,False,False,False,False,False,False,False,False,False,False,False,False,True,False,False
USA,4K Smart TV,2025-09-19,Electronics,0.0,212.14,,20.0,2.0,0.0,0.0,4,19,38,9,3,262,0,-0.433883739117558,-0.9009688679024191,-1.0,-1.8369701987210297e-16,0.0,1,0.0,1,1.0,1,0.0,1,0.5714285714285714,1.1338934190276944,0.0,3.0,0.9285714285714286,1.0,1.3877773329774177,0.0,4.0,0.5714285714285714,0,212.14,0.0,0.0,False,False,False,False,False,True,True,False,False,False,False,False,False,False,False,False,False,False,False,False,False,False,False,False,False,False,False,False,False,False,False,False,False,True,False,False
USA,4K Smart TV,2025-09-20,Electronics,1.0,767.5,0.04,20.0,2.0,1.0,0.0,5,20,38,9,3,263,1,-0.9749279121818236,-0.2225209339563146,-1.0,-1.8369701987210297e-16,0.0,1,0.0,1,3.0,1,0.0,1,0.5714285714285714,1.1338934190276944,0.0,3.0,0.8571428571428571,1.0,1.3877773329774177,0.0,4.0,0.5714285714285714,1,212.14,555.36,2.6178938436881305,False,False,False,False,False,True,True,False,False,False,False,False,False,False,False,False,False,False,False,False,False,False,False,False,False,False,False,False,False,False,False,False,False,True,False,False
USA,4K Smart TV,2025-09-21,Electronics,0.0,767.5,,20.0,2.0,0.0,0.0,6,21,38,9,3,264,1,-0.7818314824680299,0.6234898018587334,-1.0,-1.8369701987210297e-16,1.0,1,1.0,1,3.0,1,0.0,1,0.7142857142857143,1.1126972805283857,0.0,3.0,0.7142857142857143,1.0357142857142858,1.3738872361173338,0.0,4.0,0.689655172413793,0,767.5,0.0,0.0,False,False,False,False,False,True,True,False,False,False,False,False,False,False,False,False,False,False,False,False,False,False,False,False,False,False,False,False,False,False,False,False,False,True,False,False
USA,4K Smart TV,2025-09-22,Electronics,3.0,1476.23,0.09,20.0,2.0,1.0,0.0,0,22,39,9,3,265,0,0.0,1.0,-1.0,-1.8369701987210297e-16,0.0,1,0.0,1,0.0,1,0.0,1,0.5714285714285714,1.1338934190276944,0.0,3.0,0.5,1.0357142857142858,1.3738872361173338,0.0,4.0,0.5517241379310344,1,767.5,708.73,0.9234267100977199,False,False,False,False,False,True,True,False,False,False,False,False,False,False,False,False,False,False,False,False,False,False,False,False,False,False,False,False,False,False,False,False,False,True,False,False
USA,4K Smart TV,2025-09-23,Electronics,0.0,1476.23,,20.0,2.0,0.0,0.0,1,23,39,9,3,266,0,0.7818314824680298,0.6234898018587336,-1.0,-1.8369701987210297e-16,3.0,1,0.0,1,0.0,1,4.0,1,1.0,1.4142135623731036,0.0,3.0,0.7142857142857143,1.1428571428571428,1.4067110502288551,0.0,4.0,0.875,0,1476.23,0.0,0.0,False,False,False,False,False,True,True,False,False,False,False,False,False,False,False,False,False,False,False,False,False,False,False,False,False,False,False,False,False,False,False,False,False,True,False,False
USA,4K Smart TV,2025-09-24,Electronics,0.0,1476.23,,20.0,2.0,0.0,0.0,2,24,39,9,3,267,0,0.9749279121818236,-0.22252093395631434,-1.0,-1.8369701987210297e-16,0.0,1,3.0,1,2.0,1,0.0,1,1.0,1.4142135623731036,0.0,3.0,0.7142857142857143,1.0,1.3052600138300767,0.0,3.0,1.0,0,1476.23,0.0,0.0,False,False,False,False,False,True,True,False,False,False,False,False,False,False,False,False,False,False,False,False,False,False,False,False,False,False,False,False,False,False,False,False,False,True,False,False
USA,4K Smart TV,2025-09-25,Electronics,0.0,1476.23,,20.0,2.0,0.0,0.0,3,25,39,9,3,268,0,0.43388373911755823,-0.900968867902419,-1.0,-1.8369701987210297e-16,0.0,1,0.0,1,0.0,1,0.0,1,0.5714285714285714,1.1338934190276944,0.0,3.0,0.5714285714285714,1.0,1.3052600138300767,0.0,3.0,0.5714285714285714,0,1476.23,0.0,0.0,False,False,False,False,False,True,True,False,False,False,False,False,False,False,False,False,False,False,False,False,False,False,False,False,False,False,False,False,False,False,False,False,False,True,False,False
USA,4K Smart TV,2025-09-26,Electronics,0.0,1476.23,,20.0,2.0,0.0,0.0,4,26,39,9,3,269,0,-0.433883739117558,-0.9009688679024191,-1.0,-1.8369701987210297e-16,0.0,1,0.0,1,0.0,1,3.0,1,0.5714285714285714,1.1338934190276944,0.0,3.0,0.5714285714285714,1.0,1.3052600138300767,0.0,3.0,0.5714285714285714,0,1476.23,0.0,0.0,False,False,False,False,False,True,True,False,False,False,False,False,False,False,False,False,False,False,False,False,False,False,False,False,False,False,False,False,False,False,False,False,False,True,False,False
USA,4K Smart TV,2025-09-27,Electronics,0.0,1476.23,,20.0,2.0,0.0,0.0,5,27,39,9,3,270,1,-0.9749279121818236,-0.2225209339563146,-1.0,-1.8369701987210297e-16,0.0,1,1.0,1,0.0,1,3.0,1,0.5714285714285714,1.1338934190276944,0.0,3.0,0.5714285714285714,0.8928571428571429,1.2572540835836716,0.0,3.0,0.6399999999999999,0,1476.23,0.0,0.0,False,False,False,False,False,True,True,False,False,False,False,False,False,False,False,False,False,False,False,False,False,False,False,False,False,False,False,False,False,False,False,False,False,True,False,False
USA,4K Smart TV,2025-09-28,Electronics,0.0,1476.23,,20.0,2.0,0.0,0.0,6,28,39,9,3,271,1,-0.7818314824680299,0.6234898018587334,-1.0,-1.8369701987210297e-16,0.0,1,0.0,1,1.0,1,0.0,1,0.42857142857142855,1.133893419027695,0.0,3.0,0.5714285714285714,0.7857142857142857,1.1974399500026798,0.0,3.0,0.5454545454545454,0,1476.23,0.0,0.0,False,False,False,False,False,True,True,False,False,False,False,False,False,False,False,False,False,False,False,False,False,False,False,False,False,False,False,False,False,False,False,False,False,True,False,False
USA,4K Smart TV,2025-09-29,Electronics,0.0,1476.23,,20.0,2.0,0.0,0.0,0,29,40,9,3,272,0,0.0,1.0,-1.0,-1.8369701987210297e-16,0.0,1,3.0,1,0.0,1,0.0,1,0.42857142857142855,1.133893419027695,0.0,3.0,0.5,0.7857142857142857,1.1974399500026798,0.0,3.0,0.5454545454545454,0,1476.23,0.0,0.0,False,False,False,False,False,True,True,False,False,False,False,False,False,False,False,False,False,False,False,False,False,False,False,False,False,False,False,False,False,False,False,False,False,True,False,False
USA,4K Smart TV,2025-09-30,Electronics,2.0,708.96,0.01,20.0,2.0,1.0,0.0,1,30,40,9,3,273,0,0.7818314824680298,0.6234898018587336,-1.0,-1.8369701987210297e-16,0.0,1,0.0,1,0.0,1,2.0,1,0.0,0.0,0.0,0.0,0.5,0.7857142857142857,1.1974399500026798,0.0,3.0,0.0,1,1476.23,-767.27,-0.5197496325098392,False,False,False,False,False,True,True,False,False,False,False,False,False,False,False,False,False,False,False,False,False,False,False,False,False,False,False,False,False,False,False,False,False,True,False,False
USA,4K Smart TV,2025-10-01,Electronics,0.0,708.96,,20.0,2.0,0.0,0.0,2,1,40,10,4,274,0,0.9749279121818236,-0.22252093395631434,-0.8660254037844386,0.5000000000000001,2.0,1,0.0,1,3.0,1,3.0,1,0.2857142857142857,0.7559289460184755,0.0,2.0,0.6428571428571429,0.7857142857142857,1.1974399500026798,0.0,3.0,0.36363636363636365,0,708.96,0.0,0.0,False,False,False,False,False,True,True,False,False,False,False,False,False,False,False,False,False,False,False,False,False,False,False,False,False,False,False,False,False,False,False,False,False,True,False,False
USA,4K Smart TV,2025-10-02,Electronics,2.0,588.88,0.03,20.0,2.0,1.0,0.0,3,2,40,10,4,275,0,0.43388373911755823,-0.900968867902419,-0.8660254037844386,0.5000000000000001,0.0,1,0.0,1,0.0,1,0.0,1,0.2857142857142857,0.7559289460184755,0.0,2.0,0.42857142857142855,0.6785714285714286,1.123933945224317,0.0,3.0,0.42105263157894735,1,708.96,-120.08000000000004,-0.16937485894831872,False,False,False,False,False,True,True,False,False,False,False,False,False,False,False,False,False,False,False,False,False,False,False,False,False,False,False,False,False,False,False,False,False,True,False,False
USA,4K Smart TV,2025-10-03,Electronics,0.0,588.88,,20.0,2.0,0.0,0.0,4,3,40,10,4,276,0,-0.433883739117558,-0.9009688679024191,-0.8660254037844386,0.5000000000000001,2.0,1,0.0,1,0.0,1,1.0,1,0.5714285714285714,0.9759000729485479,0.0,2.0,0.5714285714285714,0.75,1.1426091000668346,0.0,3.0,0.7619047619047619,0,588.88,0.0,0.0,False,False,False,False,False,True,True,False,False,False,False,False,False,False,False,False,False,False,False,False,False,False,False,False,False,False,False,False,False,False,False,False,False,True,False,False
USA,4K Smart TV,2025-10-04,Electronics,2.0,809.99,0.09,20.0,2.0,1.0,0.0,5,4,40,10,4,277,1,-0.9749279121818236,-0.2225209339563146,-0.8660254037844386,0.5000000000000001,0.0,1,0.0,1,1.0,1,3.0,1,0.5714285714285714,0.9759000729485479,0.0,2.0,0.5714285714285714,0.7142857142857143,1.150109265570584,0.0,3.0,0.7999999999999999,1,588.88,221.11,0.37547547887515287,False,False,False,False,False,True,True,False,False,False,False,False,False,False,False,False,False,False,False,False,False,False,False,False,False,False,False,False,False,False,False,False,False,True,False,False
USA,4K Smart TV,2025-10-05,Electronics,0.0,809.99,,20.0,2.0,0.0,0.0,6,5,40,10,4,278,1,-0.7818314824680299,0.6234898018587334,-0.8660254037844386,0.5000000000000001,2.0,1,0.0,1,0.0,1,3.0,1,0.8571428571428571,1.0690449676497094,0.0,2.0,0.6428571428571429,0.6785714285714286,1.0904831219021338,0.0,3.0,1.263157894736842,0,809.99,0.0,0.0,False,False,False,False,False,True,True,False,False,False,False,False,False,False,False,False,False,False,False,False,False,False,False,False,False,False,False,False,False,False,False,False,False,True,False,False
USA,4K Smart TV,2025-10-06,Electronics,0.0,809.99,,20.0,2.0,0.0,0.0,0,6,41,10,4,279,0,0.0,1.0,-0.8660254037844386,0.5000000000000001,0.0,1,0.0,1,3.0,1,0.0,1,0.8571428571428571,1.0690449676497094,0.0,2.0,0.6428571428571429,0.5714285714285714,0.9973509887241194,0.0,3.0,1.5,0,809.99,0.0,0.0,False,False,False,False,False,True,True,False,False,False,False,False,False,False,False,False,False,False,False,False,False,False,False,False,False,False,False,False,False,False,False,False,False,True,False,False
USA,4K Smart TV,2025-10-07,Electronics,2.0,1114.84,0.1,20.0,2.0,1.0,0.0,1,7,41,10,4,280,0,0.7818314824680298,0.6234898018587336,-0.8660254037844386,0.5000000000000001,0.0,1,2.0,1,0.0,1,0.0,1,0.8571428571428571,1.0690449676497094,0.0,2.0,0.42857142857142855,0.5714285714285714,0.9973509887241194,0.0,3.0,1.5,1,809.99,304.8499999999999,0.37636267114408806,False,False,False,False,False,True,True,False,False,False,False,False,False,False,False,False,False,False,False,False,False,False,False,False,False,False,False,False,False,False,False,False,False,True,False,False
USA,4K Smart TV,2025-10-08,Electronics,0.0,1114.84,,20.0,2.0,0.0,0.0,2,8,41,10,4,281,0,0.9749279121818236,-0.22252093395631434,-0.8660254037844386,0.5000000000000001,2.0,1,0.0,1,0.0,1,2.0,1,0.8571428571428571,1.0690449676497094,0.0,2.0,0.5714285714285714,0.6428571428571429,1.0261140545329441,0.0,3.0,1.3333333333333333,0,1114.84,0.0,0.0,False,False,False,False,False,True,True,False,False,False,False,False,False,False,False,False,False,False,False,False,False,False,False,False,False,False,False,False,False,False,False,False,False,True,False,False
USA,4K Smart TV,2025-10-09,Electronics,0.0,1114.84,,20.0,2.0,0.0,0.0,3,9,41,10,4,282,0,0.43388373911755823,-0.900968867902419,-0.8660254037844386,0.5000000000000001,0.0,1,2.0,1,0.0,1,0.0,1,0.8571428571428571,1.0690449676497094,0.0,2.0,0.5714285714285714,0.5714285714285714,0.9973509887241194,0.0,3.0,1.5,0,1114.84,0.0,0.0,False,False,False,False,False,True,True,False,False,False,False,False,False,False,False,False,False,False,False,False,False,False,False,False,False,False,False,False,False,False,False,False,False,True,False,False
USA,4K Smart TV,2025-10-10,Electronics,3.0,98.62,0.09,20.0,2.0,1.0,0.0,4,10,41,10,4,283,0,-0.433883739117558,-0.9009688679024191,-0.8660254037844386,0.5000000000000001,0.0,1,0.0,1,0.0,1,0.0,1,0.5714285714285714,0.9759000729485477,0.0,2.0,0.5714285714285714,0.5714285714285714,0.9973509887241194,0.0,3.0,1.0,1,1114.84,-1016.2199999999999,-0.9115388755337088,False,False,False,False,False,True,True,False,False,False,False,False,False,False,False,False,False,False,False,False,False,False,False,False,False,False,False,False,False,False,False,False,False,True,False,False
USA,4K Smart TV,2025-10-11,Electronics,2.0,1243.2,0.03,20.0,2.0,1.0,0.0,5,11,41,10,4,284,1,-0.9749279121818236,-0.2225209339563146,-0.8660254037844386,0.5000000000000001,3.0,1,2.0,1,0.0,1,0.0,1,1.0,1.290994448735815,0.0,3.0,0.7857142857142857,0.6785714285714286,1.0904831219021338,0.0,3.0,1.4736842105263157,1,98.62,1144.58,11.605962279456499,False,False,False,False,False,True,True,False,False,False,False,False,False,False,False,False,False,False,False,False,False,False,False,False,False,False,False,False,False,False,False,False,False,True,False,False
USA,4K Smart TV,2025-10-12,Electronics,0.0,1243.2,,20.0,2.0,0.0,0.0,6,12,41,10,4,285,1,-0.7818314824680299,0.6234898018587334,-0.8660254037844386,0.5000000000000001,2.0,1,0.0,1,0.0,1,1.0,1,1.0,1.290994448735815,0.0,3.0,0.9285714285714286,0.75,1.1097213530798924,0.0,3.0,1.3333333333333333,0,1243.2,0.0,0.0,False,False,False,False,False,True,True,False,False,False,False,False,False,False,False,False,False,False,False,False,False,False,False,False,False,False,False,False,False,False,False,False,False,True,False,False
USA,4K Smart TV,2025-10-13,Electronics,0.0,1243.2,,20.0,2.0,0.0,0.0,0,13,42,10,4,286,0,0.0,1.0,-0.8660254037844386,0.5000000000000001,0.0,1,0.0,1,0.0,1,0.0,1,1.0,1.290994448735815,0.0,3.0,0.9285714285714286,0.7142857142857143,1.1174422797966945,0.0,3.0,1.4,0,1243.2,0.0,0.0,False,False,False,False,False,True,True,False,False,False,False,False,False,False,False,False,False,False,False,False,False,False,False,False,False,False,False,False,False,False,False,False,False,True,False,False
USA,4K Smart TV,2025-10-14,Electronics,0.0,1243.2,,20.0,2.0,0.0,0.0,1,14,42,10,4,287,0,0.7818314824680298,0.6234898018587336,-0.8660254037844386,0.5000000000000001,0.0,1,2.0,1,2.0,1,0.0,1,1.0,1.290994448735815,0.0,3.0,0.9285714285714286,0.7142857142857143,1.1174422797966945,0.0,3.0,1.4,0,1243.2,0.0,0.0,False,False,False,False,False,True,True,False,False,False,False,False,False,False,False,False,False,False,False,False,False,False,False,False,False,False,False,False,False,False,False,False,False,True,False,False
USA,4K Smart TV,2025-10-15,Electronics,0.0,1243.2,,20.0,2.0,0.0,0.0,2,15,42,10,4,288,0,0.9749279121818236,-0.22252093395631434,-0.8660254037844386,0.5000000000000001,0.0,1,0.0,1,0.0,1,3.0,1,0.7142857142857143,1.253566341056028,0.0,3.0,0.7857142857142857,0.7142857142857143,1.1174422797966945,0.0,3.0,1.0,0,1243.2,0.0,0.0,False,False,False,False,False,True,True,False,False,False,False,False,False,False,False,False,False,False,False,False,False,False,False,False,False,False,False,False,False,False,False,False,False,True,False,False
USA,4K Smart TV,2025-10-16,Electronics,0.0,1243.2,,20.0,2.0,0.0,0.0,3,16,42,10,4,289,0,0.43388373911755823,-0.900968867902419,-0.8660254037844386,0.5000000000000001,0.0,1,0.0,1,2.0,1,0.0,1,0.7142857142857143,1.253566341056028,0.0,3.0,0.7857142857142857,0.6071428571428571,1.0306159867619444,0.0,3.0,1.1764705882352942,0,1243.2,0.0,0.0,False,False,False,False,False,True,True,False,False,False,False,False,False,False,False,False,False,False,False,False,False,False,False,False,False,False,False,False,False,False,False,False,False,True,False,False
USA,4K Smart TV,2025-10-17,Electronics,0.0,1243.2,,20.0,2.0,0.0,0.0,4,17,42,10,4,290,0,-0.433883739117558,-0.9009688679024191,-0.8660254037844386,0.5000000000000001,0.0,1,3.0,1,0.0,1,0.0,1,0.7142857142857143,1.253566341056028,0.0,3.0,0.6428571428571429,0.6071428571428571,1.0306159867619444,0.0,3.0,1.1764705882352942,0,1243.2,0.0,0.0,False,False,False,False,False,True,True,False,False,False,False,False,False,False,False,False,False,False,False,False,False,False,False,False,False,False,False,False,False,False,False,False,False,True,False,False
USA,4K Smart TV,2025-10-18,Electronics,3.0,998.92,0.04,20.0,2.0,1.0,0.0,5,18,42,10,4,291,1,-0.9749279121818236,-0.2225209339563146,-0.8660254037844386,0.5000000000000001,0.0,1,2.0,1,2.0,1,1.0,1,0.2857142857142857,0.755928946018475,0.0,2.0,0.6428571428571429,0.6071428571428571,1.0306159867619444,0.0,3.0,0.47058823529411764,1,1243.2,-244.2800000000001,-0.19649292149292155,False,False,False,False,False,True,True,False,False,False,False,False,False,False,False,False,False,False,False,False,False,False,False,False,False,False,False,False,False,False,False,False,False,True,False,False
USA,4K Smart TV,2025-10-19,Electronics,0.0,998.92,,20.0,2.0,0.0,0.0,6,19,42,10,4,292,1,-0.7818314824680299,0.6234898018587334,-0.8660254037844386,0.5000000000000001,3.0,1,0.0,1,0.0,1,0.0,1,0.42857142857142855,1.1338934190276946,0.0,3.0,0.7142857142857143,0.6785714285714286,1.123933945224317,0.0,3.0,0.631578947368421,0,998.92,0.0,0.0,False,False,False,False,False,True,True,False,False,False,False,False,False,False,False,False,False,False,False,False,False,False,False,False,False,False,False,False,False,False,False,False,False,True,False,False
USA,4K Smart TV,2025-10-20,Electronics,0.0,998.92,,20.0,2.0,0.0,0.0,0,20,43,10,4,293,0,0.0,1.0,-0.8660254037844386,0.5000000000000001,0.0,1,0.0,1,0.0,1,3.0,1,0.42857142857142855,1.1338934190276946,0.0,3.0,0.7142857142857143,0.6785714285714286,1.123933945224317,0.0,3.0,0.631578947368421,0,998.92,0.0,0.0,False,False,False,False,False,True,True,False,False,False,False,False,False,False,False,False,False,False,False,False,False,False,False,False,False,False,False,False,False,False,False,False,False,True,False,False
USA,4K Smart TV,2025-10-21,Electronics,0.0,998.92,,20.0,2.0,0.0,0.0,1,21,43,10,4,294,0,0.7818314824680298,0.6234898018587336,-0.8660254037844386,0.5000000000000001,0.0,1,0.0,1,2.0,1,0.0,1,0.42857142857142855,1.1338934190276946,0.0,3.0,0.7142857142857143,0.5714285714285714,1.033819650027534,0.0,3.0,0.75,0,998.92,0.0,0.0,False,False,False,False,False,True,True,False,False,False,False,False,False,False,False,False,False,False,False,False,False,False,False,False,False,False,False,False,False,False,False,False,False,True,False,False
USA,4K Smart TV,2025-10-22,Electronics,0.0,998.92,,20.0,2.0,0.0,0.0,2,22,43,10,4,295,0,0.9749279121818236,-0.22252093395631434,-0.8660254037844386,0.5000000000000001,0.0,1,0.0,1,0.0,1,0.0,1,0.42857142857142855,1.1338934190276946,0.0,3.0,0.5714285714285714,0.5714285714285714,1.033819650027534,0.0,3.0,0.75,0,998.92,0.0,0.0,False,False,False,False,False,True,True,False,False,False,False,False,False,False,False,False,False,False,False,False,False,False,False,False,False,False,False,False,False,False,False,False,False,True,False,False
USA,4K Smart TV,2025-10-23,Electronics,0.0,998.92,,20.0,2.0,0.0,0.0,3,23,43,10,4,296,0,0.43388373911755823,-0.900968867902419,-0.8660254037844386,0.5000000000000001,0.0,1,0.0,1,0.0,1,0.0,1,0.42857142857142855,1.1338934190276946,0.0,3.0,0.5714285714285714,0.5714285714285714,1.033819650027534,0.0,3.0,0.75,0,998.92,0.0,0.0,False,False,False,False,False,True,True,False,False,False,False,False,False,False,False,False,False,False,False,False,False,False,False,False,False,False,False,False,False,False,False,False,False,True,False,False
USA,4K Smart TV,2025-10-24,Electronics,1.0,491.58,0.12,20.0,2.0,1.0,0.0,4,24,43,10,4,297,0,-0.433883739117558,-0.9009688679024191,-0.8660254037844386,0.5000000000000001,0.0,1,0.0,1,3.0,1,0.0,1,0.42857142857142855,1.1338934190276946,0.0,3.0,0.5714285714285714,0.5714285714285714,1.033819650027534,0.0,3.0,0.75,1,998.92,-507.34,-0.5078885196011692,False,False,False,False,False,True,True,False,False,False,False,False,False,False,False,False,False,False,False,False,False,False,False,False,False,False,False,False,False,False,False,False,False,True,False,False
USA,4K Smart TV,2025-10-25,Electronics,0.0,491.58,,20.0,2.0,0.0,0.0,5,25,43,10,4,298,1,-0.9749279121818236,-0.2225209339563146,-0.8660254037844386,0.5000000000000001,1.0,1,3.0,1,2.0,1,0.0,1,0.5714285714285714,1.1338934190276941,0.0,3.0,0.42857142857142855,0.6071428571428571,1.0306159867619444,0.0,3.0,0.9411764705882353,0,491.58,0.0,0.0,False,False,False,False,False,True,True,False,False,False,False,False,False,False,False,False,False,False,False,False,False,False,False,False,False,False,False,False,False,False,False,False,False,True,False,False
USA,4K Smart TV,2025-10-26,Electronics,0.0,491.58,,20.0,2.0,0.0,0.0,6,26,43,10,4,299,1,-0.7818314824680299,0.6234898018587334,-0.8660254037844386,0.5000000000000001,0.0,1,0.0,1,0.0,1,0.0,1,0.14285714285714285,0.37796447300927016,0.0,1.0,0.2857142857142857,0.6071428571428571,1.0306159867619444,0.0,3.0,0.23529411764705882,0,491.58,0.0,0.0,False,False,False,False,False,True,True,False,False,False,False,False,False,False,False,False,False,False,False,False,False,False,False,False,False,False,False,False,False,False,False,False,False,True,False,False
USA,4K Smart TV,2025-10-27,Electronics,0.0,491.58,,20.0,2.0,0.0,0.0,0,27,44,10,4,300,0,0.0,1.0,-0.8660254037844386,0.5000000000000001,0.0,1,0.0,1,0.0,1,0.0,1,0.14285714285714285,0.37796447300927016,0.0,1.0,0.2857142857142857,0.6071428571428571,1.0306159867619444,0.0,3.0,0.23529411764705882,0,491.58,0.0,0.0,False,False,False,False,False,True,True,False,False,False,False,False,False,False,False,False,False,False,False,False,False,False,False,False,False,False,False,False,False,False,False,False,False,True,False,False
USA,4K Smart TV,2025-10-28,Electronics,0.0,491.58,,20.0,2.0,0.0,0.0,1,28,44,10,4,301,0,0.7818314824680298,0.6234898018587336,-0.8660254037844386,0.5000000000000001,0.0,1,0.0,1,0.0,1,2.0,1,0.14285714285714285,0.37796447300927016,0.0,1.0,0.2857142857142857,0.6071428571428571,1.0306159867619444,0.0,3.0,0.23529411764705882,0,491.58,0.0,0.0,False,False,False,False,False,True,True,False,False,False,False,False,False,False,False,False,False,False,False,False,False,False,False,False,False,False,False,False,False,False,False,False,False,True,False,False
USA,4K Smart TV,2025-10-29,Electronics,0.0,491.58,,20.0,2.0,0.0,0.0,2,29,44,10,4,302,0,0.9749279121818236,-0.22252093395631434,-0.8660254037844386,0.5000000000000001,0.0,1,0.0,1,0.0,1,0.0,1,0.14285714285714285,0.37796447300927016,0.0,1.0,0.2857142857142857,0.5357142857142857,0.999338405484965,0.0,3.0,0.26666666666666666,0,491.58,0.0,0.0,False,False,False,False,False,True,True,False,False,False,False,False,False,False,False,False,False,False,False,False,False,False,False,False,False,False,False,False,False,False,False,False,False,True,False,False
USA,4K Smart TV,2025-10-30,Electronics,0.0,491.58,,20.0,2.0,0.0,0.0,3,30,44,10,4,303,0,0.43388373911755823,-0.900968867902419,-0.8660254037844386,0.5000000000000001,0.0,1,0.0,1,0.0,1,2.0,1,0.14285714285714285,0.37796447300927016,0.0,1.0,0.2857142857142857,0.5357142857142857,0.999338405484965,0.0,3.0,0.26666666666666666,0,491.58,0.0,0.0,False,False,False,False,False,True,True,False,False,False,False,False,False,False,False,False,False,False,False,False,False,False,False,False,False,False,False,False,False,False,False,False,False,True,False,False
USA,4K Smart TV,2025-10-31,Electronics,0.0,491.58,,20.0,2.0,0.0,0.0,4,31,44,10,4,304,0,-0.433883739117558,-0.9009688679024191,-0.8660254037844386,0.5000000000000001,0.0,1,1.0,1,0.0,1,0.0,1,0.14285714285714285,0.37796447300927016,0.0,1.0,0.2857142857142857,0.4642857142857143,0.961562881252785,0.0,3.0,0.30769230769230765,0,491.58,0.0,0.0,False,False,False,False,False,True,True,False,False,False,False,False,False,False,False,False,False,False,False,False,False,False,False,False,False,False,False,False,False,False,False,False,False,True,False,False
USA,4K Smart TV,2025-11-01,Electronics,0.0,491.58,,20.0,2.0,0.0,0.0,5,1,44,11,4,305,1,-0.9749279121818236,-0.2225209339563146,-0.5000000000000004,0.8660254037844384,0.0,1,0.0,1,3.0,1,2.0,1,0.0,0.0,0.0,0.0,0.2857142857142857,0.4642857142857143,0.961562881252785,0.0,3.0,0.0,0,491.58,0.0,0.0,False,False,False,False,False,True,True,False,False,False,False,False,False,False,False,False,False,False,False,False,False,False,False,False,False,False,False,False,False,False,False,False,False,True,False,False
USA,4K Smart TV,2025-11-02,Electronics,0.0,491.58,,20.0,2.0,0.0,0.0,6,2,44,11,4,306,1,-0.7818314824680299,0.6234898018587334,-0.5000000000000004,0.8660254037844384,0.0,1,0.0,1,0.0,1,0.0,1,0.0,0.0,0.0,0.0,0.07142857142857142,0.39285714285714285,0.916486273736313,0.0,3.0,0.0,0,491.58,0.0,0.0,False,False,False,False,False,True,True,False,False,False,False,False,False,False,False,False,False,False,False,False,False,False,False,False,False,False,False,False,False,False,False,False,False,True,False,False
USA,4K Smart TV,2025-11-03,Electronics,10.0,761.6500000000001,0.28,20.0,2.0,1.0,1.0,0,3,45,11,4,307,0,0.0,1.0,-0.5000000000000004,0.8660254037844384,0.0,1,0.0,1,0.0,1,0.0,1,0.0,0.0,0.0,0.0,0.07142857142857142,0.39285714285714285,0.916486273736313,0.0,3.0,0.0,1,491.58,270.0700000000001,0.5493917571910983,False,False,False,False,False,True,True,False,False,False,False,False,False,False,False,False,False,False,False,False,False,False,False,False,False,False,False,False,False,False,False,False,False,True,False,False
USA,4K Smart TV,2025-11-04,Electronics,6.0,832.135,0.26,20.0,2.0,1.0,1.0,1,4,45,11,4,308,0,0.7818314824680298,0.6234898018587336,-0.5000000000000004,0.8660254037844384,10.0,1,0.0,1,0.0,1,2.0,1,1.4285714285714286,3.779644730092275,0.0,10.0,0.7857142857142857,0.75,2.0298695451605644,0.0,10.0,1.9047619047619049,1,761.6500000000001,70.4849999999999,0.09254250640057755,False,False,False,False,False,True,True,False,False,False,False,False,False,False,False,False,False,False,False,False,False,False,False,False,False,False,False,False,False,False,False,False,False,True,False,False
USA,4K Smart TV,2025-11-05,Electronics,5.0,1467.23,0.23,20.0,2.0,1.0,1.0,2,5,45,11,4,309,0,0.9749279121818236,-0.22252093395631434,-0.5000000000000004,0.8660254037844384,6.0,1,0.0,1,0.0,1,0.0,1,2.2857142857142856,4.07080195679286,0.0,10.0,1.2142857142857142,0.8928571428571429,2.2499265126153123,0.0,10.0,2.5599999999999996,1,832.135,635.095,0.7632114981343172,False,False,False,False,False,True,True,False,False,False,False,False,False,False,False,False,False,False,False,False,False,False,False,False,False,False,False,False,False,False,False,False,False,True,False,False
USA,4K Smart TV,2025-11-06,Electronics,3.0,383.39,0.26,20.0,2.0,1.0,0.0,3,6,45,11,4,310,0,0.43388373911755823,-0.900968867902419,-0.5000000000000004,0.8660254037844384,5.0,1,0.0,1,0.0,1,0.0,1,3.0,4.0414518843273814,0.0,10.0,1.5714285714285714,1.0714285714285714,2.371568810795633,0.0,10.0,2.8000000000000003,1,1467.23,-1083.8400000000001,-0.7386980909605175,False,False,False,False,False,True,True,False,False,False,False,False,False,False,False,False,False,False,False,False,False,False,False,False,False,False,False,False,False,False,False,False,False,True,False,False
USA,4K Smart TV,2025-11-07,Electronics,0.0,383.39,,20.0,2.0,0.0,0.0,4,7,45,11,4,311,0,-0.433883739117558,-0.9009688679024191,-0.5000000000000004,0.8660254037844384,3.0,1,0.0,1,1.0,1,3.0,1,3.4285714285714284,3.8234863173611098,0.0,10.0,1.7857142857142858,1.1785714285714286,2.3890734517113423,0.0,10.0,2.9090909090909087,0,383.39,0.0,0.0,False,False,False,False,False,True,True,False,False,False,False,False,False,False,False,False,False,False,False,False,False,False,False,False,False,False,False,False,False,False,False,False,False,True,False,False
USA,4K Smart TV,2025-11-08,Electronics,0.0,383.39,,20.0,2.0,0.0,0.0,5,8,45,11,4,312,1,-0.9749279121818236,-0.2225209339563146,-0.5000000000000004,0.8660254037844384,0.0,1,0.0,1,0.0,1,2.0,1,3.4285714285714284,3.8234863173611098,0.0,10.0,1.7142857142857142,1.0714285714285714,2.371568810795633,0.0,10.0,3.1999999999999997,0,383.39,0.0,0.0,False,False,False,False,False,True,True,False,False,False,False,False,False,False,False,False,False,False,False,False,False,False,False,False,False,False,False,False,False,False,False,False,False,True,False,False
USA,4K Smart TV,2025-11-09,Electronics,0.0,383.39,,20.0,2.0,0.0,0.0,6,9,45,11,4,313,1,-0.7818314824680299,0.6234898018587334,-0.5000000000000004,0.8660254037844384,0.0,1,0.0,1,0.0,1,0.0,1,3.4285714285714284,3.8234863173611098,0.0,10.0,1.7142857142857142,1.0,2.372684056006956,0.0,10.0,3.4285714285714284,0,383.39,0.0,0.0,False,False,False,False,False,True,True,False,False,False,False,False,False,False,False,False,False,False,False,False,False,False,False,False,False,False,False,False,False,False,False,False,False,True,False,False
USA,4K Smart TV,2025-11-10,Electronics,5.0,1408.29,0.19,20.0,2.0,1.0,1.0,0,10,46,11,4,314,0,0.0,1.0,-0.5000000000000004,0.8660254037844384,0.0,1,10.0,1,0.0,1,0.0,1,3.4285714285714284,3.8234863173611098,0.0,10.0,1.7142857142857142,1.0,2.372684056006956,0.0,10.0,3.4285714285714284,1,383.39,1024.9,2.6732569967917788,False,False,False,False,False,True,True,False,False,False,False,False,False,False,False,False,False,False,False,False,False,False,False,False,False,False,False,False,False,False,False,False,False,True,False,False
USA,4K Smart TV,2025-11-11,Electronics,0.0,1408.29,,20.0,2.0,0.0,0.0,1,11,46,11,4,315,0,0.7818314824680298,0.6234898018587336,-0.5000000000000004,0.8660254037844384,5.0,1,6.0,1,0.0,1,0.0,1,2.7142857142857144,2.690370836538199,0.0,6.0,2.0714285714285716,1.1785714285714286,2.480346024674056,0.0,10.0,2.303030303030303,0,1408.29,0.0,0.0,False,False,False,False,False,True,True,False,False,False,False,False,False,False,False,False,False,False,False,False,False,False,False,False,False,False,False,False,False,False,False,False,False,True,False,False
USA,4K Smart TV,2025-11-12,Electronics,4.0,260.8,0.16,20.0,2.0,1.0,0.0,2,12,46,11,4,316,0,0.9749279121818236,-0.22252093395631434,-0.5000000000000004,0.8660254037844384,0.0,1,5.0,1,0.0,1,0.0,1,1.8571428571428572,2.410295378065483,0.0,5.0,2.0714285714285716,1.1785714285714286,2.480346024674056,0.0,10.0,1.5757575757575757,1,1408.29,-1147.49,-0.814810869920258,False,False,False,False,False,True,True,False,False,False,False,False,False,False,False,False,False,False,False,False,False,False,False,False,False,False,False,False,False,False,False,False,False,True,False,False
USA,4K Smart TV,2025-11-13,Electronics,0.0,260.8,,20.0,2.0,0.0,0.0,3,13,46,11,4,317,0,0.43388373911755823,-0.900968867902419,-0.5000000000000004,0.8660254037844384,4.0,1,3.0,1,0.0,1,0.0,1,1.7142857142857142,2.2146697055682876,0.0,5.0,2.357142857142857,1.3214285714285714,2.5247452592961963,0.0,10.0,1.2972972972972971,0,260.8,0.0,0.0,False,False,False,False,False,True,True,False,False,False,False,False,False,False,False,False,False,False,False,False,False,False,False,False,False,False,False,False,False,False,False,False,False,True,False,False
USA,4K Smart TV,2025-11-14,Electronics,6.0,622.46,0.23,20.0,2.0,1.0,1.0,4,14,46,11,4,318,0,-0.433883739117558,-0.9009688679024191,-0.5000000000000004,0.8660254037844384,0.0,1,0.0,1,0.0,1,0.0,1,1.2857142857142858,2.214669705568289,0.0,5.0,2.357142857142857,1.3214285714285714,2.5247452592961963,0.0,10.0,0.972972972972973,1,260.8,361.66,1.3867331288343558,False,False,False,False,False,True,True,False,False,False,False,False,False,False,False,False,False,False,False,False,False,False,False,False,False,False,False,False,False,False,False,False,False,True,False,False
USA,4K Smart TV,2025-11-15,Electronics,2.0,153.95,0.26,20.0,2.0,1.0,0.0,5,15,46,11,4,319,1,-0.9749279121818236,-0.2225209339563146,-0.5000000000000004,0.8660254037844384,6.0,1,0.0,1,0.0,1,3.0,1,2.142857142857143,2.734262327610592,0.0,6.0,2.7857142857142856,1.5357142857142858,2.659464480445512,0.0,10.0,1.3953488372093021,1,622.46,-468.51000000000005,-0.7526748706744208,False,False,False,False,False,True,True,False,False,False,False,False,False,False,False,False,False,False,False,False,False,False,False,False,False,False,False,False,False,False,False,False,False,True,False,False
USA,4K Smart TV,2025-11-16,Electronics,4.0,714.265,0.22,20.0,2.0,1.0,0.0,6,16,46,11,4,320,1,-0.7818314824680299,0.6234898018587334,-0.5000000000000004,0.8660254037844384,2.0,1,0.0,1,0.0,1,0.0,1,2.4285714285714284,2.5727509827124027,0.0,6.0,2.9285714285714284,1.5,2.6457513110645894,0.0,10.0,1.6190476190476188,1,153.95,560.315,3.639590776226048,False,False,False,False,False,True,True,False,False,False,False,False,False,False,False,False,False,False,False,False,False,False,False,False,False,False,False,False,False,False,False,False,False,True,False,False
USA,4K Smart TV,2025-11-17,Electronics,3.0,1464.76,0.19,20.0,2.0,1.0,0.0,0,17,47,11,4,321,0,0.0,1.0,-0.5000000000000004,0.8660254037844384,4.0,1,5.0,1,10.0,1,0.0,1,3.0,2.3804761428476184,0.0,6.0,3.2142857142857144,1.6428571428571428,2.6696411981732906,0.0,10.0,1.8260869565217392,1,714.265,750.495,1.0507234709806585,False,False,False,False,False,True,True,False,False,False,False,False,False,False,False,False,False,False,False,False,False,False,False,False,False,False,False,False,False,False,False,False,False,True,False,False
USA,4K Smart TV,2025-11-18,Electronics,0.0,1464.76,,20.0,2.0,0.0,0.0,1,18,47,11,4,322,0,0.7818314824680298,0.6234898018587336,-0.5000000000000004,0.8660254037844384,3.0,1,0.0,1,6.0,1,0.0,1,2.7142857142857144,2.2146697055682854,0.0,6.0,2.7142857142857144,1.75,2.661453237111885,0.0,10.0,1.5510204081632655,0,1464.76,0.0,0.0,False,False,False,False,False,True,True,False,False,False,False,False,False,False,False,False,False,False,False,False,False,False,False,False,False,False,False,False,False,False,False,False,False,True,False,False
USA,4K Smart TV,2025-11-19,Electronics,3.0,143.1,0.26,20.0,2.0,1.0,0.0,2,19,47,11,4,323,0,0.9749279121818236,-0.22252093395631434,-0.5000000000000004,0.8660254037844384,0.0,1,4.0,1,5.0,1,0.0,1,2.7142857142857144,2.2146697055682854,0.0,6.0,2.2857142857142856,1.75,2.661453237111885,0.0,10.0,1.5510204081632655,1,1464.76,-1321.66,-0.902304814440591,False,False,False,False,False,True,True,False,False,False,False,False,False,False,False,False,False,False,False,False,False,False,False,False,False,False,False,False,False,False,False,False,False,True,False,False
USA,4K Smart TV,2025-11-20,Electronics,0.0,143.1,,20.0,2.0,0.0,0.0,3,20,47,11,4,324,0,0.43388373911755823,-0.900968867902419,-0.5000000000000004,0.8660254037844384,3.0,1,0.0,1,3.0,1,0.0,1,2.5714285714285716,2.1491969707422425,0.0,6.0,2.142857142857143,1.8571428571428572,2.648749330509215,0.0,10.0,1.3846153846153846,0,143.1,0.0,0.0,False,False,False,False,False,True,True,False,False,False,False,False,False,False,False,False,False,False,False,False,False,False,False,False,False,False,False,False,False,False,False,False,False,True,False,False
USA,4K Smart TV,2025-11-21,Electronics,15.0,711.21,0.29,20.0,2.0,1.0,1.0,4,21,47,11,4,325,0,-0.433883739117558,-0.9009688679024191,-0.5000000000000004,0.8660254037844384,0.0,1,6.0,1,0.0,1,1.0,1,2.5714285714285716,2.1491969707422425,0.0,6.0,1.9285714285714286,1.8571428571428572,2.648749330509215,0.0,10.0,1.3846153846153846,1,143.1,568.11,3.9700209643605873,False,False,False,False,False,True,True,False,False,False,False,False,False,False,False,False,False,False,False,False,False,False,False,False,False,False,False,False,False,False,False,False,False,True,False,False
USA,4K Smart TV,2025-11-22,Electronics,7.0,939.12,0.26,20.0,2.0,1.0,1.0,5,22,47,11,4,326,1,-0.9749279121818236,-0.2225209339563146,-0.5000000000000004,0.8660254037844384,15.0,1,2.0,1,0.0,1,0.0,1,3.857142857142857,5.1455019654248,0.0,15.0,3.0,2.357142857142857,3.6231180117385264,0.0,15.0,1.6363636363636362,1,711.21,227.90999999999997,0.32045387438309353,False,False,False,False,False,True,True,False,False,False,False,False,False,False,False,False,False,False,False,False,False,False,False,False,False,False,False,False,False,False,False,False,False,True,False,False
USA,4K Smart TV,2025-11-23,Electronics,3.0,450.03,0.16,20.0,2.0,1.0,0.0,6,23,47,11,4,327,1,-0.7818314824680299,0.6234898018587334,-0.5000000000000004,0.8660254037844384,7.0,1,4.0,1,0.0,1,0.0,1,4.571428571428571,5.191568255583369,0.0,15.0,3.5,2.607142857142857,3.6952350269992182,0.0,15.0,1.7534246575342465,1,939.12,-489.09000000000003,-0.5207960644007156,False,False,False,False,False,True,True,False,False,False,False,False,False,False,False,False,False,False,False,False,False,False,False,False,False,False,False,False,False,False,False,False,False,True,False,False
USA,4K Smart TV,2025-11-24,Electronics,2.0,1448.13,0.24,20.0,2.0,1.0,0.0,0,24,48,11,4,328,0,0.0,1.0,-0.5000000000000004,0.8660254037844384,3.0,1,3.0,1,5.0,1,0.0,1,4.428571428571429,5.223572942509206,0.0,15.0,3.7142857142857144,2.7142857142857144,3.6601674001096463,0.0,15.0,1.631578947368421,1,450.03,998.1000000000001,2.2178521431904543,False,False,False,False,False,True,True,False,False,False,False,False,False,False,False,False,False,False,False,False,False,False,False,False,False,False,False,False,False,False,False,False,False,True,False,False
USA,4K Smart TV,2025-11-25,Electronics,0.0,1448.13,,20.0,2.0,0.0,0.0,1,25,48,11,4,329,0,0.7818314824680298,0.6234898018587336,-0.5000000000000004,0.8660254037844384,2.0,1,0.0,1,0.0,1,0.0,1,4.285714285714286,5.282495802626056,0.0,15.0,3.5,2.7857142857142856,3.6245780633842264,0.0,15.0,1.5384615384615385,0,1448.13,0.0,0.0,False,False,False,False,False,True,True,False,False,False,False,False,False,False,False,False,False,False,False,False,False,False,False,False,False,False,False,False,False,False,False,False,False,True,False,False
