store_id,product_id,date,category,sales,price,Discount_Applied,safety_stock,lead_time_days,promotion,is_outlier,day_of_week,day_of_month,week_of_year,month,quarter,day_of_year,is_weekend,sin_day_of_week,cos_day_of_week,sin_month,cos_month,lag_1,has_lag_1,lag_7,has_lag_7,lag_14,has_lag_14,lag_28,has_lag_28,rolling_mean_7,rolling_std_7,rolling_min_7,rolling_max_7,rolling_mean_14,rolling_mean_28,rolling_std_28,rolling_min_28,rolling_max_28,trend_ratio,is_promotion,previous_price,price_change,price_change_pct,store_id_Germany,store_id_India,store_id_Pakistan,store_id_UAE,store_id_UK,store_id_USA,product_id_4K Smart TV,product_id_Air Fryer,product_id_Blender,product_id_Coffee Maker,product_id_Cotton T-Shirt,product_id_Cycling Helmet,product_id_Denim Jeans,product_id_Dumbbell Set,product_id_Face Wash,product_id_Football,product_id_Formal Shirt,product_id_Gaming Laptop,product_id_Hair Serum,product_id_Lipstick Set,product_id_Microwave Oven,product_id_Moisturizing Cream,product_id_Perfume,product_id_Running Shoes,product_id_Smartphone 128GB,product_id_Smartwatch,product_id_Tennis Racket,product_id_Vacuum Cleaner,product_id_Winter Jacket,product_id_Wireless Noise-Canceling Headphones,product_id_Yoga Mat,category_Apparel,category_Beauty,category_Electronics,category_Home & Kitchen,category_Sports
Pakistan,Smartphone 128GB,2025-05-23,Electronics,0.0,1331.3,,20.0,2.0,0.0,0.0,4,23,21,5,2,143,0,-0.433883739117558,-0.9009688679024191,0.49999999999999994,-0.8660254037844387,0.0,1,0.0,1,0.0,1,0.0,1,0.2857142857142857,0.7559289460184478,0.0,2.0,0.14285714285714285,0.5357142857142857,1.1049431980420792,0.0,4.0,0.5333333333333333,0,1331.3,0.0,0.0,False,False,True,False,False,False,False,False,False,False,False,False,False,False,False,False,False,False,False,False,False,False,False,False,True,False,False,False,False,False,False,False,False,True,False,False
Pakistan,Smartphone 128GB,2025-05-24,Electronics,0.0,1331.3,,20.0,2.0,0.0,0.0,5,24,21,5,2,144,1,-0.9749279121818236,-0.2225209339563146,0.49999999999999994,-0.8660254037844387,0.0,1,0.0,1,0.0,1,0.0,1,0.2857142857142857,0.7559289460184478,0.0,2.0,0.14285714285714285,0.5357142857142857,1.1049431980420792,0.0,4.0,0.5333333333333333,0,1331.3,0.0,0.0,False,False,True,False,False,False,False,False,False,False,False,False,False,False,False,False,False,False,False,False,False,False,False,False,True,False,False,False,False,False,False,False,False,True,False,False
Pakistan,Smartphone 128GB,2025-05-25,Electronics,0.0,1331.3,,20.0,2.0,0.0,0.0,6,25,21,5,2,145,1,-0.7818314824680299,0.6234898018587334,0.49999999999999994,-0.8660254037844387,0.0,1,2.0,1,0.0,1,0.0,1,0.2857142857142857,0.7559289460184478,0.0,2.0,0.14285714285714285,0.5357142857142857,1.1049431980420792,0.0,4.0,0.5333333333333333,0,1331.3,0.0,0.0,False,False,True,False,False,False,False,False,False,False,False,False,False,False,False,False,False,False,False,False,False,False,False,False,True,False,False,False,False,False,False,False,False,True,False,False
Pakistan,Smartphone 128GB,2025-05-26,Electronics,1.0,83.14,0.1,20.0,2.0,1.0,0.0,0,26,22,5,2,146,0,0.0,1.0,0.49999999999999994,-0.8660254037844387,0.0,1,0.0,1,0.0,1,4.0,1,0.0,0.0,0.0,0.0,0.14285714285714285,0.5357142857142857,1.1049431980420792,0.0,4.0,0.0,1,1331.3,-1248.1599999999999,-0.9375497633891684,False,False,True,False,False,False,False,False,False,False,False,False,False,False,False,False,False,False,False,False,False,False,False,False,True,False,False,False,False,False,False,False,False,True,False,False
Pakistan,Smartphone 128GB,2025-05-27,Electronics,1.0,597.23,0.01,20.0,2.0,1.0,0.0,1,27,22,5,2,147,0,0.7818314824680298,0.6234898018587336,0.49999999999999994,-0.8660254037844387,1.0,1,0.0,1,0.0,1,0.0,1,0.14285714285714285,0.37796447300921543,0.0,1.0,0.21428571428571427,0.42857142857142855,0.8789122666607622,0.0,3.0,0.3333333333333333,1,83.14,514.09,6.183425547269666,False,False,True,False,False,False,False,False,False,False,False,False,False,False,False,False,False,False,False,False,False,False,False,False,True,False,False,False,False,False,False,False,False,True,False,False
Pakistan,Smartphone 128GB,2025-05-28,Electronics,3.0,378.46,0.07,20.0,2.0,1.0,0.0,2,28,22,5,2,148,0,0.9749279121818236,-0.22252093395631434,0.49999999999999994,-0.8660254037844387,1.0,1,0.0,1,0.0,1,2.0,1,0.2857142857142857,0.4879500364742564,0.0,1.0,0.2857142857142857,0.4642857142857143,0.881166855059252,0.0,3.0,0.6153846153846153,1,597.23,-218.77000000000004,-0.3663077876195101,False,False,True,False,False,False,False,False,False,False,False,False,False,False,False,False,False,False,False,False,False,False,False,False,True,False,False,False,False,False,False,False,False,True,False,False
Pakistan,Smartphone 128GB,2025-05-29,Electronics,0.0,378.46,,20.0,2.0,0.0,0.0,3,29,22,5,2,149,0,0.43388373911755823,-0.900968867902419,0.49999999999999994,-0.8660254037844387,3.0,1,0.0,1,0.0,1,0.0,1,0.7142857142857143,1.1126972805283677,0.0,3.0,0.5,0.5,0.9622504486493693,0.0,3.0,1.4285714285714286,0,378.46,0.0,0.0,False,False,True,False,False,False,False,False,False,False,False,False,False,False,False,False,False,False,False,False,False,False,False,False,True,False,False,False,False,False,False,False,False,True,False,False
Pakistan,Smartphone 128GB,2025-05-30,Electronics,0.0,378.46,,20.0,2.0,0.0,0.0,4,30,22,5,2,150,0,-0.433883739117558,-0.9009688679024191,0.49999999999999994,-0.8660254037844387,0.0,1,0.0,1,0.0,1,3.0,1,0.7142857142857143,1.1126972805283677,0.0,3.0,0.5,0.5,0.9622504486493693,0.0,3.0,1.4285714285714286,0,378.46,0.0,0.0,False,False,True,False,False,False,False,False,False,False,False,False,False,False,False,False,False,False,False,False,False,False,False,False,True,False,False,False,False,False,False,False,False,True,False,False
Pakistan,Smartphone 128GB,2025-05-31,Electronics,0.0,378.46,,20.0,2.0,0.0,0.0,5,31,22,5,2,151,1,-0.9749279121818236,-0.2225209339563146,0.49999999999999994,-0.8660254037844387,0.0,1,0.0,1,0.0,1,0.0,1,0.7142857142857143,1.1126972805283677,0.0,3.0,0.5,0.39285714285714285,0.831744517143893,0.0,3.0,1.8181818181818183,0,378.46,0.0,0.0,False,False,True,False,False,False,False,False,False,False,False,False,False,False,False,False,False,False,False,False,False,False,False,False,True,False,False,False,False,False,False,False,False,True,False,False
Pakistan,Smartphone 128GB,2025-06-01,Electronics,3.0,449.64,0.0,20.0,2.0,0.0,0.0,6,1,22,6,2,152,1,-0.7818314824680299,0.6234898018587334,1.2246467991473532e-16,-1.0,0.0,1,0.0,1,2.0,1,2.0,1,0.7142857142857143,1.1126972805283677,0.0,3.0,0.5,0.39285714285714285,0.831744517143893,0.0,3.0,1.8181818181818183,0,378.46,71.18,0.1880780003170745,False,False,True,False,False,False,False,False,False,False,False,False,False,False,False,False,False,False,False,False,False,False,False,False,True,False,False,False,False,False,False,False,False,True,False,False
Pakistan,Smartphone 128GB,2025-06-02,Electronics,0.0,449.64,,20.0,2.0,0.0,0.0,0,2,23,6,2,153,0,0.0,1.0,1.2246467991473532e-16,-1.0,3.0,1,1.0,1,0.0,1,0.0,1,1.1428571428571428,1.3451854182690925,0.0,3.0,0.5714285714285714,0.42857142857142855,0.9200874124564647,0.0,3.0,2.6666666666666665,0,449.64,0.0,0.0,False,False,True,False,False,False,False,False,False,False,False,False,False,False,False,False,False,False,False,False,False,False,False,False,True,False,False,False,False,False,False,False,False,True,False,False
Pakistan,Smartphone 128GB,2025-06-03,Electronics,0.0,449.64,,20.0,2.0,0.0,0.0,1,3,23,6,2,154,0,0.7818314824680298,0.6234898018587336,1.2246467991473532e-16,-1.0,0.0,1,1.0,1,0.0,1,0.0,1,1.0,1.4142135623730898,0.0,3.0,0.5714285714285714,0.42857142857142855,0.9200874124564647,0.0,3.0,2.3333333333333335,0,449.64,0.0,0.0,False,False,True,False,False,False,False,False,False,False,False,False,False,False,False,False,False,False,False,False,False,False,False,False,True,False,False,False,False,False,False,False,False,True,False,False
Pakistan,Smartphone 128GB,2025-06-04,Electronics,0.0,449.64,,20.0,2.0,0.0,0.0,2,4,23,6,2,155,0,0.9749279121818236,-0.22252093395631434,1.2246467991473532e-16,-1.0,0.0,1,3.0,1,0.0,1,2.0,1,0.8571428571428571,1.463850109422795,0.0,3.0,0.5714285714285714,0.42857142857142855,0.9200874124564647,0.0,3.0,2.0,0,449.64,0.0,0.0,False,False,True,False,False,False,False,False,False,False,False,False,False,False,False,False,False,False,False,False,False,False,False,False,True,False,False,False,False,False,False,False,False,True,False,False
Pakistan,Smartphone 128GB,2025-06-05,Electronics,0.0,449.64,,20.0,2.0,0.0,0.0,3,5,23,6,2,156,0,0.43388373911755823,-0.900968867902419,1.2246467991473532e-16,-1.0,0.0,1,0.0,1,0.0,1,0.0,1,0.42857142857142855,1.1338934190276768,0.0,3.0,0.5714285714285714,0.35714285714285715,0.8698354767504843,0.0,3.0,1.2,0,449.64,0.0,0.0,False,False,True,False,False,False,False,False,False,False,False,False,False,False,False,False,False,False,False,False,False,False,False,False,True,False,False,False,False,False,False,False,False,True,False,False
Pakistan,Smartphone 128GB,2025-06-06,Electronics,2.0,490.54,0.02,20.0,2.0,1.0,0.0,4,6,23,6,2,157,0,-0.433883739117558,-0.9009688679024191,1.2246467991473532e-16,-1.0,0.0,1,0.0,1,0.0,1,0.0,1,0.42857142857142855,1.1338934190276768,0.0,3.0,0.5714285714285714,0.35714285714285715,0.8698354767504843,0.0,3.0,1.2,1,449.64,40.900000000000034,0.09096165821546133,False,False,True,False,False,False,False,False,False,False,False,False,False,False,False,False,False,False,False,False,False,False,False,False,True,False,False,False,False,False,False,False,False,True,False,False
Pakistan,Smartphone 128GB,2025-06-07,Electronics,0.0,490.54,,20.0,2.0,0.0,0.0,5,7,23,6,2,158,1,-0.9749279121818236,-0.2225209339563146,1.2246467991473532e-16,-1.0,2.0,1,0.0,1,0.0,1,0.0,1,0.7142857142857143,1.2535663410560123,0.0,3.0,0.7142857142857143,0.42857142857142855,0.9200874124564647,0.0,3.0,1.6666666666666667,0,490.54,0.0,0.0,False,False,True,False,False,False,False,False,False,False,False,False,False,False,False,False,False,False,False,False,False,False,False,False,True,False,False,False,False,False,False,False,False,True,False,False
Pakistan,Smartphone 128GB,2025-06-08,Electronics,0.0,490.54,,20.0,2.0,0.0,0.0,6,8,23,6,2,159,1,-0.7818314824680299,0.6234898018587334,1.2246467991473532e-16,-1.0,0.0,1,3.0,1,0.0,1,0.0,1,0.7142857142857143,1.2535663410560123,0.0,3.0,0.7142857142857143,0.42857142857142855,0.9200874124564647,0.0,3.0,1.6666666666666667,0,490.54,0.0,0.0,False,False,True,False,False,False,False,False,False,False,False,False,False,False,False,False,False,False,False,False,False,False,False,False,True,False,False,False,False,False,False,False,False,True,False,False
Pakistan,Smartphone 128GB,2025-06-09,Electronics,0.0,490.54,,20.0,2.0,0.0,0.0,0,9,24,6,2,160,0,0.0,1.0,1.2246467991473532e-16,-1.0,0.0,1,0.0,1,1.0,1,0.0,1,0.2857142857142857,0.7559289460184476,0.0,2.0,0.7142857142857143,0.42857142857142855,0.9200874124564647,0.0,3.0,0.6666666666666666,0,490.54,0.0,0.0,False,False,True,False,False,False,False,False,False,False,False,False,False,False,False,False,False,False,False,False,False,False,False,False,True,False,False,False,False,False,False,False,False,True,False,False
Pakistan,Smartphone 128GB,2025-06-10,Electronics,0.0,490.54,,20.0,2.0,0.0,0.0,1,10,24,6,2,161,0,0.7818314824680298,0.6234898018587336,1.2246467991473532e-16,-1.0,0.0,1,0.0,1,1.0,1,0.0,1,0.2857142857142857,0.7559289460184476,0.0,2.0,0.6428571428571429,0.42857142857142855,0.9200874124564647,0.0,3.0,0.6666666666666666,0,490.54,0.0,0.0,False,False,True,False,False,False,False,False,False,False,False,False,False,False,False,False,False,False,False,False,False,False,False,False,True,False,False,False,False,False,False,False,False,True,False,False
Pakistan,Smartphone 128GB,2025-06-11,Electronics,1.0,709.59,0.04,20.0,2.0,1.0,0.0,2,11,24,6,2,162,0,0.9749279121818236,-0.22252093395631434,1.2246467991473532e-16,-1.0,0.0,1,0.0,1,3.0,1,0.0,1,0.2857142857142857,0.7559289460184476,0.0,2.0,0.5714285714285714,0.42857142857142855,0.9200874124564647,0.0,3.0,0.6666666666666666,1,490.54,219.05,0.44654870143107595,False,False,True,False,False,False,False,False,False,False,False,False,False,False,False,False,False,False,False,False,False,False,False,False,True,False,False,False,False,False,False,False,False,True,False,False
Pakistan,Smartphone 128GB,2025-06-12,Electronics,0.0,709.59,,20.0,2.0,0.0,0.0,3,12,24,6,2,163,0,0.43388373911755823,-0.900968867902419,1.2246467991473532e-16,-1.0,1.0,1,0.0,1,0.0,1,0.0,1,0.42857142857142855,0.786795792469436,0.0,2.0,0.42857142857142855,0.4642857142857143,0.9222413461394402,0.0,3.0,0.923076923076923,0,709.59,0.0,0.0,False,False,True,False,False,False,False,False,False,False,False,False,False,False,False,False,False,False,False,False,False,False,False,False,True,False,False,False,False,False,False,False,False,True,False,False
Pakistan,Smartphone 128GB,2025-06-13,Electronics,3.0,1169.13,0.04,20.0,2.0,1.0,0.0,4,13,24,6,2,164,0,-0.433883739117558,-0.9009688679024191,1.2246467991473532e-16,-1.0,0.0,1,2.0,1,0.0,1,0.0,1,0.42857142857142855,0.786795792469436,0.0,2.0,0.42857142857142855,0.4642857142857143,0.9222413461394402,0.0,3.0,0.923076923076923,1,709.59,459.5400000000001,0.6476134105610283,False,False,True,False,False,False,False,False,False,False,False,False,False,False,False,False,False,False,False,False,False,False,False,False,True,False,False,False,False,False,False,False,False,True,False,False
Pakistan,Smartphone 128GB,2025-06-14,Electronics,0.0,1169.13,,20.0,2.0,0.0,0.0,5,14,24,6,2,165,1,-0.9749279121818236,-0.2225209339563146,1.2246467991473532e-16,-1.0,3.0,1,0.0,1,0.0,1,0.0,1,0.5714285714285714,1.1338934190276762,0.0,3.0,0.6428571428571429,0.5714285714285714,1.0338196500275352,0.0,3.0,1.0,0,1169.13,0.0,0.0,False,False,True,False,False,False,False,False,False,False,False,False,False,False,False,False,False,False,False,False,False,False,False,False,True,False,False,False,False,False,False,False,False,True,False,False
Pakistan,Smartphone 128GB,2025-06-15,Electronics,0.0,1169.13,,20.0,2.0,0.0,0.0,6,15,24,6,2,166,1,-0.7818314824680299,0.6234898018587334,1.2246467991473532e-16,-1.0,0.0,1,0.0,1,3.0,1,2.0,1,0.5714285714285714,1.1338934190276762,0.0,3.0,0.6428571428571429,0.5714285714285714,1.0338196500275352,0.0,3.0,1.0,0,1169.13,0.0,0.0,False,False,True,False,False,False,False,False,False,False,False,False,False,False,False,False,False,False,False,False,False,False,False,False,True,False,False,False,False,False,False,False,False,True,False,False
Pakistan,Smartphone 128GB,2025-06-16,Electronics,0.0,1169.13,,20.0,2.0,0.0,0.0,0,16,25,6,2,167,0,0.0,1.0,1.2246467991473532e-16,-1.0,0.0,1,0.0,1,0.0,1,0.0,1,0.5714285714285714,1.1338934190276762,0.0,3.0,0.42857142857142855,0.5,0.9999999999999932,0.0,3.0,1.1428571428571428,0,1169.13,0.0,0.0,False,False,True,False,False,False,False,False,False,False,False,False,False,False,False,False,False,False,False,False,False,False,False,False,True,False,False,False,False,False,False,False,False,True,False,False
Pakistan,Smartphone 128GB,2025-06-17,Electronics,0.0,1169.13,,20.0,2.0,0.0,0.0,1,17,25,6,2,168,0,0.7818314824680298,0.6234898018587336,1.2246467991473532e-16,-1.0,0.0,1,0.0,1,0.0,1,0.0,1,0.5714285714285714,1.1338934190276762,0.0,3.0,0.42857142857142855,0.5,0.9999999999999932,0.0,3.0,1.1428571428571428,0,1169.13,0.0,0.0,False,False,True,False,False,False,False,False,False,False,False,False,False,False,False,False,False,False,False,False,False,False,False,False,True,False,False,False,False,False,False,False,False,True,False,False
Pakistan,Smartphone 128GB,2025-06-18,Electronics,1.0,653.38,0.05,20.0,2.0,1.0,0.0,2,18,25,6,2,169,0,0.9749279121818236,-0.22252093395631434,1.2246467991473532e-16,-1.0,0.0,1,1.0,1,0.0,1,0.0,1,0.5714285714285714,1.1338934190276762,0.0,3.0,0.42857142857142855,0.5,0.9999999999999932,0.0,3.0,1.1428571428571428,1,1169.13,-515.7500000000001,-0.4411399929862377,False,False,True,False,False,False,False,False,False,False,False,False,False,False,False,False,False,False,False,False,False,False,False,False,True,False,False,False,False,False,False,False,False,True,False,False
Pakistan,Smartphone 128GB,2025-06-19,Electronics,2.0,684.9200000000001,0.14,20.0,2.0,1.0,0.0,3,19,25,6,2,170,0,0.43388373911755823,-0.900968867902419,1.2246467991473532e-16,-1.0,1.0,1,0.0,1,0.0,1,0.0,1,0.5714285714285714,1.1338934190276762,0.0,3.0,0.5,0.5357142857142857,0.9993384054849664,0.0,3.0,1.0666666666666667,1,653.38,31.540000000000077,0.04827206219963892,False,False,True,False,False,False,False,False,False,False,False,False,False,False,False,False,False,False,False,False,False,False,False,False,True,False,False,False,False,False,False,False,False,True,False,False
Pakistan,Smartphone 128GB,2025-06-20,Electronics,3.0,226.65,0.05,20.0,2.0,1.0,0.0,4,20,25,6,2,171,0,-0.433883739117558,-0.9009688679024191,1.2246467991473532e-16,-1.0,2.0,1,3.0,1,2.0,1,0.0,1,0.8571428571428571,1.214985792587906,0.0,3.0,0.6428571428571429,0.6071428571428571,1.0306159867619458,0.0,3.0,1.411764705882353,1,684.9200000000001,-458.2700000000001,-0.6690854406354028,False,False,True,False,False,False,False,False,False,False,False,False,False,False,False,False,False,False,False,False,False,False,False,False,True,False,False,False,False,False,False,False,False,True,False,False
Pakistan,Smartphone 128GB,2025-06-21,Electronics,0.0,226.65,,20.0,2.0,0.0,0.0,5,21,25,6,2,172,1,-0.9749279121818236,-0.2225209339563146,1.2246467991473532e-16,-1.0,3.0,1,0.0,1,0.0,1,0.0,1,0.8571428571428571,1.214985792587906,0.0,3.0,0.7142857142857143,0.7142857142857143,1.1174422797966954,0.0,3.0,1.2,0,226.65,0.0,0.0,False,False,True,False,False,False,False,False,False,False,False,False,False,False,False,False,False,False,False,False,False,False,False,False,True,False,False,False,False,False,False,False,False,True,False,False
Pakistan,Smartphone 128GB,2025-06-22,Electronics,0.0,226.65,,20.0,2.0,0.0,0.0,6,22,25,6,2,173,1,-0.7818314824680299,0.6234898018587334,1.2246467991473532e-16,-1.0,0.0,1,0.0,1,0.0,1,0.0,1,0.8571428571428571,1.214985792587906,0.0,3.0,0.7142857142857143,0.7142857142857143,1.1174422797966954,0.0,3.0,1.2,0,226.65,0.0,0.0,False,False,True,False,False,False,False,False,False,False,False,False,False,False,False,False,False,False,False,False,False,False,False,False,True,False,False,False,False,False,False,False,False,True,False,False
Pakistan,Smartphone 128GB,2025-06-23,Electronics,0.0,226.65,,20.0,2.0,0.0,0.0,0,23,26,6,2,174,0,0.0,1.0,1.2246467991473532e-16,-1.0,0.0,1,0.0,1,0.0,1,1.0,1,0.8571428571428571,1.214985792587906,0.0,3.0,0.7142857142857143,0.7142857142857143,1.1174422797966954,0.0,3.0,1.2,0,226.65,0.0,0.0,False,False,True,False,False,False,False,False,False,False,False,False,False,False,False,False,False,False,False,False,False,False,False,False,True,False,False,False,False,False,False,False,False,True,False,False
Pakistan,Smartphone 128GB,2025-06-24,Electronics,0.0,226.65,,20.0,2.0,0.0,0.0,1,24,26,6,2,175,0,0.7818314824680298,0.6234898018587336,1.2246467991473532e-16,-1.0,0.0,1,0.0,1,0.0,1,1.0,1,0.8571428571428571,1.214985792587906,0.0,3.0,0.7142857142857143,0.6785714285714286,1.123933945224318,0.0,3.0,1.263157894736842,0,226.65,0.0,0.0,False,False,True,False,False,False,False,False,False,False,False,False,False,False,False,False,False,False,False,False,False,False,False,False,True,False,False,False,False,False,False,False,False,True,False,False
Pakistan,Smartphone 128GB,2025-06-25,Electronics,1.0,732.63,0.12,20.0,2.0,1.0,0.0,2,25,26,6,2,176,0,0.9749279121818236,-0.22252093395631434,1.2246467991473532e-16,-1.0,0.0,1,1.0,1,1.0,1,3.0,1,0.8571428571428571,1.214985792587906,0.0,3.0,0.7142857142857143,0.6428571428571429,1.1292175499576076,0.0,3.0,1.3333333333333333,1,226.65,505.98,2.232428855062872,False,False,True,False,False,False,False,False,False,False,False,False,False,False,False,False,False,False,False,False,False,False,False,False,True,False,False,False,False,False,False,False,False,True,False,False
Pakistan,Smartphone 128GB,2025-06-26,Electronics,0.0,732.63,,20.0,2.0,0.0,0.0,3,26,26,6,2,177,0,0.43388373911755823,-0.900968867902419,1.2246467991473532e-16,-1.0,1.0,1,2.0,1,0.0,1,0.0,1,0.8571428571428571,1.214985792587906,0.0,3.0,0.7142857142857143,0.5714285714285714,1.0338196500275352,0.0,3.0,1.5,0,732.63,0.0,0.0,False,False,True,False,False,False,False,False,False,False,False,False,False,False,False,False,False,False,False,False,False,False,False,False,True,False,False,False,False,False,False,False,False,True,False,False
Pakistan,Smartphone 128GB,2025-06-27,Electronics,0.0,732.63,,20.0,2.0,0.0,0.0,4,27,26,6,2,178,0,-0.433883739117558,-0.9009688679024191,1.2246467991473532e-16,-1.0,0.0,1,3.0,1,3.0,1,0.0,1,0.5714285714285714,1.1338934190276762,0.0,3.0,0.7142857142857143,0.5714285714285714,1.0338196500275352,0.0,3.0,1.0,0,732.63,0.0,0.0,False,False,True,False,False,False,False,False,False,False,False,False,False,False,False,False,False,False,False,False,False,False,False,False,True,False,False,False,False,False,False,False,False,True,False,False
Pakistan,Smartphone 128GB,2025-06-28,Electronics,0.0,732.63,,20.0,2.0,0.0,0.0,5,28,26,6,2,179,1,-0.9749279121818236,-0.2225209339563146,1.2246467991473532e-16,-1.0,0.0,1,0.0,1,0.0,1,0.0,1,0.14285714285714285,0.3779644730092148,0.0,1.0,0.5,0.5714285714285714,1.0338196500275352,0.0,3.0,0.25,0,732.63,0.0,0.0,False,False,True,False,False,False,False,False,False,False,False,False,False,False,False,False,False,False,False,False,False,False,False,False,True,False,False,False,False,False,False,False,False,True,False,False
Pakistan,Smartphone 128GB,2025-06-29,Electronics,0.0,732.63,,20.0,2.0,0.0,0.0,6,29,26,6,2,180,1,-0.7818314824680299,0.6234898018587334,1.2246467991473532e-16,-1.0,0.0,1,0.0,1,0.0,1,3.0,1,0.14285714285714285,0.3779644730092148,0.0,1.0,0.5,0.5714285714285714,1.0338196500275352,0.0,3.0,0.25,0,732.63,0.0,0.0,False,False,True,False,False,False,False,False,False,False,False,False,False,False,False,False,False,False,False,False,False,False,False,False,True,False,False,False,False,False,False,False,False,True,False,False
Pakistan,Smartphone 128GB,2025-06-30,Electronics,0.0,732.63,,20.0,2.0,0.0,0.0,0,30,27,6,2,181,0,0.0,1.0,1.2246467991473532e-16,-1.0,0.0,1,0.0,1,0.0,1,0.0,1,0.14285714285714285,0.3779644730092148,0.0,1.0,0.5,0.4642857142857143,0.9222413461394402,0.0,3.0,0.30769230769230765,0,732.63,0.0,0.0,False,False,True,False,False,False,False,False,False,False,False,False,False,False,False,False,False,False,False,False,False,False,False,False,True,False,False,False,False,False,False,False,False,True,False,False
Pakistan,Smartphone 128GB,2025-07-01,Electronics,1.0,1332.31,0.09,20.0,2.0,1.0,0.0,1,1,27,7,3,182,0,0.7818314824680298,0.6234898018587336,-0.4999999999999997,-0.8660254037844388,0.0,1,0.0,1,0.0,1,0.0,1,0.14285714285714285,0.3779644730092148,0.0,1.0,0.5,0.4642857142857143,0.9222413461394402,0.0,3.0,0.30769230769230765,1,732.63,599.68,0.8185304997065367,False,False,True,False,False,False,False,False,False,False,False,False,False,False,False,False,False,False,False,False,False,False,False,False,True,False,False,False,False,False,False,False,False,True,False,False
Pakistan,Smartphone 128GB,2025-07-02,Electronics,0.0,1332.31,,20.0,2.0,0.0,0.0,2,2,27,7,3,183,0,0.9749279121818236,-0.22252093395631434,-0.4999999999999997,-0.8660254037844388,1.0,1,1.0,1,1.0,1,0.0,1,0.2857142857142857,0.487950036474256,0.0,1.0,0.5714285714285714,0.5,0.9229582069908898,0.0,3.0,0.5714285714285714,0,1332.31,0.0,0.0,False,False,True,False,False,False,False,False,False,False,False,False,False,False,False,False,False,False,False,False,False,False,False,False,True,False,False,False,False,False,False,False,False,True,False,False
Pakistan,Smartphone 128GB,2025-07-03,Electronics,0.0,1332.31,,20.0,2.0,0.0,0.0,3,3,27,7,3,184,0,0.43388373911755823,-0.900968867902419,-0.4999999999999997,-0.8660254037844388,0.0,1,0.0,1,2.0,1,0.0,1,0.14285714285714285,0.3779644730092148,0.0,1.0,0.5,0.5,0.9229582069908898,0.0,3.0,0.2857142857142857,0,1332.31,0.0,0.0,False,False,True,False,False,False,False,False,False,False,False,False,False,False,False,False,False,False,False,False,False,False,False,False,True,False,False,False,False,False,False,False,False,True,False,False
Pakistan,Smartphone 128GB,2025-07-04,Electronics,3.0,999.3,0.02,20.0,2.0,1.0,0.0,4,4,27,7,3,185,0,-0.433883739117558,-0.9009688679024191,-0.4999999999999997,-0.8660254037844388,0.0,1,0.0,1,3.0,1,2.0,1,0.14285714285714285,0.3779644730092148,0.0,1.0,0.35714285714285715,0.5,0.9229582069908898,0.0,3.0,0.2857142857142857,1,1332.31,-333.01,-0.24994933611546863,False,False,True,False,False,False,False,False,False,False,False,False,False,False,False,False,False,False,False,False,False,False,False,False,True,False,False,False,False,False,False,False,False,True,False,False
Pakistan,Smartphone 128GB,2025-07-05,Electronics,0.0,999.3,,20.0,2.0,0.0,0.0,5,5,27,7,3,186,1,-0.9749279121818236,-0.2225209339563146,-0.4999999999999997,-0.8660254037844388,3.0,1,0.0,1,0.0,1,0.0,1,0.5714285714285714,1.1338934190276762,0.0,3.0,0.35714285714285715,0.5357142857142857,0.9993384054849664,0.0,3.0,1.0666666666666667,0,999.3,0.0,0.0,False,False,True,False,False,False,False,False,False,False,False,False,False,False,False,False,False,False,False,False,False,False,False,False,True,False,False,False,False,False,False,False,False,True,False,False
Pakistan,Smartphone 128GB,2025-07-06,Electronics,2.0,947.54,0.07,20.0,2.0,1.0,0.0,6,6,27,7,3,187,1,-0.7818314824680299,0.6234898018587334,-0.4999999999999997,-0.8660254037844388,0.0,1,0.0,1,0.0,1,0.0,1,0.5714285714285714,1.1338934190276762,0.0,3.0,0.35714285714285715,0.5357142857142857,0.9993384054849664,0.0,3.0,1.0666666666666667,1,999.3,-51.75999999999999,-0.05179625738016611,False,False,True,False,False,False,False,False,False,False,False,False,False,False,False,False,False,False,False,False,False,False,False,False,True,False,False,False,False,False,False,False,False,True,False,False
Pakistan,Smartphone 128GB,2025-07-07,Electronics,0.0,947.54,,20.0,2.0,0.0,0.0,0,7,28,7,3,188,0,0.0,1.0,-0.4999999999999997,-0.8660254037844388,2.0,1,0.0,1,0.0,1,0.0,1,0.8571428571428571,1.214985792587906,0.0,3.0,0.5,0.6071428571428571,1.0306159867619458,0.0,3.0,1.411764705882353,0,947.54,0.0,0.0,False,False,True,False,False,False,False,False,False,False,False,False,False,False,False,False,False,False,False,False,False,False,False,False,True,False,False,False,False,False,False,False,False,True,False,False
Pakistan,Smartphone 128GB,2025-07-08,Electronics,2.0,1371.71,0.12,20.0,2.0,1.0,0.0,1,8,28,7,3,189,0,0.7818314824680298,0.6234898018587336,-0.4999999999999997,-0.8660254037844388,0.0,1,1.0,1,0.0,1,0.0,1,0.8571428571428571,1.214985792587906,0.0,3.0,0.5,0.6071428571428571,1.0306159867619458,0.0,3.0,1.411764705882353,1,947.54,424.1700000000001,0.4476539249002682,False,False,True,False,False,False,False,False,False,False,False,False,False,False,False,False,False,False,False,False,False,False,False,False,True,False,False,False,False,False,False,False,False,True,False,False
Pakistan,Smartphone 128GB,2025-07-09,Electronics,6.0,1184.955,0.12,20.0,2.0,1.0,0.0,2,9,28,7,3,190,0,0.9749279121818236,-0.22252093395631434,-0.4999999999999997,-0.8660254037844388,2.0,1,0.0,1,1.0,1,1.0,1,1.0,1.2909944487357998,0.0,3.0,0.6428571428571429,0.6785714285714286,1.0559731838826931,0.0,3.0,1.4736842105263157,1,1371.71,-186.7550000000001,-0.13614758221489973,False,False,True,False,False,False,False,False,False,False,False,False,False,False,False,False,False,False,False,False,False,False,False,False,True,False,False,False,False,False,False,False,False,True,False,False
Pakistan,Smartphone 128GB,2025-07-10,Electronics,0.0,1184.955,,20.0,2.0,0.0,0.0,3,10,28,7,3,191,0,0.43388373911755823,-0.900968867902419,-0.4999999999999997,-0.8660254037844388,6.0,1,0.0,1,0.0,1,0.0,1,1.8571428571428572,2.1930626551751295,0.0,6.0,1.0,0.8571428571428571,1.4584183648679534,0.0,6.0,2.166666666666667,0,1184.955,0.0,0.0,False,False,True,False,False,False,False,False,False,False,False,False,False,False,False,False,False,False,False,False,False,False,False,False,True,False,False,False,False,False,False,False,False,True,False,False
Pakistan,Smartphone 128GB,2025-07-11,Electronics,0.0,1184.955,,20.0,2.0,0.0,0.0,4,11,28,7,3,192,0,-0.433883739117558,-0.9009688679024191,-0.4999999999999997,-0.8660254037844388,0.0,1,3.0,1,0.0,1,3.0,1,1.8571428571428572,2.1930626551751295,0.0,6.0,1.0,0.8571428571428571,1.4584183648679534,0.0,6.0,2.166666666666667,0,1184.955,0.0,0.0,False,False,True,False,False,False,False,False,False,False,False,False,False,False,False,False,False,False,False,False,False,False,False,False,True,False,False,False,False,False,False,False,False,True,False,False
Pakistan,Smartphone 128GB,2025-07-12,Electronics,2.0,917.88,0.08,20.0,2.0,1.0,0.0,5,12,28,7,3,193,1,-0.9749279121818236,-0.2225209339563146,-0.4999999999999997,-0.8660254037844388,0.0,1,0.0,1,0.0,1,0.0,1,1.4285714285714286,2.2253945610567434,0.0,6.0,1.0,0.75,1.4043582955293883,0.0,6.0,1.9047619047619049,1,1184.955,-267.07499999999993,-0.22538830588503356,False,False,True,False,False,False,False,False,False,False,False,False,False,False,False,False,False,False,False,False,False,False,False,False,True,False,False,False,False,False,False,False,False,True,False,False
Pakistan,Smartphone 128GB,2025-07-13,Electronics,0.0,917.88,,20.0,2.0,0.0,0.0,6,13,28,7,3,194,1,-0.7818314824680299,0.6234898018587334,-0.4999999999999997,-0.8660254037844388,2.0,1,2.0,1,0.0,1,0.0,1,1.7142857142857142,2.1380899352993907,0.0,6.0,1.1428571428571428,0.8214285714285714,1.4156158567804478,0.0,6.0,2.0869565217391304,0,917.88,0.0,0.0,False,False,True,False,False,False,False,False,False,False,False,False,False,False,False,False,False,False,False,False,False,False,False,False,True,False,False,False,False,False,False,False,False,True,False,False
Pakistan,Smartphone 128GB,2025-07-14,Electronics,0.0,917.88,,20.0,2.0,0.0,0.0,0,14,29,7,3,195,0,0.0,1.0,-0.4999999999999997,-0.8660254037844388,0.0,1,0.0,1,0.0,1,0.0,1,1.4285714285714286,2.2253945610567434,0.0,6.0,1.1428571428571428,0.8214285714285714,1.4156158567804478,0.0,6.0,1.7391304347826089,0,917.88,0.0,0.0,False,False,True,False,False,False,False,False,False,False,False,False,False,False,False,False,False,False,False,False,False,False,False,False,True,False,False,False,False,False,False,False,False,True,False,False
Pakistan,Smartphone 128GB,2025-07-15,Electronics,0.0,917.88,,20.0,2.0,0.0,0.0,1,15,29,7,3,196,0,0.7818314824680298,0.6234898018587336,-0.4999999999999997,-0.8660254037844388,0.0,1,2.0,1,1.0,1,0.0,1,1.4285714285714286,2.2253945610567434,0.0,6.0,1.1428571428571428,0.8214285714285714,1.4156158567804478,0.0,6.0,1.7391304347826089,0,917.88,0.0,0.0,False,False,True,False,False,False,False,False,False,False,False,False,False,False,False,False,False,False,False,False,False,False,False,False,True,False,False,False,False,False,False,False,False,True,False,False
Pakistan,Smartphone 128GB,2025-07-16,Electronics,0.0,917.88,,20.0,2.0,0.0,0.0,2,16,29,7,3,197,0,0.9749279121818236,-0.22252093395631434,-0.4999999999999997,-0.8660254037844388,0.0,1,6.0,1,0.0,1,1.0,1,1.1428571428571428,2.26778683805536,0.0,6.0,1.0714285714285714,0.8214285714285714,1.4156158567804478,0.0,6.0,1.391304347826087,0,917.88,0.0,0.0,False,False,True,False,False,False,False,False,False,False,False,False,False,False,False,False,False,False,False,False,False,False,False,False,True,False,False,False,False,False,False,False,False,True,False,False
Pakistan,Smartphone 128GB,2025-07-17,Electronics,0.0,917.88,,20.0,2.0,0.0,0.0,3,17,29,7,3,198,0,0.43388373911755823,-0.900968867902419,-0.4999999999999997,-0.8660254037844388,0.0,1,0.0,1,0.0,1,2.0,1,0.2857142857142857,0.7559289460184483,0.0,2.0,1.0714285714285714,0.7857142857142857,1.4235360994562145,0.0,6.0,0.36363636363636365,0,917.88,0.0,0.0,False,False,True,False,False,False,False,False,False,False,False,False,False,False,False,False,False,False,False,False,False,False,False,False,True,False,False,False,False,False,False,False,False,True,False,False
Pakistan,Smartphone 128GB,2025-07-18,Electronics,0.0,917.88,,20.0,2.0,0.0,0.0,4,18,29,7,3,199,0,-0.433883739117558,-0.9009688679024191,-0.4999999999999997,-0.8660254037844388,0.0,1,0.0,1,3.0,1,3.0,1,0.2857142857142857,0.7559289460184483,0.0,2.0,1.0714285714285714,0.7142857142857143,1.4104672946998722,0.0,6.0,0.39999999999999997,0,917.88,0.0,0.0,False,False,True,False,False,False,False,False,False,False,False,False,False,False,False,False,False,False,False,False,False,False,False,False,True,False,False,False,False,False,False,False,False,True,False,False
Pakistan,Smartphone 128GB,2025-07-19,Electronics,0.0,917.88,,20.0,2.0,0.0,0.0,5,19,29,7,3,200,1,-0.9749279121818236,-0.2225209339563146,-0.4999999999999997,-0.8660254037844388,0.0,1,2.0,1,0.0,1,0.0,1,0.2857142857142857,0.7559289460184483,0.0,2.0,0.8571428571428571,0.6071428571428571,1.3427248612094882,0.0,6.0,0.47058823529411764,0,917.88,0.0,0.0,False,False,True,False,False,False,False,False,False,False,False,False,False,False,False,False,False,False,False,False,False,False,False,False,True,False,False,False,False,False,False,False,False,True,False,False
Pakistan,Smartphone 128GB,2025-07-20,Electronics,3.0,1296.2800000000002,0.05,20.0,2.0,1.0,0.0,6,20,29,7,3,201,1,-0.7818314824680299,0.6234898018587334,-0.4999999999999997,-0.8660254037844388,0.0,1,0.0,1,2.0,1,0.0,1,0.0,0.0,0.0,0.0,0.8571428571428571,0.6071428571428571,1.3427248612094882,0.0,6.0,0.0,1,917.88,378.4000000000002,0.41225432518412014,False,False,True,False,False,False,False,False,False,False,False,False,False,False,False,False,False,False,False,False,False,False,False,False,True,False,False,False,False,False,False,False,False,True,False,False
Pakistan,Smartphone 128GB,2025-07-21,Electronics,2.0,893.76,0.03,20.0,2.0,1.0,0.0,0,21,30,7,3,202,0,0.0,1.0,-0.4999999999999997,-0.8660254037844388,3.0,1,0.0,1,0.0,1,0.0,1,0.42857142857142855,1.1338934190276773,0.0,3.0,0.9285714285714286,0.7142857142857143,1.4104672946998722,0.0,6.0,0.6,1,1296.2800000000002,-402.5200000000002,-0.310519332243034,False,False,True,False,False,False,False,False,False,False,False,False,False,False,False,False,False,False,False,False,False,False,False,False,True,False,False,False,False,False,False,False,False,True,False,False
Pakistan,Smartphone 128GB,2025-07-22,Electronics,3.0,320.93,0.04,20.0,2.0,1.0,0.0,1,22,30,7,3,203,0,0.7818314824680298,0.6234898018587336,-0.4999999999999997,-0.8660254037844388,2.0,1,0.0,1,2.0,1,0.0,1,0.7142857142857143,1.2535663410560127,0.0,3.0,1.0714285714285714,0.7857142857142857,1.4235360994562145,0.0,6.0,0.9090909090909092,1,893.76,-572.8299999999999,-0.6409215001790189,False,False,True,False,False,False,False,False,False,False,False,False,False,False,False,False,False,False,False,False,False,False,False,False,True,False,False,False,False,False,False,False,False,True,False,False
Pakistan,Smartphone 128GB,2025-07-23,Electronics,0.0,320.93,,20.0,2.0,0.0,0.0,2,23,30,7,3,204,0,0.9749279121818236,-0.22252093395631434,-0.4999999999999997,-0.8660254037844388,3.0,1,0.0,1,6.0,1,1.0,1,1.1428571428571428,1.4638501094227947,0.0,3.0,1.1428571428571428,0.8928571428571429,1.4742050139924265,0.0,6.0,1.2799999999999998,0,320.93,0.0,0.0,False,False,True,False,False,False,False,False,False,False,False,False,False,False,False,False,False,False,False,False,False,False,False,False,True,False,False,False,False,False,False,False,False,True,False,False
Pakistan,Smartphone 128GB,2025-07-24,Electronics,1.0,741.03,0.06,20.0,2.0,1.0,0.0,3,24,30,7,3,205,0,0.43388373911755823,-0.900968867902419,-0.4999999999999997,-0.8660254037844388,0.0,1,0.0,1,0.0,1,0.0,1,1.1428571428571428,1.4638501094227947,0.0,3.0,0.7142857142857143,0.8571428571428571,1.4835963740378273,0.0,6.0,1.3333333333333333,1,320.93,420.09999999999997,1.3090081949334744,False,False,True,False,False,False,False,False,False,False,False,False,False,False,False,False,False,False,False,False,False,False,False,False,True,False,False,False,False,False,False,False,False,True,False,False
Pakistan,Smartphone 128GB,2025-07-25,Electronics,3.0,1316.18,0.02,20.0,2.0,1.0,0.0,4,25,30,7,3,206,0,-0.433883739117558,-0.9009688679024191,-0.4999999999999997,-0.8660254037844388,1.0,1,0.0,1,0.0,1,0.0,1,1.2857142857142858,1.3801311186847025,0.0,3.0,0.7857142857142857,0.8928571428571429,1.4742050139924265,0.0,6.0,1.44,1,741.03,575.1500000000001,0.7761494136539683,False,False,True,False,False,False,False,False,False,False,False,False,False,False,False,False,False,False,False,False,False,False,False,False,True,False,False,False,False,False,False,False,False,True,False,False
Pakistan,Smartphone 128GB,2025-07-26,Electronics,0.0,1316.18,,20.0,2.0,0.0,0.0,5,26,30,7,3,207,1,-0.9749279121818236,-0.2225209339563146,-0.4999999999999997,-0.8660254037844388,3.0,1,0.0,1,2.0,1,0.0,1,1.7142857142857142,1.3801311186847014,0.0,3.0,1.0,1.0,1.5153535218873133,0.0,6.0,1.7142857142857142,0,1316.18,0.0,0.0,False,False,True,False,False,False,False,False,False,False,False,False,False,False,False,False,False,False,False,False,False,False,False,False,True,False,False,False,False,False,False,False,False,True,False,False
Pakistan,Smartphone 128GB,2025-07-27,Electronics,0.0,1316.18,,20.0,2.0,0.0,0.0,6,27,30,7,3,208,1,-0.7818314824680299,0.6234898018587334,-0.4999999999999997,-0.8660254037844388,0.0,1,3.0,1,0.0,1,0.0,1,1.7142857142857142,1.3801311186847014,0.0,3.0,0.8571428571428571,1.0,1.5153535218873133,0.0,6.0,1.7142857142857142,0,1316.18,0.0,0.0,False,False,True,False,False,False,False,False,False,False,False,False,False,False,False,False,False,False,False,False,False,False,False,False,True,False,False,False,False,False,False,False,False,True,False,False
Pakistan,Smartphone 128GB,2025-07-28,Electronics,0.0,1316.18,,20.0,2.0,0.0,0.0,0,28,31,7,3,209,0,0.0,1.0,-0.4999999999999997,-0.8660254037844388,0.0,1,2.0,1,0.0,1,0.0,1,1.2857142857142858,1.3801311186847025,0.0,3.0,0.8571428571428571,1.0,1.5153535218873133,0.0,6.0,1.2857142857142858,0,1316.18,0.0,0.0,False,False,True,False,False,False,False,False,False,False,False,False,False,False,False,False,False,False,False,False,False,False,False,False,True,False,False,False,False,False,False,False,False,True,False,False
Pakistan,Smartphone 128GB,2025-07-29,Electronics,1.0,581.37,0.08,20.0,2.0,1.0,0.0,1,29,31,7,3,210,0,0.7818314824680298,0.6234898018587336,-0.4999999999999997,-0.8660254037844388,0.0,1,3.0,1,0.0,1,1.0,1,1.0,1.41421356237309,0.0,3.0,0.8571428571428571,1.0,1.5153535218873133,0.0,6.0,1.0,1,1316.18,-734.8100000000001,-0.5582898995578113,False,False,True,False,False,False,False,False,False,False,False,False,False,False,False,False,False,False,False,False,False,False,False,False,True,False,False,False,False,False,False,False,False,True,False,False
Pakistan,Smartphone 128GB,2025-07-30,Electronics,0.0,581.37,,20.0,2.0,0.0,0.0,2,30,31,7,3,211,0,0.9749279121818236,-0.22252093395631434,-0.4999999999999997,-0.8660254037844388,1.0,1,0.0,1,0.0,1,0.0,1,0.7142857142857143,1.1126972805283681,0.0,3.0,0.9285714285714286,1.0,1.5153535218873133,0.0,6.0,0.7142857142857143,0,581.37,0.0,0.0,False,False,True,False,False,False,False,False,False,False,False,False,False,False,False,False,False,False,False,False,False,False,False,False,True,False,False,False,False,False,False,False,False,True,False,False
Pakistan,Smartphone 128GB,2025-07-31,Electronics,3.0,579.69,0.11,20.0,2.0,1.0,0.0,3,31,31,7,3,212,0,0.43388373911755823,-0.900968867902419,-0.4999999999999997,-0.8660254037844388,0.0,1,1.0,1,0.0,1,0.0,1,0.7142857142857143,1.1126972805283681,0.0,3.0,0.9285714285714286,1.0,1.5153535218873133,0.0,6.0,0.7142857142857143,1,581.37,-1.67999999999995,-0.0028897259920531676,False,False,True,False,False,False,False,False,False,False,False,False,False,False,False,False,False,False,False,False,False,False,False,False,True,False,False,False,False,False,False,False,False,True,False,False
Pakistan,Smartphone 128GB,2025-08-01,Electronics,0.0,579.69,,20.0,2.0,0.0,0.0,4,1,31,8,3,213,0,-0.433883739117558,-0.9009688679024191,-0.8660254037844385,-0.5000000000000004,3.0,1,3.0,1,0.0,1,3.0,1,1.0,1.41421356237309,0.0,3.0,1.1428571428571428,1.1071428571428572,1.547741142924951,0.0,6.0,0.9032258064516129,0,579.69,0.0,0.0,False,False,True,False,False,False,False,False,False,False,False,False,False,False,False,False,False,False,False,False,False,False,False,False,True,False,False,False,False,False,False,False,False,True,False,False
Pakistan,Smartphone 128GB,2025-08-02,Electronics,0.0,579.69,,20.0,2.0,0.0,0.0,5,2,31,8,3,214,1,-0.9749279121818236,-0.2225209339563146,-0.8660254037844385,-0.5000000000000004,0.0,1,0.0,1,0.0,1,0.0,1,0.5714285714285714,1.1338934190276768,0.0,3.0,1.1428571428571428,1.0,1.5153535218873133,0.0,6.0,0.5714285714285714,0,579.69,0.0,0.0,False,False,True,False,False,False,False,False,False,False,False,False,False,False,False,False,False,False,False,False,False,False,False,False,True,False,False,False,False,False,False,False,False,True,False,False
Pakistan,Smartphone 128GB,2025-08-03,Electronics,1.0,1106.19,0.05,20.0,2.0,1.0,0.0,6,3,31,8,3,215,1,-0.7818314824680299,0.6234898018587334,-0.8660254037844385,-0.5000000000000004,0.0,1,0.0,1,3.0,1,2.0,1,0.5714285714285714,1.1338934190276768,0.0,3.0,1.1428571428571428,1.0,1.5153535218873133,0.0,6.0,0.5714285714285714,1,579.69,526.5,0.9082440614811363,False,False,True,False,False,False,False,False,False,False,False,False,False,False,False,False,False,False,False,False,False,False,False,False,True,False,False,False,False,False,False,False,False,True,False,False
Pakistan,Smartphone 128GB,2025-08-04,Electronics,3.0,1314.77,0.07,20.0,2.0,1.0,0.0,0,4,32,8,3,216,0,0.0,1.0,-0.8660254037844385,-0.5000000000000004,1.0,1,0.0,1,2.0,1,0.0,1,0.7142857142857143,1.1126972805283681,0.0,3.0,1.0,0.9642857142857143,1.5026431738561539,0.0,6.0,0.7407407407407407,1,1106.19,208.57999999999993,0.18855711948218654,False,False,True,False,False,False,False,False,False,False,False,False,False,False,False,False,False,False,False,False,False,False,False,False,True,False,False,False,False,False,False,False,False,True,False,False
Pakistan,Smartphone 128GB,2025-08-05,Electronics,0.0,1314.77,,20.0,2.0,0.0,0.0,1,5,32,8,3,217,0,0.7818314824680298,0.6234898018587336,-0.8660254037844385,-0.5000000000000004,3.0,1,1.0,1,3.0,1,2.0,1,1.1428571428571428,1.3451854182690928,0.0,3.0,1.0714285714285714,1.0714285714285714,1.5378814535195335,0.0,6.0,1.0666666666666667,0,1314.77,0.0,0.0,False,False,True,False,False,False,False,False,False,False,False,False,False,False,False,False,False,False,False,False,False,False,False,False,True,False,False,False,False,False,False,False,False,True,False,False
Pakistan,Smartphone 128GB,2025-08-06,Electronics,0.0,1314.77,,20.0,2.0,0.0,0.0,2,6,32,8,3,218,0,0.9749279121818236,-0.22252093395631434,-0.8660254037844385,-0.5000000000000004,0.0,1,0.0,1,0.0,1,6.0,1,1.0,1.41421356237309,0.0,3.0,0.8571428571428571,1.0,1.5396007178389979,0.0,6.0,1.0,0,1314.77,0.0,0.0,False,False,True,False,False,False,False,False,False,False,False,False,False,False,False,False,False,False,False,False,False,False,False,False,True,False,False,False,False,False,False,False,False,True,False,False
Pakistan,Smartphone 128GB,2025-08-07,Electronics,0.0,1314.77,,20.0,2.0,0.0,0.0,3,7,32,8,3,219,0,0.43388373911755823,-0.900968867902419,-0.8660254037844385,-0.5000000000000004,0.0,1,3.0,1,1.0,1,0.0,1,1.0,1.41421356237309,0.0,3.0,0.8571428571428571,0.7857142857142857,1.19743995000268,0.0,3.0,1.2727272727272727,0,1314.77,0.0,0.0,False,False,True,False,False,False,False,False,False,False,False,False,False,False,False,False,False,False,False,False,False,False,False,False,True,False,False,False,False,False,False,False,False,True,False,False
Pakistan,Smartphone 128GB,2025-08-08,Electronics,0.0,1314.77,,20.0,2.0,0.0,0.0,4,8,32,8,3,220,0,-0.433883739117558,-0.9009688679024191,-0.8660254037844385,-0.5000000000000004,0.0,1,0.0,1,3.0,1,0.0,1,0.5714285714285714,1.1338934190276766,0.0,3.0,0.7857142857142857,0.7857142857142857,1.19743995000268,0.0,3.0,0.7272727272727273,0,1314.77,0.0,0.0,False,False,True,False,False,False,False,False,False,False,False,False,False,False,False,False,False,False,False,False,False,False,False,False,True,False,False,False,False,False,False,False,False,True,False,False
Pakistan,Smartphone 128GB,2025-08-09,Electronics,0.0,1314.77,,20.0,2.0,0.0,0.0,5,9,32,8,3,221,1,-0.9749279121818236,-0.2225209339563146,-0.8660254037844385,-0.5000000000000004,0.0,1,0.0,1,0.0,1,2.0,1,0.5714285714285714,1.1338934190276766,0.0,3.0,0.5714285714285714,0.7857142857142857,1.19743995000268,0.0,3.0,0.7272727272727273,0,1314.77,0.0,0.0,False,False,True,False,False,False,False,False,False,False,False,False,False,False,False,False,False,False,False,False,False,False,False,False,True,False,False,False,False,False,False,False,False,True,False,False
Pakistan,Smartphone 128GB,2025-08-10,Electronics,2.0,1274.16,0.1,20.0,2.0,1.0,0.0,6,10,32,8,3,222,1,-0.7818314824680299,0.6234898018587334,-0.8660254037844385,-0.5000000000000004,0.0,1,1.0,1,0.0,1,0.0,1,0.5714285714285714,1.1338934190276766,0.0,3.0,0.5714285714285714,0.7142857142857143,1.181873680570552,0.0,3.0,0.7999999999999999,1,1314.77,-40.6099999999999,-0.03088753165952973,False,False,True,False,False,False,False,False,False,False,False,False,False,False,False,False,False,False,False,False,False,False,False,False,True,False,False,False,False,False,False,False,False,True,False,False
Pakistan,Smartphone 128GB,2025-08-11,Electronics,0.0,1274.16,,20.0,2.0,0.0,0.0,0,11,33,8,3,223,0,0.0,1.0,-0.8660254037844385,-0.5000000000000004,2.0,1,3.0,1,0.0,1,0.0,1,0.7142857142857143,1.2535663410560123,0.0,3.0,0.7142857142857143,0.7857142857142857,1.19743995000268,0.0,3.0,0.9090909090909092,0,1274.16,0.0,0.0,False,False,True,False,False,False,False,False,False,False,False,False,False,False,False,False,False,False,False,False,False,False,False,False,True,False,False,False,False,False,False,False,False,True,False,False
Pakistan,Smartphone 128GB,2025-08-12,Electronics,0.0,1274.16,,20.0,2.0,0.0,0.0,1,12,33,8,3,224,0,0.7818314824680298,0.6234898018587336,-0.8660254037844385,-0.5000000000000004,0.0,1,0.0,1,1.0,1,0.0,1,0.2857142857142857,0.7559289460184478,0.0,2.0,0.7142857142857143,0.7857142857142857,1.19743995000268,0.0,3.0,0.36363636363636365,0,1274.16,0.0,0.0,False,False,True,False,False,False,False,False,False,False,False,False,False,False,False,False,False,False,False,False,False,False,False,False,True,False,False,False,False,False,False,False,False,True,False,False
Pakistan,Smartphone 128GB,2025-08-13,Electronics,0.0,1274.16,,20.0,2.0,0.0,0.0,2,13,33,8,3,225,0,0.9749279121818236,-0.22252093395631434,-0.8660254037844385,-0.5000000000000004,0.0,1,0.0,1,0.0,1,0.0,1,0.2857142857142857,0.7559289460184478,0.0,2.0,0.6428571428571429,0.7857142857142857,1.19743995000268,0.0,3.0,0.36363636363636365,0,1274.16,0.0,0.0,False,False,True,False,False,False,False,False,False,False,False,False,False,False,False,False,False,False,False,False,False,False,False,False,True,False,False,False,False,False,False,False,False,True,False,False
Pakistan,Smartphone 128GB,2025-08-14,Electronics,2.0,526.0,0.04,20.0,2.0,1.0,0.0,3,14,33,8,3,226,0,0.43388373911755823,-0.900968867902419,-0.8660254037844385,-0.5000000000000004,0.0,1,0.0,1,3.0,1,0.0,1,0.2857142857142857,0.7559289460184478,0.0,2.0,0.6428571428571429,0.7857142857142857,1.19743995000268,0.0,3.0,0.36363636363636365,1,1274.16,-748.1600000000001,-0.5871790042066931,False,False,True,False,False,False,False,False,False,False,False,False,False,False,False,False,False,False,False,False,False,False,False,False,True,False,False,False,False,False,False,False,False,True,False,False
Pakistan,Smartphone 128GB,2025-08-15,Electronics,0.0,526.0,,20.0,2.0,0.0,0.0,4,15,33,8,3,227,0,-0.433883739117558,-0.9009688679024191,-0.8660254037844385,-0.5000000000000004,2.0,1,0.0,1,0.0,1,0.0,1,0.5714285714285714,0.9759000729485271,0.0,2.0,0.5714285714285714,0.8571428571428571,1.2084359562332823,0.0,3.0,0.6666666666666666,0,526.0,0.0,0.0,False,False,True,False,False,False,False,False,False,False,False,False,False,False,False,False,False,False,False,False,False,False,False,False,True,False,False,False,False,False,False,False,False,True,False,False
Pakistan,Smartphone 128GB,2025-08-16,Electronics,0.0,526.0,,20.0,2.0,0.0,0.0,5,16,33,8,3,228,1,-0.9749279121818236,-0.2225209339563146,-0.8660254037844385,-0.5000000000000004,0.0,1,0.0,1,0.0,1,0.0,1,0.5714285714285714,0.9759000729485271,0.0,2.0,0.5714285714285714,0.8571428571428571,1.2084359562332823,0.0,3.0,0.6666666666666666,0,526.0,0.0,0.0,False,False,True,False,False,False,False,False,False,False,False,False,False,False,False,False,False,False,False,False,False,False,False,False,True,False,False,False,False,False,False,False,False,True,False,False
Pakistan,Smartphone 128GB,2025-08-17,Electronics,0.0,526.0,,20.0,2.0,0.0,0.0,6,17,33,8,3,229,1,-0.7818314824680299,0.6234898018587334,-0.8660254037844385,-0.5000000000000004,0.0,1,2.0,1,1.0,1,3.0,1,0.5714285714285714,0.9759000729485271,0.0,2.0,0.5714285714285714,0.8571428571428571,1.2084359562332823,0.0,3.0,0.6666666666666666,0,526.0,0.0,0.0,False,False,True,False,False,False,False,False,False,False,False,False,False,False,False,False,False,False,False,False,False,False,False,False,True,False,False,False,False,False,False,False,False,True,False,False
Pakistan,Smartphone 128GB,2025-08-18,Electronics,1.0,160.96,0.07,20.0,2.0,1.0,0.0,0,18,34,8,3,230,0,0.0,1.0,-0.8660254037844385,-0.5000000000000004,0.0,1,0.0,1,3.0,1,2.0,1,0.2857142857142857,0.7559289460184478,0.0,2.0,0.5,0.75,1.1426091000668348,0.0,3.0,0.38095238095238093,1,526.0,-365.03999999999996,-0.6939923954372623,False,False,True,False,False,False,False,False,False,False,False,False,False,False,False,False,False,False,False,False,False,False,False,False,True,False,False,False,False,False,False,False,False,True,False,False
Pakistan,Smartphone 128GB,2025-08-19,Electronics,0.0,160.96,,20.0,2.0,0.0,0.0,1,19,34,8,3,231,0,0.7818314824680298,0.6234898018587336,-0.8660254037844385,-0.5000000000000004,1.0,1,0.0,1,0.0,1,3.0,1,0.42857142857142855,0.7867957924694362,0.0,2.0,0.35714285714285715,0.7142857142857143,1.117442279796695,0.0,3.0,0.6,0,160.96,0.0,0.0,False,False,True,False,False,False,False,False,False,False,False,False,False,False,False,False,False,False,False,False,False,False,False,False,True,False,False,False,False,False,False,False,False,True,False,False
Pakistan,Smartphone 128GB,2025-08-20,Electronics,0.0,160.96,,20.0,2.0,0.0,0.0,2,20,34,8,3,232,0,0.9749279121818236,-0.22252093395631434,-0.8660254037844385,-0.5000000000000004,0.0,1,0.0,1,0.0,1,0.0,1,0.42857142857142855,0.7867957924694362,0.0,2.0,0.35714285714285715,0.6071428571428571,1.0306159867619453,0.0,3.0,0.7058823529411765,0,160.96,0.0,0.0,False,False,True,False,False,False,False,False,False,False,False,False,False,False,False,False,False,False,False,False,False,False,False,False,True,False,False,False,False,False,False,False,False,True,False,False
Pakistan,Smartphone 128GB,2025-08-21,Electronics,0.0,160.96,,20.0,2.0,0.0,0.0,3,21,34,8,3,233,0,0.43388373911755823,-0.900968867902419,-0.8660254037844385,-0.5000000000000004,0.0,1,2.0,1,0.0,1,1.0,1,0.42857142857142855,0.7867957924694362,0.0,2.0,0.35714285714285715,0.6071428571428571,1.0306159867619453,0.0,3.0,0.7058823529411765,0,160.96,0.0,0.0,False,False,True,False,False,False,False,False,False,False,False,False,False,False,False,False,False,False,False,False,False,False,False,False,True,False,False,False,False,False,False,False,False,True,False,False
Pakistan,Smartphone 128GB,2025-08-22,Electronics,0.0,160.96,,20.0,2.0,0.0,0.0,4,22,34,8,3,234,0,-0.433883739117558,-0.9009688679024191,-0.8660254037844385,-0.5000000000000004,0.0,1,0.0,1,0.0,1,3.0,1,0.14285714285714285,0.3779644730092154,0.0,1.0,0.35714285714285715,0.5714285714285714,1.033819650027535,0.0,3.0,0.25,0,160.96,0.0,0.0,False,False,True,False,False,False,False,False,False,False,False,False,False,False,False,False,False,False,False,False,False,False,False,False,True,False,False,False,False,False,False,False,False,True,False,False
Pakistan,Smartphone 128GB,2025-08-23,Electronics,0.0,160.96,,20.0,2.0,0.0,0.0,5,23,34,8,3,235,1,-0.9749279121818236,-0.2225209339563146,-0.8660254037844385,-0.5000000000000004,0.0,1,0.0,1,0.0,1,0.0,1,0.14285714285714285,0.3779644730092154,0.0,1.0,0.35714285714285715,0.4642857142857143,0.9222413461394398,0.0,3.0,0.30769230769230765,0,160.96,0.0,0.0,False,False,True,False,False,False,False,False,False,False,False,False,False,False,False,False,False,False,False,False,False,False,False,False,True,False,False,False,False,False,False,False,False,True,False,False
Pakistan,Smartphone 128GB,2025-08-24,Electronics,0.0,160.96,,20.0,2.0,0.0,0.0,6,24,34,8,3,236,1,-0.7818314824680299,0.6234898018587334,-0.8660254037844385,-0.5000000000000004,0.0,1,0.0,1,2.0,1,0.0,1,0.14285714285714285,0.3779644730092154,0.0,1.0,0.35714285714285715,0.4642857142857143,0.9222413461394398,0.0,3.0,0.30769230769230765,0,160.96,0.0,0.0,False,False,True,False,False,False,False,False,False,False,False,False,False,False,False,False,False,False,False,False,False,False,False,False,True,False,False,False,False,False,False,False,False,True,False,False
Pakistan,Smartphone 128GB,2025-08-25,Electronics,0.0,160.96,,20.0,2.0,0.0,0.0,0,25,35,8,3,237,0,0.0,1.0,-0.8660254037844385,-0.5000000000000004,0.0,1,1.0,1,0.0,1,0.0,1,0.14285714285714285,0.3779644730092154,0.0,1.0,0.21428571428571427,0.4642857142857143,0.9222413461394398,0.0,3.0,0.30769230769230765,0,160.96,0.0,0.0,False,False,True,False,False,False,False,False,False,False,False,False,False,False,False,False,False,False,False,False,False,False,False,False,True,False,False,False,False,False,False,False,False,True,False,False
Pakistan,Smartphone 128GB,2025-08-26,Electronics,0.0,160.96,,20.0,2.0,0.0,0.0,1,26,35,8,3,238,0,0.7818314824680298,0.6234898018587336,-0.8660254037844385,-0.5000000000000004,0.0,1,0.0,1,0.0,1,1.0,1,0.0,0.0,0.0,0.0,0.21428571428571427,0.4642857142857143,0.9222413461394398,0.0,3.0,0.0,0,160.96,0.0,0.0,False,False,True,False,False,False,False,False,False,False,False,False,False,False,False,False,False,False,False,False,False,False,False,False,True,False,False,False,False,False,False,False,False,True,False,False
Pakistan,Smartphone 128GB,2025-08-27,Electronics,1.0,891.22,0.13,20.0,2.0,1.0,0.0,2,27,35,8,3,239,0,0.9749279121818236,-0.22252093395631434,-0.8660254037844385,-0.5000000000000004,0.0,1,0.0,1,0.0,1,0.0,1,0.0,0.0,0.0,0.0,0.21428571428571427,0.42857142857142855,0.9200874124564643,0.0,3.0,0.0,1,160.96,730.26,4.536903578528827,False,False,True,False,False,False,False,False,False,False,False,False,False,False,False,False,False,False,False,False,False,False,False,False,True,False,False,False,False,False,False,False,False,True,False,False
Pakistan,Smartphone 128GB,2025-08-28,Electronics,3.0,818.77,0.02,20.0,2.0,1.0,0.0,3,28,35,8,3,240,0,0.43388373911755823,-0.900968867902419,-0.8660254037844385,-0.5000000000000004,1.0,1,0.0,1,2.0,1,3.0,1,0.14285714285714285,0.3779644730092154,0.0,1.0,0.2857142857142857,0.4642857142857143,0.9222413461394398,0.0,3.0,0.30769230769230765,1,891.22,-72.45000000000005,-0.08129305895289608,False,False,True,False,False,False,False,False,False,False,False,False,False,False,False,False,False,False,False,False,False,False,False,False,True,False,False,False,False,False,False,False,False,True,False,False
Pakistan,Smartphone 128GB,2025-08-29,Electronics,0.0,818.77,,20.0,2.0,0.0,0.0,4,29,35,8,3,241,0,-0.433883739117558,-0.9009688679024191,-0.8660254037844385,-0.5000000000000004,3.0,1,0.0,1,0.0,1,0.0,1,0.5714285714285714,1.1338934190276764,0.0,3.0,0.35714285714285715,0.4642857142857143,0.9222413461394398,0.0,3.0,1.2307692307692306,0,818.77,0.0,0.0,False,False,True,False,False,False,False,False,False,False,False,False,False,False,False,False,False,False,False,False,False,False,False,False,True,False,False,False,False,False,False,False,False,True,False,False
Pakistan,Smartphone 128GB,2025-08-30,Electronics,1.0,1058.73,0.04,20.0,2.0,1.0,0.0,5,30,35,8,3,242,1,-0.9749279121818236,-0.2225209339563146,-0.8660254037844385,-0.5000000000000004,0.0,1,0.0,1,0.0,1,0.0,1,0.5714285714285714,1.1338934190276764,0.0,3.0,0.35714285714285715,0.4642857142857143,0.9222413461394398,0.0,3.0,1.2307692307692306,1,818.77,239.96000000000004,0.29307375697692883,False,False,True,False,False,False,False,False,False,False,False,False,False,False,False,False,False,False,False,False,False,False,False,False,True,False,False,False,False,False,False,False,False,True,False,False
Pakistan,Smartphone 128GB,2025-08-31,Electronics,0.0,1058.73,,20.0,2.0,0.0,0.0,6,31,35,8,3,243,1,-0.7818314824680299,0.6234898018587334,-0.8660254037844385,-0.5000000000000004,1.0,1,0.0,1,0.0,1,1.0,1,0.7142857142857143,1.1126972805283677,0.0,3.0,0.42857142857142855,0.5,0.9229582069908894,0.0,3.0,1.4285714285714286,0,1058.73,0.0,0.0,False,False,True,False,False,False,False,False,False,False,False,False,False,False,False,False,False,False,False,False,False,False,False,False,True,False,False,False,False,False,False,False,False,True,False,False
Pakistan,Smartphone 128GB,2025-09-01,Electronics,0.0,1058.73,,20.0,2.0,0.0,0.0,0,1,36,9,3,244,0,0.0,1.0,-1.0,-1.8369701987210297e-16,0.0,1,0.0,1,1.0,1,3.0,1,0.7142857142857143,1.1126972805283677,0.0,3.0,0.42857142857142855,0.4642857142857143,0.9222413461394398,0.0,3.0,1.5384615384615385,0,1058.73,0.0,0.0,False,False,True,False,False,False,False,False,False,False,False,False,False,False,False,False,False,False,False,False,False,False,False,False,True,False,False,False,False,False,False,False,False,True,False,False
Pakistan,Smartphone 128GB,2025-09-02,Electronics,3.0,909.76,0.1,20.0,2.0,1.0,0.0,1,2,36,9,3,245,0,0.7818314824680298,0.6234898018587336,-1.0,-1.8369701987210297e-16,0.0,1,0.0,1,0.0,1,0.0,1,0.7142857142857143,1.1126972805283677,0.0,3.0,0.35714285714285715,0.35714285714285715,0.78004205557495,0.0,3.0,2.0,1,1058.73,-148.97000000000003,-0.14070631794697422,False,False,True,False,False,False,False,False,False,False,False,False,False,False,False,False,False,False,False,False,False,False,False,False,True,False,False,False,False,False,False,False,False,True,False,False
Pakistan,Smartphone 128GB,2025-09-03,Electronics,0.0,909.76,,20.0,2.0,0.0,0.0,2,3,36,9,3,246,0,0.9749279121818236,-0.22252093395631434,-1.0,-1.8369701987210297e-16,3.0,1,1.0,1,0.0,1,0.0,1,1.1428571428571428,1.3451854182690925,0.0,3.0,0.5714285714285714,0.4642857142857143,0.9222413461394398,0.0,3.0,2.4615384615384612,0,909.76,0.0,0.0,False,False,True,False,False,False,False,False,False,False,False,False,False,False,False,False,False,False,False,False,False,False,False,False,True,False,False,False,False,False,False,False,False,True,False,False
Pakistan,Smartphone 128GB,2025-09-04,Electronics,2.0,838.64,0.08,20.0,2.0,1.0,0.0,3,4,36,9,3,247,0,0.43388373911755823,-0.900968867902419,-1.0,-1.8369701987210297e-16,0.0,1,3.0,1,0.0,1,0.0,1,1.0,1.4142135623730898,0.0,3.0,0.5714285714285714,0.4642857142857143,0.9222413461394398,0.0,3.0,2.1538461538461537,1,909.76,-71.12,-0.07817446359479424,False,False,True,False,False,False,False,False,False,False,False,False,False,False,False,False,False,False,False,False,False,False,False,False,True,False,False,False,False,False,False,False,False,True,False,False
Pakistan,Smartphone 128GB,2025-09-05,Electronics,0.0,838.64,,20.0,2.0,0.0,0.0,4,5,36,9,3,248,0,-0.433883739117558,-0.9009688679024191,-1.0,-1.8369701987210297e-16,2.0,1,0.0,1,0.0,1,0.0,1,0.8571428571428571,1.214985792587906,0.0,3.0,0.7142857142857143,0.5357142857142857,0.9615628812527864,0.0,3.0,1.5999999999999999,0,838.64,0.0,0.0,False,False,True,False,False,False,False,False,False,False,False,False,False,False,False,False,False,False,False,False,False,False,False,False,True,False,False,False,False,False,False,False,False,True,False,False
Pakistan,Smartphone 128GB,2025-09-06,Electronics,0.0,838.64,,20.0,2.0,0.0,0.0,5,6,36,9,3,249,1,-0.9749279121818236,-0.2225209339563146,-1.0,-1.8369701987210297e-16,0.0,1,1.0,1,0.0,1,0.0,1,0.8571428571428571,1.214985792587906,0.0,3.0,0.7142857142857143,0.5357142857142857,0.9615628812527864,0.0,3.0,1.5999999999999999,0,838.64,0.0,0.0,False,False,True,False,False,False,False,False,False,False,False,False,False,False,False,False,False,False,False,False,False,False,False,False,True,False,False,False,False,False,False,False,False,True,False,False
Pakistan,Smartphone 128GB,2025-09-07,Electronics,0.0,838.64,,20.0,2.0,0.0,0.0,6,7,36,9,3,250,1,-0.7818314824680299,0.6234898018587334,-1.0,-1.8369701987210297e-16,0.0,1,0.0,1,0.0,1,2.0,1,0.7142857142857143,1.2535663410560123,0.0,3.0,0.7142857142857143,0.5357142857142857,0.9615628812527864,0.0,3.0,1.3333333333333335,0,838.64,0.0,0.0,False,False,True,False,False,False,False,False,False,False,False,False,False,False,False,False,False,False,False,False,False,False,False,False,True,False,False,False,False,False,False,False,False,True,False,False
Pakistan,Smartphone 128GB,2025-09-08,Electronics,0.0,838.64,,20.0,2.0,0.0,0.0,0,8,37,9,3,251,0,0.0,1.0,-1.0,-1.8369701987210297e-16,0.0,1,0.0,1,0.0,1,0.0,1,0.7142857142857143,1.2535663410560123,0.0,3.0,0.7142857142857143,0.4642857142857143,0.9222413461394398,0.0,3.0,1.5384615384615385,0,838.64,0.0,0.0,False,False,True,False,False,False,False,False,False,False,False,False,False,False,False,False,False,False,False,False,False,False,False,False,True,False,False,False,False,False,False,False,False,True,False,False
Pakistan,Smartphone 128GB,2025-09-09,Electronics,3.0,974.07,0.02,20.0,2.0,1.0,0.0,1,9,37,9,3,252,0,0.7818314824680298,0.6234898018587336,-1.0,-1.8369701987210297e-16,0.0,1,3.0,1,0.0,1,0.0,1,0.7142857142857143,1.2535663410560123,0.0,3.0,0.7142857142857143,0.4642857142857143,0.9222413461394398,0.0,3.0,1.5384615384615385,1,838.64,135.43000000000006,0.1614876466660308,False,False,True,False,False,False,False,False,False,False,False,False,False,False,False,False,False,False,False,False,False,False,False,False,True,False,False,False,False,False,False,False,False,True,False,False
Pakistan,Smartphone 128GB,2025-09-10,Electronics,0.0,974.07,,20.0,2.0,0.0,0.0,2,10,37,9,3,253,0,0.9749279121818236,-0.22252093395631434,-1.0,-1.8369701987210297e-16,3.0,1,0.0,1,1.0,1,0.0,1,0.7142857142857143,1.2535663410560123,0.0,3.0,0.9285714285714286,0.5714285714285714,1.033819650027535,0.0,3.0,1.25,0,974.07,0.0,0.0,False,False,True,False,False,False,False,False,False,False,False,False,False,False,False,False,False,False,False,False,False,False,False,False,True,False,False,False,False,False,False,False,False,True,False,False
Pakistan,Smartphone 128GB,2025-09-11,Electronics,0.0,974.07,,20.0,2.0,0.0,0.0,3,11,37,9,3,254,0,0.43388373911755823,-0.900968867902419,-1.0,-1.8369701987210297e-16,0.0,1,2.0,1,3.0,1,2.0,1,0.7142857142857143,1.2535663410560123,0.0,3.0,0.8571428571428571,0.5714285714285714,1.033819650027535,0.0,3.0,1.25,0,974.07,0.0,0.0,False,False,True,False,False,False,False,False,False,False,False,False,False,False,False,False,False,False,False,False,False,False,False,False,True,False,False,False,False,False,False,False,False,True,False,False
Pakistan,Smartphone 128GB,2025-09-12,Electronics,0.0,974.07,,20.0,2.0,0.0,0.0,4,12,37,9,3,255,0,-0.433883739117558,-0.9009688679024191,-1.0,-1.8369701987210297e-16,0.0,1,0.0,1,0.0,1,0.0,1,0.42857142857142855,1.1338934190276768,0.0,3.0,0.6428571428571429,0.5,0.9999999999999928,0.0,3.0,0.8571428571428571,0,974.07,0.0,0.0,False,False,True,False,False,False,False,False,False,False,False,False,False,False,False,False,False,False,False,False,False,False,False,False,True,False,False,False,False,False,False,False,False,True,False,False
Pakistan,Smartphone 128GB,2025-09-13,Electronics,0.0,974.07,,20.0,2.0,0.0,0.0,5,13,37,9,3,256,1,-0.9749279121818236,-0.2225209339563146,-1.0,-1.8369701987210297e-16,0.0,1,0.0,1,1.0,1,0.0,1,0.42857142857142855,1.1338934190276768,0.0,3.0,0.6428571428571429,0.5,0.9999999999999928,0.0,3.0,0.8571428571428571,0,974.07,0.0,0.0,False,False,True,False,False,False,False,False,False,False,False,False,False,False,False,False,False,False,False,False,False,False,False,False,True,False,False,False,False,False,False,False,False,True,False,False
Pakistan,Smartphone 128GB,2025-09-14,Electronics,0.0,974.07,,20.0,2.0,0.0,0.0,6,14,37,9,3,257,1,-0.7818314824680299,0.6234898018587334,-1.0,-1.8369701987210297e-16,0.0,1,0.0,1,0.0,1,0.0,1,0.42857142857142855,1.1338934190276768,0.0,3.0,0.5714285714285714,0.5,0.9999999999999928,0.0,3.0,0.8571428571428571,0,974.07,0.0,0.0,False,False,True,False,False,False,False,False,False,False,False,False,False,False,False,False,False,False,False,False,False,False,False,False,True,False,False,False,False,False,False,False,False,True,False,False
Pakistan,Smartphone 128GB,2025-09-15,Electronics,0.0,974.07,,20.0,2.0,0.0,0.0,0,15,38,9,3,258,0,0.0,1.0,-1.0,-1.8369701987210297e-16,0.0,1,0.0,1,0.0,1,1.0,1,0.42857142857142855,1.1338934190276768,0.0,3.0,0.5714285714285714,0.5,0.9999999999999928,0.0,3.0,0.8571428571428571,0,974.07,0.0,0.0,False,False,True,False,False,False,False,False,False,False,False,False,False,False,False,False,False,False,False,False,False,False,False,False,True,False,False,False,False,False,False,False,False,True,False,False
Pakistan,Smartphone 128GB,2025-09-16,Electronics,0.0,974.07,,20.0,2.0,0.0,0.0,1,16,38,9,3,259,0,0.7818314824680298,0.6234898018587336,-1.0,-1.8369701987210297e-16,0.0,1,3.0,1,3.0,1,0.0,1,0.42857142857142855,1.1338934190276768,0.0,3.0,0.5714285714285714,0.4642857142857143,0.9993384054849659,0.0,3.0,0.923076923076923,0,974.07,0.0,0.0,False,False,True,False,False,False,False,False,False,False,False,False,False,False,False,False,False,False,False,False,False,False,False,False,True,False,False,False,False,False,False,False,False,True,False,False
Pakistan,Smartphone 128GB,2025-09-17,Electronics,0.0,974.07,,20.0,2.0,0.0,0.0,2,17,38,9,3,260,0,0.9749279121818236,-0.22252093395631434,-1.0,-1.8369701987210297e-16,0.0,1,0.0,1,0.0,1,0.0,1,0.0,0.0,0.0,0.0,0.35714285714285715,0.4642857142857143,0.9993384054849659,0.0,3.0,0.0,0,974.07,0.0,0.0,False,False,True,False,False,False,False,False,False,False,False,False,False,False,False,False,False,False,False,False,False,False,False,False,True,False,False,False,False,False,False,False,False,True,False,False
Pakistan,Smartphone 128GB,2025-09-18,Electronics,0.0,974.07,,20.0,2.0,0.0,0.0,3,18,38,9,3,261,0,0.43388373911755823,-0.900968867902419,-1.0,-1.8369701987210297e-16,0.0,1,0.0,1,2.0,1,0.0,1,0.0,0.0,0.0,0.0,0.35714285714285715,0.4642857142857143,0.9993384054849659,0.0,3.0,0.0,0,974.07,0.0,0.0,False,False,True,False,False,False,False,False,False,False,False,False,False,False,False,False,False,False,False,False,False,False,False,False,True,False,False,False,False,False,False,False,False,True,False,False
Pakistan,Smartphone 128GB,2025-09-19,Electronics,3.0,259.52,0.04,20.0,2.0,1.0,0.0,4,19,38,9,3,262,0,-0.433883739117558,-0.9009688679024191,-1.0,-1.8369701987210297e-16,0.0,1,0.0,1,0.0,1,0.0,1,0.0,0.0,0.0,0.0,0.21428571428571427,0.4642857142857143,0.9993384054849659,0.0,3.0,0.0,1,974.07,-714.5500000000001,-0.7335715092344492,False,False,True,False,False,False,False,False,False,False,False,False,False,False,False,False,False,False,False,False,False,False,False,False,True,False,False,False,False,False,False,False,False,True,False,False
Pakistan,Smartphone 128GB,2025-09-20,Electronics,1.0,208.84,0.04,20.0,2.0,1.0,0.0,5,20,38,9,3,263,1,-0.9749279121818236,-0.2225209339563146,-1.0,-1.8369701987210297e-16,3.0,1,0.0,1,0.0,1,0.0,1,0.42857142857142855,1.1338934190276768,0.0,3.0,0.42857142857142855,0.5714285714285714,1.1031460542154892,0.0,3.0,0.75,1,259.52,-50.67999999999998,-0.1952836004932182,False,False,True,False,False,False,False,False,False,False,False,False,False,False,False,False,False,False,False,False,False,False,False,False,True,False,False,False,False,False,False,False,False,True,False,False
Pakistan,Smartphone 128GB,2025-09-21,Electronics,0.0,208.84,,20.0,2.0,0.0,0.0,6,21,38,9,3,264,1,-0.7818314824680299,0.6234898018587334,-1.0,-1.8369701987210297e-16,1.0,1,0.0,1,0.0,1,0.0,1,0.5714285714285714,1.1338934190276764,0.0,3.0,0.5,0.6071428571428571,1.1001442906807481,0.0,3.0,0.9411764705882353,0,208.84,0.0,0.0,False,False,True,False,False,False,False,False,False,False,False,False,False,False,False,False,False,False,False,False,False,False,False,False,True,False,False,False,False,False,False,False,False,True,False,False
Pakistan,Smartphone 128GB,2025-09-22,Electronics,3.0,640.92,0.12,20.0,2.0,1.0,0.0,0,22,39,9,3,265,0,0.0,1.0,-1.0,-1.8369701987210297e-16,0.0,1,0.0,1,0.0,1,0.0,1,0.5714285714285714,1.1338934190276764,0.0,3.0,0.5,0.6071428571428571,1.1001442906807481,0.0,3.0,0.9411764705882353,1,208.84,432.0799999999999,2.0689523079869754,False,False,True,False,False,False,False,False,False,False,False,False,False,False,False,False,False,False,False,False,False,False,False,False,True,False,False,False,False,False,False,False,False,True,False,False
Pakistan,Smartphone 128GB,2025-09-23,Electronics,2.0,1367.77,0.12,20.0,2.0,1.0,0.0,1,23,39,9,3,266,0,0.7818314824680298,0.6234898018587336,-1.0,-1.8369701987210297e-16,3.0,1,0.0,1,3.0,1,0.0,1,1.0,1.4142135623730898,0.0,3.0,0.7142857142857143,0.7142857142857143,1.181873680570552,0.0,3.0,1.4,1,640.92,726.85,1.1340728952131311,False,False,True,False,False,False,False,False,False,False,False,False,False,False,False,False,False,False,False,False,False,False,False,False,True,False,False,False,False,False,False,False,False,True,False,False
Pakistan,Smartphone 128GB,2025-09-24,Electronics,0.0,1367.77,,20.0,2.0,0.0,0.0,2,24,39,9,3,267,0,0.9749279121818236,-0.22252093395631434,-1.0,-1.8369701987210297e-16,2.0,1,0.0,1,0.0,1,1.0,1,1.2857142857142858,1.3801311186847023,0.0,3.0,0.6428571428571429,0.7857142857142857,1.1974399500026798,0.0,3.0,1.6363636363636365,0,1367.77,0.0,0.0,False,False,True,False,False,False,False,False,False,False,False,False,False,False,False,False,False,False,False,False,False,False,False,False,True,False,False,False,False,False,False,False,False,True,False,False
Pakistan,Smartphone 128GB,2025-09-25,Electronics,0.0,1367.77,,20.0,2.0,0.0,0.0,3,25,39,9,3,268,0,0.43388373911755823,-0.900968867902419,-1.0,-1.8369701987210297e-16,0.0,1,0.0,1,0.0,1,3.0,1,1.2857142857142858,1.3801311186847023,0.0,3.0,0.6428571428571429,0.75,1.2056963563450336,0.0,3.0,1.7142857142857144,0,1367.77,0.0,0.0,False,False,True,False,False,False,False,False,False,False,False,False,False,False,False,False,False,False,False,False,False,False,False,False,True,False,False,False,False,False,False,False,False,True,False,False
Pakistan,Smartphone 128GB,2025-09-26,Electronics,0.0,1367.77,,20.0,2.0,0.0,0.0,4,26,39,9,3,269,0,-0.433883739117558,-0.9009688679024191,-1.0,-1.8369701987210297e-16,0.0,1,3.0,1,0.0,1,0.0,1,1.2857142857142858,1.3801311186847023,0.0,3.0,0.6428571428571429,0.6428571428571429,1.1292175499576071,0.0,3.0,2.0,0,1367.77,0.0,0.0,False,False,True,False,False,False,False,False,False,False,False,False,False,False,False,False,False,False,False,False,False,False,False,False,True,False,False,False,False,False,False,False,False,True,False,False
Pakistan,Smartphone 128GB,2025-09-27,Electronics,0.0,1367.77,,20.0,2.0,0.0,0.0,5,27,39,9,3,270,1,-0.9749279121818236,-0.2225209339563146,-1.0,-1.8369701987210297e-16,0.0,1,1.0,1,0.0,1,1.0,1,0.8571428571428571,1.214985792587906,0.0,3.0,0.6428571428571429,0.6428571428571429,1.1292175499576071,0.0,3.0,1.3333333333333333,0,1367.77,0.0,0.0,False,False,True,False,False,False,False,False,False,False,False,False,False,False,False,False,False,False,False,False,False,False,False,False,True,False,False,False,False,False,False,False,False,True,False,False
Pakistan,Smartphone 128GB,2025-09-28,Electronics,2.0,745.19,0.02,20.0,2.0,1.0,0.0,6,28,39,9,3,271,1,-0.7818314824680299,0.6234898018587334,-1.0,-1.8369701987210297e-16,0.0,1,0.0,1,0.0,1,0.0,1,0.7142857142857143,1.2535663410560123,0.0,3.0,0.6428571428571429,0.6071428571428571,1.1333099904225323,0.0,3.0,1.1764705882352942,1,1367.77,-622.5799999999999,-0.4551788677920995,False,False,True,False,False,False,False,False,False,False,False,False,False,False,False,False,False,False,False,False,False,False,False,False,True,False,False,False,False,False,False,False,False,True,False,False
Pakistan,Smartphone 128GB,2025-09-29,Electronics,1.0,348.98,0.13,20.0,2.0,1.0,0.0,0,29,40,9,3,272,0,0.0,1.0,-1.0,-1.8369701987210297e-16,2.0,1,3.0,1,0.0,1,0.0,1,1.0,1.2909944487357998,0.0,3.0,0.7857142857142857,0.6785714285714286,1.156417566150555,0.0,3.0,1.4736842105263157,1,745.19,-396.21000000000004,-0.5316899045880916,False,False,True,False,False,False,False,False,False,False,False,False,False,False,False,False,False,False,False,False,False,False,False,False,True,False,False,False,False,False,False,False,False,True,False,False
Pakistan,Smartphone 128GB,2025-09-30,Electronics,3.0,551.86,0.13,20.0,2.0,1.0,0.0,1,30,40,9,3,273,0,0.7818314824680298,0.6234898018587336,-1.0,-1.8369701987210297e-16,1.0,1,2.0,1,0.0,1,3.0,1,0.7142857142857143,0.9511897312113352,0.0,2.0,0.8571428571428571,0.7142857142857143,1.1501092655705842,0.0,3.0,1.0,1,348.98,202.88,0.5813513668405066,False,False,True,False,False,False,False,False,False,False,False,False,False,False,False,False,False,False,False,False,False,False,False,False,True,False,False,False,False,False,False,False,False,True,False,False
Pakistan,Smartphone 128GB,2025-10-01,Electronics,2.0,383.69,0.15,20.0,2.0,1.0,0.0,2,1,40,10,4,274,0,0.9749279121818236,-0.22252093395631434,-0.8660254037844386,0.5000000000000001,3.0,1,0.0,1,0.0,1,0.0,1,0.8571428571428571,1.2149857925879062,0.0,3.0,1.0714285714285714,0.7142857142857143,1.1501092655705842,0.0,3.0,1.2,1,551.86,-168.17000000000002,-0.30473308447794734,False,False,True,False,False,False,False,False,False,False,False,False,False,False,False,False,False,False,False,False,False,False,False,False,True,False,False,False,False,False,False,False,False,True,False,False
Pakistan,Smartphone 128GB,2025-10-02,Electronics,2.0,698.62,0.01,20.0,2.0,1.0,0.0,3,2,40,10,4,275,0,0.43388373911755823,-0.900968867902419,-0.8660254037844386,0.5000000000000001,2.0,1,0.0,1,0.0,1,2.0,1,1.1428571428571428,1.2149857925879053,0.0,3.0,1.2142857142857142,0.7857142857142857,1.1660996354464512,0.0,3.0,1.4545454545454546,1,383.69,314.93,0.8207928275430686,False,False,True,False,False,False,False,False,False,False,False,False,False,False,False,False,False,False,False,False,False,False,False,False,True,False,False,False,False,False,False,False,False,True,False,False
Pakistan,Smartphone 128GB,2025-10-03,Electronics,0.0,698.62,,20.0,2.0,0.0,0.0,4,3,40,10,4,276,0,-0.433883739117558,-0.9009688679024191,-0.8660254037844386,0.5000000000000001,2.0,1,0.0,1,3.0,1,0.0,1,1.4285714285714286,1.133893419027674,0.0,3.0,1.3571428571428572,0.7857142857142857,1.1660996354464512,0.0,3.0,1.8181818181818183,0,698.62,0.0,0.0,False,False,True,False,False,False,False,False,False,False,False,False,False,False,False,False,False,False,False,False,False,False,False,False,True,False,False,False,False,False,False,False,False,True,False,False
Pakistan,Smartphone 128GB,2025-10-04,Electronics,0.0,698.62,,20.0,2.0,0.0,0.0,5,4,40,10,4,277,1,-0.9749279121818236,-0.2225209339563146,-0.8660254037844386,0.5000000000000001,0.0,1,0.0,1,1.0,1,0.0,1,1.4285714285714286,1.133893419027674,0.0,3.0,1.1428571428571428,0.7857142857142857,1.1660996354464512,0.0,3.0,1.8181818181818183,0,698.62,0.0,0.0,False,False,True,False,False,False,False,False,False,False,False,False,False,False,False,False,False,False,False,False,False,False,False,False,True,False,False,False,False,False,False,False,False,True,False,False
Pakistan,Smartphone 128GB,2025-10-05,Electronics,0.0,698.62,,20.0,2.0,0.0,0.0,6,5,40,10,4,278,1,-0.7818314824680299,0.6234898018587334,-0.8660254037844386,0.5000000000000001,0.0,1,2.0,1,0.0,1,0.0,1,1.4285714285714286,1.133893419027674,0.0,3.0,1.0714285714285714,0.7857142857142857,1.1660996354464512,0.0,3.0,1.8181818181818183,0,698.62,0.0,0.0,False,False,True,False,False,False,False,False,False,False,False,False,False,False,False,False,False,False,False,False,False,False,False,False,True,False,False,False,False,False,False,False,False,True,False,False
Pakistan,Smartphone 128GB,2025-10-06,Electronics,0.0,698.62,,20.0,2.0,0.0,0.0,0,6,41,10,4,279,0,0.0,1.0,-0.8660254037844386,0.5000000000000001,0.0,1,1.0,1,3.0,1,0.0,1,1.1428571428571428,1.2149857925879053,0.0,3.0,1.0714285714285714,0.7857142857142857,1.1660996354464512,0.0,3.0,1.4545454545454546,0,698.62,0.0,0.0,False,False,True,False,False,False,False,False,False,False,False,False,False,False,False,False,False,False,False,False,False,False,False,False,True,False,False,False,False,False,False,False,False,True,False,False
Pakistan,Smartphone 128GB,2025-10-07,Electronics,0.0,698.62,,20.0,2.0,0.0,0.0,1,7,41,10,4,280,0,0.7818314824680298,0.6234898018587336,-0.8660254037844386,0.5000000000000001,0.0,1,3.0,1,2.0,1,3.0,1,1.0,1.2909944487358,0.0,3.0,0.8571428571428571,0.7857142857142857,1.1660996354464512,0.0,3.0,1.2727272727272727,0,698.62,0.0,0.0,False,False,True,False,False,False,False,False,False,False,False,False,False,False,False,False,False,False,False,False,False,False,False,False,True,False,False,False,False,False,False,False,False,True,False,False
Pakistan,Smartphone 128GB,2025-10-08,Electronics,0.0,698.62,,20.0,2.0,0.0,0.0,2,8,41,10,4,281,0,0.9749279121818236,-0.22252093395631434,-0.8660254037844386,0.5000000000000001,0.0,1,2.0,1,0.0,1,0.0,1,0.5714285714285714,0.9759000729485275,0.0,2.0,0.7142857142857143,0.6785714285714286,1.0904831219021343,0.0,3.0,0.8421052631578947,0,698.62,0.0,0.0,False,False,True,False,False,False,False,False,False,False,False,False,False,False,False,False,False,False,False,False,False,False,False,False,True,False,False,False,False,False,False,False,False,True,False,False
Pakistan,Smartphone 128GB,2025-10-09,Electronics,0.0,698.62,,20.0,2.0,0.0,0.0,3,9,41,10,4,282,0,0.43388373911755823,-0.900968867902419,-0.8660254037844386,0.5000000000000001,0.0,1,2.0,1,0.0,1,0.0,1,0.2857142857142857,0.7559289460184485,0.0,2.0,0.7142857142857143,0.6785714285714286,1.0904831219021343,0.0,3.0,0.42105263157894735,0,698.62,0.0,0.0,False,False,True,False,False,False,False,False,False,False,False,False,False,False,False,False,False,False,False,False,False,False,False,False,True,False,False,False,False,False,False,False,False,True,False,False
Pakistan,Smartphone 128GB,2025-10-10,Electronics,2.0,1242.47,0.1,20.0,2.0,1.0,0.0,4,10,41,10,4,283,0,-0.433883739117558,-0.9009688679024191,-0.8660254037844386,0.5000000000000001,0.0,1,0.0,1,0.0,1,0.0,1,0.0,0.0,0.0,0.0,0.7142857142857143,0.6785714285714286,1.0904831219021343,0.0,3.0,0.0,1,698.62,543.85,0.7784632561335204,False,False,True,False,False,False,False,False,False,False,False,False,False,False,False,False,False,False,False,False,False,False,False,False,True,False,False,False,False,False,False,False,False,True,False,False
Pakistan,Smartphone 128GB,2025-10-11,Electronics,0.0,1242.47,,20.0,2.0,0.0,0.0,5,11,41,10,4,284,1,-0.9749279121818236,-0.2225209339563146,-0.8660254037844386,0.5000000000000001,2.0,1,0.0,1,0.0,1,0.0,1,0.2857142857142857,0.7559289460184485,0.0,2.0,0.8571428571428571,0.75,1.1097213530798926,0.0,3.0,0.38095238095238093,0,1242.47,0.0,0.0,False,False,True,False,False,False,False,False,False,False,False,False,False,False,False,False,False,False,False,False,False,False,False,False,True,False,False,False,False,False,False,False,False,True,False,False
Pakistan,Smartphone 128GB,2025-10-12,Electronics,0.0,1242.47,,20.0,2.0,0.0,0.0,6,12,41,10,4,285,1,-0.7818314824680299,0.6234898018587334,-0.8660254037844386,0.5000000000000001,0.0,1,0.0,1,2.0,1,0.0,1,0.2857142857142857,0.7559289460184485,0.0,2.0,0.8571428571428571,0.75,1.1097213530798926,0.0,3.0,0.38095238095238093,0,1242.47,0.0,0.0,False,False,True,False,False,False,False,False,False,False,False,False,False,False,False,False,False,False,False,False,False,False,False,False,True,False,False,False,False,False,False,False,False,True,False,False
Pakistan,Smartphone 128GB,2025-10-13,Electronics,0.0,1242.47,,20.0,2.0,0.0,0.0,0,13,42,10,4,286,0,0.0,1.0,-0.8660254037844386,0.5000000000000001,0.0,1,0.0,1,1.0,1,0.0,1,0.2857142857142857,0.7559289460184485,0.0,2.0,0.7142857142857143,0.75,1.1097213530798926,0.0,3.0,0.38095238095238093,0,1242.47,0.0,0.0,False,False,True,False,False,False,False,False,False,False,False,False,False,False,False,False,False,False,False,False,False,False,False,False,True,False,False,False,False,False,False,False,False,True,False,False
Pakistan,Smartphone 128GB,2025-10-14,Electronics,1.0,995.23,0.07,20.0,2.0,1.0,0.0,1,14,42,10,4,287,0,0.7818314824680298,0.6234898018587336,-0.8660254037844386,0.5000000000000001,0.0,1,0.0,1,3.0,1,0.0,1,0.2857142857142857,0.7559289460184485,0.0,2.0,0.6428571428571429,0.75,1.1097213530798926,0.0,3.0,0.38095238095238093,1,1242.47,-247.24,-0.19899072009786956,False,False,True,False,False,False,False,False,False,False,False,False,False,False,False,False,False,False,False,False,False,False,False,False,True,False,False,False,False,False,False,False,False,True,False,False
Pakistan,Smartphone 128GB,2025-10-15,Electronics,0.0,995.23,,20.0,2.0,0.0,0.0,2,15,42,10,4,288,0,0.9749279121818236,-0.22252093395631434,-0.8660254037844386,0.5000000000000001,1.0,1,0.0,1,2.0,1,0.0,1,0.42857142857142855,0.7867957924694368,0.0,2.0,0.5,0.7857142857142857,1.1007452982594104,0.0,3.0,0.5454545454545454,0,995.23,0.0,0.0,False,False,True,False,False,False,False,False,False,False,False,False,False,False,False,False,False,False,False,False,False,False,False,False,True,False,False,False,False,False,False,False,False,True,False,False
Pakistan,Smartphone 128GB,2025-10-16,Electronics,0.0,995.23,,20.0,2.0,0.0,0.0,3,16,42,10,4,289,0,0.43388373911755823,-0.900968867902419,-0.8660254037844386,0.5000000000000001,0.0,1,0.0,1,2.0,1,0.0,1,0.42857142857142855,0.7867957924694368,0.0,2.0,0.35714285714285715,0.7857142857142857,1.1007452982594104,0.0,3.0,0.5454545454545454,0,995.23,0.0,0.0,False,False,True,False,False,False,False,False,False,False,False,False,False,False,False,False,False,False,False,False,False,False,False,False,True,False,False,False,False,False,False,False,False,True,False,False
Pakistan,Smartphone 128GB,2025-10-17,Electronics,0.0,995.23,,20.0,2.0,0.0,0.0,4,17,42,10,4,290,0,-0.433883739117558,-0.9009688679024191,-0.8660254037844386,0.5000000000000001,0.0,1,2.0,1,0.0,1,3.0,1,0.42857142857142855,0.7867957924694368,0.0,2.0,0.21428571428571427,0.7857142857142857,1.1007452982594104,0.0,3.0,0.5454545454545454,0,995.23,0.0,0.0,False,False,True,False,False,False,False,False,False,False,False,False,False,False,False,False,False,False,False,False,False,False,False,False,True,False,False,False,False,False,False,False,False,True,False,False
Pakistan,Smartphone 128GB,2025-10-18,Electronics,1.0,232.2,0.07,20.0,2.0,1.0,0.0,5,18,42,10,4,291,1,-0.9749279121818236,-0.2225209339563146,-0.8660254037844386,0.5000000000000001,0.0,1,0.0,1,0.0,1,1.0,1,0.14285714285714285,0.3779644730092168,0.0,1.0,0.21428571428571427,0.6785714285714286,1.0202966681339685,0.0,3.0,0.21052631578947367,1,995.23,-763.03,-0.7666870974548596,False,False,True,False,False,False,False,False,False,False,False,False,False,False,False,False,False,False,False,False,False,False,False,False,True,False,False,False,False,False,False,False,False,True,False,False
Pakistan,Smartphone 128GB,2025-10-19,Electronics,1.0,109.3,0.01,20.0,2.0,1.0,0.0,6,19,42,10,4,292,1,-0.7818314824680299,0.6234898018587334,-0.8660254037844386,0.5000000000000001,1.0,1,0.0,1,0.0,1,0.0,1,0.2857142857142857,0.48795003647425744,0.0,1.0,0.2857142857142857,0.6785714285714286,1.0202966681339685,0.0,3.0,0.42105263157894735,1,232.2,-122.89999999999999,-0.529285099052541,False,False,True,False,False,False,False,False,False,False,False,False,False,False,False,False,False,False,False,False,False,False,False,False,True,False,False,False,False,False,False,False,False,True,False,False
Pakistan,Smartphone 128GB,2025-10-20,Electronics,2.0,819.38,0.07,20.0,2.0,1.0,0.0,0,20,43,10,4,293,0,0.0,1.0,-0.8660254037844386,0.5000000000000001,1.0,1,0.0,1,0.0,1,3.0,1,0.42857142857142855,0.5345224838248394,0.0,1.0,0.35714285714285715,0.7142857142857143,1.0131411680782756,0.0,3.0,0.6,1,109.3,710.08,6.496614821591949,False,False,True,False,False,False,False,False,False,False,False,False,False,False,False,False,False,False,False,False,False,False,False,False,True,False,False,False,False,False,False,False,False,True,False,False
Pakistan,Smartphone 128GB,2025-10-21,Electronics,1.0,487.84,0.03,20.0,2.0,1.0,0.0,1,21,43,10,4,294,0,0.7818314824680298,0.6234898018587336,-0.8660254037844386,0.5000000000000001,2.0,1,1.0,1,0.0,1,2.0,1,0.7142857142857143,0.7559289460184464,0.0,2.0,0.5,0.6785714285714286,0.9449111825230607,0.0,3.0,1.0526315789473684,1,819.38,-331.54,-0.40462300763992287,False,False,True,False,False,False,False,False,False,False,False,False,False,False,False,False,False,False,False,False,False,False,False,False,True,False,False,False,False,False,False,False,False,True,False,False
Pakistan,Smartphone 128GB,2025-10-22,Electronics,0.0,487.84,,20.0,2.0,0.0,0.0,2,22,43,10,4,295,0,0.9749279121818236,-0.22252093395631434,-0.8660254037844386,0.5000000000000001,1.0,1,0.0,1,0.0,1,0.0,1,0.7142857142857143,0.7559289460184464,0.0,2.0,0.5714285714285714,0.6428571428571429,0.9114207758701888,0.0,3.0,1.1111111111111112,0,487.84,0.0,0.0,False,False,True,False,False,False,False,False,False,False,False,False,False,False,False,False,False,False,False,False,False,False,False,False,True,False,False,False,False,False,False,False,False,True,False,False
Pakistan,Smartphone 128GB,2025-10-23,Electronics,0.0,487.84,,20.0,2.0,0.0,0.0,3,23,43,10,4,296,0,0.43388373911755823,-0.900968867902419,-0.8660254037844386,0.5000000000000001,0.0,1,0.0,1,0.0,1,0.0,1,0.7142857142857143,0.7559289460184464,0.0,2.0,0.5714285714285714,0.6428571428571429,0.9114207758701888,0.0,3.0,1.1111111111111112,0,487.84,0.0,0.0,False,False,True,False,False,False,False,False,False,False,False,False,False,False,False,False,False,False,False,False,False,False,False,False,True,False,False,False,False,False,False,False,False,True,False,False
Pakistan,Smartphone 128GB,2025-10-24,Electronics,0.0,487.84,,20.0,2.0,0.0,0.0,4,24,43,10,4,297,0,-0.433883739117558,-0.9009688679024191,-0.8660254037844386,0.5000000000000001,0.0,1,0.0,1,2.0,1,0.0,1,0.7142857142857143,0.7559289460184464,0.0,2.0,0.5714285714285714,0.6428571428571429,0.9114207758701888,0.0,3.0,1.1111111111111112,0,487.84,0.0,0.0,False,False,True,False,False,False,False,False,False,False,False,False,False,False,False,False,False,False,False,False,False,False,False,False,True,False,False,False,False,False,False,False,False,True,False,False
Pakistan,Smartphone 128GB,2025-10-25,Electronics,0.0,487.84,,20.0,2.0,0.0,0.0,5,25,43,10,4,298,1,-0.9749279121818236,-0.2225209339563146,-0.8660254037844386,0.5000000000000001,0.0,1,1.0,1,0.0,1,0.0,1,0.7142857142857143,0.7559289460184464,0.0,2.0,0.42857142857142855,0.6428571428571429,0.9114207758701888,0.0,3.0,1.1111111111111112,0,487.84,0.0,0.0,False,False,True,False,False,False,False,False,False,False,False,False,False,False,False,False,False,False,False,False,False,False,False,False,True,False,False,False,False,False,False,False,False,True,False,False
Pakistan,Smartphone 128GB,2025-10-26,Electronics,1.0,1446.83,0.11,20.0,2.0,1.0,0.0,6,26,43,10,4,299,1,-0.7818314824680299,0.6234898018587334,-0.8660254037844386,0.5000000000000001,0.0,1,1.0,1,0.0,1,2.0,1,0.5714285714285714,0.786795792469436,0.0,2.0,0.42857142857142855,0.6428571428571429,0.9114207758701888,0.0,3.0,0.8888888888888887,1,487.84,958.99,1.9657879632666448,False,False,True,False,False,False,False,False,False,False,False,False,False,False,False,False,False,False,False,False,False,False,False,False,True,False,False,False,False,False,False,False,False,True,False,False
Pakistan,Smartphone 128GB,2025-10-27,Electronics,0.0,1446.83,,20.0,2.0,0.0,0.0,0,27,44,10,4,300,0,0.0,1.0,-0.8660254037844386,0.5000000000000001,1.0,1,2.0,1,0.0,1,1.0,1,0.5714285714285714,0.786795792469436,0.0,2.0,0.5,0.6071428571428571,0.8751417118804256,0.0,3.0,0.9411764705882353,0,1446.83,0.0,0.0,False,False,True,False,False,False,False,False,False,False,False,False,False,False,False,False,False,False,False,False,False,False,False,False,True,False,False,False,False,False,False,False,False,True,False,False
Pakistan,Smartphone 128GB,2025-10-28,Electronics,0.0,1446.83,,20.0,2.0,0.0,0.0,1,28,44,10,4,301,0,0.7818314824680298,0.6234898018587336,-0.8660254037844386,0.5000000000000001,0.0,1,1.0,1,1.0,1,3.0,1,0.2857142857142857,0.4879500364742573,0.0,1.0,0.5,0.5714285714285714,0.8789122666607619,0.0,3.0,0.5,0,1446.83,0.0,0.0,False,False,True,False,False,False,False,False,False,False,False,False,False,False,False,False,False,False,False,False,False,False,False,False,True,False,False,False,False,False,False,False,False,True,False,False
Pakistan,Smartphone 128GB,2025-10-29,Electronics,0.0,1446.83,,20.0,2.0,0.0,0.0,2,29,44,10,4,302,0,0.9749279121818236,-0.22252093395631434,-0.8660254037844386,0.5000000000000001,0.0,1,0.0,1,0.0,1,2.0,1,0.14285714285714285,0.3779644730092166,0.0,1.0,0.42857142857142855,0.4642857142857143,0.7444681351359437,0.0,2.0,0.30769230769230765,0,1446.83,0.0,0.0,False,False,True,False,False,False,False,False,False,False,False,False,False,False,False,False,False,False,False,False,False,False,False,False,True,False,False,False,False,False,False,False,False,True,False,False
Pakistan,Smartphone 128GB,2025-10-30,Electronics,0.0,1446.83,,20.0,2.0,0.0,0.0,3,30,44,10,4,303,0,0.43388373911755823,-0.900968867902419,-0.8660254037844386,0.5000000000000001,0.0,1,0.0,1,0.0,1,2.0,1,0.14285714285714285,0.3779644730092166,0.0,1.0,0.42857142857142855,0.39285714285714285,0.6852566815264953,0.0,2.0,0.36363636363636365,0,1446.83,0.0,0.0,False,False,True,False,False,False,False,False,False,False,False,False,False,False,False,False,False,False,False,False,False,False,False,False,True,False,False,False,False,False,False,False,False,True,False,False
Pakistan,Smartphone 128GB,2025-10-31,Electronics,0.0,1446.83,,20.0,2.0,0.0,0.0,4,31,44,10,4,304,0,-0.433883739117558,-0.9009688679024191,-0.8660254037844386,0.5000000000000001,0.0,1,0.0,1,0.0,1,0.0,1,0.14285714285714285,0.3779644730092166,0.0,1.0,0.42857142857142855,0.32142857142857145,0.6118321864192903,0.0,2.0,0.44444444444444436,0,1446.83,0.0,0.0,False,False,True,False,False,False,False,False,False,False,False,False,False,False,False,False,False,False,False,False,False,False,False,False,True,False,False,False,False,False,False,False,False,True,False,False
Pakistan,Smartphone 128GB,2025-11-01,Electronics,2.0,1296.01,0.16,20.0,2.0,1.0,0.0,5,1,44,11,4,305,1,-0.9749279121818236,-0.2225209339563146,-0.5000000000000004,0.8660254037844384,0.0,1,0.0,1,1.0,1,0.0,1,0.14285714285714285,0.3779644730092166,0.0,1.0,0.42857142857142855,0.32142857142857145,0.6118321864192903,0.0,2.0,0.44444444444444436,1,1446.83,-150.81999999999994,-0.10424168699847249,False,False,True,False,False,False,False,False,False,False,False,False,False,False,False,False,False,False,False,False,False,False,False,False,True,False,False,False,False,False,False,False,False,True,False,False
Pakistan,Smartphone 128GB,2025-11-02,Electronics,3.0,466.63,0.24,20.0,2.0,1.0,0.0,6,2,44,11,4,306,1,-0.7818314824680299,0.6234898018587334,-0.5000000000000004,0.8660254037844384,2.0,1,1.0,1,1.0,1,0.0,1,0.42857142857142855,0.7867957924694367,0.0,2.0,0.5,0.39285714285714285,0.6852566815264953,0.0,2.0,1.0909090909090908,1,1296.01,-829.38,-0.6399487658274242,False,False,True,False,False,False,False,False,False,False,False,False,False,False,False,False,False,False,False,False,False,False,False,False,True,False,False,False,False,False,False,False,False,True,False,False
Pakistan,Smartphone 128GB,2025-11-03,Electronics,4.0,1186.8,0.18,20.0,2.0,1.0,0.0,0,3,45,11,4,307,0,0.0,1.0,-0.5000000000000004,0.8660254037844384,3.0,1,0.0,1,2.0,1,0.0,1,0.7142857142857143,1.2535663410560125,0.0,3.0,0.6428571428571429,0.5,0.8388704928078524,0.0,3.0,1.4285714285714286,1,466.63,720.17,1.5433426912114523,False,False,True,False,False,False,False,False,False,False,False,False,False,False,False,False,False,False,False,False,False,False,False,False,True,False,False,False,False,False,False,False,False,True,False,False
Pakistan,Smartphone 128GB,2025-11-04,Electronics,7.0,1154.795,0.26,20.0,2.0,1.0,0.0,1,4,45,11,4,308,0,0.7818314824680298,0.6234898018587336,-0.5000000000000004,0.8660254037844384,4.0,1,0.0,1,1.0,1,0.0,1,1.2857142857142858,1.7043362064926884,0.0,4.0,0.7857142857142857,0.6428571428571429,1.0615950861718009,0.0,4.0,2.0,1,1186.8,-32.00499999999988,-0.026967475564543212,False,False,True,False,False,False,False,False,False,False,False,False,False,False,False,False,False,False,False,False,False,False,False,False,True,False,False,False,False,False,False,False,False,True,False,False
Pakistan,Smartphone 128GB,2025-11-05,Electronics,4.0,976.0,0.23,20.0,2.0,1.0,0.0,2,5,45,11,4,309,0,0.9749279121818236,-0.22252093395631434,-0.5000000000000004,0.8660254037844384,7.0,1,0.0,1,0.0,1,0.0,1,2.2857142857142856,2.627691364061213,0.0,7.0,1.2142857142857142,0.8928571428571429,1.5948826896203936,0.0,7.0,2.5599999999999996,1,1154.795,-178.79500000000007,-0.1548283461566772,False,False,True,False,False,False,False,False,False,False,False,False,False,False,False,False,False,False,False,False,False,False,False,False,True,False,False,False,False,False,False,False,False,True,False,False
Pakistan,Smartphone 128GB,2025-11-06,Electronics,5.0,775.2,0.21,20.0,2.0,1.0,0.0,3,6,45,11,4,310,0,0.43388373911755823,-0.900968867902419,-0.5000000000000004,0.8660254037844384,4.0,1,0.0,1,0.0,1,0.0,1,2.857142857142857,2.4784787961282047,0.0,7.0,1.5,1.0357142857142858,1.6883510003933093,0.0,7.0,2.758620689655172,1,976.0,-200.79999999999995,-0.20573770491803273,False,False,True,False,False,False,False,False,False,False,False,False,False,False,False,False,False,False,False,False,False,False,False,False,True,False,False,False,False,False,False,False,False,True,False,False
Pakistan,Smartphone 128GB,2025-11-07,Electronics,7.0,329.995,0.28,20.0,2.0,1.0,0.0,4,7,45,11,4,311,0,-0.433883739117558,-0.9009688679024191,-0.5000000000000004,0.8660254037844384,5.0,1,0.0,1,0.0,1,2.0,1,3.5714285714285716,2.2253945610567394,0.0,7.0,1.8571428571428572,1.2142857142857142,1.8329725474726424,0.0,7.0,2.9411764705882355,1,775.2,-445.20500000000004,-0.5743098555211559,False,False,True,False,False,False,False,False,False,False,False,False,False,False,False,False,False,False,False,False,False,False,False,False,True,False,False,False,False,False,False,False,False,True,False,False
Pakistan,Smartphone 128GB,2025-11-08,Electronics,0.0,329.995,,20.0,2.0,0.0,0.0,5,8,45,11,4,312,1,-0.9749279121818236,-0.2225209339563146,-0.5000000000000004,0.8660254037844384,7.0,1,2.0,1,0.0,1,0.0,1,4.571428571428571,1.9023794624226724,2.0,7.0,2.357142857142857,1.3928571428571428,2.1315841042874153,0.0,7.0,3.282051282051282,0,329.995,0.0,0.0,False,False,True,False,False,False,False,False,False,False,False,False,False,False,False,False,False,False,False,False,False,False,False,False,True,False,False,False,False,False,False,False,False,True,False,False
Pakistan,Smartphone 128GB,2025-11-09,Electronics,5.0,907.0,0.18,20.0,2.0,1.0,0.0,6,9,45,11,4,313,1,-0.7818314824680299,0.6234898018587334,-0.5000000000000004,0.8660254037844384,0.0,1,3.0,1,1.0,1,0.0,1,4.285714285714286,2.4299715851758155,0.0,7.0,2.357142857142857,1.3928571428571428,2.1315841042874153,0.0,7.0,3.076923076923077,1,329.995,577.005,1.7485264928256488,False,False,True,False,False,False,False,False,False,False,False,False,False,False,False,False,False,False,False,False,False,False,False,False,True,False,False,False,False,False,False,False,False,True,False,False
Pakistan,Smartphone 128GB,2025-11-10,Electronics,3.0,910.97,0.24,20.0,2.0,1.0,0.0,0,10,46,11,4,314,0,0.0,1.0,-0.5000000000000004,0.8660254037844384,5.0,1,4.0,1,0.0,1,0.0,1,4.571428571428571,2.370453040886399,0.0,7.0,2.642857142857143,1.5714285714285714,2.2182504188289722,0.0,7.0,2.909090909090909,1,907.0,3.9700000000000273,0.004377067254685807,False,False,True,False,False,False,False,False,False,False,False,False,False,False,False,False,False,False,False,False,False,False,False,False,True,False,False,False,False,False,False,False,False,True,False,False
Pakistan,Smartphone 128GB,2025-11-11,Electronics,4.0,611.85,0.17,20.0,2.0,1.0,0.0,1,11,46,11,4,315,0,0.7818314824680298,0.6234898018587336,-0.5000000000000004,0.8660254037844384,3.0,1,7.0,1,0.0,1,1.0,1,4.428571428571429,2.4397501823713243,0.0,7.0,2.857142857142857,1.6785714285714286,2.211980366743144,0.0,7.0,2.638297872340426,1,910.97,-299.12,-0.32835329374183564,False,False,True,False,False,False,False,False,False,False,False,False,False,False,False,False,False,False,False,False,False,False,False,False,True,False,False,False,False,False,False,False,False,True,False,False
Pakistan,Smartphone 128GB,2025-11-12,Electronics,0.0,611.85,,20.0,2.0,0.0,0.0,2,12,46,11,4,316,0,0.9749279121818236,-0.22252093395631434,-0.5000000000000004,0.8660254037844384,4.0,1,4.0,1,0.0,1,0.0,1,4.0,2.1602468994692776,0.0,7.0,3.142857142857143,1.7857142857142858,2.250220447754409,0.0,7.0,2.2399999999999998,0,611.85,0.0,0.0,False,False,True,False,False,False,False,False,False,False,False,False,False,False,False,False,False,False,False,False,False,False,False,False,True,False,False,False,False,False,False,False,False,True,False,False
Pakistan,Smartphone 128GB,2025-11-13,Electronics,9.0,884.4449999999999,0.19,20.0,2.0,1.0,1.0,3,13,46,11,4,317,0,0.43388373911755823,-0.900968867902419,-0.5000000000000004,0.8660254037844384,0.0,1,5.0,1,0.0,1,0.0,1,3.4285714285714284,2.6367367999823035,0.0,7.0,3.142857142857143,1.7857142857142858,2.250220447754409,0.0,7.0,1.9199999999999997,1,611.85,272.5949999999999,0.4455258641823975,False,False,True,False,False,False,False,False,False,False,False,False,False,False,False,False,False,False,False,False,False,False,False,False,True,False,False,False,False,False,False,False,False,True,False,False
Pakistan,Smartphone 128GB,2025-11-14,Electronics,6.0,1009.025,0.27,20.0,2.0,1.0,0.0,4,14,46,11,4,318,0,-0.433883739117558,-0.9009688679024191,-0.5000000000000004,0.8660254037844384,9.0,1,7.0,1,0.0,1,0.0,1,4.0,3.366501646120687,0.0,9.0,3.7857142857142856,2.107142857142857,2.6011291809275847,0.0,9.0,1.8983050847457628,1,884.4449999999999,124.58000000000004,0.1408566954417743,False,False,True,False,False,False,False,False,False,False,False,False,False,False,False,False,False,False,False,False,False,False,False,False,True,False,False,False,False,False,False,False,False,True,False,False
Pakistan,Smartphone 128GB,2025-11-15,Electronics,3.0,466.84,0.24,20.0,2.0,1.0,0.0,5,15,46,11,4,319,1,-0.9749279121818236,-0.2225209339563146,-0.5000000000000004,0.8660254037844384,6.0,1,0.0,1,2.0,1,1.0,1,3.857142857142857,3.2366943748507424,0.0,9.0,4.214285714285714,2.3214285714285716,2.6674106105133792,0.0,9.0,1.6615384615384614,1,1009.025,-542.185,-0.5373355466911127,False,False,True,False,False,False,False,False,False,False,False,False,False,False,False,False,False,False,False,False,False,False,False,False,True,False,False,False,False,False,False,False,False,True,False,False
Pakistan,Smartphone 128GB,2025-11-16,Electronics,6.0,1261.8249999999998,0.26,20.0,2.0,1.0,0.0,6,16,46,11,4,320,1,-0.7818314824680299,0.6234898018587334,-0.5000000000000004,0.8660254037844384,3.0,1,5.0,1,3.0,1,1.0,1,4.285714285714286,2.8115408417381857,0.0,9.0,4.285714285714286,2.392857142857143,2.657474235466697,0.0,9.0,1.791044776119403,1,466.84,794.9849999999999,1.7029067774826492,False,False,True,False,False,False,False,False,False,False,False,False,False,False,False,False,False,False,False,False,False,False,False,False,True,False,False,False,False,False,False,False,False,True,False,False
Pakistan,Smartphone 128GB,2025-11-17,Electronics,2.0,852.56,0.16,20.0,2.0,1.0,0.0,0,17,47,11,4,321,0,0.0,1.0,-0.5000000000000004,0.8660254037844384,6.0,1,3.0,1,4.0,1,2.0,1,4.428571428571429,2.8784916685156907,0.0,9.0,4.5,2.5714285714285716,2.727481152850269,0.0,9.0,1.722222222222222,1,1261.8249999999998,-409.2649999999999,-0.3243437085174251,False,False,True,False,False,False,False,False,False,False,False,False,False,False,False,False,False,False,False,False,False,False,False,False,True,False,False,False,False,False,False,False,False,True,False,False
Pakistan,Smartphone 128GB,2025-11-18,Electronics,5.0,744.4649999999999,0.17,20.0,2.0,1.0,0.0,1,18,47,11,4,322,0,0.7818314824680298,0.6234898018587336,-0.5000000000000004,0.8660254037844384,2.0,1,4.0,1,7.0,1,1.0,1,4.285714285714286,2.984084768360622,0.0,9.0,4.357142857142857,2.5714285714285716,2.727481152850269,0.0,9.0,1.6666666666666665,1,852.56,-108.09500000000003,-0.12678873041193586,False,False,True,False,False,False,False,False,False,False,False,False,False,False,False,False,False,False,False,False,False,False,False,False,True,False,False,False,False,False,False,False,False,True,False,False
Pakistan,Smartphone 128GB,2025-11-19,Electronics,0.0,744.4649999999999,,20.0,2.0,0.0,0.0,2,19,47,11,4,323,0,0.9749279121818236,-0.22252093395631434,-0.5000000000000004,0.8660254037844384,5.0,1,0.0,1,4.0,1,0.0,1,4.428571428571429,2.992052966172376,0.0,9.0,4.214285714285714,2.7142857142857144,2.7468115233800696,0.0,9.0,1.631578947368421,0,744.4649999999999,0.0,0.0,False,False,True,False,False,False,False,False,False,False,False,False,False,False,False,False,False,False,False,False,False,False,False,False,True,False,False,False,False,False,False,False,False,True,False,False
Pakistan,Smartphone 128GB,2025-11-20,Electronics,0.0,744.4649999999999,,20.0,2.0,0.0,0.0,3,20,47,11,4,324,0,0.43388373911755823,-0.900968867902419,-0.5000000000000004,0.8660254037844384,0.0,1,9.0,1,5.0,1,0.0,1,4.428571428571429,2.992052966172376,0.0,9.0,3.9285714285714284,2.7142857142857144,2.7468115233800696,0.0,9.0,1.631578947368421,0,744.4649999999999,0.0,0.0,False,False,True,False,False,False,False,False,False,False,False,False,False,False,False,False,False,False,False,False,False,False,False,False,True,False,False,False,False,False,False,False,False,True,False,False
Pakistan,Smartphone 128GB,2025-11-21,Electronics,0.0,744.4649999999999,,20.0,2.0,0.0,0.0,4,21,47,11,4,325,0,-0.433883739117558,-0.9009688679024191,-0.5000000000000004,0.8660254037844384,0.0,1,6.0,1,7.0,1,0.0,1,3.142857142857143,2.609506430251472,0.0,6.0,3.5714285714285716,2.7142857142857144,2.7468115233800696,0.0,9.0,1.157894736842105,0,744.4649999999999,0.0,0.0,False,False,True,False,False,False,False,False,False,False,False,False,False,False,False,False,False,False,False,False,False,False,False,False,True,False,False,False,False,False,False,False,False,True,False,False
Pakistan,Smartphone 128GB,2025-11-22,Electronics,0.0,744.4649999999999,,20.0,2.0,0.0,0.0,5,22,47,11,4,326,1,-0.9749279121818236,-0.2225209339563146,-0.5000000000000004,0.8660254037844384,0.0,1,3.0,1,0.0,1,0.0,1,2.2857142857142856,2.4976179127511102,0.0,6.0,3.0714285714285716,2.7142857142857144,2.7468115233800696,0.0,9.0,0.8421052631578947,0,744.4649999999999,0.0,0.0,False,False,True,False,False,False,False,False,False,False,False,False,False,False,False,False,False,False,False,False,False,False,False,False,True,False,False,False,False,False,False,False,False,True,False,False
Pakistan,Smartphone 128GB,2025-11-23,Electronics,2.0,866.03,0.3,20.0,2.0,1.0,0.0,6,23,47,11,4,327,1,-0.7818314824680299,0.6234898018587334,-0.5000000000000004,0.8660254037844384,0.0,1,6.0,1,5.0,1,1.0,1,1.8571428571428572,2.6095064302514737,0.0,6.0,3.0714285714285716,2.7142857142857144,2.7468115233800696,0.0,9.0,0.6842105263157895,1,744.4649999999999,121.56500000000005,0.16329175985439218,False,False,True,False,False,False,False,False,False,False,False,False,False,False,False,False,False,False,False,False,False,False,False,False,True,False,False,False,False,False,False,False,False,True,False,False
Pakistan,Smartphone 128GB,2025-11-24,Electronics,5.0,1456.93,0.23,20.0,2.0,1.0,0.0,0,24,48,11,4,328,0,0.0,1.0,-0.5000000000000004,0.8660254037844384,2.0,1,2.0,1,3.0,1,0.0,1,1.2857142857142858,1.8898223650461317,0.0,5.0,2.857142857142857,2.75,2.730147194512358,0.0,9.0,0.4675324675324676,1,866.03,590.9000000000001,0.6823089269424848,False,False,True,False,False,False,False,False,False,False,False,False,False,False,False,False,False,False,False,False,False,False,False,False,True,False,False,False,False,False,False,False,False,True,False,False
Pakistan,Smartphone 128GB,2025-11-25,Electronics,0.0,1456.93,,20.0,2.0,0.0,0.0,1,25,48,11,4,329,0,0.7818314824680298,0.6234898018587336,-0.5000000000000004,0.8660254037844384,5.0,1,5.0,1,4.0,1,0.0,1,1.7142857142857142,2.3603873774083253,0.0,5.0,3.0,2.9285714285714284,2.707035708675141,0.0,9.0,0.5853658536585366,0,1456.93,0.0,0.0,False,False,True,False,False,False,False,False,False,False,False,False,False,False,False,False,False,False,False,False,False,False,False,False,True,False,False,False,False,False,False,False,False,True,False,False
