store_id,product_id,date,category,sales,price,Discount_Applied,safety_stock,lead_time_days,promotion,is_outlier,day_of_week,day_of_month,week_of_year,month,quarter,day_of_year,is_weekend,sin_day_of_week,cos_day_of_week,sin_month,cos_month,lag_1,has_lag_1,lag_7,has_lag_7,lag_14,has_lag_14,lag_28,has_lag_28,rolling_mean_7,rolling_std_7,rolling_min_7,rolling_max_7,rolling_mean_14,rolling_mean_28,rolling_std_28,rolling_min_28,rolling_max_28,trend_ratio,is_promotion,previous_price,price_change,price_change_pct,store_id_Germany,store_id_India,store_id_Pakistan,store_id_UAE,store_id_UK,store_id_USA,product_id_4K Smart TV,product_id_Air Fryer,product_id_Blender,product_id_Coffee Maker,product_id_Cotton T-Shirt,product_id_Cycling Helmet,product_id_Denim Jeans,product_id_Dumbbell Set,product_id_Face Wash,product_id_Football,product_id_Formal Shirt,product_id_Gaming Laptop,product_id_Hair Serum,product_id_Lipstick Set,product_id_Microwave Oven,product_id_Moisturizing Cream,product_id_Perfume,product_id_Running Shoes,product_id_Smartphone 128GB,product_id_Smartwatch,product_id_Tennis Racket,product_id_Vacuum Cleaner,product_id_Winter Jacket,product_id_Wireless Noise-Canceling Headphones,product_id_Yoga Mat,category_Apparel,category_Beauty,category_Electronics,category_Home & Kitchen,category_Sports
Germany,4K Smart TV,2025-05-23,Electronics,3.0,1007.075,0.08,20.0,2.0,1.0,0.0,4,23,21,5,2,143,0,-0.433883739117558,-0.9009688679024191,0.49999999999999994,-0.8660254037844387,1.0,1,1.0,1,0.0,1,0.0,1,0.42857142857142855,0.5345224838248697,0.0,1.0,0.21428571428571427,0.35714285714285715,0.7800420555749686,0.0,3.0,1.2,1,992.22,14.855000000000018,0.014971478099615023,True,False,False,False,False,False,True,False,False,False,False,False,False,False,False,False,False,False,False,False,False,False,False,False,False,False,False,False,False,False,False,False,False,True,False,False
Germany,4K Smart TV,2025-05-24,Electronics,4.0,432.795,0.15,20.0,2.0,1.0,0.0,5,24,21,5,2,144,1,-0.9749279121818236,-0.2225209339563146,0.49999999999999994,-0.8660254037844387,3.0,1,0.0,1,0.0,1,0.0,1,0.7142857142857143,1.1126972805283828,0.0,3.0,0.42857142857142855,0.4642857142857143,0.9222413461394553,0.0,3.0,1.5384615384615385,1,1007.075,-574.28,-0.5702455129955564,True,False,False,False,False,False,True,False,False,False,False,False,False,False,False,False,False,False,False,False,False,False,False,False,False,False,False,False,False,False,False,False,False,True,False,False
Germany,4K Smart TV,2025-05-25,Electronics,0.0,432.795,,20.0,2.0,0.0,0.0,6,25,21,5,2,145,1,-0.7818314824680299,0.6234898018587334,0.49999999999999994,-0.8660254037844387,4.0,1,0.0,1,0.0,1,0.0,1,1.2857142857142858,1.6035674514745517,0.0,4.0,0.7142857142857143,0.6071428571428571,1.1333099904225448,0.0,4.0,2.11764705882353,0,432.795,0.0,0.0,True,False,False,False,False,False,True,False,False,False,False,False,False,False,False,False,False,False,False,False,False,False,False,False,False,False,False,False,False,False,False,False,False,True,False,False
Germany,4K Smart TV,2025-05-26,Electronics,0.0,432.795,,20.0,2.0,0.0,0.0,0,26,22,5,2,146,0,0.0,1.0,0.49999999999999994,-0.8660254037844387,0.0,1,0.0,1,0.0,1,2.0,1,1.2857142857142858,1.6035674514745517,0.0,4.0,0.7142857142857143,0.6071428571428571,1.1333099904225448,0.0,4.0,2.11764705882353,0,432.795,0.0,0.0,True,False,False,False,False,False,True,False,False,False,False,False,False,False,False,False,False,False,False,False,False,False,False,False,False,False,False,False,False,False,False,False,False,True,False,False
Germany,4K Smart TV,2025-05-27,Electronics,0.0,432.795,,20.0,2.0,0.0,0.0,1,27,22,5,2,147,0,0.7818314824680298,0.6234898018587336,0.49999999999999994,-0.8660254037844387,0.0,1,0.0,1,0.0,1,2.0,1,1.2857142857142858,1.6035674514745517,0.0,4.0,0.7142857142857143,0.5357142857142857,1.1049431980420916,0.0,4.0,2.4000000000000004,0,432.795,0.0,0.0,True,False,False,False,False,False,True,False,False,False,False,False,False,False,False,False,False,False,False,False,False,False,False,False,False,False,False,False,False,False,False,False,False,True,False,False
Germany,4K Smart TV,2025-05-28,Electronics,0.0,432.795,,20.0,2.0,0.0,0.0,2,28,22,5,2,148,0,0.9749279121818236,-0.22252093395631434,0.49999999999999994,-0.8660254037844387,0.0,1,1.0,1,0.0,1,0.0,1,1.2857142857142858,1.6035674514745517,0.0,4.0,0.7142857142857143,0.4642857142857143,1.070899340192817,0.0,4.0,2.769230769230769,0,432.795,0.0,0.0,True,False,False,False,False,False,True,False,False,False,False,False,False,False,False,False,False,False,False,False,False,False,False,False,False,False,False,False,False,False,False,False,False,True,False,False
Germany,4K Smart TV,2025-05-29,Electronics,4.0,507.17499999999995,0.1,20.0,2.0,1.0,0.0,3,29,22,5,2,149,0,0.43388373911755823,-0.900968867902419,0.49999999999999994,-0.8660254037844387,0.0,1,1.0,1,0.0,1,0.0,1,1.1428571428571428,1.676163419695057,0.0,4.0,0.7142857142857143,0.4642857142857143,1.070899340192817,0.0,4.0,2.4615384615384612,1,432.795,74.37999999999994,0.17185965641932077,True,False,False,False,False,False,True,False,False,False,False,False,False,False,False,False,False,False,False,False,False,False,False,False,False,False,False,False,False,False,False,False,False,True,False,False
Germany,4K Smart TV,2025-05-30,Electronics,0.0,507.17499999999995,,20.0,2.0,0.0,0.0,4,30,22,5,2,150,0,-0.433883739117558,-0.9009688679024191,0.49999999999999994,-0.8660254037844387,4.0,1,3.0,1,1.0,1,0.0,1,1.5714285714285714,1.9880595947760138,0.0,4.0,1.0,0.6071428571428571,1.2572540835836823,0.0,4.0,2.588235294117647,0,507.17499999999995,0.0,0.0,True,False,False,False,False,False,True,False,False,False,False,False,False,False,False,False,False,False,False,False,False,False,False,False,False,False,False,False,False,False,False,False,False,True,False,False
Germany,4K Smart TV,2025-05-31,Electronics,0.0,507.17499999999995,,20.0,2.0,0.0,0.0,5,31,22,5,2,151,1,-0.9749279121818236,-0.2225209339563146,0.49999999999999994,-0.8660254037844387,0.0,1,4.0,1,0.0,1,0.0,1,1.1428571428571428,1.951800145897071,0.0,4.0,0.9285714285714286,0.6071428571428571,1.2572540835836823,0.0,4.0,1.8823529411764706,0,507.17499999999995,0.0,0.0,True,False,False,False,False,False,True,False,False,False,False,False,False,False,False,False,False,False,False,False,False,False,False,False,False,False,False,False,False,False,False,False,False,True,False,False
Germany,4K Smart TV,2025-06-01,Electronics,0.0,507.17499999999995,,20.0,2.0,0.0,0.0,6,1,22,6,2,152,1,-0.7818314824680299,0.6234898018587334,1.2246467991473532e-16,-1.0,0.0,1,0.0,1,0.0,1,0.0,1,0.5714285714285714,1.5118578920369157,0.0,4.0,0.9285714285714286,0.6071428571428571,1.2572540835836823,0.0,4.0,0.9411764705882353,0,507.17499999999995,0.0,0.0,True,False,False,False,False,False,True,False,False,False,False,False,False,False,False,False,False,False,False,False,False,False,False,False,False,False,False,False,False,False,False,False,False,True,False,False
Germany,4K Smart TV,2025-06-02,Electronics,0.0,507.17499999999995,,20.0,2.0,0.0,0.0,0,2,23,6,2,153,0,0.0,1.0,1.2246467991473532e-16,-1.0,0.0,1,0.0,1,0.0,1,0.0,1,0.5714285714285714,1.5118578920369157,0.0,4.0,0.9285714285714286,0.6071428571428571,1.2572540835836823,0.0,4.0,0.9411764705882353,0,507.17499999999995,0.0,0.0,True,False,False,False,False,False,True,False,False,False,False,False,False,False,False,False,False,False,False,False,False,False,False,False,False,False,False,False,False,False,False,False,False,True,False,False
Germany,4K Smart TV,2025-06-03,Electronics,0.0,507.17499999999995,,20.0,2.0,0.0,0.0,1,3,23,6,2,154,0,0.7818314824680298,0.6234898018587336,1.2246467991473532e-16,-1.0,0.0,1,0.0,1,0.0,1,0.0,1,0.5714285714285714,1.5118578920369157,0.0,4.0,0.9285714285714286,0.6071428571428571,1.2572540835836823,0.0,4.0,0.9411764705882353,0,507.17499999999995,0.0,0.0,True,False,False,False,False,False,True,False,False,False,False,False,False,False,False,False,False,False,False,False,False,False,False,False,False,False,False,False,False,False,False,False,False,True,False,False
Germany,4K Smart TV,2025-06-04,Electronics,0.0,507.17499999999995,,20.0,2.0,0.0,0.0,2,4,23,6,2,155,0,0.9749279121818236,-0.22252093395631434,1.2246467991473532e-16,-1.0,0.0,1,0.0,1,1.0,1,3.0,1,0.5714285714285714,1.5118578920369157,0.0,4.0,0.9285714285714286,0.6071428571428571,1.2572540835836823,0.0,4.0,0.9411764705882353,0,507.17499999999995,0.0,0.0,True,False,False,False,False,False,True,False,False,False,False,False,False,False,False,False,False,False,False,False,False,False,False,False,False,False,False,False,False,False,False,False,False,True,False,False
Germany,4K Smart TV,2025-06-05,Electronics,0.0,507.17499999999995,,20.0,2.0,0.0,0.0,3,5,23,6,2,156,0,0.43388373911755823,-0.900968867902419,1.2246467991473532e-16,-1.0,0.0,1,4.0,1,1.0,1,0.0,1,0.5714285714285714,1.5118578920369157,0.0,4.0,0.8571428571428571,0.5,1.1706281947614214,0.0,4.0,1.1428571428571428,0,507.17499999999995,0.0,0.0,True,False,False,False,False,False,True,False,False,False,False,False,False,False,False,False,False,False,False,False,False,False,False,False,False,False,False,False,False,False,False,False,False,True,False,False
Germany,4K Smart TV,2025-06-06,Electronics,4.0,357.915,0.07,20.0,2.0,1.0,0.0,4,6,23,6,2,157,0,-0.433883739117558,-0.9009688679024191,1.2246467991473532e-16,-1.0,0.0,1,0.0,1,3.0,1,0.0,1,0.0,0.0,0.0,0.0,0.7857142857142857,0.5,1.1706281947614214,0.0,4.0,0.0,1,507.17499999999995,-149.25999999999993,-0.29429684034110504,True,False,False,False,False,False,True,False,False,False,False,False,False,False,False,False,False,False,False,False,False,False,False,False,False,False,False,False,False,False,False,False,False,True,False,False
Germany,4K Smart TV,2025-06-07,Electronics,0.0,357.915,,20.0,2.0,0.0,0.0,5,7,23,6,2,158,1,-0.9749279121818236,-0.2225209339563146,1.2246467991473532e-16,-1.0,4.0,1,0.0,1,4.0,1,0.0,1,0.5714285714285714,1.5118578920369157,0.0,4.0,0.8571428571428571,0.6428571428571429,1.3392724867071704,0.0,4.0,0.8888888888888887,0,357.915,0.0,0.0,True,False,False,False,False,False,True,False,False,False,False,False,False,False,False,False,False,False,False,False,False,False,False,False,False,False,False,False,False,False,False,False,False,True,False,False
Germany,4K Smart TV,2025-06-08,Electronics,2.0,243.81,0.03,20.0,2.0,1.0,0.0,6,8,23,6,2,159,1,-0.7818314824680299,0.6234898018587334,1.2246467991473532e-16,-1.0,0.0,1,0.0,1,0.0,1,0.0,1,0.5714285714285714,1.5118578920369157,0.0,4.0,0.5714285714285714,0.6428571428571429,1.3392724867071704,0.0,4.0,0.8888888888888887,1,357.915,-114.10500000000002,-0.3188047441431625,True,False,False,False,False,False,True,False,False,False,False,False,False,False,False,False,False,False,False,False,False,False,False,False,False,False,False,False,False,False,False,False,False,True,False,False
Germany,4K Smart TV,2025-06-09,Electronics,0.0,243.81,,20.0,2.0,0.0,0.0,0,9,24,6,2,160,0,0.0,1.0,1.2246467991473532e-16,-1.0,2.0,1,0.0,1,0.0,1,0.0,1,0.8571428571428571,1.5735915849388926,0.0,4.0,0.7142857142857143,0.7142857142857143,1.3569339855976248,0.0,4.0,1.2,0,243.81,0.0,0.0,True,False,False,False,False,False,True,False,False,False,False,False,False,False,False,False,False,False,False,False,False,False,False,False,False,False,False,False,False,False,False,False,False,True,False,False
Germany,4K Smart TV,2025-06-10,Electronics,0.0,243.81,,20.0,2.0,0.0,0.0,1,10,24,6,2,161,0,0.7818314824680298,0.6234898018587336,1.2246467991473532e-16,-1.0,0.0,1,0.0,1,0.0,1,0.0,1,0.8571428571428571,1.5735915849388926,0.0,4.0,0.7142857142857143,0.7142857142857143,1.3569339855976248,0.0,4.0,1.2,0,243.81,0.0,0.0,True,False,False,False,False,False,True,False,False,False,False,False,False,False,False,False,False,False,False,False,False,False,False,False,False,False,False,False,False,False,False,False,False,True,False,False
Germany,4K Smart TV,2025-06-11,Electronics,0.0,243.81,,20.0,2.0,0.0,0.0,2,11,24,6,2,162,0,0.9749279121818236,-0.22252093395631434,1.2246467991473532e-16,-1.0,0.0,1,0.0,1,0.0,1,0.0,1,0.8571428571428571,1.5735915849388926,0.0,4.0,0.7142857142857143,0.7142857142857143,1.3569339855976248,0.0,4.0,1.2,0,243.81,0.0,0.0,True,False,False,False,False,False,True,False,False,False,False,False,False,False,False,False,False,False,False,False,False,False,False,False,False,False,False,False,False,False,False,False,False,True,False,False
Germany,4K Smart TV,2025-06-12,Electronics,0.0,243.81,,20.0,2.0,0.0,0.0,3,12,24,6,2,163,0,0.43388373911755823,-0.900968867902419,1.2246467991473532e-16,-1.0,0.0,1,0.0,1,4.0,1,0.0,1,0.8571428571428571,1.5735915849388926,0.0,4.0,0.7142857142857143,0.7142857142857143,1.3569339855976248,0.0,4.0,1.2,0,243.81,0.0,0.0,True,False,False,False,False,False,True,False,False,False,False,False,False,False,False,False,False,False,False,False,False,False,False,False,False,False,False,False,False,False,False,False,False,True,False,False
Germany,4K Smart TV,2025-06-13,Electronics,0.0,243.81,,20.0,2.0,0.0,0.0,4,13,24,6,2,164,0,-0.433883739117558,-0.9009688679024191,1.2246467991473532e-16,-1.0,0.0,1,4.0,1,0.0,1,1.0,1,0.8571428571428571,1.5735915849388926,0.0,4.0,0.42857142857142855,0.7142857142857143,1.3569339855976248,0.0,4.0,1.2,0,243.81,0.0,0.0,True,False,False,False,False,False,True,False,False,False,False,False,False,False,False,False,False,False,False,False,False,False,False,False,False,False,False,False,False,False,False,False,False,True,False,False
Germany,4K Smart TV,2025-06-14,Electronics,0.0,243.81,,20.0,2.0,0.0,0.0,5,14,24,6,2,165,1,-0.9749279121818236,-0.2225209339563146,1.2246467991473532e-16,-1.0,0.0,1,0.0,1,0.0,1,0.0,1,0.2857142857142857,0.7559289460184696,0.0,2.0,0.42857142857142855,0.6785714285714286,1.3622848842368178,0.0,4.0,0.42105263157894735,0,243.81,0.0,0.0,True,False,False,False,False,False,True,False,False,False,False,False,False,False,False,False,False,False,False,False,False,False,False,False,False,False,False,False,False,False,False,False,False,True,False,False
Germany,4K Smart TV,2025-06-15,Electronics,0.0,243.81,,20.0,2.0,0.0,0.0,6,15,24,6,2,166,1,-0.7818314824680299,0.6234898018587334,1.2246467991473532e-16,-1.0,0.0,1,2.0,1,0.0,1,0.0,1,0.2857142857142857,0.7559289460184696,0.0,2.0,0.42857142857142855,0.6785714285714286,1.3622848842368178,0.0,4.0,0.42105263157894735,0,243.81,0.0,0.0,True,False,False,False,False,False,True,False,False,False,False,False,False,False,False,False,False,False,False,False,False,False,False,False,False,False,False,False,False,False,False,False,False,True,False,False
Germany,4K Smart TV,2025-06-16,Electronics,0.0,243.81,,20.0,2.0,0.0,0.0,0,16,25,6,2,167,0,0.0,1.0,1.2246467991473532e-16,-1.0,0.0,1,0.0,1,0.0,1,0.0,1,0.0,0.0,0.0,0.0,0.42857142857142855,0.6785714285714286,1.3622848842368178,0.0,4.0,0.0,0,243.81,0.0,0.0,True,False,False,False,False,False,True,False,False,False,False,False,False,False,False,False,False,False,False,False,False,False,False,False,False,False,False,False,False,False,False,False,False,True,False,False
Germany,4K Smart TV,2025-06-17,Electronics,0.0,243.81,,20.0,2.0,0.0,0.0,1,17,25,6,2,168,0,0.7818314824680298,0.6234898018587336,1.2246467991473532e-16,-1.0,0.0,1,0.0,1,0.0,1,0.0,1,0.0,0.0,0.0,0.0,0.42857142857142855,0.6785714285714286,1.3622848842368178,0.0,4.0,0.0,0,243.81,0.0,0.0,True,False,False,False,False,False,True,False,False,False,False,False,False,False,False,False,False,False,False,False,False,False,False,False,False,False,False,False,False,False,False,False,False,True,False,False
Germany,4K Smart TV,2025-06-18,Electronics,0.0,243.81,,20.0,2.0,0.0,0.0,2,18,25,6,2,169,0,0.9749279121818236,-0.22252093395631434,1.2246467991473532e-16,-1.0,0.0,1,0.0,1,0.0,1,1.0,1,0.0,0.0,0.0,0.0,0.42857142857142855,0.6785714285714286,1.3622848842368178,0.0,4.0,0.0,0,243.81,0.0,0.0,True,False,False,False,False,False,True,False,False,False,False,False,False,False,False,False,False,False,False,False,False,False,False,False,False,False,False,False,False,False,False,False,False,True,False,False
Germany,4K Smart TV,2025-06-19,Electronics,3.0,663.66,0.13,20.0,2.0,1.0,0.0,3,19,25,6,2,170,0,0.43388373911755823,-0.900968867902419,1.2246467991473532e-16,-1.0,0.0,1,0.0,1,0.0,1,1.0,1,0.0,0.0,0.0,0.0,0.42857142857142855,0.6428571428571429,1.3666473091931517,0.0,4.0,0.0,1,243.81,419.84999999999997,1.7220376522702103,True,False,False,False,False,False,True,False,False,False,False,False,False,False,False,False,False,False,False,False,False,False,False,False,False,False,False,False,False,False,False,False,False,True,False,False
Germany,4K Smart TV,2025-06-20,Electronics,0.0,663.66,,20.0,2.0,0.0,0.0,4,20,25,6,2,171,0,-0.433883739117558,-0.9009688679024191,1.2246467991473532e-16,-1.0,3.0,1,0.0,1,4.0,1,3.0,1,0.42857142857142855,1.1338934190276915,0.0,3.0,0.6428571428571429,0.7142857142857143,1.4364860122855627,0.0,4.0,0.6,0,663.66,0.0,0.0,True,False,False,False,False,False,True,False,False,False,False,False,False,False,False,False,False,False,False,False,False,False,False,False,False,False,False,False,False,False,False,False,False,True,False,False
Germany,4K Smart TV,2025-06-21,Electronics,0.0,663.66,,20.0,2.0,0.0,0.0,5,21,25,6,2,172,1,-0.9749279121818236,-0.2225209339563146,1.2246467991473532e-16,-1.0,0.0,1,0.0,1,0.0,1,4.0,1,0.42857142857142855,1.1338934190276915,0.0,3.0,0.35714285714285715,0.6071428571428571,1.3700307029348435,0.0,4.0,0.7058823529411765,0,663.66,0.0,0.0,True,False,False,False,False,False,True,False,False,False,False,False,False,False,False,False,False,False,False,False,False,False,False,False,False,False,False,False,False,False,False,False,False,True,False,False
Germany,4K Smart TV,2025-06-22,Electronics,2.0,752.45,0.04,20.0,2.0,1.0,0.0,6,22,25,6,2,173,1,-0.7818314824680299,0.6234898018587334,1.2246467991473532e-16,-1.0,0.0,1,0.0,1,2.0,1,0.0,1,0.42857142857142855,1.1338934190276915,0.0,3.0,0.35714285714285715,0.4642857142857143,1.2013000012993038,0.0,4.0,0.923076923076923,1,663.66,88.79000000000008,0.13378838561914244,True,False,False,False,False,False,True,False,False,False,False,False,False,False,False,False,False,False,False,False,False,False,False,False,False,False,False,False,False,False,False,False,False,True,False,False
Germany,4K Smart TV,2025-06-23,Electronics,0.0,752.45,,20.0,2.0,0.0,0.0,0,23,26,6,2,174,0,0.0,1.0,1.2246467991473532e-16,-1.0,2.0,1,0.0,1,0.0,1,0.0,1,0.7142857142857143,1.2535663410560256,0.0,3.0,0.35714285714285715,0.5357142857142857,1.2317450089997448,0.0,4.0,1.3333333333333335,0,752.45,0.0,0.0,True,False,False,False,False,False,True,False,False,False,False,False,False,False,False,False,False,False,False,False,False,False,False,False,False,False,False,False,False,False,False,False,False,True,False,False
Germany,4K Smart TV,2025-06-24,Electronics,0.0,752.45,,20.0,2.0,0.0,0.0,1,24,26,6,2,175,0,0.7818314824680298,0.6234898018587336,1.2246467991473532e-16,-1.0,0.0,1,0.0,1,0.0,1,0.0,1,0.7142857142857143,1.2535663410560256,0.0,3.0,0.35714285714285715,0.5357142857142857,1.2317450089997448,0.0,4.0,1.3333333333333335,0,752.45,0.0,0.0,True,False,False,False,False,False,True,False,False,False,False,False,False,False,False,False,False,False,False,False,False,False,False,False,False,False,False,False,False,False,False,False,False,True,False,False
Germany,4K Smart TV,2025-06-25,Electronics,0.0,752.45,,20.0,2.0,0.0,0.0,2,25,26,6,2,176,0,0.9749279121818236,-0.22252093395631434,1.2246467991473532e-16,-1.0,0.0,1,0.0,1,0.0,1,0.0,1,0.7142857142857143,1.2535663410560256,0.0,3.0,0.35714285714285715,0.5357142857142857,1.2317450089997448,0.0,4.0,1.3333333333333335,0,752.45,0.0,0.0,True,False,False,False,False,False,True,False,False,False,False,False,False,False,False,False,False,False,False,False,False,False,False,False,False,False,False,False,False,False,False,False,False,True,False,False
Germany,4K Smart TV,2025-06-26,Electronics,0.0,752.45,,20.0,2.0,0.0,0.0,3,26,26,6,2,177,0,0.43388373911755823,-0.900968867902419,1.2246467991473532e-16,-1.0,0.0,1,3.0,1,0.0,1,4.0,1,0.7142857142857143,1.2535663410560256,0.0,3.0,0.35714285714285715,0.5357142857142857,1.2317450089997448,0.0,4.0,1.3333333333333335,0,752.45,0.0,0.0,True,False,False,False,False,False,True,False,False,False,False,False,False,False,False,False,False,False,False,False,False,False,False,False,False,False,False,False,False,False,False,False,False,True,False,False
Germany,4K Smart TV,2025-06-27,Electronics,0.0,752.45,,20.0,2.0,0.0,0.0,4,27,26,6,2,178,0,-0.433883739117558,-0.9009688679024191,1.2246467991473532e-16,-1.0,0.0,1,0.0,1,0.0,1,0.0,1,0.2857142857142857,0.7559289460184696,0.0,2.0,0.35714285714285715,0.39285714285714285,1.030615986761959,0.0,4.0,0.7272727272727273,0,752.45,0.0,0.0,True,False,False,False,False,False,True,False,False,False,False,False,False,False,False,False,False,False,False,False,False,False,False,False,False,False,False,False,False,False,False,False,False,True,False,False
Germany,4K Smart TV,2025-06-28,Electronics,0.0,752.45,,20.0,2.0,0.0,0.0,5,28,26,6,2,179,1,-0.9749279121818236,-0.2225209339563146,1.2246467991473532e-16,-1.0,0.0,1,0.0,1,0.0,1,0.0,1,0.2857142857142857,0.7559289460184696,0.0,2.0,0.35714285714285715,0.39285714285714285,1.030615986761959,0.0,4.0,0.7272727272727273,0,752.45,0.0,0.0,True,False,False,False,False,False,True,False,False,False,False,False,False,False,False,False,False,False,False,False,False,False,False,False,False,False,False,False,False,False,False,False,False,True,False,False
Germany,4K Smart TV,2025-06-29,Electronics,0.0,752.45,,20.0,2.0,0.0,0.0,6,29,26,6,2,180,1,-0.7818314824680299,0.6234898018587334,1.2246467991473532e-16,-1.0,0.0,1,2.0,1,0.0,1,0.0,1,0.2857142857142857,0.7559289460184696,0.0,2.0,0.35714285714285715,0.39285714285714285,1.030615986761959,0.0,4.0,0.7272727272727273,0,752.45,0.0,0.0,True,False,False,False,False,False,True,False,False,False,False,False,False,False,False,False,False,False,False,False,False,False,False,False,False,False,False,False,False,False,False,False,False,True,False,False
Germany,4K Smart TV,2025-06-30,Electronics,1.0,74.17,0.04,20.0,2.0,1.0,0.0,0,30,27,6,2,181,0,0.0,1.0,1.2246467991473532e-16,-1.0,0.0,1,0.0,1,0.0,1,0.0,1,0.0,0.0,0.0,0.0,0.35714285714285715,0.39285714285714285,1.030615986761959,0.0,4.0,0.0,1,752.45,-678.2800000000001,-0.9014286663565686,True,False,False,False,False,False,True,False,False,False,False,False,False,False,False,False,False,False,False,False,False,False,False,False,False,False,False,False,False,False,False,False,False,True,False,False
Germany,4K Smart TV,2025-07-01,Electronics,0.0,74.17,,20.0,2.0,0.0,0.0,1,1,27,7,3,182,0,0.7818314824680298,0.6234898018587336,-0.4999999999999997,-0.8660254037844388,1.0,1,0.0,1,0.0,1,0.0,1,0.14285714285714285,0.3779644730092584,0.0,1.0,0.42857142857142855,0.42857142857142855,1.0338196500275485,0.0,4.0,0.3333333333333333,0,74.17,0.0,0.0,True,False,False,False,False,False,True,False,False,False,False,False,False,False,False,False,False,False,False,False,False,False,False,False,False,False,False,False,False,False,False,False,False,True,False,False
Germany,4K Smart TV,2025-07-02,Electronics,0.0,74.17,,20.0,2.0,0.0,0.0,2,2,27,7,3,183,0,0.9749279121818236,-0.22252093395631434,-0.4999999999999997,-0.8660254037844388,0.0,1,0.0,1,0.0,1,0.0,1,0.14285714285714285,0.3779644730092584,0.0,1.0,0.42857142857142855,0.42857142857142855,1.0338196500275485,0.0,4.0,0.3333333333333333,0,74.17,0.0,0.0,True,False,False,False,False,False,True,False,False,False,False,False,False,False,False,False,False,False,False,False,False,False,False,False,False,False,False,False,False,False,False,False,False,True,False,False
Germany,4K Smart TV,2025-07-03,Electronics,2.0,1363.8,0.1,20.0,2.0,1.0,0.0,3,3,27,7,3,184,0,0.43388373911755823,-0.900968867902419,-0.4999999999999997,-0.8660254037844388,0.0,1,0.0,1,3.0,1,0.0,1,0.14285714285714285,0.3779644730092584,0.0,1.0,0.42857142857142855,0.42857142857142855,1.0338196500275485,0.0,4.0,0.3333333333333333,1,74.17,1289.6299999999999,17.3874882027774,True,False,False,False,False,False,True,False,False,False,False,False,False,False,False,False,False,False,False,False,False,False,False,False,False,False,False,False,False,False,False,False,False,True,False,False
Germany,4K Smart TV,2025-07-04,Electronics,1.0,1234.02,0.1,20.0,2.0,1.0,0.0,4,4,27,7,3,185,0,-0.433883739117558,-0.9009688679024191,-0.4999999999999997,-0.8660254037844388,2.0,1,0.0,1,0.0,1,4.0,1,0.42857142857142855,0.7867957924694571,0.0,2.0,0.35714285714285715,0.5,1.071516751221446,0.0,4.0,0.8571428571428571,1,1363.8,-129.77999999999997,-0.09516058073031235,True,False,False,False,False,False,True,False,False,False,False,False,False,False,False,False,False,False,False,False,False,False,False,False,False,False,False,False,False,False,False,False,False,True,False,False
Germany,4K Smart TV,2025-07-05,Electronics,0.0,1234.02,,20.0,2.0,0.0,0.0,5,5,27,7,3,186,1,-0.9749279121818236,-0.2225209339563146,-0.4999999999999997,-0.8660254037844388,1.0,1,0.0,1,0.0,1,0.0,1,0.5714285714285714,0.7867957924694565,0.0,2.0,0.42857142857142855,0.39285714285714285,0.8317445171439101,0.0,3.0,1.4545454545454546,0,1234.02,0.0,0.0,True,False,False,False,False,False,True,False,False,False,False,False,False,False,False,False,False,False,False,False,False,False,False,False,False,False,False,False,False,False,False,False,False,True,False,False
Germany,4K Smart TV,2025-07-06,Electronics,3.0,293.71,0.05,20.0,2.0,1.0,0.0,6,6,27,7,3,187,1,-0.7818314824680299,0.6234898018587334,-0.4999999999999997,-0.8660254037844388,0.0,1,0.0,1,2.0,1,2.0,1,0.5714285714285714,0.7867957924694565,0.0,2.0,0.42857142857142855,0.39285714285714285,0.8317445171439101,0.0,3.0,1.4545454545454546,1,1234.02,-940.31,-0.7619892708383981,True,False,False,False,False,False,True,False,False,False,False,False,False,False,False,False,False,False,False,False,False,False,False,False,False,False,False,False,False,False,False,False,False,True,False,False
Germany,4K Smart TV,2025-07-07,Electronics,0.0,293.71,,20.0,2.0,0.0,0.0,0,7,28,7,3,188,0,0.0,1.0,-0.4999999999999997,-0.8660254037844388,3.0,1,1.0,1,0.0,1,0.0,1,1.0,1.1547005383792597,0.0,3.0,0.5,0.42857142857142855,0.9200874124564801,0.0,3.0,2.3333333333333335,0,293.71,0.0,0.0,True,False,False,False,False,False,True,False,False,False,False,False,False,False,False,False,False,False,False,False,False,False,False,False,False,False,False,False,False,False,False,False,False,True,False,False
Germany,4K Smart TV,2025-07-08,Electronics,0.0,293.71,,20.0,2.0,0.0,0.0,1,8,28,7,3,189,0,0.7818314824680298,0.6234898018587336,-0.4999999999999997,-0.8660254037844388,0.0,1,0.0,1,0.0,1,0.0,1,0.8571428571428571,1.21498579258792,0.0,3.0,0.5,0.42857142857142855,0.9200874124564801,0.0,3.0,2.0,0,293.71,0.0,0.0,True,False,False,False,False,False,True,False,False,False,False,False,False,False,False,False,False,False,False,False,False,False,False,False,False,False,False,False,False,False,False,False,False,True,False,False
Germany,4K Smart TV,2025-07-09,Electronics,0.0,293.71,,20.0,2.0,0.0,0.0,2,9,28,7,3,190,0,0.9749279121818236,-0.22252093395631434,-0.4999999999999997,-0.8660254037844388,0.0,1,0.0,1,0.0,1,0.0,1,0.8571428571428571,1.21498579258792,0.0,3.0,0.5,0.42857142857142855,0.9200874124564801,0.0,3.0,2.0,0,293.71,0.0,0.0,True,False,False,False,False,False,True,False,False,False,False,False,False,False,False,False,False,False,False,False,False,False,False,False,False,False,False,False,False,False,False,False,False,True,False,False
Germany,4K Smart TV,2025-07-10,Electronics,3.0,440.735,0.02,20.0,2.0,1.0,0.0,3,10,28,7,3,191,0,0.43388373911755823,-0.900968867902419,-0.4999999999999997,-0.8660254037844388,0.0,1,2.0,1,0.0,1,0.0,1,0.8571428571428571,1.21498579258792,0.0,3.0,0.5,0.42857142857142855,0.9200874124564801,0.0,3.0,2.0,1,293.71,147.02500000000003,0.5005788022198769,True,False,False,False,False,False,True,False,False,False,False,False,False,False,False,False,False,False,False,False,False,False,False,False,False,False,False,False,False,False,False,False,False,True,False,False
Germany,4K Smart TV,2025-07-11,Electronics,3.0,1454.83,0.08,20.0,2.0,1.0,0.0,4,11,28,7,3,192,0,-0.433883739117558,-0.9009688679024191,-0.4999999999999997,-0.8660254037844388,3.0,1,1.0,1,0.0,1,0.0,1,1.0,1.4142135623731018,0.0,3.0,0.7142857142857143,0.5357142857142857,1.0357370915204964,0.0,3.0,1.8666666666666667,1,440.735,1014.0949999999999,2.3009177850635867,True,False,False,False,False,False,True,False,False,False,False,False,False,False,False,False,False,False,False,False,False,False,False,False,False,False,False,False,False,False,False,False,False,True,False,False
Germany,4K Smart TV,2025-07-12,Electronics,1.0,125.36,0.05,20.0,2.0,1.0,0.0,5,12,28,7,3,193,1,-0.9749279121818236,-0.2225209339563146,-0.4999999999999997,-0.8660254037844388,3.0,1,0.0,1,0.0,1,0.0,1,1.2857142857142858,1.6035674514745517,0.0,3.0,0.9285714285714286,0.6428571428571429,1.1292175499576198,0.0,3.0,2.0,1,1454.83,-1329.47,-0.9138318566430442,True,False,False,False,False,False,True,False,False,False,False,False,False,False,False,False,False,False,False,False,False,False,False,False,False,False,False,False,False,False,False,False,False,True,False,False
Germany,4K Smart TV,2025-07-13,Electronics,0.0,125.36,,20.0,2.0,0.0,0.0,6,13,28,7,3,194,1,-0.7818314824680299,0.6234898018587334,-0.4999999999999997,-0.8660254037844388,1.0,1,3.0,1,0.0,1,0.0,1,1.4285714285714286,1.5118578920369143,0.0,3.0,1.0,0.6785714285714286,1.12393394522433,0.0,3.0,2.1052631578947367,0,125.36,0.0,0.0,True,False,False,False,False,False,True,False,False,False,False,False,False,False,False,False,False,False,False,False,False,False,False,False,False,False,False,False,False,False,False,False,False,True,False,False
Germany,4K Smart TV,2025-07-14,Electronics,0.0,125.36,,20.0,2.0,0.0,0.0,0,14,29,7,3,195,0,0.0,1.0,-0.4999999999999997,-0.8660254037844388,0.0,1,0.0,1,1.0,1,0.0,1,1.0,1.4142135623731018,0.0,3.0,1.0,0.6785714285714286,1.12393394522433,0.0,3.0,1.4736842105263157,0,125.36,0.0,0.0,True,False,False,False,False,False,True,False,False,False,False,False,False,False,False,False,False,False,False,False,False,False,False,False,False,False,False,False,False,False,False,False,False,True,False,False
Germany,4K Smart TV,2025-07-15,Electronics,0.0,125.36,,20.0,2.0,0.0,0.0,1,15,29,7,3,196,0,0.7818314824680298,0.6234898018587336,-0.4999999999999997,-0.8660254037844388,0.0,1,0.0,1,0.0,1,0.0,1,1.0,1.4142135623731018,0.0,3.0,0.9285714285714286,0.6785714285714286,1.12393394522433,0.0,3.0,1.4736842105263157,0,125.36,0.0,0.0,True,False,False,False,False,False,True,False,False,False,False,False,False,False,False,False,False,False,False,False,False,False,False,False,False,False,False,False,False,False,False,False,False,True,False,False
Germany,4K Smart TV,2025-07-16,Electronics,0.0,125.36,,20.0,2.0,0.0,0.0,2,16,29,7,3,197,0,0.9749279121818236,-0.22252093395631434,-0.4999999999999997,-0.8660254037844388,0.0,1,0.0,1,0.0,1,0.0,1,1.0,1.4142135623731018,0.0,3.0,0.9285714285714286,0.6785714285714286,1.12393394522433,0.0,3.0,1.4736842105263157,0,125.36,0.0,0.0,True,False,False,False,False,False,True,False,False,False,False,False,False,False,False,False,False,False,False,False,False,False,False,False,False,False,False,False,False,False,False,False,False,True,False,False
Germany,4K Smart TV,2025-07-17,Electronics,4.0,443.72,0.11,20.0,2.0,1.0,0.0,3,17,29,7,3,198,0,0.43388373911755823,-0.900968867902419,-0.4999999999999997,-0.8660254037844388,0.0,1,3.0,1,2.0,1,3.0,1,1.0,1.4142135623731018,0.0,3.0,0.9285714285714286,0.6785714285714286,1.12393394522433,0.0,3.0,1.4736842105263157,1,125.36,318.36,2.5395660497766435,True,False,False,False,False,False,True,False,False,False,False,False,False,False,False,False,False,False,False,False,False,False,False,False,False,False,False,False,False,False,False,False,False,True,False,False
Germany,4K Smart TV,2025-07-18,Electronics,0.0,443.72,,20.0,2.0,0.0,0.0,4,18,29,7,3,199,0,-0.433883739117558,-0.9009688679024191,-0.4999999999999997,-0.8660254037844388,4.0,1,3.0,1,1.0,1,0.0,1,1.1428571428571428,1.676163419695057,0.0,4.0,1.0714285714285714,0.7142857142857143,1.2128064441202004,0.0,4.0,1.5999999999999999,0,443.72,0.0,0.0,True,False,False,False,False,False,True,False,False,False,False,False,False,False,False,False,False,False,False,False,False,False,False,False,False,False,False,False,False,False,False,False,False,True,False,False
Germany,4K Smart TV,2025-07-19,Electronics,1.0,477.34,0.1,20.0,2.0,1.0,0.0,5,19,29,7,3,200,1,-0.9749279121818236,-0.2225209339563146,-0.4999999999999997,-0.8660254037844388,0.0,1,1.0,1,0.0,1,0.0,1,0.7142857142857143,1.4960264830861982,0.0,4.0,1.0,0.7142857142857143,1.2128064441202004,0.0,4.0,1.0,1,443.72,33.61999999999995,0.07576850265933459,True,False,False,False,False,False,True,False,False,False,False,False,False,False,False,False,False,False,False,False,False,False,False,False,False,False,False,False,False,False,False,False,False,True,False,False
Germany,4K Smart TV,2025-07-20,Electronics,0.0,477.34,,20.0,2.0,0.0,0.0,6,20,29,7,3,201,1,-0.7818314824680299,0.6234898018587334,-0.4999999999999997,-0.8660254037844388,1.0,1,0.0,1,3.0,1,2.0,1,0.7142857142857143,1.4960264830861982,0.0,4.0,1.0714285714285714,0.75,1.205696356345045,0.0,4.0,0.9523809523809524,0,477.34,0.0,0.0,True,False,False,False,False,False,True,False,False,False,False,False,False,False,False,False,False,False,False,False,False,False,False,False,False,False,False,False,False,False,False,False,False,True,False,False
Germany,4K Smart TV,2025-07-21,Electronics,1.0,1448.76,0.04,20.0,2.0,1.0,0.0,0,21,30,7,3,202,0,0.0,1.0,-0.4999999999999997,-0.8660254037844388,0.0,1,0.0,1,0.0,1,0.0,1,0.7142857142857143,1.4960264830861982,0.0,4.0,0.8571428571428571,0.6785714285714286,1.1880133254200793,0.0,4.0,1.0526315789473684,1,477.34,971.4200000000001,2.0350693426069473,True,False,False,False,False,False,True,False,False,False,False,False,False,False,False,False,False,False,False,False,False,False,False,False,False,False,False,False,False,False,False,False,False,True,False,False
Germany,4K Smart TV,2025-07-22,Electronics,0.0,1448.76,,20.0,2.0,0.0,0.0,1,22,30,7,3,203,0,0.7818314824680298,0.6234898018587336,-0.4999999999999997,-0.8660254037844388,1.0,1,0.0,1,0.0,1,0.0,1,0.8571428571428571,1.4638501094228067,0.0,4.0,0.9285714285714286,0.7142857142857143,1.1818736805705636,0.0,4.0,1.2,0,1448.76,0.0,0.0,True,False,False,False,False,False,True,False,False,False,False,False,False,False,False,False,False,False,False,False,False,False,False,False,False,False,False,False,False,False,False,False,False,True,False,False
Germany,4K Smart TV,2025-07-23,Electronics,0.0,1448.76,,20.0,2.0,0.0,0.0,2,23,30,7,3,204,0,0.9749279121818236,-0.22252093395631434,-0.4999999999999997,-0.8660254037844388,0.0,1,0.0,1,0.0,1,0.0,1,0.8571428571428571,1.463850109422807,0.0,4.0,0.9285714285714286,0.7142857142857143,1.1818736805705636,0.0,4.0,1.2,0,1448.76,0.0,0.0,True,False,False,False,False,False,True,False,False,False,False,False,False,False,False,False,False,False,False,False,False,False,False,False,False,False,False,False,False,False,False,False,False,True,False,False
Germany,4K Smart TV,2025-07-24,Electronics,0.0,1448.76,,20.0,2.0,0.0,0.0,3,24,30,7,3,205,0,0.43388373911755823,-0.900968867902419,-0.4999999999999997,-0.8660254037844388,0.0,1,4.0,1,3.0,1,0.0,1,0.8571428571428571,1.463850109422807,0.0,4.0,0.9285714285714286,0.7142857142857143,1.1818736805705636,0.0,4.0,1.2,0,1448.76,0.0,0.0,True,False,False,False,False,False,True,False,False,False,False,False,False,False,False,False,False,False,False,False,False,False,False,False,False,False,False,False,False,False,False,False,False,True,False,False
Germany,4K Smart TV,2025-07-25,Electronics,0.0,1448.76,,20.0,2.0,0.0,0.0,4,25,30,7,3,206,0,-0.433883739117558,-0.9009688679024191,-0.4999999999999997,-0.8660254037844388,0.0,1,0.0,1,3.0,1,0.0,1,0.2857142857142857,0.48795003647429125,0.0,1.0,0.7142857142857143,0.7142857142857143,1.1818736805705636,0.0,4.0,0.39999999999999997,0,1448.76,0.0,0.0,True,False,False,False,False,False,True,False,False,False,False,False,False,False,False,False,False,False,False,False,False,False,False,False,False,False,False,False,False,False,False,False,False,True,False,False
Germany,4K Smart TV,2025-07-26,Electronics,2.0,1363.3,0.01,20.0,2.0,1.0,0.0,5,26,30,7,3,207,1,-0.9749279121818236,-0.2225209339563146,-0.4999999999999997,-0.8660254037844388,0.0,1,1.0,1,1.0,1,0.0,1,0.2857142857142857,0.48795003647429125,0.0,1.0,0.5,0.7142857142857143,1.1818736805705636,0.0,4.0,0.39999999999999997,1,1448.76,-85.46000000000004,-0.05898837626660043,True,False,False,False,False,False,True,False,False,False,False,False,False,False,False,False,False,False,False,False,False,False,False,False,False,False,False,False,False,False,False,False,False,True,False,False
Germany,4K Smart TV,2025-07-27,Electronics,2.0,1227.22,0.15,20.0,2.0,1.0,0.0,6,27,30,7,3,208,1,-0.7818314824680299,0.6234898018587334,-0.4999999999999997,-0.8660254037844388,2.0,1,0.0,1,0.0,1,0.0,1,0.42857142857142855,0.7867957924694579,0.0,2.0,0.5714285714285714,0.7857142857142857,1.197439950002691,0.0,4.0,0.5454545454545454,1,1363.3,-136.07999999999993,-0.09981662143328683,True,False,False,False,False,False,True,False,False,False,False,False,False,False,False,False,False,False,False,False,False,False,False,False,False,False,False,False,False,False,False,False,False,True,False,False
Germany,4K Smart TV,2025-07-28,Electronics,0.0,1227.22,,20.0,2.0,0.0,0.0,0,28,31,7,3,209,0,0.0,1.0,-0.4999999999999997,-0.8660254037844388,2.0,1,1.0,1,0.0,1,1.0,1,0.7142857142857143,0.9511897312113532,0.0,2.0,0.7142857142857143,0.8571428571428571,1.2084359562332934,0.0,4.0,0.8333333333333334,0,1227.22,0.0,0.0,True,False,False,False,False,False,True,False,False,False,False,False,False,False,False,False,False,False,False,False,False,False,False,False,False,False,False,False,False,False,False,False,False,True,False,False
Germany,4K Smart TV,2025-07-29,Electronics,0.0,1227.22,,20.0,2.0,0.0,0.0,1,29,31,7,3,210,0,0.7818314824680298,0.6234898018587336,-0.4999999999999997,-0.8660254037844388,0.0,1,0.0,1,0.0,1,0.0,1,0.5714285714285714,0.9759000729485446,0.0,2.0,0.7142857142857143,0.8214285714285714,1.2187902754164677,0.0,4.0,0.6956521739130435,0,1227.22,0.0,0.0,True,False,False,False,False,False,True,False,False,False,False,False,False,False,False,False,False,False,False,False,False,False,False,False,False,False,False,False,False,False,False,False,False,True,False,False
Germany,4K Smart TV,2025-07-30,Electronics,0.0,1227.22,,20.0,2.0,0.0,0.0,2,30,31,7,3,211,0,0.9749279121818236,-0.22252093395631434,-0.4999999999999997,-0.8660254037844388,0.0,1,0.0,1,0.0,1,0.0,1,0.5714285714285714,0.9759000729485446,0.0,2.0,0.7142857142857143,0.8214285714285714,1.2187902754164677,0.0,4.0,0.6956521739130435,0,1227.22,0.0,0.0,True,False,False,False,False,False,True,False,False,False,False,False,False,False,False,False,False,False,False,False,False,False,False,False,False,False,False,False,False,False,False,False,False,True,False,False
Germany,4K Smart TV,2025-07-31,Electronics,1.0,506.25,0.09,20.0,2.0,1.0,0.0,3,31,31,7,3,212,0,0.43388373911755823,-0.900968867902419,-0.4999999999999997,-0.8660254037844388,0.0,1,0.0,1,4.0,1,2.0,1,0.5714285714285714,0.9759000729485446,0.0,2.0,0.7142857142857143,0.8214285714285714,1.2187902754164677,0.0,4.0,0.6956521739130435,1,1227.22,-720.97,-0.5874822770163459,True,False,False,False,False,False,True,False,False,False,False,False,False,False,False,False,False,False,False,False,False,False,False,False,False,False,False,False,False,False,False,False,False,True,False,False
Germany,4K Smart TV,2025-08-01,Electronics,0.0,506.25,,20.0,2.0,0.0,0.0,4,1,31,8,3,213,0,-0.433883739117558,-0.9009688679024191,-0.8660254037844385,-0.5000000000000004,1.0,1,0.0,1,0.0,1,1.0,1,0.7142857142857143,0.9511897312113532,0.0,2.0,0.5,0.7857142857142857,1.1974399500026913,0.0,4.0,0.9090909090909092,0,506.25,0.0,0.0,True,False,False,False,False,False,True,False,False,False,False,False,False,False,False,False,False,False,False,False,False,False,False,False,False,False,False,False,False,False,False,False,False,True,False,False
Germany,4K Smart TV,2025-08-02,Electronics,3.0,466.08,0.01,20.0,2.0,1.0,0.0,5,2,31,8,3,214,1,-0.9749279121818236,-0.2225209339563146,-0.8660254037844385,-0.5000000000000004,0.0,1,2.0,1,1.0,1,0.0,1,0.7142857142857143,0.9511897312113532,0.0,2.0,0.5,0.75,1.205696356345045,0.0,4.0,0.9523809523809524,1,506.25,-40.170000000000016,-0.07934814814814818,True,False,False,False,False,False,True,False,False,False,False,False,False,False,False,False,False,False,False,False,False,False,False,False,False,False,False,False,False,False,False,False,False,True,False,False
Germany,4K Smart TV,2025-08-03,Electronics,0.0,466.08,,20.0,2.0,0.0,0.0,6,3,31,8,3,215,1,-0.7818314824680299,0.6234898018587334,-0.8660254037844385,-0.5000000000000004,3.0,1,2.0,1,0.0,1,3.0,1,0.8571428571428571,1.2149857925879204,0.0,3.0,0.6428571428571429,0.8571428571428571,1.2682529749484612,0.0,4.0,1.0,0,466.08,0.0,0.0,True,False,False,False,False,False,True,False,False,False,False,False,False,False,False,False,False,False,False,False,False,False,False,False,False,False,False,False,False,False,False,False,False,True,False,False
Germany,4K Smart TV,2025-08-04,Electronics,0.0,466.08,,20.0,2.0,0.0,0.0,0,4,32,8,3,216,0,0.0,1.0,-0.8660254037844385,-0.5000000000000004,0.0,1,0.0,1,1.0,1,0.0,1,0.5714285714285714,1.1338934190276917,0.0,3.0,0.6428571428571429,0.75,1.205696356345045,0.0,4.0,0.7619047619047619,0,466.08,0.0,0.0,True,False,False,False,False,False,True,False,False,False,False,False,False,False,False,False,False,False,False,False,False,False,False,False,False,False,False,False,False,False,False,False,False,True,False,False
Germany,4K Smart TV,2025-08-05,Electronics,0.0,466.08,,20.0,2.0,0.0,0.0,1,5,32,8,3,217,0,0.7818314824680298,0.6234898018587336,-0.8660254037844385,-0.5000000000000004,0.0,1,0.0,1,0.0,1,0.0,1,0.5714285714285714,1.1338934190276917,0.0,3.0,0.5714285714285714,0.75,1.205696356345045,0.0,4.0,0.7619047619047619,0,466.08,0.0,0.0,True,False,False,False,False,False,True,False,False,False,False,False,False,False,False,False,False,False,False,False,False,False,False,False,False,False,False,False,False,False,False,False,False,True,False,False
Germany,4K Smart TV,2025-08-06,Electronics,1.0,730.68,0.04,20.0,2.0,1.0,0.0,2,6,32,8,3,218,0,0.9749279121818236,-0.22252093395631434,-0.8660254037844385,-0.5000000000000004,0.0,1,0.0,1,0.0,1,0.0,1,0.5714285714285714,1.1338934190276917,0.0,3.0,0.5714285714285714,0.75,1.205696356345045,0.0,4.0,0.7619047619047619,1,466.08,264.59999999999997,0.5677136972193614,True,False,False,False,False,False,True,False,False,False,False,False,False,False,False,False,False,False,False,False,False,False,False,False,False,False,False,False,False,False,False,False,False,True,False,False
Germany,4K Smart TV,2025-08-07,Electronics,0.0,730.68,,20.0,2.0,0.0,0.0,3,7,32,8,3,219,0,0.43388373911755823,-0.900968867902419,-0.8660254037844385,-0.5000000000000004,1.0,1,1.0,1,0.0,1,3.0,1,0.7142857142857143,1.1126972805283835,0.0,3.0,0.6428571428571429,0.7857142857142857,1.1974399500026913,0.0,4.0,0.9090909090909092,0,730.68,0.0,0.0,True,False,False,False,False,False,True,False,False,False,False,False,False,False,False,False,False,False,False,False,False,False,False,False,False,False,False,False,False,False,False,False,False,True,False,False
Germany,4K Smart TV,2025-08-08,Electronics,0.0,730.68,,20.0,2.0,0.0,0.0,4,8,32,8,3,220,0,-0.433883739117558,-0.9009688679024191,-0.8660254037844385,-0.5000000000000004,0.0,1,0.0,1,0.0,1,3.0,1,0.5714285714285714,1.1338934190276917,0.0,3.0,0.6428571428571429,0.6785714285714286,1.12393394522433,0.0,4.0,0.8421052631578947,0,730.68,0.0,0.0,True,False,False,False,False,False,True,False,False,False,False,False,False,False,False,False,False,False,False,False,False,False,False,False,False,False,False,False,False,False,False,False,False,True,False,False
Germany,4K Smart TV,2025-08-09,Electronics,0.0,730.68,,20.0,2.0,0.0,0.0,5,9,32,8,3,221,1,-0.9749279121818236,-0.2225209339563146,-0.8660254037844385,-0.5000000000000004,0.0,1,3.0,1,2.0,1,1.0,1,0.5714285714285714,1.1338934190276917,0.0,3.0,0.6428571428571429,0.5714285714285714,1.0338196500275483,0.0,4.0,1.0,0,730.68,0.0,0.0,True,False,False,False,False,False,True,False,False,False,False,False,False,False,False,False,False,False,False,False,False,False,False,False,False,False,False,False,False,False,False,False,False,True,False,False
Germany,4K Smart TV,2025-08-10,Electronics,2.0,79.37,0.13,20.0,2.0,1.0,0.0,6,10,32,8,3,222,1,-0.7818314824680299,0.6234898018587334,-0.8660254037844385,-0.5000000000000004,0.0,1,0.0,1,2.0,1,0.0,1,0.14285714285714285,0.3779644730092606,0.0,1.0,0.5,0.5357142857142857,1.0357370915204962,0.0,4.0,0.26666666666666666,1,730.68,-651.31,-0.891375157387639,True,False,False,False,False,False,True,False,False,False,False,False,False,False,False,False,False,False,False,False,False,False,False,False,False,False,False,False,False,False,False,False,False,True,False,False
Germany,4K Smart TV,2025-08-11,Electronics,0.0,79.37,,20.0,2.0,0.0,0.0,0,11,33,8,3,223,0,0.0,1.0,-0.8660254037844385,-0.5000000000000004,2.0,1,0.0,1,0.0,1,0.0,1,0.42857142857142855,0.7867957924694581,0.0,2.0,0.5,0.6071428571428571,1.065947177979941,0.0,4.0,0.7058823529411765,0,79.37,0.0,0.0,True,False,False,False,False,False,True,False,False,False,False,False,False,False,False,False,False,False,False,False,False,False,False,False,False,False,False,False,False,False,False,False,False,True,False,False
Germany,4K Smart TV,2025-08-12,Electronics,0.0,79.37,,20.0,2.0,0.0,0.0,1,12,33,8,3,224,0,0.7818314824680298,0.6234898018587336,-0.8660254037844385,-0.5000000000000004,0.0,1,0.0,1,0.0,1,0.0,1,0.42857142857142855,0.7867957924694581,0.0,2.0,0.5,0.6071428571428571,1.065947177979941,0.0,4.0,0.7058823529411765,0,79.37,0.0,0.0,True,False,False,False,False,False,True,False,False,False,False,False,False,False,False,False,False,False,False,False,False,False,False,False,False,False,False,False,False,False,False,False,False,True,False,False
Germany,4K Smart TV,2025-08-13,Electronics,3.0,518.43,0.01,20.0,2.0,1.0,0.0,2,13,33,8,3,225,0,0.9749279121818236,-0.22252093395631434,-0.8660254037844385,-0.5000000000000004,0.0,1,1.0,1,0.0,1,0.0,1,0.42857142857142855,0.7867957924694581,0.0,2.0,0.5,0.6071428571428571,1.065947177979941,0.0,4.0,0.7058823529411765,1,79.37,439.05999999999995,5.531813027592288,True,False,False,False,False,False,True,False,False,False,False,False,False,False,False,False,False,False,False,False,False,False,False,False,False,False,False,False,False,False,False,False,False,True,False,False
Germany,4K Smart TV,2025-08-14,Electronics,0.0,518.43,,20.0,2.0,0.0,0.0,3,14,33,8,3,226,0,0.43388373911755823,-0.900968867902419,-0.8660254037844385,-0.5000000000000004,3.0,1,0.0,1,1.0,1,4.0,1,0.7142857142857143,1.2535663410560263,0.0,3.0,0.7142857142857143,0.7142857142857143,1.1501092655705965,0.0,4.0,1.0,0,518.43,0.0,0.0,True,False,False,False,False,False,True,False,False,False,False,False,False,False,False,False,False,False,False,False,False,False,False,False,False,False,False,False,False,False,False,False,False,True,False,False
Germany,4K Smart TV,2025-08-15,Electronics,3.0,246.13,0.06,20.0,2.0,1.0,0.0,4,15,33,8,3,227,0,-0.433883739117558,-0.9009688679024191,-0.8660254037844385,-0.5000000000000004,0.0,1,0.0,1,0.0,1,0.0,1,0.7142857142857143,1.253566341056026,0.0,3.0,0.6428571428571429,0.5714285714285714,0.9594972228385732,0.0,3.0,1.25,1,518.43,-272.29999999999995,-0.5252396659143953,True,False,False,False,False,False,True,False,False,False,False,False,False,False,False,False,False,False,False,False,False,False,False,False,False,False,False,False,False,False,False,False,False,True,False,False
Germany,4K Smart TV,2025-08-16,Electronics,2.0,411.47,0.12,20.0,2.0,1.0,0.0,5,16,33,8,3,228,1,-0.9749279121818236,-0.2225209339563146,-0.8660254037844385,-0.5000000000000004,3.0,1,0.0,1,3.0,1,1.0,1,1.1428571428571428,1.4638501094228065,0.0,3.0,0.8571428571428571,0.6785714285714286,1.055973183882706,0.0,3.0,1.6842105263157894,1,246.13,165.34000000000003,0.6717588266363306,True,False,False,False,False,False,True,False,False,False,False,False,False,False,False,False,False,False,False,False,False,False,False,False,False,False,False,False,False,False,False,False,False,True,False,False
Germany,4K Smart TV,2025-08-17,Electronics,0.0,411.47,,20.0,2.0,0.0,0.0,6,17,33,8,3,229,1,-0.7818314824680299,0.6234898018587334,-0.8660254037844385,-0.5000000000000004,2.0,1,2.0,1,0.0,1,0.0,1,1.4285714285714286,1.3972762620115502,0.0,3.0,0.7857142857142857,0.7142857142857143,1.0837911120705819,0.0,3.0,2.0,0,411.47,0.0,0.0,True,False,False,False,False,False,True,False,False,False,False,False,False,False,False,False,False,False,False,False,False,False,False,False,False,False,False,False,False,False,False,False,False,True,False,False
Germany,4K Smart TV,2025-08-18,Electronics,0.0,411.47,,20.0,2.0,0.0,0.0,0,18,34,8,3,230,0,0.0,1.0,-0.8660254037844385,-0.5000000000000004,0.0,1,0.0,1,0.0,1,1.0,1,1.1428571428571428,1.4638501094228065,0.0,3.0,0.7857142857142857,0.7142857142857143,1.0837911120705819,0.0,3.0,1.5999999999999999,0,411.47,0.0,0.0,True,False,False,False,False,False,True,False,False,False,False,False,False,False,False,False,False,False,False,False,False,False,False,False,False,False,False,False,False,False,False,False,False,True,False,False
Germany,4K Smart TV,2025-08-19,Electronics,0.0,411.47,,20.0,2.0,0.0,0.0,1,19,34,8,3,231,0,0.7818314824680298,0.6234898018587336,-0.8660254037844385,-0.5000000000000004,0.0,1,0.0,1,0.0,1,0.0,1,1.1428571428571428,1.4638501094228065,0.0,3.0,0.7857142857142857,0.6785714285714286,1.0904831219021471,0.0,3.0,1.6842105263157894,0,411.47,0.0,0.0,True,False,False,False,False,False,True,False,False,False,False,False,False,False,False,False,False,False,False,False,False,False,False,False,False,False,False,False,False,False,False,False,False,True,False,False
Germany,4K Smart TV,2025-08-20,Electronics,0.0,411.47,,20.0,2.0,0.0,0.0,2,20,34,8,3,232,0,0.9749279121818236,-0.22252093395631434,-0.8660254037844385,-0.5000000000000004,0.0,1,3.0,1,1.0,1,0.0,1,1.1428571428571428,1.4638501094228065,0.0,3.0,0.7857142857142857,0.6785714285714286,1.0904831219021471,0.0,3.0,1.6842105263157894,0,411.47,0.0,0.0,True,False,False,False,False,False,True,False,False,False,False,False,False,False,False,False,False,False,False,False,False,False,False,False,False,False,False,False,False,False,False,False,False,True,False,False
Germany,4K Smart TV,2025-08-21,Electronics,0.0,411.47,,20.0,2.0,0.0,0.0,3,21,34,8,3,233,0,0.43388373911755823,-0.900968867902419,-0.8660254037844385,-0.5000000000000004,0.0,1,0.0,1,0.0,1,0.0,1,0.7142857142857143,1.253566341056026,0.0,3.0,0.7142857142857143,0.6785714285714286,1.0904831219021471,0.0,3.0,1.0526315789473684,0,411.47,0.0,0.0,True,False,False,False,False,False,True,False,False,False,False,False,False,False,False,False,False,False,False,False,False,False,False,False,False,False,False,False,False,False,False,False,False,True,False,False
Germany,4K Smart TV,2025-08-22,Electronics,2.0,353.5,0.08,20.0,2.0,1.0,0.0,4,22,34,8,3,234,0,-0.433883739117558,-0.9009688679024191,-0.8660254037844385,-0.5000000000000004,0.0,1,3.0,1,0.0,1,0.0,1,0.7142857142857143,1.253566341056026,0.0,3.0,0.7142857142857143,0.6785714285714286,1.0904831219021471,0.0,3.0,1.0526315789473684,1,411.47,-57.97000000000003,-0.1408851192067466,True,False,False,False,False,False,True,False,False,False,False,False,False,False,False,False,False,False,False,False,False,False,False,False,False,False,False,False,False,False,False,False,False,True,False,False
Germany,4K Smart TV,2025-08-23,Electronics,0.0,353.5,,20.0,2.0,0.0,0.0,5,23,34,8,3,235,1,-0.9749279121818236,-0.2225209339563146,-0.8660254037844385,-0.5000000000000004,2.0,1,2.0,1,0.0,1,2.0,1,0.5714285714285714,0.9759000729485446,0.0,2.0,0.8571428571428571,0.75,1.1097213530799053,0.0,3.0,0.7619047619047619,0,353.5,0.0,0.0,True,False,False,False,False,False,True,False,False,False,False,False,False,False,False,False,False,False,False,False,False,False,False,False,False,False,False,False,False,False,False,False,False,True,False,False
Germany,4K Smart TV,2025-08-24,Electronics,0.0,353.5,,20.0,2.0,0.0,0.0,6,24,34,8,3,236,1,-0.7818314824680299,0.6234898018587334,-0.8660254037844385,-0.5000000000000004,0.0,1,0.0,1,2.0,1,2.0,1,0.2857142857142857,0.7559289460184703,0.0,2.0,0.8571428571428571,0.6785714285714286,1.0904831219021471,0.0,3.0,0.42105263157894735,0,353.5,0.0,0.0,True,False,False,False,False,False,True,False,False,False,False,False,False,False,False,False,False,False,False,False,False,False,False,False,False,False,False,False,False,False,False,False,False,True,False,False
Germany,4K Smart TV,2025-08-25,Electronics,0.0,353.5,,20.0,2.0,0.0,0.0,0,25,35,8,3,237,0,0.0,1.0,-0.8660254037844385,-0.5000000000000004,0.0,1,0.0,1,0.0,1,0.0,1,0.2857142857142857,0.7559289460184703,0.0,2.0,0.7142857142857143,0.6071428571428571,1.0659471779799412,0.0,3.0,0.47058823529411764,0,353.5,0.0,0.0,True,False,False,False,False,False,True,False,False,False,False,False,False,False,False,False,False,False,False,False,False,False,False,False,False,False,False,False,False,False,False,False,False,True,False,False
Germany,4K Smart TV,2025-08-26,Electronics,0.0,353.5,,20.0,2.0,0.0,0.0,1,26,35,8,3,238,0,0.7818314824680298,0.6234898018587336,-0.8660254037844385,-0.5000000000000004,0.0,1,0.0,1,0.0,1,0.0,1,0.2857142857142857,0.7559289460184703,0.0,2.0,0.7142857142857143,0.6071428571428571,1.0659471779799412,0.0,3.0,0.47058823529411764,0,353.5,0.0,0.0,True,False,False,False,False,False,True,False,False,False,False,False,False,False,False,False,False,False,False,False,False,False,False,False,False,False,False,False,False,False,False,False,False,True,False,False
Germany,4K Smart TV,2025-08-27,Electronics,0.0,353.5,,20.0,2.0,0.0,0.0,2,27,35,8,3,239,0,0.9749279121818236,-0.22252093395631434,-0.8660254037844385,-0.5000000000000004,0.0,1,0.0,1,3.0,1,0.0,1,0.2857142857142857,0.7559289460184703,0.0,2.0,0.7142857142857143,0.6071428571428571,1.0659471779799412,0.0,3.0,0.47058823529411764,0,353.5,0.0,0.0,True,False,False,False,False,False,True,False,False,False,False,False,False,False,False,False,False,False,False,False,False,False,False,False,False,False,False,False,False,False,False,False,False,True,False,False
Germany,4K Smart TV,2025-08-28,Electronics,3.0,520.96,0.11,20.0,2.0,1.0,0.0,3,28,35,8,3,240,0,0.43388373911755823,-0.900968867902419,-0.8660254037844385,-0.5000000000000004,0.0,1,0.0,1,0.0,1,1.0,1,0.2857142857142857,0.7559289460184703,0.0,2.0,0.5,0.6071428571428571,1.0659471779799412,0.0,3.0,0.47058823529411764,1,353.5,167.46000000000004,0.47371994342291385,True,False,False,False,False,False,True,False,False,False,False,False,False,False,False,False,False,False,False,False,False,False,False,False,False,False,False,False,False,False,False,False,False,True,False,False
Germany,4K Smart TV,2025-08-29,Electronics,0.0,520.96,,20.0,2.0,0.0,0.0,4,29,35,8,3,241,0,-0.433883739117558,-0.9009688679024191,-0.8660254037844385,-0.5000000000000004,3.0,1,2.0,1,3.0,1,0.0,1,0.7142857142857143,1.253566341056026,0.0,3.0,0.7142857142857143,0.6785714285714286,1.1564175661505671,0.0,3.0,1.0526315789473684,0,520.96,0.0,0.0,True,False,False,False,False,False,True,False,False,False,False,False,False,False,False,False,False,False,False,False,False,False,False,False,False,False,False,False,False,False,False,False,False,True,False,False
Germany,4K Smart TV,2025-08-30,Electronics,0.0,520.96,,20.0,2.0,0.0,0.0,5,30,35,8,3,242,1,-0.9749279121818236,-0.2225209339563146,-0.8660254037844385,-0.5000000000000004,0.0,1,0.0,1,2.0,1,3.0,1,0.42857142857142855,1.133893419027692,0.0,3.0,0.5,0.6785714285714286,1.1564175661505671,0.0,3.0,0.631578947368421,0,520.96,0.0,0.0,True,False,False,False,False,False,True,False,False,False,False,False,False,False,False,False,False,False,False,False,False,False,False,False,False,False,False,False,False,False,False,False,False,True,False,False
Germany,4K Smart TV,2025-08-31,Electronics,0.0,520.96,,20.0,2.0,0.0,0.0,6,31,35,8,3,243,1,-0.7818314824680299,0.6234898018587334,-0.8660254037844385,-0.5000000000000004,0.0,1,0.0,1,0.0,1,0.0,1,0.42857142857142855,1.133893419027692,0.0,3.0,0.35714285714285715,0.5714285714285714,1.0690449676497042,0.0,3.0,0.75,0,520.96,0.0,0.0,True,False,False,False,False,False,True,False,False,False,False,False,False,False,False,False,False,False,False,False,False,False,False,False,False,False,False,False,False,False,False,False,False,True,False,False
Germany,4K Smart TV,2025-09-01,Electronics,0.0,520.96,,20.0,2.0,0.0,0.0,0,1,36,9,3,244,0,0.0,1.0,-1.0,-1.8369701987210297e-16,0.0,1,0.0,1,0.0,1,0.0,1,0.42857142857142855,1.133893419027692,0.0,3.0,0.35714285714285715,0.5714285714285714,1.0690449676497042,0.0,3.0,0.75,0,520.96,0.0,0.0,True,False,False,False,False,False,True,False,False,False,False,False,False,False,False,False,False,False,False,False,False,False,False,False,False,False,False,False,False,False,False,False,False,True,False,False
Germany,4K Smart TV,2025-09-02,Electronics,0.0,520.96,,20.0,2.0,0.0,0.0,1,2,36,9,3,245,0,0.7818314824680298,0.6234898018587336,-1.0,-1.8369701987210297e-16,0.0,1,0.0,1,0.0,1,0.0,1,0.42857142857142855,1.133893419027692,0.0,3.0,0.35714285714285715,0.5714285714285714,1.0690449676497042,0.0,3.0,0.75,0,520.96,0.0,0.0,True,False,False,False,False,False,True,False,False,False,False,False,False,False,False,False,False,False,False,False,False,False,False,False,False,False,False,False,False,False,False,False,False,True,False,False
Germany,4K Smart TV,2025-09-03,Electronics,0.0,520.96,,20.0,2.0,0.0,0.0,2,3,36,9,3,246,0,0.9749279121818236,-0.22252093395631434,-1.0,-1.8369701987210297e-16,0.0,1,0.0,1,0.0,1,1.0,1,0.42857142857142855,1.133893419027692,0.0,3.0,0.35714285714285715,0.5714285714285714,1.0690449676497042,0.0,3.0,0.75,0,520.96,0.0,0.0,True,False,False,False,False,False,True,False,False,False,False,False,False,False,False,False,False,False,False,False,False,False,False,False,False,False,False,False,False,False,False,False,False,True,False,False
Germany,4K Smart TV,2025-09-04,Electronics,0.0,520.96,,20.0,2.0,0.0,0.0,3,4,36,9,3,247,0,0.43388373911755823,-0.900968867902419,-1.0,-1.8369701987210297e-16,0.0,1,3.0,1,0.0,1,0.0,1,0.42857142857142855,1.133893419027692,0.0,3.0,0.35714285714285715,0.5357142857142857,1.070899340192817,0.0,3.0,0.7999999999999999,0,520.96,0.0,0.0,True,False,False,False,False,False,True,False,False,False,False,False,False,False,False,False,False,False,False,False,False,False,False,False,False,False,False,False,False,False,False,False,False,True,False,False
Germany,4K Smart TV,2025-09-05,Electronics,0.0,520.96,,20.0,2.0,0.0,0.0,4,5,36,9,3,248,0,-0.433883739117558,-0.9009688679024191,-1.0,-1.8369701987210297e-16,0.0,1,0.0,1,2.0,1,0.0,1,0.0,0.0,0.0,0.0,0.35714285714285715,0.5357142857142857,1.070899340192817,0.0,3.0,0.0,0,520.96,0.0,0.0,True,False,False,False,False,False,True,False,False,False,False,False,False,False,False,False,False,False,False,False,False,False,False,False,False,False,False,False,False,False,False,False,False,True,False,False
Germany,4K Smart TV,2025-09-06,Electronics,0.0,520.96,,20.0,2.0,0.0,0.0,5,6,36,9,3,249,1,-0.9749279121818236,-0.2225209339563146,-1.0,-1.8369701987210297e-16,0.0,1,0.0,1,0.0,1,0.0,1,0.0,0.0,0.0,0.0,0.21428571428571427,0.5357142857142857,1.070899340192817,0.0,3.0,0.0,0,520.96,0.0,0.0,True,False,False,False,False,False,True,False,False,False,False,False,False,False,False,False,False,False,False,False,False,False,False,False,False,False,False,False,False,False,False,False,False,True,False,False
Germany,4K Smart TV,2025-09-07,Electronics,3.0,898.23,0.09,20.0,2.0,1.0,0.0,6,7,36,9,3,250,1,-0.7818314824680299,0.6234898018587334,-1.0,-1.8369701987210297e-16,0.0,1,0.0,1,0.0,1,2.0,1,0.0,0.0,0.0,0.0,0.21428571428571427,0.5357142857142857,1.070899340192817,0.0,3.0,0.0,1,520.96,377.27,0.7241822788697788,True,False,False,False,False,False,True,False,False,False,False,False,False,False,False,False,False,False,False,False,False,False,False,False,False,False,False,False,False,False,False,False,False,True,False,False
Germany,4K Smart TV,2025-09-08,Electronics,0.0,898.23,,20.0,2.0,0.0,0.0,0,8,37,9,3,251,0,0.0,1.0,-1.0,-1.8369701987210297e-16,3.0,1,0.0,1,0.0,1,0.0,1,0.42857142857142855,1.133893419027692,0.0,3.0,0.42857142857142855,0.5714285714285714,1.1362241376618019,0.0,3.0,0.75,0,898.23,0.0,0.0,True,False,False,False,False,False,True,False,False,False,False,False,False,False,False,False,False,False,False,False,False,False,False,False,False,False,False,False,False,False,False,False,False,True,False,False
Germany,4K Smart TV,2025-09-09,Electronics,0.0,898.23,,20.0,2.0,0.0,0.0,1,9,37,9,3,252,0,0.7818314824680298,0.6234898018587336,-1.0,-1.8369701987210297e-16,0.0,1,0.0,1,0.0,1,0.0,1,0.42857142857142855,1.133893419027692,0.0,3.0,0.42857142857142855,0.5714285714285714,1.1362241376618019,0.0,3.0,0.75,0,898.23,0.0,0.0,True,False,False,False,False,False,True,False,False,False,False,False,False,False,False,False,False,False,False,False,False,False,False,False,False,False,False,False,False,False,False,False,False,True,False,False
Germany,4K Smart TV,2025-09-10,Electronics,0.0,898.23,,20.0,2.0,0.0,0.0,2,10,37,9,3,253,0,0.9749279121818236,-0.22252093395631434,-1.0,-1.8369701987210297e-16,0.0,1,0.0,1,0.0,1,3.0,1,0.42857142857142855,1.133893419027692,0.0,3.0,0.42857142857142855,0.5714285714285714,1.1362241376618019,0.0,3.0,0.75,0,898.23,0.0,0.0,True,False,False,False,False,False,True,False,False,False,False,False,False,False,False,False,False,False,False,False,False,False,False,False,False,False,False,False,False,False,False,False,False,True,False,False
Germany,4K Smart TV,2025-09-11,Electronics,0.0,898.23,,20.0,2.0,0.0,0.0,3,11,37,9,3,254,0,0.43388373911755823,-0.900968867902419,-1.0,-1.8369701987210297e-16,0.0,1,0.0,1,3.0,1,0.0,1,0.42857142857142855,1.133893419027692,0.0,3.0,0.42857142857142855,0.4642857142857143,1.0357370915204962,0.0,3.0,0.923076923076923,0,898.23,0.0,0.0,True,False,False,False,False,False,True,False,False,False,False,False,False,False,False,False,False,False,False,False,False,False,False,False,False,False,False,False,False,False,False,False,False,True,False,False
Germany,4K Smart TV,2025-09-12,Electronics,0.0,898.23,,20.0,2.0,0.0,0.0,4,12,37,9,3,255,0,-0.433883739117558,-0.9009688679024191,-1.0,-1.8369701987210297e-16,0.0,1,0.0,1,0.0,1,3.0,1,0.42857142857142855,1.133893419027692,0.0,3.0,0.21428571428571427,0.4642857142857143,1.0357370915204962,0.0,3.0,0.923076923076923,0,898.23,0.0,0.0,True,False,False,False,False,False,True,False,False,False,False,False,False,False,False,False,False,False,False,False,False,False,False,False,False,False,False,False,False,False,False,False,False,True,False,False
Germany,4K Smart TV,2025-09-13,Electronics,0.0,898.23,,20.0,2.0,0.0,0.0,5,13,37,9,3,256,1,-0.9749279121818236,-0.2225209339563146,-1.0,-1.8369701987210297e-16,0.0,1,0.0,1,0.0,1,2.0,1,0.42857142857142855,1.133893419027692,0.0,3.0,0.21428571428571427,0.35714285714285715,0.911420775870204,0.0,3.0,1.2,0,898.23,0.0,0.0,True,False,False,False,False,False,True,False,False,False,False,False,False,False,False,False,False,False,False,False,False,False,False,False,False,False,False,False,False,False,False,False,False,True,False,False
Germany,4K Smart TV,2025-09-14,Electronics,0.0,898.23,,20.0,2.0,0.0,0.0,6,14,37,9,3,257,1,-0.7818314824680299,0.6234898018587334,-1.0,-1.8369701987210297e-16,0.0,1,3.0,1,0.0,1,0.0,1,0.42857142857142855,1.133893419027692,0.0,3.0,0.21428571428571427,0.2857142857142857,0.8544932592822159,0.0,3.0,1.5,0,898.23,0.0,0.0,True,False,False,False,False,False,True,False,False,False,False,False,False,False,False,False,False,False,False,False,False,False,False,False,False,False,False,False,False,False,False,False,False,True,False,False
Germany,4K Smart TV,2025-09-15,Electronics,0.0,898.23,,20.0,2.0,0.0,0.0,0,15,38,9,3,258,0,0.0,1.0,-1.0,-1.8369701987210297e-16,0.0,1,0.0,1,0.0,1,0.0,1,0.0,0.0,0.0,0.0,0.21428571428571427,0.2857142857142857,0.8544932592822159,0.0,3.0,0.0,0,898.23,0.0,0.0,True,False,False,False,False,False,True,False,False,False,False,False,False,False,False,False,False,False,False,False,False,False,False,False,False,False,False,False,False,False,False,False,False,True,False,False
Germany,4K Smart TV,2025-09-16,Electronics,0.0,898.23,,20.0,2.0,0.0,0.0,1,16,38,9,3,259,0,0.7818314824680298,0.6234898018587336,-1.0,-1.8369701987210297e-16,0.0,1,0.0,1,0.0,1,0.0,1,0.0,0.0,0.0,0.0,0.21428571428571427,0.2857142857142857,0.8544932592822159,0.0,3.0,0.0,0,898.23,0.0,0.0,True,False,False,False,False,False,True,False,False,False,False,False,False,False,False,False,False,False,False,False,False,False,False,False,False,False,False,False,False,False,False,False,False,True,False,False
Germany,4K Smart TV,2025-09-17,Electronics,0.0,898.23,,20.0,2.0,0.0,0.0,2,17,38,9,3,260,0,0.9749279121818236,-0.22252093395631434,-1.0,-1.8369701987210297e-16,0.0,1,0.0,1,0.0,1,0.0,1,0.0,0.0,0.0,0.0,0.21428571428571427,0.2857142857142857,0.8544932592822159,0.0,3.0,0.0,0,898.23,0.0,0.0,True,False,False,False,False,False,True,False,False,False,False,False,False,False,False,False,False,False,False,False,False,False,False,False,False,False,False,False,False,False,False,False,False,True,False,False
Germany,4K Smart TV,2025-09-18,Electronics,0.0,898.23,,20.0,2.0,0.0,0.0,3,18,38,9,3,261,0,0.43388373911755823,-0.900968867902419,-1.0,-1.8369701987210297e-16,0.0,1,0.0,1,0.0,1,0.0,1,0.0,0.0,0.0,0.0,0.21428571428571427,0.2857142857142857,0.8544932592822159,0.0,3.0,0.0,0,898.23,0.0,0.0,True,False,False,False,False,False,True,False,False,False,False,False,False,False,False,False,False,False,False,False,False,False,False,False,False,False,False,False,False,False,False,False,False,True,False,False
Germany,4K Smart TV,2025-09-19,Electronics,0.0,898.23,,20.0,2.0,0.0,0.0,4,19,38,9,3,262,0,-0.433883739117558,-0.9009688679024191,-1.0,-1.8369701987210297e-16,0.0,1,0.0,1,0.0,1,2.0,1,0.0,0.0,0.0,0.0,0.21428571428571427,0.2857142857142857,0.8544932592822159,0.0,3.0,0.0,0,898.23,0.0,0.0,True,False,False,False,False,False,True,False,False,False,False,False,False,False,False,False,False,False,False,False,False,False,False,False,False,False,False,False,False,False,False,False,False,True,False,False
Germany,4K Smart TV,2025-09-20,Electronics,2.0,916.13,0.06,20.0,2.0,1.0,0.0,5,20,38,9,3,263,1,-0.9749279121818236,-0.2225209339563146,-1.0,-1.8369701987210297e-16,0.0,1,0.0,1,0.0,1,0.0,1,0.0,0.0,0.0,0.0,0.21428571428571427,0.21428571428571427,0.786795792469452,0.0,3.0,0.0,1,898.23,17.899999999999977,0.019928080781091678,True,False,False,False,False,False,True,False,False,False,False,False,False,False,False,False,False,False,False,False,False,False,False,False,False,False,False,False,False,False,False,False,False,True,False,False
Germany,4K Smart TV,2025-09-21,Electronics,0.0,916.13,,20.0,2.0,0.0,0.0,6,21,38,9,3,264,1,-0.7818314824680299,0.6234898018587334,-1.0,-1.8369701987210297e-16,2.0,1,0.0,1,3.0,1,0.0,1,0.2857142857142857,0.7559289460184704,0.0,2.0,0.35714285714285715,0.2857142857142857,0.8544932592822159,0.0,3.0,1.0,0,916.13,0.0,0.0,True,False,False,False,False,False,True,False,False,False,False,False,False,False,False,False,False,False,False,False,False,False,False,False,False,False,False,False,False,False,False,False,False,True,False,False
Germany,4K Smart TV,2025-09-22,Electronics,0.0,916.13,,20.0,2.0,0.0,0.0,0,22,39,9,3,265,0,0.0,1.0,-1.0,-1.8369701987210297e-16,0.0,1,0.0,1,0.0,1,0.0,1,0.2857142857142857,0.7559289460184704,0.0,2.0,0.14285714285714285,0.2857142857142857,0.8544932592822159,0.0,3.0,1.0,0,916.13,0.0,0.0,True,False,False,False,False,False,True,False,False,False,False,False,False,False,False,False,False,False,False,False,False,False,False,False,False,False,False,False,False,False,False,False,False,True,False,False
Germany,4K Smart TV,2025-09-23,Electronics,0.0,916.13,,20.0,2.0,0.0,0.0,1,23,39,9,3,266,0,0.7818314824680298,0.6234898018587336,-1.0,-1.8369701987210297e-16,0.0,1,0.0,1,0.0,1,0.0,1,0.2857142857142857,0.7559289460184704,0.0,2.0,0.14285714285714285,0.2857142857142857,0.8544932592822159,0.0,3.0,1.0,0,916.13,0.0,0.0,True,False,False,False,False,False,True,False,False,False,False,False,False,False,False,False,False,False,False,False,False,False,False,False,False,False,False,False,False,False,False,False,False,True,False,False
Germany,4K Smart TV,2025-09-24,Electronics,0.0,916.13,,20.0,2.0,0.0,0.0,2,24,39,9,3,267,0,0.9749279121818236,-0.22252093395631434,-1.0,-1.8369701987210297e-16,0.0,1,0.0,1,0.0,1,0.0,1,0.2857142857142857,0.7559289460184704,0.0,2.0,0.14285714285714285,0.2857142857142857,0.8544932592822159,0.0,3.0,1.0,0,916.13,0.0,0.0,True,False,False,False,False,False,True,False,False,False,False,False,False,False,False,False,False,False,False,False,False,False,False,False,False,False,False,False,False,False,False,False,False,True,False,False
Germany,4K Smart TV,2025-09-25,Electronics,0.0,916.13,,20.0,2.0,0.0,0.0,3,25,39,9,3,268,0,0.43388373911755823,-0.900968867902419,-1.0,-1.8369701987210297e-16,0.0,1,0.0,1,0.0,1,3.0,1,0.2857142857142857,0.7559289460184704,0.0,2.0,0.14285714285714285,0.2857142857142857,0.8544932592822159,0.0,3.0,1.0,0,916.13,0.0,0.0,True,False,False,False,False,False,True,False,False,False,False,False,False,False,False,False,False,False,False,False,False,False,False,False,False,False,False,False,False,False,False,False,False,True,False,False
Germany,4K Smart TV,2025-09-26,Electronics,0.0,916.13,,20.0,2.0,0.0,0.0,4,26,39,9,3,269,0,-0.433883739117558,-0.9009688679024191,-1.0,-1.8369701987210297e-16,0.0,1,0.0,1,0.0,1,0.0,1,0.2857142857142857,0.7559289460184704,0.0,2.0,0.14285714285714285,0.17857142857142858,0.669636243353593,0.0,3.0,1.5999999999999999,0,916.13,0.0,0.0,True,False,False,False,False,False,True,False,False,False,False,False,False,False,False,False,False,False,False,False,False,False,False,False,False,False,False,False,False,False,False,False,False,True,False,False
Germany,4K Smart TV,2025-09-27,Electronics,0.0,916.13,,20.0,2.0,0.0,0.0,5,27,39,9,3,270,1,-0.9749279121818236,-0.2225209339563146,-1.0,-1.8369701987210297e-16,0.0,1,2.0,1,0.0,1,0.0,1,0.2857142857142857,0.7559289460184704,0.0,2.0,0.14285714285714285,0.17857142857142858,0.669636243353593,0.0,3.0,1.5999999999999999,0,916.13,0.0,0.0,True,False,False,False,False,False,True,False,False,False,False,False,False,False,False,False,False,False,False,False,False,False,False,False,False,False,False,False,False,False,False,False,False,True,False,False
Germany,4K Smart TV,2025-09-28,Electronics,0.0,916.13,,20.0,2.0,0.0,0.0,6,28,39,9,3,271,1,-0.7818314824680299,0.6234898018587334,-1.0,-1.8369701987210297e-16,0.0,1,0.0,1,0.0,1,0.0,1,0.0,0.0,0.0,0.0,0.14285714285714285,0.17857142857142858,0.669636243353593,0.0,3.0,0.0,0,916.13,0.0,0.0,True,False,False,False,False,False,True,False,False,False,False,False,False,False,False,False,False,False,False,False,False,False,False,False,False,False,False,False,False,False,False,False,False,True,False,False
Germany,4K Smart TV,2025-09-29,Electronics,0.0,916.13,,20.0,2.0,0.0,0.0,0,29,40,9,3,272,0,0.0,1.0,-1.0,-1.8369701987210297e-16,0.0,1,0.0,1,0.0,1,0.0,1,0.0,0.0,0.0,0.0,0.14285714285714285,0.17857142857142858,0.669636243353593,0.0,3.0,0.0,0,916.13,0.0,0.0,True,False,False,False,False,False,True,False,False,False,False,False,False,False,False,False,False,False,False,False,False,False,False,False,False,False,False,False,False,False,False,False,False,True,False,False
Germany,4K Smart TV,2025-09-30,Electronics,0.0,916.13,,20.0,2.0,0.0,0.0,1,30,40,9,3,273,0,0.7818314824680298,0.6234898018587336,-1.0,-1.8369701987210297e-16,0.0,1,0.0,1,0.0,1,0.0,1,0.0,0.0,0.0,0.0,0.14285714285714285,0.17857142857142858,0.669636243353593,0.0,3.0,0.0,0,916.13,0.0,0.0,True,False,False,False,False,False,True,False,False,False,False,False,False,False,False,False,False,False,False,False,False,False,False,False,False,False,False,False,False,False,False,False,False,True,False,False
Germany,4K Smart TV,2025-10-01,Electronics,0.0,916.13,,20.0,2.0,0.0,0.0,2,1,40,10,4,274,0,0.9749279121818236,-0.22252093395631434,-0.8660254037844386,0.5000000000000001,0.0,1,0.0,1,0.0,1,0.0,1,0.0,0.0,0.0,0.0,0.14285714285714285,0.17857142857142858,0.669636243353593,0.0,3.0,0.0,0,916.13,0.0,0.0,True,False,False,False,False,False,True,False,False,False,False,False,False,False,False,False,False,False,False,False,False,False,False,False,False,False,False,False,False,False,False,False,False,True,False,False
Germany,4K Smart TV,2025-10-02,Electronics,0.0,916.13,,20.0,2.0,0.0,0.0,3,2,40,10,4,275,0,0.43388373911755823,-0.900968867902419,-0.8660254037844386,0.5000000000000001,0.0,1,0.0,1,0.0,1,0.0,1,0.0,0.0,0.0,0.0,0.14285714285714285,0.17857142857142858,0.669636243353593,0.0,3.0,0.0,0,916.13,0.0,0.0,True,False,False,False,False,False,True,False,False,False,False,False,False,False,False,False,False,False,False,False,False,False,False,False,False,False,False,False,False,False,False,False,False,True,False,False
Germany,4K Smart TV,2025-10-03,Electronics,0.0,916.13,,20.0,2.0,0.0,0.0,4,3,40,10,4,276,0,-0.433883739117558,-0.9009688679024191,-0.8660254037844386,0.5000000000000001,0.0,1,0.0,1,0.0,1,0.0,1,0.0,0.0,0.0,0.0,0.14285714285714285,0.17857142857142858,0.669636243353593,0.0,3.0,0.0,0,916.13,0.0,0.0,True,False,False,False,False,False,True,False,False,False,False,False,False,False,False,False,False,False,False,False,False,False,False,False,False,False,False,False,False,False,False,False,False,True,False,False
Germany,4K Smart TV,2025-10-04,Electronics,1.0,295.25,0.1,20.0,2.0,1.0,0.0,5,4,40,10,4,277,1,-0.9749279121818236,-0.2225209339563146,-0.8660254037844386,0.5000000000000001,0.0,1,0.0,1,2.0,1,0.0,1,0.0,0.0,0.0,0.0,0.14285714285714285,0.17857142857142858,0.669636243353593,0.0,3.0,0.0,1,916.13,-620.88,-0.6777204108587209,True,False,False,False,False,False,True,False,False,False,False,False,False,False,False,False,False,False,False,False,False,False,False,False,False,False,False,False,False,False,False,False,False,True,False,False
Germany,4K Smart TV,2025-10-05,Electronics,0.0,295.25,,20.0,2.0,0.0,0.0,6,5,40,10,4,278,1,-0.7818314824680299,0.6234898018587334,-0.8660254037844386,0.5000000000000001,1.0,1,0.0,1,0.0,1,3.0,1,0.14285714285714285,0.37796447300926006,0.0,1.0,0.07142857142857142,0.21428571428571427,0.6862211530545271,0.0,3.0,0.6666666666666666,0,295.25,0.0,0.0,True,False,False,False,False,False,True,False,False,False,False,False,False,False,False,False,False,False,False,False,False,False,False,False,False,False,False,False,False,False,False,False,False,True,False,False
Germany,4K Smart TV,2025-10-06,Electronics,0.0,295.25,,20.0,2.0,0.0,0.0,0,6,41,10,4,279,0,0.0,1.0,-0.8660254037844386,0.5000000000000001,0.0,1,0.0,1,0.0,1,0.0,1,0.14285714285714285,0.37796447300926006,0.0,1.0,0.07142857142857142,0.10714285714285714,0.41626965212520256,0.0,2.0,1.3333333333333333,0,295.25,0.0,0.0,True,False,False,False,False,False,True,False,False,False,False,False,False,False,False,False,False,False,False,False,False,False,False,False,False,False,False,False,False,False,False,False,False,True,False,False
Germany,4K Smart TV,2025-10-07,Electronics,0.0,295.25,,20.0,2.0,0.0,0.0,1,7,41,10,4,280,0,0.7818314824680298,0.6234898018587336,-0.8660254037844386,0.5000000000000001,0.0,1,0.0,1,0.0,1,0.0,1,0.14285714285714285,0.37796447300926006,0.0,1.0,0.07142857142857142,0.10714285714285714,0.41626965212520256,0.0,2.0,1.3333333333333333,0,295.25,0.0,0.0,True,False,False,False,False,False,True,False,False,False,False,False,False,False,False,False,False,False,False,False,False,False,False,False,False,False,False,False,False,False,False,False,False,True,False,False
Germany,4K Smart TV,2025-10-08,Electronics,0.0,295.25,,20.0,2.0,0.0,0.0,2,8,41,10,4,281,0,0.9749279121818236,-0.22252093395631434,-0.8660254037844386,0.5000000000000001,0.0,1,0.0,1,0.0,1,0.0,1,0.14285714285714285,0.37796447300926006,0.0,1.0,0.07142857142857142,0.10714285714285714,0.41626965212520256,0.0,2.0,1.3333333333333333,0,295.25,0.0,0.0,True,False,False,False,False,False,True,False,False,False,False,False,False,False,False,False,False,False,False,False,False,False,False,False,False,False,False,False,False,False,False,False,False,True,False,False
Germany,4K Smart TV,2025-10-09,Electronics,2.0,1226.2,0.06,20.0,2.0,1.0,0.0,3,9,41,10,4,282,0,0.43388373911755823,-0.900968867902419,-0.8660254037844386,0.5000000000000001,0.0,1,0.0,1,0.0,1,0.0,1,0.14285714285714285,0.37796447300926006,0.0,1.0,0.07142857142857142,0.10714285714285714,0.41626965212520256,0.0,2.0,1.3333333333333333,1,295.25,930.95,3.1530906011854363,True,False,False,False,False,False,True,False,False,False,False,False,False,False,False,False,False,False,False,False,False,False,False,False,False,False,False,False,False,False,False,False,False,True,False,False
Germany,4K Smart TV,2025-10-10,Electronics,0.0,1226.2,,20.0,2.0,0.0,0.0,4,10,41,10,4,283,0,-0.433883739117558,-0.9009688679024191,-0.8660254037844386,0.5000000000000001,2.0,1,0.0,1,0.0,1,0.0,1,0.42857142857142855,0.7867957924694579,0.0,2.0,0.21428571428571427,0.17857142857142858,0.5479640045336592,0.0,2.0,2.4,0,1226.2,0.0,0.0,True,False,False,False,False,False,True,False,False,False,False,False,False,False,False,False,False,False,False,False,False,False,False,False,False,False,False,False,False,False,False,False,False,True,False,False
Germany,4K Smart TV,2025-10-11,Electronics,1.0,1473.28,0.05,20.0,2.0,1.0,0.0,5,11,41,10,4,284,1,-0.9749279121818236,-0.2225209339563146,-0.8660254037844386,0.5000000000000001,0.0,1,1.0,1,0.0,1,0.0,1,0.42857142857142855,0.7867957924694579,0.0,2.0,0.21428571428571427,0.17857142857142858,0.5479640045336592,0.0,2.0,2.4,1,1226.2,247.07999999999993,0.2015005708693524,True,False,False,False,False,False,True,False,False,False,False,False,False,False,False,False,False,False,False,False,False,False,False,False,False,False,False,False,False,False,False,False,False,True,False,False
Germany,4K Smart TV,2025-10-12,Electronics,0.0,1473.28,,20.0,2.0,0.0,0.0,6,12,41,10,4,285,1,-0.7818314824680299,0.6234898018587334,-0.8660254037844386,0.5000000000000001,1.0,1,0.0,1,0.0,1,0.0,1,0.42857142857142855,0.7867957924694579,0.0,2.0,0.2857142857142857,0.21428571428571427,0.56811206883091,0.0,2.0,2.0,0,1473.28,0.0,0.0,True,False,False,False,False,False,True,False,False,False,False,False,False,False,False,False,False,False,False,False,False,False,False,False,False,False,False,False,False,False,False,False,False,True,False,False
Germany,4K Smart TV,2025-10-13,Electronics,0.0,1473.28,,20.0,2.0,0.0,0.0,0,13,42,10,4,286,0,0.0,1.0,-0.8660254037844386,0.5000000000000001,0.0,1,0.0,1,0.0,1,0.0,1,0.42857142857142855,0.7867957924694579,0.0,2.0,0.2857142857142857,0.21428571428571427,0.56811206883091,0.0,2.0,2.0,0,1473.28,0.0,0.0,True,False,False,False,False,False,True,False,False,False,False,False,False,False,False,False,False,False,False,False,False,False,False,False,False,False,False,False,False,False,False,False,False,True,False,False
Germany,4K Smart TV,2025-10-14,Electronics,0.0,1473.28,,20.0,2.0,0.0,0.0,1,14,42,10,4,287,0,0.7818314824680298,0.6234898018587336,-0.8660254037844386,0.5000000000000001,0.0,1,0.0,1,0.0,1,0.0,1,0.42857142857142855,0.7867957924694579,0.0,2.0,0.2857142857142857,0.21428571428571427,0.56811206883091,0.0,2.0,2.0,0,1473.28,0.0,0.0,True,False,False,False,False,False,True,False,False,False,False,False,False,False,False,False,False,False,False,False,False,False,False,False,False,False,False,False,False,False,False,False,False,True,False,False
Germany,4K Smart TV,2025-10-15,Electronics,0.0,1473.28,,20.0,2.0,0.0,0.0,2,15,42,10,4,288,0,0.9749279121818236,-0.22252093395631434,-0.8660254037844386,0.5000000000000001,0.0,1,0.0,1,0.0,1,0.0,1,0.42857142857142855,0.7867957924694579,0.0,2.0,0.2857142857142857,0.21428571428571427,0.56811206883091,0.0,2.0,2.0,0,1473.28,0.0,0.0,True,False,False,False,False,False,True,False,False,False,False,False,False,False,False,False,False,False,False,False,False,False,False,False,False,False,False,False,False,False,False,False,False,True,False,False
Germany,4K Smart TV,2025-10-16,Electronics,0.0,1473.28,,20.0,2.0,0.0,0.0,3,16,42,10,4,289,0,0.43388373911755823,-0.900968867902419,-0.8660254037844386,0.5000000000000001,0.0,1,2.0,1,0.0,1,0.0,1,0.42857142857142855,0.7867957924694579,0.0,2.0,0.2857142857142857,0.21428571428571427,0.56811206883091,0.0,2.0,2.0,0,1473.28,0.0,0.0,True,False,False,False,False,False,True,False,False,False,False,False,False,False,False,False,False,False,False,False,False,False,False,False,False,False,False,False,False,False,False,False,False,True,False,False
Germany,4K Smart TV,2025-10-17,Electronics,0.0,1473.28,,20.0,2.0,0.0,0.0,4,17,42,10,4,290,0,-0.433883739117558,-0.9009688679024191,-0.8660254037844386,0.5000000000000001,0.0,1,0.0,1,0.0,1,0.0,1,0.14285714285714285,0.37796447300926006,0.0,1.0,0.2857142857142857,0.21428571428571427,0.56811206883091,0.0,2.0,0.6666666666666666,0,1473.28,0.0,0.0,True,False,False,False,False,False,True,False,False,False,False,False,False,False,False,False,False,False,False,False,False,False,False,False,False,False,False,False,False,False,False,False,False,True,False,False
Germany,4K Smart TV,2025-10-18,Electronics,1.0,89.31,0.07,20.0,2.0,1.0,0.0,5,18,42,10,4,291,1,-0.9749279121818236,-0.2225209339563146,-0.8660254037844386,0.5000000000000001,0.0,1,1.0,1,1.0,1,2.0,1,0.14285714285714285,0.37796447300926006,0.0,1.0,0.2857142857142857,0.21428571428571427,0.56811206883091,0.0,2.0,0.6666666666666666,1,1473.28,-1383.97,-0.9393801585577759,True,False,False,False,False,False,True,False,False,False,False,False,False,False,False,False,False,False,False,False,False,False,False,False,False,False,False,False,False,False,False,False,False,True,False,False
Germany,4K Smart TV,2025-10-19,Electronics,2.0,783.35,0.1,20.0,2.0,1.0,0.0,6,19,42,10,4,292,1,-0.7818314824680299,0.6234898018587334,-0.8660254037844386,0.5000000000000001,1.0,1,0.0,1,0.0,1,0.0,1,0.14285714285714285,0.37796447300926006,0.0,1.0,0.2857142857142857,0.17857142857142858,0.47559486560568554,0.0,2.0,0.7999999999999999,1,89.31,694.04,7.771134251483596,True,False,False,False,False,False,True,False,False,False,False,False,False,False,False,False,False,False,False,False,False,False,False,False,False,False,False,False,False,False,False,False,False,True,False,False
Germany,4K Smart TV,2025-10-20,Electronics,0.0,783.35,,20.0,2.0,0.0,0.0,0,20,43,10,4,293,0,0.0,1.0,-0.8660254037844386,0.5000000000000001,2.0,1,0.0,1,0.0,1,0.0,1,0.42857142857142855,0.7867957924694579,0.0,2.0,0.42857142857142855,0.25,0.5853140973807196,0.0,2.0,1.7142857142857142,0,783.35,0.0,0.0,True,False,False,False,False,False,True,False,False,False,False,False,False,False,False,False,False,False,False,False,False,False,False,False,False,False,False,False,False,False,False,False,False,True,False,False
Germany,4K Smart TV,2025-10-21,Electronics,0.0,783.35,,20.0,2.0,0.0,0.0,1,21,43,10,4,294,0,0.7818314824680298,0.6234898018587336,-0.8660254037844386,0.5000000000000001,0.0,1,0.0,1,0.0,1,0.0,1,0.42857142857142855,0.7867957924694579,0.0,2.0,0.42857142857142855,0.25,0.5853140973807196,0.0,2.0,1.7142857142857142,0,783.35,0.0,0.0,True,False,False,False,False,False,True,False,False,False,False,False,False,False,False,False,False,False,False,False,False,False,False,False,False,False,False,False,False,False,False,False,False,True,False,False
Germany,4K Smart TV,2025-10-22,Electronics,9.0,656.815,0.14,20.0,2.0,1.0,1.0,2,22,43,10,4,295,0,0.9749279121818236,-0.22252093395631434,-0.8660254037844386,0.5000000000000001,0.0,1,0.0,1,0.0,1,0.0,1,0.42857142857142855,0.7867957924694579,0.0,2.0,0.42857142857142855,0.25,0.5853140973807196,0.0,2.0,1.7142857142857142,1,783.35,-126.53499999999997,-0.1615306057317929,True,False,False,False,False,False,True,False,False,False,False,False,False,False,False,False,False,False,False,False,False,False,False,False,False,False,False,False,False,False,False,False,False,True,False,False
Germany,4K Smart TV,2025-10-23,Electronics,0.0,656.815,,20.0,2.0,0.0,0.0,3,23,43,10,4,296,0,0.43388373911755823,-0.900968867902419,-0.8660254037844386,0.5000000000000001,9.0,1,0.0,1,2.0,1,0.0,1,1.7142857142857142,3.3022358947782515,0.0,9.0,1.0714285714285714,0.5714285714285714,1.7517942427074826,0.0,9.0,3.0,0,656.815,0.0,0.0,True,False,False,False,False,False,True,False,False,False,False,False,False,False,False,False,False,False,False,False,False,False,False,False,False,False,False,False,False,False,False,False,False,True,False,False
Germany,4K Smart TV,2025-10-24,Electronics,0.0,656.815,,20.0,2.0,0.0,0.0,4,24,43,10,4,297,0,-0.433883739117558,-0.9009688679024191,-0.8660254037844386,0.5000000000000001,0.0,1,0.0,1,0.0,1,0.0,1,1.7142857142857142,3.3022358947782515,0.0,9.0,0.9285714285714286,0.5714285714285714,1.7517942427074826,0.0,9.0,3.0,0,656.815,0.0,0.0,True,False,False,False,False,False,True,False,False,False,False,False,False,False,False,False,False,False,False,False,False,False,False,False,False,False,False,False,False,False,False,False,False,True,False,False
Germany,4K Smart TV,2025-10-25,Electronics,0.0,656.815,,20.0,2.0,0.0,0.0,5,25,43,10,4,298,1,-0.9749279121818236,-0.2225209339563146,-0.8660254037844386,0.5000000000000001,0.0,1,1.0,1,1.0,1,0.0,1,1.7142857142857142,3.3022358947782515,0.0,9.0,0.9285714285714286,0.5714285714285714,1.7517942427074826,0.0,9.0,3.0,0,656.815,0.0,0.0,True,False,False,False,False,False,True,False,False,False,False,False,False,False,False,False,False,False,False,False,False,False,False,False,False,False,False,False,False,False,False,False,False,True,False,False
Germany,4K Smart TV,2025-10-26,Electronics,1.0,1317.32,0.11,20.0,2.0,1.0,0.0,6,26,43,10,4,299,1,-0.7818314824680299,0.6234898018587334,-0.8660254037844386,0.5000000000000001,0.0,1,2.0,1,0.0,1,0.0,1,1.5714285714285714,3.3594217189442444,0.0,9.0,0.8571428571428571,0.5714285714285714,1.7517942427074826,0.0,9.0,2.75,1,656.815,660.5049999999999,1.0056180202949077,True,False,False,False,False,False,True,False,False,False,False,False,False,False,False,False,False,False,False,False,False,False,False,False,False,False,False,False,False,False,False,False,False,True,False,False
Germany,4K Smart TV,2025-10-27,Electronics,0.0,1317.32,,20.0,2.0,0.0,0.0,0,27,44,10,4,300,0,0.0,1.0,-0.8660254037844386,0.5000000000000001,1.0,1,0.0,1,0.0,1,0.0,1,1.4285714285714286,3.359421718944245,0.0,9.0,0.9285714285714286,0.6071428571428571,1.749905515211986,0.0,9.0,2.3529411764705883,0,1317.32,0.0,0.0,True,False,False,False,False,False,True,False,False,False,False,False,False,False,False,False,False,False,False,False,False,False,False,False,False,False,False,False,False,False,False,False,False,True,False,False
Germany,4K Smart TV,2025-10-28,Electronics,3.0,385.61,0.09,20.0,2.0,1.0,0.0,1,28,44,10,4,301,0,0.7818314824680298,0.6234898018587336,-0.8660254037844386,0.5000000000000001,0.0,1,0.0,1,0.0,1,0.0,1,1.4285714285714286,3.359421718944245,0.0,9.0,0.9285714285714286,0.6071428571428571,1.749905515211986,0.0,9.0,2.3529411764705883,1,1317.32,-931.7099999999999,-0.7072768955151367,True,False,False,False,False,False,True,False,False,False,False,False,False,False,False,False,False,False,False,False,False,False,False,False,False,False,False,False,False,False,False,False,False,True,False,False
Germany,4K Smart TV,2025-10-29,Electronics,2.0,120.2,0.02,20.0,2.0,1.0,0.0,2,29,44,10,4,302,0,0.9749279121818236,-0.22252093395631434,-0.8660254037844386,0.5000000000000001,3.0,1,9.0,1,0.0,1,0.0,1,1.8571428571428572,3.338091841585123,0.0,9.0,1.1428571428571428,0.7142857142857143,1.8024087351866842,0.0,9.0,2.6,1,385.61,-265.41,-0.6882860921656596,True,False,False,False,False,False,True,False,False,False,False,False,False,False,False,False,False,False,False,False,False,False,False,False,False,False,False,False,False,False,False,False,False,True,False,False
Germany,4K Smart TV,2025-10-30,Electronics,0.0,120.2,,20.0,2.0,0.0,0.0,3,30,44,10,4,303,0,0.43388373911755823,-0.900968867902419,-0.8660254037844386,0.5000000000000001,2.0,1,0.0,1,0.0,1,0.0,1,0.8571428571428571,1.2149857925879202,0.0,3.0,1.2857142857142858,0.7857142857142857,1.8126539343499353,0.0,9.0,1.0909090909090908,0,120.2,0.0,0.0,True,False,False,False,False,False,True,False,False,False,False,False,False,False,False,False,False,False,False,False,False,False,False,False,False,False,False,False,False,False,False,False,False,True,False,False
Germany,4K Smart TV,2025-10-31,Electronics,3.0,1443.94,0.07,20.0,2.0,1.0,0.0,4,31,44,10,4,304,0,-0.433883739117558,-0.9009688679024191,-0.8660254037844386,0.5000000000000001,0.0,1,0.0,1,0.0,1,0.0,1,0.8571428571428571,1.2149857925879202,0.0,3.0,1.2857142857142858,0.7857142857142857,1.8126539343499353,0.0,9.0,1.0909090909090908,1,120.2,1323.74,11.012811980033277,True,False,False,False,False,False,True,False,False,False,False,False,False,False,False,False,False,False,False,False,False,False,False,False,False,False,False,False,False,False,False,False,False,True,False,False
Germany,4K Smart TV,2025-11-01,Electronics,4.0,1088.99,0.28,20.0,2.0,1.0,0.0,5,1,44,11,4,305,1,-0.9749279121818236,-0.2225209339563146,-0.5000000000000004,0.8660254037844384,3.0,1,0.0,1,1.0,1,1.0,1,1.2857142857142858,1.380131118684715,0.0,3.0,1.5,0.8928571428571429,1.8527114407105323,0.0,9.0,1.44,1,1443.94,-354.95000000000005,-0.24582046345416017,True,False,False,False,False,False,True,False,False,False,False,False,False,False,False,False,False,False,False,False,False,False,False,False,False,False,False,False,False,False,False,False,False,True,False,False
Germany,4K Smart TV,2025-11-02,Electronics,11.0,717.9266666666666,0.27,20.0,2.0,1.0,1.0,6,2,44,11,4,306,1,-0.7818314824680299,0.6234898018587334,-0.5000000000000004,0.8660254037844384,4.0,1,1.0,1,2.0,1,0.0,1,1.8571428571428572,1.573591584938891,0.0,4.0,1.7142857142857142,1.0,1.9436506316151037,0.0,9.0,1.8571428571428572,1,1088.99,-371.0633333333334,-0.3407408087616354,True,False,False,False,False,False,True,False,False,False,False,False,False,False,False,False,False,False,False,False,False,False,False,False,False,False,False,False,False,False,False,False,False,True,False,False
Germany,4K Smart TV,2025-11-03,Electronics,0.0,717.9266666666666,,20.0,2.0,0.0,0.0,0,3,45,11,4,307,0,0.0,1.0,-0.5000000000000004,0.8660254037844384,11.0,1,0.0,1,0.0,1,0.0,1,3.2857142857142856,3.7289089429432183,0.0,11.0,2.357142857142857,1.3928571428571428,2.698961195421592,0.0,11.0,2.358974358974359,0,717.9266666666666,0.0,0.0,True,False,False,False,False,False,True,False,False,False,False,False,False,False,False,False,False,False,False,False,False,False,False,False,False,False,False,False,False,False,False,False,False,True,False,False
Germany,4K Smart TV,2025-11-04,Electronics,8.0,782.4949999999999,0.27,20.0,2.0,1.0,1.0,1,4,45,11,4,308,0,0.7818314824680298,0.6234898018587336,-0.5000000000000004,0.8660254037844384,0.0,1,3.0,1,0.0,1,0.0,1,3.2857142857142856,3.7289089429432183,0.0,11.0,2.357142857142857,1.3928571428571428,2.698961195421592,0.0,11.0,2.358974358974359,1,717.9266666666666,64.56833333333327,0.08993722664338968,True,False,False,False,False,False,True,False,False,False,False,False,False,False,False,False,False,False,False,False,False,False,False,False,False,False,False,False,False,False,False,False,False,True,False,False
Germany,4K Smart TV,2025-11-05,Electronics,8.0,1291.6999999999998,0.29,20.0,2.0,1.0,1.0,2,5,45,11,4,309,0,0.9749279121818236,-0.22252093395631434,-0.5000000000000004,0.8660254037844384,8.0,1,2.0,1,9.0,1,0.0,1,4.0,4.123105625617661,0.0,11.0,2.9285714285714284,1.6785714285714286,2.957145413182958,0.0,11.0,2.382978723404255,1,782.4949999999999,509.2049999999999,0.650745372174902,True,False,False,False,False,False,True,False,False,False,False,False,False,False,False,False,False,False,False,False,False,False,False,False,False,False,False,False,False,False,False,False,False,True,False,False
Germany,4K Smart TV,2025-11-06,Electronics,0.0,1291.6999999999998,,20.0,2.0,0.0,0.0,3,6,45,11,4,310,0,0.43388373911755823,-0.900968867902419,-0.5000000000000004,0.8660254037844384,8.0,1,0.0,1,0.0,1,2.0,1,4.857142857142857,4.2594432902501635,0.0,11.0,2.857142857142857,1.9642857142857142,3.1679195516481005,0.0,11.0,2.4727272727272727,0,1291.6999999999998,0.0,0.0,True,False,False,False,False,False,True,False,False,False,False,False,False,False,False,False,False,False,False,False,False,False,False,False,False,False,False,False,False,False,False,False,False,True,False,False
Germany,4K Smart TV,2025-11-07,Electronics,0.0,1291.6999999999998,,20.0,2.0,0.0,0.0,4,7,45,11,4,311,0,-0.433883739117558,-0.9009688679024191,-0.5000000000000004,0.8660254037844384,0.0,1,3.0,1,0.0,1,0.0,1,4.857142857142857,4.2594432902501635,0.0,11.0,2.857142857142857,1.8928571428571428,3.1895580294580688,0.0,11.0,2.5660377358490565,0,1291.6999999999998,0.0,0.0,True,False,False,False,False,False,True,False,False,False,False,False,False,False,False,False,False,False,False,False,False,False,False,False,False,False,False,False,False,False,False,False,False,True,False,False
Germany,4K Smart TV,2025-11-08,Electronics,4.0,761.79,0.18,20.0,2.0,1.0,0.0,5,8,45,11,4,312,1,-0.9749279121818236,-0.2225209339563146,-0.5000000000000004,0.8660254037844384,0.0,1,4.0,1,0.0,1,1.0,1,4.428571428571429,4.613644360558611,0.0,11.0,2.857142857142857,1.8928571428571428,3.1895580294580688,0.0,11.0,2.3396226415094343,1,1291.6999999999998,-529.9099999999999,-0.41024231632732056,True,False,False,False,False,False,True,False,False,False,False,False,False,False,False,False,False,False,False,False,False,False,False,False,False,False,False,False,False,False,False,False,False,True,False,False
Germany,4K Smart TV,2025-11-09,Electronics,6.0,1415.365,0.28,20.0,2.0,1.0,0.0,6,9,45,11,4,313,1,-0.7818314824680299,0.6234898018587334,-0.5000000000000004,0.8660254037844384,4.0,1,11.0,1,1.0,1,0.0,1,4.428571428571429,4.613644360558611,0.0,11.0,3.142857142857143,2.0,3.2087842395985917,0.0,11.0,2.2142857142857144,1,761.79,653.575,0.8579464156788618,True,False,False,False,False,False,True,False,False,False,False,False,False,False,False,False,False,False,False,False,False,False,False,False,False,False,False,False,False,False,False,False,False,True,False,False
Germany,4K Smart TV,2025-11-10,Electronics,17.0,628.388,0.26,20.0,2.0,1.0,1.0,0,10,46,11,4,314,0,0.0,1.0,-0.5000000000000004,0.8660254037844384,6.0,1,0.0,1,0.0,1,0.0,1,3.7142857142857144,3.728908942943218,0.0,8.0,3.5,2.2142857142857144,3.270033897855144,0.0,11.0,1.6774193548387097,1,1415.365,-786.977,-0.5560240644639368,True,False,False,False,False,False,True,False,False,False,False,False,False,False,False,False,False,False,False,False,False,False,False,False,False,False,False,False,False,False,False,False,False,True,False,False
Germany,4K Smart TV,2025-11-11,Electronics,9.0,1307.885,0.26,20.0,2.0,1.0,1.0,1,11,46,11,4,315,0,0.7818314824680298,0.6234898018587336,-0.5000000000000004,0.8660254037844384,17.0,1,8.0,1,3.0,1,0.0,1,6.142857142857143,5.843188953205016,0.0,17.0,4.714285714285714,2.8214285714285716,4.269214269182386,0.0,17.0,2.1772151898734178,1,628.388,679.497,1.0813335073235006,True,False,False,False,False,False,True,False,False,False,False,False,False,False,False,False,False,False,False,False,False,False,False,False,False,False,False,False,False,False,False,False,False,True,False,False
Germany,4K Smart TV,2025-11-12,Electronics,0.0,1307.885,,20.0,2.0,0.0,0.0,2,12,46,11,4,316,0,0.9749279121818236,-0.22252093395631434,-0.5000000000000004,0.8660254037844384,9.0,1,8.0,1,2.0,1,0.0,1,6.285714285714286,5.908025211926731,0.0,17.0,5.142857142857143,3.142857142857143,4.386125310350271,0.0,17.0,2.0,0,1307.885,0.0,0.0,True,False,False,False,False,False,True,False,False,False,False,False,False,False,False,False,False,False,False,False,False,False,False,False,False,False,False,False,False,False,False,False,False,True,False,False
Germany,4K Smart TV,2025-11-13,Electronics,6.0,960.09,0.29,20.0,2.0,1.0,0.0,3,13,46,11,4,317,0,0.43388373911755823,-0.900968867902419,-0.5000000000000004,0.8660254037844384,0.0,1,0.0,1,0.0,1,0.0,1,5.142857142857143,6.283008075451636,0.0,17.0,5.0,3.142857142857143,4.386125310350271,0.0,17.0,1.6363636363636365,1,1307.885,-347.79499999999996,-0.2659216980086169,True,False,False,False,False,False,True,False,False,False,False,False,False,False,False,False,False,False,False,False,False,False,False,False,False,False,False,False,False,False,False,False,False,True,False,False
Germany,4K Smart TV,2025-11-14,Electronics,4.0,1142.9,0.2,20.0,2.0,1.0,0.0,4,14,46,11,4,318,0,-0.433883739117558,-0.9009688679024191,-0.5000000000000004,0.8660254037844384,6.0,1,0.0,1,3.0,1,0.0,1,6.0,5.859465277082315,0.0,17.0,5.428571428571429,3.357142857142857,4.37344076523098,0.0,17.0,1.7872340425531914,1,960.09,182.81000000000006,0.19040923246778954,True,False,False,False,False,False,True,False,False,False,False,False,False,False,False,False,False,False,False,False,False,False,False,False,False,False,False,False,False,False,False,False,False,True,False,False
Germany,4K Smart TV,2025-11-15,Electronics,0.0,1142.9,,20.0,2.0,0.0,0.0,5,15,46,11,4,319,1,-0.9749279121818236,-0.2225209339563146,-0.5000000000000004,0.8660254037844384,4.0,1,4.0,1,4.0,1,1.0,1,6.571428571428571,5.349677337844555,0.0,17.0,5.5,3.5,4.324777879117461,0.0,17.0,1.8775510204081631,0,1142.9,0.0,0.0,True,False,False,False,False,False,True,False,False,False,False,False,False,False,False,False,False,False,False,False,False,False,False,False,False,False,False,False,False,False,False,False,False,True,False,False
Germany,4K Smart TV,2025-11-16,Electronics,4.0,1184.21,0.22,20.0,2.0,1.0,0.0,6,16,46,11,4,320,1,-0.7818314824680299,0.6234898018587334,-0.5000000000000004,0.8660254037844384,0.0,1,6.0,1,11.0,1,2.0,1,6.0,5.859465277082315,0.0,17.0,5.214285714285714,3.4642857142857144,4.350241737490365,0.0,17.0,1.7319587628865978,1,1142.9,41.309999999999945,0.03614489456645371,True,False,False,False,False,False,True,False,False,False,False,False,False,False,False,False,False,False,False,False,False,False,False,False,False,False,False,False,False,False,False,False,False,True,False,False
Germany,4K Smart TV,2025-11-17,Electronics,8.0,723.5066666666667,0.26,20.0,2.0,1.0,1.0,0,17,47,11,4,321,0,0.0,1.0,-0.5000000000000004,0.8660254037844384,4.0,1,17.0,1,0.0,1,0.0,1,5.714285714285714,5.908025211926732,0.0,17.0,4.714285714285714,3.5357142857142856,4.341719601785578,0.0,17.0,1.6161616161616164,1,1184.21,-460.7033333333334,-0.38903854327638965,True,False,False,False,False,False,True,False,False,False,False,False,False,False,False,False,False,False,False,False,False,False,False,False,False,False,False,False,False,False,False,False,False,True,False,False
Germany,4K Smart TV,2025-11-18,Electronics,9.0,434.505,0.24,20.0,2.0,1.0,1.0,1,18,47,11,4,322,0,0.7818314824680298,0.6234898018587336,-0.5000000000000004,0.8660254037844384,8.0,1,9.0,1,8.0,1,0.0,1,4.428571428571429,3.5523298860110986,0.0,9.0,5.285714285714286,3.8214285714285716,4.363600037928007,0.0,17.0,1.158878504672897,1,723.5066666666667,-289.00166666666667,-0.39944575493430146,True,False,False,False,False,False,True,False,False,False,False,False,False,False,False,False,False,False,False,False,False,False,False,False,False,False,False,False,False,False,False,False,False,True,False,False
Germany,4K Smart TV,2025-11-19,Electronics,0.0,434.505,,20.0,2.0,0.0,0.0,2,19,47,11,4,323,0,0.9749279121818236,-0.22252093395631434,-0.5000000000000004,0.8660254037844384,9.0,1,0.0,1,8.0,1,9.0,1,4.428571428571429,3.5523298860110986,0.0,9.0,5.357142857142857,4.142857142857143,4.402981193037668,0.0,17.0,1.0689655172413792,0,434.505,0.0,0.0,True,False,False,False,False,False,True,False,False,False,False,False,False,False,False,False,False,False,False,False,False,False,False,False,False,False,False,False,False,False,False,False,False,True,False,False
Germany,4K Smart TV,2025-11-20,Electronics,0.0,434.505,,20.0,2.0,0.0,0.0,3,20,47,11,4,324,0,0.43388373911755823,-0.900968867902419,-0.5000000000000004,0.8660254037844384,0.0,1,6.0,1,0.0,1,0.0,1,4.428571428571429,3.5523298860110986,0.0,9.0,4.785714285714286,3.8214285714285716,4.363600037928007,0.0,17.0,1.158878504672897,0,434.505,0.0,0.0,True,False,False,False,False,False,True,False,False,False,False,False,False,False,False,False,False,False,False,False,False,False,False,False,False,False,False,False,False,False,False,False,False,True,False,False
Germany,4K Smart TV,2025-11-21,Electronics,4.0,1073.24,0.17,20.0,2.0,1.0,0.0,4,21,47,11,4,325,0,-0.433883739117558,-0.9009688679024191,-0.5000000000000004,0.8660254037844384,0.0,1,4.0,1,0.0,1,0.0,1,3.5714285714285716,3.8234863173611116,0.0,9.0,4.785714285714286,3.8214285714285716,4.363600037928007,0.0,17.0,0.9345794392523364,1,434.505,638.735,1.4700291135890267,True,False,False,False,False,False,True,False,False,False,False,False,False,False,False,False,False,False,False,False,False,False,False,False,False,False,False,False,False,False,False,False,False,True,False,False
Germany,4K Smart TV,2025-11-22,Electronics,0.0,1073.24,,20.0,2.0,0.0,0.0,5,22,47,11,4,326,1,-0.9749279121818236,-0.2225209339563146,-0.5000000000000004,0.8660254037844384,4.0,1,0.0,1,4.0,1,0.0,1,3.5714285714285716,3.8234863173611116,0.0,9.0,5.071428571428571,3.9642857142857144,4.298855513989595,0.0,17.0,0.9009009009009009,0,1073.24,0.0,0.0,True,False,False,False,False,False,True,False,False,False,False,False,False,False,False,False,False,False,False,False,False,False,False,False,False,False,False,False,False,False,False,False,False,True,False,False
Germany,4K Smart TV,2025-11-23,Electronics,7.0,487.3,0.3,20.0,2.0,1.0,0.0,6,23,47,11,4,327,1,-0.7818314824680299,0.6234898018587334,-0.5000000000000004,0.8660254037844384,0.0,1,4.0,1,6.0,1,1.0,1,3.5714285714285716,3.8234863173611116,0.0,9.0,4.785714285714286,3.9642857142857144,4.298855513989595,0.0,17.0,0.9009009009009009,1,1073.24,-585.94,-0.5459543065856659,True,False,False,False,False,False,True,False,False,False,False,False,False,False,False,False,False,False,False,False,False,False,False,False,False,False,False,False,False,False,False,False,False,True,False,False
Germany,4K Smart TV,2025-11-24,Electronics,3.0,827.81,0.16,20.0,2.0,1.0,0.0,0,24,48,11,4,328,0,0.0,1.0,-0.5000000000000004,0.8660254037844384,7.0,1,8.0,1,17.0,1,0.0,1,4.0,4.041451884327382,0.0,9.0,4.857142857142857,4.178571428571429,4.295161545089162,0.0,17.0,0.9572649572649572,1,487.3,340.50999999999993,0.698768725631028,True,False,False,False,False,False,True,False,False,False,False,False,False,False,False,False,False,False,False,False,False,False,False,False,False,False,False,False,False,False,False,False,False,True,False,False
Germany,4K Smart TV,2025-11-25,Electronics,4.0,1359.92,0.25,20.0,2.0,1.0,0.0,1,25,48,11,4,329,0,0.7818314824680298,0.6234898018587336,-0.5000000000000004,0.8660254037844384,3.0,1,9.0,1,9.0,1,3.0,1,3.2857142857142856,3.6384193323605865,0.0,9.0,3.857142857142857,4.285714285714286,4.223892735530799,0.0,17.0,0.7666666666666666,1,827.81,532.1100000000001,0.6427924282142039,True,False,False,False,False,False,True,False,False,False,False,False,False,False,False,False,False,False,False,False,False,False,False,False,False,False,False,False,False,False,False,False,False,True,False,False
