store_id,product_id,date,category,sales,price,Discount_Applied,safety_stock,lead_time_days,promotion,is_outlier,day_of_week,day_of_month,week_of_year,month,quarter,day_of_year,is_weekend,sin_day_of_week,cos_day_of_week,sin_month,cos_month,lag_1,has_lag_1,lag_7,has_lag_7,lag_14,has_lag_14,lag_28,has_lag_28,rolling_mean_7,rolling_std_7,rolling_min_7,rolling_max_7,rolling_mean_14,rolling_mean_28,rolling_std_28,rolling_min_28,rolling_max_28,trend_ratio,is_promotion,previous_price,price_change,price_change_pct,store_id_Germany,store_id_India,store_id_Pakistan,store_id_UAE,store_id_UK,store_id_USA,product_id_4K Smart TV,product_id_Air Fryer,product_id_Blender,product_id_Coffee Maker,product_id_Cotton T-Shirt,product_id_Cycling Helmet,product_id_Denim Jeans,product_id_Dumbbell Set,product_id_Face Wash,product_id_Football,product_id_Formal Shirt,product_id_Gaming Laptop,product_id_Hair Serum,product_id_Lipstick Set,product_id_Microwave Oven,product_id_Moisturizing Cream,product_id_Perfume,product_id_Running Shoes,product_id_Smartphone 128GB,product_id_Smartwatch,product_id_Tennis Racket,product_id_Vacuum Cleaner,product_id_Winter Jacket,product_id_Wireless Noise-Canceling Headphones,product_id_Yoga Mat,category_Apparel,category_Beauty,category_Electronics,category_Home & Kitchen,category_Sports
USA,Coffee Maker,2025-05-23,Home & Kitchen,0.0,219.51,,20.0,2.0,0.0,0.0,4,23,21,5,2,143,0,-0.433883739117558,-0.9009688679024191,0.49999999999999994,-0.8660254037844387,0.0,1,0.0,1,0.0,1,0.0,1,0.2857142857142857,0.7559289460184642,0.0,2.0,0.2857142857142857,0.5714285714285714,1.2598815766974287,0.0,5.0,0.5,0,219.51,0.0,0.0,False,False,False,False,False,True,False,False,False,True,False,False,False,False,False,False,False,False,False,False,False,False,False,False,False,False,False,False,False,False,False,False,False,False,True,False
USA,Coffee Maker,2025-05-24,Home & Kitchen,0.0,219.51,,20.0,2.0,0.0,0.0,5,24,21,5,2,144,1,-0.9749279121818236,-0.2225209339563146,0.49999999999999994,-0.8660254037844387,0.0,1,0.0,1,0.0,1,0.0,1,0.2857142857142857,0.7559289460184642,0.0,2.0,0.2857142857142857,0.5714285714285714,1.2598815766974287,0.0,5.0,0.5,0,219.51,0.0,0.0,False,False,False,False,False,True,False,False,False,True,False,False,False,False,False,False,False,False,False,False,False,False,False,False,False,False,False,False,False,False,False,False,False,False,True,False
USA,Coffee Maker,2025-05-25,Home & Kitchen,0.0,219.51,,20.0,2.0,0.0,0.0,6,25,21,5,2,145,1,-0.7818314824680299,0.6234898018587334,0.49999999999999994,-0.8660254037844387,0.0,1,0.0,1,0.0,1,0.0,1,0.2857142857142857,0.7559289460184642,0.0,2.0,0.2857142857142857,0.5714285714285714,1.2598815766974287,0.0,5.0,0.5,0,219.51,0.0,0.0,False,False,False,False,False,True,False,False,False,True,False,False,False,False,False,False,False,False,False,False,False,False,False,False,False,False,False,False,False,False,False,False,False,False,True,False
USA,Coffee Maker,2025-05-26,Home & Kitchen,0.0,219.51,,20.0,2.0,0.0,0.0,0,26,22,5,2,146,0,0.0,1.0,0.49999999999999994,-0.8660254037844387,0.0,1,0.0,1,2.0,1,1.0,1,0.2857142857142857,0.7559289460184642,0.0,2.0,0.2857142857142857,0.5714285714285714,1.2598815766974287,0.0,5.0,0.5,0,219.51,0.0,0.0,False,False,False,False,False,True,False,False,False,True,False,False,False,False,False,False,False,False,False,False,False,False,False,False,False,False,False,False,False,False,False,False,False,False,True,False
USA,Coffee Maker,2025-05-27,Home & Kitchen,0.0,219.51,,20.0,2.0,0.0,0.0,1,27,22,5,2,147,0,0.7818314824680298,0.6234898018587336,0.49999999999999994,-0.8660254037844387,0.0,1,0.0,1,0.0,1,0.0,1,0.2857142857142857,0.7559289460184642,0.0,2.0,0.14285714285714285,0.5357142857142857,1.2614554456142528,0.0,5.0,0.5333333333333333,0,219.51,0.0,0.0,False,False,False,False,False,True,False,False,False,True,False,False,False,False,False,False,False,False,False,False,False,False,False,False,False,False,False,False,False,False,False,False,False,False,True,False
USA,Coffee Maker,2025-05-28,Home & Kitchen,0.0,219.51,,20.0,2.0,0.0,0.0,2,28,22,5,2,148,0,0.9749279121818236,-0.22252093395631434,0.49999999999999994,-0.8660254037844387,0.0,1,2.0,1,0.0,1,5.0,1,0.2857142857142857,0.7559289460184642,0.0,2.0,0.14285714285714285,0.5357142857142857,1.2614554456142528,0.0,5.0,0.5333333333333333,0,219.51,0.0,0.0,False,False,False,False,False,True,False,False,False,True,False,False,False,False,False,False,False,False,False,False,False,False,False,False,False,False,False,False,False,False,False,False,False,False,True,False
USA,Coffee Maker,2025-05-29,Home & Kitchen,0.0,219.51,,20.0,2.0,0.0,0.0,3,29,22,5,2,149,0,0.43388373911755823,-0.900968867902419,0.49999999999999994,-0.8660254037844387,0.0,1,0.0,1,0.0,1,0.0,1,0.0,0.0,0.0,0.0,0.14285714285714285,0.35714285714285715,0.9114207758702036,0.0,3.0,0.0,0,219.51,0.0,0.0,False,False,False,False,False,True,False,False,False,True,False,False,False,False,False,False,False,False,False,False,False,False,False,False,False,False,False,False,False,False,False,False,False,False,True,False
USA,Coffee Maker,2025-05-30,Home & Kitchen,0.0,219.51,,20.0,2.0,0.0,0.0,4,30,22,5,2,150,0,-0.433883739117558,-0.9009688679024191,0.49999999999999994,-0.8660254037844387,0.0,1,0.0,1,0.0,1,0.0,1,0.0,0.0,0.0,0.0,0.14285714285714285,0.35714285714285715,0.9114207758702036,0.0,3.0,0.0,0,219.51,0.0,0.0,False,False,False,False,False,True,False,False,False,True,False,False,False,False,False,False,False,False,False,False,False,False,False,False,False,False,False,False,False,False,False,False,False,False,True,False
USA,Coffee Maker,2025-05-31,Home & Kitchen,1.0,250.83,0.11,20.0,2.0,1.0,0.0,5,31,22,5,2,151,1,-0.9749279121818236,-0.2225209339563146,0.49999999999999994,-0.8660254037844387,0.0,1,0.0,1,0.0,1,0.0,1,0.0,0.0,0.0,0.0,0.14285714285714285,0.35714285714285715,0.9114207758702036,0.0,3.0,0.0,1,219.51,31.32000000000002,0.14268142681426824,False,False,False,False,False,True,False,False,False,True,False,False,False,False,False,False,False,False,False,False,False,False,False,False,False,False,False,False,False,False,False,False,False,False,True,False
USA,Coffee Maker,2025-06-01,Home & Kitchen,0.0,250.83,,20.0,2.0,0.0,0.0,6,1,22,6,2,152,1,-0.7818314824680299,0.6234898018587334,1.2246467991473532e-16,-1.0,1.0,1,0.0,1,0.0,1,3.0,1,0.14285714285714285,0.37796447300924724,0.0,1.0,0.21428571428571427,0.39285714285714285,0.91648627373633,0.0,3.0,0.36363636363636365,0,250.83,0.0,0.0,False,False,False,False,False,True,False,False,False,True,False,False,False,False,False,False,False,False,False,False,False,False,False,False,False,False,False,False,False,False,False,False,False,False,True,False
USA,Coffee Maker,2025-06-02,Home & Kitchen,0.0,250.83,,20.0,2.0,0.0,0.0,0,2,23,6,2,153,0,0.0,1.0,1.2246467991473532e-16,-1.0,0.0,1,0.0,1,0.0,1,3.0,1,0.14285714285714285,0.37796447300924724,0.0,1.0,0.21428571428571427,0.2857142857142857,0.7628961803617815,0.0,3.0,0.5,0,250.83,0.0,0.0,False,False,False,False,False,True,False,False,False,True,False,False,False,False,False,False,False,False,False,False,False,False,False,False,False,False,False,False,False,False,False,False,False,False,True,False
USA,Coffee Maker,2025-06-03,Home & Kitchen,1.0,118.49,0.01,20.0,2.0,1.0,0.0,1,3,23,6,2,154,0,0.7818314824680298,0.6234898018587336,1.2246467991473532e-16,-1.0,0.0,1,0.0,1,0.0,1,0.0,1,0.14285714285714285,0.37796447300924724,0.0,1.0,0.21428571428571427,0.17857142857142858,0.5479640045336599,0.0,2.0,0.7999999999999999,1,250.83,-132.34000000000003,-0.5276083403101703,False,False,False,False,False,True,False,False,False,True,False,False,False,False,False,False,False,False,False,False,False,False,False,False,False,False,False,False,False,False,False,False,False,False,True,False
USA,Coffee Maker,2025-06-04,Home & Kitchen,0.0,118.49,,20.0,2.0,0.0,0.0,2,4,23,6,2,155,0,0.9749279121818236,-0.22252093395631434,1.2246467991473532e-16,-1.0,1.0,1,0.0,1,2.0,1,0.0,1,0.2857142857142857,0.4879500364742816,0.0,1.0,0.2857142857142857,0.21428571428571427,0.5681120688309105,0.0,2.0,1.3333333333333333,0,118.49,0.0,0.0,False,False,False,False,False,True,False,False,False,True,False,False,False,False,False,False,False,False,False,False,False,False,False,False,False,False,False,False,False,False,False,False,False,False,True,False
USA,Coffee Maker,2025-06-05,Home & Kitchen,0.0,118.49,,20.0,2.0,0.0,0.0,3,5,23,6,2,156,0,0.43388373911755823,-0.900968867902419,1.2246467991473532e-16,-1.0,0.0,1,0.0,1,0.0,1,0.0,1,0.2857142857142857,0.4879500364742816,0.0,1.0,0.14285714285714285,0.21428571428571427,0.5681120688309105,0.0,2.0,1.3333333333333333,0,118.49,0.0,0.0,False,False,False,False,False,True,False,False,False,True,False,False,False,False,False,False,False,False,False,False,False,False,False,False,False,False,False,False,False,False,False,False,False,False,True,False
USA,Coffee Maker,2025-06-06,Home & Kitchen,3.0,256.74,0.0,20.0,2.0,0.0,0.0,4,6,23,6,2,157,0,-0.433883739117558,-0.9009688679024191,1.2246467991473532e-16,-1.0,0.0,1,0.0,1,0.0,1,0.0,1,0.2857142857142857,0.4879500364742816,0.0,1.0,0.14285714285714285,0.21428571428571427,0.5681120688309105,0.0,2.0,1.3333333333333333,0,118.49,138.25,1.166765127858891,False,False,False,False,False,True,False,False,False,True,False,False,False,False,False,False,False,False,False,False,False,False,False,False,False,False,False,False,False,False,False,False,False,False,True,False
USA,Coffee Maker,2025-06-07,Home & Kitchen,0.0,256.74,,20.0,2.0,0.0,0.0,5,7,23,6,2,158,1,-0.9749279121818236,-0.2225209339563146,1.2246467991473532e-16,-1.0,3.0,1,1.0,1,0.0,1,0.0,1,0.7142857142857143,1.1126972805283795,0.0,3.0,0.35714285714285715,0.32142857142857145,0.772373514927111,0.0,3.0,2.2222222222222223,0,256.74,0.0,0.0,False,False,False,False,False,True,False,False,False,True,False,False,False,False,False,False,False,False,False,False,False,False,False,False,False,False,False,False,False,False,False,False,False,False,True,False
USA,Coffee Maker,2025-06-08,Home & Kitchen,0.0,256.74,,20.0,2.0,0.0,0.0,6,8,23,6,2,159,1,-0.7818314824680299,0.6234898018587334,1.2246467991473532e-16,-1.0,0.0,1,0.0,1,0.0,1,0.0,1,0.5714285714285714,1.1338934190276877,0.0,3.0,0.35714285714285715,0.32142857142857145,0.772373514927111,0.0,3.0,1.7777777777777775,0,256.74,0.0,0.0,False,False,False,False,False,True,False,False,False,True,False,False,False,False,False,False,False,False,False,False,False,False,False,False,False,False,False,False,False,False,False,False,False,False,True,False
USA,Coffee Maker,2025-06-09,Home & Kitchen,0.0,256.74,,20.0,2.0,0.0,0.0,0,9,24,6,2,160,0,0.0,1.0,1.2246467991473532e-16,-1.0,0.0,1,0.0,1,0.0,1,2.0,1,0.5714285714285714,1.1338934190276877,0.0,3.0,0.35714285714285715,0.32142857142857145,0.772373514927111,0.0,3.0,1.7777777777777775,0,256.74,0.0,0.0,False,False,False,False,False,True,False,False,False,True,False,False,False,False,False,False,False,False,False,False,False,False,False,False,False,False,False,False,False,False,False,False,False,False,True,False
USA,Coffee Maker,2025-06-10,Home & Kitchen,0.0,256.74,,20.0,2.0,0.0,0.0,1,10,24,6,2,161,0,0.7818314824680298,0.6234898018587336,1.2246467991473532e-16,-1.0,0.0,1,1.0,1,0.0,1,0.0,1,0.5714285714285714,1.1338934190276877,0.0,3.0,0.35714285714285715,0.25,0.7005289007177041,0.0,3.0,2.2857142857142856,0,256.74,0.0,0.0,False,False,False,False,False,True,False,False,False,True,False,False,False,False,False,False,False,False,False,False,False,False,False,False,False,False,False,False,False,False,False,False,False,False,True,False
USA,Coffee Maker,2025-06-11,Home & Kitchen,0.0,256.74,,20.0,2.0,0.0,0.0,2,11,24,6,2,162,0,0.9749279121818236,-0.22252093395631434,1.2246467991473532e-16,-1.0,0.0,1,0.0,1,0.0,1,0.0,1,0.42857142857142855,1.133893419027688,0.0,3.0,0.35714285714285715,0.25,0.7005289007177041,0.0,3.0,1.7142857142857142,0,256.74,0.0,0.0,False,False,False,False,False,True,False,False,False,True,False,False,False,False,False,False,False,False,False,False,False,False,False,False,False,False,False,False,False,False,False,False,False,False,True,False
USA,Coffee Maker,2025-06-12,Home & Kitchen,0.0,256.74,,20.0,2.0,0.0,0.0,3,12,24,6,2,163,0,0.43388373911755823,-0.900968867902419,1.2246467991473532e-16,-1.0,0.0,1,0.0,1,0.0,1,0.0,1,0.42857142857142855,1.133893419027688,0.0,3.0,0.35714285714285715,0.25,0.7005289007177041,0.0,3.0,1.7142857142857142,0,256.74,0.0,0.0,False,False,False,False,False,True,False,False,False,True,False,False,False,False,False,False,False,False,False,False,False,False,False,False,False,False,False,False,False,False,False,False,False,False,True,False
USA,Coffee Maker,2025-06-13,Home & Kitchen,0.0,256.74,,20.0,2.0,0.0,0.0,4,13,24,6,2,164,0,-0.433883739117558,-0.9009688679024191,1.2246467991473532e-16,-1.0,0.0,1,3.0,1,0.0,1,0.0,1,0.42857142857142855,1.133893419027688,0.0,3.0,0.35714285714285715,0.25,0.7005289007177041,0.0,3.0,1.7142857142857142,0,256.74,0.0,0.0,False,False,False,False,False,True,False,False,False,True,False,False,False,False,False,False,False,False,False,False,False,False,False,False,False,False,False,False,False,False,False,False,False,False,True,False
USA,Coffee Maker,2025-06-14,Home & Kitchen,0.0,256.74,,20.0,2.0,0.0,0.0,5,14,24,6,2,165,1,-0.9749279121818236,-0.2225209339563146,1.2246467991473532e-16,-1.0,0.0,1,0.0,1,1.0,1,0.0,1,0.0,0.0,0.0,0.0,0.35714285714285715,0.25,0.7005289007177041,0.0,3.0,0.0,0,256.74,0.0,0.0,False,False,False,False,False,True,False,False,False,True,False,False,False,False,False,False,False,False,False,False,False,False,False,False,False,False,False,False,False,False,False,False,False,False,True,False
USA,Coffee Maker,2025-06-15,Home & Kitchen,0.0,256.74,,20.0,2.0,0.0,0.0,6,15,24,6,2,166,1,-0.7818314824680299,0.6234898018587334,1.2246467991473532e-16,-1.0,0.0,1,0.0,1,0.0,1,0.0,1,0.0,0.0,0.0,0.0,0.2857142857142857,0.25,0.7005289007177041,0.0,3.0,0.0,0,256.74,0.0,0.0,False,False,False,False,False,True,False,False,False,True,False,False,False,False,False,False,False,False,False,False,False,False,False,False,False,False,False,False,False,False,False,False,False,False,True,False
USA,Coffee Maker,2025-06-16,Home & Kitchen,0.0,256.74,,20.0,2.0,0.0,0.0,0,16,25,6,2,167,0,0.0,1.0,1.2246467991473532e-16,-1.0,0.0,1,0.0,1,0.0,1,0.0,1,0.0,0.0,0.0,0.0,0.2857142857142857,0.25,0.7005289007177041,0.0,3.0,0.0,0,256.74,0.0,0.0,False,False,False,False,False,True,False,False,False,True,False,False,False,False,False,False,False,False,False,False,False,False,False,False,False,False,False,False,False,False,False,False,False,False,True,False
USA,Coffee Maker,2025-06-17,Home & Kitchen,0.0,256.74,,20.0,2.0,0.0,0.0,1,17,25,6,2,168,0,0.7818314824680298,0.6234898018587336,1.2246467991473532e-16,-1.0,0.0,1,0.0,1,1.0,1,0.0,1,0.0,0.0,0.0,0.0,0.2857142857142857,0.25,0.7005289007177041,0.0,3.0,0.0,0,256.74,0.0,0.0,False,False,False,False,False,True,False,False,False,True,False,False,False,False,False,False,False,False,False,False,False,False,False,False,False,False,False,False,False,False,False,False,False,False,True,False
USA,Coffee Maker,2025-06-18,Home & Kitchen,0.0,256.74,,20.0,2.0,0.0,0.0,2,18,25,6,2,169,0,0.9749279121818236,-0.22252093395631434,1.2246467991473532e-16,-1.0,0.0,1,0.0,1,0.0,1,2.0,1,0.0,0.0,0.0,0.0,0.21428571428571427,0.25,0.7005289007177041,0.0,3.0,0.0,0,256.74,0.0,0.0,False,False,False,False,False,True,False,False,False,True,False,False,False,False,False,False,False,False,False,False,False,False,False,False,False,False,False,False,False,False,False,False,False,False,True,False
USA,Coffee Maker,2025-06-19,Home & Kitchen,1.0,150.78,0.07,20.0,2.0,1.0,0.0,3,19,25,6,2,170,0,0.43388373911755823,-0.900968867902419,1.2246467991473532e-16,-1.0,0.0,1,0.0,1,0.0,1,0.0,1,0.0,0.0,0.0,0.0,0.21428571428571427,0.17857142857142858,0.6118321864193146,0.0,3.0,0.0,1,256.74,-105.96000000000001,-0.41271325075952325,False,False,False,False,False,True,False,False,False,True,False,False,False,False,False,False,False,False,False,False,False,False,False,False,False,False,False,False,False,False,False,False,False,False,True,False
USA,Coffee Maker,2025-06-20,Home & Kitchen,0.0,150.78,,20.0,2.0,0.0,0.0,4,20,25,6,2,171,0,-0.433883739117558,-0.9009688679024191,1.2246467991473532e-16,-1.0,1.0,1,0.0,1,3.0,1,0.0,1,0.14285714285714285,0.3779644730092473,0.0,1.0,0.2857142857142857,0.21428571428571427,0.6299407883487235,0.0,3.0,0.6666666666666666,0,150.78,0.0,0.0,False,False,False,False,False,True,False,False,False,True,False,False,False,False,False,False,False,False,False,False,False,False,False,False,False,False,False,False,False,False,False,False,False,False,True,False
USA,Coffee Maker,2025-06-21,Home & Kitchen,0.0,150.78,,20.0,2.0,0.0,0.0,5,21,25,6,2,172,1,-0.9749279121818236,-0.2225209339563146,1.2246467991473532e-16,-1.0,0.0,1,0.0,1,0.0,1,0.0,1,0.14285714285714285,0.3779644730092473,0.0,1.0,0.07142857142857142,0.21428571428571427,0.6299407883487235,0.0,3.0,0.6666666666666666,0,150.78,0.0,0.0,False,False,False,False,False,True,False,False,False,True,False,False,False,False,False,False,False,False,False,False,False,False,False,False,False,False,False,False,False,False,False,False,False,False,True,False
USA,Coffee Maker,2025-06-22,Home & Kitchen,0.0,150.78,,20.0,2.0,0.0,0.0,6,22,25,6,2,173,1,-0.7818314824680299,0.6234898018587334,1.2246467991473532e-16,-1.0,0.0,1,0.0,1,0.0,1,0.0,1,0.14285714285714285,0.3779644730092473,0.0,1.0,0.07142857142857142,0.21428571428571427,0.6299407883487235,0.0,3.0,0.6666666666666666,0,150.78,0.0,0.0,False,False,False,False,False,True,False,False,False,True,False,False,False,False,False,False,False,False,False,False,False,False,False,False,False,False,False,False,False,False,False,False,False,False,True,False
USA,Coffee Maker,2025-06-23,Home & Kitchen,0.0,150.78,,20.0,2.0,0.0,0.0,0,23,26,6,2,174,0,0.0,1.0,1.2246467991473532e-16,-1.0,0.0,1,0.0,1,0.0,1,0.0,1,0.14285714285714285,0.3779644730092473,0.0,1.0,0.07142857142857142,0.21428571428571427,0.6299407883487235,0.0,3.0,0.6666666666666666,0,150.78,0.0,0.0,False,False,False,False,False,True,False,False,False,True,False,False,False,False,False,False,False,False,False,False,False,False,False,False,False,False,False,False,False,False,False,False,False,False,True,False
USA,Coffee Maker,2025-06-24,Home & Kitchen,0.0,150.78,,20.0,2.0,0.0,0.0,1,24,26,6,2,175,0,0.7818314824680298,0.6234898018587336,1.2246467991473532e-16,-1.0,0.0,1,0.0,1,0.0,1,0.0,1,0.14285714285714285,0.3779644730092473,0.0,1.0,0.07142857142857142,0.21428571428571427,0.6299407883487235,0.0,3.0,0.6666666666666666,0,150.78,0.0,0.0,False,False,False,False,False,True,False,False,False,True,False,False,False,False,False,False,False,False,False,False,False,False,False,False,False,False,False,False,False,False,False,False,False,False,True,False
USA,Coffee Maker,2025-06-25,Home & Kitchen,3.0,255.17,0.01,20.0,2.0,1.0,0.0,2,25,26,6,2,176,0,0.9749279121818236,-0.22252093395631434,1.2246467991473532e-16,-1.0,0.0,1,0.0,1,0.0,1,0.0,1,0.14285714285714285,0.3779644730092473,0.0,1.0,0.07142857142857142,0.21428571428571427,0.6299407883487235,0.0,3.0,0.6666666666666666,1,150.78,104.38999999999999,0.6923332006897466,False,False,False,False,False,True,False,False,False,True,False,False,False,False,False,False,False,False,False,False,False,False,False,False,False,False,False,False,False,False,False,False,False,False,True,False
USA,Coffee Maker,2025-06-26,Home & Kitchen,0.0,255.17,,20.0,2.0,0.0,0.0,3,26,26,6,2,177,0,0.43388373911755823,-0.900968867902419,1.2246467991473532e-16,-1.0,3.0,1,1.0,1,0.0,1,0.0,1,0.5714285714285714,1.1338934190276877,0.0,3.0,0.2857142857142857,0.32142857142857145,0.818923024853334,0.0,3.0,1.7777777777777775,0,255.17,0.0,0.0,False,False,False,False,False,True,False,False,False,True,False,False,False,False,False,False,False,False,False,False,False,False,False,False,False,False,False,False,False,False,False,False,False,False,True,False
USA,Coffee Maker,2025-06-27,Home & Kitchen,3.0,198.95,0.1,20.0,2.0,1.0,0.0,4,27,26,6,2,178,0,-0.433883739117558,-0.9009688679024191,1.2246467991473532e-16,-1.0,0.0,1,0.0,1,0.0,1,0.0,1,0.42857142857142855,1.133893419027688,0.0,3.0,0.2857142857142857,0.32142857142857145,0.818923024853334,0.0,3.0,1.3333333333333333,1,255.17,-56.22,-0.22032370576478427,False,False,False,False,False,True,False,False,False,True,False,False,False,False,False,False,False,False,False,False,False,False,False,False,False,False,False,False,False,False,False,False,False,False,True,False
USA,Coffee Maker,2025-06-28,Home & Kitchen,3.0,222.66,0.12,20.0,2.0,1.0,0.0,5,28,26,6,2,179,1,-0.9749279121818236,-0.2225209339563146,1.2246467991473532e-16,-1.0,3.0,1,0.0,1,0.0,1,1.0,1,0.8571428571428571,1.463850109422804,0.0,3.0,0.5,0.42857142857142855,0.9594972228385727,0.0,3.0,2.0,1,198.95,23.710000000000008,0.11917567227946725,False,False,False,False,False,True,False,False,False,True,False,False,False,False,False,False,False,False,False,False,False,False,False,False,False,False,False,False,False,False,False,False,False,False,True,False
USA,Coffee Maker,2025-06-29,Home & Kitchen,0.0,222.66,,20.0,2.0,0.0,0.0,6,29,26,6,2,180,1,-0.7818314824680299,0.6234898018587334,1.2246467991473532e-16,-1.0,3.0,1,0.0,1,0.0,1,0.0,1,1.2857142857142858,1.6035674514745497,0.0,3.0,0.7142857142857143,0.5,1.0715167512214454,0.0,3.0,2.5714285714285716,0,222.66,0.0,0.0,False,False,False,False,False,True,False,False,False,True,False,False,False,False,False,False,False,False,False,False,False,False,False,False,False,False,False,False,False,False,False,False,False,False,True,False
USA,Coffee Maker,2025-06-30,Home & Kitchen,0.0,222.66,,20.0,2.0,0.0,0.0,0,30,27,6,2,181,0,0.0,1.0,1.2246467991473532e-16,-1.0,0.0,1,0.0,1,0.0,1,0.0,1,1.2857142857142858,1.6035674514745497,0.0,3.0,0.7142857142857143,0.5,1.0715167512214454,0.0,3.0,2.5714285714285716,0,222.66,0.0,0.0,False,False,False,False,False,True,False,False,False,True,False,False,False,False,False,False,False,False,False,False,False,False,False,False,False,False,False,False,False,False,False,False,False,False,True,False
USA,Coffee Maker,2025-07-01,Home & Kitchen,0.0,222.66,,20.0,2.0,0.0,0.0,1,1,27,7,3,182,0,0.7818314824680298,0.6234898018587336,-0.4999999999999997,-0.8660254037844388,0.0,1,0.0,1,0.0,1,1.0,1,1.2857142857142858,1.6035674514745497,0.0,3.0,0.7142857142857143,0.5,1.0715167512214454,0.0,3.0,2.5714285714285716,0,222.66,0.0,0.0,False,False,False,False,False,True,False,False,False,True,False,False,False,False,False,False,False,False,False,False,False,False,False,False,False,False,False,False,False,False,False,False,False,False,True,False
USA,Coffee Maker,2025-07-02,Home & Kitchen,0.0,222.66,,20.0,2.0,0.0,0.0,2,2,27,7,3,183,0,0.9749279121818236,-0.22252093395631434,-0.4999999999999997,-0.8660254037844388,0.0,1,3.0,1,0.0,1,0.0,1,1.2857142857142858,1.6035674514745497,0.0,3.0,0.7142857142857143,0.4642857142857143,1.0708993401928164,0.0,3.0,2.769230769230769,0,222.66,0.0,0.0,False,False,False,False,False,True,False,False,False,True,False,False,False,False,False,False,False,False,False,False,False,False,False,False,False,False,False,False,False,False,False,False,False,False,True,False
USA,Coffee Maker,2025-07-03,Home & Kitchen,0.0,222.66,,20.0,2.0,0.0,0.0,3,3,27,7,3,184,0,0.43388373911755823,-0.900968867902419,-0.4999999999999997,-0.8660254037844388,0.0,1,0.0,1,1.0,1,0.0,1,0.8571428571428571,1.4638501094228042,0.0,3.0,0.7142857142857143,0.4642857142857143,1.0708993401928164,0.0,3.0,1.846153846153846,0,222.66,0.0,0.0,False,False,False,False,False,True,False,False,False,True,False,False,False,False,False,False,False,False,False,False,False,False,False,False,False,False,False,False,False,False,False,False,False,False,True,False
USA,Coffee Maker,2025-07-04,Home & Kitchen,0.0,222.66,,20.0,2.0,0.0,0.0,4,4,27,7,3,185,0,-0.433883739117558,-0.9009688679024191,-0.4999999999999997,-0.8660254037844388,0.0,1,3.0,1,0.0,1,3.0,1,0.8571428571428571,1.4638501094228042,0.0,3.0,0.6428571428571429,0.4642857142857143,1.0708993401928164,0.0,3.0,1.846153846153846,0,222.66,0.0,0.0,False,False,False,False,False,True,False,False,False,True,False,False,False,False,False,False,False,False,False,False,False,False,False,False,False,False,False,False,False,False,False,False,False,False,True,False
USA,Coffee Maker,2025-07-05,Home & Kitchen,0.0,222.66,,20.0,2.0,0.0,0.0,5,5,27,7,3,186,1,-0.9749279121818236,-0.2225209339563146,-0.4999999999999997,-0.8660254037844388,0.0,1,3.0,1,0.0,1,0.0,1,0.42857142857142855,1.1338934190276881,0.0,3.0,0.6428571428571429,0.35714285714285715,0.951189731211349,0.0,3.0,1.2,0,222.66,0.0,0.0,False,False,False,False,False,True,False,False,False,True,False,False,False,False,False,False,False,False,False,False,False,False,False,False,False,False,False,False,False,False,False,False,False,False,True,False
USA,Coffee Maker,2025-07-06,Home & Kitchen,0.0,222.66,,20.0,2.0,0.0,0.0,6,6,27,7,3,187,1,-0.7818314824680299,0.6234898018587334,-0.4999999999999997,-0.8660254037844388,0.0,1,0.0,1,0.0,1,0.0,1,0.0,0.0,0.0,0.0,0.6428571428571429,0.35714285714285715,0.951189731211349,0.0,3.0,0.0,0,222.66,0.0,0.0,False,False,False,False,False,True,False,False,False,True,False,False,False,False,False,False,False,False,False,False,False,False,False,False,False,False,False,False,False,False,False,False,False,False,True,False
USA,Coffee Maker,2025-07-07,Home & Kitchen,0.0,222.66,,20.0,2.0,0.0,0.0,0,7,28,7,3,188,0,0.0,1.0,-0.4999999999999997,-0.8660254037844388,0.0,1,0.0,1,0.0,1,0.0,1,0.0,0.0,0.0,0.0,0.6428571428571429,0.35714285714285715,0.951189731211349,0.0,3.0,0.0,0,222.66,0.0,0.0,False,False,False,False,False,True,False,False,False,True,False,False,False,False,False,False,False,False,False,False,False,False,False,False,False,False,False,False,False,False,False,False,False,False,True,False
USA,Coffee Maker,2025-07-08,Home & Kitchen,0.0,222.66,,20.0,2.0,0.0,0.0,1,8,28,7,3,189,0,0.7818314824680298,0.6234898018587336,-0.4999999999999997,-0.8660254037844388,0.0,1,0.0,1,0.0,1,0.0,1,0.0,0.0,0.0,0.0,0.6428571428571429,0.35714285714285715,0.951189731211349,0.0,3.0,0.0,0,222.66,0.0,0.0,False,False,False,False,False,True,False,False,False,True,False,False,False,False,False,False,False,False,False,False,False,False,False,False,False,False,False,False,False,False,False,False,False,False,True,False
USA,Coffee Maker,2025-07-09,Home & Kitchen,0.0,222.66,,20.0,2.0,0.0,0.0,2,9,28,7,3,190,0,0.9749279121818236,-0.22252093395631434,-0.4999999999999997,-0.8660254037844388,0.0,1,0.0,1,3.0,1,0.0,1,0.0,0.0,0.0,0.0,0.6428571428571429,0.35714285714285715,0.951189731211349,0.0,3.0,0.0,0,222.66,0.0,0.0,False,False,False,False,False,True,False,False,False,True,False,False,False,False,False,False,False,False,False,False,False,False,False,False,False,False,False,False,False,False,False,False,False,False,True,False
USA,Coffee Maker,2025-07-10,Home & Kitchen,0.0,222.66,,20.0,2.0,0.0,0.0,3,10,28,7,3,191,0,0.43388373911755823,-0.900968867902419,-0.4999999999999997,-0.8660254037844388,0.0,1,0.0,1,0.0,1,0.0,1,0.0,0.0,0.0,0.0,0.42857142857142855,0.35714285714285715,0.951189731211349,0.0,3.0,0.0,0,222.66,0.0,0.0,False,False,False,False,False,True,False,False,False,True,False,False,False,False,False,False,False,False,False,False,False,False,False,False,False,False,False,False,False,False,False,False,False,False,True,False
USA,Coffee Maker,2025-07-11,Home & Kitchen,0.0,222.66,,20.0,2.0,0.0,0.0,4,11,28,7,3,192,0,-0.433883739117558,-0.9009688679024191,-0.4999999999999997,-0.8660254037844388,0.0,1,0.0,1,3.0,1,0.0,1,0.0,0.0,0.0,0.0,0.42857142857142855,0.35714285714285715,0.951189731211349,0.0,3.0,0.0,0,222.66,0.0,0.0,False,False,False,False,False,True,False,False,False,True,False,False,False,False,False,False,False,False,False,False,False,False,False,False,False,False,False,False,False,False,False,False,False,False,True,False
USA,Coffee Maker,2025-07-12,Home & Kitchen,2.0,248.08,0.02,20.0,2.0,1.0,0.0,5,12,28,7,3,193,1,-0.9749279121818236,-0.2225209339563146,-0.4999999999999997,-0.8660254037844388,0.0,1,0.0,1,3.0,1,0.0,1,0.0,0.0,0.0,0.0,0.21428571428571427,0.35714285714285715,0.951189731211349,0.0,3.0,0.0,1,222.66,25.420000000000016,0.11416509476331634,False,False,False,False,False,True,False,False,False,True,False,False,False,False,False,False,False,False,False,False,False,False,False,False,False,False,False,False,False,False,False,False,False,False,True,False
USA,Coffee Maker,2025-07-13,Home & Kitchen,1.0,195.9,0.1,20.0,2.0,1.0,0.0,6,13,28,7,3,194,1,-0.7818314824680299,0.6234898018587334,-0.4999999999999997,-0.8660254037844388,2.0,1,0.0,1,0.0,1,0.0,1,0.2857142857142857,0.7559289460184644,0.0,2.0,0.14285714285714285,0.42857142857142855,0.9973509887241341,0.0,3.0,0.6666666666666666,1,248.08,-52.18000000000001,-0.21033537568526284,False,False,False,False,False,True,False,False,False,True,False,False,False,False,False,False,False,False,False,False,False,False,False,False,False,False,False,False,False,False,False,False,False,False,True,False
USA,Coffee Maker,2025-07-14,Home & Kitchen,0.0,195.9,,20.0,2.0,0.0,0.0,0,14,29,7,3,195,0,0.0,1.0,-0.4999999999999997,-0.8660254037844388,1.0,1,0.0,1,0.0,1,0.0,1,0.42857142857142855,0.7867957924694523,0.0,2.0,0.21428571428571427,0.4642857142857143,0.9993384054849795,0.0,3.0,0.923076923076923,0,195.9,0.0,0.0,False,False,False,False,False,True,False,False,False,True,False,False,False,False,False,False,False,False,False,False,False,False,False,False,False,False,False,False,False,False,False,False,False,False,True,False
USA,Coffee Maker,2025-07-15,Home & Kitchen,0.0,195.9,,20.0,2.0,0.0,0.0,1,15,29,7,3,196,0,0.7818314824680298,0.6234898018587336,-0.4999999999999997,-0.8660254037844388,0.0,1,0.0,1,0.0,1,0.0,1,0.42857142857142855,0.7867957924694523,0.0,2.0,0.21428571428571427,0.4642857142857143,0.9993384054849795,0.0,3.0,0.923076923076923,0,195.9,0.0,0.0,False,False,False,False,False,True,False,False,False,True,False,False,False,False,False,False,False,False,False,False,False,False,False,False,False,False,False,False,False,False,False,False,False,False,True,False
USA,Coffee Maker,2025-07-16,Home & Kitchen,0.0,195.9,,20.0,2.0,0.0,0.0,2,16,29,7,3,197,0,0.9749279121818236,-0.22252093395631434,-0.4999999999999997,-0.8660254037844388,0.0,1,0.0,1,0.0,1,0.0,1,0.42857142857142855,0.7867957924694523,0.0,2.0,0.21428571428571427,0.4642857142857143,0.9993384054849795,0.0,3.0,0.923076923076923,0,195.9,0.0,0.0,False,False,False,False,False,True,False,False,False,True,False,False,False,False,False,False,False,False,False,False,False,False,False,False,False,False,False,False,False,False,False,False,False,False,True,False
USA,Coffee Maker,2025-07-17,Home & Kitchen,0.0,195.9,,20.0,2.0,0.0,0.0,3,17,29,7,3,198,0,0.43388373911755823,-0.900968867902419,-0.4999999999999997,-0.8660254037844388,0.0,1,0.0,1,0.0,1,1.0,1,0.42857142857142855,0.7867957924694523,0.0,2.0,0.21428571428571427,0.4642857142857143,0.9993384054849795,0.0,3.0,0.923076923076923,0,195.9,0.0,0.0,False,False,False,False,False,True,False,False,False,True,False,False,False,False,False,False,False,False,False,False,False,False,False,False,False,False,False,False,False,False,False,False,False,False,True,False
USA,Coffee Maker,2025-07-18,Home & Kitchen,0.0,195.9,,20.0,2.0,0.0,0.0,4,18,29,7,3,199,0,-0.433883739117558,-0.9009688679024191,-0.4999999999999997,-0.8660254037844388,0.0,1,0.0,1,0.0,1,0.0,1,0.42857142857142855,0.7867957924694523,0.0,2.0,0.21428571428571427,0.42857142857142855,0.9973509887241341,0.0,3.0,1.0,0,195.9,0.0,0.0,False,False,False,False,False,True,False,False,False,True,False,False,False,False,False,False,False,False,False,False,False,False,False,False,False,False,False,False,False,False,False,False,False,False,True,False
USA,Coffee Maker,2025-07-19,Home & Kitchen,0.0,195.9,,20.0,2.0,0.0,0.0,5,19,29,7,3,200,1,-0.9749279121818236,-0.2225209339563146,-0.4999999999999997,-0.8660254037844388,0.0,1,2.0,1,0.0,1,0.0,1,0.42857142857142855,0.7867957924694523,0.0,2.0,0.21428571428571427,0.42857142857142855,0.9973509887241341,0.0,3.0,1.0,0,195.9,0.0,0.0,False,False,False,False,False,True,False,False,False,True,False,False,False,False,False,False,False,False,False,False,False,False,False,False,False,False,False,False,False,False,False,False,False,False,True,False
USA,Coffee Maker,2025-07-20,Home & Kitchen,0.0,195.9,,20.0,2.0,0.0,0.0,6,20,29,7,3,201,1,-0.7818314824680299,0.6234898018587334,-0.4999999999999997,-0.8660254037844388,0.0,1,1.0,1,0.0,1,0.0,1,0.14285714285714285,0.37796447300924774,0.0,1.0,0.21428571428571427,0.42857142857142855,0.9973509887241341,0.0,3.0,0.3333333333333333,0,195.9,0.0,0.0,False,False,False,False,False,True,False,False,False,True,False,False,False,False,False,False,False,False,False,False,False,False,False,False,False,False,False,False,False,False,False,False,False,False,True,False
USA,Coffee Maker,2025-07-21,Home & Kitchen,0.0,195.9,,20.0,2.0,0.0,0.0,0,21,30,7,3,202,0,0.0,1.0,-0.4999999999999997,-0.8660254037844388,0.0,1,0.0,1,0.0,1,0.0,1,0.0,0.0,0.0,0.0,0.21428571428571427,0.42857142857142855,0.9973509887241341,0.0,3.0,0.0,0,195.9,0.0,0.0,False,False,False,False,False,True,False,False,False,True,False,False,False,False,False,False,False,False,False,False,False,False,False,False,False,False,False,False,False,False,False,False,False,False,True,False
USA,Coffee Maker,2025-07-22,Home & Kitchen,1.0,166.11,0.08,20.0,2.0,1.0,0.0,1,22,30,7,3,203,0,0.7818314824680298,0.6234898018587336,-0.4999999999999997,-0.8660254037844388,0.0,1,0.0,1,0.0,1,0.0,1,0.0,0.0,0.0,0.0,0.21428571428571427,0.42857142857142855,0.9973509887241341,0.0,3.0,0.0,1,195.9,-29.789999999999992,-0.15206738131699843,False,False,False,False,False,True,False,False,False,True,False,False,False,False,False,False,False,False,False,False,False,False,False,False,False,False,False,False,False,False,False,False,False,False,True,False
USA,Coffee Maker,2025-07-23,Home & Kitchen,0.0,166.11,,20.0,2.0,0.0,0.0,2,23,30,7,3,204,0,0.9749279121818236,-0.22252093395631434,-0.4999999999999997,-0.8660254037844388,1.0,1,0.0,1,0.0,1,3.0,1,0.14285714285714285,0.37796447300924774,0.0,1.0,0.2857142857142857,0.4642857142857143,0.9993384054849795,0.0,3.0,0.30769230769230765,0,166.11,0.0,0.0,False,False,False,False,False,True,False,False,False,True,False,False,False,False,False,False,False,False,False,False,False,False,False,False,False,False,False,False,False,False,False,False,False,False,True,False
USA,Coffee Maker,2025-07-24,Home & Kitchen,0.0,166.11,,20.0,2.0,0.0,0.0,3,24,30,7,3,205,0,0.43388373911755823,-0.900968867902419,-0.4999999999999997,-0.8660254037844388,0.0,1,0.0,1,0.0,1,0.0,1,0.14285714285714285,0.37796447300924774,0.0,1.0,0.2857142857142857,0.35714285714285715,0.8698354767505002,0.0,3.0,0.39999999999999997,0,166.11,0.0,0.0,False,False,False,False,False,True,False,False,False,True,False,False,False,False,False,False,False,False,False,False,False,False,False,False,False,False,False,False,False,False,False,False,False,False,True,False
USA,Coffee Maker,2025-07-25,Home & Kitchen,0.0,166.11,,20.0,2.0,0.0,0.0,4,25,30,7,3,206,0,-0.433883739117558,-0.9009688679024191,-0.4999999999999997,-0.8660254037844388,0.0,1,0.0,1,0.0,1,3.0,1,0.14285714285714285,0.37796447300924774,0.0,1.0,0.2857142857142857,0.35714285714285715,0.8698354767505002,0.0,3.0,0.39999999999999997,0,166.11,0.0,0.0,False,False,False,False,False,True,False,False,False,True,False,False,False,False,False,False,False,False,False,False,False,False,False,False,False,False,False,False,False,False,False,False,False,False,True,False
USA,Coffee Maker,2025-07-26,Home & Kitchen,0.0,166.11,,20.0,2.0,0.0,0.0,5,26,30,7,3,207,1,-0.9749279121818236,-0.2225209339563146,-0.4999999999999997,-0.8660254037844388,0.0,1,0.0,1,2.0,1,3.0,1,0.14285714285714285,0.37796447300924774,0.0,1.0,0.2857142857142857,0.25,0.7005289007177041,0.0,3.0,0.5714285714285714,0,166.11,0.0,0.0,False,False,False,False,False,True,False,False,False,True,False,False,False,False,False,False,False,False,False,False,False,False,False,False,False,False,False,False,False,False,False,False,False,False,True,False
USA,Coffee Maker,2025-07-27,Home & Kitchen,0.0,166.11,,20.0,2.0,0.0,0.0,6,27,30,7,3,208,1,-0.7818314824680299,0.6234898018587334,-0.4999999999999997,-0.8660254037844388,0.0,1,0.0,1,1.0,1,0.0,1,0.14285714285714285,0.37796447300924774,0.0,1.0,0.14285714285714285,0.14285714285714285,0.4483951394230495,0.0,2.0,1.0,0,166.11,0.0,0.0,False,False,False,False,False,True,False,False,False,True,False,False,False,False,False,False,False,False,False,False,False,False,False,False,False,False,False,False,False,False,False,False,False,False,True,False
USA,Coffee Maker,2025-07-28,Home & Kitchen,0.0,166.11,,20.0,2.0,0.0,0.0,0,28,31,7,3,209,0,0.0,1.0,-0.4999999999999997,-0.8660254037844388,0.0,1,0.0,1,0.0,1,0.0,1,0.14285714285714285,0.37796447300924774,0.0,1.0,0.07142857142857142,0.14285714285714285,0.4483951394230495,0.0,2.0,1.0,0,166.11,0.0,0.0,False,False,False,False,False,True,False,False,False,True,False,False,False,False,False,False,False,False,False,False,False,False,False,False,False,False,False,False,False,False,False,False,False,False,True,False
USA,Coffee Maker,2025-07-29,Home & Kitchen,0.0,166.11,,20.0,2.0,0.0,0.0,1,29,31,7,3,210,0,0.7818314824680298,0.6234898018587336,-0.4999999999999997,-0.8660254037844388,0.0,1,1.0,1,0.0,1,0.0,1,0.14285714285714285,0.37796447300924774,0.0,1.0,0.07142857142857142,0.14285714285714285,0.4483951394230495,0.0,2.0,1.0,0,166.11,0.0,0.0,False,False,False,False,False,True,False,False,False,True,False,False,False,False,False,False,False,False,False,False,False,False,False,False,False,False,False,False,False,False,False,False,False,False,True,False
USA,Coffee Maker,2025-07-30,Home & Kitchen,0.0,166.11,,20.0,2.0,0.0,0.0,2,30,31,7,3,211,0,0.9749279121818236,-0.22252093395631434,-0.4999999999999997,-0.8660254037844388,0.0,1,0.0,1,0.0,1,0.0,1,0.0,0.0,0.0,0.0,0.07142857142857142,0.14285714285714285,0.4483951394230495,0.0,2.0,0.0,0,166.11,0.0,0.0,False,False,False,False,False,True,False,False,False,True,False,False,False,False,False,False,False,False,False,False,False,False,False,False,False,False,False,False,False,False,False,False,False,False,True,False
USA,Coffee Maker,2025-07-31,Home & Kitchen,0.0,166.11,,20.0,2.0,0.0,0.0,3,31,31,7,3,212,0,0.43388373911755823,-0.900968867902419,-0.4999999999999997,-0.8660254037844388,0.0,1,0.0,1,0.0,1,0.0,1,0.0,0.0,0.0,0.0,0.07142857142857142,0.14285714285714285,0.4483951394230495,0.0,2.0,0.0,0,166.11,0.0,0.0,False,False,False,False,False,True,False,False,False,True,False,False,False,False,False,False,False,False,False,False,False,False,False,False,False,False,False,False,False,False,False,False,False,False,True,False
USA,Coffee Maker,2025-08-01,Home & Kitchen,0.0,166.11,,20.0,2.0,0.0,0.0,4,1,31,8,3,213,0,-0.433883739117558,-0.9009688679024191,-0.8660254037844385,-0.5000000000000004,0.0,1,0.0,1,0.0,1,0.0,1,0.0,0.0,0.0,0.0,0.07142857142857142,0.14285714285714285,0.4483951394230495,0.0,2.0,0.0,0,166.11,0.0,0.0,False,False,False,False,False,True,False,False,False,True,False,False,False,False,False,False,False,False,False,False,False,False,False,False,False,False,False,False,False,False,False,False,False,False,True,False
USA,Coffee Maker,2025-08-02,Home & Kitchen,0.0,166.11,,20.0,2.0,0.0,0.0,5,2,31,8,3,214,1,-0.9749279121818236,-0.2225209339563146,-0.8660254037844385,-0.5000000000000004,0.0,1,0.0,1,0.0,1,0.0,1,0.0,0.0,0.0,0.0,0.07142857142857142,0.14285714285714285,0.4483951394230495,0.0,2.0,0.0,0,166.11,0.0,0.0,False,False,False,False,False,True,False,False,False,True,False,False,False,False,False,False,False,False,False,False,False,False,False,False,False,False,False,False,False,False,False,False,False,False,True,False
USA,Coffee Maker,2025-08-03,Home & Kitchen,0.0,166.11,,20.0,2.0,0.0,0.0,6,3,31,8,3,215,1,-0.7818314824680299,0.6234898018587334,-0.8660254037844385,-0.5000000000000004,0.0,1,0.0,1,0.0,1,0.0,1,0.0,0.0,0.0,0.0,0.07142857142857142,0.14285714285714285,0.4483951394230495,0.0,2.0,0.0,0,166.11,0.0,0.0,False,False,False,False,False,True,False,False,False,True,False,False,False,False,False,False,False,False,False,False,False,False,False,False,False,False,False,False,False,False,False,False,False,False,True,False
USA,Coffee Maker,2025-08-04,Home & Kitchen,0.0,166.11,,20.0,2.0,0.0,0.0,0,4,32,8,3,216,0,0.0,1.0,-0.8660254037844385,-0.5000000000000004,0.0,1,0.0,1,0.0,1,0.0,1,0.0,0.0,0.0,0.0,0.07142857142857142,0.14285714285714285,0.4483951394230495,0.0,2.0,0.0,0,166.11,0.0,0.0,False,False,False,False,False,True,False,False,False,True,False,False,False,False,False,False,False,False,False,False,False,False,False,False,False,False,False,False,False,False,False,False,False,False,True,False
USA,Coffee Maker,2025-08-05,Home & Kitchen,3.0,105.19,0.01,20.0,2.0,1.0,0.0,1,5,32,8,3,217,0,0.7818314824680298,0.6234898018587336,-0.8660254037844385,-0.5000000000000004,0.0,1,0.0,1,1.0,1,0.0,1,0.0,0.0,0.0,0.0,0.07142857142857142,0.14285714285714285,0.4483951394230495,0.0,2.0,0.0,1,166.11,-60.920000000000016,-0.36674492805971953,False,False,False,False,False,True,False,False,False,True,False,False,False,False,False,False,False,False,False,False,False,False,False,False,False,False,False,False,False,False,False,False,False,False,True,False
USA,Coffee Maker,2025-08-06,Home & Kitchen,0.0,105.19,,20.0,2.0,0.0,0.0,2,6,32,8,3,218,0,0.9749279121818236,-0.22252093395631434,-0.8660254037844385,-0.5000000000000004,3.0,1,0.0,1,0.0,1,0.0,1,0.42857142857142855,1.133893419027688,0.0,3.0,0.21428571428571427,0.25,0.7005289007177041,0.0,3.0,1.7142857142857142,0,105.19,0.0,0.0,False,False,False,False,False,True,False,False,False,True,False,False,False,False,False,False,False,False,False,False,False,False,False,False,False,False,False,False,False,False,False,False,False,False,True,False
USA,Coffee Maker,2025-08-07,Home & Kitchen,0.0,105.19,,20.0,2.0,0.0,0.0,3,7,32,8,3,219,0,0.43388373911755823,-0.900968867902419,-0.8660254037844385,-0.5000000000000004,0.0,1,0.0,1,0.0,1,0.0,1,0.42857142857142855,1.133893419027688,0.0,3.0,0.21428571428571427,0.25,0.7005289007177041,0.0,3.0,1.7142857142857142,0,105.19,0.0,0.0,False,False,False,False,False,True,False,False,False,True,False,False,False,False,False,False,False,False,False,False,False,False,False,False,False,False,False,False,False,False,False,False,False,False,True,False
USA,Coffee Maker,2025-08-08,Home & Kitchen,0.0,105.19,,20.0,2.0,0.0,0.0,4,8,32,8,3,220,0,-0.433883739117558,-0.9009688679024191,-0.8660254037844385,-0.5000000000000004,0.0,1,0.0,1,0.0,1,0.0,1,0.42857142857142855,1.133893419027688,0.0,3.0,0.21428571428571427,0.25,0.7005289007177041,0.0,3.0,1.7142857142857142,0,105.19,0.0,0.0,False,False,False,False,False,True,False,False,False,True,False,False,False,False,False,False,False,False,False,False,False,False,False,False,False,False,False,False,False,False,False,False,False,False,True,False
USA,Coffee Maker,2025-08-09,Home & Kitchen,0.0,105.19,,20.0,2.0,0.0,0.0,5,9,32,8,3,221,1,-0.9749279121818236,-0.2225209339563146,-0.8660254037844385,-0.5000000000000004,0.0,1,0.0,1,0.0,1,2.0,1,0.42857142857142855,1.133893419027688,0.0,3.0,0.21428571428571427,0.25,0.7005289007177041,0.0,3.0,1.7142857142857142,0,105.19,0.0,0.0,False,False,False,False,False,True,False,False,False,True,False,False,False,False,False,False,False,False,False,False,False,False,False,False,False,False,False,False,False,False,False,False,False,False,True,False
USA,Coffee Maker,2025-08-10,Home & Kitchen,0.0,105.19,,20.0,2.0,0.0,0.0,6,10,32,8,3,222,1,-0.7818314824680299,0.6234898018587334,-0.8660254037844385,-0.5000000000000004,0.0,1,0.0,1,0.0,1,1.0,1,0.42857142857142855,1.133893419027688,0.0,3.0,0.21428571428571427,0.17857142857142858,0.6118321864193147,0.0,3.0,2.4,0,105.19,0.0,0.0,False,False,False,False,False,True,False,False,False,True,False,False,False,False,False,False,False,False,False,False,False,False,False,False,False,False,False,False,False,False,False,False,False,False,True,False
USA,Coffee Maker,2025-08-11,Home & Kitchen,0.0,105.19,,20.0,2.0,0.0,0.0,0,11,33,8,3,223,0,0.0,1.0,-0.8660254037844385,-0.5000000000000004,0.0,1,0.0,1,0.0,1,0.0,1,0.42857142857142855,1.133893419027688,0.0,3.0,0.21428571428571427,0.14285714285714285,0.5909368402852916,0.0,3.0,3.0,0,105.19,0.0,0.0,False,False,False,False,False,True,False,False,False,True,False,False,False,False,False,False,False,False,False,False,False,False,False,False,False,False,False,False,False,False,False,False,False,False,True,False
USA,Coffee Maker,2025-08-12,Home & Kitchen,1.0,181.3,0.1,20.0,2.0,1.0,0.0,1,12,33,8,3,224,0,0.7818314824680298,0.6234898018587336,-0.8660254037844385,-0.5000000000000004,0.0,1,3.0,1,0.0,1,0.0,1,0.42857142857142855,1.133893419027688,0.0,3.0,0.21428571428571427,0.14285714285714285,0.5909368402852916,0.0,3.0,3.0,1,105.19,76.11000000000001,0.723547865766708,False,False,False,False,False,True,False,False,False,True,False,False,False,False,False,False,False,False,False,False,False,False,False,False,False,False,False,False,False,False,False,False,False,False,True,False
USA,Coffee Maker,2025-08-13,Home & Kitchen,0.0,181.3,,20.0,2.0,0.0,0.0,2,13,33,8,3,225,0,0.9749279121818236,-0.22252093395631434,-0.8660254037844385,-0.5000000000000004,1.0,1,0.0,1,0.0,1,0.0,1,0.14285714285714285,0.3779644730092477,0.0,1.0,0.2857142857142857,0.17857142857142858,0.6118321864193147,0.0,3.0,0.7999999999999999,0,181.3,0.0,0.0,False,False,False,False,False,True,False,False,False,True,False,False,False,False,False,False,False,False,False,False,False,False,False,False,False,False,False,False,False,False,False,False,False,False,True,False
USA,Coffee Maker,2025-08-14,Home & Kitchen,0.0,181.3,,20.0,2.0,0.0,0.0,3,14,33,8,3,226,0,0.43388373911755823,-0.900968867902419,-0.8660254037844385,-0.5000000000000004,0.0,1,0.0,1,0.0,1,0.0,1,0.14285714285714285,0.3779644730092477,0.0,1.0,0.2857142857142857,0.17857142857142858,0.6118321864193147,0.0,3.0,0.7999999999999999,0,181.3,0.0,0.0,False,False,False,False,False,True,False,False,False,True,False,False,False,False,False,False,False,False,False,False,False,False,False,False,False,False,False,False,False,False,False,False,False,False,True,False
USA,Coffee Maker,2025-08-15,Home & Kitchen,2.0,177.2,0.11,20.0,2.0,1.0,0.0,4,15,33,8,3,227,0,-0.433883739117558,-0.9009688679024191,-0.8660254037844385,-0.5000000000000004,0.0,1,0.0,1,0.0,1,0.0,1,0.14285714285714285,0.3779644730092477,0.0,1.0,0.2857142857142857,0.17857142857142858,0.6118321864193147,0.0,3.0,0.7999999999999999,1,181.3,-4.100000000000023,-0.02261445118587988,False,False,False,False,False,True,False,False,False,True,False,False,False,False,False,False,False,False,False,False,False,False,False,False,False,False,False,False,False,False,False,False,False,False,True,False
USA,Coffee Maker,2025-08-16,Home & Kitchen,0.0,177.2,,20.0,2.0,0.0,0.0,5,16,33,8,3,228,1,-0.9749279121818236,-0.2225209339563146,-0.8660254037844385,-0.5000000000000004,2.0,1,0.0,1,0.0,1,0.0,1,0.42857142857142855,0.7867957924694523,0.0,2.0,0.42857142857142855,0.25,0.7005289007177041,0.0,3.0,1.7142857142857142,0,177.2,0.0,0.0,False,False,False,False,False,True,False,False,False,True,False,False,False,False,False,False,False,False,False,False,False,False,False,False,False,False,False,False,False,False,False,False,False,False,True,False
USA,Coffee Maker,2025-08-17,Home & Kitchen,0.0,177.2,,20.0,2.0,0.0,0.0,6,17,33,8,3,229,1,-0.7818314824680299,0.6234898018587334,-0.8660254037844385,-0.5000000000000004,0.0,1,0.0,1,0.0,1,0.0,1,0.42857142857142855,0.7867957924694523,0.0,2.0,0.42857142857142855,0.25,0.7005289007177041,0.0,3.0,1.7142857142857142,0,177.2,0.0,0.0,False,False,False,False,False,True,False,False,False,True,False,False,False,False,False,False,False,False,False,False,False,False,False,False,False,False,False,False,False,False,False,False,False,False,True,False
USA,Coffee Maker,2025-08-18,Home & Kitchen,0.0,177.2,,20.0,2.0,0.0,0.0,0,18,34,8,3,230,0,0.0,1.0,-0.8660254037844385,-0.5000000000000004,0.0,1,0.0,1,0.0,1,0.0,1,0.42857142857142855,0.7867957924694523,0.0,2.0,0.42857142857142855,0.25,0.7005289007177041,0.0,3.0,1.7142857142857142,0,177.2,0.0,0.0,False,False,False,False,False,True,False,False,False,True,False,False,False,False,False,False,False,False,False,False,False,False,False,False,False,False,False,False,False,False,False,False,False,False,True,False
USA,Coffee Maker,2025-08-19,Home & Kitchen,0.0,177.2,,20.0,2.0,0.0,0.0,1,19,34,8,3,231,0,0.7818314824680298,0.6234898018587336,-0.8660254037844385,-0.5000000000000004,0.0,1,1.0,1,3.0,1,1.0,1,0.42857142857142855,0.7867957924694523,0.0,2.0,0.42857142857142855,0.25,0.7005289007177041,0.0,3.0,1.7142857142857142,0,177.2,0.0,0.0,False,False,False,False,False,True,False,False,False,True,False,False,False,False,False,False,False,False,False,False,False,False,False,False,False,False,False,False,False,False,False,False,False,False,True,False
USA,Coffee Maker,2025-08-20,Home & Kitchen,0.0,177.2,,20.0,2.0,0.0,0.0,2,20,34,8,3,232,0,0.9749279121818236,-0.22252093395631434,-0.8660254037844385,-0.5000000000000004,0.0,1,0.0,1,0.0,1,0.0,1,0.2857142857142857,0.7559289460184644,0.0,2.0,0.21428571428571427,0.21428571428571427,0.6862211530545276,0.0,3.0,1.3333333333333333,0,177.2,0.0,0.0,False,False,False,False,False,True,False,False,False,True,False,False,False,False,False,False,False,False,False,False,False,False,False,False,False,False,False,False,False,False,False,False,False,False,True,False
USA,Coffee Maker,2025-08-21,Home & Kitchen,0.0,177.2,,20.0,2.0,0.0,0.0,3,21,34,8,3,233,0,0.43388373911755823,-0.900968867902419,-0.8660254037844385,-0.5000000000000004,0.0,1,0.0,1,0.0,1,0.0,1,0.2857142857142857,0.7559289460184644,0.0,2.0,0.21428571428571427,0.21428571428571427,0.6862211530545276,0.0,3.0,1.3333333333333333,0,177.2,0.0,0.0,False,False,False,False,False,True,False,False,False,True,False,False,False,False,False,False,False,False,False,False,False,False,False,False,False,False,False,False,False,False,False,False,False,False,True,False
USA,Coffee Maker,2025-08-22,Home & Kitchen,0.0,177.2,,20.0,2.0,0.0,0.0,4,22,34,8,3,234,0,-0.433883739117558,-0.9009688679024191,-0.8660254037844385,-0.5000000000000004,0.0,1,2.0,1,0.0,1,0.0,1,0.2857142857142857,0.7559289460184644,0.0,2.0,0.21428571428571427,0.21428571428571427,0.6862211530545276,0.0,3.0,1.3333333333333333,0,177.2,0.0,0.0,False,False,False,False,False,True,False,False,False,True,False,False,False,False,False,False,False,False,False,False,False,False,False,False,False,False,False,False,False,False,False,False,False,False,True,False
USA,Coffee Maker,2025-08-23,Home & Kitchen,0.0,177.2,,20.0,2.0,0.0,0.0,5,23,34,8,3,235,1,-0.9749279121818236,-0.2225209339563146,-0.8660254037844385,-0.5000000000000004,0.0,1,0.0,1,0.0,1,0.0,1,0.0,0.0,0.0,0.0,0.21428571428571427,0.21428571428571427,0.6862211530545276,0.0,3.0,0.0,0,177.2,0.0,0.0,False,False,False,False,False,True,False,False,False,True,False,False,False,False,False,False,False,False,False,False,False,False,False,False,False,False,False,False,False,False,False,False,False,False,True,False
USA,Coffee Maker,2025-08-24,Home & Kitchen,0.0,177.2,,20.0,2.0,0.0,0.0,6,24,34,8,3,236,1,-0.7818314824680299,0.6234898018587334,-0.8660254037844385,-0.5000000000000004,0.0,1,0.0,1,0.0,1,0.0,1,0.0,0.0,0.0,0.0,0.21428571428571427,0.21428571428571427,0.6862211530545276,0.0,3.0,0.0,0,177.2,0.0,0.0,False,False,False,False,False,True,False,False,False,True,False,False,False,False,False,False,False,False,False,False,False,False,False,False,False,False,False,False,False,False,False,False,False,False,True,False
USA,Coffee Maker,2025-08-25,Home & Kitchen,0.0,177.2,,20.0,2.0,0.0,0.0,0,25,35,8,3,237,0,0.0,1.0,-0.8660254037844385,-0.5000000000000004,0.0,1,0.0,1,0.0,1,0.0,1,0.0,0.0,0.0,0.0,0.21428571428571427,0.21428571428571427,0.6862211530545276,0.0,3.0,0.0,0,177.2,0.0,0.0,False,False,False,False,False,True,False,False,False,True,False,False,False,False,False,False,False,False,False,False,False,False,False,False,False,False,False,False,False,False,False,False,False,False,True,False
USA,Coffee Maker,2025-08-26,Home & Kitchen,0.0,177.2,,20.0,2.0,0.0,0.0,1,26,35,8,3,238,0,0.7818314824680298,0.6234898018587336,-0.8660254037844385,-0.5000000000000004,0.0,1,0.0,1,1.0,1,0.0,1,0.0,0.0,0.0,0.0,0.21428571428571427,0.21428571428571427,0.6862211530545276,0.0,3.0,0.0,0,177.2,0.0,0.0,False,False,False,False,False,True,False,False,False,True,False,False,False,False,False,False,False,False,False,False,False,False,False,False,False,False,False,False,False,False,False,False,False,False,True,False
USA,Coffee Maker,2025-08-27,Home & Kitchen,1.0,172.35,0.11,20.0,2.0,1.0,0.0,2,27,35,8,3,239,0,0.9749279121818236,-0.22252093395631434,-0.8660254037844385,-0.5000000000000004,0.0,1,0.0,1,0.0,1,0.0,1,0.0,0.0,0.0,0.0,0.14285714285714285,0.21428571428571427,0.6862211530545276,0.0,3.0,0.0,1,177.2,-4.849999999999994,-0.02737020316027085,False,False,False,False,False,True,False,False,False,True,False,False,False,False,False,False,False,False,False,False,False,False,False,False,False,False,False,False,False,False,False,False,False,False,True,False
USA,Coffee Maker,2025-08-28,Home & Kitchen,0.0,172.35,,20.0,2.0,0.0,0.0,3,28,35,8,3,240,0,0.43388373911755823,-0.900968867902419,-0.8660254037844385,-0.5000000000000004,1.0,1,0.0,1,0.0,1,0.0,1,0.14285714285714285,0.3779644730092477,0.0,1.0,0.21428571428571427,0.25,0.7005289007177041,0.0,3.0,0.5714285714285714,0,172.35,0.0,0.0,False,False,False,False,False,True,False,False,False,True,False,False,False,False,False,False,False,False,False,False,False,False,False,False,False,False,False,False,False,False,False,False,False,False,True,False
USA,Coffee Maker,2025-08-29,Home & Kitchen,0.0,172.35,,20.0,2.0,0.0,0.0,4,29,35,8,3,241,0,-0.433883739117558,-0.9009688679024191,-0.8660254037844385,-0.5000000000000004,0.0,1,0.0,1,2.0,1,0.0,1,0.14285714285714285,0.3779644730092477,0.0,1.0,0.21428571428571427,0.25,0.7005289007177041,0.0,3.0,0.5714285714285714,0,172.35,0.0,0.0,False,False,False,False,False,True,False,False,False,True,False,False,False,False,False,False,False,False,False,False,False,False,False,False,False,False,False,False,False,False,False,False,False,False,True,False
USA,Coffee Maker,2025-08-30,Home & Kitchen,0.0,172.35,,20.0,2.0,0.0,0.0,5,30,35,8,3,242,1,-0.9749279121818236,-0.2225209339563146,-0.8660254037844385,-0.5000000000000004,0.0,1,0.0,1,0.0,1,0.0,1,0.14285714285714285,0.3779644730092477,0.0,1.0,0.07142857142857142,0.25,0.7005289007177041,0.0,3.0,0.5714285714285714,0,172.35,0.0,0.0,False,False,False,False,False,True,False,False,False,True,False,False,False,False,False,False,False,False,False,False,False,False,False,False,False,False,False,False,False,False,False,False,False,False,True,False
USA,Coffee Maker,2025-08-31,Home & Kitchen,2.0,279.94,0.09,20.0,2.0,1.0,0.0,6,31,35,8,3,243,1,-0.7818314824680299,0.6234898018587334,-0.8660254037844385,-0.5000000000000004,0.0,1,0.0,1,0.0,1,0.0,1,0.14285714285714285,0.3779644730092477,0.0,1.0,0.07142857142857142,0.25,0.7005289007177041,0.0,3.0,0.5714285714285714,1,172.35,107.59,0.6242529736002321,False,False,False,False,False,True,False,False,False,True,False,False,False,False,False,False,False,False,False,False,False,False,False,False,False,False,False,False,False,False,False,False,False,False,True,False
USA,Coffee Maker,2025-09-01,Home & Kitchen,0.0,279.94,,20.0,2.0,0.0,0.0,0,1,36,9,3,244,0,0.0,1.0,-1.0,-1.8369701987210297e-16,2.0,1,0.0,1,0.0,1,0.0,1,0.42857142857142855,0.7867957924694523,0.0,2.0,0.21428571428571427,0.32142857142857145,0.772373514927111,0.0,3.0,1.3333333333333333,0,279.94,0.0,0.0,False,False,False,False,False,True,False,False,False,True,False,False,False,False,False,False,False,False,False,False,False,False,False,False,False,False,False,False,False,False,False,False,False,False,True,False
USA,Coffee Maker,2025-09-02,Home & Kitchen,3.0,69.96,0.04,20.0,2.0,1.0,0.0,1,2,36,9,3,245,0,0.7818314824680298,0.6234898018587336,-1.0,-1.8369701987210297e-16,0.0,1,0.0,1,0.0,1,3.0,1,0.42857142857142855,0.7867957924694523,0.0,2.0,0.21428571428571427,0.32142857142857145,0.772373514927111,0.0,3.0,1.3333333333333333,1,279.94,-209.98000000000002,-0.7500893048510395,False,False,False,False,False,True,False,False,False,True,False,False,False,False,False,False,False,False,False,False,False,False,False,False,False,False,False,False,False,False,False,False,False,False,True,False
USA,Coffee Maker,2025-09-03,Home & Kitchen,0.0,69.96,,20.0,2.0,0.0,0.0,2,3,36,9,3,246,0,0.9749279121818236,-0.22252093395631434,-1.0,-1.8369701987210297e-16,3.0,1,1.0,1,0.0,1,0.0,1,0.8571428571428571,1.214985792587917,0.0,3.0,0.42857142857142855,0.32142857142857145,0.772373514927111,0.0,3.0,2.6666666666666665,0,69.96,0.0,0.0,False,False,False,False,False,True,False,False,False,True,False,False,False,False,False,False,False,False,False,False,False,False,False,False,False,False,False,False,False,False,False,False,False,False,True,False
USA,Coffee Maker,2025-09-04,Home & Kitchen,0.0,69.96,,20.0,2.0,0.0,0.0,3,4,36,9,3,247,0,0.43388373911755823,-0.900968867902419,-1.0,-1.8369701987210297e-16,0.0,1,0.0,1,0.0,1,0.0,1,0.7142857142857143,1.2535663410560227,0.0,3.0,0.42857142857142855,0.32142857142857145,0.772373514927111,0.0,3.0,2.2222222222222223,0,69.96,0.0,0.0,False,False,False,False,False,True,False,False,False,True,False,False,False,False,False,False,False,False,False,False,False,False,False,False,False,False,False,False,False,False,False,False,False,False,True,False
USA,Coffee Maker,2025-09-05,Home & Kitchen,0.0,69.96,,20.0,2.0,0.0,0.0,4,5,36,9,3,248,0,-0.433883739117558,-0.9009688679024191,-1.0,-1.8369701987210297e-16,0.0,1,0.0,1,0.0,1,0.0,1,0.7142857142857143,1.2535663410560227,0.0,3.0,0.42857142857142855,0.32142857142857145,0.772373514927111,0.0,3.0,2.2222222222222223,0,69.96,0.0,0.0,False,False,False,False,False,True,False,False,False,True,False,False,False,False,False,False,False,False,False,False,False,False,False,False,False,False,False,False,False,False,False,False,False,False,True,False
USA,Coffee Maker,2025-09-06,Home & Kitchen,0.0,69.96,,20.0,2.0,0.0,0.0,5,6,36,9,3,249,1,-0.9749279121818236,-0.2225209339563146,-1.0,-1.8369701987210297e-16,0.0,1,0.0,1,0.0,1,0.0,1,0.7142857142857143,1.2535663410560227,0.0,3.0,0.42857142857142855,0.32142857142857145,0.772373514927111,0.0,3.0,2.2222222222222223,0,69.96,0.0,0.0,False,False,False,False,False,True,False,False,False,True,False,False,False,False,False,False,False,False,False,False,False,False,False,False,False,False,False,False,False,False,False,False,False,False,True,False
USA,Coffee Maker,2025-09-07,Home & Kitchen,0.0,69.96,,20.0,2.0,0.0,0.0,6,7,36,9,3,250,1,-0.7818314824680299,0.6234898018587334,-1.0,-1.8369701987210297e-16,0.0,1,2.0,1,0.0,1,0.0,1,0.7142857142857143,1.2535663410560227,0.0,3.0,0.42857142857142855,0.32142857142857145,0.772373514927111,0.0,3.0,2.2222222222222223,0,69.96,0.0,0.0,False,False,False,False,False,True,False,False,False,True,False,False,False,False,False,False,False,False,False,False,False,False,False,False,False,False,False,False,False,False,False,False,False,False,True,False
USA,Coffee Maker,2025-09-08,Home & Kitchen,0.0,69.96,,20.0,2.0,0.0,0.0,0,8,37,9,3,251,0,0.0,1.0,-1.0,-1.8369701987210297e-16,0.0,1,0.0,1,0.0,1,0.0,1,0.42857142857142855,1.1338934190276881,0.0,3.0,0.42857142857142855,0.32142857142857145,0.772373514927111,0.0,3.0,1.3333333333333333,0,69.96,0.0,0.0,False,False,False,False,False,True,False,False,False,True,False,False,False,False,False,False,False,False,False,False,False,False,False,False,False,False,False,False,False,False,False,False,False,False,True,False
USA,Coffee Maker,2025-09-09,Home & Kitchen,0.0,69.96,,20.0,2.0,0.0,0.0,1,9,37,9,3,252,0,0.7818314824680298,0.6234898018587336,-1.0,-1.8369701987210297e-16,0.0,1,3.0,1,0.0,1,1.0,1,0.42857142857142855,1.1338934190276881,0.0,3.0,0.42857142857142855,0.32142857142857145,0.772373514927111,0.0,3.0,1.3333333333333333,0,69.96,0.0,0.0,False,False,False,False,False,True,False,False,False,True,False,False,False,False,False,False,False,False,False,False,False,False,False,False,False,False,False,False,False,False,False,False,False,False,True,False
USA,Coffee Maker,2025-09-10,Home & Kitchen,0.0,69.96,,20.0,2.0,0.0,0.0,2,10,37,9,3,253,0,0.9749279121818236,-0.22252093395631434,-1.0,-1.8369701987210297e-16,0.0,1,0.0,1,1.0,1,0.0,1,0.0,0.0,0.0,0.0,0.42857142857142855,0.2857142857142857,0.7628961803617815,0.0,3.0,0.0,0,69.96,0.0,0.0,False,False,False,False,False,True,False,False,False,True,False,False,False,False,False,False,False,False,False,False,False,False,False,False,False,False,False,False,False,False,False,False,False,False,True,False
USA,Coffee Maker,2025-09-11,Home & Kitchen,0.0,69.96,,20.0,2.0,0.0,0.0,3,11,37,9,3,254,0,0.43388373911755823,-0.900968867902419,-1.0,-1.8369701987210297e-16,0.0,1,0.0,1,0.0,1,0.0,1,0.0,0.0,0.0,0.0,0.35714285714285715,0.2857142857142857,0.7628961803617815,0.0,3.0,0.0,0,69.96,0.0,0.0,False,False,False,False,False,True,False,False,False,True,False,False,False,False,False,False,False,False,False,False,False,False,False,False,False,False,False,False,False,False,False,False,False,False,True,False
USA,Coffee Maker,2025-09-12,Home & Kitchen,0.0,69.96,,20.0,2.0,0.0,0.0,4,12,37,9,3,255,0,-0.433883739117558,-0.9009688679024191,-1.0,-1.8369701987210297e-16,0.0,1,0.0,1,0.0,1,2.0,1,0.0,0.0,0.0,0.0,0.35714285714285715,0.2857142857142857,0.7628961803617815,0.0,3.0,0.0,0,69.96,0.0,0.0,False,False,False,False,False,True,False,False,False,True,False,False,False,False,False,False,False,False,False,False,False,False,False,False,False,False,False,False,False,False,False,False,False,False,True,False
USA,Coffee Maker,2025-09-13,Home & Kitchen,0.0,69.96,,20.0,2.0,0.0,0.0,5,13,37,9,3,256,1,-0.9749279121818236,-0.2225209339563146,-1.0,-1.8369701987210297e-16,0.0,1,0.0,1,0.0,1,0.0,1,0.0,0.0,0.0,0.0,0.35714285714285715,0.21428571428571427,0.6862211530545276,0.0,3.0,0.0,0,69.96,0.0,0.0,False,False,False,False,False,True,False,False,False,True,False,False,False,False,False,False,False,False,False,False,False,False,False,False,False,False,False,False,False,False,False,False,False,False,True,False
USA,Coffee Maker,2025-09-14,Home & Kitchen,0.0,69.96,,20.0,2.0,0.0,0.0,6,14,37,9,3,257,1,-0.7818314824680299,0.6234898018587334,-1.0,-1.8369701987210297e-16,0.0,1,0.0,1,2.0,1,0.0,1,0.0,0.0,0.0,0.0,0.35714285714285715,0.21428571428571427,0.6862211530545276,0.0,3.0,0.0,0,69.96,0.0,0.0,False,False,False,False,False,True,False,False,False,True,False,False,False,False,False,False,False,False,False,False,False,False,False,False,False,False,False,False,False,False,False,False,False,False,True,False
USA,Coffee Maker,2025-09-15,Home & Kitchen,0.0,69.96,,20.0,2.0,0.0,0.0,0,15,38,9,3,258,0,0.0,1.0,-1.0,-1.8369701987210297e-16,0.0,1,0.0,1,0.0,1,0.0,1,0.0,0.0,0.0,0.0,0.21428571428571427,0.21428571428571427,0.6862211530545276,0.0,3.0,0.0,0,69.96,0.0,0.0,False,False,False,False,False,True,False,False,False,True,False,False,False,False,False,False,False,False,False,False,False,False,False,False,False,False,False,False,False,False,False,False,False,False,True,False
USA,Coffee Maker,2025-09-16,Home & Kitchen,0.0,69.96,,20.0,2.0,0.0,0.0,1,16,38,9,3,259,0,0.7818314824680298,0.6234898018587336,-1.0,-1.8369701987210297e-16,0.0,1,0.0,1,3.0,1,0.0,1,0.0,0.0,0.0,0.0,0.21428571428571427,0.21428571428571427,0.6862211530545276,0.0,3.0,0.0,0,69.96,0.0,0.0,False,False,False,False,False,True,False,False,False,True,False,False,False,False,False,False,False,False,False,False,False,False,False,False,False,False,False,False,False,False,False,False,False,False,True,False
USA,Coffee Maker,2025-09-17,Home & Kitchen,0.0,69.96,,20.0,2.0,0.0,0.0,2,17,38,9,3,260,0,0.9749279121818236,-0.22252093395631434,-1.0,-1.8369701987210297e-16,0.0,1,0.0,1,0.0,1,0.0,1,0.0,0.0,0.0,0.0,0.0,0.21428571428571427,0.6862211530545276,0.0,3.0,0.0,0,69.96,0.0,0.0,False,False,False,False,False,True,False,False,False,True,False,False,False,False,False,False,False,False,False,False,False,False,False,False,False,False,False,False,False,False,False,False,False,False,True,False
USA,Coffee Maker,2025-09-18,Home & Kitchen,0.0,69.96,,20.0,2.0,0.0,0.0,3,18,38,9,3,261,0,0.43388373911755823,-0.900968867902419,-1.0,-1.8369701987210297e-16,0.0,1,0.0,1,0.0,1,0.0,1,0.0,0.0,0.0,0.0,0.0,0.21428571428571427,0.6862211530545276,0.0,3.0,0.0,0,69.96,0.0,0.0,False,False,False,False,False,True,False,False,False,True,False,False,False,False,False,False,False,False,False,False,False,False,False,False,False,False,False,False,False,False,False,False,False,False,True,False
USA,Coffee Maker,2025-09-19,Home & Kitchen,0.0,69.96,,20.0,2.0,0.0,0.0,4,19,38,9,3,262,0,-0.433883739117558,-0.9009688679024191,-1.0,-1.8369701987210297e-16,0.0,1,0.0,1,0.0,1,0.0,1,0.0,0.0,0.0,0.0,0.0,0.21428571428571427,0.6862211530545276,0.0,3.0,0.0,0,69.96,0.0,0.0,False,False,False,False,False,True,False,False,False,True,False,False,False,False,False,False,False,False,False,False,False,False,False,False,False,False,False,False,False,False,False,False,False,False,True,False
USA,Coffee Maker,2025-09-20,Home & Kitchen,0.0,69.96,,20.0,2.0,0.0,0.0,5,20,38,9,3,263,1,-0.9749279121818236,-0.2225209339563146,-1.0,-1.8369701987210297e-16,0.0,1,0.0,1,0.0,1,0.0,1,0.0,0.0,0.0,0.0,0.0,0.21428571428571427,0.6862211530545276,0.0,3.0,0.0,0,69.96,0.0,0.0,False,False,False,False,False,True,False,False,False,True,False,False,False,False,False,False,False,False,False,False,False,False,False,False,False,False,False,False,False,False,False,False,False,False,True,False
USA,Coffee Maker,2025-09-21,Home & Kitchen,0.0,69.96,,20.0,2.0,0.0,0.0,6,21,38,9,3,264,1,-0.7818314824680299,0.6234898018587334,-1.0,-1.8369701987210297e-16,0.0,1,0.0,1,0.0,1,0.0,1,0.0,0.0,0.0,0.0,0.0,0.21428571428571427,0.6862211530545276,0.0,3.0,0.0,0,69.96,0.0,0.0,False,False,False,False,False,True,False,False,False,True,False,False,False,False,False,False,False,False,False,False,False,False,False,False,False,False,False,False,False,False,False,False,False,False,True,False
USA,Coffee Maker,2025-09-22,Home & Kitchen,0.0,69.96,,20.0,2.0,0.0,0.0,0,22,39,9,3,265,0,0.0,1.0,-1.0,-1.8369701987210297e-16,0.0,1,0.0,1,0.0,1,0.0,1,0.0,0.0,0.0,0.0,0.0,0.21428571428571427,0.6862211530545276,0.0,3.0,0.0,0,69.96,0.0,0.0,False,False,False,False,False,True,False,False,False,True,False,False,False,False,False,False,False,False,False,False,False,False,False,False,False,False,False,False,False,False,False,False,False,False,True,False
USA,Coffee Maker,2025-09-23,Home & Kitchen,0.0,69.96,,20.0,2.0,0.0,0.0,1,23,39,9,3,266,0,0.7818314824680298,0.6234898018587336,-1.0,-1.8369701987210297e-16,0.0,1,0.0,1,0.0,1,0.0,1,0.0,0.0,0.0,0.0,0.0,0.21428571428571427,0.6862211530545276,0.0,3.0,0.0,0,69.96,0.0,0.0,False,False,False,False,False,True,False,False,False,True,False,False,False,False,False,False,False,False,False,False,False,False,False,False,False,False,False,False,False,False,False,False,False,False,True,False
USA,Coffee Maker,2025-09-24,Home & Kitchen,1.0,123.45,0.03,20.0,2.0,1.0,0.0,2,24,39,9,3,267,0,0.9749279121818236,-0.22252093395631434,-1.0,-1.8369701987210297e-16,0.0,1,0.0,1,0.0,1,1.0,1,0.0,0.0,0.0,0.0,0.0,0.21428571428571427,0.6862211530545276,0.0,3.0,0.0,1,69.96,53.49000000000001,0.7645797598627789,False,False,False,False,False,True,False,False,False,True,False,False,False,False,False,False,False,False,False,False,False,False,False,False,False,False,False,False,False,False,False,False,False,False,True,False
USA,Coffee Maker,2025-09-25,Home & Kitchen,0.0,123.45,,20.0,2.0,0.0,0.0,3,25,39,9,3,268,0,0.43388373911755823,-0.900968867902419,-1.0,-1.8369701987210297e-16,1.0,1,0.0,1,0.0,1,0.0,1,0.14285714285714285,0.3779644730092478,0.0,1.0,0.07142857142857142,0.21428571428571427,0.6862211530545276,0.0,3.0,0.6666666666666666,0,123.45,0.0,0.0,False,False,False,False,False,True,False,False,False,True,False,False,False,False,False,False,False,False,False,False,False,False,False,False,False,False,False,False,False,False,False,False,False,False,True,False
USA,Coffee Maker,2025-09-26,Home & Kitchen,0.0,123.45,,20.0,2.0,0.0,0.0,4,26,39,9,3,269,0,-0.433883739117558,-0.9009688679024191,-1.0,-1.8369701987210297e-16,0.0,1,0.0,1,0.0,1,0.0,1,0.14285714285714285,0.3779644730092478,0.0,1.0,0.07142857142857142,0.21428571428571427,0.6862211530545276,0.0,3.0,0.6666666666666666,0,123.45,0.0,0.0,False,False,False,False,False,True,False,False,False,True,False,False,False,False,False,False,False,False,False,False,False,False,False,False,False,False,False,False,False,False,False,False,False,False,True,False
USA,Coffee Maker,2025-09-27,Home & Kitchen,0.0,123.45,,20.0,2.0,0.0,0.0,5,27,39,9,3,270,1,-0.9749279121818236,-0.2225209339563146,-1.0,-1.8369701987210297e-16,0.0,1,0.0,1,0.0,1,0.0,1,0.14285714285714285,0.3779644730092478,0.0,1.0,0.07142857142857142,0.21428571428571427,0.6862211530545276,0.0,3.0,0.6666666666666666,0,123.45,0.0,0.0,False,False,False,False,False,True,False,False,False,True,False,False,False,False,False,False,False,False,False,False,False,False,False,False,False,False,False,False,False,False,False,False,False,False,True,False
USA,Coffee Maker,2025-09-28,Home & Kitchen,0.0,123.45,,20.0,2.0,0.0,0.0,6,28,39,9,3,271,1,-0.7818314824680299,0.6234898018587334,-1.0,-1.8369701987210297e-16,0.0,1,0.0,1,0.0,1,2.0,1,0.14285714285714285,0.3779644730092478,0.0,1.0,0.07142857142857142,0.21428571428571427,0.6862211530545276,0.0,3.0,0.6666666666666666,0,123.45,0.0,0.0,False,False,False,False,False,True,False,False,False,True,False,False,False,False,False,False,False,False,False,False,False,False,False,False,False,False,False,False,False,False,False,False,False,False,True,False
USA,Coffee Maker,2025-09-29,Home & Kitchen,0.0,123.45,,20.0,2.0,0.0,0.0,0,29,40,9,3,272,0,0.0,1.0,-1.0,-1.8369701987210297e-16,0.0,1,0.0,1,0.0,1,0.0,1,0.14285714285714285,0.3779644730092478,0.0,1.0,0.07142857142857142,0.14285714285714285,0.5909368402852916,0.0,3.0,1.0,0,123.45,0.0,0.0,False,False,False,False,False,True,False,False,False,True,False,False,False,False,False,False,False,False,False,False,False,False,False,False,False,False,False,False,False,False,False,False,False,False,True,False
USA,Coffee Maker,2025-09-30,Home & Kitchen,0.0,123.45,,20.0,2.0,0.0,0.0,1,30,40,9,3,273,0,0.7818314824680298,0.6234898018587336,-1.0,-1.8369701987210297e-16,0.0,1,0.0,1,0.0,1,3.0,1,0.14285714285714285,0.3779644730092478,0.0,1.0,0.07142857142857142,0.14285714285714285,0.5909368402852916,0.0,3.0,1.0,0,123.45,0.0,0.0,False,False,False,False,False,True,False,False,False,True,False,False,False,False,False,False,False,False,False,False,False,False,False,False,False,False,False,False,False,False,False,False,False,False,True,False
USA,Coffee Maker,2025-10-01,Home & Kitchen,0.0,123.45,,20.0,2.0,0.0,0.0,2,1,40,10,4,274,0,0.9749279121818236,-0.22252093395631434,-0.8660254037844386,0.5000000000000001,0.0,1,1.0,1,0.0,1,0.0,1,0.14285714285714285,0.3779644730092478,0.0,1.0,0.07142857142857142,0.03571428571428571,0.18898223650465495,0.0,1.0,4.0,0,123.45,0.0,0.0,False,False,False,False,False,True,False,False,False,True,False,False,False,False,False,False,False,False,False,False,False,False,False,False,False,False,False,False,False,False,False,False,False,False,True,False
USA,Coffee Maker,2025-10-02,Home & Kitchen,0.0,123.45,,20.0,2.0,0.0,0.0,3,2,40,10,4,275,0,0.43388373911755823,-0.900968867902419,-0.8660254037844386,0.5000000000000001,0.0,1,0.0,1,0.0,1,0.0,1,0.0,0.0,0.0,0.0,0.07142857142857142,0.03571428571428571,0.18898223650465495,0.0,1.0,0.0,0,123.45,0.0,0.0,False,False,False,False,False,True,False,False,False,True,False,False,False,False,False,False,False,False,False,False,False,False,False,False,False,False,False,False,False,False,False,False,False,False,True,False
USA,Coffee Maker,2025-10-03,Home & Kitchen,0.0,123.45,,20.0,2.0,0.0,0.0,4,3,40,10,4,276,0,-0.433883739117558,-0.9009688679024191,-0.8660254037844386,0.5000000000000001,0.0,1,0.0,1,0.0,1,0.0,1,0.0,0.0,0.0,0.0,0.07142857142857142,0.03571428571428571,0.18898223650465495,0.0,1.0,0.0,0,123.45,0.0,0.0,False,False,False,False,False,True,False,False,False,True,False,False,False,False,False,False,False,False,False,False,False,False,False,False,False,False,False,False,False,False,False,False,False,False,True,False
USA,Coffee Maker,2025-10-04,Home & Kitchen,0.0,123.45,,20.0,2.0,0.0,0.0,5,4,40,10,4,277,1,-0.9749279121818236,-0.2225209339563146,-0.8660254037844386,0.5000000000000001,0.0,1,0.0,1,0.0,1,0.0,1,0.0,0.0,0.0,0.0,0.07142857142857142,0.03571428571428571,0.18898223650465495,0.0,1.0,0.0,0,123.45,0.0,0.0,False,False,False,False,False,True,False,False,False,True,False,False,False,False,False,False,False,False,False,False,False,False,False,False,False,False,False,False,False,False,False,False,False,False,True,False
USA,Coffee Maker,2025-10-05,Home & Kitchen,0.0,123.45,,20.0,2.0,0.0,0.0,6,5,40,10,4,278,1,-0.7818314824680299,0.6234898018587334,-0.8660254037844386,0.5000000000000001,0.0,1,0.0,1,0.0,1,0.0,1,0.0,0.0,0.0,0.0,0.07142857142857142,0.03571428571428571,0.18898223650465495,0.0,1.0,0.0,0,123.45,0.0,0.0,False,False,False,False,False,True,False,False,False,True,False,False,False,False,False,False,False,False,False,False,False,False,False,False,False,False,False,False,False,False,False,False,False,False,True,False
USA,Coffee Maker,2025-10-06,Home & Kitchen,0.0,123.45,,20.0,2.0,0.0,0.0,0,6,41,10,4,279,0,0.0,1.0,-0.8660254037844386,0.5000000000000001,0.0,1,0.0,1,0.0,1,0.0,1,0.0,0.0,0.0,0.0,0.07142857142857142,0.03571428571428571,0.18898223650465495,0.0,1.0,0.0,0,123.45,0.0,0.0,False,False,False,False,False,True,False,False,False,True,False,False,False,False,False,False,False,False,False,False,False,False,False,False,False,False,False,False,False,False,False,False,False,False,True,False
USA,Coffee Maker,2025-10-07,Home & Kitchen,0.0,123.45,,20.0,2.0,0.0,0.0,1,7,41,10,4,280,0,0.7818314824680298,0.6234898018587336,-0.8660254037844386,0.5000000000000001,0.0,1,0.0,1,0.0,1,0.0,1,0.0,0.0,0.0,0.0,0.07142857142857142,0.03571428571428571,0.18898223650465495,0.0,1.0,0.0,0,123.45,0.0,0.0,False,False,False,False,False,True,False,False,False,True,False,False,False,False,False,False,False,False,False,False,False,False,False,False,False,False,False,False,False,False,False,False,False,False,True,False
USA,Coffee Maker,2025-10-08,Home & Kitchen,0.0,123.45,,20.0,2.0,0.0,0.0,2,8,41,10,4,281,0,0.9749279121818236,-0.22252093395631434,-0.8660254037844386,0.5000000000000001,0.0,1,0.0,1,1.0,1,0.0,1,0.0,0.0,0.0,0.0,0.07142857142857142,0.03571428571428571,0.18898223650465495,0.0,1.0,0.0,0,123.45,0.0,0.0,False,False,False,False,False,True,False,False,False,True,False,False,False,False,False,False,False,False,False,False,False,False,False,False,False,False,False,False,False,False,False,False,False,False,True,False
USA,Coffee Maker,2025-10-09,Home & Kitchen,0.0,123.45,,20.0,2.0,0.0,0.0,3,9,41,10,4,282,0,0.43388373911755823,-0.900968867902419,-0.8660254037844386,0.5000000000000001,0.0,1,0.0,1,0.0,1,0.0,1,0.0,0.0,0.0,0.0,0.0,0.03571428571428571,0.18898223650465495,0.0,1.0,0.0,0,123.45,0.0,0.0,False,False,False,False,False,True,False,False,False,True,False,False,False,False,False,False,False,False,False,False,False,False,False,False,False,False,False,False,False,False,False,False,False,False,True,False
USA,Coffee Maker,2025-10-10,Home & Kitchen,0.0,123.45,,20.0,2.0,0.0,0.0,4,10,41,10,4,283,0,-0.433883739117558,-0.9009688679024191,-0.8660254037844386,0.5000000000000001,0.0,1,0.0,1,0.0,1,0.0,1,0.0,0.0,0.0,0.0,0.0,0.03571428571428571,0.18898223650465495,0.0,1.0,0.0,0,123.45,0.0,0.0,False,False,False,False,False,True,False,False,False,True,False,False,False,False,False,False,False,False,False,False,False,False,False,False,False,False,False,False,False,False,False,False,False,False,True,False
USA,Coffee Maker,2025-10-11,Home & Kitchen,0.0,123.45,,20.0,2.0,0.0,0.0,5,11,41,10,4,284,1,-0.9749279121818236,-0.2225209339563146,-0.8660254037844386,0.5000000000000001,0.0,1,0.0,1,0.0,1,0.0,1,0.0,0.0,0.0,0.0,0.0,0.03571428571428571,0.18898223650465495,0.0,1.0,0.0,0,123.45,0.0,0.0,False,False,False,False,False,True,False,False,False,True,False,False,False,False,False,False,False,False,False,False,False,False,False,False,False,False,False,False,False,False,False,False,False,False,True,False
USA,Coffee Maker,2025-10-12,Home & Kitchen,0.0,123.45,,20.0,2.0,0.0,0.0,6,12,41,10,4,285,1,-0.7818314824680299,0.6234898018587334,-0.8660254037844386,0.5000000000000001,0.0,1,0.0,1,0.0,1,0.0,1,0.0,0.0,0.0,0.0,0.0,0.03571428571428571,0.18898223650465495,0.0,1.0,0.0,0,123.45,0.0,0.0,False,False,False,False,False,True,False,False,False,True,False,False,False,False,False,False,False,False,False,False,False,False,False,False,False,False,False,False,False,False,False,False,False,False,True,False
USA,Coffee Maker,2025-10-13,Home & Kitchen,0.0,123.45,,20.0,2.0,0.0,0.0,0,13,42,10,4,286,0,0.0,1.0,-0.8660254037844386,0.5000000000000001,0.0,1,0.0,1,0.0,1,0.0,1,0.0,0.0,0.0,0.0,0.0,0.03571428571428571,0.18898223650465495,0.0,1.0,0.0,0,123.45,0.0,0.0,False,False,False,False,False,True,False,False,False,True,False,False,False,False,False,False,False,False,False,False,False,False,False,False,False,False,False,False,False,False,False,False,False,False,True,False
USA,Coffee Maker,2025-10-14,Home & Kitchen,5.0,120.58,0.08,20.0,2.0,1.0,1.0,1,14,42,10,4,287,0,0.7818314824680298,0.6234898018587336,-0.8660254037844386,0.5000000000000001,0.0,1,0.0,1,0.0,1,0.0,1,0.0,0.0,0.0,0.0,0.0,0.03571428571428571,0.18898223650465495,0.0,1.0,0.0,1,123.45,-2.8700000000000045,-0.02324827865532608,False,False,False,False,False,True,False,False,False,True,False,False,False,False,False,False,False,False,False,False,False,False,False,False,False,False,False,False,False,False,False,False,False,False,True,False
USA,Coffee Maker,2025-10-15,Home & Kitchen,5.0,99.845,0.11,20.0,2.0,1.0,1.0,2,15,42,10,4,288,0,0.9749279121818236,-0.22252093395631434,-0.8660254037844386,0.5000000000000001,5.0,1,0.0,1,0.0,1,0.0,1,0.7142857142857143,1.8898223650461397,0.0,5.0,0.35714285714285715,0.21428571428571427,0.9567360740266513,0.0,5.0,3.3333333333333335,1,120.58,-20.735,-0.17196052413335544,False,False,False,False,False,True,False,False,False,True,False,False,False,False,False,False,False,False,False,False,False,False,False,False,False,False,False,False,False,False,False,False,False,False,True,False
USA,Coffee Maker,2025-10-16,Home & Kitchen,0.0,99.845,,20.0,2.0,0.0,0.0,3,16,42,10,4,289,0,0.43388373911755823,-0.900968867902419,-0.8660254037844386,0.5000000000000001,5.0,1,0.0,1,0.0,1,0.0,1,1.4285714285714286,2.439750182371335,0.0,5.0,0.7142857142857143,0.39285714285714285,1.3148520748875108,0.0,5.0,3.6363636363636367,0,99.845,0.0,0.0,False,False,False,False,False,True,False,False,False,True,False,False,False,False,False,False,False,False,False,False,False,False,False,False,False,False,False,False,False,False,False,False,False,False,True,False
USA,Coffee Maker,2025-10-17,Home & Kitchen,1.0,221.95,0.09,20.0,2.0,1.0,0.0,4,17,42,10,4,290,0,-0.433883739117558,-0.9009688679024191,-0.8660254037844386,0.5000000000000001,0.0,1,0.0,1,0.0,1,0.0,1,1.4285714285714286,2.439750182371335,0.0,5.0,0.7142857142857143,0.39285714285714285,1.3148520748875108,0.0,5.0,3.6363636363636367,1,99.845,122.10499999999999,1.2229455656267214,False,False,False,False,False,True,False,False,False,True,False,False,False,False,False,False,False,False,False,False,False,False,False,False,False,False,False,False,False,False,False,False,False,False,True,False
USA,Coffee Maker,2025-10-18,Home & Kitchen,4.0,172.83499999999998,0.02,20.0,2.0,1.0,0.0,5,18,42,10,4,291,1,-0.9749279121818236,-0.2225209339563146,-0.8660254037844386,0.5000000000000001,1.0,1,0.0,1,0.0,1,0.0,1,1.5714285714285714,2.37045304088641,0.0,5.0,0.7857142857142857,0.42857142857142855,1.3173646934124768,0.0,5.0,3.666666666666667,1,221.95,-49.11500000000001,-0.22128857850867317,False,False,False,False,False,True,False,False,False,True,False,False,False,False,False,False,False,False,False,False,False,False,False,False,False,False,False,False,False,False,False,False,False,False,True,False
USA,Coffee Maker,2025-10-19,Home & Kitchen,0.0,172.83499999999998,,20.0,2.0,0.0,0.0,6,19,42,10,4,292,1,-0.7818314824680299,0.6234898018587334,-0.8660254037844386,0.5000000000000001,4.0,1,0.0,1,0.0,1,0.0,1,2.142857142857143,2.4102953780654803,0.0,5.0,1.0714285714285714,0.5714285714285714,1.4764464703788596,0.0,5.0,3.75,0,172.83499999999998,0.0,0.0,False,False,False,False,False,True,False,False,False,True,False,False,False,False,False,False,False,False,False,False,False,False,False,False,False,False,False,False,False,False,False,False,False,False,True,False
USA,Coffee Maker,2025-10-20,Home & Kitchen,0.0,172.83499999999998,,20.0,2.0,0.0,0.0,0,20,43,10,4,293,0,0.0,1.0,-0.8660254037844386,0.5000000000000001,0.0,1,0.0,1,0.0,1,0.0,1,2.142857142857143,2.4102953780654803,0.0,5.0,1.0714285714285714,0.5714285714285714,1.4764464703788596,0.0,5.0,3.75,0,172.83499999999998,0.0,0.0,False,False,False,False,False,True,False,False,False,True,False,False,False,False,False,False,False,False,False,False,False,False,False,False,False,False,False,False,False,False,False,False,False,False,True,False
USA,Coffee Maker,2025-10-21,Home & Kitchen,0.0,172.83499999999998,,20.0,2.0,0.0,0.0,1,21,43,10,4,294,0,0.7818314824680298,0.6234898018587336,-0.8660254037844386,0.5000000000000001,0.0,1,5.0,1,0.0,1,0.0,1,2.142857142857143,2.4102953780654803,0.0,5.0,1.0714285714285714,0.5714285714285714,1.4764464703788596,0.0,5.0,3.75,0,172.83499999999998,0.0,0.0,False,False,False,False,False,True,False,False,False,True,False,False,False,False,False,False,False,False,False,False,False,False,False,False,False,False,False,False,False,False,False,False,False,False,True,False
USA,Coffee Maker,2025-10-22,Home & Kitchen,0.0,172.83499999999998,,20.0,2.0,0.0,0.0,2,22,43,10,4,295,0,0.9749279121818236,-0.22252093395631434,-0.8660254037844386,0.5000000000000001,0.0,1,5.0,1,0.0,1,1.0,1,1.4285714285714286,2.1491969707422416,0.0,5.0,1.0714285714285714,0.5714285714285714,1.4764464703788596,0.0,5.0,2.5,0,172.83499999999998,0.0,0.0,False,False,False,False,False,True,False,False,False,True,False,False,False,False,False,False,False,False,False,False,False,False,False,False,False,False,False,False,False,False,False,False,False,False,True,False
USA,Coffee Maker,2025-10-23,Home & Kitchen,3.0,34.22,0.05,20.0,2.0,1.0,0.0,3,23,43,10,4,296,0,0.43388373911755823,-0.900968867902419,-0.8660254037844386,0.5000000000000001,0.0,1,0.0,1,0.0,1,0.0,1,0.7142857142857143,1.4960264830861951,0.0,4.0,1.0714285714285714,0.5357142857142857,1.477789712327991,0.0,5.0,1.3333333333333335,1,172.83499999999998,-138.61499999999998,-0.8020076952006249,False,False,False,False,False,True,False,False,False,True,False,False,False,False,False,False,False,False,False,False,False,False,False,False,False,False,False,False,False,False,False,False,False,False,True,False
USA,Coffee Maker,2025-10-24,Home & Kitchen,0.0,34.22,,20.0,2.0,0.0,0.0,4,24,43,10,4,297,0,-0.433883739117558,-0.9009688679024191,-0.8660254037844386,0.5000000000000001,3.0,1,1.0,1,0.0,1,0.0,1,1.1428571428571428,1.6761634196950546,0.0,4.0,1.2857142857142858,0.6428571428571429,1.5447470298542083,0.0,5.0,1.7777777777777775,0,34.22,0.0,0.0,False,False,False,False,False,True,False,False,False,True,False,False,False,False,False,False,False,False,False,False,False,False,False,False,False,False,False,False,False,False,False,False,False,False,True,False
USA,Coffee Maker,2025-10-25,Home & Kitchen,0.0,34.22,,20.0,2.0,0.0,0.0,5,25,43,10,4,298,1,-0.9749279121818236,-0.2225209339563146,-0.8660254037844386,0.5000000000000001,0.0,1,4.0,1,0.0,1,0.0,1,1.0,1.7320508075688803,0.0,4.0,1.2857142857142858,0.6428571428571429,1.5447470298542083,0.0,5.0,1.5555555555555554,0,34.22,0.0,0.0,False,False,False,False,False,True,False,False,False,True,False,False,False,False,False,False,False,False,False,False,False,False,False,False,False,False,False,False,False,False,False,False,False,False,True,False
USA,Coffee Maker,2025-10-26,Home & Kitchen,0.0,34.22,,20.0,2.0,0.0,0.0,6,26,43,10,4,299,1,-0.7818314824680299,0.6234898018587334,-0.8660254037844386,0.5000000000000001,0.0,1,0.0,1,0.0,1,0.0,1,0.42857142857142855,1.1338934190276868,0.0,3.0,1.2857142857142858,0.6428571428571429,1.5447470298542083,0.0,5.0,0.6666666666666666,0,34.22,0.0,0.0,False,False,False,False,False,True,False,False,False,True,False,False,False,False,False,False,False,False,False,False,False,False,False,False,False,False,False,False,False,False,False,False,False,False,True,False
USA,Coffee Maker,2025-10-27,Home & Kitchen,0.0,34.22,,20.0,2.0,0.0,0.0,0,27,44,10,4,300,0,0.0,1.0,-0.8660254037844386,0.5000000000000001,0.0,1,0.0,1,0.0,1,0.0,1,0.42857142857142855,1.1338934190276868,0.0,3.0,1.2857142857142858,0.6428571428571429,1.5447470298542083,0.0,5.0,0.6666666666666666,0,34.22,0.0,0.0,False,False,False,False,False,True,False,False,False,True,False,False,False,False,False,False,False,False,False,False,False,False,False,False,False,False,False,False,False,False,False,False,False,False,True,False
USA,Coffee Maker,2025-10-28,Home & Kitchen,0.0,34.22,,20.0,2.0,0.0,0.0,1,28,44,10,4,301,0,0.7818314824680298,0.6234898018587336,-0.8660254037844386,0.5000000000000001,0.0,1,0.0,1,5.0,1,0.0,1,0.42857142857142855,1.1338934190276868,0.0,3.0,1.2857142857142858,0.6428571428571429,1.5447470298542083,0.0,5.0,0.6666666666666666,0,34.22,0.0,0.0,False,False,False,False,False,True,False,False,False,True,False,False,False,False,False,False,False,False,False,False,False,False,False,False,False,False,False,False,False,False,False,False,False,False,True,False
USA,Coffee Maker,2025-10-29,Home & Kitchen,3.0,230.42,0.02,20.0,2.0,1.0,0.0,2,29,44,10,4,302,0,0.9749279121818236,-0.22252093395631434,-0.8660254037844386,0.5000000000000001,0.0,1,0.0,1,5.0,1,0.0,1,0.42857142857142855,1.1338934190276868,0.0,3.0,0.9285714285714286,0.6428571428571429,1.5447470298542083,0.0,5.0,0.6666666666666666,1,34.22,196.2,5.733489187609585,False,False,False,False,False,True,False,False,False,True,False,False,False,False,False,False,False,False,False,False,False,False,False,False,False,False,False,False,False,False,False,False,False,False,True,False
USA,Coffee Maker,2025-10-30,Home & Kitchen,0.0,230.42,,20.0,2.0,0.0,0.0,3,30,44,10,4,303,0,0.43388373911755823,-0.900968867902419,-0.8660254037844386,0.5000000000000001,3.0,1,3.0,1,0.0,1,0.0,1,0.8571428571428571,1.4638501094228031,0.0,3.0,0.7857142857142857,0.75,1.6015039228221786,0.0,5.0,1.1428571428571428,0,230.42,0.0,0.0,False,False,False,False,False,True,False,False,False,True,False,False,False,False,False,False,False,False,False,False,False,False,False,False,False,False,False,False,False,False,False,False,False,False,True,False
USA,Coffee Maker,2025-10-31,Home & Kitchen,0.0,230.42,,20.0,2.0,0.0,0.0,4,31,44,10,4,304,0,-0.433883739117558,-0.9009688679024191,-0.8660254037844386,0.5000000000000001,0.0,1,0.0,1,1.0,1,0.0,1,0.42857142857142855,1.1338934190276868,0.0,3.0,0.7857142857142857,0.75,1.6015039228221786,0.0,5.0,0.5714285714285714,0,230.42,0.0,0.0,False,False,False,False,False,True,False,False,False,True,False,False,False,False,False,False,False,False,False,False,False,False,False,False,False,False,False,False,False,False,False,False,False,False,True,False
USA,Coffee Maker,2025-11-01,Home & Kitchen,5.0,240.88,0.29,20.0,2.0,1.0,1.0,5,1,44,11,4,305,1,-0.9749279121818236,-0.2225209339563146,-0.5000000000000004,0.8660254037844384,0.0,1,0.0,1,4.0,1,0.0,1,0.42857142857142855,1.1338934190276868,0.0,3.0,0.7142857142857143,0.75,1.6015039228221786,0.0,5.0,0.5714285714285714,1,230.42,10.460000000000008,0.045395364985678366,False,False,False,False,False,True,False,False,False,True,False,False,False,False,False,False,False,False,False,False,False,False,False,False,False,False,False,False,False,False,False,False,False,False,True,False
USA,Coffee Maker,2025-11-02,Home & Kitchen,3.0,124.5,0.29,20.0,2.0,1.0,0.0,6,2,44,11,4,306,1,-0.7818314824680299,0.6234898018587334,-0.5000000000000004,0.8660254037844384,5.0,1,0.0,1,0.0,1,0.0,1,1.1428571428571428,2.035400978396432,0.0,5.0,0.7857142857142857,0.9285714285714286,1.7832257792815216,0.0,5.0,1.2307692307692306,1,240.88,-116.38,-0.48314513450680835,False,False,False,False,False,True,False,False,False,True,False,False,False,False,False,False,False,False,False,False,False,False,False,False,False,False,False,False,False,False,False,False,False,False,True,False
USA,Coffee Maker,2025-11-03,Home & Kitchen,2.0,207.81,0.24,20.0,2.0,1.0,0.0,0,3,45,11,4,307,0,0.0,1.0,-0.5000000000000004,0.8660254037844384,3.0,1,0.0,1,0.0,1,0.0,1,1.5714285714285714,2.0701966780270644,0.0,5.0,1.0,1.0357142857142858,1.8152061990235584,0.0,5.0,1.5172413793103448,1,124.5,83.31,0.6691566265060241,False,False,False,False,False,True,False,False,False,True,False,False,False,False,False,False,False,False,False,False,False,False,False,False,False,False,False,False,False,False,False,False,False,False,True,False
USA,Coffee Maker,2025-11-04,Home & Kitchen,6.0,143.455,0.25,20.0,2.0,1.0,1.0,1,4,45,11,4,308,0,0.7818314824680298,0.6234898018587336,-0.5000000000000004,0.8660254037844384,2.0,1,0.0,1,0.0,1,0.0,1,1.8571428571428572,1.9518001458970682,0.0,5.0,1.1428571428571428,1.1071428571428572,1.8122890316921147,0.0,5.0,1.6774193548387097,1,207.81,-64.35499999999999,-0.30968192098551556,False,False,False,False,False,True,False,False,False,True,False,False,False,False,False,False,False,False,False,False,False,False,False,False,False,False,False,False,False,False,False,False,False,False,True,False
USA,Coffee Maker,2025-11-05,Home & Kitchen,4.0,208.07,0.29,20.0,2.0,1.0,0.0,2,5,45,11,4,309,0,0.9749279121818236,-0.22252093395631434,-0.5000000000000004,0.8660254037844384,6.0,1,3.0,1,0.0,1,0.0,1,2.7142857142857144,2.2886885410853184,0.0,6.0,1.5714285714285714,1.3214285714285714,2.019416333508852,0.0,6.0,2.0540540540540544,1,143.455,64.61499999999998,0.45041999233209,False,False,False,False,False,True,False,False,False,True,False,False,False,False,False,False,False,False,False,False,False,False,False,False,False,False,False,False,False,False,False,False,False,False,True,False
USA,Coffee Maker,2025-11-06,Home & Kitchen,0.0,208.07,,20.0,2.0,0.0,0.0,3,6,45,11,4,310,0,0.43388373911755823,-0.900968867902419,-0.5000000000000004,0.8660254037844384,4.0,1,0.0,1,3.0,1,0.0,1,2.857142857142857,2.34012616672488,0.0,6.0,1.8571428571428572,1.4642857142857142,2.0634768009203577,0.0,6.0,1.9512195121951221,0,208.07,0.0,0.0,False,False,False,False,False,True,False,False,False,True,False,False,False,False,False,False,False,False,False,False,False,False,False,False,False,False,False,False,False,False,False,False,False,False,True,False
USA,Coffee Maker,2025-11-07,Home & Kitchen,2.0,114.96,0.16,20.0,2.0,1.0,0.0,4,7,45,11,4,311,0,-0.433883739117558,-0.9009688679024191,-0.5000000000000004,0.8660254037844384,0.0,1,0.0,1,0.0,1,0.0,1,2.857142857142857,2.34012616672488,0.0,6.0,1.6428571428571428,1.4642857142857142,2.0634768009203577,0.0,6.0,1.9512195121951221,1,208.07,-93.11,-0.4474936319507858,False,False,False,False,False,True,False,False,False,True,False,False,False,False,False,False,False,False,False,False,False,False,False,False,False,False,False,False,False,False,False,False,False,False,True,False
USA,Coffee Maker,2025-11-08,Home & Kitchen,4.0,88.97,0.23,20.0,2.0,1.0,0.0,5,8,45,11,4,312,1,-0.9749279121818236,-0.2225209339563146,-0.5000000000000004,0.8660254037844384,2.0,1,5.0,1,0.0,1,0.0,1,3.142857142857143,2.03540097839643,0.0,6.0,1.7857142857142858,1.5357142857142858,2.045449200997776,0.0,6.0,2.0465116279069764,1,114.96,-25.989999999999995,-0.22607863604732079,False,False,False,False,False,True,False,False,False,True,False,False,False,False,False,False,False,False,False,False,False,False,False,False,False,False,False,False,False,False,False,False,False,False,True,False
USA,Coffee Maker,2025-11-09,Home & Kitchen,0.0,88.97,,20.0,2.0,0.0,0.0,6,9,45,11,4,313,1,-0.7818314824680299,0.6234898018587334,-0.5000000000000004,0.8660254037844384,4.0,1,3.0,1,0.0,1,0.0,1,3.0,1.914854215512677,0.0,6.0,2.0714285714285716,1.6785714285714286,2.073707923084771,0.0,6.0,1.7872340425531914,0,88.97,0.0,0.0,False,False,False,False,False,True,False,False,False,True,False,False,False,False,False,False,False,False,False,False,False,False,False,False,False,False,False,False,False,False,False,False,False,False,True,False
USA,Coffee Maker,2025-11-10,Home & Kitchen,5.0,290.31,0.2,20.0,2.0,1.0,1.0,0,10,46,11,4,314,0,0.0,1.0,-0.5000000000000004,0.8660254037844384,0.0,1,2.0,1,0.0,1,0.0,1,2.5714285714285716,2.2253945610567483,0.0,6.0,2.0714285714285716,1.6785714285714286,2.073707923084771,0.0,6.0,1.5319148936170213,1,88.97,201.34,2.263010003371923,False,False,False,False,False,True,False,False,False,True,False,False,False,False,False,False,False,False,False,False,False,False,False,False,False,False,False,False,False,False,False,False,False,False,True,False
USA,Coffee Maker,2025-11-11,Home & Kitchen,5.0,264.06,0.22,20.0,2.0,1.0,1.0,1,11,46,11,4,315,0,0.7818314824680298,0.6234898018587336,-0.5000000000000004,0.8660254037844384,5.0,1,6.0,1,0.0,1,5.0,1,3.0,2.3804761428476175,0.0,6.0,2.4285714285714284,1.8571428571428572,2.138089935299396,0.0,6.0,1.6153846153846154,1,290.31,-26.25,-0.09042058489201199,False,False,False,False,False,True,False,False,False,True,False,False,False,False,False,False,False,False,False,False,False,False,False,False,False,False,False,False,False,False,False,False,False,False,True,False
USA,Coffee Maker,2025-11-12,Home & Kitchen,0.0,264.06,,20.0,2.0,0.0,0.0,2,12,46,11,4,316,0,0.9749279121818236,-0.22252093395631434,-0.5000000000000004,0.8660254037844384,5.0,1,4.0,1,3.0,1,5.0,1,2.857142857142857,2.193062655175135,0.0,5.0,2.7857142857142856,1.8571428571428572,2.138089935299396,0.0,6.0,1.5384615384615385,0,264.06,0.0,0.0,False,False,False,False,False,True,False,False,False,True,False,False,False,False,False,False,False,False,False,False,False,False,False,False,False,False,False,False,False,False,False,False,False,False,True,False
USA,Coffee Maker,2025-11-13,Home & Kitchen,0.0,264.06,,20.0,2.0,0.0,0.0,3,13,46,11,4,317,0,0.43388373911755823,-0.900968867902419,-0.5000000000000004,0.8660254037844384,0.0,1,0.0,1,0.0,1,0.0,1,2.2857142857142856,2.3603873774083306,0.0,5.0,2.5714285714285716,1.6785714285714286,2.073707923084771,0.0,6.0,1.3617021276595744,0,264.06,0.0,0.0,False,False,False,False,False,True,False,False,False,True,False,False,False,False,False,False,False,False,False,False,False,False,False,False,False,False,False,False,False,False,False,False,False,False,True,False
USA,Coffee Maker,2025-11-14,Home & Kitchen,8.0,176.89499999999998,0.28,20.0,2.0,1.0,1.0,4,14,46,11,4,318,0,-0.433883739117558,-0.9009688679024191,-0.5000000000000004,0.8660254037844384,0.0,1,2.0,1,0.0,1,1.0,1,2.2857142857142856,2.3603873774083306,0.0,5.0,2.5714285714285716,1.6785714285714286,2.073707923084771,0.0,6.0,1.3617021276595744,1,264.06,-87.16500000000002,-0.3300954328561691,False,False,False,False,False,True,False,False,False,True,False,False,False,False,False,False,False,False,False,False,False,False,False,False,False,False,False,False,False,False,False,False,False,False,True,False
USA,Coffee Maker,2025-11-15,Home & Kitchen,0.0,176.89499999999998,,20.0,2.0,0.0,0.0,5,15,46,11,4,319,1,-0.9749279121818236,-0.2225209339563146,-0.5000000000000004,0.8660254037844384,8.0,1,4.0,1,5.0,1,4.0,1,3.142857142857143,3.1847852585154226,0.0,8.0,3.142857142857143,1.9285714285714286,2.387134830379864,0.0,8.0,1.6296296296296295,0,176.89499999999998,0.0,0.0,False,False,False,False,False,True,False,False,False,True,False,False,False,False,False,False,False,False,False,False,False,False,False,False,False,False,False,False,False,False,False,False,False,False,True,False
USA,Coffee Maker,2025-11-16,Home & Kitchen,3.0,40.16,0.18,20.0,2.0,1.0,0.0,6,16,46,11,4,320,1,-0.7818314824680299,0.6234898018587334,-0.5000000000000004,0.8660254037844384,0.0,1,0.0,1,3.0,1,0.0,1,2.5714285714285716,3.3594217189442426,0.0,8.0,2.7857142857142856,1.7857142857142858,2.3782524374180003,0.0,8.0,1.44,1,176.89499999999998,-136.73499999999999,-0.7729726674015659,False,False,False,False,False,True,False,False,False,True,False,False,False,False,False,False,False,False,False,False,False,False,False,False,False,False,False,False,False,False,False,False,False,False,True,False
USA,Coffee Maker,2025-11-17,Home & Kitchen,4.0,219.03,0.16,20.0,2.0,1.0,0.0,0,17,47,11,4,321,0,0.0,1.0,-0.5000000000000004,0.8660254037844384,3.0,1,5.0,1,2.0,1,0.0,1,3.0,3.1622776601683795,0.0,8.0,2.7857142857142856,1.8928571428571428,2.36234794869169,0.0,8.0,1.5849056603773586,1,40.16,178.87,4.4539342629482075,False,False,False,False,False,True,False,False,False,True,False,False,False,False,False,False,False,False,False,False,False,False,False,False,False,False,False,False,False,False,False,False,False,False,True,False
USA,Coffee Maker,2025-11-18,Home & Kitchen,0.0,219.03,,20.0,2.0,0.0,0.0,1,18,47,11,4,322,0,0.7818314824680298,0.6234898018587336,-0.5000000000000004,0.8660254037844384,4.0,1,5.0,1,6.0,1,0.0,1,2.857142857142857,3.0783421635988546,0.0,8.0,2.9285714285714284,2.0357142857142856,2.3645866110738774,0.0,8.0,1.4035087719298247,0,219.03,0.0,0.0,False,False,False,False,False,True,False,False,False,True,False,False,False,False,False,False,False,False,False,False,False,False,False,False,False,False,False,False,False,False,False,False,False,False,True,False
USA,Coffee Maker,2025-11-19,Home & Kitchen,3.0,187.66,0.28,20.0,2.0,1.0,0.0,2,19,47,11,4,323,0,0.9749279121818236,-0.22252093395631434,-0.5000000000000004,0.8660254037844384,0.0,1,0.0,1,4.0,1,0.0,1,2.142857142857143,3.078342163598855,0.0,8.0,2.5,2.0357142857142856,2.3645866110738774,0.0,8.0,1.0526315789473684,1,219.03,-31.370000000000005,-0.14322238962699177,False,False,False,False,False,True,False,False,False,True,False,False,False,False,False,False,False,False,False,False,False,False,False,False,False,False,False,False,False,False,False,False,False,False,True,False
USA,Coffee Maker,2025-11-20,Home & Kitchen,0.0,187.66,,20.0,2.0,0.0,0.0,3,20,47,11,4,324,0,0.43388373911755823,-0.900968867902419,-0.5000000000000004,0.8660254037844384,3.0,1,0.0,1,0.0,1,3.0,1,2.5714285714285716,2.9358214555806392,0.0,8.0,2.4285714285714284,2.142857142857143,2.3367322183591046,0.0,8.0,1.2000000000000002,0,187.66,0.0,0.0,False,False,False,False,False,True,False,False,False,True,False,False,False,False,False,False,False,False,False,False,False,False,False,False,False,False,False,False,False,False,False,False,False,False,True,False
USA,Coffee Maker,2025-11-21,Home & Kitchen,0.0,187.66,,20.0,2.0,0.0,0.0,4,21,47,11,4,325,0,-0.433883739117558,-0.9009688679024191,-0.5000000000000004,0.8660254037844384,0.0,1,8.0,1,2.0,1,0.0,1,2.5714285714285716,2.9358214555806392,0.0,8.0,2.4285714285714284,2.0357142857142856,2.3645866110738774,0.0,8.0,1.2631578947368423,0,187.66,0.0,0.0,False,False,False,False,False,True,False,False,False,True,False,False,False,False,False,False,False,False,False,False,False,False,False,False,False,False,False,False,False,False,False,False,False,False,True,False
USA,Coffee Maker,2025-11-22,Home & Kitchen,0.0,187.66,,20.0,2.0,0.0,0.0,5,22,47,11,4,326,1,-0.9749279121818236,-0.2225209339563146,-0.5000000000000004,0.8660254037844384,0.0,1,0.0,1,4.0,1,0.0,1,1.4285714285714286,1.812653934349933,0.0,4.0,2.2857142857142856,2.0357142857142856,2.3645866110738774,0.0,8.0,0.7017543859649124,0,187.66,0.0,0.0,False,False,False,False,False,True,False,False,False,True,False,False,False,False,False,False,False,False,False,False,False,False,False,False,False,False,False,False,False,False,False,False,False,False,True,False
USA,Coffee Maker,2025-11-23,Home & Kitchen,0.0,187.66,,20.0,2.0,0.0,0.0,6,23,47,11,4,327,1,-0.7818314824680299,0.6234898018587334,-0.5000000000000004,0.8660254037844384,0.0,1,3.0,1,0.0,1,0.0,1,1.4285714285714286,1.812653934349933,0.0,4.0,2.0,2.0357142857142856,2.3645866110738774,0.0,8.0,0.7017543859649124,0,187.66,0.0,0.0,False,False,False,False,False,True,False,False,False,True,False,False,False,False,False,False,False,False,False,False,False,False,False,False,False,False,False,False,False,False,False,False,False,False,True,False
USA,Coffee Maker,2025-11-24,Home & Kitchen,0.0,187.66,,20.0,2.0,0.0,0.0,0,24,48,11,4,328,0,0.0,1.0,-0.5000000000000004,0.8660254037844384,0.0,1,4.0,1,5.0,1,0.0,1,1.0,1.732050807568879,0.0,4.0,2.0,2.0357142857142856,2.3645866110738774,0.0,8.0,0.4912280701754386,0,187.66,0.0,0.0,False,False,False,False,False,True,False,False,False,True,False,False,False,False,False,False,False,False,False,False,False,False,False,False,False,False,False,False,False,False,False,False,False,False,True,False
USA,Coffee Maker,2025-11-25,Home & Kitchen,0.0,187.66,,20.0,2.0,0.0,0.0,1,25,48,11,4,329,0,0.7818314824680298,0.6234898018587336,-0.5000000000000004,0.8660254037844384,0.0,1,0.0,1,5.0,1,0.0,1,0.42857142857142855,1.1338934190276848,0.0,3.0,1.6428571428571428,2.0357142857142856,2.3645866110738774,0.0,8.0,0.21052631578947367,0,187.66,0.0,0.0,False,False,False,False,False,True,False,False,False,True,False,False,False,False,False,False,False,False,False,False,False,False,False,False,False,False,False,False,False,False,False,False,False,False,True,False
