store_id,product_id,date,category,sales,price,Discount_Applied,safety_stock,lead_time_days,promotion,is_outlier,day_of_week,day_of_month,week_of_year,month,quarter,day_of_year,is_weekend,sin_day_of_week,cos_day_of_week,sin_month,cos_month,lag_1,has_lag_1,lag_7,has_lag_7,lag_14,has_lag_14,lag_28,has_lag_28,rolling_mean_7,rolling_std_7,rolling_min_7,rolling_max_7,rolling_mean_14,rolling_mean_28,rolling_std_28,rolling_min_28,rolling_max_28,trend_ratio,is_promotion,previous_price,price_change,price_change_pct,store_id_Germany,store_id_India,store_id_Pakistan,store_id_UAE,store_id_UK,store_id_USA,product_id_4K Smart TV,product_id_Air Fryer,product_id_Blender,product_id_Coffee Maker,product_id_Cotton T-Shirt,product_id_Cycling Helmet,product_id_Denim Jeans,product_id_Dumbbell Set,product_id_Face Wash,product_id_Football,product_id_Formal Shirt,product_id_Gaming Laptop,product_id_Hair Serum,product_id_Lipstick Set,product_id_Microwave Oven,product_id_Moisturizing Cream,product_id_Perfume,product_id_Running Shoes,product_id_Smartphone 128GB,product_id_Smartwatch,product_id_Tennis Racket,product_id_Vacuum Cleaner,product_id_Winter Jacket,product_id_Wireless Noise-Canceling Headphones,product_id_Yoga Mat,category_Apparel,category_Beauty,category_Electronics,category_Home & Kitchen,category_Sports
Pakistan,Air Fryer,2025-05-23,Home & Kitchen,1.0,257.83,0.02,20.0,2.0,1.0,0.0,4,23,21,5,2,143,0,-0.433883739117558,-0.9009688679024191,0.49999999999999994,-0.8660254037844387,0.0,1,0.0,1,0.0,1,0.0,1,0.42857142857142855,1.1338934190276833,0.0,3.0,0.35714285714285715,0.21428571428571427,0.6862211530545128,0.0,3.0,2.0,1,208.165,49.66499999999999,0.23858477649941148,False,False,True,False,False,False,False,True,False,False,False,False,False,False,False,False,False,False,False,False,False,False,False,False,False,False,False,False,False,False,False,False,False,False,True,False
Pakistan,Air Fryer,2025-05-24,Home & Kitchen,0.0,257.83,,20.0,2.0,0.0,0.0,5,24,21,5,2,144,1,-0.9749279121818236,-0.2225209339563146,0.49999999999999994,-0.8660254037844387,1.0,1,0.0,1,0.0,1,0.0,1,0.5714285714285714,1.1338934190276833,0.0,3.0,0.42857142857142855,0.25,0.7005289007176899,0.0,3.0,2.2857142857142856,0,257.83,0.0,0.0,False,False,True,False,False,False,False,True,False,False,False,False,False,False,False,False,False,False,False,False,False,False,False,False,False,False,False,False,False,False,False,False,False,False,True,False
Pakistan,Air Fryer,2025-05-25,Home & Kitchen,3.0,102.8,0.1,20.0,2.0,1.0,0.0,6,25,21,5,2,145,1,-0.7818314824680299,0.6234898018587334,0.49999999999999994,-0.8660254037844387,0.0,1,0.0,1,0.0,1,0.0,1,0.5714285714285714,1.1338934190276833,0.0,3.0,0.42857142857142855,0.25,0.7005289007176899,0.0,3.0,2.2857142857142856,1,257.83,-155.02999999999997,-0.6012876701702672,False,False,True,False,False,False,False,True,False,False,False,False,False,False,False,False,False,False,False,False,False,False,False,False,False,False,False,False,False,False,False,False,False,False,True,False
Pakistan,Air Fryer,2025-05-26,Home & Kitchen,0.0,102.8,,20.0,2.0,0.0,0.0,0,26,22,5,2,146,0,0.0,1.0,0.49999999999999994,-0.8660254037844387,3.0,1,0.0,1,0.0,1,0.0,1,1.0,1.4142135623730965,0.0,3.0,0.6428571428571429,0.35714285714285715,0.8698354767504894,0.0,3.0,2.8,0,102.8,0.0,0.0,False,False,True,False,False,False,False,True,False,False,False,False,False,False,False,False,False,False,False,False,False,False,False,False,False,False,False,False,False,False,False,False,False,False,True,False
Pakistan,Air Fryer,2025-05-27,Home & Kitchen,0.0,102.8,,20.0,2.0,0.0,0.0,1,27,22,5,2,147,0,0.7818314824680298,0.6234898018587336,0.49999999999999994,-0.8660254037844387,0.0,1,3.0,1,2.0,1,0.0,1,1.0,1.4142135623730965,0.0,3.0,0.6428571428571429,0.35714285714285715,0.8698354767504894,0.0,3.0,2.8,0,102.8,0.0,0.0,False,False,True,False,False,False,False,True,False,False,False,False,False,False,False,False,False,False,False,False,False,False,False,False,False,False,False,False,False,False,False,False,False,False,True,False
Pakistan,Air Fryer,2025-05-28,Home & Kitchen,0.0,102.8,,20.0,2.0,0.0,0.0,2,28,22,5,2,148,0,0.9749279121818236,-0.22252093395631434,0.49999999999999994,-0.8660254037844387,0.0,1,0.0,1,0.0,1,1.0,1,0.5714285714285714,1.1338934190276833,0.0,3.0,0.5,0.35714285714285715,0.8698354767504894,0.0,3.0,1.5999999999999999,0,102.8,0.0,0.0,False,False,True,False,False,False,False,True,False,False,False,False,False,False,False,False,False,False,False,False,False,False,False,False,False,False,False,False,False,False,False,False,False,False,True,False
Pakistan,Air Fryer,2025-05-29,Home & Kitchen,0.0,102.8,,20.0,2.0,0.0,0.0,3,29,22,5,2,149,0,0.43388373911755823,-0.900968867902419,0.49999999999999994,-0.8660254037844387,0.0,1,0.0,1,0.0,1,0.0,1,0.5714285714285714,1.1338934190276833,0.0,3.0,0.5,0.32142857142857145,0.8629652337776936,0.0,3.0,1.7777777777777775,0,102.8,0.0,0.0,False,False,True,False,False,False,False,True,False,False,False,False,False,False,False,False,False,False,False,False,False,False,False,False,False,False,False,False,False,False,False,False,False,False,True,False
Pakistan,Air Fryer,2025-05-30,Home & Kitchen,2.0,192.8,0.03,20.0,2.0,1.0,0.0,4,30,22,5,2,150,0,-0.433883739117558,-0.9009688679024191,0.49999999999999994,-0.8660254037844387,0.0,1,1.0,1,0.0,1,0.0,1,0.5714285714285714,1.1338934190276833,0.0,3.0,0.5,0.32142857142857145,0.8629652337776936,0.0,3.0,1.7777777777777775,1,102.8,90.00000000000001,0.8754863813229573,False,False,True,False,False,False,False,True,False,False,False,False,False,False,False,False,False,False,False,False,False,False,False,False,False,False,False,False,False,False,False,False,False,False,True,False
Pakistan,Air Fryer,2025-05-31,Home & Kitchen,0.0,192.8,,20.0,2.0,0.0,0.0,5,31,22,5,2,151,1,-0.9749279121818236,-0.2225209339563146,0.49999999999999994,-0.8660254037844387,2.0,1,0.0,1,0.0,1,0.0,1,0.7142857142857143,1.253566341056019,0.0,3.0,0.6428571428571429,0.39285714285714285,0.91648627373632,0.0,3.0,1.8181818181818183,0,192.8,0.0,0.0,False,False,True,False,False,False,False,True,False,False,False,False,False,False,False,False,False,False,False,False,False,False,False,False,False,False,False,False,False,False,False,False,False,False,True,False
Pakistan,Air Fryer,2025-06-01,Home & Kitchen,0.0,192.8,,20.0,2.0,0.0,0.0,6,1,22,6,2,152,1,-0.7818314824680299,0.6234898018587334,1.2246467991473532e-16,-1.0,0.0,1,3.0,1,0.0,1,0.0,1,0.7142857142857143,1.253566341056019,0.0,3.0,0.6428571428571429,0.39285714285714285,0.91648627373632,0.0,3.0,1.8181818181818183,0,192.8,0.0,0.0,False,False,True,False,False,False,False,True,False,False,False,False,False,False,False,False,False,False,False,False,False,False,False,False,False,False,False,False,False,False,False,False,False,False,True,False
Pakistan,Air Fryer,2025-06-02,Home & Kitchen,3.0,102.6,0.09,20.0,2.0,1.0,0.0,0,2,23,6,2,153,0,0.0,1.0,1.2246467991473532e-16,-1.0,0.0,1,0.0,1,0.0,1,0.0,1,0.2857142857142857,0.755928946018457,0.0,2.0,0.6428571428571429,0.39285714285714285,0.91648627373632,0.0,3.0,0.7272727272727273,1,192.8,-90.20000000000002,-0.46784232365145234,False,False,True,False,False,False,False,True,False,False,False,False,False,False,False,False,False,False,False,False,False,False,False,False,False,False,False,False,False,False,False,False,False,False,True,False
Pakistan,Air Fryer,2025-06-03,Home & Kitchen,0.0,102.6,,20.0,2.0,0.0,0.0,1,3,23,6,2,154,0,0.7818314824680298,0.6234898018587336,1.2246467991473532e-16,-1.0,3.0,1,0.0,1,3.0,1,0.0,1,0.7142857142857143,1.253566341056019,0.0,3.0,0.8571428571428571,0.5,1.0363754503431994,0.0,3.0,1.4285714285714286,0,102.6,0.0,0.0,False,False,True,False,False,False,False,True,False,False,False,False,False,False,False,False,False,False,False,False,False,False,False,False,False,False,False,False,False,False,False,False,False,False,True,False
Pakistan,Air Fryer,2025-06-04,Home & Kitchen,0.0,102.6,,20.0,2.0,0.0,0.0,2,4,23,6,2,155,0,0.9749279121818236,-0.22252093395631434,1.2246467991473532e-16,-1.0,0.0,1,0.0,1,0.0,1,0.0,1,0.7142857142857143,1.253566341056019,0.0,3.0,0.6428571428571429,0.5,1.0363754503431994,0.0,3.0,1.4285714285714286,0,102.6,0.0,0.0,False,False,True,False,False,False,False,True,False,False,False,False,False,False,False,False,False,False,False,False,False,False,False,False,False,False,False,False,False,False,False,False,False,False,True,False
Pakistan,Air Fryer,2025-06-05,Home & Kitchen,0.0,102.6,,20.0,2.0,0.0,0.0,3,5,23,6,2,156,0,0.43388373911755823,-0.900968867902419,1.2246467991473532e-16,-1.0,0.0,1,0.0,1,0.0,1,0.0,1,0.7142857142857143,1.253566341056019,0.0,3.0,0.6428571428571429,0.5,1.0363754503431994,0.0,3.0,1.4285714285714286,0,102.6,0.0,0.0,False,False,True,False,False,False,False,True,False,False,False,False,False,False,False,False,False,False,False,False,False,False,False,False,False,False,False,False,False,False,False,False,False,False,True,False
Pakistan,Air Fryer,2025-06-06,Home & Kitchen,4.0,200.345,0.07,20.0,2.0,1.0,0.0,4,6,23,6,2,157,0,-0.433883739117558,-0.9009688679024191,1.2246467991473532e-16,-1.0,0.0,1,2.0,1,1.0,1,0.0,1,0.7142857142857143,1.253566341056019,0.0,3.0,0.6428571428571429,0.5,1.0363754503431994,0.0,3.0,1.4285714285714286,1,102.6,97.745,0.9526803118908383,False,False,True,False,False,False,False,True,False,False,False,False,False,False,False,False,False,False,False,False,False,False,False,False,False,False,False,False,False,False,False,False,False,False,True,False
Pakistan,Air Fryer,2025-06-07,Home & Kitchen,0.0,200.345,,20.0,2.0,0.0,0.0,5,7,23,6,2,158,1,-0.9749279121818236,-0.2225209339563146,1.2246467991473532e-16,-1.0,4.0,1,0.0,1,0.0,1,0.0,1,1.0,1.7320508075688783,0.0,4.0,0.8571428571428571,0.6428571428571429,1.2236643728386036,0.0,4.0,1.5555555555555554,0,200.345,0.0,0.0,False,False,True,False,False,False,False,True,False,False,False,False,False,False,False,False,False,False,False,False,False,False,False,False,False,False,False,False,False,False,False,False,False,False,True,False
Pakistan,Air Fryer,2025-06-08,Home & Kitchen,3.0,99.04,0.13,20.0,2.0,1.0,0.0,6,8,23,6,2,159,1,-0.7818314824680299,0.6234898018587334,1.2246467991473532e-16,-1.0,0.0,1,0.0,1,3.0,1,0.0,1,1.0,1.7320508075688783,0.0,4.0,0.8571428571428571,0.6428571428571429,1.2236643728386036,0.0,4.0,1.5555555555555554,1,200.345,-101.30499999999999,-0.5056527490079612,False,False,True,False,False,False,False,True,False,False,False,False,False,False,False,False,False,False,False,False,False,False,False,False,False,False,False,False,False,False,False,False,False,False,True,False
Pakistan,Air Fryer,2025-06-09,Home & Kitchen,0.0,99.04,,20.0,2.0,0.0,0.0,0,9,24,6,2,160,0,0.0,1.0,1.2246467991473532e-16,-1.0,3.0,1,3.0,1,0.0,1,0.0,1,1.4285714285714286,1.8126539343499326,0.0,4.0,0.8571428571428571,0.75,1.2945755775256702,0.0,4.0,1.9047619047619049,0,99.04,0.0,0.0,False,False,True,False,False,False,False,True,False,False,False,False,False,False,False,False,False,False,False,False,False,False,False,False,False,False,False,False,False,False,False,False,False,False,True,False
Pakistan,Air Fryer,2025-06-10,Home & Kitchen,3.0,117.86,0.04,20.0,2.0,1.0,0.0,1,10,24,6,2,161,0,0.7818314824680298,0.6234898018587336,1.2246467991473532e-16,-1.0,0.0,1,0.0,1,0.0,1,2.0,1,1.0,1.7320508075688785,0.0,4.0,0.8571428571428571,0.75,1.2945755775256702,0.0,4.0,1.3333333333333333,1,99.04,18.819999999999993,0.1900242326332794,False,False,True,False,False,False,False,True,False,False,False,False,False,False,False,False,False,False,False,False,False,False,False,False,False,False,False,False,False,False,False,False,False,False,True,False
Pakistan,Air Fryer,2025-06-11,Home & Kitchen,0.0,117.86,,20.0,2.0,0.0,0.0,2,11,24,6,2,162,0,0.9749279121818236,-0.22252093395631434,1.2246467991473532e-16,-1.0,3.0,1,0.0,1,0.0,1,0.0,1,1.4285714285714286,1.8126539343499326,0.0,4.0,1.0714285714285714,0.7857142857142857,1.3432173332088895,0.0,4.0,1.8181818181818183,0,117.86,0.0,0.0,False,False,True,False,False,False,False,True,False,False,False,False,False,False,False,False,False,False,False,False,False,False,False,False,False,False,False,False,False,False,False,False,False,False,True,False
Pakistan,Air Fryer,2025-06-12,Home & Kitchen,0.0,117.86,,20.0,2.0,0.0,0.0,3,12,24,6,2,163,0,0.43388373911755823,-0.900968867902419,1.2246467991473532e-16,-1.0,0.0,1,0.0,1,0.0,1,0.0,1,1.4285714285714286,1.8126539343499326,0.0,4.0,1.0714285714285714,0.7857142857142857,1.3432173332088895,0.0,4.0,1.8181818181818183,0,117.86,0.0,0.0,False,False,True,False,False,False,False,True,False,False,False,False,False,False,False,False,False,False,False,False,False,False,False,False,False,False,False,False,False,False,False,False,False,False,True,False
Pakistan,Air Fryer,2025-06-13,Home & Kitchen,0.0,117.86,,20.0,2.0,0.0,0.0,4,13,24,6,2,164,0,-0.433883739117558,-0.9009688679024191,1.2246467991473532e-16,-1.0,0.0,1,4.0,1,2.0,1,0.0,1,1.4285714285714286,1.8126539343499326,0.0,4.0,1.0714285714285714,0.7857142857142857,1.3432173332088895,0.0,4.0,1.8181818181818183,0,117.86,0.0,0.0,False,False,True,False,False,False,False,True,False,False,False,False,False,False,False,False,False,False,False,False,False,False,False,False,False,False,False,False,False,False,False,False,False,False,True,False
Pakistan,Air Fryer,2025-06-14,Home & Kitchen,0.0,117.86,,20.0,2.0,0.0,0.0,5,14,24,6,2,165,1,-0.9749279121818236,-0.2225209339563146,1.2246467991473532e-16,-1.0,0.0,1,0.0,1,0.0,1,0.0,1,0.8571428571428571,1.463850109422801,0.0,3.0,0.9285714285714286,0.7857142857142857,1.3432173332088895,0.0,4.0,1.0909090909090908,0,117.86,0.0,0.0,False,False,True,False,False,False,False,True,False,False,False,False,False,False,False,False,False,False,False,False,False,False,False,False,False,False,False,False,False,False,False,False,False,False,True,False
Pakistan,Air Fryer,2025-06-15,Home & Kitchen,0.0,117.86,,20.0,2.0,0.0,0.0,6,15,24,6,2,166,1,-0.7818314824680299,0.6234898018587334,1.2246467991473532e-16,-1.0,0.0,1,3.0,1,0.0,1,0.0,1,0.8571428571428571,1.463850109422801,0.0,3.0,0.9285714285714286,0.7857142857142857,1.3432173332088895,0.0,4.0,1.0909090909090908,0,117.86,0.0,0.0,False,False,True,False,False,False,False,True,False,False,False,False,False,False,False,False,False,False,False,False,False,False,False,False,False,False,False,False,False,False,False,False,False,False,True,False
Pakistan,Air Fryer,2025-06-16,Home & Kitchen,0.0,117.86,,20.0,2.0,0.0,0.0,0,16,25,6,2,167,0,0.0,1.0,1.2246467991473532e-16,-1.0,0.0,1,0.0,1,3.0,1,0.0,1,0.42857142857142855,1.1338934190276833,0.0,3.0,0.9285714285714286,0.7857142857142857,1.3432173332088895,0.0,4.0,0.5454545454545454,0,117.86,0.0,0.0,False,False,True,False,False,False,False,True,False,False,False,False,False,False,False,False,False,False,False,False,False,False,False,False,False,False,False,False,False,False,False,False,False,False,True,False
Pakistan,Air Fryer,2025-06-17,Home & Kitchen,3.0,279.53,0.02,20.0,2.0,1.0,0.0,1,17,25,6,2,168,0,0.7818314824680298,0.6234898018587336,1.2246467991473532e-16,-1.0,0.0,1,3.0,1,0.0,1,3.0,1,0.42857142857142855,1.1338934190276833,0.0,3.0,0.7142857142857143,0.7857142857142857,1.3432173332088895,0.0,4.0,0.5454545454545454,1,117.86,161.66999999999996,1.3717122009163412,False,False,True,False,False,False,False,True,False,False,False,False,False,False,False,False,False,False,False,False,False,False,False,False,False,False,False,False,False,False,False,False,False,False,True,False
Pakistan,Air Fryer,2025-06-18,Home & Kitchen,0.0,279.53,,20.0,2.0,0.0,0.0,2,18,25,6,2,169,0,0.9749279121818236,-0.22252093395631434,1.2246467991473532e-16,-1.0,3.0,1,0.0,1,0.0,1,0.0,1,0.42857142857142855,1.1338934190276833,0.0,3.0,0.9285714285714286,0.7857142857142857,1.3432173332088895,0.0,4.0,0.5454545454545454,0,279.53,0.0,0.0,False,False,True,False,False,False,False,True,False,False,False,False,False,False,False,False,False,False,False,False,False,False,False,False,False,False,False,False,False,False,False,False,False,False,True,False
Pakistan,Air Fryer,2025-06-19,Home & Kitchen,0.0,279.53,,20.0,2.0,0.0,0.0,3,19,25,6,2,170,0,0.43388373911755823,-0.900968867902419,1.2246467991473532e-16,-1.0,0.0,1,0.0,1,0.0,1,0.0,1,0.42857142857142855,1.1338934190276833,0.0,3.0,0.9285714285714286,0.7857142857142857,1.3432173332088895,0.0,4.0,0.5454545454545454,0,279.53,0.0,0.0,False,False,True,False,False,False,False,True,False,False,False,False,False,False,False,False,False,False,False,False,False,False,False,False,False,False,False,False,False,False,False,False,False,False,True,False
Pakistan,Air Fryer,2025-06-20,Home & Kitchen,0.0,279.53,,20.0,2.0,0.0,0.0,4,20,25,6,2,171,0,-0.433883739117558,-0.9009688679024191,1.2246467991473532e-16,-1.0,0.0,1,0.0,1,4.0,1,1.0,1,0.42857142857142855,1.1338934190276833,0.0,3.0,0.9285714285714286,0.7857142857142857,1.3432173332088895,0.0,4.0,0.5454545454545454,0,279.53,0.0,0.0,False,False,True,False,False,False,False,True,False,False,False,False,False,False,False,False,False,False,False,False,False,False,False,False,False,False,False,False,False,False,False,False,False,False,True,False
Pakistan,Air Fryer,2025-06-21,Home & Kitchen,0.0,279.53,,20.0,2.0,0.0,0.0,5,21,25,6,2,172,1,-0.9749279121818236,-0.2225209339563146,1.2246467991473532e-16,-1.0,0.0,1,0.0,1,0.0,1,0.0,1,0.42857142857142855,1.1338934190276833,0.0,3.0,0.6428571428571429,0.75,1.3505828645714673,0.0,4.0,0.5714285714285714,0,279.53,0.0,0.0,False,False,True,False,False,False,False,True,False,False,False,False,False,False,False,False,False,False,False,False,False,False,False,False,False,False,False,False,False,False,False,False,False,False,True,False
Pakistan,Air Fryer,2025-06-22,Home & Kitchen,0.0,279.53,,20.0,2.0,0.0,0.0,6,22,25,6,2,173,1,-0.7818314824680299,0.6234898018587334,1.2246467991473532e-16,-1.0,0.0,1,0.0,1,3.0,1,3.0,1,0.42857142857142855,1.1338934190276833,0.0,3.0,0.6428571428571429,0.75,1.3505828645714673,0.0,4.0,0.5714285714285714,0,279.53,0.0,0.0,False,False,True,False,False,False,False,True,False,False,False,False,False,False,False,False,False,False,False,False,False,False,False,False,False,False,False,False,False,False,False,False,False,False,True,False
Pakistan,Air Fryer,2025-06-23,Home & Kitchen,0.0,279.53,,20.0,2.0,0.0,0.0,0,23,26,6,2,174,0,0.0,1.0,1.2246467991473532e-16,-1.0,0.0,1,0.0,1,0.0,1,0.0,1,0.42857142857142855,1.1338934190276833,0.0,3.0,0.42857142857142855,0.6428571428571429,1.2827714704898303,0.0,4.0,0.6666666666666666,0,279.53,0.0,0.0,False,False,True,False,False,False,False,True,False,False,False,False,False,False,False,False,False,False,False,False,False,False,False,False,False,False,False,False,False,False,False,False,False,False,True,False
Pakistan,Air Fryer,2025-06-24,Home & Kitchen,0.0,279.53,,20.0,2.0,0.0,0.0,1,24,26,6,2,175,0,0.7818314824680298,0.6234898018587336,1.2246467991473532e-16,-1.0,0.0,1,3.0,1,3.0,1,0.0,1,0.42857142857142855,1.1338934190276833,0.0,3.0,0.42857142857142855,0.6428571428571429,1.2827714704898303,0.0,4.0,0.6666666666666666,0,279.53,0.0,0.0,False,False,True,False,False,False,False,True,False,False,False,False,False,False,False,False,False,False,False,False,False,False,False,False,False,False,False,False,False,False,False,False,False,False,True,False
Pakistan,Air Fryer,2025-06-25,Home & Kitchen,3.0,96.29,0.1,20.0,2.0,1.0,0.0,2,25,26,6,2,176,0,0.9749279121818236,-0.22252093395631434,1.2246467991473532e-16,-1.0,0.0,1,0.0,1,0.0,1,0.0,1,0.0,0.0,0.0,0.0,0.21428571428571427,0.6428571428571429,1.2827714704898303,0.0,4.0,0.0,1,279.53,-183.23999999999995,-0.655528923550245,False,False,True,False,False,False,False,True,False,False,False,False,False,False,False,False,False,False,False,False,False,False,False,False,False,False,False,False,False,False,False,False,False,False,True,False
Pakistan,Air Fryer,2025-06-26,Home & Kitchen,0.0,96.29,,20.0,2.0,0.0,0.0,3,26,26,6,2,177,0,0.43388373911755823,-0.900968867902419,1.2246467991473532e-16,-1.0,3.0,1,0.0,1,0.0,1,0.0,1,0.42857142857142855,1.1338934190276833,0.0,3.0,0.42857142857142855,0.75,1.3505828645714673,0.0,4.0,0.5714285714285714,0,96.29,0.0,0.0,False,False,True,False,False,False,False,True,False,False,False,False,False,False,False,False,False,False,False,False,False,False,False,False,False,False,False,False,False,False,False,False,False,False,True,False
Pakistan,Air Fryer,2025-06-27,Home & Kitchen,0.0,96.29,,20.0,2.0,0.0,0.0,4,27,26,6,2,178,0,-0.433883739117558,-0.9009688679024191,1.2246467991473532e-16,-1.0,0.0,1,0.0,1,0.0,1,2.0,1,0.42857142857142855,1.1338934190276833,0.0,3.0,0.42857142857142855,0.75,1.3505828645714673,0.0,4.0,0.5714285714285714,0,96.29,0.0,0.0,False,False,True,False,False,False,False,True,False,False,False,False,False,False,False,False,False,False,False,False,False,False,False,False,False,False,False,False,False,False,False,False,False,False,True,False
Pakistan,Air Fryer,2025-06-28,Home & Kitchen,0.0,96.29,,20.0,2.0,0.0,0.0,5,28,26,6,2,179,1,-0.9749279121818236,-0.2225209339563146,1.2246467991473532e-16,-1.0,0.0,1,0.0,1,0.0,1,0.0,1,0.42857142857142855,1.1338934190276833,0.0,3.0,0.42857142857142855,0.6785714285714286,1.3348205990866442,0.0,4.0,0.631578947368421,0,96.29,0.0,0.0,False,False,True,False,False,False,False,True,False,False,False,False,False,False,False,False,False,False,False,False,False,False,False,False,False,False,False,False,False,False,False,False,False,False,True,False
Pakistan,Air Fryer,2025-06-29,Home & Kitchen,0.0,96.29,,20.0,2.0,0.0,0.0,6,29,26,6,2,180,1,-0.7818314824680299,0.6234898018587334,1.2246467991473532e-16,-1.0,0.0,1,0.0,1,0.0,1,0.0,1,0.42857142857142855,1.1338934190276833,0.0,3.0,0.42857142857142855,0.6785714285714286,1.3348205990866442,0.0,4.0,0.631578947368421,0,96.29,0.0,0.0,False,False,True,False,False,False,False,True,False,False,False,False,False,False,False,False,False,False,False,False,False,False,False,False,False,False,False,False,False,False,False,False,False,False,True,False
Pakistan,Air Fryer,2025-06-30,Home & Kitchen,0.0,96.29,,20.0,2.0,0.0,0.0,0,30,27,6,2,181,0,0.0,1.0,1.2246467991473532e-16,-1.0,0.0,1,0.0,1,0.0,1,3.0,1,0.42857142857142855,1.1338934190276833,0.0,3.0,0.42857142857142855,0.6785714285714286,1.3348205990866442,0.0,4.0,0.631578947368421,0,96.29,0.0,0.0,False,False,True,False,False,False,False,True,False,False,False,False,False,False,False,False,False,False,False,False,False,False,False,False,False,False,False,False,False,False,False,False,False,False,True,False
Pakistan,Air Fryer,2025-07-01,Home & Kitchen,0.0,96.29,,20.0,2.0,0.0,0.0,1,1,27,7,3,182,0,0.7818314824680298,0.6234898018587336,-0.4999999999999997,-0.8660254037844388,0.0,1,0.0,1,3.0,1,0.0,1,0.42857142857142855,1.1338934190276833,0.0,3.0,0.42857142857142855,0.5714285714285714,1.2598815766974223,0.0,4.0,0.75,0,96.29,0.0,0.0,False,False,True,False,False,False,False,True,False,False,False,False,False,False,False,False,False,False,False,False,False,False,False,False,False,False,False,False,False,False,False,False,False,False,True,False
Pakistan,Air Fryer,2025-07-02,Home & Kitchen,0.0,96.29,,20.0,2.0,0.0,0.0,2,2,27,7,3,183,0,0.9749279121818236,-0.22252093395631434,-0.4999999999999997,-0.8660254037844388,0.0,1,3.0,1,0.0,1,0.0,1,0.42857142857142855,1.1338934190276833,0.0,3.0,0.21428571428571427,0.5714285714285714,1.2598815766974223,0.0,4.0,0.75,0,96.29,0.0,0.0,False,False,True,False,False,False,False,True,False,False,False,False,False,False,False,False,False,False,False,False,False,False,False,False,False,False,False,False,False,False,False,False,False,False,True,False
Pakistan,Air Fryer,2025-07-03,Home & Kitchen,1.0,208.32,0.08,20.0,2.0,1.0,0.0,3,3,27,7,3,184,0,0.43388373911755823,-0.900968867902419,-0.4999999999999997,-0.8660254037844388,0.0,1,0.0,1,0.0,1,0.0,1,0.0,0.0,0.0,0.0,0.21428571428571427,0.5714285714285714,1.2598815766974223,0.0,4.0,0.0,1,96.29,112.02999999999999,1.1634645342195449,False,False,True,False,False,False,False,True,False,False,False,False,False,False,False,False,False,False,False,False,False,False,False,False,False,False,False,False,False,False,False,False,False,False,True,False
Pakistan,Air Fryer,2025-07-04,Home & Kitchen,0.0,208.32,,20.0,2.0,0.0,0.0,4,4,27,7,3,185,0,-0.433883739117558,-0.9009688679024191,-0.4999999999999997,-0.8660254037844388,1.0,1,0.0,1,0.0,1,4.0,1,0.14285714285714285,0.3779644730092318,0.0,1.0,0.2857142857142857,0.6071428571428571,1.257254083583675,0.0,4.0,0.23529411764705882,0,208.32,0.0,0.0,False,False,True,False,False,False,False,True,False,False,False,False,False,False,False,False,False,False,False,False,False,False,False,False,False,False,False,False,False,False,False,False,False,False,True,False
Pakistan,Air Fryer,2025-07-05,Home & Kitchen,0.0,208.32,,20.0,2.0,0.0,0.0,5,5,27,7,3,186,1,-0.9749279121818236,-0.2225209339563146,-0.4999999999999997,-0.8660254037844388,0.0,1,0.0,1,0.0,1,0.0,1,0.14285714285714285,0.3779644730092318,0.0,1.0,0.2857142857142857,0.4642857142857143,1.0708993401928082,0.0,3.0,0.30769230769230765,0,208.32,0.0,0.0,False,False,True,False,False,False,False,True,False,False,False,False,False,False,False,False,False,False,False,False,False,False,False,False,False,False,False,False,False,False,False,False,False,False,True,False
Pakistan,Air Fryer,2025-07-06,Home & Kitchen,0.0,208.32,,20.0,2.0,0.0,0.0,6,6,27,7,3,187,1,-0.7818314824680299,0.6234898018587334,-0.4999999999999997,-0.8660254037844388,0.0,1,0.0,1,0.0,1,3.0,1,0.14285714285714285,0.3779644730092318,0.0,1.0,0.2857142857142857,0.4642857142857143,1.0708993401928082,0.0,3.0,0.30769230769230765,0,208.32,0.0,0.0,False,False,True,False,False,False,False,True,False,False,False,False,False,False,False,False,False,False,False,False,False,False,False,False,False,False,False,False,False,False,False,False,False,False,True,False
Pakistan,Air Fryer,2025-07-07,Home & Kitchen,0.0,208.32,,20.0,2.0,0.0,0.0,0,7,28,7,3,188,0,0.0,1.0,-0.4999999999999997,-0.8660254037844388,0.0,1,0.0,1,0.0,1,0.0,1,0.14285714285714285,0.3779644730092318,0.0,1.0,0.2857142857142857,0.35714285714285715,0.9511897312113391,0.0,3.0,0.39999999999999997,0,208.32,0.0,0.0,False,False,True,False,False,False,False,True,False,False,False,False,False,False,False,False,False,False,False,False,False,False,False,False,False,False,False,False,False,False,False,False,False,False,True,False
Pakistan,Air Fryer,2025-07-08,Home & Kitchen,0.0,208.32,,20.0,2.0,0.0,0.0,1,8,28,7,3,189,0,0.7818314824680298,0.6234898018587336,-0.4999999999999997,-0.8660254037844388,0.0,1,0.0,1,0.0,1,3.0,1,0.14285714285714285,0.3779644730092318,0.0,1.0,0.2857142857142857,0.35714285714285715,0.9511897312113391,0.0,3.0,0.39999999999999997,0,208.32,0.0,0.0,False,False,True,False,False,False,False,True,False,False,False,False,False,False,False,False,False,False,False,False,False,False,False,False,False,False,False,False,False,False,False,False,False,False,True,False
Pakistan,Air Fryer,2025-07-09,Home & Kitchen,0.0,208.32,,20.0,2.0,0.0,0.0,2,9,28,7,3,190,0,0.9749279121818236,-0.22252093395631434,-0.4999999999999997,-0.8660254037844388,0.0,1,0.0,1,3.0,1,0.0,1,0.14285714285714285,0.3779644730092318,0.0,1.0,0.2857142857142857,0.25,0.7993052538854497,0.0,3.0,0.5714285714285714,0,208.32,0.0,0.0,False,False,True,False,False,False,False,True,False,False,False,False,False,False,False,False,False,False,False,False,False,False,False,False,False,False,False,False,False,False,False,False,False,False,True,False
Pakistan,Air Fryer,2025-07-10,Home & Kitchen,0.0,208.32,,20.0,2.0,0.0,0.0,3,10,28,7,3,191,0,0.43388373911755823,-0.900968867902419,-0.4999999999999997,-0.8660254037844388,0.0,1,1.0,1,0.0,1,0.0,1,0.14285714285714285,0.3779644730092318,0.0,1.0,0.07142857142857142,0.25,0.7993052538854497,0.0,3.0,0.5714285714285714,0,208.32,0.0,0.0,False,False,True,False,False,False,False,True,False,False,False,False,False,False,False,False,False,False,False,False,False,False,False,False,False,False,False,False,False,False,False,False,False,False,True,False
Pakistan,Air Fryer,2025-07-11,Home & Kitchen,0.0,208.32,,20.0,2.0,0.0,0.0,4,11,28,7,3,192,0,-0.433883739117558,-0.9009688679024191,-0.4999999999999997,-0.8660254037844388,0.0,1,0.0,1,0.0,1,0.0,1,0.0,0.0,0.0,0.0,0.07142857142857142,0.25,0.7993052538854497,0.0,3.0,0.0,0,208.32,0.0,0.0,False,False,True,False,False,False,False,True,False,False,False,False,False,False,False,False,False,False,False,False,False,False,False,False,False,False,False,False,False,False,False,False,False,False,True,False
Pakistan,Air Fryer,2025-07-12,Home & Kitchen,0.0,208.32,,20.0,2.0,0.0,0.0,5,12,28,7,3,193,1,-0.9749279121818236,-0.2225209339563146,-0.4999999999999997,-0.8660254037844388,0.0,1,0.0,1,0.0,1,0.0,1,0.0,0.0,0.0,0.0,0.07142857142857142,0.25,0.7993052538854497,0.0,3.0,0.0,0,208.32,0.0,0.0,False,False,True,False,False,False,False,True,False,False,False,False,False,False,False,False,False,False,False,False,False,False,False,False,False,False,False,False,False,False,False,False,False,False,True,False
Pakistan,Air Fryer,2025-07-13,Home & Kitchen,0.0,208.32,,20.0,2.0,0.0,0.0,6,13,28,7,3,194,1,-0.7818314824680299,0.6234898018587334,-0.4999999999999997,-0.8660254037844388,0.0,1,0.0,1,0.0,1,0.0,1,0.0,0.0,0.0,0.0,0.07142857142857142,0.25,0.7993052538854497,0.0,3.0,0.0,0,208.32,0.0,0.0,False,False,True,False,False,False,False,True,False,False,False,False,False,False,False,False,False,False,False,False,False,False,False,False,False,False,False,False,False,False,False,False,False,False,True,False
Pakistan,Air Fryer,2025-07-14,Home & Kitchen,0.0,208.32,,20.0,2.0,0.0,0.0,0,14,29,7,3,195,0,0.0,1.0,-0.4999999999999997,-0.8660254037844388,0.0,1,0.0,1,0.0,1,0.0,1,0.0,0.0,0.0,0.0,0.07142857142857142,0.25,0.7993052538854497,0.0,3.0,0.0,0,208.32,0.0,0.0,False,False,True,False,False,False,False,True,False,False,False,False,False,False,False,False,False,False,False,False,False,False,False,False,False,False,False,False,False,False,False,False,False,False,True,False
Pakistan,Air Fryer,2025-07-15,Home & Kitchen,0.0,208.32,,20.0,2.0,0.0,0.0,1,15,29,7,3,196,0,0.7818314824680298,0.6234898018587336,-0.4999999999999997,-0.8660254037844388,0.0,1,0.0,1,0.0,1,3.0,1,0.0,0.0,0.0,0.0,0.07142857142857142,0.25,0.7993052538854497,0.0,3.0,0.0,0,208.32,0.0,0.0,False,False,True,False,False,False,False,True,False,False,False,False,False,False,False,False,False,False,False,False,False,False,False,False,False,False,False,False,False,False,False,False,False,False,True,False
Pakistan,Air Fryer,2025-07-16,Home & Kitchen,0.0,208.32,,20.0,2.0,0.0,0.0,2,16,29,7,3,197,0,0.9749279121818236,-0.22252093395631434,-0.4999999999999997,-0.8660254037844388,0.0,1,0.0,1,0.0,1,0.0,1,0.0,0.0,0.0,0.0,0.07142857142857142,0.14285714285714285,0.5909368402852737,0.0,3.0,0.0,0,208.32,0.0,0.0,False,False,True,False,False,False,False,True,False,False,False,False,False,False,False,False,False,False,False,False,False,False,False,False,False,False,False,False,False,False,False,False,False,False,True,False
Pakistan,Air Fryer,2025-07-17,Home & Kitchen,0.0,208.32,,20.0,2.0,0.0,0.0,3,17,29,7,3,198,0,0.43388373911755823,-0.900968867902419,-0.4999999999999997,-0.8660254037844388,0.0,1,0.0,1,1.0,1,0.0,1,0.0,0.0,0.0,0.0,0.07142857142857142,0.14285714285714285,0.5909368402852737,0.0,3.0,0.0,0,208.32,0.0,0.0,False,False,True,False,False,False,False,True,False,False,False,False,False,False,False,False,False,False,False,False,False,False,False,False,False,False,False,False,False,False,False,False,False,False,True,False
Pakistan,Air Fryer,2025-07-18,Home & Kitchen,0.0,208.32,,20.0,2.0,0.0,0.0,4,18,29,7,3,199,0,-0.433883739117558,-0.9009688679024191,-0.4999999999999997,-0.8660254037844388,0.0,1,0.0,1,0.0,1,0.0,1,0.0,0.0,0.0,0.0,0.0,0.14285714285714285,0.5909368402852737,0.0,3.0,0.0,0,208.32,0.0,0.0,False,False,True,False,False,False,False,True,False,False,False,False,False,False,False,False,False,False,False,False,False,False,False,False,False,False,False,False,False,False,False,False,False,False,True,False
Pakistan,Air Fryer,2025-07-19,Home & Kitchen,0.0,208.32,,20.0,2.0,0.0,0.0,5,19,29,7,3,200,1,-0.9749279121818236,-0.2225209339563146,-0.4999999999999997,-0.8660254037844388,0.0,1,0.0,1,0.0,1,0.0,1,0.0,0.0,0.0,0.0,0.0,0.14285714285714285,0.5909368402852737,0.0,3.0,0.0,0,208.32,0.0,0.0,False,False,True,False,False,False,False,True,False,False,False,False,False,False,False,False,False,False,False,False,False,False,False,False,False,False,False,False,False,False,False,False,False,False,True,False
Pakistan,Air Fryer,2025-07-20,Home & Kitchen,0.0,208.32,,20.0,2.0,0.0,0.0,6,20,29,7,3,201,1,-0.7818314824680299,0.6234898018587334,-0.4999999999999997,-0.8660254037844388,0.0,1,0.0,1,0.0,1,0.0,1,0.0,0.0,0.0,0.0,0.0,0.14285714285714285,0.5909368402852737,0.0,3.0,0.0,0,208.32,0.0,0.0,False,False,True,False,False,False,False,True,False,False,False,False,False,False,False,False,False,False,False,False,False,False,False,False,False,False,False,False,False,False,False,False,False,False,True,False
Pakistan,Air Fryer,2025-07-21,Home & Kitchen,0.0,208.32,,20.0,2.0,0.0,0.0,0,21,30,7,3,202,0,0.0,1.0,-0.4999999999999997,-0.8660254037844388,0.0,1,0.0,1,0.0,1,0.0,1,0.0,0.0,0.0,0.0,0.0,0.14285714285714285,0.5909368402852737,0.0,3.0,0.0,0,208.32,0.0,0.0,False,False,True,False,False,False,False,True,False,False,False,False,False,False,False,False,False,False,False,False,False,False,False,False,False,False,False,False,False,False,False,False,False,False,True,False
Pakistan,Air Fryer,2025-07-22,Home & Kitchen,0.0,208.32,,20.0,2.0,0.0,0.0,1,22,30,7,3,203,0,0.7818314824680298,0.6234898018587336,-0.4999999999999997,-0.8660254037844388,0.0,1,0.0,1,0.0,1,0.0,1,0.0,0.0,0.0,0.0,0.0,0.14285714285714285,0.5909368402852737,0.0,3.0,0.0,0,208.32,0.0,0.0,False,False,True,False,False,False,False,True,False,False,False,False,False,False,False,False,False,False,False,False,False,False,False,False,False,False,False,False,False,False,False,False,False,False,True,False
Pakistan,Air Fryer,2025-07-23,Home & Kitchen,0.0,208.32,,20.0,2.0,0.0,0.0,2,23,30,7,3,204,0,0.9749279121818236,-0.22252093395631434,-0.4999999999999997,-0.8660254037844388,0.0,1,0.0,1,0.0,1,3.0,1,0.0,0.0,0.0,0.0,0.0,0.14285714285714285,0.5909368402852737,0.0,3.0,0.0,0,208.32,0.0,0.0,False,False,True,False,False,False,False,True,False,False,False,False,False,False,False,False,False,False,False,False,False,False,False,False,False,False,False,False,False,False,False,False,False,False,True,False
Pakistan,Air Fryer,2025-07-24,Home & Kitchen,0.0,208.32,,20.0,2.0,0.0,0.0,3,24,30,7,3,205,0,0.43388373911755823,-0.900968867902419,-0.4999999999999997,-0.8660254037844388,0.0,1,0.0,1,0.0,1,0.0,1,0.0,0.0,0.0,0.0,0.0,0.03571428571428571,0.18898223650459645,0.0,1.0,0.0,0,208.32,0.0,0.0,False,False,True,False,False,False,False,True,False,False,False,False,False,False,False,False,False,False,False,False,False,False,False,False,False,False,False,False,False,False,False,False,False,False,True,False
Pakistan,Air Fryer,2025-07-25,Home & Kitchen,0.0,208.32,,20.0,2.0,0.0,0.0,4,25,30,7,3,206,0,-0.433883739117558,-0.9009688679024191,-0.4999999999999997,-0.8660254037844388,0.0,1,0.0,1,0.0,1,0.0,1,0.0,0.0,0.0,0.0,0.0,0.03571428571428571,0.18898223650459645,0.0,1.0,0.0,0,208.32,0.0,0.0,False,False,True,False,False,False,False,True,False,False,False,False,False,False,False,False,False,False,False,False,False,False,False,False,False,False,False,False,False,False,False,False,False,False,True,False
Pakistan,Air Fryer,2025-07-26,Home & Kitchen,0.0,208.32,,20.0,2.0,0.0,0.0,5,26,30,7,3,207,1,-0.9749279121818236,-0.2225209339563146,-0.4999999999999997,-0.8660254037844388,0.0,1,0.0,1,0.0,1,0.0,1,0.0,0.0,0.0,0.0,0.0,0.03571428571428571,0.18898223650459645,0.0,1.0,0.0,0,208.32,0.0,0.0,False,False,True,False,False,False,False,True,False,False,False,False,False,False,False,False,False,False,False,False,False,False,False,False,False,False,False,False,False,False,False,False,False,False,True,False
Pakistan,Air Fryer,2025-07-27,Home & Kitchen,0.0,208.32,,20.0,2.0,0.0,0.0,6,27,30,7,3,208,1,-0.7818314824680299,0.6234898018587334,-0.4999999999999997,-0.8660254037844388,0.0,1,0.0,1,0.0,1,0.0,1,0.0,0.0,0.0,0.0,0.0,0.03571428571428571,0.18898223650459645,0.0,1.0,0.0,0,208.32,0.0,0.0,False,False,True,False,False,False,False,True,False,False,False,False,False,False,False,False,False,False,False,False,False,False,False,False,False,False,False,False,False,False,False,False,False,False,True,False
Pakistan,Air Fryer,2025-07-28,Home & Kitchen,0.0,208.32,,20.0,2.0,0.0,0.0,0,28,31,7,3,209,0,0.0,1.0,-0.4999999999999997,-0.8660254037844388,0.0,1,0.0,1,0.0,1,0.0,1,0.0,0.0,0.0,0.0,0.0,0.03571428571428571,0.18898223650459645,0.0,1.0,0.0,0,208.32,0.0,0.0,False,False,True,False,False,False,False,True,False,False,False,False,False,False,False,False,False,False,False,False,False,False,False,False,False,False,False,False,False,False,False,False,False,False,True,False
Pakistan,Air Fryer,2025-07-29,Home & Kitchen,0.0,208.32,,20.0,2.0,0.0,0.0,1,29,31,7,3,210,0,0.7818314824680298,0.6234898018587336,-0.4999999999999997,-0.8660254037844388,0.0,1,0.0,1,0.0,1,0.0,1,0.0,0.0,0.0,0.0,0.0,0.03571428571428571,0.18898223650459645,0.0,1.0,0.0,0,208.32,0.0,0.0,False,False,True,False,False,False,False,True,False,False,False,False,False,False,False,False,False,False,False,False,False,False,False,False,False,False,False,False,False,False,False,False,False,False,True,False
Pakistan,Air Fryer,2025-07-30,Home & Kitchen,0.0,208.32,,20.0,2.0,0.0,0.0,2,30,31,7,3,211,0,0.9749279121818236,-0.22252093395631434,-0.4999999999999997,-0.8660254037844388,0.0,1,0.0,1,0.0,1,0.0,1,0.0,0.0,0.0,0.0,0.0,0.03571428571428571,0.18898223650459645,0.0,1.0,0.0,0,208.32,0.0,0.0,False,False,True,False,False,False,False,True,False,False,False,False,False,False,False,False,False,False,False,False,False,False,False,False,False,False,False,False,False,False,False,False,False,False,True,False
Pakistan,Air Fryer,2025-07-31,Home & Kitchen,0.0,208.32,,20.0,2.0,0.0,0.0,3,31,31,7,3,212,0,0.43388373911755823,-0.900968867902419,-0.4999999999999997,-0.8660254037844388,0.0,1,0.0,1,0.0,1,1.0,1,0.0,0.0,0.0,0.0,0.0,0.03571428571428571,0.18898223650459645,0.0,1.0,0.0,0,208.32,0.0,0.0,False,False,True,False,False,False,False,True,False,False,False,False,False,False,False,False,False,False,False,False,False,False,False,False,False,False,False,False,False,False,False,False,False,False,True,False
Pakistan,Air Fryer,2025-08-01,Home & Kitchen,0.0,208.32,,20.0,2.0,0.0,0.0,4,1,31,8,3,213,0,-0.433883739117558,-0.9009688679024191,-0.8660254037844385,-0.5000000000000004,0.0,1,0.0,1,0.0,1,0.0,1,0.0,0.0,0.0,0.0,0.0,0.0,0.0,0.0,0.0,0.0,0,208.32,0.0,0.0,False,False,True,False,False,False,False,True,False,False,False,False,False,False,False,False,False,False,False,False,False,False,False,False,False,False,False,False,False,False,False,False,False,False,True,False
Pakistan,Air Fryer,2025-08-02,Home & Kitchen,0.0,208.32,,20.0,2.0,0.0,0.0,5,2,31,8,3,214,1,-0.9749279121818236,-0.2225209339563146,-0.8660254037844385,-0.5000000000000004,0.0,1,0.0,1,0.0,1,0.0,1,0.0,0.0,0.0,0.0,0.0,0.0,0.0,0.0,0.0,0.0,0,208.32,0.0,0.0,False,False,True,False,False,False,False,True,False,False,False,False,False,False,False,False,False,False,False,False,False,False,False,False,False,False,False,False,False,False,False,False,False,False,True,False
Pakistan,Air Fryer,2025-08-03,Home & Kitchen,0.0,208.32,,20.0,2.0,0.0,0.0,6,3,31,8,3,215,1,-0.7818314824680299,0.6234898018587334,-0.8660254037844385,-0.5000000000000004,0.0,1,0.0,1,0.0,1,0.0,1,0.0,0.0,0.0,0.0,0.0,0.0,0.0,0.0,0.0,0.0,0,208.32,0.0,0.0,False,False,True,False,False,False,False,True,False,False,False,False,False,False,False,False,False,False,False,False,False,False,False,False,False,False,False,False,False,False,False,False,False,False,True,False
Pakistan,Air Fryer,2025-08-04,Home & Kitchen,0.0,208.32,,20.0,2.0,0.0,0.0,0,4,32,8,3,216,0,0.0,1.0,-0.8660254037844385,-0.5000000000000004,0.0,1,0.0,1,0.0,1,0.0,1,0.0,0.0,0.0,0.0,0.0,0.0,0.0,0.0,0.0,0.0,0,208.32,0.0,0.0,False,False,True,False,False,False,False,True,False,False,False,False,False,False,False,False,False,False,False,False,False,False,False,False,False,False,False,False,False,False,False,False,False,False,True,False
Pakistan,Air Fryer,2025-08-05,Home & Kitchen,0.0,208.32,,20.0,2.0,0.0,0.0,1,5,32,8,3,217,0,0.7818314824680298,0.6234898018587336,-0.8660254037844385,-0.5000000000000004,0.0,1,0.0,1,0.0,1,0.0,1,0.0,0.0,0.0,0.0,0.0,0.0,0.0,0.0,0.0,0.0,0,208.32,0.0,0.0,False,False,True,False,False,False,False,True,False,False,False,False,False,False,False,False,False,False,False,False,False,False,False,False,False,False,False,False,False,False,False,False,False,False,True,False
Pakistan,Air Fryer,2025-08-06,Home & Kitchen,2.0,284.9,0.04,20.0,2.0,1.0,0.0,2,6,32,8,3,218,0,0.9749279121818236,-0.22252093395631434,-0.8660254037844385,-0.5000000000000004,0.0,1,0.0,1,0.0,1,0.0,1,0.0,0.0,0.0,0.0,0.0,0.0,0.0,0.0,0.0,0.0,1,208.32,76.57999999999998,0.3676075268817204,False,False,True,False,False,False,False,True,False,False,False,False,False,False,False,False,False,False,False,False,False,False,False,False,False,False,False,False,False,False,False,False,False,False,True,False
Pakistan,Air Fryer,2025-08-07,Home & Kitchen,0.0,284.9,,20.0,2.0,0.0,0.0,3,7,32,8,3,219,0,0.43388373911755823,-0.900968867902419,-0.8660254037844385,-0.5000000000000004,2.0,1,0.0,1,0.0,1,0.0,1,0.2857142857142857,0.7559289460184567,0.0,2.0,0.14285714285714285,0.07142857142857142,0.3779644730092188,0.0,2.0,4.0,0,284.9,0.0,0.0,False,False,True,False,False,False,False,True,False,False,False,False,False,False,False,False,False,False,False,False,False,False,False,False,False,False,False,False,False,False,False,False,False,False,True,False
Pakistan,Air Fryer,2025-08-08,Home & Kitchen,0.0,284.9,,20.0,2.0,0.0,0.0,4,8,32,8,3,220,0,-0.433883739117558,-0.9009688679024191,-0.8660254037844385,-0.5000000000000004,0.0,1,0.0,1,0.0,1,0.0,1,0.2857142857142857,0.7559289460184568,0.0,2.0,0.14285714285714285,0.07142857142857142,0.3779644730092188,0.0,2.0,4.0,0,284.9,0.0,0.0,False,False,True,False,False,False,False,True,False,False,False,False,False,False,False,False,False,False,False,False,False,False,False,False,False,False,False,False,False,False,False,False,False,False,True,False
Pakistan,Air Fryer,2025-08-09,Home & Kitchen,2.0,62.51,0.08,20.0,2.0,1.0,0.0,5,9,32,8,3,221,1,-0.9749279121818236,-0.2225209339563146,-0.8660254037844385,-0.5000000000000004,0.0,1,0.0,1,0.0,1,0.0,1,0.2857142857142857,0.7559289460184568,0.0,2.0,0.14285714285714285,0.07142857142857142,0.3779644730092188,0.0,2.0,4.0,1,284.9,-222.39,-0.7805896805896806,False,False,True,False,False,False,False,True,False,False,False,False,False,False,False,False,False,False,False,False,False,False,False,False,False,False,False,False,False,False,False,False,False,False,True,False
Pakistan,Air Fryer,2025-08-10,Home & Kitchen,0.0,62.51,,20.0,2.0,0.0,0.0,6,10,32,8,3,222,1,-0.7818314824680299,0.6234898018587334,-0.8660254037844385,-0.5000000000000004,2.0,1,0.0,1,0.0,1,0.0,1,0.5714285714285714,0.9759000729485351,0.0,2.0,0.2857142857142857,0.14285714285714285,0.5245305283129562,0.0,2.0,4.0,0,62.51,0.0,0.0,False,False,True,False,False,False,False,True,False,False,False,False,False,False,False,False,False,False,False,False,False,False,False,False,False,False,False,False,False,False,False,False,False,False,True,False
Pakistan,Air Fryer,2025-08-11,Home & Kitchen,0.0,62.51,,20.0,2.0,0.0,0.0,0,11,33,8,3,223,0,0.0,1.0,-0.8660254037844385,-0.5000000000000004,0.0,1,0.0,1,0.0,1,0.0,1,0.5714285714285714,0.9759000729485351,0.0,2.0,0.2857142857142857,0.14285714285714285,0.5245305283129562,0.0,2.0,4.0,0,62.51,0.0,0.0,False,False,True,False,False,False,False,True,False,False,False,False,False,False,False,False,False,False,False,False,False,False,False,False,False,False,False,False,False,False,False,False,False,False,True,False
Pakistan,Air Fryer,2025-08-12,Home & Kitchen,0.0,62.51,,20.0,2.0,0.0,0.0,1,12,33,8,3,224,0,0.7818314824680298,0.6234898018587336,-0.8660254037844385,-0.5000000000000004,0.0,1,0.0,1,0.0,1,0.0,1,0.5714285714285714,0.9759000729485351,0.0,2.0,0.2857142857142857,0.14285714285714285,0.5245305283129562,0.0,2.0,4.0,0,62.51,0.0,0.0,False,False,True,False,False,False,False,True,False,False,False,False,False,False,False,False,False,False,False,False,False,False,False,False,False,False,False,False,False,False,False,False,False,False,True,False
Pakistan,Air Fryer,2025-08-13,Home & Kitchen,0.0,62.51,,20.0,2.0,0.0,0.0,2,13,33,8,3,225,0,0.9749279121818236,-0.22252093395631434,-0.8660254037844385,-0.5000000000000004,0.0,1,2.0,1,0.0,1,0.0,1,0.5714285714285714,0.9759000729485351,0.0,2.0,0.2857142857142857,0.14285714285714285,0.5245305283129562,0.0,2.0,4.0,0,62.51,0.0,0.0,False,False,True,False,False,False,False,True,False,False,False,False,False,False,False,False,False,False,False,False,False,False,False,False,False,False,False,False,False,False,False,False,False,False,True,False
Pakistan,Air Fryer,2025-08-14,Home & Kitchen,0.0,62.51,,20.0,2.0,0.0,0.0,3,14,33,8,3,226,0,0.43388373911755823,-0.900968867902419,-0.8660254037844385,-0.5000000000000004,0.0,1,0.0,1,0.0,1,0.0,1,0.2857142857142857,0.7559289460184568,0.0,2.0,0.2857142857142857,0.14285714285714285,0.5245305283129562,0.0,2.0,2.0,0,62.51,0.0,0.0,False,False,True,False,False,False,False,True,False,False,False,False,False,False,False,False,False,False,False,False,False,False,False,False,False,False,False,False,False,False,False,False,False,False,True,False
Pakistan,Air Fryer,2025-08-15,Home & Kitchen,1.0,267.99,0.12,20.0,2.0,1.0,0.0,4,15,33,8,3,227,0,-0.433883739117558,-0.9009688679024191,-0.8660254037844385,-0.5000000000000004,0.0,1,0.0,1,0.0,1,0.0,1,0.2857142857142857,0.7559289460184568,0.0,2.0,0.2857142857142857,0.14285714285714285,0.5245305283129562,0.0,2.0,2.0,1,62.51,205.48000000000002,3.2871540553511442,False,False,True,False,False,False,False,True,False,False,False,False,False,False,False,False,False,False,False,False,False,False,False,False,False,False,False,False,False,False,False,False,False,False,True,False
Pakistan,Air Fryer,2025-08-16,Home & Kitchen,0.0,267.99,,20.0,2.0,0.0,0.0,5,16,33,8,3,228,1,-0.9749279121818236,-0.2225209339563146,-0.8660254037844385,-0.5000000000000004,1.0,1,2.0,1,0.0,1,0.0,1,0.42857142857142855,0.7867957924694455,0.0,2.0,0.35714285714285715,0.17857142857142858,0.5479640045336411,0.0,2.0,2.4,0,267.99,0.0,0.0,False,False,True,False,False,False,False,True,False,False,False,False,False,False,False,False,False,False,False,False,False,False,False,False,False,False,False,False,False,False,False,False,False,False,True,False
Pakistan,Air Fryer,2025-08-17,Home & Kitchen,0.0,267.99,,20.0,2.0,0.0,0.0,6,17,33,8,3,229,1,-0.7818314824680299,0.6234898018587334,-0.8660254037844385,-0.5000000000000004,0.0,1,0.0,1,0.0,1,0.0,1,0.14285714285714285,0.37796447300923197,0.0,1.0,0.35714285714285715,0.17857142857142858,0.5479640045336411,0.0,2.0,0.7999999999999999,0,267.99,0.0,0.0,False,False,True,False,False,False,False,True,False,False,False,False,False,False,False,False,False,False,False,False,False,False,False,False,False,False,False,False,False,False,False,False,False,False,True,False
Pakistan,Air Fryer,2025-08-18,Home & Kitchen,0.0,267.99,,20.0,2.0,0.0,0.0,0,18,34,8,3,230,0,0.0,1.0,-0.8660254037844385,-0.5000000000000004,0.0,1,0.0,1,0.0,1,0.0,1,0.14285714285714285,0.37796447300923197,0.0,1.0,0.35714285714285715,0.17857142857142858,0.5479640045336411,0.0,2.0,0.7999999999999999,0,267.99,0.0,0.0,False,False,True,False,False,False,False,True,False,False,False,False,False,False,False,False,False,False,False,False,False,False,False,False,False,False,False,False,False,False,False,False,False,False,True,False
Pakistan,Air Fryer,2025-08-19,Home & Kitchen,3.0,142.0,0.04,20.0,2.0,1.0,0.0,1,19,34,8,3,231,0,0.7818314824680298,0.6234898018587336,-0.8660254037844385,-0.5000000000000004,0.0,1,0.0,1,0.0,1,0.0,1,0.14285714285714285,0.37796447300923197,0.0,1.0,0.35714285714285715,0.17857142857142858,0.5479640045336411,0.0,2.0,0.7999999999999999,1,267.99,-125.99000000000001,-0.47012948244337477,False,False,True,False,False,False,False,True,False,False,False,False,False,False,False,False,False,False,False,False,False,False,False,False,False,False,False,False,False,False,False,False,False,False,True,False
Pakistan,Air Fryer,2025-08-20,Home & Kitchen,0.0,142.0,,20.0,2.0,0.0,0.0,2,20,34,8,3,232,0,0.9749279121818236,-0.22252093395631434,-0.8660254037844385,-0.5000000000000004,3.0,1,0.0,1,2.0,1,0.0,1,0.5714285714285714,1.1338934190276833,0.0,3.0,0.5714285714285714,0.2857142857142857,0.7628961803617688,0.0,3.0,2.0,0,142.0,0.0,0.0,False,False,True,False,False,False,False,True,False,False,False,False,False,False,False,False,False,False,False,False,False,False,False,False,False,False,False,False,False,False,False,False,False,False,True,False
Pakistan,Air Fryer,2025-08-21,Home & Kitchen,0.0,142.0,,20.0,2.0,0.0,0.0,3,21,34,8,3,233,0,0.43388373911755823,-0.900968867902419,-0.8660254037844385,-0.5000000000000004,0.0,1,0.0,1,0.0,1,0.0,1,0.5714285714285714,1.1338934190276833,0.0,3.0,0.42857142857142855,0.2857142857142857,0.7628961803617688,0.0,3.0,2.0,0,142.0,0.0,0.0,False,False,True,False,False,False,False,True,False,False,False,False,False,False,False,False,False,False,False,False,False,False,False,False,False,False,False,False,False,False,False,False,False,False,True,False
Pakistan,Air Fryer,2025-08-22,Home & Kitchen,3.0,277.4,0.06,20.0,2.0,1.0,0.0,4,22,34,8,3,234,0,-0.433883739117558,-0.9009688679024191,-0.8660254037844385,-0.5000000000000004,0.0,1,1.0,1,0.0,1,0.0,1,0.5714285714285714,1.1338934190276833,0.0,3.0,0.42857142857142855,0.2857142857142857,0.7628961803617688,0.0,3.0,2.0,1,142.0,135.39999999999998,0.9535211267605632,False,False,True,False,False,False,False,True,False,False,False,False,False,False,False,False,False,False,False,False,False,False,False,False,False,False,False,False,False,False,False,False,False,False,True,False
Pakistan,Air Fryer,2025-08-23,Home & Kitchen,0.0,277.4,,20.0,2.0,0.0,0.0,5,23,34,8,3,235,1,-0.9749279121818236,-0.2225209339563146,-0.8660254037844385,-0.5000000000000004,3.0,1,0.0,1,2.0,1,0.0,1,0.8571428571428571,1.4638501094228014,0.0,3.0,0.6428571428571429,0.39285714285714285,0.91648627373632,0.0,3.0,2.1818181818181817,0,277.4,0.0,0.0,False,False,True,False,False,False,False,True,False,False,False,False,False,False,False,False,False,False,False,False,False,False,False,False,False,False,False,False,False,False,False,False,False,False,True,False
Pakistan,Air Fryer,2025-08-24,Home & Kitchen,0.0,277.4,,20.0,2.0,0.0,0.0,6,24,34,8,3,236,1,-0.7818314824680299,0.6234898018587334,-0.8660254037844385,-0.5000000000000004,0.0,1,0.0,1,0.0,1,0.0,1,0.8571428571428571,1.4638501094228014,0.0,3.0,0.5,0.39285714285714285,0.91648627373632,0.0,3.0,2.1818181818181817,0,277.4,0.0,0.0,False,False,True,False,False,False,False,True,False,False,False,False,False,False,False,False,False,False,False,False,False,False,False,False,False,False,False,False,False,False,False,False,False,False,True,False
Pakistan,Air Fryer,2025-08-25,Home & Kitchen,0.0,277.4,,20.0,2.0,0.0,0.0,0,25,35,8,3,237,0,0.0,1.0,-0.8660254037844385,-0.5000000000000004,0.0,1,0.0,1,0.0,1,0.0,1,0.8571428571428571,1.4638501094228014,0.0,3.0,0.5,0.39285714285714285,0.91648627373632,0.0,3.0,2.1818181818181817,0,277.4,0.0,0.0,False,False,True,False,False,False,False,True,False,False,False,False,False,False,False,False,False,False,False,False,False,False,False,False,False,False,False,False,False,False,False,False,False,False,True,False
Pakistan,Air Fryer,2025-08-26,Home & Kitchen,0.0,277.4,,20.0,2.0,0.0,0.0,1,26,35,8,3,238,0,0.7818314824680298,0.6234898018587336,-0.8660254037844385,-0.5000000000000004,0.0,1,3.0,1,0.0,1,0.0,1,0.8571428571428571,1.4638501094228014,0.0,3.0,0.5,0.39285714285714285,0.91648627373632,0.0,3.0,2.1818181818181817,0,277.4,0.0,0.0,False,False,True,False,False,False,False,True,False,False,False,False,False,False,False,False,False,False,False,False,False,False,False,False,False,False,False,False,False,False,False,False,False,False,True,False
Pakistan,Air Fryer,2025-08-27,Home & Kitchen,0.0,277.4,,20.0,2.0,0.0,0.0,2,27,35,8,3,239,0,0.9749279121818236,-0.22252093395631434,-0.8660254037844385,-0.5000000000000004,0.0,1,0.0,1,0.0,1,0.0,1,0.42857142857142855,1.1338934190276835,0.0,3.0,0.5,0.39285714285714285,0.91648627373632,0.0,3.0,1.0909090909090908,0,277.4,0.0,0.0,False,False,True,False,False,False,False,True,False,False,False,False,False,False,False,False,False,False,False,False,False,False,False,False,False,False,False,False,False,False,False,False,False,False,True,False
Pakistan,Air Fryer,2025-08-28,Home & Kitchen,0.0,277.4,,20.0,2.0,0.0,0.0,3,28,35,8,3,240,0,0.43388373911755823,-0.900968867902419,-0.8660254037844385,-0.5000000000000004,0.0,1,0.0,1,0.0,1,0.0,1,0.42857142857142855,1.1338934190276835,0.0,3.0,0.5,0.39285714285714285,0.91648627373632,0.0,3.0,1.0909090909090908,0,277.4,0.0,0.0,False,False,True,False,False,False,False,True,False,False,False,False,False,False,False,False,False,False,False,False,False,False,False,False,False,False,False,False,False,False,False,False,False,False,True,False
Pakistan,Air Fryer,2025-08-29,Home & Kitchen,0.0,277.4,,20.0,2.0,0.0,0.0,4,29,35,8,3,241,0,-0.433883739117558,-0.9009688679024191,-0.8660254037844385,-0.5000000000000004,0.0,1,3.0,1,1.0,1,0.0,1,0.42857142857142855,1.1338934190276835,0.0,3.0,0.5,0.39285714285714285,0.91648627373632,0.0,3.0,1.0909090909090908,0,277.4,0.0,0.0,False,False,True,False,False,False,False,True,False,False,False,False,False,False,False,False,False,False,False,False,False,False,False,False,False,False,False,False,False,False,False,False,False,False,True,False
Pakistan,Air Fryer,2025-08-30,Home & Kitchen,0.0,277.4,,20.0,2.0,0.0,0.0,5,30,35,8,3,242,1,-0.9749279121818236,-0.2225209339563146,-0.8660254037844385,-0.5000000000000004,0.0,1,0.0,1,0.0,1,0.0,1,0.0,0.0,0.0,0.0,0.42857142857142855,0.39285714285714285,0.91648627373632,0.0,3.0,0.0,0,277.4,0.0,0.0,False,False,True,False,False,False,False,True,False,False,False,False,False,False,False,False,False,False,False,False,False,False,False,False,False,False,False,False,False,False,False,False,False,False,True,False
Pakistan,Air Fryer,2025-08-31,Home & Kitchen,0.0,277.4,,20.0,2.0,0.0,0.0,6,31,35,8,3,243,1,-0.7818314824680299,0.6234898018587334,-0.8660254037844385,-0.5000000000000004,0.0,1,0.0,1,0.0,1,0.0,1,0.0,0.0,0.0,0.0,0.42857142857142855,0.39285714285714285,0.91648627373632,0.0,3.0,0.0,0,277.4,0.0,0.0,False,False,True,False,False,False,False,True,False,False,False,False,False,False,False,False,False,False,False,False,False,False,False,False,False,False,False,False,False,False,False,False,False,False,True,False
Pakistan,Air Fryer,2025-09-01,Home & Kitchen,0.0,277.4,,20.0,2.0,0.0,0.0,0,1,36,9,3,244,0,0.0,1.0,-1.0,-1.8369701987210297e-16,0.0,1,0.0,1,0.0,1,0.0,1,0.0,0.0,0.0,0.0,0.42857142857142855,0.39285714285714285,0.91648627373632,0.0,3.0,0.0,0,277.4,0.0,0.0,False,False,True,False,False,False,False,True,False,False,False,False,False,False,False,False,False,False,False,False,False,False,False,False,False,False,False,False,False,False,False,False,False,False,True,False
Pakistan,Air Fryer,2025-09-02,Home & Kitchen,0.0,277.4,,20.0,2.0,0.0,0.0,1,2,36,9,3,245,0,0.7818314824680298,0.6234898018587336,-1.0,-1.8369701987210297e-16,0.0,1,0.0,1,3.0,1,0.0,1,0.0,0.0,0.0,0.0,0.42857142857142855,0.39285714285714285,0.91648627373632,0.0,3.0,0.0,0,277.4,0.0,0.0,False,False,True,False,False,False,False,True,False,False,False,False,False,False,False,False,False,False,False,False,False,False,False,False,False,False,False,False,False,False,False,False,False,False,True,False
Pakistan,Air Fryer,2025-09-03,Home & Kitchen,0.0,277.4,,20.0,2.0,0.0,0.0,2,3,36,9,3,246,0,0.9749279121818236,-0.22252093395631434,-1.0,-1.8369701987210297e-16,0.0,1,0.0,1,0.0,1,2.0,1,0.0,0.0,0.0,0.0,0.21428571428571427,0.39285714285714285,0.91648627373632,0.0,3.0,0.0,0,277.4,0.0,0.0,False,False,True,False,False,False,False,True,False,False,False,False,False,False,False,False,False,False,False,False,False,False,False,False,False,False,False,False,False,False,False,False,False,False,True,False
Pakistan,Air Fryer,2025-09-04,Home & Kitchen,0.0,277.4,,20.0,2.0,0.0,0.0,3,4,36,9,3,247,0,0.43388373911755823,-0.900968867902419,-1.0,-1.8369701987210297e-16,0.0,1,0.0,1,0.0,1,0.0,1,0.0,0.0,0.0,0.0,0.21428571428571427,0.32142857142857145,0.8629652337776936,0.0,3.0,0.0,0,277.4,0.0,0.0,False,False,True,False,False,False,False,True,False,False,False,False,False,False,False,False,False,False,False,False,False,False,False,False,False,False,False,False,False,False,False,False,False,False,True,False
Pakistan,Air Fryer,2025-09-05,Home & Kitchen,0.0,277.4,,20.0,2.0,0.0,0.0,4,5,36,9,3,248,0,-0.433883739117558,-0.9009688679024191,-1.0,-1.8369701987210297e-16,0.0,1,0.0,1,3.0,1,0.0,1,0.0,0.0,0.0,0.0,0.21428571428571427,0.32142857142857145,0.8629652337776936,0.0,3.0,0.0,0,277.4,0.0,0.0,False,False,True,False,False,False,False,True,False,False,False,False,False,False,False,False,False,False,False,False,False,False,False,False,False,False,False,False,False,False,False,False,False,False,True,False
Pakistan,Air Fryer,2025-09-06,Home & Kitchen,0.0,277.4,,20.0,2.0,0.0,0.0,5,6,36,9,3,249,1,-0.9749279121818236,-0.2225209339563146,-1.0,-1.8369701987210297e-16,0.0,1,0.0,1,0.0,1,2.0,1,0.0,0.0,0.0,0.0,0.0,0.32142857142857145,0.8629652337776936,0.0,3.0,0.0,0,277.4,0.0,0.0,False,False,True,False,False,False,False,True,False,False,False,False,False,False,False,False,False,False,False,False,False,False,False,False,False,False,False,False,False,False,False,False,False,False,True,False
Pakistan,Air Fryer,2025-09-07,Home & Kitchen,0.0,277.4,,20.0,2.0,0.0,0.0,6,7,36,9,3,250,1,-0.7818314824680299,0.6234898018587334,-1.0,-1.8369701987210297e-16,0.0,1,0.0,1,0.0,1,0.0,1,0.0,0.0,0.0,0.0,0.0,0.25,0.7993052538854497,0.0,3.0,0.0,0,277.4,0.0,0.0,False,False,True,False,False,False,False,True,False,False,False,False,False,False,False,False,False,False,False,False,False,False,False,False,False,False,False,False,False,False,False,False,False,False,True,False
Pakistan,Air Fryer,2025-09-08,Home & Kitchen,0.0,277.4,,20.0,2.0,0.0,0.0,0,8,37,9,3,251,0,0.0,1.0,-1.0,-1.8369701987210297e-16,0.0,1,0.0,1,0.0,1,0.0,1,0.0,0.0,0.0,0.0,0.0,0.25,0.7993052538854497,0.0,3.0,0.0,0,277.4,0.0,0.0,False,False,True,False,False,False,False,True,False,False,False,False,False,False,False,False,False,False,False,False,False,False,False,False,False,False,False,False,False,False,False,False,False,False,True,False
Pakistan,Air Fryer,2025-09-09,Home & Kitchen,0.0,277.4,,20.0,2.0,0.0,0.0,1,9,37,9,3,252,0,0.7818314824680298,0.6234898018587336,-1.0,-1.8369701987210297e-16,0.0,1,0.0,1,0.0,1,0.0,1,0.0,0.0,0.0,0.0,0.0,0.25,0.7993052538854497,0.0,3.0,0.0,0,277.4,0.0,0.0,False,False,True,False,False,False,False,True,False,False,False,False,False,False,False,False,False,False,False,False,False,False,False,False,False,False,False,False,False,False,False,False,False,False,True,False
Pakistan,Air Fryer,2025-09-10,Home & Kitchen,2.0,257.48,0.08,20.0,2.0,1.0,0.0,2,10,37,9,3,253,0,0.9749279121818236,-0.22252093395631434,-1.0,-1.8369701987210297e-16,0.0,1,0.0,1,0.0,1,0.0,1,0.0,0.0,0.0,0.0,0.0,0.25,0.7993052538854497,0.0,3.0,0.0,1,277.4,-19.91999999999996,-0.0718096611391491,False,False,True,False,False,False,False,True,False,False,False,False,False,False,False,False,False,False,False,False,False,False,False,False,False,False,False,False,False,False,False,False,False,False,True,False
Pakistan,Air Fryer,2025-09-11,Home & Kitchen,0.0,257.48,,20.0,2.0,0.0,0.0,3,11,37,9,3,254,0,0.43388373911755823,-0.900968867902419,-1.0,-1.8369701987210297e-16,2.0,1,0.0,1,0.0,1,0.0,1,0.2857142857142857,0.7559289460184572,0.0,2.0,0.14285714285714285,0.32142857142857145,0.8629652337776936,0.0,3.0,0.8888888888888887,0,257.48,0.0,0.0,False,False,True,False,False,False,False,True,False,False,False,False,False,False,False,False,False,False,False,False,False,False,False,False,False,False,False,False,False,False,False,False,False,False,True,False
Pakistan,Air Fryer,2025-09-12,Home & Kitchen,0.0,257.48,,20.0,2.0,0.0,0.0,4,12,37,9,3,255,0,-0.433883739117558,-0.9009688679024191,-1.0,-1.8369701987210297e-16,0.0,1,0.0,1,0.0,1,1.0,1,0.2857142857142857,0.7559289460184572,0.0,2.0,0.14285714285714285,0.32142857142857145,0.8629652337776936,0.0,3.0,0.8888888888888887,0,257.48,0.0,0.0,False,False,True,False,False,False,False,True,False,False,False,False,False,False,False,False,False,False,False,False,False,False,False,False,False,False,False,False,False,False,False,False,False,False,True,False
Pakistan,Air Fryer,2025-09-13,Home & Kitchen,2.0,125.15,0.08,20.0,2.0,1.0,0.0,5,13,37,9,3,256,1,-0.9749279121818236,-0.2225209339563146,-1.0,-1.8369701987210297e-16,0.0,1,0.0,1,0.0,1,0.0,1,0.2857142857142857,0.7559289460184572,0.0,2.0,0.14285714285714285,0.2857142857142857,0.8544932592822044,0.0,3.0,1.0,1,257.48,-132.33,-0.5139428305111077,False,False,True,False,False,False,False,True,False,False,False,False,False,False,False,False,False,False,False,False,False,False,False,False,False,False,False,False,False,False,False,False,False,False,True,False
Pakistan,Air Fryer,2025-09-14,Home & Kitchen,0.0,125.15,,20.0,2.0,0.0,0.0,6,14,37,9,3,257,1,-0.7818314824680299,0.6234898018587334,-1.0,-1.8369701987210297e-16,2.0,1,0.0,1,0.0,1,0.0,1,0.5714285714285714,0.9759000729485354,0.0,2.0,0.2857142857142857,0.35714285714285715,0.9114207758701934,0.0,3.0,1.5999999999999999,0,125.15,0.0,0.0,False,False,True,False,False,False,False,True,False,False,False,False,False,False,False,False,False,False,False,False,False,False,False,False,False,False,False,False,False,False,False,False,False,False,True,False
Pakistan,Air Fryer,2025-09-15,Home & Kitchen,2.0,142.18,0.01,20.0,2.0,1.0,0.0,0,15,38,9,3,258,0,0.0,1.0,-1.0,-1.8369701987210297e-16,0.0,1,0.0,1,0.0,1,0.0,1,0.5714285714285714,0.9759000729485354,0.0,2.0,0.2857142857142857,0.35714285714285715,0.9114207758701934,0.0,3.0,1.5999999999999999,1,125.15,17.03,0.13607670795045945,False,False,True,False,False,False,False,True,False,False,False,False,False,False,False,False,False,False,False,False,False,False,False,False,False,False,False,False,False,False,False,False,False,False,True,False
Pakistan,Air Fryer,2025-09-16,Home & Kitchen,2.0,249.09,0.12,20.0,2.0,1.0,0.0,1,16,38,9,3,259,0,0.7818314824680298,0.6234898018587336,-1.0,-1.8369701987210297e-16,2.0,1,0.0,1,0.0,1,3.0,1,0.8571428571428571,1.0690449676496996,0.0,2.0,0.42857142857142855,0.42857142857142855,0.9594972228385633,0.0,3.0,2.0,1,142.18,106.91,0.7519341679561119,False,False,True,False,False,False,False,True,False,False,False,False,False,False,False,False,False,False,False,False,False,False,False,False,False,False,False,False,False,False,False,False,False,False,True,False
Pakistan,Air Fryer,2025-09-17,Home & Kitchen,0.0,249.09,,20.0,2.0,0.0,0.0,2,17,38,9,3,260,0,0.9749279121818236,-0.22252093395631434,-1.0,-1.8369701987210297e-16,2.0,1,2.0,1,0.0,1,0.0,1,1.1428571428571428,1.0690449676496996,0.0,2.0,0.5714285714285714,0.39285714285714285,0.8751417118804307,0.0,3.0,2.909090909090909,0,249.09,0.0,0.0,False,False,True,False,False,False,False,True,False,False,False,False,False,False,False,False,False,False,False,False,False,False,False,False,False,False,False,False,False,False,False,False,False,False,True,False
Pakistan,Air Fryer,2025-09-18,Home & Kitchen,0.0,249.09,,20.0,2.0,0.0,0.0,3,18,38,9,3,261,0,0.43388373911755823,-0.900968867902419,-1.0,-1.8369701987210297e-16,0.0,1,0.0,1,0.0,1,0.0,1,0.8571428571428571,1.0690449676496996,0.0,2.0,0.5714285714285714,0.39285714285714285,0.8751417118804307,0.0,3.0,2.1818181818181817,0,249.09,0.0,0.0,False,False,True,False,False,False,False,True,False,False,False,False,False,False,False,False,False,False,False,False,False,False,False,False,False,False,False,False,False,False,False,False,False,False,True,False
Pakistan,Air Fryer,2025-09-19,Home & Kitchen,0.0,249.09,,20.0,2.0,0.0,0.0,4,19,38,9,3,262,0,-0.433883739117558,-0.9009688679024191,-1.0,-1.8369701987210297e-16,0.0,1,0.0,1,0.0,1,3.0,1,0.8571428571428571,1.0690449676496996,0.0,2.0,0.5714285714285714,0.39285714285714285,0.8751417118804307,0.0,3.0,2.1818181818181817,0,249.09,0.0,0.0,False,False,True,False,False,False,False,True,False,False,False,False,False,False,False,False,False,False,False,False,False,False,False,False,False,False,False,False,False,False,False,False,False,False,True,False
Pakistan,Air Fryer,2025-09-20,Home & Kitchen,0.0,249.09,,20.0,2.0,0.0,0.0,5,20,38,9,3,263,1,-0.9749279121818236,-0.2225209339563146,-1.0,-1.8369701987210297e-16,0.0,1,2.0,1,0.0,1,0.0,1,0.8571428571428571,1.0690449676496996,0.0,2.0,0.5714285714285714,0.2857142857142857,0.7126966450997945,0.0,2.0,3.0,0,249.09,0.0,0.0,False,False,True,False,False,False,False,True,False,False,False,False,False,False,False,False,False,False,False,False,False,False,False,False,False,False,False,False,False,False,False,False,False,False,True,False
Pakistan,Air Fryer,2025-09-21,Home & Kitchen,0.0,249.09,,20.0,2.0,0.0,0.0,6,21,38,9,3,264,1,-0.7818314824680299,0.6234898018587334,-1.0,-1.8369701987210297e-16,0.0,1,0.0,1,0.0,1,0.0,1,0.5714285714285714,0.9759000729485354,0.0,2.0,0.5714285714285714,0.2857142857142857,0.7126966450997945,0.0,2.0,2.0,0,249.09,0.0,0.0,False,False,True,False,False,False,False,True,False,False,False,False,False,False,False,False,False,False,False,False,False,False,False,False,False,False,False,False,False,False,False,False,False,False,True,False
Pakistan,Air Fryer,2025-09-22,Home & Kitchen,0.0,249.09,,20.0,2.0,0.0,0.0,0,22,39,9,3,265,0,0.0,1.0,-1.0,-1.8369701987210297e-16,0.0,1,2.0,1,0.0,1,0.0,1,0.5714285714285714,0.9759000729485354,0.0,2.0,0.5714285714285714,0.2857142857142857,0.7126966450997945,0.0,2.0,2.0,0,249.09,0.0,0.0,False,False,True,False,False,False,False,True,False,False,False,False,False,False,False,False,False,False,False,False,False,False,False,False,False,False,False,False,False,False,False,False,False,False,True,False
Pakistan,Air Fryer,2025-09-23,Home & Kitchen,0.0,249.09,,20.0,2.0,0.0,0.0,1,23,39,9,3,266,0,0.7818314824680298,0.6234898018587336,-1.0,-1.8369701987210297e-16,0.0,1,2.0,1,0.0,1,0.0,1,0.2857142857142857,0.7559289460184572,0.0,2.0,0.5714285714285714,0.2857142857142857,0.7126966450997945,0.0,2.0,1.0,0,249.09,0.0,0.0,False,False,True,False,False,False,False,True,False,False,False,False,False,False,False,False,False,False,False,False,False,False,False,False,False,False,False,False,False,False,False,False,False,False,True,False
Pakistan,Air Fryer,2025-09-24,Home & Kitchen,2.0,125.69,0.06,20.0,2.0,1.0,0.0,2,24,39,9,3,267,0,0.9749279121818236,-0.22252093395631434,-1.0,-1.8369701987210297e-16,0.0,1,0.0,1,2.0,1,0.0,1,0.0,0.0,0.0,0.0,0.5714285714285714,0.2857142857142857,0.7126966450997945,0.0,2.0,0.0,1,249.09,-123.4,-0.49540326789513833,False,False,True,False,False,False,False,True,False,False,False,False,False,False,False,False,False,False,False,False,False,False,False,False,False,False,False,False,False,False,False,False,False,False,True,False
Pakistan,Air Fryer,2025-09-25,Home & Kitchen,0.0,125.69,,20.0,2.0,0.0,0.0,3,25,39,9,3,268,0,0.43388373911755823,-0.900968867902419,-1.0,-1.8369701987210297e-16,2.0,1,0.0,1,0.0,1,0.0,1,0.2857142857142857,0.7559289460184572,0.0,2.0,0.5714285714285714,0.35714285714285715,0.7800420555749563,0.0,2.0,0.7999999999999999,0,125.69,0.0,0.0,False,False,True,False,False,False,False,True,False,False,False,False,False,False,False,False,False,False,False,False,False,False,False,False,False,False,False,False,False,False,False,False,False,False,True,False
Pakistan,Air Fryer,2025-09-26,Home & Kitchen,0.0,125.69,,20.0,2.0,0.0,0.0,4,26,39,9,3,269,0,-0.433883739117558,-0.9009688679024191,-1.0,-1.8369701987210297e-16,0.0,1,0.0,1,0.0,1,0.0,1,0.2857142857142857,0.7559289460184572,0.0,2.0,0.5714285714285714,0.35714285714285715,0.7800420555749563,0.0,2.0,0.7999999999999999,0,125.69,0.0,0.0,False,False,True,False,False,False,False,True,False,False,False,False,False,False,False,False,False,False,False,False,False,False,False,False,False,False,False,False,False,False,False,False,False,False,True,False
Pakistan,Air Fryer,2025-09-27,Home & Kitchen,0.0,125.69,,20.0,2.0,0.0,0.0,5,27,39,9,3,270,1,-0.9749279121818236,-0.2225209339563146,-1.0,-1.8369701987210297e-16,0.0,1,0.0,1,2.0,1,0.0,1,0.2857142857142857,0.7559289460184572,0.0,2.0,0.5714285714285714,0.35714285714285715,0.7800420555749563,0.0,2.0,0.7999999999999999,0,125.69,0.0,0.0,False,False,True,False,False,False,False,True,False,False,False,False,False,False,False,False,False,False,False,False,False,False,False,False,False,False,False,False,False,False,False,False,False,False,True,False
Pakistan,Air Fryer,2025-09-28,Home & Kitchen,0.0,125.69,,20.0,2.0,0.0,0.0,6,28,39,9,3,271,1,-0.7818314824680299,0.6234898018587334,-1.0,-1.8369701987210297e-16,0.0,1,0.0,1,0.0,1,0.0,1,0.2857142857142857,0.7559289460184572,0.0,2.0,0.42857142857142855,0.35714285714285715,0.7800420555749563,0.0,2.0,0.7999999999999999,0,125.69,0.0,0.0,False,False,True,False,False,False,False,True,False,False,False,False,False,False,False,False,False,False,False,False,False,False,False,False,False,False,False,False,False,False,False,False,False,False,True,False
Pakistan,Air Fryer,2025-09-29,Home & Kitchen,0.0,125.69,,20.0,2.0,0.0,0.0,0,29,40,9,3,272,0,0.0,1.0,-1.0,-1.8369701987210297e-16,0.0,1,0.0,1,2.0,1,0.0,1,0.2857142857142857,0.7559289460184572,0.0,2.0,0.42857142857142855,0.35714285714285715,0.7800420555749563,0.0,2.0,0.7999999999999999,0,125.69,0.0,0.0,False,False,True,False,False,False,False,True,False,False,False,False,False,False,False,False,False,False,False,False,False,False,False,False,False,False,False,False,False,False,False,False,False,False,True,False
Pakistan,Air Fryer,2025-09-30,Home & Kitchen,0.0,125.69,,20.0,2.0,0.0,0.0,1,30,40,9,3,273,0,0.7818314824680298,0.6234898018587336,-1.0,-1.8369701987210297e-16,0.0,1,0.0,1,2.0,1,0.0,1,0.2857142857142857,0.7559289460184572,0.0,2.0,0.2857142857142857,0.35714285714285715,0.7800420555749563,0.0,2.0,0.7999999999999999,0,125.69,0.0,0.0,False,False,True,False,False,False,False,True,False,False,False,False,False,False,False,False,False,False,False,False,False,False,False,False,False,False,False,False,False,False,False,False,False,False,True,False
Pakistan,Air Fryer,2025-10-01,Home & Kitchen,0.0,125.69,,20.0,2.0,0.0,0.0,2,1,40,10,4,274,0,0.9749279121818236,-0.22252093395631434,-0.8660254037844386,0.5000000000000001,0.0,1,2.0,1,0.0,1,0.0,1,0.2857142857142857,0.7559289460184572,0.0,2.0,0.14285714285714285,0.35714285714285715,0.7800420555749563,0.0,2.0,0.7999999999999999,0,125.69,0.0,0.0,False,False,True,False,False,False,False,True,False,False,False,False,False,False,False,False,False,False,False,False,False,False,False,False,False,False,False,False,False,False,False,False,False,False,True,False
Pakistan,Air Fryer,2025-10-02,Home & Kitchen,0.0,125.69,,20.0,2.0,0.0,0.0,3,2,40,10,4,275,0,0.43388373911755823,-0.900968867902419,-0.8660254037844386,0.5000000000000001,0.0,1,0.0,1,0.0,1,0.0,1,0.0,0.0,0.0,0.0,0.14285714285714285,0.35714285714285715,0.7800420555749563,0.0,2.0,0.0,0,125.69,0.0,0.0,False,False,True,False,False,False,False,True,False,False,False,False,False,False,False,False,False,False,False,False,False,False,False,False,False,False,False,False,False,False,False,False,False,False,True,False
Pakistan,Air Fryer,2025-10-03,Home & Kitchen,0.0,125.69,,20.0,2.0,0.0,0.0,4,3,40,10,4,276,0,-0.433883739117558,-0.9009688679024191,-0.8660254037844386,0.5000000000000001,0.0,1,0.0,1,0.0,1,0.0,1,0.0,0.0,0.0,0.0,0.14285714285714285,0.35714285714285715,0.7800420555749563,0.0,2.0,0.0,0,125.69,0.0,0.0,False,False,True,False,False,False,False,True,False,False,False,False,False,False,False,False,False,False,False,False,False,False,False,False,False,False,False,False,False,False,False,False,False,False,True,False
Pakistan,Air Fryer,2025-10-04,Home & Kitchen,0.0,125.69,,20.0,2.0,0.0,0.0,5,4,40,10,4,277,1,-0.9749279121818236,-0.2225209339563146,-0.8660254037844386,0.5000000000000001,0.0,1,0.0,1,0.0,1,0.0,1,0.0,0.0,0.0,0.0,0.14285714285714285,0.35714285714285715,0.7800420555749563,0.0,2.0,0.0,0,125.69,0.0,0.0,False,False,True,False,False,False,False,True,False,False,False,False,False,False,False,False,False,False,False,False,False,False,False,False,False,False,False,False,False,False,False,False,False,False,True,False
Pakistan,Air Fryer,2025-10-05,Home & Kitchen,0.0,125.69,,20.0,2.0,0.0,0.0,6,5,40,10,4,278,1,-0.7818314824680299,0.6234898018587334,-0.8660254037844386,0.5000000000000001,0.0,1,0.0,1,0.0,1,0.0,1,0.0,0.0,0.0,0.0,0.14285714285714285,0.35714285714285715,0.7800420555749563,0.0,2.0,0.0,0,125.69,0.0,0.0,False,False,True,False,False,False,False,True,False,False,False,False,False,False,False,False,False,False,False,False,False,False,False,False,False,False,False,False,False,False,False,False,False,False,True,False
Pakistan,Air Fryer,2025-10-06,Home & Kitchen,2.0,107.45500000000001,0.07,20.0,2.0,1.0,0.0,0,6,41,10,4,279,0,0.0,1.0,-0.8660254037844386,0.5000000000000001,0.0,1,0.0,1,0.0,1,0.0,1,0.0,0.0,0.0,0.0,0.14285714285714285,0.35714285714285715,0.7800420555749563,0.0,2.0,0.0,1,125.69,-18.234999999999985,-0.14507916302012877,False,False,True,False,False,False,False,True,False,False,False,False,False,False,False,False,False,False,False,False,False,False,False,False,False,False,False,False,False,False,False,False,False,False,True,False
Pakistan,Air Fryer,2025-10-07,Home & Kitchen,0.0,107.45500000000001,,20.0,2.0,0.0,0.0,1,7,41,10,4,280,0,0.7818314824680298,0.6234898018587336,-0.8660254037844386,0.5000000000000001,2.0,1,0.0,1,0.0,1,0.0,1,0.2857142857142857,0.7559289460184572,0.0,2.0,0.2857142857142857,0.42857142857142855,0.835710894037342,0.0,2.0,0.6666666666666666,0,107.45500000000001,0.0,0.0,False,False,True,False,False,False,False,True,False,False,False,False,False,False,False,False,False,False,False,False,False,False,False,False,False,False,False,False,False,False,False,False,False,False,True,False
Pakistan,Air Fryer,2025-10-08,Home & Kitchen,0.0,107.45500000000001,,20.0,2.0,0.0,0.0,2,8,41,10,4,281,0,0.9749279121818236,-0.22252093395631434,-0.8660254037844386,0.5000000000000001,0.0,1,0.0,1,2.0,1,2.0,1,0.2857142857142857,0.7559289460184572,0.0,2.0,0.2857142857142857,0.42857142857142855,0.835710894037342,0.0,2.0,0.6666666666666666,0,107.45500000000001,0.0,0.0,False,False,True,False,False,False,False,True,False,False,False,False,False,False,False,False,False,False,False,False,False,False,False,False,False,False,False,False,False,False,False,False,False,False,True,False
Pakistan,Air Fryer,2025-10-09,Home & Kitchen,0.0,107.45500000000001,,20.0,2.0,0.0,0.0,3,9,41,10,4,282,0,0.43388373911755823,-0.900968867902419,-0.8660254037844386,0.5000000000000001,0.0,1,0.0,1,0.0,1,0.0,1,0.2857142857142857,0.7559289460184572,0.0,2.0,0.14285714285714285,0.35714285714285715,0.7800420555749563,0.0,2.0,0.7999999999999999,0,107.45500000000001,0.0,0.0,False,False,True,False,False,False,False,True,False,False,False,False,False,False,False,False,False,False,False,False,False,False,False,False,False,False,False,False,False,False,False,False,False,False,True,False
Pakistan,Air Fryer,2025-10-10,Home & Kitchen,1.0,213.74,0.03,20.0,2.0,1.0,0.0,4,10,41,10,4,283,0,-0.433883739117558,-0.9009688679024191,-0.8660254037844386,0.5000000000000001,0.0,1,0.0,1,0.0,1,0.0,1,0.2857142857142857,0.7559289460184572,0.0,2.0,0.14285714285714285,0.35714285714285715,0.7800420555749563,0.0,2.0,0.7999999999999999,1,107.45500000000001,106.285,0.9891117211856124,False,False,True,False,False,False,False,True,False,False,False,False,False,False,False,False,False,False,False,False,False,False,False,False,False,False,False,False,False,False,False,False,False,False,True,False
Pakistan,Air Fryer,2025-10-11,Home & Kitchen,0.0,213.74,,20.0,2.0,0.0,0.0,5,11,41,10,4,284,1,-0.9749279121818236,-0.2225209339563146,-0.8660254037844386,0.5000000000000001,1.0,1,0.0,1,0.0,1,2.0,1,0.42857142857142855,0.7867957924694459,0.0,2.0,0.21428571428571427,0.39285714285714285,0.7859547491585394,0.0,2.0,1.0909090909090908,0,213.74,0.0,0.0,False,False,True,False,False,False,False,True,False,False,False,False,False,False,False,False,False,False,False,False,False,False,False,False,False,False,False,False,False,False,False,False,False,False,True,False
Pakistan,Air Fryer,2025-10-12,Home & Kitchen,0.0,213.74,,20.0,2.0,0.0,0.0,6,12,41,10,4,285,1,-0.7818314824680299,0.6234898018587334,-0.8660254037844386,0.5000000000000001,0.0,1,0.0,1,0.0,1,0.0,1,0.42857142857142855,0.7867957924694459,0.0,2.0,0.21428571428571427,0.32142857142857145,0.7228324650199153,0.0,2.0,1.3333333333333333,0,213.74,0.0,0.0,False,False,True,False,False,False,False,True,False,False,False,False,False,False,False,False,False,False,False,False,False,False,False,False,False,False,False,False,False,False,False,False,False,False,True,False
Pakistan,Air Fryer,2025-10-13,Home & Kitchen,0.0,213.74,,20.0,2.0,0.0,0.0,0,13,42,10,4,286,0,0.0,1.0,-0.8660254037844386,0.5000000000000001,0.0,1,2.0,1,0.0,1,2.0,1,0.42857142857142855,0.7867957924694459,0.0,2.0,0.21428571428571427,0.32142857142857145,0.7228324650199153,0.0,2.0,1.3333333333333333,0,213.74,0.0,0.0,False,False,True,False,False,False,False,True,False,False,False,False,False,False,False,False,False,False,False,False,False,False,False,False,False,False,False,False,False,False,False,False,False,False,True,False
Pakistan,Air Fryer,2025-10-14,Home & Kitchen,0.0,213.74,,20.0,2.0,0.0,0.0,1,14,42,10,4,287,0,0.7818314824680298,0.6234898018587336,-0.8660254037844386,0.5000000000000001,0.0,1,0.0,1,0.0,1,2.0,1,0.14285714285714285,0.3779644730092324,0.0,1.0,0.21428571428571427,0.25,0.6454972243678984,0.0,2.0,0.5714285714285714,0,213.74,0.0,0.0,False,False,True,False,False,False,False,True,False,False,False,False,False,False,False,False,False,False,False,False,False,False,False,False,False,False,False,False,False,False,False,False,False,False,True,False
Pakistan,Air Fryer,2025-10-15,Home & Kitchen,0.0,213.74,,20.0,2.0,0.0,0.0,2,15,42,10,4,288,0,0.9749279121818236,-0.22252093395631434,-0.8660254037844386,0.5000000000000001,0.0,1,0.0,1,0.0,1,0.0,1,0.14285714285714285,0.3779644730092324,0.0,1.0,0.21428571428571427,0.17857142857142858,0.547964004533641,0.0,2.0,0.7999999999999999,0,213.74,0.0,0.0,False,False,True,False,False,False,False,True,False,False,False,False,False,False,False,False,False,False,False,False,False,False,False,False,False,False,False,False,False,False,False,False,False,False,True,False
Pakistan,Air Fryer,2025-10-16,Home & Kitchen,3.0,260.93,0.04,20.0,2.0,1.0,0.0,3,16,42,10,4,289,0,0.43388373911755823,-0.900968867902419,-0.8660254037844386,0.5000000000000001,0.0,1,0.0,1,0.0,1,0.0,1,0.14285714285714285,0.3779644730092324,0.0,1.0,0.21428571428571427,0.17857142857142858,0.547964004533641,0.0,2.0,0.7999999999999999,1,213.74,47.19,0.22078225881912603,False,False,True,False,False,False,False,True,False,False,False,False,False,False,False,False,False,False,False,False,False,False,False,False,False,False,False,False,False,False,False,False,False,False,True,False
Pakistan,Air Fryer,2025-10-17,Home & Kitchen,0.0,260.93,,20.0,2.0,0.0,0.0,4,17,42,10,4,290,0,-0.433883739117558,-0.9009688679024191,-0.8660254037844386,0.5000000000000001,3.0,1,1.0,1,0.0,1,0.0,1,0.5714285714285714,1.1338934190276835,0.0,3.0,0.42857142857142855,0.2857142857142857,0.7628961803617688,0.0,3.0,2.0,0,260.93,0.0,0.0,False,False,True,False,False,False,False,True,False,False,False,False,False,False,False,False,False,False,False,False,False,False,False,False,False,False,False,False,False,False,False,False,False,False,True,False
Pakistan,Air Fryer,2025-10-18,Home & Kitchen,0.0,260.93,,20.0,2.0,0.0,0.0,5,18,42,10,4,291,1,-0.9749279121818236,-0.2225209339563146,-0.8660254037844386,0.5000000000000001,0.0,1,0.0,1,0.0,1,0.0,1,0.42857142857142855,1.1338934190276835,0.0,3.0,0.42857142857142855,0.2857142857142857,0.7628961803617688,0.0,3.0,1.5,0,260.93,0.0,0.0,False,False,True,False,False,False,False,True,False,False,False,False,False,False,False,False,False,False,False,False,False,False,False,False,False,False,False,False,False,False,False,False,False,False,True,False
Pakistan,Air Fryer,2025-10-19,Home & Kitchen,0.0,260.93,,20.0,2.0,0.0,0.0,6,19,42,10,4,292,1,-0.7818314824680299,0.6234898018587334,-0.8660254037844386,0.5000000000000001,0.0,1,0.0,1,0.0,1,0.0,1,0.42857142857142855,1.1338934190276835,0.0,3.0,0.42857142857142855,0.2857142857142857,0.7628961803617688,0.0,3.0,1.5,0,260.93,0.0,0.0,False,False,True,False,False,False,False,True,False,False,False,False,False,False,False,False,False,False,False,False,False,False,False,False,False,False,False,False,False,False,False,False,False,False,True,False
Pakistan,Air Fryer,2025-10-20,Home & Kitchen,0.0,260.93,,20.0,2.0,0.0,0.0,0,20,43,10,4,293,0,0.0,1.0,-0.8660254037844386,0.5000000000000001,0.0,1,0.0,1,2.0,1,0.0,1,0.42857142857142855,1.1338934190276835,0.0,3.0,0.42857142857142855,0.2857142857142857,0.7628961803617688,0.0,3.0,1.5,0,260.93,0.0,0.0,False,False,True,False,False,False,False,True,False,False,False,False,False,False,False,False,False,False,False,False,False,False,False,False,False,False,False,False,False,False,False,False,False,False,True,False
Pakistan,Air Fryer,2025-10-21,Home & Kitchen,0.0,260.93,,20.0,2.0,0.0,0.0,1,21,43,10,4,294,0,0.7818314824680298,0.6234898018587336,-0.8660254037844386,0.5000000000000001,0.0,1,0.0,1,0.0,1,0.0,1,0.42857142857142855,1.1338934190276835,0.0,3.0,0.2857142857142857,0.2857142857142857,0.7628961803617688,0.0,3.0,1.5,0,260.93,0.0,0.0,False,False,True,False,False,False,False,True,False,False,False,False,False,False,False,False,False,False,False,False,False,False,False,False,False,False,False,False,False,False,False,False,False,False,True,False
Pakistan,Air Fryer,2025-10-22,Home & Kitchen,0.0,260.93,,20.0,2.0,0.0,0.0,2,22,43,10,4,295,0,0.9749279121818236,-0.22252093395631434,-0.8660254037844386,0.5000000000000001,0.0,1,0.0,1,0.0,1,2.0,1,0.42857142857142855,1.1338934190276835,0.0,3.0,0.2857142857142857,0.2857142857142857,0.7628961803617688,0.0,3.0,1.5,0,260.93,0.0,0.0,False,False,True,False,False,False,False,True,False,False,False,False,False,False,False,False,False,False,False,False,False,False,False,False,False,False,False,False,False,False,False,False,False,False,True,False
Pakistan,Air Fryer,2025-10-23,Home & Kitchen,0.0,260.93,,20.0,2.0,0.0,0.0,3,23,43,10,4,296,0,0.43388373911755823,-0.900968867902419,-0.8660254037844386,0.5000000000000001,0.0,1,3.0,1,0.0,1,0.0,1,0.42857142857142855,1.1338934190276835,0.0,3.0,0.2857142857142857,0.21428571428571427,0.6862211530545127,0.0,3.0,2.0,0,260.93,0.0,0.0,False,False,True,False,False,False,False,True,False,False,False,False,False,False,False,False,False,False,False,False,False,False,False,False,False,False,False,False,False,False,False,False,False,False,True,False
Pakistan,Air Fryer,2025-10-24,Home & Kitchen,0.0,260.93,,20.0,2.0,0.0,0.0,4,24,43,10,4,297,0,-0.433883739117558,-0.9009688679024191,-0.8660254037844386,0.5000000000000001,0.0,1,0.0,1,1.0,1,0.0,1,0.0,0.0,0.0,0.0,0.2857142857142857,0.21428571428571427,0.6862211530545127,0.0,3.0,0.0,0,260.93,0.0,0.0,False,False,True,False,False,False,False,True,False,False,False,False,False,False,False,False,False,False,False,False,False,False,False,False,False,False,False,False,False,False,False,False,False,False,True,False
Pakistan,Air Fryer,2025-10-25,Home & Kitchen,0.0,260.93,,20.0,2.0,0.0,0.0,5,25,43,10,4,298,1,-0.9749279121818236,-0.2225209339563146,-0.8660254037844386,0.5000000000000001,0.0,1,0.0,1,0.0,1,0.0,1,0.0,0.0,0.0,0.0,0.21428571428571427,0.21428571428571427,0.6862211530545127,0.0,3.0,0.0,0,260.93,0.0,0.0,False,False,True,False,False,False,False,True,False,False,False,False,False,False,False,False,False,False,False,False,False,False,False,False,False,False,False,False,False,False,False,False,False,False,True,False
Pakistan,Air Fryer,2025-10-26,Home & Kitchen,0.0,260.93,,20.0,2.0,0.0,0.0,6,26,43,10,4,299,1,-0.7818314824680299,0.6234898018587334,-0.8660254037844386,0.5000000000000001,0.0,1,0.0,1,0.0,1,0.0,1,0.0,0.0,0.0,0.0,0.21428571428571427,0.21428571428571427,0.6862211530545127,0.0,3.0,0.0,0,260.93,0.0,0.0,False,False,True,False,False,False,False,True,False,False,False,False,False,False,False,False,False,False,False,False,False,False,False,False,False,False,False,False,False,False,False,False,False,False,True,False
Pakistan,Air Fryer,2025-10-27,Home & Kitchen,0.0,260.93,,20.0,2.0,0.0,0.0,0,27,44,10,4,300,0,0.0,1.0,-0.8660254037844386,0.5000000000000001,0.0,1,0.0,1,0.0,1,0.0,1,0.0,0.0,0.0,0.0,0.21428571428571427,0.21428571428571427,0.6862211530545127,0.0,3.0,0.0,0,260.93,0.0,0.0,False,False,True,False,False,False,False,True,False,False,False,False,False,False,False,False,False,False,False,False,False,False,False,False,False,False,False,False,False,False,False,False,False,False,True,False
Pakistan,Air Fryer,2025-10-28,Home & Kitchen,0.0,260.93,,20.0,2.0,0.0,0.0,1,28,44,10,4,301,0,0.7818314824680298,0.6234898018587336,-0.8660254037844386,0.5000000000000001,0.0,1,0.0,1,0.0,1,0.0,1,0.0,0.0,0.0,0.0,0.21428571428571427,0.21428571428571427,0.6862211530545127,0.0,3.0,0.0,0,260.93,0.0,0.0,False,False,True,False,False,False,False,True,False,False,False,False,False,False,False,False,False,False,False,False,False,False,False,False,False,False,False,False,False,False,False,False,False,False,True,False
Pakistan,Air Fryer,2025-10-29,Home & Kitchen,0.0,260.93,,20.0,2.0,0.0,0.0,2,29,44,10,4,302,0,0.9749279121818236,-0.22252093395631434,-0.8660254037844386,0.5000000000000001,0.0,1,0.0,1,0.0,1,0.0,1,0.0,0.0,0.0,0.0,0.21428571428571427,0.21428571428571427,0.6862211530545127,0.0,3.0,0.0,0,260.93,0.0,0.0,False,False,True,False,False,False,False,True,False,False,False,False,False,False,False,False,False,False,False,False,False,False,False,False,False,False,False,False,False,False,False,False,False,False,True,False
Pakistan,Air Fryer,2025-10-30,Home & Kitchen,0.0,260.93,,20.0,2.0,0.0,0.0,3,30,44,10,4,303,0,0.43388373911755823,-0.900968867902419,-0.8660254037844386,0.5000000000000001,0.0,1,0.0,1,3.0,1,0.0,1,0.0,0.0,0.0,0.0,0.21428571428571427,0.21428571428571427,0.6862211530545127,0.0,3.0,0.0,0,260.93,0.0,0.0,False,False,True,False,False,False,False,True,False,False,False,False,False,False,False,False,False,False,False,False,False,False,False,False,False,False,False,False,False,False,False,False,False,False,True,False
Pakistan,Air Fryer,2025-10-31,Home & Kitchen,0.0,260.93,,20.0,2.0,0.0,0.0,4,31,44,10,4,304,0,-0.433883739117558,-0.9009688679024191,-0.8660254037844386,0.5000000000000001,0.0,1,0.0,1,0.0,1,0.0,1,0.0,0.0,0.0,0.0,0.0,0.21428571428571427,0.6862211530545127,0.0,3.0,0.0,0,260.93,0.0,0.0,False,False,True,False,False,False,False,True,False,False,False,False,False,False,False,False,False,False,False,False,False,False,False,False,False,False,False,False,False,False,False,False,False,False,True,False
Pakistan,Air Fryer,2025-11-01,Home & Kitchen,0.0,260.93,,20.0,2.0,0.0,0.0,5,1,44,11,4,305,1,-0.9749279121818236,-0.2225209339563146,-0.5000000000000004,0.8660254037844384,0.0,1,0.0,1,0.0,1,0.0,1,0.0,0.0,0.0,0.0,0.0,0.21428571428571427,0.6862211530545127,0.0,3.0,0.0,0,260.93,0.0,0.0,False,False,True,False,False,False,False,True,False,False,False,False,False,False,False,False,False,False,False,False,False,False,False,False,False,False,False,False,False,False,False,False,False,False,True,False
Pakistan,Air Fryer,2025-11-02,Home & Kitchen,3.0,277.57,0.2,20.0,2.0,1.0,0.0,6,2,44,11,4,306,1,-0.7818314824680299,0.6234898018587334,-0.5000000000000004,0.8660254037844384,0.0,1,0.0,1,0.0,1,0.0,1,0.0,0.0,0.0,0.0,0.0,0.21428571428571427,0.6862211530545127,0.0,3.0,0.0,1,260.93,16.639999999999986,0.06377189284482424,False,False,True,False,False,False,False,True,False,False,False,False,False,False,False,False,False,False,False,False,False,False,False,False,False,False,False,False,False,False,False,False,False,False,True,False
Pakistan,Air Fryer,2025-11-03,Home & Kitchen,0.0,277.57,,20.0,2.0,0.0,0.0,0,3,45,11,4,307,0,0.0,1.0,-0.5000000000000004,0.8660254037844384,3.0,1,0.0,1,0.0,1,2.0,1,0.42857142857142855,1.1338934190276835,0.0,3.0,0.21428571428571427,0.32142857142857145,0.8629652337776936,0.0,3.0,1.3333333333333333,0,277.57,0.0,0.0,False,False,True,False,False,False,False,True,False,False,False,False,False,False,False,False,False,False,False,False,False,False,False,False,False,False,False,False,False,False,False,False,False,False,True,False
Pakistan,Air Fryer,2025-11-04,Home & Kitchen,0.0,277.57,,20.0,2.0,0.0,0.0,1,4,45,11,4,308,0,0.7818314824680298,0.6234898018587336,-0.5000000000000004,0.8660254037844384,0.0,1,0.0,1,0.0,1,0.0,1,0.42857142857142855,1.1338934190276835,0.0,3.0,0.21428571428571427,0.25,0.7993052538854497,0.0,3.0,1.7142857142857142,0,277.57,0.0,0.0,False,False,True,False,False,False,False,True,False,False,False,False,False,False,False,False,False,False,False,False,False,False,False,False,False,False,False,False,False,False,False,False,False,False,True,False
Pakistan,Air Fryer,2025-11-05,Home & Kitchen,2.0,256.17,0.15,20.0,2.0,1.0,0.0,2,5,45,11,4,309,0,0.9749279121818236,-0.22252093395631434,-0.5000000000000004,0.8660254037844384,0.0,1,0.0,1,0.0,1,0.0,1,0.42857142857142855,1.1338934190276835,0.0,3.0,0.21428571428571427,0.25,0.7993052538854497,0.0,3.0,1.7142857142857142,1,277.57,-21.399999999999977,-0.07709766905645415,False,False,True,False,False,False,False,True,False,False,False,False,False,False,False,False,False,False,False,False,False,False,False,False,False,False,False,False,False,False,False,False,False,False,True,False
Pakistan,Air Fryer,2025-11-06,Home & Kitchen,2.0,249.99,0.3,20.0,2.0,1.0,0.0,3,6,45,11,4,310,0,0.43388373911755823,-0.900968867902419,-0.5000000000000004,0.8660254037844384,2.0,1,0.0,1,0.0,1,0.0,1,0.7142857142857143,1.2535663410560192,0.0,3.0,0.35714285714285715,0.32142857142857145,0.8629652337776936,0.0,3.0,2.2222222222222223,1,256.17,-6.180000000000007,-0.024124604754655138,False,False,True,False,False,False,False,True,False,False,False,False,False,False,False,False,False,False,False,False,False,False,False,False,False,False,False,False,False,False,False,False,False,False,True,False
Pakistan,Air Fryer,2025-11-07,Home & Kitchen,0.0,249.99,,20.0,2.0,0.0,0.0,4,7,45,11,4,311,0,-0.433883739117558,-0.9009688679024191,-0.5000000000000004,0.8660254037844384,2.0,1,0.0,1,0.0,1,1.0,1,1.0,1.2909944487358074,0.0,3.0,0.5,0.39285714285714285,0.91648627373632,0.0,3.0,2.5454545454545454,0,249.99,0.0,0.0,False,False,True,False,False,False,False,True,False,False,False,False,False,False,False,False,False,False,False,False,False,False,False,False,False,False,False,False,False,False,False,False,False,False,True,False
Pakistan,Air Fryer,2025-11-08,Home & Kitchen,5.0,137.275,0.3,20.0,2.0,1.0,1.0,5,8,45,11,4,312,1,-0.9749279121818236,-0.2225209339563146,-0.5000000000000004,0.8660254037844384,0.0,1,0.0,1,0.0,1,0.0,1,1.0,1.2909944487358074,0.0,3.0,0.5,0.35714285714285715,0.9114207758701935,0.0,3.0,2.8,1,249.99,-112.715,-0.45087803512140484,False,False,True,False,False,False,False,True,False,False,False,False,False,False,False,False,False,False,False,False,False,False,False,False,False,False,False,False,False,False,False,False,False,False,True,False
Pakistan,Air Fryer,2025-11-09,Home & Kitchen,0.0,137.275,,20.0,2.0,0.0,0.0,6,9,45,11,4,313,1,-0.7818314824680299,0.6234898018587334,-0.5000000000000004,0.8660254037844384,5.0,1,3.0,1,0.0,1,0.0,1,1.7142857142857142,1.8898223650461377,0.0,5.0,0.8571428571428571,0.5357142857142857,1.2614554456142464,0.0,5.0,3.1999999999999997,0,137.275,0.0,0.0,False,False,True,False,False,False,False,True,False,False,False,False,False,False,False,False,False,False,False,False,False,False,False,False,False,False,False,False,False,False,False,False,False,False,True,False
Pakistan,Air Fryer,2025-11-10,Home & Kitchen,4.0,260.65,0.26,20.0,2.0,1.0,0.0,0,10,46,11,4,314,0,0.0,1.0,-0.5000000000000004,0.8660254037844384,0.0,1,0.0,1,0.0,1,0.0,1,1.2857142857142858,1.8898223650461374,0.0,5.0,0.8571428571428571,0.5357142857142857,1.2614554456142464,0.0,5.0,2.4000000000000004,1,137.275,123.37499999999997,0.8987433982881076,False,False,True,False,False,False,False,True,False,False,False,False,False,False,False,False,False,False,False,False,False,False,False,False,False,False,False,False,False,False,False,False,False,False,True,False
Pakistan,Air Fryer,2025-11-11,Home & Kitchen,9.0,183.235,0.27,20.0,2.0,1.0,1.0,1,11,46,11,4,315,0,0.7818314824680298,0.6234898018587336,-0.5000000000000004,0.8660254037844384,4.0,1,0.0,1,0.0,1,0.0,1,1.8571428571428572,2.035400978396431,0.0,5.0,1.1428571428571428,0.6785714285714286,1.4156158567804509,0.0,5.0,2.736842105263158,1,260.65,-77.41499999999996,-0.29700748129675797,False,False,True,False,False,False,False,True,False,False,False,False,False,False,False,False,False,False,False,False,False,False,False,False,False,False,False,False,False,False,False,False,False,False,True,False
Pakistan,Air Fryer,2025-11-12,Home & Kitchen,4.0,266.63,0.3,20.0,2.0,1.0,0.0,2,12,46,11,4,316,0,0.9749279121818236,-0.22252093395631434,-0.5000000000000004,0.8660254037844384,9.0,1,2.0,1,0.0,1,0.0,1,3.142857142857143,3.184785258515423,0.0,9.0,1.7857142857142858,1.0,2.108185106778919,0.0,9.0,3.142857142857143,1,183.235,83.39499999999998,0.4551259311812698,False,False,True,False,False,False,False,True,False,False,False,False,False,False,False,False,False,False,False,False,False,False,False,False,False,False,False,False,False,False,False,False,False,False,True,False
Pakistan,Air Fryer,2025-11-13,Home & Kitchen,3.0,83.72,0.22,20.0,2.0,1.0,0.0,3,13,46,11,4,317,0,0.43388373911755823,-0.900968867902419,-0.5000000000000004,0.8660254037844384,4.0,1,2.0,1,0.0,1,3.0,1,3.4285714285714284,3.154739442867027,0.0,9.0,2.0714285714285716,1.1428571428571428,2.1724586807524595,0.0,9.0,3.0,1,266.63,-182.91,-0.6860068259385665,False,False,True,False,False,False,False,True,False,False,False,False,False,False,False,False,False,False,False,False,False,False,False,False,False,False,False,False,False,False,False,False,False,False,True,False
Pakistan,Air Fryer,2025-11-14,Home & Kitchen,0.0,83.72,,20.0,2.0,0.0,0.0,4,14,46,11,4,318,0,-0.433883739117558,-0.9009688679024191,-0.5000000000000004,0.8660254037844384,3.0,1,0.0,1,0.0,1,0.0,1,3.5714285714285716,3.101458950082626,0.0,9.0,2.2857142857142856,1.1428571428571428,2.1724586807524595,0.0,9.0,3.1250000000000004,0,83.72,0.0,0.0,False,False,True,False,False,False,False,True,False,False,False,False,False,False,False,False,False,False,False,False,False,False,False,False,False,False,False,False,False,False,False,False,False,False,True,False
Pakistan,Air Fryer,2025-11-15,Home & Kitchen,5.0,216.3,0.22,20.0,2.0,1.0,1.0,5,15,46,11,4,319,1,-0.9749279121818236,-0.2225209339563146,-0.5000000000000004,0.8660254037844384,0.0,1,5.0,1,0.0,1,0.0,1,3.5714285714285716,3.1014589500826264,0.0,9.0,2.2857142857142856,1.1428571428571428,2.1724586807524595,0.0,9.0,3.1250000000000004,1,83.72,132.58,1.5836120401337794,False,False,True,False,False,False,False,True,False,False,False,False,False,False,False,False,False,False,False,False,False,False,False,False,False,False,False,False,False,False,False,False,False,False,True,False
Pakistan,Air Fryer,2025-11-16,Home & Kitchen,0.0,216.3,,20.0,2.0,0.0,0.0,6,16,46,11,4,320,1,-0.7818314824680299,0.6234898018587334,-0.5000000000000004,0.8660254037844384,5.0,1,0.0,1,3.0,1,0.0,1,3.5714285714285716,3.1014589500826264,0.0,9.0,2.642857142857143,1.3214285714285714,2.2779713429175175,0.0,9.0,2.702702702702703,0,216.3,0.0,0.0,False,False,True,False,False,False,False,True,False,False,False,False,False,False,False,False,False,False,False,False,False,False,False,False,False,False,False,False,False,False,False,False,False,False,True,False
Pakistan,Air Fryer,2025-11-17,Home & Kitchen,4.0,112.4,0.17,20.0,2.0,1.0,0.0,0,17,47,11,4,321,0,0.0,1.0,-0.5000000000000004,0.8660254037844384,0.0,1,4.0,1,0.0,1,0.0,1,3.5714285714285716,3.1014589500826264,0.0,9.0,2.4285714285714284,1.3214285714285714,2.2779713429175175,0.0,9.0,2.702702702702703,1,216.3,-103.9,-0.4803513638465095,False,False,True,False,False,False,False,True,False,False,False,False,False,False,False,False,False,False,False,False,False,False,False,False,False,False,False,False,False,False,False,False,False,False,True,False
Pakistan,Air Fryer,2025-11-18,Home & Kitchen,2.0,44.45,0.16,20.0,2.0,1.0,0.0,1,18,47,11,4,322,0,0.7818314824680298,0.6234898018587336,-0.5000000000000004,0.8660254037844384,4.0,1,9.0,1,0.0,1,0.0,1,3.5714285714285716,3.1014589500826264,0.0,9.0,2.7142857142857144,1.4642857142857142,2.317120544781306,0.0,9.0,2.439024390243903,1,112.4,-67.95,-0.6045373665480427,False,False,True,False,False,False,False,True,False,False,False,False,False,False,False,False,False,False,False,False,False,False,False,False,False,False,False,False,False,False,False,False,False,False,True,False
Pakistan,Air Fryer,2025-11-19,Home & Kitchen,0.0,44.45,,20.0,2.0,0.0,0.0,2,19,47,11,4,323,0,0.9749279121818236,-0.22252093395631434,-0.5000000000000004,0.8660254037844384,2.0,1,4.0,1,2.0,1,0.0,1,2.5714285714285716,1.9880595947760116,0.0,5.0,2.857142857142857,1.5357142857142858,2.301080951416865,0.0,9.0,1.6744186046511629,0,44.45,0.0,0.0,False,False,True,False,False,False,False,True,False,False,False,False,False,False,False,False,False,False,False,False,False,False,False,False,False,False,False,False,False,False,False,False,False,False,True,False
Pakistan,Air Fryer,2025-11-20,Home & Kitchen,2.0,236.62,0.27,20.0,2.0,1.0,0.0,3,20,47,11,4,324,0,0.43388373911755823,-0.900968867902419,-0.5000000000000004,0.8660254037844384,0.0,1,3.0,1,2.0,1,0.0,1,2.0,2.0816659994661344,0.0,5.0,2.7142857142857144,1.5357142857142858,2.301080951416865,0.0,9.0,1.3023255813953487,1,44.45,192.17000000000002,4.323284589426322,False,False,True,False,False,False,False,True,False,False,False,False,False,False,False,False,False,False,False,False,False,False,False,False,False,False,False,False,False,False,False,False,False,False,True,False
Pakistan,Air Fryer,2025-11-21,Home & Kitchen,4.0,64.57,0.26,20.0,2.0,1.0,0.0,4,21,47,11,4,325,0,-0.433883739117558,-0.9009688679024191,-0.5000000000000004,0.8660254037844384,2.0,1,0.0,1,0.0,1,0.0,1,1.8571428571428572,2.035400978396431,0.0,5.0,2.7142857142857144,1.6071428571428572,2.2826119819884982,0.0,9.0,1.1555555555555554,1,236.62,-172.05,-0.7271152058152313,False,False,True,False,False,False,False,True,False,False,False,False,False,False,False,False,False,False,False,False,False,False,False,False,False,False,False,False,False,False,False,False,False,False,True,False
Pakistan,Air Fryer,2025-11-22,Home & Kitchen,0.0,64.57,,20.0,2.0,0.0,0.0,5,22,47,11,4,326,1,-0.9749279121818236,-0.2225209339563146,-0.5000000000000004,0.8660254037844384,4.0,1,5.0,1,5.0,1,0.0,1,2.4285714285714284,1.9880595947760116,0.0,5.0,3.0,1.75,2.3033791601808753,0.0,9.0,1.3877551020408163,0,64.57,0.0,0.0,False,False,True,False,False,False,False,True,False,False,False,False,False,False,False,False,False,False,False,False,False,False,False,False,False,False,False,False,False,False,False,False,False,False,True,False
Pakistan,Air Fryer,2025-11-23,Home & Kitchen,0.0,64.57,,20.0,2.0,0.0,0.0,6,23,47,11,4,327,1,-0.7818314824680299,0.6234898018587334,-0.5000000000000004,0.8660254037844384,0.0,1,0.0,1,0.0,1,0.0,1,1.7142857142857142,1.7994708216848765,0.0,4.0,2.642857142857143,1.75,2.3033791601808753,0.0,9.0,0.9795918367346939,0,64.57,0.0,0.0,False,False,True,False,False,False,False,True,False,False,False,False,False,False,False,False,False,False,False,False,False,False,False,False,False,False,False,False,False,False,False,False,False,False,True,False
Pakistan,Air Fryer,2025-11-24,Home & Kitchen,0.0,64.57,,20.0,2.0,0.0,0.0,0,24,48,11,4,328,0,0.0,1.0,-0.5000000000000004,0.8660254037844384,0.0,1,4.0,1,4.0,1,0.0,1,1.7142857142857142,1.7994708216848765,0.0,4.0,2.642857142857143,1.75,2.3033791601808753,0.0,9.0,0.9795918367346939,0,64.57,0.0,0.0,False,False,True,False,False,False,False,True,False,False,False,False,False,False,False,False,False,False,False,False,False,False,False,False,False,False,False,False,False,False,False,False,False,False,True,False
Pakistan,Air Fryer,2025-11-25,Home & Kitchen,0.0,64.57,,20.0,2.0,0.0,0.0,1,25,48,11,4,329,0,0.7818314824680298,0.6234898018587336,-0.5000000000000004,0.8660254037844384,0.0,1,2.0,1,9.0,1,0.0,1,1.1428571428571428,1.5735915849388884,0.0,4.0,2.357142857142857,1.75,2.3033791601808753,0.0,9.0,0.6530612244897959,0,64.57,0.0,0.0,False,False,True,False,False,False,False,True,False,False,False,False,False,False,False,False,False,False,False,False,False,False,False,False,False,False,False,False,False,False,False,False,False,False,True,False
