store_id,product_id,date,category,sales,price,Discount_Applied,safety_stock,lead_time_days,promotion,is_outlier,day_of_week,day_of_month,week_of_year,month,quarter,day_of_year,is_weekend,sin_day_of_week,cos_day_of_week,sin_month,cos_month,lag_1,has_lag_1,lag_7,has_lag_7,lag_14,has_lag_14,lag_28,has_lag_28,rolling_mean_7,rolling_std_7,rolling_min_7,rolling_max_7,rolling_mean_14,rolling_mean_28,rolling_std_28,rolling_min_28,rolling_max_28,trend_ratio,is_promotion,previous_price,price_change,price_change_pct,store_id_Germany,store_id_India,store_id_Pakistan,store_id_UAE,store_id_UK,store_id_USA,product_id_4K Smart TV,product_id_Air Fryer,product_id_Blender,product_id_Coffee Maker,product_id_Cotton T-Shirt,product_id_Cycling Helmet,product_id_Denim Jeans,product_id_Dumbbell Set,product_id_Face Wash,product_id_Football,product_id_Formal Shirt,product_id_Gaming Laptop,product_id_Hair Serum,product_id_Lipstick Set,product_id_Microwave Oven,product_id_Moisturizing Cream,product_id_Perfume,product_id_Running Shoes,product_id_Smartphone 128GB,product_id_Smartwatch,product_id_Tennis Racket,product_id_Vacuum Cleaner,product_id_Winter Jacket,product_id_Wireless Noise-Canceling Headphones,product_id_Yoga Mat,category_Apparel,category_Beauty,category_Electronics,category_Home & Kitchen,category_Sports
UAE,4K Smart TV,2025-05-23,Electronics,0.0,236.59,,20.0,2.0,0.0,0.0,4,23,21,5,2,143,0,-0.433883739117558,-0.9009688679024191,0.49999999999999994,-0.8660254037844387,0.0,1,0.0,1,0.0,1,2.0,1,0.0,0.0,0.0,0.0,0.42857142857142855,0.7857142857142857,1.4746535778287606,0.0,5.0,0.0,0,236.59,0.0,0.0,False,False,False,True,False,False,True,False,False,False,False,False,False,False,False,False,False,False,False,False,False,False,False,False,False,False,False,False,False,False,False,False,False,True,False,False
UAE,4K Smart TV,2025-05-24,Electronics,0.0,236.59,,20.0,2.0,0.0,0.0,5,24,21,5,2,144,1,-0.9749279121818236,-0.2225209339563146,0.49999999999999994,-0.8660254037844387,0.0,1,0.0,1,3.0,1,4.0,1,0.0,0.0,0.0,0.0,0.42857142857142855,0.7142857142857143,1.4620417701167525,0.0,5.0,0.0,0,236.59,0.0,0.0,False,False,False,True,False,False,True,False,False,False,False,False,False,False,False,False,False,False,False,False,False,False,False,False,False,False,False,False,False,False,False,False,False,True,False,False
UAE,4K Smart TV,2025-05-25,Electronics,0.0,236.59,,20.0,2.0,0.0,0.0,6,25,21,5,2,145,1,-0.7818314824680299,0.6234898018587334,0.49999999999999994,-0.8660254037844387,0.0,1,0.0,1,0.0,1,0.0,1,0.0,0.0,0.0,0.0,0.21428571428571427,0.5714285714285714,1.3173646934124674,0.0,5.0,0.0,0,236.59,0.0,0.0,False,False,False,True,False,False,True,False,False,False,False,False,False,False,False,False,False,False,False,False,False,False,False,False,False,False,False,False,False,False,False,False,False,True,False,False
UAE,4K Smart TV,2025-05-26,Electronics,1.0,838.11,0.1,20.0,2.0,1.0,0.0,0,26,22,5,2,146,0,0.0,1.0,0.49999999999999994,-0.8660254037844387,0.0,1,0.0,1,3.0,1,0.0,1,0.0,0.0,0.0,0.0,0.21428571428571427,0.5714285714285714,1.3173646934124674,0.0,5.0,0.0,1,236.59,601.52,2.5424574157825774,False,False,False,True,False,False,True,False,False,False,False,False,False,False,False,False,False,False,False,False,False,False,False,False,False,False,False,False,False,False,False,False,False,True,False,False
UAE,4K Smart TV,2025-05-27,Electronics,0.0,838.11,,20.0,2.0,0.0,0.0,1,27,22,5,2,147,0,0.7818314824680298,0.6234898018587336,0.49999999999999994,-0.8660254037844387,1.0,1,0.0,1,0.0,1,0.0,1,0.14285714285714285,0.37796447300921515,0.0,1.0,0.07142857142857142,0.6071428571428571,1.3148520748875014,0.0,5.0,0.23529411764705882,0,838.11,0.0,0.0,False,False,False,True,False,False,True,False,False,False,False,False,False,False,False,False,False,False,False,False,False,False,False,False,False,False,False,False,False,False,False,False,False,True,False,False
UAE,4K Smart TV,2025-05-28,Electronics,2.0,616.1,0.1,20.0,2.0,1.0,0.0,2,28,22,5,2,148,0,0.9749279121818236,-0.22252093395631434,0.49999999999999994,-0.8660254037844387,0.0,1,0.0,1,0.0,1,0.0,1,0.14285714285714285,0.37796447300921515,0.0,1.0,0.07142857142857142,0.6071428571428571,1.3148520748875014,0.0,5.0,0.23529411764705882,1,838.11,-222.01,-0.2648936297144766,False,False,False,True,False,False,True,False,False,False,False,False,False,False,False,False,False,False,False,False,False,False,False,False,False,False,False,False,False,False,False,False,False,True,False,False
UAE,4K Smart TV,2025-05-29,Electronics,0.0,616.1,,20.0,2.0,0.0,0.0,3,29,22,5,2,149,0,0.43388373911755823,-0.900968867902419,0.49999999999999994,-0.8660254037844387,2.0,1,0.0,1,0.0,1,3.0,1,0.42857142857142855,0.786795792469437,0.0,2.0,0.21428571428571427,0.6785714285714286,1.3348205990866415,0.0,5.0,0.631578947368421,0,616.1,0.0,0.0,False,False,False,True,False,False,True,False,False,False,False,False,False,False,False,False,False,False,False,False,False,False,False,False,False,False,False,False,False,False,False,False,False,True,False,False
UAE,4K Smart TV,2025-05-30,Electronics,0.0,616.1,,20.0,2.0,0.0,0.0,4,30,22,5,2,150,0,-0.433883739117558,-0.9009688679024191,0.49999999999999994,-0.8660254037844387,0.0,1,0.0,1,0.0,1,0.0,1,0.42857142857142855,0.786795792469437,0.0,2.0,0.21428571428571427,0.5714285714285714,1.2598815766974196,0.0,5.0,0.75,0,616.1,0.0,0.0,False,False,False,True,False,False,True,False,False,False,False,False,False,False,False,False,False,False,False,False,False,False,False,False,False,False,False,False,False,False,False,False,False,True,False,False
UAE,4K Smart TV,2025-05-31,Electronics,0.0,616.1,,20.0,2.0,0.0,0.0,5,31,22,5,2,151,1,-0.9749279121818236,-0.2225209339563146,0.49999999999999994,-0.8660254037844387,0.0,1,0.0,1,0.0,1,0.0,1,0.42857142857142855,0.786795792469437,0.0,2.0,0.21428571428571427,0.5714285714285714,1.2598815766974196,0.0,5.0,0.75,0,616.1,0.0,0.0,False,False,False,True,False,False,True,False,False,False,False,False,False,False,False,False,False,False,False,False,False,False,False,False,False,False,False,False,False,False,False,False,False,True,False,False
UAE,4K Smart TV,2025-06-01,Electronics,0.0,616.1,,20.0,2.0,0.0,0.0,6,1,22,6,2,152,1,-0.7818314824680299,0.6234898018587334,1.2246467991473532e-16,-1.0,0.0,1,0.0,1,0.0,1,0.0,1,0.42857142857142855,0.786795792469437,0.0,2.0,0.21428571428571427,0.5714285714285714,1.2598815766974196,0.0,5.0,0.75,0,616.1,0.0,0.0,False,False,False,True,False,False,True,False,False,False,False,False,False,False,False,False,False,False,False,False,False,False,False,False,False,False,False,False,False,False,False,False,False,True,False,False
UAE,4K Smart TV,2025-06-02,Electronics,1.0,472.83,0.13,20.0,2.0,1.0,0.0,0,2,23,6,2,153,0,0.0,1.0,1.2246467991473532e-16,-1.0,0.0,1,1.0,1,0.0,1,0.0,1,0.42857142857142855,0.786795792469437,0.0,2.0,0.21428571428571427,0.5714285714285714,1.2598815766974196,0.0,5.0,0.75,1,616.1,-143.27000000000004,-0.2325434182762539,False,False,False,True,False,False,True,False,False,False,False,False,False,False,False,False,False,False,False,False,False,False,False,False,False,False,False,False,False,False,False,False,False,True,False,False
UAE,4K Smart TV,2025-06-03,Electronics,0.0,472.83,,20.0,2.0,0.0,0.0,1,3,23,6,2,154,0,0.7818314824680298,0.6234898018587336,1.2246467991473532e-16,-1.0,1.0,1,0.0,1,0.0,1,2.0,1,0.42857142857142855,0.786795792469437,0.0,2.0,0.2857142857142857,0.6071428571428571,1.257254083583672,0.0,5.0,0.7058823529411765,0,472.83,0.0,0.0,False,False,False,True,False,False,True,False,False,False,False,False,False,False,False,False,False,False,False,False,False,False,False,False,False,False,False,False,False,False,False,False,False,True,False,False
UAE,4K Smart TV,2025-06-04,Electronics,3.0,255.16,0.06,20.0,2.0,1.0,0.0,2,4,23,6,2,155,0,0.9749279121818236,-0.22252093395631434,1.2246467991473532e-16,-1.0,0.0,1,2.0,1,0.0,1,0.0,1,0.42857142857142855,0.786795792469437,0.0,2.0,0.2857142857142857,0.5357142857142857,1.2317450089997344,0.0,5.0,0.7999999999999999,1,472.83,-217.67,-0.4603557303893577,False,False,False,True,False,False,True,False,False,False,False,False,False,False,False,False,False,False,False,False,False,False,False,False,False,False,False,False,False,False,False,False,False,True,False,False
UAE,4K Smart TV,2025-06-05,Electronics,0.0,255.16,,20.0,2.0,0.0,0.0,3,5,23,6,2,156,0,0.43388373911755823,-0.900968867902419,1.2246467991473532e-16,-1.0,3.0,1,0.0,1,0.0,1,5.0,1,0.5714285714285714,1.1338934190276773,0.0,3.0,0.5,0.6428571428571429,1.311326320782401,0.0,5.0,0.8888888888888887,0,255.16,0.0,0.0,False,False,False,True,False,False,True,False,False,False,False,False,False,False,False,False,False,False,False,False,False,False,False,False,False,False,False,False,False,False,False,False,False,True,False,False
UAE,4K Smart TV,2025-06-06,Electronics,0.0,255.16,,20.0,2.0,0.0,0.0,4,6,23,6,2,157,0,-0.433883739117558,-0.9009688679024191,1.2246467991473532e-16,-1.0,0.0,1,0.0,1,0.0,1,0.0,1,0.5714285714285714,1.1338934190276773,0.0,3.0,0.5,0.4642857142857143,0.9993384054849672,0.0,3.0,1.2307692307692306,0,255.16,0.0,0.0,False,False,False,True,False,False,True,False,False,False,False,False,False,False,False,False,False,False,False,False,False,False,False,False,False,False,False,False,False,False,False,False,False,True,False,False
UAE,4K Smart TV,2025-06-07,Electronics,0.0,255.16,,20.0,2.0,0.0,0.0,5,7,23,6,2,158,1,-0.9749279121818236,-0.2225209339563146,1.2246467991473532e-16,-1.0,0.0,1,0.0,1,0.0,1,3.0,1,0.5714285714285714,1.1338934190276773,0.0,3.0,0.5,0.4642857142857143,0.9993384054849672,0.0,3.0,1.2307692307692306,0,255.16,0.0,0.0,False,False,False,True,False,False,True,False,False,False,False,False,False,False,False,False,False,False,False,False,False,False,False,False,False,False,False,False,False,False,False,False,False,True,False,False
UAE,4K Smart TV,2025-06-08,Electronics,1.0,1015.11,0.08,20.0,2.0,1.0,0.0,6,8,23,6,2,159,1,-0.7818314824680299,0.6234898018587334,1.2246467991473532e-16,-1.0,0.0,1,0.0,1,0.0,1,0.0,1,0.5714285714285714,1.1338934190276773,0.0,3.0,0.5,0.35714285714285715,0.8698354767504854,0.0,3.0,1.5999999999999999,1,255.16,759.95,2.97832732403198,False,False,False,True,False,False,True,False,False,False,False,False,False,False,False,False,False,False,False,False,False,False,False,False,False,False,False,False,False,False,False,False,False,True,False,False
UAE,4K Smart TV,2025-06-09,Electronics,0.0,1015.11,,20.0,2.0,0.0,0.0,0,9,24,6,2,160,0,0.0,1.0,1.2246467991473532e-16,-1.0,1.0,1,1.0,1,1.0,1,3.0,1,0.7142857142857143,1.112697280528369,0.0,3.0,0.5714285714285714,0.39285714285714285,0.8751417118804268,0.0,3.0,1.8181818181818183,0,1015.11,0.0,0.0,False,False,False,True,False,False,True,False,False,False,False,False,False,False,False,False,False,False,False,False,False,False,False,False,False,False,False,False,False,False,False,False,False,True,False,False
UAE,4K Smart TV,2025-06-10,Electronics,3.0,161.23,0.04,20.0,2.0,1.0,0.0,1,10,24,6,2,161,0,0.7818314824680298,0.6234898018587336,1.2246467991473532e-16,-1.0,0.0,1,0.0,1,0.0,1,0.0,1,0.5714285714285714,1.1338934190276773,0.0,3.0,0.5,0.2857142857142857,0.7126966450997896,0.0,3.0,2.0,1,1015.11,-853.88,-0.8411699224714563,False,False,False,True,False,False,True,False,False,False,False,False,False,False,False,False,False,False,False,False,False,False,False,False,False,False,False,False,False,False,False,False,False,True,False,False
UAE,4K Smart TV,2025-06-11,Electronics,0.0,161.23,,20.0,2.0,0.0,0.0,2,11,24,6,2,162,0,0.9749279121818236,-0.22252093395631434,1.2246467991473532e-16,-1.0,3.0,1,3.0,1,2.0,1,0.0,1,1.0,1.4142135623730914,0.0,3.0,0.7142857142857143,0.39285714285714285,0.8751417118804268,0.0,3.0,2.5454545454545454,0,161.23,0.0,0.0,False,False,False,True,False,False,True,False,False,False,False,False,False,False,False,False,False,False,False,False,False,False,False,False,False,False,False,False,False,False,False,False,False,True,False,False
UAE,4K Smart TV,2025-06-12,Electronics,0.0,161.23,,20.0,2.0,0.0,0.0,3,12,24,6,2,163,0,0.43388373911755823,-0.900968867902419,1.2246467991473532e-16,-1.0,0.0,1,0.0,1,0.0,1,0.0,1,0.5714285714285714,1.1338934190276773,0.0,3.0,0.5714285714285714,0.39285714285714285,0.8751417118804268,0.0,3.0,1.4545454545454546,0,161.23,0.0,0.0,False,False,False,True,False,False,True,False,False,False,False,False,False,False,False,False,False,False,False,False,False,False,False,False,False,False,False,False,False,False,False,False,False,True,False,False
UAE,4K Smart TV,2025-06-13,Electronics,0.0,161.23,,20.0,2.0,0.0,0.0,4,13,24,6,2,164,0,-0.433883739117558,-0.9009688679024191,1.2246467991473532e-16,-1.0,0.0,1,0.0,1,0.0,1,0.0,1,0.5714285714285714,1.1338934190276773,0.0,3.0,0.5714285714285714,0.39285714285714285,0.8751417118804268,0.0,3.0,1.4545454545454546,0,161.23,0.0,0.0,False,False,False,True,False,False,True,False,False,False,False,False,False,False,False,False,False,False,False,False,False,False,False,False,False,False,False,False,False,False,False,False,False,True,False,False
UAE,4K Smart TV,2025-06-14,Electronics,2.0,1316.32,0.13,20.0,2.0,1.0,0.0,5,14,24,6,2,165,1,-0.9749279121818236,-0.2225209339563146,1.2246467991473532e-16,-1.0,0.0,1,0.0,1,0.0,1,0.0,1,0.5714285714285714,1.1338934190276773,0.0,3.0,0.5714285714285714,0.39285714285714285,0.8751417118804268,0.0,3.0,1.4545454545454546,1,161.23,1155.09,7.164237424796874,False,False,False,True,False,False,True,False,False,False,False,False,False,False,False,False,False,False,False,False,False,False,False,False,False,False,False,False,False,False,False,False,False,True,False,False
UAE,4K Smart TV,2025-06-15,Electronics,0.0,1316.32,,20.0,2.0,0.0,0.0,6,15,24,6,2,166,1,-0.7818314824680299,0.6234898018587334,1.2246467991473532e-16,-1.0,2.0,1,1.0,1,0.0,1,0.0,1,0.8571428571428571,1.2149857925879075,0.0,3.0,0.7142857142857143,0.4642857142857143,0.9222413461394413,0.0,3.0,1.846153846153846,0,1316.32,0.0,0.0,False,False,False,True,False,False,True,False,False,False,False,False,False,False,False,False,False,False,False,False,False,False,False,False,False,False,False,False,False,False,False,False,False,True,False,False
UAE,4K Smart TV,2025-06-16,Electronics,0.0,1316.32,,20.0,2.0,0.0,0.0,0,16,25,6,2,167,0,0.0,1.0,1.2246467991473532e-16,-1.0,0.0,1,0.0,1,1.0,1,0.0,1,0.7142857142857143,1.2535663410560134,0.0,3.0,0.7142857142857143,0.4642857142857143,0.9222413461394413,0.0,3.0,1.5384615384615385,0,1316.32,0.0,0.0,False,False,False,True,False,False,True,False,False,False,False,False,False,False,False,False,False,False,False,False,False,False,False,False,False,False,False,False,False,False,False,False,False,True,False,False
UAE,4K Smart TV,2025-06-17,Electronics,1.0,1124.55,0.08,20.0,2.0,1.0,0.0,1,17,25,6,2,168,0,0.7818314824680298,0.6234898018587336,1.2246467991473532e-16,-1.0,0.0,1,3.0,1,0.0,1,0.0,1,0.7142857142857143,1.2535663410560134,0.0,3.0,0.6428571428571429,0.4642857142857143,0.9222413461394413,0.0,3.0,1.5384615384615385,1,1316.32,-191.76999999999998,-0.14568645921964263,False,False,False,True,False,False,True,False,False,False,False,False,False,False,False,False,False,False,False,False,False,False,False,False,False,False,False,False,False,False,False,False,False,True,False,False
UAE,4K Smart TV,2025-06-18,Electronics,4.0,701.085,0.14,20.0,2.0,1.0,0.0,2,18,25,6,2,169,0,0.9749279121818236,-0.22252093395631434,1.2246467991473532e-16,-1.0,1.0,1,0.0,1,3.0,1,0.0,1,0.42857142857142855,0.786795792469437,0.0,2.0,0.7142857142857143,0.5,0.922958206990891,0.0,3.0,0.8571428571428571,1,1124.55,-423.4649999999999,-0.37656395891690003,False,False,False,True,False,False,True,False,False,False,False,False,False,False,False,False,False,False,False,False,False,False,False,False,False,False,False,False,False,False,False,False,False,True,False,False
UAE,4K Smart TV,2025-06-19,Electronics,1.0,698.95,0.14,20.0,2.0,1.0,0.0,3,19,25,6,2,170,0,0.43388373911755823,-0.900968867902419,1.2246467991473532e-16,-1.0,4.0,1,0.0,1,0.0,1,0.0,1,1.0,1.5275252316519432,0.0,4.0,0.7857142857142857,0.6428571428571429,1.1292175499576087,0.0,4.0,1.5555555555555554,1,701.085,-2.134999999999991,-0.0030452798162847457,False,False,False,True,False,False,True,False,False,False,False,False,False,False,False,False,False,False,False,False,False,False,False,False,False,False,False,False,False,False,False,False,False,True,False,False
UAE,4K Smart TV,2025-06-20,Electronics,3.0,563.5699999999999,0.14,20.0,2.0,1.0,0.0,4,20,25,6,2,171,0,-0.433883739117558,-0.9009688679024191,1.2246467991473532e-16,-1.0,1.0,1,0.0,1,0.0,1,0.0,1,1.1428571428571428,1.463850109422796,0.0,4.0,0.8571428571428571,0.6785714285714286,1.123933945224319,0.0,4.0,1.6842105263157894,1,698.95,-135.3800000000001,-0.1936905358037057,False,False,False,True,False,False,True,False,False,False,False,False,False,False,False,False,False,False,False,False,False,False,False,False,False,False,False,False,False,False,False,False,False,True,False,False
UAE,4K Smart TV,2025-06-21,Electronics,0.0,563.5699999999999,,20.0,2.0,0.0,0.0,5,21,25,6,2,172,1,-0.9749279121818236,-0.2225209339563146,1.2246467991473532e-16,-1.0,3.0,1,2.0,1,0.0,1,0.0,1,1.5714285714285714,1.5118578920369052,0.0,4.0,1.0714285714285714,0.7857142857142857,1.1974399500026813,0.0,4.0,2.0,0,563.5699999999999,0.0,0.0,False,False,False,True,False,False,True,False,False,False,False,False,False,False,False,False,False,False,False,False,False,False,False,False,False,False,False,False,False,False,False,False,False,True,False,False
UAE,4K Smart TV,2025-06-22,Electronics,1.0,530.57,0.07,20.0,2.0,1.0,0.0,6,22,25,6,2,173,1,-0.7818314824680299,0.6234898018587334,1.2246467991473532e-16,-1.0,0.0,1,0.0,1,1.0,1,0.0,1,1.2857142857142858,1.6035674514745428,0.0,4.0,1.0714285714285714,0.7857142857142857,1.1974399500026813,0.0,4.0,1.6363636363636365,1,563.5699999999999,-32.999999999999886,-0.058555281508951666,False,False,False,True,False,False,True,False,False,False,False,False,False,False,False,False,False,False,False,False,False,False,False,False,False,False,False,False,False,False,False,False,False,True,False,False
UAE,4K Smart TV,2025-06-23,Electronics,0.0,530.57,,20.0,2.0,0.0,0.0,0,23,26,6,2,174,0,0.0,1.0,1.2246467991473532e-16,-1.0,1.0,1,0.0,1,0.0,1,1.0,1,1.4285714285714286,1.5118578920369052,0.0,4.0,1.0714285714285714,0.8214285714285714,1.1880133254200693,0.0,4.0,1.7391304347826089,0,530.57,0.0,0.0,False,False,False,True,False,False,True,False,False,False,False,False,False,False,False,False,False,False,False,False,False,False,False,False,False,False,False,False,False,False,False,False,False,True,False,False
UAE,4K Smart TV,2025-06-24,Electronics,4.0,802.295,0.13,20.0,2.0,1.0,0.0,1,24,26,6,2,175,0,0.7818314824680298,0.6234898018587336,1.2246467991473532e-16,-1.0,0.0,1,1.0,1,3.0,1,0.0,1,1.4285714285714286,1.5118578920369052,0.0,4.0,1.0714285714285714,0.7857142857142857,1.1974399500026813,0.0,4.0,1.8181818181818183,1,530.57,271.7249999999999,0.512137889439659,False,False,False,True,False,False,True,False,False,False,False,False,False,False,False,False,False,False,False,False,False,False,False,False,False,False,False,False,False,False,False,False,False,True,False,False
UAE,4K Smart TV,2025-06-25,Electronics,1.0,1497.29,0.02,20.0,2.0,1.0,0.0,2,25,26,6,2,176,0,0.9749279121818236,-0.22252093395631434,1.2246467991473532e-16,-1.0,4.0,1,4.0,1,0.0,1,2.0,1,1.8571428571428572,1.7728105208558333,0.0,4.0,1.1428571428571428,0.9285714285714286,1.3313477278632968,0.0,4.0,2.0,1,802.295,694.995,0.8662586704391777,False,False,False,True,False,False,True,False,False,False,False,False,False,False,False,False,False,False,False,False,False,False,False,False,False,False,False,False,False,False,False,False,False,True,False,False
UAE,4K Smart TV,2025-06-26,Electronics,1.0,1339.28,0.12,20.0,2.0,1.0,0.0,3,26,26,6,2,177,0,0.43388373911755823,-0.900968867902419,1.2246467991473532e-16,-1.0,1.0,1,1.0,1,0.0,1,0.0,1,1.4285714285714286,1.5118578920369052,0.0,4.0,1.2142857142857142,0.8928571428571429,1.3148520748875019,0.0,4.0,1.5999999999999999,1,1497.29,-158.01,-0.10553065872342698,False,False,False,True,False,False,True,False,False,False,False,False,False,False,False,False,False,False,False,False,False,False,False,False,False,False,False,False,False,False,False,False,False,True,False,False
UAE,4K Smart TV,2025-06-27,Electronics,0.0,1339.28,,20.0,2.0,0.0,0.0,4,27,26,6,2,178,0,-0.433883739117558,-0.9009688679024191,1.2246467991473532e-16,-1.0,1.0,1,3.0,1,0.0,1,0.0,1,1.4285714285714286,1.5118578920369052,0.0,4.0,1.2857142857142858,0.9285714285714286,1.303231636514664,0.0,4.0,1.5384615384615385,0,1339.28,0.0,0.0,False,False,False,True,False,False,True,False,False,False,False,False,False,False,False,False,False,False,False,False,False,False,False,False,False,False,False,False,False,False,False,False,False,True,False,False
UAE,4K Smart TV,2025-06-28,Electronics,0.0,1339.28,,20.0,2.0,0.0,0.0,5,28,26,6,2,179,1,-0.9749279121818236,-0.2225209339563146,1.2246467991473532e-16,-1.0,0.0,1,0.0,1,2.0,1,0.0,1,1.0,1.4142135623730914,0.0,4.0,1.2857142857142858,0.9285714285714286,1.303231636514664,0.0,4.0,1.0769230769230769,0,1339.28,0.0,0.0,False,False,False,True,False,False,True,False,False,False,False,False,False,False,False,False,False,False,False,False,False,False,False,False,False,False,False,False,False,False,False,False,False,True,False,False
UAE,4K Smart TV,2025-06-29,Electronics,0.0,1339.28,,20.0,2.0,0.0,0.0,6,29,26,6,2,180,1,-0.7818314824680299,0.6234898018587334,1.2246467991473532e-16,-1.0,0.0,1,1.0,1,0.0,1,0.0,1,1.0,1.4142135623730914,0.0,4.0,1.1428571428571428,0.9285714285714286,1.303231636514664,0.0,4.0,1.0769230769230769,0,1339.28,0.0,0.0,False,False,False,True,False,False,True,False,False,False,False,False,False,False,False,False,False,False,False,False,False,False,False,False,False,False,False,False,False,False,False,False,False,True,False,False
UAE,4K Smart TV,2025-06-30,Electronics,0.0,1339.28,,20.0,2.0,0.0,0.0,0,30,27,6,2,181,0,0.0,1.0,1.2246467991473532e-16,-1.0,0.0,1,0.0,1,0.0,1,1.0,1,0.8571428571428571,1.463850109422796,0.0,4.0,1.1428571428571428,0.9285714285714286,1.303231636514664,0.0,4.0,0.923076923076923,0,1339.28,0.0,0.0,False,False,False,True,False,False,True,False,False,False,False,False,False,False,False,False,False,False,False,False,False,False,False,False,False,False,False,False,False,False,False,False,False,True,False,False
UAE,4K Smart TV,2025-07-01,Electronics,0.0,1339.28,,20.0,2.0,0.0,0.0,1,1,27,7,3,182,0,0.7818314824680298,0.6234898018587336,-0.4999999999999997,-0.8660254037844388,0.0,1,4.0,1,1.0,1,0.0,1,0.8571428571428571,1.463850109422796,0.0,4.0,1.1428571428571428,0.8928571428571429,1.3148520748875019,0.0,4.0,0.9599999999999999,0,1339.28,0.0,0.0,False,False,False,True,False,False,True,False,False,False,False,False,False,False,False,False,False,False,False,False,False,False,False,False,False,False,False,False,False,False,False,False,False,True,False,False
UAE,4K Smart TV,2025-07-02,Electronics,0.0,1339.28,,20.0,2.0,0.0,0.0,2,2,27,7,3,183,0,0.9749279121818236,-0.22252093395631434,-0.4999999999999997,-0.8660254037844388,0.0,1,1.0,1,4.0,1,3.0,1,0.2857142857142857,0.48795003647425644,0.0,1.0,1.0714285714285714,0.8928571428571429,1.3148520748875019,0.0,4.0,0.31999999999999995,0,1339.28,0.0,0.0,False,False,False,True,False,False,True,False,False,False,False,False,False,False,False,False,False,False,False,False,False,False,False,False,False,False,False,False,False,False,False,False,False,True,False,False
UAE,4K Smart TV,2025-07-03,Electronics,0.0,1339.28,,20.0,2.0,0.0,0.0,3,3,27,7,3,184,0,0.43388373911755823,-0.900968867902419,-0.4999999999999997,-0.8660254037844388,0.0,1,1.0,1,1.0,1,0.0,1,0.14285714285714285,0.3779644730092143,0.0,1.0,0.7857142857142857,0.7857142857142857,1.2577800213115853,0.0,4.0,0.18181818181818182,0,1339.28,0.0,0.0,False,False,False,True,False,False,True,False,False,False,False,False,False,False,False,False,False,False,False,False,False,False,False,False,False,False,False,False,False,False,False,False,False,True,False,False
UAE,4K Smart TV,2025-07-04,Electronics,4.0,1204.81,0.11,20.0,2.0,1.0,0.0,4,4,27,7,3,185,0,-0.433883739117558,-0.9009688679024191,-0.4999999999999997,-0.8660254037844388,0.0,1,0.0,1,3.0,1,0.0,1,0.0,0.0,0.0,0.0,0.7142857142857143,0.7857142857142857,1.2577800213115853,0.0,4.0,0.0,1,1339.28,-134.47000000000003,-0.10040469506003227,False,False,False,True,False,False,True,False,False,False,False,False,False,False,False,False,False,False,False,False,False,False,False,False,False,False,False,False,False,False,False,False,False,True,False,False
UAE,4K Smart TV,2025-07-05,Electronics,0.0,1204.81,,20.0,2.0,0.0,0.0,5,5,27,7,3,186,1,-0.9749279121818236,-0.2225209339563146,-0.4999999999999997,-0.8660254037844388,4.0,1,0.0,1,0.0,1,0.0,1,0.5714285714285714,1.5118578920369055,0.0,4.0,0.7857142857142857,0.9285714285714286,1.385869734367163,0.0,4.0,0.6153846153846153,0,1204.81,0.0,0.0,False,False,False,True,False,False,True,False,False,False,False,False,False,False,False,False,False,False,False,False,False,False,False,False,False,False,False,False,False,False,False,False,False,True,False,False
UAE,4K Smart TV,2025-07-06,Electronics,0.0,1204.81,,20.0,2.0,0.0,0.0,6,6,27,7,3,187,1,-0.7818314824680299,0.6234898018587334,-0.4999999999999997,-0.8660254037844388,0.0,1,0.0,1,1.0,1,1.0,1,0.5714285714285714,1.5118578920369055,0.0,4.0,0.7857142857142857,0.9285714285714286,1.385869734367163,0.0,4.0,0.6153846153846153,0,1204.81,0.0,0.0,False,False,False,True,False,False,True,False,False,False,False,False,False,False,False,False,False,False,False,False,False,False,False,False,False,False,False,False,False,False,False,False,False,True,False,False
UAE,4K Smart TV,2025-07-07,Electronics,0.0,1204.81,,20.0,2.0,0.0,0.0,0,7,28,7,3,188,0,0.0,1.0,-0.4999999999999997,-0.8660254037844388,0.0,1,0.0,1,0.0,1,0.0,1,0.5714285714285714,1.5118578920369055,0.0,4.0,0.7142857142857143,0.8928571428571429,1.3968028497458729,0.0,4.0,0.6399999999999999,0,1204.81,0.0,0.0,False,False,False,True,False,False,True,False,False,False,False,False,False,False,False,False,False,False,False,False,False,False,False,False,False,False,False,False,False,False,False,False,False,True,False,False
UAE,4K Smart TV,2025-07-08,Electronics,0.0,1204.81,,20.0,2.0,0.0,0.0,1,8,28,7,3,189,0,0.7818314824680298,0.6234898018587336,-0.4999999999999997,-0.8660254037844388,0.0,1,0.0,1,4.0,1,3.0,1,0.5714285714285714,1.5118578920369055,0.0,4.0,0.7142857142857143,0.8928571428571429,1.3968028497458729,0.0,4.0,0.6399999999999999,0,1204.81,0.0,0.0,False,False,False,True,False,False,True,False,False,False,False,False,False,False,False,False,False,False,False,False,False,False,False,False,False,False,False,False,False,False,False,False,False,True,False,False
UAE,4K Smart TV,2025-07-09,Electronics,4.0,1212.985,0.1,20.0,2.0,1.0,0.0,2,9,28,7,3,190,0,0.9749279121818236,-0.22252093395631434,-0.4999999999999997,-0.8660254037844388,0.0,1,0.0,1,1.0,1,0.0,1,0.5714285714285714,1.5118578920369055,0.0,4.0,0.42857142857142855,0.7857142857142857,1.3432173332088873,0.0,4.0,0.7272727272727273,1,1204.81,8.174999999999955,0.0067853022468272635,False,False,False,True,False,False,True,False,False,False,False,False,False,False,False,False,False,False,False,False,False,False,False,False,False,False,False,False,False,False,False,False,False,True,False,False
UAE,4K Smart TV,2025-07-10,Electronics,0.0,1212.985,,20.0,2.0,0.0,0.0,3,10,28,7,3,191,0,0.43388373911755823,-0.900968867902419,-0.4999999999999997,-0.8660254037844388,4.0,1,0.0,1,1.0,1,0.0,1,1.1428571428571428,1.9518001458970635,0.0,4.0,0.6428571428571429,0.9285714285714286,1.4638501094227965,0.0,4.0,1.2307692307692306,0,1212.985,0.0,0.0,False,False,False,True,False,False,True,False,False,False,False,False,False,False,False,False,False,False,False,False,False,False,False,False,False,False,False,False,False,False,False,False,False,True,False,False
UAE,4K Smart TV,2025-07-11,Electronics,0.0,1212.985,,20.0,2.0,0.0,0.0,4,11,28,7,3,192,0,-0.433883739117558,-0.9009688679024191,-0.4999999999999997,-0.8660254037844388,0.0,1,4.0,1,0.0,1,0.0,1,1.1428571428571428,1.9518001458970635,0.0,4.0,0.5714285714285714,0.9285714285714286,1.4638501094227965,0.0,4.0,1.2307692307692306,0,1212.985,0.0,0.0,False,False,False,True,False,False,True,False,False,False,False,False,False,False,False,False,False,False,False,False,False,False,False,False,False,False,False,False,False,False,False,False,False,True,False,False
UAE,4K Smart TV,2025-07-12,Electronics,4.0,1070.4,0.09,20.0,2.0,1.0,0.0,5,12,28,7,3,193,1,-0.9749279121818236,-0.2225209339563146,-0.4999999999999997,-0.8660254037844388,0.0,1,0.0,1,0.0,1,2.0,1,0.5714285714285714,1.5118578920369052,0.0,4.0,0.5714285714285714,0.9285714285714286,1.4638501094227965,0.0,4.0,0.6153846153846153,1,1212.985,-142.5849999999998,-0.11754885674596126,False,False,False,True,False,False,True,False,False,False,False,False,False,False,False,False,False,False,False,False,False,False,False,False,False,False,False,False,False,False,False,False,False,True,False,False
UAE,4K Smart TV,2025-07-13,Electronics,0.0,1070.4,,20.0,2.0,0.0,0.0,6,13,28,7,3,194,1,-0.7818314824680299,0.6234898018587334,-0.4999999999999997,-0.8660254037844388,4.0,1,0.0,1,0.0,1,0.0,1,1.1428571428571428,1.9518001458970635,0.0,4.0,0.8571428571428571,1.0,1.5634719199411402,0.0,4.0,1.1428571428571428,0,1070.4,0.0,0.0,False,False,False,True,False,False,True,False,False,False,False,False,False,False,False,False,False,False,False,False,False,False,False,False,False,False,False,False,False,False,False,False,False,True,False,False
UAE,4K Smart TV,2025-07-14,Electronics,0.0,1070.4,,20.0,2.0,0.0,0.0,0,14,29,7,3,195,0,0.0,1.0,-0.4999999999999997,-0.8660254037844388,0.0,1,0.0,1,0.0,1,0.0,1,1.1428571428571428,1.9518001458970635,0.0,4.0,0.8571428571428571,1.0,1.5634719199411402,0.0,4.0,1.1428571428571428,0,1070.4,0.0,0.0,False,False,False,True,False,False,True,False,False,False,False,False,False,False,False,False,False,False,False,False,False,False,False,False,False,False,False,False,False,False,False,False,False,True,False,False
UAE,4K Smart TV,2025-07-15,Electronics,3.0,65.72,0.12,20.0,2.0,1.0,0.0,1,15,29,7,3,196,0,0.7818314824680298,0.6234898018587336,-0.4999999999999997,-0.8660254037844388,0.0,1,0.0,1,0.0,1,1.0,1,1.1428571428571428,1.9518001458970635,0.0,4.0,0.8571428571428571,1.0,1.5634719199411402,0.0,4.0,1.1428571428571428,1,1070.4,-1004.6800000000001,-0.9386023916292975,False,False,False,True,False,False,True,False,False,False,False,False,False,False,False,False,False,False,False,False,False,False,False,False,False,False,False,False,False,False,False,False,False,True,False,False
UAE,4K Smart TV,2025-07-16,Electronics,0.0,65.72,,20.0,2.0,0.0,0.0,2,16,29,7,3,197,0,0.9749279121818236,-0.22252093395631434,-0.4999999999999997,-0.8660254037844388,3.0,1,4.0,1,0.0,1,4.0,1,1.5714285714285714,1.988059594776007,0.0,4.0,1.0714285714285714,1.0714285714285714,1.6085091194337626,0.0,4.0,1.4666666666666668,0,65.72,0.0,0.0,False,False,False,True,False,False,True,False,False,False,False,False,False,False,False,False,False,False,False,False,False,False,False,False,False,False,False,False,False,False,False,False,False,True,False,False
UAE,4K Smart TV,2025-07-17,Electronics,0.0,65.72,,20.0,2.0,0.0,0.0,3,17,29,7,3,198,0,0.43388373911755823,-0.900968867902419,-0.4999999999999997,-0.8660254037844388,0.0,1,0.0,1,0.0,1,1.0,1,1.0,1.732050807568874,0.0,4.0,1.0714285714285714,0.9285714285714286,1.5136067160941384,0.0,4.0,1.0769230769230769,0,65.72,0.0,0.0,False,False,False,True,False,False,True,False,False,False,False,False,False,False,False,False,False,False,False,False,False,False,False,False,False,False,False,False,False,False,False,False,False,True,False,False
UAE,4K Smart TV,2025-07-18,Electronics,3.0,987.02,0.07,20.0,2.0,1.0,0.0,4,18,29,7,3,199,0,-0.433883739117558,-0.9009688679024191,-0.4999999999999997,-0.8660254037844388,0.0,1,0.0,1,4.0,1,3.0,1,1.0,1.732050807568874,0.0,4.0,1.0714285714285714,0.8928571428571429,1.523623500550107,0.0,4.0,1.1199999999999999,1,65.72,921.3,14.018563603164942,False,False,False,True,False,False,True,False,False,False,False,False,False,False,False,False,False,False,False,False,False,False,False,False,False,False,False,False,False,False,False,False,False,True,False,False
UAE,4K Smart TV,2025-07-19,Electronics,4.0,741.28,0.13,20.0,2.0,1.0,0.0,5,19,29,7,3,200,1,-0.9749279121818236,-0.2225209339563146,-0.4999999999999997,-0.8660254037844388,3.0,1,4.0,1,0.0,1,0.0,1,1.4285714285714286,1.8126539343499282,0.0,4.0,1.0,0.8928571428571429,1.523623500550107,0.0,4.0,1.5999999999999999,1,987.02,-245.74,-0.24897165204352498,False,False,False,True,False,False,True,False,False,False,False,False,False,False,False,False,False,False,False,False,False,False,False,False,False,False,False,False,False,False,False,False,False,True,False,False
UAE,4K Smart TV,2025-07-20,Electronics,3.0,1125.42,0.11,20.0,2.0,1.0,0.0,6,20,29,7,3,201,1,-0.7818314824680299,0.6234898018587334,-0.4999999999999997,-0.8660254037844388,4.0,1,0.0,1,0.0,1,1.0,1,1.4285714285714286,1.8126539343499282,0.0,4.0,1.2857142857142858,1.0357142857142858,1.6212053782006985,0.0,4.0,1.379310344827586,1,741.28,384.1400000000001,0.518211741851932,False,False,False,True,False,False,True,False,False,False,False,False,False,False,False,False,False,False,False,False,False,False,False,False,False,False,False,False,False,False,False,False,False,True,False,False
UAE,4K Smart TV,2025-07-21,Electronics,0.0,1125.42,,20.0,2.0,0.0,0.0,0,21,30,7,3,202,0,0.0,1.0,-0.4999999999999997,-0.8660254037844388,3.0,1,0.0,1,0.0,1,0.0,1,1.8571428571428572,1.7728105208558331,0.0,4.0,1.5,1.1071428571428572,1.6630914033428852,0.0,4.0,1.6774193548387097,0,1125.42,0.0,0.0,False,False,False,True,False,False,True,False,False,False,False,False,False,False,False,False,False,False,False,False,False,False,False,False,False,False,False,False,False,False,False,False,False,True,False,False
UAE,4K Smart TV,2025-07-22,Electronics,2.0,1075.21,0.06,20.0,2.0,1.0,0.0,1,22,30,7,3,203,0,0.7818314824680298,0.6234898018587336,-0.4999999999999997,-0.8660254037844388,0.0,1,3.0,1,0.0,1,4.0,1,1.8571428571428572,1.7728105208558331,0.0,4.0,1.5,1.1071428571428572,1.6630914033428852,0.0,4.0,1.6774193548387097,1,1125.42,-50.210000000000036,-0.04461445504789326,False,False,False,True,False,False,True,False,False,False,False,False,False,False,False,False,False,False,False,False,False,False,False,False,False,False,False,False,False,False,False,False,False,True,False,False
UAE,4K Smart TV,2025-07-23,Electronics,5.0,406.985,0.03,20.0,2.0,1.0,0.0,2,23,30,7,3,204,0,0.9749279121818236,-0.22252093395631434,-0.4999999999999997,-0.8660254037844388,2.0,1,0.0,1,4.0,1,1.0,1,1.7142857142857142,1.70433620649269,0.0,4.0,1.6428571428571428,1.0357142857142858,1.5748519708717774,0.0,4.0,1.6551724137931032,1,1075.21,-668.225,-0.6214832451335088,False,False,False,True,False,False,True,False,False,False,False,False,False,False,False,False,False,False,False,False,False,False,False,False,False,False,False,False,False,False,False,False,False,True,False,False
UAE,4K Smart TV,2025-07-24,Electronics,3.0,1487.82,0.1,20.0,2.0,1.0,0.0,3,24,30,7,3,205,0,0.43388373911755823,-0.900968867902419,-0.4999999999999997,-0.8660254037844388,5.0,1,0.0,1,0.0,1,1.0,1,2.4285714285714284,1.9023794624226804,0.0,5.0,1.7142857142857142,1.1785714285714286,1.7438478405541245,0.0,5.0,2.0606060606060606,1,406.985,1080.835,2.655712126982567,False,False,False,True,False,False,True,False,False,False,False,False,False,False,False,False,False,False,False,False,False,False,False,False,False,False,False,False,False,False,False,False,False,True,False,False
UAE,4K Smart TV,2025-07-25,Electronics,0.0,1487.82,,20.0,2.0,0.0,0.0,4,25,30,7,3,206,0,-0.433883739117558,-0.9009688679024191,-0.4999999999999997,-0.8660254037844388,3.0,1,3.0,1,0.0,1,0.0,1,2.857142857142857,1.5735915849388822,0.0,5.0,1.9285714285714286,1.25,1.7769095101910508,0.0,5.0,2.2857142857142856,0,1487.82,0.0,0.0,False,False,False,True,False,False,True,False,False,False,False,False,False,False,False,False,False,False,False,False,False,False,False,False,False,False,False,False,False,False,False,False,False,True,False,False
UAE,4K Smart TV,2025-07-26,Electronics,0.0,1487.82,,20.0,2.0,0.0,0.0,5,26,30,7,3,207,1,-0.9749279121818236,-0.2225209339563146,-0.4999999999999997,-0.8660254037844388,0.0,1,4.0,1,4.0,1,0.0,1,2.4285714285714284,1.9023794624226804,0.0,5.0,1.9285714285714286,1.25,1.7769095101910508,0.0,5.0,1.9428571428571426,0,1487.82,0.0,0.0,False,False,False,True,False,False,True,False,False,False,False,False,False,False,False,False,False,False,False,False,False,False,False,False,False,False,False,False,False,False,False,False,False,True,False,False
UAE,4K Smart TV,2025-07-27,Electronics,0.0,1487.82,,20.0,2.0,0.0,0.0,6,27,30,7,3,208,1,-0.7818314824680299,0.6234898018587334,-0.4999999999999997,-0.8660254037844388,0.0,1,3.0,1,0.0,1,0.0,1,1.8571428571428572,1.9518001458970633,0.0,5.0,1.6428571428571428,1.25,1.7769095101910508,0.0,5.0,1.4857142857142858,0,1487.82,0.0,0.0,False,False,False,True,False,False,True,False,False,False,False,False,False,False,False,False,False,False,False,False,False,False,False,False,False,False,False,False,False,False,False,False,False,True,False,False
UAE,4K Smart TV,2025-07-28,Electronics,0.0,1487.82,,20.0,2.0,0.0,0.0,0,28,31,7,3,209,0,0.0,1.0,-0.4999999999999997,-0.8660254037844388,0.0,1,0.0,1,0.0,1,0.0,1,1.4285714285714286,1.988059594776007,0.0,5.0,1.6428571428571428,1.25,1.7769095101910508,0.0,5.0,1.1428571428571428,0,1487.82,0.0,0.0,False,False,False,True,False,False,True,False,False,False,False,False,False,False,False,False,False,False,False,False,False,False,False,False,False,False,False,False,False,False,False,False,False,True,False,False
UAE,4K Smart TV,2025-07-29,Electronics,3.0,939.33,0.12,20.0,2.0,1.0,0.0,1,29,31,7,3,210,0,0.7818314824680298,0.6234898018587336,-0.4999999999999997,-0.8660254037844388,0.0,1,2.0,1,3.0,1,0.0,1,1.4285714285714286,1.988059594776007,0.0,5.0,1.6428571428571428,1.25,1.7769095101910508,0.0,5.0,1.1428571428571428,1,1487.82,-548.4899999999999,-0.36865346614509814,False,False,False,True,False,False,True,False,False,False,False,False,False,False,False,False,False,False,False,False,False,False,False,False,False,False,False,False,False,False,False,False,False,True,False,False
UAE,4K Smart TV,2025-07-30,Electronics,3.0,659.0999999999999,0.1,20.0,2.0,1.0,0.0,2,30,31,7,3,211,0,0.9749279121818236,-0.22252093395631434,-0.4999999999999997,-0.8660254037844388,3.0,1,5.0,1,0.0,1,0.0,1,1.5714285714285714,2.07019667802706,0.0,5.0,1.6428571428571428,1.3571428571428572,1.7891501337389757,0.0,5.0,1.157894736842105,1,939.33,-280.23000000000013,-0.2983296605026989,False,False,False,True,False,False,True,False,False,False,False,False,False,False,False,False,False,False,False,False,False,False,False,False,False,False,False,False,False,False,False,False,False,True,False,False
UAE,4K Smart TV,2025-07-31,Electronics,0.0,659.0999999999999,,20.0,2.0,0.0,0.0,3,31,31,7,3,212,0,0.43388373911755823,-0.900968867902419,-0.4999999999999997,-0.8660254037844388,3.0,1,3.0,1,0.0,1,0.0,1,1.2857142857142858,1.6035674514745428,0.0,3.0,1.8571428571428572,1.4642857142857142,1.7946864547601247,0.0,5.0,0.878048780487805,0,659.0999999999999,0.0,0.0,False,False,False,True,False,False,True,False,False,False,False,False,False,False,False,False,False,False,False,False,False,False,False,False,False,False,False,False,False,False,False,False,False,True,False,False
UAE,4K Smart TV,2025-08-01,Electronics,0.0,659.0999999999999,,20.0,2.0,0.0,0.0,4,1,31,8,3,213,0,-0.433883739117558,-0.9009688679024191,-0.8660254037844385,-0.5000000000000004,0.0,1,0.0,1,3.0,1,4.0,1,0.8571428571428571,1.463850109422796,0.0,3.0,1.8571428571428572,1.4642857142857142,1.7946864547601247,0.0,5.0,0.5853658536585366,0,659.0999999999999,0.0,0.0,False,False,False,True,False,False,True,False,False,False,False,False,False,False,False,False,False,False,False,False,False,False,False,False,False,False,False,False,False,False,False,False,False,True,False,False
UAE,4K Smart TV,2025-08-02,Electronics,0.0,659.0999999999999,,20.0,2.0,0.0,0.0,5,2,31,8,3,214,1,-0.9749279121818236,-0.2225209339563146,-0.8660254037844385,-0.5000000000000004,0.0,1,0.0,1,4.0,1,0.0,1,0.8571428571428571,1.463850109422796,0.0,3.0,1.6428571428571428,1.3214285714285714,1.743847840554125,0.0,5.0,0.6486486486486486,0,659.0999999999999,0.0,0.0,False,False,False,True,False,False,True,False,False,False,False,False,False,False,False,False,False,False,False,False,False,False,False,False,False,False,False,False,False,False,False,False,False,True,False,False
UAE,4K Smart TV,2025-08-03,Electronics,3.0,68.2,0.1,20.0,2.0,1.0,0.0,6,3,31,8,3,215,1,-0.7818314824680299,0.6234898018587334,-0.8660254037844385,-0.5000000000000004,0.0,1,0.0,1,3.0,1,0.0,1,0.8571428571428571,1.463850109422796,0.0,3.0,1.3571428571428572,1.3214285714285714,1.743847840554125,0.0,5.0,0.6486486486486486,1,659.0999999999999,-590.8999999999999,-0.8965255651646183,False,False,False,True,False,False,True,False,False,False,False,False,False,False,False,False,False,False,False,False,False,False,False,False,False,False,False,False,False,False,False,False,False,True,False,False
UAE,4K Smart TV,2025-08-04,Electronics,0.0,68.2,,20.0,2.0,0.0,0.0,0,4,32,8,3,216,0,0.0,1.0,-0.8660254037844385,-0.5000000000000004,3.0,1,0.0,1,0.0,1,0.0,1,1.2857142857142858,1.6035674514745428,0.0,3.0,1.3571428571428572,1.4285714285714286,1.7517942427074769,0.0,5.0,0.9,0,68.2,0.0,0.0,False,False,False,True,False,False,True,False,False,False,False,False,False,False,False,False,False,False,False,False,False,False,False,False,False,False,False,False,False,False,False,False,False,True,False,False
UAE,4K Smart TV,2025-08-05,Electronics,0.0,68.2,,20.0,2.0,0.0,0.0,1,5,32,8,3,217,0,0.7818314824680298,0.6234898018587336,-0.8660254037844385,-0.5000000000000004,0.0,1,3.0,1,2.0,1,0.0,1,1.2857142857142858,1.6035674514745428,0.0,3.0,1.3571428571428572,1.4285714285714286,1.7517942427074769,0.0,5.0,0.9,0,68.2,0.0,0.0,False,False,False,True,False,False,True,False,False,False,False,False,False,False,False,False,False,False,False,False,False,False,False,False,False,False,False,False,False,False,False,False,False,True,False,False
UAE,4K Smart TV,2025-08-06,Electronics,0.0,68.2,,20.0,2.0,0.0,0.0,2,6,32,8,3,218,0,0.9749279121818236,-0.22252093395631434,-0.8660254037844385,-0.5000000000000004,0.0,1,3.0,1,5.0,1,4.0,1,0.8571428571428571,1.463850109422796,0.0,3.0,1.2142857142857142,1.4285714285714286,1.7517942427074769,0.0,5.0,0.6,0,68.2,0.0,0.0,False,False,False,True,False,False,True,False,False,False,False,False,False,False,False,False,False,False,False,False,False,False,False,False,False,False,False,False,False,False,False,False,False,True,False,False
UAE,4K Smart TV,2025-08-07,Electronics,0.0,68.2,,20.0,2.0,0.0,0.0,3,7,32,8,3,219,0,0.43388373911755823,-0.900968867902419,-0.8660254037844385,-0.5000000000000004,0.0,1,0.0,1,3.0,1,0.0,1,0.42857142857142855,1.1338934190276773,0.0,3.0,0.8571428571428571,1.2857142857142858,1.6965573607476025,0.0,5.0,0.3333333333333333,0,68.2,0.0,0.0,False,False,False,True,False,False,True,False,False,False,False,False,False,False,False,False,False,False,False,False,False,False,False,False,False,False,False,False,False,False,False,False,False,True,False,False
UAE,4K Smart TV,2025-08-08,Electronics,0.0,68.2,,20.0,2.0,0.0,0.0,4,8,32,8,3,220,0,-0.433883739117558,-0.9009688679024191,-0.8660254037844385,-0.5000000000000004,0.0,1,0.0,1,0.0,1,0.0,1,0.42857142857142855,1.1338934190276773,0.0,3.0,0.6428571428571429,1.2857142857142858,1.6965573607476025,0.0,5.0,0.3333333333333333,0,68.2,0.0,0.0,False,False,False,True,False,False,True,False,False,False,False,False,False,False,False,False,False,False,False,False,False,False,False,False,False,False,False,False,False,False,False,False,False,True,False,False
UAE,4K Smart TV,2025-08-09,Electronics,0.0,68.2,,20.0,2.0,0.0,0.0,5,9,32,8,3,221,1,-0.9749279121818236,-0.2225209339563146,-0.8660254037844385,-0.5000000000000004,0.0,1,0.0,1,0.0,1,4.0,1,0.42857142857142855,1.1338934190276773,0.0,3.0,0.6428571428571429,1.2857142857142858,1.6965573607476025,0.0,5.0,0.3333333333333333,0,68.2,0.0,0.0,False,False,False,True,False,False,True,False,False,False,False,False,False,False,False,False,False,False,False,False,False,False,False,False,False,False,False,False,False,False,False,False,False,True,False,False
UAE,4K Smart TV,2025-08-10,Electronics,0.0,68.2,,20.0,2.0,0.0,0.0,6,10,32,8,3,222,1,-0.7818314824680299,0.6234898018587334,-0.8660254037844385,-0.5000000000000004,0.0,1,3.0,1,0.0,1,0.0,1,0.42857142857142855,1.1338934190276773,0.0,3.0,0.6428571428571429,1.1428571428571428,1.6265001215808863,0.0,5.0,0.375,0,68.2,0.0,0.0,False,False,False,True,False,False,True,False,False,False,False,False,False,False,False,False,False,False,False,False,False,False,False,False,False,False,False,False,False,False,False,False,False,True,False,False
UAE,4K Smart TV,2025-08-11,Electronics,0.0,68.2,,20.0,2.0,0.0,0.0,0,11,33,8,3,223,0,0.0,1.0,-0.8660254037844385,-0.5000000000000004,0.0,1,0.0,1,0.0,1,0.0,1,0.0,0.0,0.0,0.0,0.6428571428571429,1.1428571428571428,1.6265001215808863,0.0,5.0,0.0,0,68.2,0.0,0.0,False,False,False,True,False,False,True,False,False,False,False,False,False,False,False,False,False,False,False,False,False,False,False,False,False,False,False,False,False,False,False,False,False,True,False,False
UAE,4K Smart TV,2025-08-12,Electronics,0.0,68.2,,20.0,2.0,0.0,0.0,1,12,33,8,3,224,0,0.7818314824680298,0.6234898018587336,-0.8660254037844385,-0.5000000000000004,0.0,1,0.0,1,3.0,1,3.0,1,0.0,0.0,0.0,0.0,0.6428571428571429,1.1428571428571428,1.6265001215808863,0.0,5.0,0.0,0,68.2,0.0,0.0,False,False,False,True,False,False,True,False,False,False,False,False,False,False,False,False,False,False,False,False,False,False,False,False,False,False,False,False,False,False,False,False,False,True,False,False
UAE,4K Smart TV,2025-08-13,Electronics,1.0,844.88,0.07,20.0,2.0,1.0,0.0,2,13,33,8,3,225,0,0.9749279121818236,-0.22252093395631434,-0.8660254037844385,-0.5000000000000004,0.0,1,0.0,1,3.0,1,0.0,1,0.0,0.0,0.0,0.0,0.42857142857142855,1.0357142857142858,1.5981967351464577,0.0,5.0,0.0,1,68.2,776.68,11.388269794721406,False,False,False,True,False,False,True,False,False,False,False,False,False,False,False,False,False,False,False,False,False,False,False,False,False,False,False,False,False,False,False,False,False,True,False,False
UAE,4K Smart TV,2025-08-14,Electronics,0.0,844.88,,20.0,2.0,0.0,0.0,3,14,33,8,3,226,0,0.43388373911755823,-0.900968867902419,-0.8660254037844385,-0.5000000000000004,1.0,1,0.0,1,0.0,1,0.0,1,0.14285714285714285,0.377964473009214,0.0,1.0,0.2857142857142857,1.0714285714285714,1.5853162186855674,0.0,5.0,0.13333333333333333,0,844.88,0.0,0.0,False,False,False,True,False,False,True,False,False,False,False,False,False,False,False,False,False,False,False,False,False,False,False,False,False,False,False,False,False,False,False,False,False,True,False,False
UAE,4K Smart TV,2025-08-15,Electronics,0.0,844.88,,20.0,2.0,0.0,0.0,4,15,33,8,3,227,0,-0.433883739117558,-0.9009688679024191,-0.8660254037844385,-0.5000000000000004,0.0,1,0.0,1,0.0,1,3.0,1,0.14285714285714285,0.377964473009214,0.0,1.0,0.2857142857142857,1.0714285714285714,1.5853162186855674,0.0,5.0,0.13333333333333333,0,844.88,0.0,0.0,False,False,False,True,False,False,True,False,False,False,False,False,False,False,False,False,False,False,False,False,False,False,False,False,False,False,False,False,False,False,False,False,False,True,False,False
UAE,4K Smart TV,2025-08-16,Electronics,0.0,844.88,,20.0,2.0,0.0,0.0,5,16,33,8,3,228,1,-0.9749279121818236,-0.2225209339563146,-0.8660254037844385,-0.5000000000000004,0.0,1,0.0,1,0.0,1,4.0,1,0.14285714285714285,0.377964473009214,0.0,1.0,0.2857142857142857,0.9642857142857143,1.5511559096637089,0.0,5.0,0.14814814814814814,0,844.88,0.0,0.0,False,False,False,True,False,False,True,False,False,False,False,False,False,False,False,False,False,False,False,False,False,False,False,False,False,False,False,False,False,False,False,False,False,True,False,False
UAE,4K Smart TV,2025-08-17,Electronics,0.0,844.88,,20.0,2.0,0.0,0.0,6,17,33,8,3,229,1,-0.7818314824680299,0.6234898018587334,-0.8660254037844385,-0.5000000000000004,0.0,1,0.0,1,3.0,1,3.0,1,0.14285714285714285,0.377964473009214,0.0,1.0,0.2857142857142857,0.8214285714285714,1.441541649777182,0.0,5.0,0.17391304347826086,0,844.88,0.0,0.0,False,False,False,True,False,False,True,False,False,False,False,False,False,False,False,False,False,False,False,False,False,False,False,False,False,False,False,False,False,False,False,False,False,True,False,False
UAE,4K Smart TV,2025-08-18,Electronics,0.0,844.88,,20.0,2.0,0.0,0.0,0,18,34,8,3,230,0,0.0,1.0,-0.8660254037844385,-0.5000000000000004,0.0,1,0.0,1,0.0,1,0.0,1,0.14285714285714285,0.377964473009214,0.0,1.0,0.07142857142857142,0.7142857142857143,1.3839595063960166,0.0,5.0,0.19999999999999998,0,844.88,0.0,0.0,False,False,False,True,False,False,True,False,False,False,False,False,False,False,False,False,False,False,False,False,False,False,False,False,False,False,False,False,False,False,False,False,False,True,False,False
UAE,4K Smart TV,2025-08-19,Electronics,0.0,844.88,,20.0,2.0,0.0,0.0,1,19,34,8,3,231,0,0.7818314824680298,0.6234898018587336,-0.8660254037844385,-0.5000000000000004,0.0,1,0.0,1,0.0,1,2.0,1,0.14285714285714285,0.377964473009214,0.0,1.0,0.07142857142857142,0.7142857142857143,1.3839595063960166,0.0,5.0,0.19999999999999998,0,844.88,0.0,0.0,False,False,False,True,False,False,True,False,False,False,False,False,False,False,False,False,False,False,False,False,False,False,False,False,False,False,False,False,False,False,False,False,False,True,False,False
UAE,4K Smart TV,2025-08-20,Electronics,1.0,457.59,0.1,20.0,2.0,1.0,0.0,2,20,34,8,3,232,0,0.9749279121818236,-0.22252093395631434,-0.8660254037844385,-0.5000000000000004,0.0,1,1.0,1,0.0,1,5.0,1,0.14285714285714285,0.377964473009214,0.0,1.0,0.07142857142857142,0.6428571428571429,1.366647309193143,0.0,5.0,0.22222222222222218,1,844.88,-387.29,-0.4583964586686867,False,False,False,True,False,False,True,False,False,False,False,False,False,False,False,False,False,False,False,False,False,False,False,False,False,False,False,False,False,False,False,False,False,True,False,False
UAE,4K Smart TV,2025-08-21,Electronics,0.0,457.59,,20.0,2.0,0.0,0.0,3,21,34,8,3,233,0,0.43388373911755823,-0.900968867902419,-0.8660254037844385,-0.5000000000000004,1.0,1,0.0,1,0.0,1,3.0,1,0.14285714285714285,0.377964473009214,0.0,1.0,0.14285714285714285,0.5,1.0715167512214347,0.0,3.0,0.2857142857142857,0,457.59,0.0,0.0,False,False,False,True,False,False,True,False,False,False,False,False,False,False,False,False,False,False,False,False,False,False,False,False,False,False,False,False,False,False,False,False,False,True,False,False
UAE,4K Smart TV,2025-08-22,Electronics,0.0,457.59,,20.0,2.0,0.0,0.0,4,22,34,8,3,234,0,-0.433883739117558,-0.9009688679024191,-0.8660254037844385,-0.5000000000000004,0.0,1,0.0,1,0.0,1,0.0,1,0.14285714285714285,0.377964473009214,0.0,1.0,0.14285714285714285,0.39285714285714285,0.9560445408144713,0.0,3.0,0.36363636363636365,0,457.59,0.0,0.0,False,False,False,True,False,False,True,False,False,False,False,False,False,False,False,False,False,False,False,False,False,False,False,False,False,False,False,False,False,False,False,False,False,True,False,False
UAE,4K Smart TV,2025-08-23,Electronics,2.0,161.37,0.15,20.0,2.0,1.0,0.0,5,23,34,8,3,235,1,-0.9749279121818236,-0.2225209339563146,-0.8660254037844385,-0.5000000000000004,0.0,1,0.0,1,0.0,1,0.0,1,0.14285714285714285,0.377964473009214,0.0,1.0,0.14285714285714285,0.39285714285714285,0.9560445408144713,0.0,3.0,0.36363636363636365,1,457.59,-296.21999999999997,-0.6473480626761948,False,False,False,True,False,False,True,False,False,False,False,False,False,False,False,False,False,False,False,False,False,False,False,False,False,False,False,False,False,False,False,False,False,True,False,False
UAE,4K Smart TV,2025-08-24,Electronics,0.0,161.37,,20.0,2.0,0.0,0.0,6,24,34,8,3,236,1,-0.7818314824680299,0.6234898018587334,-0.8660254037844385,-0.5000000000000004,2.0,1,0.0,1,0.0,1,0.0,1,0.42857142857142855,0.7867957924694367,0.0,2.0,0.2857142857142857,0.4642857142857143,0.999338405484968,0.0,3.0,0.923076923076923,0,161.37,0.0,0.0,False,False,False,True,False,False,True,False,False,False,False,False,False,False,False,False,False,False,False,False,False,False,False,False,False,False,False,False,False,False,False,False,False,True,False,False
UAE,4K Smart TV,2025-08-25,Electronics,0.0,161.37,,20.0,2.0,0.0,0.0,0,25,35,8,3,237,0,0.0,1.0,-0.8660254037844385,-0.5000000000000004,0.0,1,0.0,1,0.0,1,0.0,1,0.42857142857142855,0.7867957924694367,0.0,2.0,0.2857142857142857,0.4642857142857143,0.999338405484968,0.0,3.0,0.923076923076923,0,161.37,0.0,0.0,False,False,False,True,False,False,True,False,False,False,False,False,False,False,False,False,False,False,False,False,False,False,False,False,False,False,False,False,False,False,False,False,False,True,False,False
UAE,4K Smart TV,2025-08-26,Electronics,0.0,161.37,,20.0,2.0,0.0,0.0,1,26,35,8,3,238,0,0.7818314824680298,0.6234898018587336,-0.8660254037844385,-0.5000000000000004,0.0,1,0.0,1,0.0,1,3.0,1,0.42857142857142855,0.7867957924694367,0.0,2.0,0.2857142857142857,0.4642857142857143,0.999338405484968,0.0,3.0,0.923076923076923,0,161.37,0.0,0.0,False,False,False,True,False,False,True,False,False,False,False,False,False,False,False,False,False,False,False,False,False,False,False,False,False,False,False,False,False,False,False,False,False,True,False,False
UAE,4K Smart TV,2025-08-27,Electronics,0.0,161.37,,20.0,2.0,0.0,0.0,2,27,35,8,3,239,0,0.9749279121818236,-0.22252093395631434,-0.8660254037844385,-0.5000000000000004,0.0,1,1.0,1,1.0,1,3.0,1,0.42857142857142855,0.7867957924694367,0.0,2.0,0.2857142857142857,0.35714285714285715,0.8698354767504862,0.0,3.0,1.2,0,161.37,0.0,0.0,False,False,False,True,False,False,True,False,False,False,False,False,False,False,False,False,False,False,False,False,False,False,False,False,False,False,False,False,False,False,False,False,False,True,False,False
UAE,4K Smart TV,2025-08-28,Electronics,0.0,161.37,,20.0,2.0,0.0,0.0,3,28,35,8,3,240,0,0.43388373911755823,-0.900968867902419,-0.8660254037844385,-0.5000000000000004,0.0,1,0.0,1,0.0,1,0.0,1,0.2857142857142857,0.7559289460184477,0.0,2.0,0.21428571428571427,0.25,0.7005289007176859,0.0,3.0,1.1428571428571428,0,161.37,0.0,0.0,False,False,False,True,False,False,True,False,False,False,False,False,False,False,False,False,False,False,False,False,False,False,False,False,False,False,False,False,False,False,False,False,False,True,False,False
UAE,4K Smart TV,2025-08-29,Electronics,2.0,52.53,0.08,20.0,2.0,1.0,0.0,4,29,35,8,3,241,0,-0.433883739117558,-0.9009688679024191,-0.8660254037844385,-0.5000000000000004,0.0,1,0.0,1,0.0,1,0.0,1,0.2857142857142857,0.7559289460184477,0.0,2.0,0.21428571428571427,0.25,0.7005289007176859,0.0,3.0,1.1428571428571428,1,161.37,-108.84,-0.6744748094441346,False,False,False,True,False,False,True,False,False,False,False,False,False,False,False,False,False,False,False,False,False,False,False,False,False,False,False,False,False,False,False,False,False,True,False,False
UAE,4K Smart TV,2025-08-30,Electronics,0.0,52.53,,20.0,2.0,0.0,0.0,5,30,35,8,3,242,1,-0.9749279121818236,-0.2225209339563146,-0.8660254037844385,-0.5000000000000004,2.0,1,2.0,1,0.0,1,0.0,1,0.5714285714285714,0.9759000729485279,0.0,2.0,0.35714285714285715,0.32142857142857145,0.7723735149270952,0.0,3.0,1.7777777777777775,0,52.53,0.0,0.0,False,False,False,True,False,False,True,False,False,False,False,False,False,False,False,False,False,False,False,False,False,False,False,False,False,False,False,False,False,False,False,False,False,True,False,False
UAE,4K Smart TV,2025-08-31,Electronics,2.0,916.74,0.06,20.0,2.0,1.0,0.0,6,31,35,8,3,243,1,-0.7818314824680299,0.6234898018587334,-0.8660254037844385,-0.5000000000000004,0.0,1,0.0,1,0.0,1,3.0,1,0.2857142857142857,0.7559289460184477,0.0,2.0,0.35714285714285715,0.32142857142857145,0.7723735149270952,0.0,3.0,0.8888888888888887,1,52.53,864.21,16.451741861793263,False,False,False,True,False,False,True,False,False,False,False,False,False,False,False,False,False,False,False,False,False,False,False,False,False,False,False,False,False,False,False,False,False,True,False,False
UAE,4K Smart TV,2025-09-01,Electronics,2.0,889.49,0.02,20.0,2.0,1.0,0.0,0,1,36,9,3,244,0,0.0,1.0,-1.0,-1.8369701987210297e-16,2.0,1,0.0,1,0.0,1,0.0,1,0.5714285714285714,0.9759000729485279,0.0,2.0,0.5,0.2857142857142857,0.6586823467062274,0.0,2.0,2.0,1,916.74,-27.25,-0.029724894735693872,False,False,False,True,False,False,True,False,False,False,False,False,False,False,False,False,False,False,False,False,False,False,False,False,False,False,False,False,False,False,False,False,False,True,False,False
UAE,4K Smart TV,2025-09-02,Electronics,0.0,889.49,,20.0,2.0,0.0,0.0,1,2,36,9,3,245,0,0.7818314824680298,0.6234898018587336,-1.0,-1.8369701987210297e-16,2.0,1,0.0,1,0.0,1,0.0,1,0.8571428571428571,1.0690449676496927,0.0,2.0,0.6428571428571429,0.35714285714285715,0.7310208850583707,0.0,2.0,2.4,0,889.49,0.0,0.0,False,False,False,True,False,False,True,False,False,False,False,False,False,False,False,False,False,False,False,False,False,False,False,False,False,False,False,False,False,False,False,False,False,True,False,False
UAE,4K Smart TV,2025-09-03,Electronics,0.0,889.49,,20.0,2.0,0.0,0.0,2,3,36,9,3,246,0,0.9749279121818236,-0.22252093395631434,-1.0,-1.8369701987210297e-16,0.0,1,0.0,1,1.0,1,0.0,1,0.8571428571428571,1.0690449676496927,0.0,2.0,0.6428571428571429,0.35714285714285715,0.7310208850583707,0.0,2.0,2.4,0,889.49,0.0,0.0,False,False,False,True,False,False,True,False,False,False,False,False,False,False,False,False,False,False,False,False,False,False,False,False,False,False,False,False,False,False,False,False,False,True,False,False
UAE,4K Smart TV,2025-09-04,Electronics,0.0,889.49,,20.0,2.0,0.0,0.0,3,4,36,9,3,247,0,0.43388373911755823,-0.900968867902419,-1.0,-1.8369701987210297e-16,0.0,1,0.0,1,0.0,1,0.0,1,0.8571428571428571,1.0690449676496927,0.0,2.0,0.5714285714285714,0.35714285714285715,0.7310208850583707,0.0,2.0,2.4,0,889.49,0.0,0.0,False,False,False,True,False,False,True,False,False,False,False,False,False,False,False,False,False,False,False,False,False,False,False,False,False,False,False,False,False,False,False,False,False,True,False,False
UAE,4K Smart TV,2025-09-05,Electronics,2.0,442.8,0.05,20.0,2.0,1.0,0.0,4,5,36,9,3,248,0,-0.433883739117558,-0.9009688679024191,-1.0,-1.8369701987210297e-16,0.0,1,2.0,1,0.0,1,0.0,1,0.8571428571428571,1.0690449676496927,0.0,2.0,0.5714285714285714,0.35714285714285715,0.7310208850583707,0.0,2.0,2.4,1,889.49,-446.69,-0.5021866462804528,False,False,False,True,False,False,True,False,False,False,False,False,False,False,False,False,False,False,False,False,False,False,False,False,False,False,False,False,False,False,False,False,False,True,False,False
UAE,4K Smart TV,2025-09-06,Electronics,0.0,442.8,,20.0,2.0,0.0,0.0,5,6,36,9,3,249,1,-0.9749279121818236,-0.2225209339563146,-1.0,-1.8369701987210297e-16,2.0,1,0.0,1,2.0,1,0.0,1,0.8571428571428571,1.0690449676496927,0.0,2.0,0.7142857142857143,0.42857142857142855,0.790151013628796,0.0,2.0,2.0,0,442.8,0.0,0.0,False,False,False,True,False,False,True,False,False,False,False,False,False,False,False,False,False,False,False,False,False,False,False,False,False,False,False,False,False,False,False,False,False,True,False,False
UAE,4K Smart TV,2025-09-07,Electronics,5.0,1103.405,0.08,20.0,2.0,1.0,0.0,6,7,36,9,3,250,1,-0.7818314824680299,0.6234898018587334,-1.0,-1.8369701987210297e-16,0.0,1,2.0,1,0.0,1,0.0,1,0.8571428571428571,1.0690449676496927,0.0,2.0,0.5714285714285714,0.42857142857142855,0.790151013628796,0.0,2.0,2.0,1,442.8,660.605,1.4918812104787715,False,False,False,True,False,False,True,False,False,False,False,False,False,False,False,False,False,False,False,False,False,False,False,False,False,False,False,False,False,False,False,False,False,True,False,False
UAE,4K Smart TV,2025-09-08,Electronics,0.0,1103.405,,20.0,2.0,0.0,0.0,0,8,37,9,3,251,0,0.0,1.0,-1.0,-1.8369701987210297e-16,5.0,1,2.0,1,0.0,1,0.0,1,1.2857142857142858,1.8898223650461332,0.0,5.0,0.9285714285714286,0.6071428571428571,1.1655323283657124,0.0,5.0,2.11764705882353,0,1103.405,0.0,0.0,False,False,False,True,False,False,True,False,False,False,False,False,False,False,False,False,False,False,False,False,False,False,False,False,False,False,False,False,False,False,False,False,False,True,False,False
UAE,4K Smart TV,2025-09-09,Electronics,0.0,1103.405,,20.0,2.0,0.0,0.0,1,9,37,9,3,252,0,0.7818314824680298,0.6234898018587336,-1.0,-1.8369701987210297e-16,0.0,1,0.0,1,0.0,1,0.0,1,1.0,1.9148542155126733,0.0,5.0,0.9285714285714286,0.6071428571428571,1.1655323283657124,0.0,5.0,1.647058823529412,0,1103.405,0.0,0.0,False,False,False,True,False,False,True,False,False,False,False,False,False,False,False,False,False,False,False,False,False,False,False,False,False,False,False,False,False,False,False,False,False,True,False,False
UAE,4K Smart TV,2025-09-10,Electronics,0.0,1103.405,,20.0,2.0,0.0,0.0,2,10,37,9,3,253,0,0.9749279121818236,-0.22252093395631434,-1.0,-1.8369701987210297e-16,0.0,1,0.0,1,0.0,1,1.0,1,1.0,1.9148542155126733,0.0,5.0,0.9285714285714286,0.6071428571428571,1.1655323283657124,0.0,5.0,1.647058823529412,0,1103.405,0.0,0.0,False,False,False,True,False,False,True,False,False,False,False,False,False,False,False,False,False,False,False,False,False,False,False,False,False,False,False,False,False,False,False,False,False,True,False,False
UAE,4K Smart TV,2025-09-11,Electronics,0.0,1103.405,,20.0,2.0,0.0,0.0,3,11,37,9,3,254,0,0.43388373911755823,-0.900968867902419,-1.0,-1.8369701987210297e-16,0.0,1,0.0,1,0.0,1,0.0,1,1.0,1.9148542155126733,0.0,5.0,0.9285714285714286,0.5714285714285714,1.1683661091795479,0.0,5.0,1.75,0,1103.405,0.0,0.0,False,False,False,True,False,False,True,False,False,False,False,False,False,False,False,False,False,False,False,False,False,False,False,False,False,False,False,False,False,False,False,False,False,True,False,False
UAE,4K Smart TV,2025-09-12,Electronics,0.0,1103.405,,20.0,2.0,0.0,0.0,4,12,37,9,3,255,0,-0.433883739117558,-0.9009688679024191,-1.0,-1.8369701987210297e-16,0.0,1,2.0,1,2.0,1,0.0,1,1.0,1.9148542155126733,0.0,5.0,0.9285714285714286,0.5714285714285714,1.1683661091795479,0.0,5.0,1.75,0,1103.405,0.0,0.0,False,False,False,True,False,False,True,False,False,False,False,False,False,False,False,False,False,False,False,False,False,False,False,False,False,False,False,False,False,False,False,False,False,True,False,False
UAE,4K Smart TV,2025-09-13,Electronics,0.0,1103.405,,20.0,2.0,0.0,0.0,5,13,37,9,3,256,1,-0.9749279121818236,-0.2225209339563146,-1.0,-1.8369701987210297e-16,0.0,1,0.0,1,0.0,1,0.0,1,0.7142857142857143,1.8898223650461334,0.0,5.0,0.7857142857142857,0.5714285714285714,1.1683661091795479,0.0,5.0,1.25,0,1103.405,0.0,0.0,False,False,False,True,False,False,True,False,False,False,False,False,False,False,False,False,False,False,False,False,False,False,False,False,False,False,False,False,False,False,False,False,False,True,False,False
UAE,4K Smart TV,2025-09-14,Electronics,0.0,1103.405,,20.0,2.0,0.0,0.0,6,14,37,9,3,257,1,-0.7818314824680299,0.6234898018587334,-1.0,-1.8369701987210297e-16,0.0,1,5.0,1,2.0,1,0.0,1,0.7142857142857143,1.8898223650461334,0.0,5.0,0.7857142857142857,0.5714285714285714,1.1683661091795479,0.0,5.0,1.25,0,1103.405,0.0,0.0,False,False,False,True,False,False,True,False,False,False,False,False,False,False,False,False,False,False,False,False,False,False,False,False,False,False,False,False,False,False,False,False,False,True,False,False
UAE,4K Smart TV,2025-09-15,Electronics,0.0,1103.405,,20.0,2.0,0.0,0.0,0,15,38,9,3,258,0,0.0,1.0,-1.0,-1.8369701987210297e-16,0.0,1,0.0,1,2.0,1,0.0,1,0.0,0.0,0.0,0.0,0.6428571428571429,0.5714285714285714,1.1683661091795479,0.0,5.0,0.0,0,1103.405,0.0,0.0,False,False,False,True,False,False,True,False,False,False,False,False,False,False,False,False,False,False,False,False,False,False,False,False,False,False,False,False,False,False,False,False,False,True,False,False
UAE,4K Smart TV,2025-09-16,Electronics,0.0,1103.405,,20.0,2.0,0.0,0.0,1,16,38,9,3,259,0,0.7818314824680298,0.6234898018587336,-1.0,-1.8369701987210297e-16,0.0,1,0.0,1,0.0,1,0.0,1,0.0,0.0,0.0,0.0,0.5,0.5714285714285714,1.1683661091795479,0.0,5.0,0.0,0,1103.405,0.0,0.0,False,False,False,True,False,False,True,False,False,False,False,False,False,False,False,False,False,False,False,False,False,False,False,False,False,False,False,False,False,False,False,False,False,True,False,False
UAE,4K Smart TV,2025-09-17,Electronics,1.0,861.45,0.08,20.0,2.0,1.0,0.0,2,17,38,9,3,260,0,0.9749279121818236,-0.22252093395631434,-1.0,-1.8369701987210297e-16,0.0,1,0.0,1,0.0,1,1.0,1,0.0,0.0,0.0,0.0,0.5,0.5714285714285714,1.1683661091795479,0.0,5.0,0.0,1,1103.405,-241.95499999999993,-0.219280318649997,False,False,False,True,False,False,True,False,False,False,False,False,False,False,False,False,False,False,False,False,False,False,False,False,False,False,False,False,False,False,False,False,False,True,False,False
UAE,4K Smart TV,2025-09-18,Electronics,0.0,861.45,,20.0,2.0,0.0,0.0,3,18,38,9,3,261,0,0.43388373911755823,-0.900968867902419,-1.0,-1.8369701987210297e-16,1.0,1,0.0,1,0.0,1,0.0,1,0.14285714285714285,0.37796447300921515,0.0,1.0,0.5714285714285714,0.5714285714285714,1.1683661091795479,0.0,5.0,0.25,0,861.45,0.0,0.0,False,False,False,True,False,False,True,False,False,False,False,False,False,False,False,False,False,False,False,False,False,False,False,False,False,False,False,False,False,False,False,False,False,True,False,False
UAE,4K Smart TV,2025-09-19,Electronics,2.0,1175.05,0.03,20.0,2.0,1.0,0.0,4,19,38,9,3,262,0,-0.433883739117558,-0.9009688679024191,-1.0,-1.8369701987210297e-16,0.0,1,0.0,1,2.0,1,0.0,1,0.14285714285714285,0.37796447300921515,0.0,1.0,0.5714285714285714,0.5714285714285714,1.1683661091795479,0.0,5.0,0.25,1,861.45,313.5999999999999,0.3640373788380056,False,False,False,True,False,False,True,False,False,False,False,False,False,False,False,False,False,False,False,False,False,False,False,False,False,False,False,False,False,False,False,False,False,True,False,False
UAE,4K Smart TV,2025-09-20,Electronics,0.0,1175.05,,20.0,2.0,0.0,0.0,5,20,38,9,3,263,1,-0.9749279121818236,-0.2225209339563146,-1.0,-1.8369701987210297e-16,2.0,1,0.0,1,0.0,1,2.0,1,0.42857142857142855,0.786795792469437,0.0,2.0,0.5714285714285714,0.6428571428571429,1.1930131697849835,0.0,5.0,0.6666666666666666,0,1175.05,0.0,0.0,False,False,False,True,False,False,True,False,False,False,False,False,False,False,False,False,False,False,False,False,False,False,False,False,False,False,False,False,False,False,False,False,False,True,False,False
UAE,4K Smart TV,2025-09-21,Electronics,0.0,1175.05,,20.0,2.0,0.0,0.0,6,21,38,9,3,264,1,-0.7818314824680299,0.6234898018587334,-1.0,-1.8369701987210297e-16,0.0,1,0.0,1,5.0,1,0.0,1,0.42857142857142855,0.786795792469437,0.0,2.0,0.5714285714285714,0.5714285714285714,1.1683661091795479,0.0,5.0,0.75,0,1175.05,0.0,0.0,False,False,False,True,False,False,True,False,False,False,False,False,False,False,False,False,False,False,False,False,False,False,False,False,False,False,False,False,False,False,False,False,False,True,False,False
UAE,4K Smart TV,2025-09-22,Electronics,0.0,1175.05,,20.0,2.0,0.0,0.0,0,22,39,9,3,265,0,0.0,1.0,-1.0,-1.8369701987210297e-16,0.0,1,0.0,1,0.0,1,0.0,1,0.42857142857142855,0.786795792469437,0.0,2.0,0.21428571428571427,0.5714285714285714,1.1683661091795479,0.0,5.0,0.75,0,1175.05,0.0,0.0,False,False,False,True,False,False,True,False,False,False,False,False,False,False,False,False,False,False,False,False,False,False,False,False,False,False,False,False,False,False,False,False,False,True,False,False
UAE,4K Smart TV,2025-09-23,Electronics,0.0,1175.05,,20.0,2.0,0.0,0.0,1,23,39,9,3,266,0,0.7818314824680298,0.6234898018587336,-1.0,-1.8369701987210297e-16,0.0,1,0.0,1,0.0,1,0.0,1,0.42857142857142855,0.786795792469437,0.0,2.0,0.21428571428571427,0.5714285714285714,1.1683661091795479,0.0,5.0,0.75,0,1175.05,0.0,0.0,False,False,False,True,False,False,True,False,False,False,False,False,False,False,False,False,False,False,False,False,False,False,False,False,False,False,False,False,False,False,False,False,False,True,False,False
UAE,4K Smart TV,2025-09-24,Electronics,2.0,1490.85,0.03,20.0,2.0,1.0,0.0,2,24,39,9,3,267,0,0.9749279121818236,-0.22252093395631434,-1.0,-1.8369701987210297e-16,0.0,1,1.0,1,0.0,1,0.0,1,0.42857142857142855,0.786795792469437,0.0,2.0,0.21428571428571427,0.5714285714285714,1.1683661091795479,0.0,5.0,0.75,1,1175.05,315.79999999999995,0.26875452108420916,False,False,False,True,False,False,True,False,False,False,False,False,False,False,False,False,False,False,False,False,False,False,False,False,False,False,False,False,False,False,False,False,False,True,False,False
UAE,4K Smart TV,2025-09-25,Electronics,0.0,1490.85,,20.0,2.0,0.0,0.0,3,25,39,9,3,268,0,0.43388373911755823,-0.900968867902419,-1.0,-1.8369701987210297e-16,2.0,1,0.0,1,0.0,1,0.0,1,0.5714285714285714,0.9759000729485281,0.0,2.0,0.35714285714285715,0.6428571428571429,1.1930131697849835,0.0,5.0,0.8888888888888887,0,1490.85,0.0,0.0,False,False,False,True,False,False,True,False,False,False,False,False,False,False,False,False,False,False,False,False,False,False,False,False,False,False,False,False,False,False,False,False,False,True,False,False
UAE,4K Smart TV,2025-09-26,Electronics,0.0,1490.85,,20.0,2.0,0.0,0.0,4,26,39,9,3,269,0,-0.433883739117558,-0.9009688679024191,-1.0,-1.8369701987210297e-16,0.0,1,2.0,1,0.0,1,2.0,1,0.5714285714285714,0.9759000729485281,0.0,2.0,0.35714285714285715,0.6428571428571429,1.1930131697849835,0.0,5.0,0.8888888888888887,0,1490.85,0.0,0.0,False,False,False,True,False,False,True,False,False,False,False,False,False,False,False,False,False,False,False,False,False,False,False,False,False,False,False,False,False,False,False,False,False,True,False,False
UAE,4K Smart TV,2025-09-27,Electronics,1.0,1081.71,0.09,20.0,2.0,1.0,0.0,5,27,39,9,3,270,1,-0.9749279121818236,-0.2225209339563146,-1.0,-1.8369701987210297e-16,0.0,1,0.0,1,0.0,1,0.0,1,0.2857142857142857,0.7559289460184482,0.0,2.0,0.35714285714285715,0.5714285714285714,1.1683661091795479,0.0,5.0,0.5,1,1490.85,-409.1399999999999,-0.2744340476909145,False,False,False,True,False,False,True,False,False,False,False,False,False,False,False,False,False,False,False,False,False,False,False,False,False,False,False,False,False,False,False,False,False,True,False,False
UAE,4K Smart TV,2025-09-28,Electronics,6.0,831.0450000000001,0.11,20.0,2.0,1.0,0.0,6,28,39,9,3,271,1,-0.7818314824680299,0.6234898018587334,-1.0,-1.8369701987210297e-16,1.0,1,0.0,1,0.0,1,2.0,1,0.42857142857142855,0.786795792469437,0.0,2.0,0.42857142857142855,0.6071428571428571,1.1655323283657124,0.0,5.0,0.7058823529411765,1,1081.71,-250.66499999999996,-0.2317303158887317,False,False,False,True,False,False,True,False,False,False,False,False,False,False,False,False,False,False,False,False,False,False,False,False,False,False,False,False,False,False,False,False,False,True,False,False
UAE,4K Smart TV,2025-09-29,Electronics,3.0,1353.34,0.12,20.0,2.0,1.0,0.0,0,29,40,9,3,272,0,0.0,1.0,-1.0,-1.8369701987210297e-16,6.0,1,0.0,1,0.0,1,2.0,1,1.2857142857142858,2.2146697055682805,0.0,6.0,0.8571428571428571,0.75,1.530553034883987,0.0,6.0,1.7142857142857144,1,831.0450000000001,522.2949999999998,0.6284798055460291,False,False,False,True,False,False,True,False,False,False,False,False,False,False,False,False,False,False,False,False,False,False,False,False,False,False,False,False,False,False,False,False,False,True,False,False
UAE,4K Smart TV,2025-09-30,Electronics,0.0,1353.34,,20.0,2.0,0.0,0.0,1,30,40,9,3,273,0,0.7818314824680298,0.6234898018587336,-1.0,-1.8369701987210297e-16,3.0,1,0.0,1,0.0,1,0.0,1,1.7142857142857142,2.21466970556828,0.0,6.0,1.0714285714285714,0.7857142857142857,1.5719094983170825,0.0,6.0,2.1818181818181817,0,1353.34,0.0,0.0,False,False,False,True,False,False,True,False,False,False,False,False,False,False,False,False,False,False,False,False,False,False,False,False,False,False,False,False,False,False,False,False,False,True,False,False
UAE,4K Smart TV,2025-10-01,Electronics,0.0,1353.34,,20.0,2.0,0.0,0.0,2,1,40,10,4,274,0,0.9749279121818236,-0.22252093395631434,-0.8660254037844386,0.5000000000000001,0.0,1,2.0,1,1.0,1,0.0,1,1.7142857142857142,2.21466970556828,0.0,6.0,1.0714285714285714,0.7857142857142857,1.5719094983170825,0.0,6.0,2.1818181818181817,0,1353.34,0.0,0.0,False,False,False,True,False,False,True,False,False,False,False,False,False,False,False,False,False,False,False,False,False,False,False,False,False,False,False,False,False,False,False,False,False,True,False,False
UAE,4K Smart TV,2025-10-02,Electronics,1.0,1369.15,0.04,20.0,2.0,1.0,0.0,3,2,40,10,4,275,0,0.43388373911755823,-0.900968867902419,-0.8660254037844386,0.5000000000000001,0.0,1,0.0,1,0.0,1,0.0,1,1.4285714285714286,2.2990681342044375,0.0,6.0,1.0,0.7857142857142857,1.5719094983170825,0.0,6.0,1.8181818181818183,1,1353.34,15.810000000000173,0.011682208462027409,False,False,False,True,False,False,True,False,False,False,False,False,False,False,False,False,False,False,False,False,False,False,False,False,False,False,False,False,False,False,False,False,False,True,False,False
UAE,4K Smart TV,2025-10-03,Electronics,0.0,1369.15,,20.0,2.0,0.0,0.0,4,3,40,10,4,276,0,-0.433883739117558,-0.9009688679024191,-0.8660254037844386,0.5000000000000001,1.0,1,0.0,1,2.0,1,2.0,1,1.5714285714285714,2.2253945610567447,0.0,6.0,1.0714285714285714,0.8214285714285714,1.5647404572045456,0.0,6.0,1.9130434782608696,0,1369.15,0.0,0.0,False,False,False,True,False,False,True,False,False,False,False,False,False,False,False,False,False,False,False,False,False,False,False,False,False,False,False,False,False,False,False,False,False,True,False,False
UAE,4K Smart TV,2025-10-04,Electronics,0.0,1369.15,,20.0,2.0,0.0,0.0,5,4,40,10,4,277,1,-0.9749279121818236,-0.2225209339563146,-0.8660254037844386,0.5000000000000001,0.0,1,1.0,1,0.0,1,0.0,1,1.5714285714285714,2.2253945610567447,0.0,6.0,0.9285714285714286,0.75,1.5545631755147997,0.0,6.0,2.0952380952380953,0,1369.15,0.0,0.0,False,False,False,True,False,False,True,False,False,False,False,False,False,False,False,False,False,False,False,False,False,False,False,False,False,False,False,False,False,False,False,False,False,True,False,False
UAE,4K Smart TV,2025-10-05,Electronics,0.0,1369.15,,20.0,2.0,0.0,0.0,6,5,40,10,4,278,1,-0.7818314824680299,0.6234898018587334,-0.8660254037844386,0.5000000000000001,0.0,1,6.0,1,0.0,1,5.0,1,1.4285714285714286,2.2990681342044375,0.0,6.0,0.9285714285714286,0.75,1.5545631755147997,0.0,6.0,1.9047619047619049,0,1369.15,0.0,0.0,False,False,False,True,False,False,True,False,False,False,False,False,False,False,False,False,False,False,False,False,False,False,False,False,False,False,False,False,False,False,False,False,False,True,False,False
UAE,4K Smart TV,2025-10-06,Electronics,0.0,1369.15,,20.0,2.0,0.0,0.0,0,6,41,10,4,279,0,0.0,1.0,-0.8660254037844386,0.5000000000000001,0.0,1,3.0,1,0.0,1,0.0,1,0.5714285714285714,1.1338934190276775,0.0,3.0,0.9285714285714286,0.5714285714285714,1.3173646934124683,0.0,6.0,1.0,0,1369.15,0.0,0.0,False,False,False,True,False,False,True,False,False,False,False,False,False,False,False,False,False,False,False,False,False,False,False,False,False,False,False,False,False,False,False,False,False,True,False,False
UAE,4K Smart TV,2025-10-07,Electronics,3.0,439.505,0.13,20.0,2.0,1.0,0.0,1,7,41,10,4,280,0,0.7818314824680298,0.6234898018587336,-0.8660254037844386,0.5000000000000001,0.0,1,0.0,1,0.0,1,0.0,1,0.14285714285714285,0.3779644730092161,0.0,1.0,0.9285714285714286,0.5714285714285714,1.3173646934124683,0.0,6.0,0.25,1,1369.15,-929.6450000000001,-0.6789942665157215,False,False,False,True,False,False,True,False,False,False,False,False,False,False,False,False,False,False,False,False,False,False,False,False,False,False,False,False,False,False,False,False,False,True,False,False
UAE,4K Smart TV,2025-10-08,Electronics,0.0,439.505,,20.0,2.0,0.0,0.0,2,8,41,10,4,281,0,0.9749279121818236,-0.22252093395631434,-0.8660254037844386,0.5000000000000001,3.0,1,0.0,1,2.0,1,0.0,1,0.5714285714285714,1.1338934190276775,0.0,3.0,1.1428571428571428,0.6785714285714286,1.3892063129334575,0.0,6.0,0.8421052631578947,0,439.505,0.0,0.0,False,False,False,True,False,False,True,False,False,False,False,False,False,False,False,False,False,False,False,False,False,False,False,False,False,False,False,False,False,False,False,False,False,True,False,False
UAE,4K Smart TV,2025-10-09,Electronics,3.0,1200.96,0.04,20.0,2.0,1.0,0.0,3,9,41,10,4,282,0,0.43388373911755823,-0.900968867902419,-0.8660254037844386,0.5000000000000001,0.0,1,1.0,1,0.0,1,0.0,1,0.5714285714285714,1.1338934190276775,0.0,3.0,1.0,0.6785714285714286,1.3892063129334575,0.0,6.0,0.8421052631578947,1,439.505,761.455,1.7325286401747422,False,False,False,True,False,False,True,False,False,False,False,False,False,False,False,False,False,False,False,False,False,False,False,False,False,False,False,False,False,False,False,False,False,True,False,False
UAE,4K Smart TV,2025-10-10,Electronics,0.0,1200.96,,20.0,2.0,0.0,0.0,4,10,41,10,4,283,0,-0.433883739117558,-0.9009688679024191,-0.8660254037844386,0.5000000000000001,3.0,1,0.0,1,0.0,1,0.0,1,0.8571428571428571,1.4638501094227965,0.0,3.0,1.2142857142857142,0.7857142857142857,1.4493202201477395,0.0,6.0,1.0909090909090908,0,1200.96,0.0,0.0,False,False,False,True,False,False,True,False,False,False,False,False,False,False,False,False,False,False,False,False,False,False,False,False,False,False,False,False,False,False,False,False,False,True,False,False
UAE,4K Smart TV,2025-10-11,Electronics,2.0,272.18,0.13,20.0,2.0,1.0,0.0,5,11,41,10,4,284,1,-0.9749279121818236,-0.2225209339563146,-0.8660254037844386,0.5000000000000001,0.0,1,0.0,1,1.0,1,0.0,1,0.8571428571428571,1.4638501094227965,0.0,3.0,1.2142857142857142,0.7857142857142857,1.4493202201477395,0.0,6.0,1.0909090909090908,1,1200.96,-928.78,-0.7733646416200373,False,False,False,True,False,False,True,False,False,False,False,False,False,False,False,False,False,False,False,False,False,False,False,False,False,False,False,False,False,False,False,False,False,True,False,False
UAE,4K Smart TV,2025-10-12,Electronics,1.0,1119.86,0.07,20.0,2.0,1.0,0.0,6,12,41,10,4,285,1,-0.7818314824680299,0.6234898018587334,-0.8660254037844386,0.5000000000000001,2.0,1,0.0,1,6.0,1,0.0,1,1.1428571428571428,1.463850109422796,0.0,3.0,1.2857142857142858,0.8571428571428571,1.4584183648679547,0.0,6.0,1.3333333333333333,1,272.18,847.6799999999998,3.114409581894334,False,False,False,True,False,False,True,False,False,False,False,False,False,False,False,False,False,False,False,False,False,False,False,False,False,False,False,False,False,False,False,False,False,True,False,False
UAE,4K Smart TV,2025-10-13,Electronics,0.0,1119.86,,20.0,2.0,0.0,0.0,0,13,42,10,4,286,0,0.0,1.0,-0.8660254037844386,0.5000000000000001,1.0,1,0.0,1,3.0,1,0.0,1,1.2857142857142858,1.3801311186847045,0.0,3.0,0.9285714285714286,0.8928571428571429,1.448863813202035,0.0,6.0,1.44,0,1119.86,0.0,0.0,False,False,False,True,False,False,True,False,False,False,False,False,False,False,False,False,False,False,False,False,False,False,False,False,False,False,False,False,False,False,False,False,False,True,False,False
UAE,4K Smart TV,2025-10-14,Electronics,0.0,1119.86,,20.0,2.0,0.0,0.0,1,14,42,10,4,287,0,0.7818314824680298,0.6234898018587336,-0.8660254037844386,0.5000000000000001,0.0,1,3.0,1,0.0,1,0.0,1,1.2857142857142858,1.3801311186847045,0.0,3.0,0.7142857142857143,0.8928571428571429,1.448863813202035,0.0,6.0,1.44,0,1119.86,0.0,0.0,False,False,False,True,False,False,True,False,False,False,False,False,False,False,False,False,False,False,False,False,False,False,False,False,False,False,False,False,False,False,False,False,False,True,False,False
UAE,4K Smart TV,2025-10-15,Electronics,0.0,1119.86,,20.0,2.0,0.0,0.0,2,15,42,10,4,288,0,0.9749279121818236,-0.22252093395631434,-0.8660254037844386,0.5000000000000001,0.0,1,0.0,1,0.0,1,1.0,1,0.8571428571428571,1.2149857925879077,0.0,3.0,0.7142857142857143,0.8928571428571429,1.448863813202035,0.0,6.0,0.9599999999999999,0,1119.86,0.0,0.0,False,False,False,True,False,False,True,False,False,False,False,False,False,False,False,False,False,False,False,False,False,False,False,False,False,False,False,False,False,False,False,False,False,True,False,False
UAE,4K Smart TV,2025-10-16,Electronics,3.0,440.69,0.03,20.0,2.0,1.0,0.0,3,16,42,10,4,289,0,0.43388373911755823,-0.900968867902419,-0.8660254037844386,0.5000000000000001,0.0,1,3.0,1,1.0,1,0.0,1,0.8571428571428571,1.2149857925879077,0.0,3.0,0.7142857142857143,0.8571428571428571,1.4584183648679547,0.0,6.0,1.0,1,1119.86,-679.1699999999998,-0.6064775954137124,False,False,False,True,False,False,True,False,False,False,False,False,False,False,False,False,False,False,False,False,False,False,False,False,False,False,False,False,False,False,False,False,False,True,False,False
UAE,4K Smart TV,2025-10-17,Electronics,0.0,440.69,,20.0,2.0,0.0,0.0,4,17,42,10,4,290,0,-0.433883739117558,-0.9009688679024191,-0.8660254037844386,0.5000000000000001,3.0,1,0.0,1,0.0,1,2.0,1,0.8571428571428571,1.2149857925879077,0.0,3.0,0.8571428571428571,0.9642857142857143,1.5026431738561556,0.0,6.0,0.8888888888888888,0,440.69,0.0,0.0,False,False,False,True,False,False,True,False,False,False,False,False,False,False,False,False,False,False,False,False,False,False,False,False,False,False,False,False,False,False,False,False,False,True,False,False
UAE,4K Smart TV,2025-10-18,Electronics,0.0,440.69,,20.0,2.0,0.0,0.0,5,18,42,10,4,291,1,-0.9749279121818236,-0.2225209339563146,-0.8660254037844386,0.5000000000000001,0.0,1,2.0,1,0.0,1,0.0,1,0.8571428571428571,1.2149857925879077,0.0,3.0,0.8571428571428571,0.8928571428571429,1.499117906421803,0.0,6.0,0.9599999999999999,0,440.69,0.0,0.0,False,False,False,True,False,False,True,False,False,False,False,False,False,False,False,False,False,False,False,False,False,False,False,False,False,False,False,False,False,False,False,False,False,True,False,False
UAE,4K Smart TV,2025-10-19,Electronics,0.0,440.69,,20.0,2.0,0.0,0.0,6,19,42,10,4,292,1,-0.7818314824680299,0.6234898018587334,-0.8660254037844386,0.5000000000000001,0.0,1,1.0,1,0.0,1,0.0,1,0.5714285714285714,1.1338934190276777,0.0,3.0,0.8571428571428571,0.8928571428571429,1.499117906421803,0.0,6.0,0.6399999999999999,0,440.69,0.0,0.0,False,False,False,True,False,False,True,False,False,False,False,False,False,False,False,False,False,False,False,False,False,False,False,False,False,False,False,False,False,False,False,False,False,True,False,False
UAE,4K Smart TV,2025-10-20,Electronics,2.0,1432.42,0.04,20.0,2.0,1.0,0.0,0,20,43,10,4,293,0,0.0,1.0,-0.8660254037844386,0.5000000000000001,0.0,1,0.0,1,0.0,1,0.0,1,0.42857142857142855,1.1338934190276777,0.0,3.0,0.8571428571428571,0.8928571428571429,1.499117906421803,0.0,6.0,0.4799999999999999,1,440.69,991.73,2.2504027774626154,False,False,False,True,False,False,True,False,False,False,False,False,False,False,False,False,False,False,False,False,False,False,False,False,False,False,False,False,False,False,False,False,False,True,False,False
UAE,4K Smart TV,2025-10-21,Electronics,0.0,1432.42,,20.0,2.0,0.0,0.0,1,21,43,10,4,294,0,0.7818314824680298,0.6234898018587336,-0.8660254037844386,0.5000000000000001,2.0,1,0.0,1,3.0,1,0.0,1,0.7142857142857143,1.2535663410560136,0.0,3.0,1.0,0.9642857142857143,1.5026431738561556,0.0,6.0,0.7407407407407407,0,1432.42,0.0,0.0,False,False,False,True,False,False,True,False,False,False,False,False,False,False,False,False,False,False,False,False,False,False,False,False,False,False,False,False,False,False,False,False,False,True,False,False
UAE,4K Smart TV,2025-10-22,Electronics,5.0,780.4250000000001,0.03,20.0,2.0,1.0,0.0,2,22,43,10,4,295,0,0.9749279121818236,-0.22252093395631434,-0.8660254037844386,0.5000000000000001,0.0,1,0.0,1,0.0,1,2.0,1,0.7142857142857143,1.2535663410560136,0.0,3.0,0.7857142857142857,0.9642857142857143,1.5026431738561556,0.0,6.0,0.7407407407407407,1,1432.42,-651.995,-0.455170271289147,False,False,False,True,False,False,True,False,False,False,False,False,False,False,False,False,False,False,False,False,False,False,False,False,False,False,False,False,False,False,False,False,False,True,False,False
UAE,4K Smart TV,2025-10-23,Electronics,2.0,1273.52,0.02,20.0,2.0,1.0,0.0,3,23,43,10,4,296,0,0.43388373911755823,-0.900968867902419,-0.8660254037844386,0.5000000000000001,5.0,1,3.0,1,3.0,1,0.0,1,1.4285714285714286,1.988059594776007,0.0,5.0,1.1428571428571428,1.0714285714285714,1.6761634196950495,0.0,6.0,1.3333333333333335,1,780.4250000000001,493.0949999999999,0.6318288112246531,False,False,False,True,False,False,True,False,False,False,False,False,False,False,False,False,False,False,False,False,False,False,False,False,False,False,False,False,False,False,False,False,False,True,False,False
UAE,4K Smart TV,2025-10-24,Electronics,0.0,1273.52,,20.0,2.0,0.0,0.0,4,24,43,10,4,297,0,-0.433883739117558,-0.9009688679024191,-0.8660254037844386,0.5000000000000001,2.0,1,0.0,1,0.0,1,0.0,1,1.2857142857142858,1.8898223650461332,0.0,5.0,1.0714285714285714,1.1428571428571428,1.6714217880746878,0.0,6.0,1.1250000000000002,0,1273.52,0.0,0.0,False,False,False,True,False,False,True,False,False,False,False,False,False,False,False,False,False,False,False,False,False,False,False,False,False,False,False,False,False,False,False,False,False,True,False,False
UAE,4K Smart TV,2025-10-25,Electronics,0.0,1273.52,,20.0,2.0,0.0,0.0,5,25,43,10,4,298,1,-0.9749279121818236,-0.2225209339563146,-0.8660254037844386,0.5000000000000001,0.0,1,0.0,1,2.0,1,1.0,1,1.2857142857142858,1.8898223650461332,0.0,5.0,1.0714285714285714,1.1428571428571428,1.6714217880746878,0.0,6.0,1.1250000000000002,0,1273.52,0.0,0.0,False,False,False,True,False,False,True,False,False,False,False,False,False,False,False,False,False,False,False,False,False,False,False,False,False,False,False,False,False,False,False,False,False,True,False,False
UAE,4K Smart TV,2025-10-26,Electronics,2.0,1177.9,0.11,20.0,2.0,1.0,0.0,6,26,43,10,4,299,1,-0.7818314824680299,0.6234898018587334,-0.8660254037844386,0.5000000000000001,0.0,1,0.0,1,1.0,1,6.0,1,1.2857142857142858,1.8898223650461332,0.0,5.0,0.9285714285714286,1.1071428571428572,1.6852142563920713,0.0,6.0,1.1612903225806452,1,1273.52,-95.61999999999989,-0.07508323387147425,False,False,False,True,False,False,True,False,False,False,False,False,False,False,False,False,False,False,False,False,False,False,False,False,False,False,False,False,False,False,False,False,False,True,False,False
UAE,4K Smart TV,2025-10-27,Electronics,0.0,1177.9,,20.0,2.0,0.0,0.0,0,27,44,10,4,300,0,0.0,1.0,-0.8660254037844386,0.5000000000000001,2.0,1,2.0,1,0.0,1,3.0,1,1.5714285714285714,1.8126539343499282,0.0,5.0,1.0,0.9642857142857143,1.4005856673692627,0.0,5.0,1.6296296296296295,0,1177.9,0.0,0.0,False,False,False,True,False,False,True,False,False,False,False,False,False,False,False,False,False,False,False,False,False,False,False,False,False,False,False,False,False,False,False,False,False,True,False,False
UAE,4K Smart TV,2025-10-28,Electronics,0.0,1177.9,,20.0,2.0,0.0,0.0,1,28,44,10,4,301,0,0.7818314824680298,0.6234898018587336,-0.8660254037844386,0.5000000000000001,0.0,1,0.0,1,0.0,1,0.0,1,1.2857142857142858,1.8898223650461332,0.0,5.0,1.0,0.8571428571428571,1.3530291315000655,0.0,5.0,1.5000000000000002,0,1177.9,0.0,0.0,False,False,False,True,False,False,True,False,False,False,False,False,False,False,False,False,False,False,False,False,False,False,False,False,False,False,False,False,False,False,False,False,False,True,False,False
UAE,4K Smart TV,2025-10-29,Electronics,2.0,1387.74,0.06,20.0,2.0,1.0,0.0,2,29,44,10,4,302,0,0.9749279121818236,-0.22252093395631434,-0.8660254037844386,0.5000000000000001,0.0,1,5.0,1,0.0,1,0.0,1,1.2857142857142858,1.8898223650461332,0.0,5.0,1.0,0.8571428571428571,1.3530291315000655,0.0,5.0,1.5000000000000002,1,1177.9,209.83999999999992,0.178147550725868,False,False,False,True,False,False,True,False,False,False,False,False,False,False,False,False,False,False,False,False,False,False,False,False,False,False,False,False,False,False,False,False,False,True,False,False
UAE,4K Smart TV,2025-10-30,Electronics,0.0,1387.74,,20.0,2.0,0.0,0.0,3,30,44,10,4,303,0,0.43388373911755823,-0.900968867902419,-0.8660254037844386,0.5000000000000001,2.0,1,2.0,1,3.0,1,1.0,1,0.8571428571428571,1.069044967649693,0.0,2.0,1.1428571428571428,0.9285714285714286,1.3588822048142504,0.0,5.0,0.923076923076923,0,1387.74,0.0,0.0,False,False,False,True,False,False,True,False,False,False,False,False,False,False,False,False,False,False,False,False,False,False,False,False,False,False,False,False,False,False,False,False,False,True,False,False
UAE,4K Smart TV,2025-10-31,Electronics,5.0,1332.79,0.08,20.0,2.0,1.0,0.0,4,31,44,10,4,304,0,-0.433883739117558,-0.9009688679024191,-0.8660254037844386,0.5000000000000001,0.0,1,0.0,1,0.0,1,0.0,1,0.5714285714285714,0.9759000729485283,0.0,2.0,0.9285714285714286,0.8928571428571429,1.370030702934835,0.0,5.0,0.6399999999999999,1,1387.74,-54.950000000000045,-0.03959675443526889,False,False,False,True,False,False,True,False,False,False,False,False,False,False,False,False,False,False,False,False,False,False,False,False,False,False,False,False,False,False,False,False,False,True,False,False
UAE,4K Smart TV,2025-11-01,Electronics,2.0,1170.11,0.22,20.0,2.0,1.0,0.0,5,1,44,11,4,305,1,-0.9749279121818236,-0.2225209339563146,-0.5000000000000004,0.8660254037844384,5.0,1,0.0,1,0.0,1,0.0,1,1.2857142857142858,1.8898223650461332,0.0,5.0,1.2857142857142858,1.0714285714285714,1.5617789341495905,0.0,5.0,1.2000000000000002,1,1332.79,-162.68000000000006,-0.12205973934378264,False,False,False,True,False,False,True,False,False,False,False,False,False,False,False,False,False,False,False,False,False,False,False,False,False,False,False,False,False,False,False,False,False,True,False,False
UAE,4K Smart TV,2025-11-02,Electronics,7.0,970.18,0.3,20.0,2.0,1.0,0.0,6,2,44,11,4,306,1,-0.7818314824680299,0.6234898018587334,-0.5000000000000004,0.8660254037844384,2.0,1,2.0,1,0.0,1,0.0,1,1.5714285714285714,1.8126539343499282,0.0,5.0,1.4285714285714286,1.1428571428571428,1.5566889295168815,0.0,5.0,1.375,1,1170.11,-199.92999999999995,-0.17086427771747953,False,False,False,True,False,False,True,False,False,False,False,False,False,False,False,False,False,False,False,False,False,False,False,False,False,False,False,False,False,False,False,False,False,True,False,False
UAE,4K Smart TV,2025-11-03,Electronics,5.0,1233.32,0.28,20.0,2.0,1.0,0.0,0,3,45,11,4,307,0,0.0,1.0,-0.5000000000000004,0.8660254037844384,7.0,1,0.0,1,2.0,1,0.0,1,2.2857142857142856,2.7516228977511723,0.0,7.0,1.9285714285714286,1.3928571428571428,1.8922705490198337,0.0,7.0,1.641025641025641,1,970.18,263.14,0.27122801954276526,False,False,False,True,False,False,True,False,False,False,False,False,False,False,False,False,False,False,False,False,False,False,False,False,False,False,False,False,False,False,False,False,False,True,False,False
UAE,4K Smart TV,2025-11-04,Electronics,5.0,1085.58,0.23,20.0,2.0,1.0,0.0,1,4,45,11,4,308,0,0.7818314824680298,0.6234898018587336,-0.5000000000000004,0.8660254037844384,5.0,1,0.0,1,0.0,1,3.0,1,3.0,2.7080128015453173,0.0,7.0,2.142857142857143,1.5714285714285714,1.9893898455737504,0.0,7.0,1.9090909090909092,1,1233.32,-147.74,-0.11979048422145105,False,False,False,True,False,False,True,False,False,False,False,False,False,False,False,False,False,False,False,False,False,False,False,False,False,False,False,False,False,False,False,False,False,True,False,False
UAE,4K Smart TV,2025-11-05,Electronics,0.0,1085.58,,20.0,2.0,0.0,0.0,2,5,45,11,4,309,0,0.9749279121818236,-0.22252093395631434,-0.5000000000000004,0.8660254037844384,5.0,1,2.0,1,5.0,1,0.0,1,3.7142857142857144,2.429971585175821,0.0,7.0,2.5,1.6428571428571428,2.0765763439299083,0.0,7.0,2.2608695652173916,0,1085.58,0.0,0.0,False,False,False,True,False,False,True,False,False,False,False,False,False,False,False,False,False,False,False,False,False,False,False,False,False,False,False,False,False,False,False,False,False,True,False,False
UAE,4K Smart TV,2025-11-06,Electronics,4.0,578.07,0.28,20.0,2.0,1.0,0.0,3,6,45,11,4,310,0,0.43388373911755823,-0.900968867902419,-0.5000000000000004,0.8660254037844384,0.0,1,0.0,1,2.0,1,3.0,1,3.4285714285714284,2.7602622373694143,0.0,7.0,2.142857142857143,1.6428571428571428,2.0765763439299083,0.0,7.0,2.0869565217391304,1,1085.58,-507.5099999999999,-0.4675012435748631,False,False,False,True,False,False,True,False,False,False,False,False,False,False,False,False,False,False,False,False,False,False,False,False,False,False,False,False,False,False,False,False,False,True,False,False
UAE,4K Smart TV,2025-11-07,Electronics,7.0,585.8,0.21,20.0,2.0,1.0,0.0,4,7,45,11,4,311,0,-0.433883739117558,-0.9009688679024191,-0.5000000000000004,0.8660254037844384,4.0,1,5.0,1,0.0,1,0.0,1,4.0,2.3094010767585,0.0,7.0,2.2857142857142856,1.6785714285714286,2.1091260508591447,0.0,7.0,2.382978723404255,1,578.07,7.7299999999999045,0.013372082965730628,False,False,False,True,False,False,True,False,False,False,False,False,False,False,False,False,False,False,False,False,False,False,False,False,False,False,False,False,False,False,False,False,False,True,False,False
UAE,4K Smart TV,2025-11-08,Electronics,0.0,585.8,,20.0,2.0,0.0,0.0,5,8,45,11,4,312,1,-0.9749279121818236,-0.2225209339563146,-0.5000000000000004,0.8660254037844384,7.0,1,2.0,1,0.0,1,2.0,1,4.285714285714286,2.56347977784662,0.0,7.0,2.7857142857142856,1.9285714285714286,2.3082552562579215,0.0,7.0,2.2222222222222223,0,585.8,0.0,0.0,False,False,False,True,False,False,True,False,False,False,False,False,False,False,False,False,False,False,False,False,False,False,False,False,False,False,False,False,False,False,False,False,False,True,False,False
UAE,4K Smart TV,2025-11-09,Electronics,0.0,585.8,,20.0,2.0,0.0,0.0,6,9,45,11,4,313,1,-0.7818314824680299,0.6234898018587334,-0.5000000000000004,0.8660254037844384,0.0,1,7.0,1,2.0,1,1.0,1,4.0,2.9439202887759466,0.0,7.0,2.7857142857142856,1.8571428571428572,2.336732218359103,0.0,7.0,2.1538461538461537,0,585.8,0.0,0.0,False,False,False,True,False,False,True,False,False,False,False,False,False,False,False,False,False,False,False,False,False,False,False,False,False,False,False,False,False,False,False,False,False,True,False,False
UAE,4K Smart TV,2025-11-10,Electronics,5.0,1418.95,0.27,20.0,2.0,1.0,0.0,0,10,46,11,4,314,0,0.0,1.0,-0.5000000000000004,0.8660254037844384,0.0,1,5.0,1,0.0,1,0.0,1,3.0,2.943920288775947,0.0,7.0,2.642857142857143,1.8214285714285714,2.3578642474756264,0.0,7.0,1.6470588235294117,1,585.8,833.1500000000001,1.4222430863776034,False,False,False,True,False,False,True,False,False,False,False,False,False,False,False,False,False,False,False,False,False,False,False,False,False,False,False,False,False,False,False,False,False,True,False,False
UAE,4K Smart TV,2025-11-11,Electronics,0.0,1418.95,,20.0,2.0,0.0,0.0,1,11,46,11,4,315,0,0.7818314824680298,0.6234898018587336,-0.5000000000000004,0.8660254037844384,5.0,1,5.0,1,0.0,1,0.0,1,3.0,2.943920288775947,0.0,7.0,3.0,2.0,2.403700850309325,0.0,7.0,1.5,0,1418.95,0.0,0.0,False,False,False,True,False,False,True,False,False,False,False,False,False,False,False,False,False,False,False,False,False,False,False,False,False,False,False,False,False,False,False,False,False,True,False,False
UAE,4K Smart TV,2025-11-12,Electronics,0.0,1418.95,,20.0,2.0,0.0,0.0,2,12,46,11,4,316,0,0.9749279121818236,-0.22252093395631434,-0.5000000000000004,0.8660254037844384,0.0,1,0.0,1,2.0,1,0.0,1,2.2857142857142856,2.9840847683606264,0.0,7.0,3.0,2.0,2.403700850309325,0.0,7.0,1.1428571428571428,0,1418.95,0.0,0.0,False,False,False,True,False,False,True,False,False,False,False,False,False,False,False,False,False,False,False,False,False,False,False,False,False,False,False,False,False,False,False,False,False,True,False,False
UAE,4K Smart TV,2025-11-13,Electronics,3.0,898.7,0.26,20.0,2.0,1.0,0.0,3,13,46,11,4,317,0,0.43388373911755823,-0.900968867902419,-0.5000000000000004,0.8660254037844384,0.0,1,4.0,1,0.0,1,3.0,1,2.2857142857142856,2.9840847683606264,0.0,7.0,2.857142857142857,2.0,2.403700850309325,0.0,7.0,1.1428571428571428,1,1418.95,-520.25,-0.36664434969519716,False,False,False,True,False,False,True,False,False,False,False,False,False,False,False,False,False,False,False,False,False,False,False,False,False,False,False,False,False,False,False,False,False,True,False,False
UAE,4K Smart TV,2025-11-14,Electronics,0.0,898.7,,20.0,2.0,0.0,0.0,4,14,46,11,4,318,0,-0.433883739117558,-0.9009688679024191,-0.5000000000000004,0.8660254037844384,3.0,1,7.0,1,5.0,1,0.0,1,2.142857142857143,2.9113897843110026,0.0,7.0,3.0714285714285716,2.0,2.403700850309325,0.0,7.0,1.0714285714285714,0,898.7,0.0,0.0,False,False,False,True,False,False,True,False,False,False,False,False,False,False,False,False,False,False,False,False,False,False,False,False,False,False,False,False,False,False,False,False,False,True,False,False
UAE,4K Smart TV,2025-11-15,Electronics,0.0,898.7,,20.0,2.0,0.0,0.0,5,15,46,11,4,319,1,-0.9749279121818236,-0.2225209339563146,-0.5000000000000004,0.8660254037844384,0.0,1,0.0,1,2.0,1,0.0,1,1.1428571428571428,2.035400978396428,0.0,5.0,2.7142857142857144,2.0,2.403700850309325,0.0,7.0,0.5714285714285714,0,898.7,0.0,0.0,False,False,False,True,False,False,True,False,False,False,False,False,False,False,False,False,False,False,False,False,False,False,False,False,False,False,False,False,False,False,False,False,False,True,False,False
UAE,4K Smart TV,2025-11-16,Electronics,3.0,711.51,0.16,20.0,2.0,1.0,0.0,6,16,46,11,4,320,1,-0.7818314824680299,0.6234898018587334,-0.5000000000000004,0.8660254037844384,0.0,1,0.0,1,7.0,1,0.0,1,1.1428571428571428,2.035400978396428,0.0,5.0,2.5714285714285716,2.0,2.403700850309325,0.0,7.0,0.5714285714285714,1,898.7,-187.19000000000005,-0.20828975186380333,False,False,False,True,False,False,True,False,False,False,False,False,False,False,False,False,False,False,False,False,False,False,False,False,False,False,False,False,False,False,False,False,False,True,False,False
UAE,4K Smart TV,2025-11-17,Electronics,6.0,646.74,0.28,20.0,2.0,1.0,0.0,0,17,47,11,4,321,0,0.0,1.0,-0.5000000000000004,0.8660254037844384,3.0,1,5.0,1,5.0,1,2.0,1,1.5714285714285714,2.070196678027061,0.0,5.0,2.2857142857142856,2.107142857142857,2.3779743280283534,0.0,7.0,0.7457627118644068,1,711.51,-64.76999999999998,-0.09103174937808321,False,False,False,True,False,False,True,False,False,False,False,False,False,False,False,False,False,False,False,False,False,False,False,False,False,False,False,False,False,False,False,False,False,True,False,False
UAE,4K Smart TV,2025-11-18,Electronics,5.0,246.58,0.27,20.0,2.0,1.0,0.0,1,18,47,11,4,322,0,0.7818314824680298,0.6234898018587336,-0.5000000000000004,0.8660254037844384,6.0,1,0.0,1,5.0,1,0.0,1,1.7142857142857142,2.3603873774083275,0.0,6.0,2.357142857142857,2.25,2.488864087178012,0.0,7.0,0.7619047619047619,1,646.74,-400.15999999999997,-0.6187339580047623,False,False,False,True,False,False,True,False,False,False,False,False,False,False,False,False,False,False,False,False,False,False,False,False,False,False,False,False,False,False,False,False,False,True,False,False
UAE,4K Smart TV,2025-11-19,Electronics,0.0,246.58,,20.0,2.0,0.0,0.0,2,19,47,11,4,323,0,0.9749279121818236,-0.22252093395631434,-0.5000000000000004,0.8660254037844384,5.0,1,0.0,1,0.0,1,5.0,1,2.4285714285714284,2.5071326821120326,0.0,6.0,2.357142857142857,2.4285714285714284,2.50079352485731,0.0,7.0,1.0,0,246.58,0.0,0.0,False,False,False,True,False,False,True,False,False,False,False,False,False,False,False,False,False,False,False,False,False,False,False,False,False,False,False,False,False,False,False,False,False,True,False,False
UAE,4K Smart TV,2025-11-20,Electronics,0.0,246.58,,20.0,2.0,0.0,0.0,3,20,47,11,4,324,0,0.43388373911755823,-0.900968867902419,-0.5000000000000004,0.8660254037844384,0.0,1,3.0,1,4.0,1,2.0,1,2.4285714285714284,2.5071326821120326,0.0,6.0,2.357142857142857,2.25,2.488864087178012,0.0,7.0,1.0793650793650793,0,246.58,0.0,0.0,False,False,False,True,False,False,True,False,False,False,False,False,False,False,False,False,False,False,False,False,False,False,False,False,False,False,False,False,False,False,False,False,False,True,False,False
UAE,4K Smart TV,2025-11-21,Electronics,0.0,246.58,,20.0,2.0,0.0,0.0,4,21,47,11,4,325,0,-0.433883739117558,-0.9009688679024191,-0.5000000000000004,0.8660254037844384,0.0,1,0.0,1,7.0,1,0.0,1,2.0,2.645751311064589,0.0,6.0,2.0714285714285716,2.1785714285714284,2.5247452592961963,0.0,7.0,0.918032786885246,0,246.58,0.0,0.0,False,False,False,True,False,False,True,False,False,False,False,False,False,False,False,False,False,False,False,False,False,False,False,False,False,False,False,False,False,False,False,False,False,True,False,False
UAE,4K Smart TV,2025-11-22,Electronics,6.0,354.575,0.28,20.0,2.0,1.0,0.0,5,22,47,11,4,326,1,-0.9749279121818236,-0.2225209339563146,-0.5000000000000004,0.8660254037844384,0.0,1,0.0,1,0.0,1,0.0,1,2.0,2.645751311064589,0.0,6.0,1.5714285714285714,2.1785714285714284,2.5247452592961963,0.0,7.0,0.918032786885246,1,246.58,107.99499999999998,0.43797144942817734,False,False,False,True,False,False,True,False,False,False,False,False,False,False,False,False,False,False,False,False,False,False,False,False,False,False,False,False,False,False,False,False,False,True,False,False
UAE,4K Smart TV,2025-11-23,Electronics,6.0,1207.87,0.21,20.0,2.0,1.0,0.0,6,23,47,11,4,327,1,-0.7818314824680299,0.6234898018587334,-0.5000000000000004,0.8660254037844384,6.0,1,3.0,1,0.0,1,2.0,1,2.857142857142857,2.8535691936340233,0.0,6.0,2.0,2.392857142857143,2.586851163441557,0.0,7.0,1.1940298507462688,1,354.575,853.2949999999998,2.406528943100895,False,False,False,True,False,False,True,False,False,False,False,False,False,False,False,False,False,False,False,False,False,False,False,False,False,False,False,False,False,False,False,False,False,True,False,False
UAE,4K Smart TV,2025-11-24,Electronics,0.0,1207.87,,20.0,2.0,0.0,0.0,0,24,48,11,4,328,0,0.0,1.0,-0.5000000000000004,0.8660254037844384,6.0,1,6.0,1,5.0,1,0.0,1,3.2857142857142856,3.0937725468153854,0.0,6.0,2.4285714285714284,2.5357142857142856,2.6733547083814733,0.0,7.0,1.295774647887324,0,1207.87,0.0,0.0,False,False,False,True,False,False,True,False,False,False,False,False,False,False,False,False,False,False,False,False,False,False,False,False,False,False,False,False,False,False,False,False,False,True,False,False
UAE,4K Smart TV,2025-11-25,Electronics,2.0,360.28,0.26,20.0,2.0,1.0,0.0,1,25,48,11,4,329,0,0.7818314824680298,0.6234898018587336,-0.5000000000000004,0.8660254037844384,0.0,1,5.0,1,0.0,1,0.0,1,2.4285714285714284,3.047247001100218,0.0,6.0,2.0714285714285716,2.5357142857142856,2.6733547083814733,0.0,7.0,0.9577464788732394,1,1207.87,-847.5899999999999,-0.7017228675271345,False,False,False,True,False,False,True,False,False,False,False,False,False,False,False,False,False,False,False,False,False,False,False,False,False,False,False,False,False,False,False,False,False,True,False,False
