store_id,product_id,date,category,sales,price,Discount_Applied,safety_stock,lead_time_days,promotion,is_outlier,day_of_week,day_of_month,week_of_year,month,quarter,day_of_year,is_weekend,sin_day_of_week,cos_day_of_week,sin_month,cos_month,lag_1,has_lag_1,lag_7,has_lag_7,lag_14,has_lag_14,lag_28,has_lag_28,rolling_mean_7,rolling_std_7,rolling_min_7,rolling_max_7,rolling_mean_14,rolling_mean_28,rolling_std_28,rolling_min_28,rolling_max_28,trend_ratio,is_promotion,previous_price,price_change,price_change_pct,store_id_Germany,store_id_India,store_id_Pakistan,store_id_UAE,store_id_UK,store_id_USA,product_id_4K Smart TV,product_id_Air Fryer,product_id_Blender,product_id_Coffee Maker,product_id_Cotton T-Shirt,product_id_Cycling Helmet,product_id_Denim Jeans,product_id_Dumbbell Set,product_id_Face Wash,product_id_Football,product_id_Formal Shirt,product_id_Gaming Laptop,product_id_Hair Serum,product_id_Lipstick Set,product_id_Microwave Oven,product_id_Moisturizing Cream,product_id_Perfume,product_id_Running Shoes,product_id_Smartphone 128GB,product_id_Smartwatch,product_id_Tennis Racket,product_id_Vacuum Cleaner,product_id_Winter Jacket,product_id_Wireless Noise-Canceling Headphones,product_id_Yoga Mat,category_Apparel,category_Beauty,category_Electronics,category_Home & Kitchen,category_Sports
Pakistan,Smartwatch,2025-05-23,Electronics,2.0,980.03,0.06,20.0,2.0,1.0,0.0,4,23,21,5,2,143,0,-0.433883739117558,-0.9009688679024191,0.49999999999999994,-0.8660254037844387,0.0,1,0.0,1,0.0,1,1.0,1,0.2857142857142857,0.7559289460184441,0.0,2.0,0.7142857142857143,0.6785714285714286,1.634207734847355,0.0,6.0,0.42105263157894735,1,1033.48,-53.450000000000045,-0.051718465766149364,False,False,True,False,False,False,False,False,False,False,False,False,False,False,False,False,False,False,False,False,False,False,False,False,False,True,False,False,False,False,False,False,False,True,False,False
Pakistan,Smartwatch,2025-05-24,Electronics,0.0,980.03,,20.0,2.0,0.0,0.0,5,24,21,5,2,144,1,-0.9749279121818236,-0.2225209339563146,0.49999999999999994,-0.8660254037844387,2.0,1,0.0,1,6.0,1,0.0,1,0.5714285714285714,0.9759000729485255,0.0,2.0,0.8571428571428571,0.7142857142857143,1.6523191974188074,0.0,6.0,0.7999999999999999,0,980.03,0.0,0.0,False,False,True,False,False,False,False,False,False,False,False,False,False,False,False,False,False,False,False,False,False,False,False,False,False,True,False,False,False,False,False,False,False,True,False,False
Pakistan,Smartwatch,2025-05-25,Electronics,0.0,980.03,,20.0,2.0,0.0,0.0,6,25,21,5,2,145,1,-0.7818314824680299,0.6234898018587334,0.49999999999999994,-0.8660254037844387,0.0,1,0.0,1,0.0,1,0.0,1,0.5714285714285714,0.9759000729485255,0.0,2.0,0.42857142857142855,0.7142857142857143,1.6523191974188074,0.0,6.0,0.7999999999999999,0,980.03,0.0,0.0,False,False,True,False,False,False,False,False,False,False,False,False,False,False,False,False,False,False,False,False,False,False,False,False,False,True,False,False,False,False,False,False,False,True,False,False
Pakistan,Smartwatch,2025-05-26,Electronics,0.0,980.03,,20.0,2.0,0.0,0.0,0,26,22,5,2,146,0,0.0,1.0,0.49999999999999994,-0.8660254037844387,0.0,1,0.0,1,0.0,1,0.0,1,0.5714285714285714,0.9759000729485255,0.0,2.0,0.42857142857142855,0.7142857142857143,1.6523191974188074,0.0,6.0,0.7999999999999999,0,980.03,0.0,0.0,False,False,True,False,False,False,False,False,False,False,False,False,False,False,False,False,False,False,False,False,False,False,False,False,False,True,False,False,False,False,False,False,False,True,False,False
Pakistan,Smartwatch,2025-05-27,Electronics,2.0,321.45,0.04,20.0,2.0,1.0,0.0,1,27,22,5,2,147,0,0.7818314824680298,0.6234898018587336,0.49999999999999994,-0.8660254037844387,0.0,1,0.0,1,0.0,1,0.0,1,0.5714285714285714,0.9759000729485255,0.0,2.0,0.42857142857142855,0.7142857142857143,1.6523191974188074,0.0,6.0,0.7999999999999999,1,980.03,-658.5799999999999,-0.6719998367396915,False,False,True,False,False,False,False,False,False,False,False,False,False,False,False,False,False,False,False,False,False,False,False,False,False,True,False,False,False,False,False,False,False,True,False,False
Pakistan,Smartwatch,2025-05-28,Electronics,2.0,486.82,0.07,20.0,2.0,1.0,0.0,2,28,22,5,2,148,0,0.9749279121818236,-0.22252093395631434,0.49999999999999994,-0.8660254037844387,2.0,1,2.0,1,2.0,1,0.0,1,0.8571428571428571,1.069044967649691,0.0,2.0,0.5714285714285714,0.7857142857142857,1.6634890342878035,0.0,6.0,1.0909090909090908,1,321.45,165.37,0.5144501477679266,False,False,True,False,False,False,False,False,False,False,False,False,False,False,False,False,False,False,False,False,False,False,False,False,False,True,False,False,False,False,False,False,False,True,False,False
Pakistan,Smartwatch,2025-05-29,Electronics,0.0,486.82,,20.0,2.0,0.0,0.0,3,29,22,5,2,149,0,0.43388373911755823,-0.900968867902419,0.49999999999999994,-0.8660254037844387,2.0,1,0.0,1,0.0,1,0.0,1,0.8571428571428571,1.069044967649691,0.0,2.0,0.5714285714285714,0.8571428571428571,1.6714217880746904,0.0,6.0,1.0,0,486.82,0.0,0.0,False,False,True,False,False,False,False,False,False,False,False,False,False,False,False,False,False,False,False,False,False,False,False,False,False,True,False,False,False,False,False,False,False,True,False,False
Pakistan,Smartwatch,2025-05-30,Electronics,3.0,823.71,0.04,20.0,2.0,1.0,0.0,4,30,22,5,2,150,0,-0.433883739117558,-0.9009688679024191,0.49999999999999994,-0.8660254037844387,0.0,1,2.0,1,0.0,1,0.0,1,0.8571428571428571,1.069044967649691,0.0,2.0,0.5714285714285714,0.8571428571428571,1.6714217880746904,0.0,6.0,1.0,1,486.82,336.89000000000004,0.6920216917957357,False,False,True,False,False,False,False,False,False,False,False,False,False,False,False,False,False,False,False,False,False,False,False,False,False,True,False,False,False,False,False,False,False,True,False,False
Pakistan,Smartwatch,2025-05-31,Electronics,0.0,823.71,,20.0,2.0,0.0,0.0,5,31,22,5,2,151,1,-0.9749279121818236,-0.2225209339563146,0.49999999999999994,-0.8660254037844387,3.0,1,0.0,1,0.0,1,2.0,1,1.0,1.2909944487358003,0.0,3.0,0.7857142857142857,0.9642857142857143,1.710147120748147,0.0,6.0,1.037037037037037,0,823.71,0.0,0.0,False,False,True,False,False,False,False,False,False,False,False,False,False,False,False,False,False,False,False,False,False,False,False,False,False,True,False,False,False,False,False,False,False,True,False,False
Pakistan,Smartwatch,2025-06-01,Electronics,0.0,823.71,,20.0,2.0,0.0,0.0,6,1,22,6,2,152,1,-0.7818314824680299,0.6234898018587334,1.2246467991473532e-16,-1.0,0.0,1,0.0,1,0.0,1,0.0,1,1.0,1.2909944487358003,0.0,3.0,0.7857142857142857,0.8928571428571429,1.707050428083824,0.0,6.0,1.1199999999999999,0,823.71,0.0,0.0,False,False,True,False,False,False,False,False,False,False,False,False,False,False,False,False,False,False,False,False,False,False,False,False,False,True,False,False,False,False,False,False,False,True,False,False
Pakistan,Smartwatch,2025-06-02,Electronics,0.0,823.71,,20.0,2.0,0.0,0.0,0,2,23,6,2,153,0,0.0,1.0,1.2246467991473532e-16,-1.0,0.0,1,0.0,1,0.0,1,0.0,1,1.0,1.2909944487358003,0.0,3.0,0.7857142857142857,0.8928571428571429,1.707050428083824,0.0,6.0,1.1199999999999999,0,823.71,0.0,0.0,False,False,True,False,False,False,False,False,False,False,False,False,False,False,False,False,False,False,False,False,False,False,False,False,False,True,False,False,False,False,False,False,False,True,False,False
Pakistan,Smartwatch,2025-06-03,Electronics,0.0,823.71,,20.0,2.0,0.0,0.0,1,3,23,6,2,154,0,0.7818314824680298,0.6234898018587336,1.2246467991473532e-16,-1.0,0.0,1,2.0,1,0.0,1,6.0,1,1.0,1.2909944487358003,0.0,3.0,0.7857142857142857,0.8928571428571429,1.707050428083824,0.0,6.0,1.1199999999999999,0,823.71,0.0,0.0,False,False,True,False,False,False,False,False,False,False,False,False,False,False,False,False,False,False,False,False,False,False,False,False,False,True,False,False,False,False,False,False,False,True,False,False
Pakistan,Smartwatch,2025-06-04,Electronics,0.0,823.71,,20.0,2.0,0.0,0.0,2,4,23,6,2,155,0,0.9749279121818236,-0.22252093395631434,1.2246467991473532e-16,-1.0,0.0,1,2.0,1,2.0,1,0.0,1,0.7142857142857143,1.2535663410560116,0.0,3.0,0.7857142857142857,0.6785714285714286,1.3892063129334613,0.0,6.0,1.0526315789473684,0,823.71,0.0,0.0,False,False,True,False,False,False,False,False,False,False,False,False,False,False,False,False,False,False,False,False,False,False,False,False,False,True,False,False,False,False,False,False,False,True,False,False
Pakistan,Smartwatch,2025-06-05,Electronics,0.0,823.71,,20.0,2.0,0.0,0.0,3,5,23,6,2,156,0,0.43388373911755823,-0.900968867902419,1.2246467991473532e-16,-1.0,0.0,1,0.0,1,0.0,1,0.0,1,0.42857142857142855,1.1338934190276748,0.0,3.0,0.6428571428571429,0.6785714285714286,1.3892063129334613,0.0,6.0,0.631578947368421,0,823.71,0.0,0.0,False,False,True,False,False,False,False,False,False,False,False,False,False,False,False,False,False,False,False,False,False,False,False,False,False,True,False,False,False,False,False,False,False,True,False,False
Pakistan,Smartwatch,2025-06-06,Electronics,0.0,823.71,,20.0,2.0,0.0,0.0,4,6,23,6,2,157,0,-0.433883739117558,-0.9009688679024191,1.2246467991473532e-16,-1.0,0.0,1,3.0,1,2.0,1,0.0,1,0.42857142857142855,1.1338934190276748,0.0,3.0,0.6428571428571429,0.6785714285714286,1.3892063129334613,0.0,6.0,0.631578947368421,0,823.71,0.0,0.0,False,False,True,False,False,False,False,False,False,False,False,False,False,False,False,False,False,False,False,False,False,False,False,False,False,True,False,False,False,False,False,False,False,True,False,False
Pakistan,Smartwatch,2025-06-07,Electronics,3.0,88.9,0.02,20.0,2.0,1.0,0.0,5,7,23,6,2,158,1,-0.9749279121818236,-0.2225209339563146,1.2246467991473532e-16,-1.0,0.0,1,0.0,1,0.0,1,6.0,1,0.0,0.0,0.0,0.0,0.5,0.6785714285714286,1.3892063129334613,0.0,6.0,0.0,1,823.71,-734.8100000000001,-0.8920736667030873,False,False,True,False,False,False,False,False,False,False,False,False,False,False,False,False,False,False,False,False,False,False,False,False,False,True,False,False,False,False,False,False,False,True,False,False
Pakistan,Smartwatch,2025-06-08,Electronics,0.0,88.9,,20.0,2.0,0.0,0.0,6,8,23,6,2,159,1,-0.7818314824680299,0.6234898018587334,1.2246467991473532e-16,-1.0,3.0,1,0.0,1,0.0,1,0.0,1,0.42857142857142855,1.1338934190276748,0.0,3.0,0.7142857142857143,0.5714285714285714,1.033819650027543,0.0,3.0,0.75,0,88.9,0.0,0.0,False,False,True,False,False,False,False,False,False,False,False,False,False,False,False,False,False,False,False,False,False,False,False,False,False,True,False,False,False,False,False,False,False,True,False,False
Pakistan,Smartwatch,2025-06-09,Electronics,0.0,88.9,,20.0,2.0,0.0,0.0,0,9,24,6,2,160,0,0.0,1.0,1.2246467991473532e-16,-1.0,0.0,1,0.0,1,0.0,1,0.0,1,0.42857142857142855,1.1338934190276748,0.0,3.0,0.7142857142857143,0.5714285714285714,1.033819650027543,0.0,3.0,0.75,0,88.9,0.0,0.0,False,False,True,False,False,False,False,False,False,False,False,False,False,False,False,False,False,False,False,False,False,False,False,False,False,True,False,False,False,False,False,False,False,True,False,False
Pakistan,Smartwatch,2025-06-10,Electronics,0.0,88.9,,20.0,2.0,0.0,0.0,1,10,24,6,2,161,0,0.7818314824680298,0.6234898018587336,1.2246467991473532e-16,-1.0,0.0,1,0.0,1,2.0,1,0.0,1,0.42857142857142855,1.1338934190276748,0.0,3.0,0.7142857142857143,0.5714285714285714,1.033819650027543,0.0,3.0,0.75,0,88.9,0.0,0.0,False,False,True,False,False,False,False,False,False,False,False,False,False,False,False,False,False,False,False,False,False,False,False,False,False,True,False,False,False,False,False,False,False,True,False,False
Pakistan,Smartwatch,2025-06-11,Electronics,0.0,88.9,,20.0,2.0,0.0,0.0,2,11,24,6,2,162,0,0.9749279121818236,-0.22252093395631434,1.2246467991473532e-16,-1.0,0.0,1,0.0,1,2.0,1,2.0,1,0.42857142857142855,1.1338934190276748,0.0,3.0,0.5714285714285714,0.5714285714285714,1.033819650027543,0.0,3.0,0.75,0,88.9,0.0,0.0,False,False,True,False,False,False,False,False,False,False,False,False,False,False,False,False,False,False,False,False,False,False,False,False,False,True,False,False,False,False,False,False,False,True,False,False
Pakistan,Smartwatch,2025-06-12,Electronics,2.0,184.21,0.12,20.0,2.0,1.0,0.0,3,12,24,6,2,163,0,0.43388373911755823,-0.900968867902419,1.2246467991473532e-16,-1.0,0.0,1,0.0,1,0.0,1,0.0,1,0.42857142857142855,1.1338934190276748,0.0,3.0,0.42857142857142855,0.5,1.000000000000001,0.0,3.0,0.8571428571428571,1,88.9,95.31,1.0721034870641168,False,False,True,False,False,False,False,False,False,False,False,False,False,False,False,False,False,False,False,False,False,False,False,False,False,True,False,False,False,False,False,False,False,True,False,False
Pakistan,Smartwatch,2025-06-13,Electronics,0.0,184.21,,20.0,2.0,0.0,0.0,4,13,24,6,2,164,0,-0.433883739117558,-0.9009688679024191,1.2246467991473532e-16,-1.0,2.0,1,0.0,1,3.0,1,0.0,1,0.7142857142857143,1.2535663410560116,0.0,3.0,0.5714285714285714,0.5714285714285714,1.033819650027543,0.0,3.0,1.25,0,184.21,0.0,0.0,False,False,True,False,False,False,False,False,False,False,False,False,False,False,False,False,False,False,False,False,False,False,False,False,False,True,False,False,False,False,False,False,False,True,False,False
Pakistan,Smartwatch,2025-06-14,Electronics,0.0,184.21,,20.0,2.0,0.0,0.0,5,14,24,6,2,165,1,-0.9749279121818236,-0.2225209339563146,1.2246467991473532e-16,-1.0,0.0,1,3.0,1,0.0,1,0.0,1,0.7142857142857143,1.2535663410560116,0.0,3.0,0.35714285714285715,0.5714285714285714,1.033819650027543,0.0,3.0,1.25,0,184.21,0.0,0.0,False,False,True,False,False,False,False,False,False,False,False,False,False,False,False,False,False,False,False,False,False,False,False,False,False,True,False,False,False,False,False,False,False,True,False,False
Pakistan,Smartwatch,2025-06-15,Electronics,2.0,1460.43,0.03,20.0,2.0,1.0,0.0,6,15,24,6,2,166,1,-0.7818314824680299,0.6234898018587334,1.2246467991473532e-16,-1.0,0.0,1,0.0,1,0.0,1,0.0,1,0.2857142857142857,0.755928946018444,0.0,2.0,0.35714285714285715,0.5714285714285714,1.033819650027543,0.0,3.0,0.5,1,184.21,1276.22,6.928071223060638,False,False,True,False,False,False,False,False,False,False,False,False,False,False,False,False,False,False,False,False,False,False,False,False,False,True,False,False,False,False,False,False,False,True,False,False
Pakistan,Smartwatch,2025-06-16,Electronics,0.0,1460.43,,20.0,2.0,0.0,0.0,0,16,25,6,2,167,0,0.0,1.0,1.2246467991473532e-16,-1.0,2.0,1,0.0,1,0.0,1,0.0,1,0.5714285714285714,0.9759000729485254,0.0,2.0,0.5,0.6428571428571429,1.0615950861718084,0.0,3.0,0.8888888888888887,0,1460.43,0.0,0.0,False,False,True,False,False,False,False,False,False,False,False,False,False,False,False,False,False,False,False,False,False,False,False,False,False,True,False,False,False,False,False,False,False,True,False,False
Pakistan,Smartwatch,2025-06-17,Electronics,0.0,1460.43,,20.0,2.0,0.0,0.0,1,17,25,6,2,168,0,0.7818314824680298,0.6234898018587336,1.2246467991473532e-16,-1.0,0.0,1,0.0,1,0.0,1,0.0,1,0.5714285714285714,0.9759000729485254,0.0,2.0,0.5,0.6428571428571429,1.0615950861718084,0.0,3.0,0.8888888888888887,0,1460.43,0.0,0.0,False,False,True,False,False,False,False,False,False,False,False,False,False,False,False,False,False,False,False,False,False,False,False,False,False,True,False,False,False,False,False,False,False,True,False,False
Pakistan,Smartwatch,2025-06-18,Electronics,0.0,1460.43,,20.0,2.0,0.0,0.0,2,18,25,6,2,169,0,0.9749279121818236,-0.22252093395631434,1.2246467991473532e-16,-1.0,0.0,1,0.0,1,0.0,1,2.0,1,0.5714285714285714,0.9759000729485254,0.0,2.0,0.5,0.6428571428571429,1.0615950861718084,0.0,3.0,0.8888888888888887,0,1460.43,0.0,0.0,False,False,True,False,False,False,False,False,False,False,False,False,False,False,False,False,False,False,False,False,False,False,False,False,False,True,False,False,False,False,False,False,False,True,False,False
Pakistan,Smartwatch,2025-06-19,Electronics,2.0,1146.22,0.11,20.0,2.0,1.0,0.0,3,19,25,6,2,170,0,0.43388373911755823,-0.900968867902419,1.2246467991473532e-16,-1.0,0.0,1,2.0,1,0.0,1,0.0,1,0.5714285714285714,0.9759000729485254,0.0,2.0,0.5,0.5714285714285714,1.033819650027543,0.0,3.0,1.0,1,1460.43,-314.21000000000004,-0.2151489629766576,False,False,True,False,False,False,False,False,False,False,False,False,False,False,False,False,False,False,False,False,False,False,False,False,False,True,False,False,False,False,False,False,False,True,False,False
Pakistan,Smartwatch,2025-06-20,Electronics,0.0,1146.22,,20.0,2.0,0.0,0.0,4,20,25,6,2,171,0,-0.433883739117558,-0.9009688679024191,1.2246467991473532e-16,-1.0,2.0,1,0.0,1,0.0,1,2.0,1,0.5714285714285714,0.9759000729485254,0.0,2.0,0.6428571428571429,0.6428571428571429,1.0615950861718084,0.0,3.0,0.8888888888888887,0,1146.22,0.0,0.0,False,False,True,False,False,False,False,False,False,False,False,False,False,False,False,False,False,False,False,False,False,False,False,False,False,True,False,False,False,False,False,False,False,True,False,False
Pakistan,Smartwatch,2025-06-21,Electronics,0.0,1146.22,,20.0,2.0,0.0,0.0,5,21,25,6,2,172,1,-0.9749279121818236,-0.2225209339563146,1.2246467991473532e-16,-1.0,0.0,1,0.0,1,3.0,1,0.0,1,0.5714285714285714,0.9759000729485254,0.0,2.0,0.6428571428571429,0.5714285714285714,1.033819650027543,0.0,3.0,1.0,0,1146.22,0.0,0.0,False,False,True,False,False,False,False,False,False,False,False,False,False,False,False,False,False,False,False,False,False,False,False,False,False,True,False,False,False,False,False,False,False,True,False,False
Pakistan,Smartwatch,2025-06-22,Electronics,0.0,1146.22,,20.0,2.0,0.0,0.0,6,22,25,6,2,173,1,-0.7818314824680299,0.6234898018587334,1.2246467991473532e-16,-1.0,0.0,1,2.0,1,0.0,1,0.0,1,0.5714285714285714,0.9759000729485254,0.0,2.0,0.42857142857142855,0.5714285714285714,1.033819650027543,0.0,3.0,1.0,0,1146.22,0.0,0.0,False,False,True,False,False,False,False,False,False,False,False,False,False,False,False,False,False,False,False,False,False,False,False,False,False,True,False,False,False,False,False,False,False,True,False,False
Pakistan,Smartwatch,2025-06-23,Electronics,0.0,1146.22,,20.0,2.0,0.0,0.0,0,23,26,6,2,174,0,0.0,1.0,1.2246467991473532e-16,-1.0,0.0,1,0.0,1,0.0,1,0.0,1,0.2857142857142857,0.755928946018444,0.0,2.0,0.42857142857142855,0.5714285714285714,1.033819650027543,0.0,3.0,0.5,0,1146.22,0.0,0.0,False,False,True,False,False,False,False,False,False,False,False,False,False,False,False,False,False,False,False,False,False,False,False,False,False,True,False,False,False,False,False,False,False,True,False,False
Pakistan,Smartwatch,2025-06-24,Electronics,0.0,1146.22,,20.0,2.0,0.0,0.0,1,24,26,6,2,175,0,0.7818314824680298,0.6234898018587336,1.2246467991473532e-16,-1.0,0.0,1,0.0,1,0.0,1,2.0,1,0.2857142857142857,0.755928946018444,0.0,2.0,0.42857142857142855,0.5714285714285714,1.033819650027543,0.0,3.0,0.5,0,1146.22,0.0,0.0,False,False,True,False,False,False,False,False,False,False,False,False,False,False,False,False,False,False,False,False,False,False,False,False,False,True,False,False,False,False,False,False,False,True,False,False
Pakistan,Smartwatch,2025-06-25,Electronics,0.0,1146.22,,20.0,2.0,0.0,0.0,2,25,26,6,2,176,0,0.9749279121818236,-0.22252093395631434,1.2246467991473532e-16,-1.0,0.0,1,0.0,1,0.0,1,2.0,1,0.2857142857142857,0.755928946018444,0.0,2.0,0.42857142857142855,0.5,1.000000000000001,0.0,3.0,0.5714285714285714,0,1146.22,0.0,0.0,False,False,True,False,False,False,False,False,False,False,False,False,False,False,False,False,False,False,False,False,False,False,False,False,False,True,False,False,False,False,False,False,False,True,False,False
Pakistan,Smartwatch,2025-06-26,Electronics,0.0,1146.22,,20.0,2.0,0.0,0.0,3,26,26,6,2,177,0,0.43388373911755823,-0.900968867902419,1.2246467991473532e-16,-1.0,0.0,1,2.0,1,2.0,1,0.0,1,0.2857142857142857,0.755928946018444,0.0,2.0,0.42857142857142855,0.42857142857142855,0.9594972228385672,0.0,3.0,0.6666666666666666,0,1146.22,0.0,0.0,False,False,True,False,False,False,False,False,False,False,False,False,False,False,False,False,False,False,False,False,False,False,False,False,False,True,False,False,False,False,False,False,False,True,False,False
Pakistan,Smartwatch,2025-06-27,Electronics,3.0,471.33,0.08,20.0,2.0,1.0,0.0,4,27,26,6,2,178,0,-0.433883739117558,-0.9009688679024191,1.2246467991473532e-16,-1.0,0.0,1,0.0,1,0.0,1,3.0,1,0.0,0.0,0.0,0.0,0.2857142857142857,0.42857142857142855,0.9594972228385672,0.0,3.0,0.0,1,1146.22,-674.8900000000001,-0.5887962171310919,False,False,True,False,False,False,False,False,False,False,False,False,False,False,False,False,False,False,False,False,False,False,False,False,False,True,False,False,False,False,False,False,False,True,False,False
Pakistan,Smartwatch,2025-06-28,Electronics,0.0,471.33,,20.0,2.0,0.0,0.0,5,28,26,6,2,179,1,-0.9749279121818236,-0.2225209339563146,1.2246467991473532e-16,-1.0,3.0,1,0.0,1,0.0,1,0.0,1,0.42857142857142855,1.1338934190276748,0.0,3.0,0.5,0.42857142857142855,0.9594972228385671,0.0,3.0,1.0,0,471.33,0.0,0.0,False,False,True,False,False,False,False,False,False,False,False,False,False,False,False,False,False,False,False,False,False,False,False,False,False,True,False,False,False,False,False,False,False,True,False,False
Pakistan,Smartwatch,2025-06-29,Electronics,0.0,471.33,,20.0,2.0,0.0,0.0,6,29,26,6,2,180,1,-0.7818314824680299,0.6234898018587334,1.2246467991473532e-16,-1.0,0.0,1,0.0,1,2.0,1,0.0,1,0.42857142857142855,1.1338934190276748,0.0,3.0,0.5,0.42857142857142855,0.9594972228385671,0.0,3.0,1.0,0,471.33,0.0,0.0,False,False,True,False,False,False,False,False,False,False,False,False,False,False,False,False,False,False,False,False,False,False,False,False,False,True,False,False,False,False,False,False,False,True,False,False
Pakistan,Smartwatch,2025-06-30,Electronics,0.0,471.33,,20.0,2.0,0.0,0.0,0,30,27,6,2,181,0,0.0,1.0,1.2246467991473532e-16,-1.0,0.0,1,0.0,1,0.0,1,0.0,1,0.42857142857142855,1.1338934190276748,0.0,3.0,0.35714285714285715,0.42857142857142855,0.9594972228385671,0.0,3.0,1.0,0,471.33,0.0,0.0,False,False,True,False,False,False,False,False,False,False,False,False,False,False,False,False,False,False,False,False,False,False,False,False,False,True,False,False,False,False,False,False,False,True,False,False
Pakistan,Smartwatch,2025-07-01,Electronics,0.0,471.33,,20.0,2.0,0.0,0.0,1,1,27,7,3,182,0,0.7818314824680298,0.6234898018587336,-0.4999999999999997,-0.8660254037844388,0.0,1,0.0,1,0.0,1,0.0,1,0.42857142857142855,1.1338934190276748,0.0,3.0,0.35714285714285715,0.42857142857142855,0.9594972228385671,0.0,3.0,1.0,0,471.33,0.0,0.0,False,False,True,False,False,False,False,False,False,False,False,False,False,False,False,False,False,False,False,False,False,False,False,False,False,True,False,False,False,False,False,False,False,True,False,False
Pakistan,Smartwatch,2025-07-02,Electronics,0.0,471.33,,20.0,2.0,0.0,0.0,2,2,27,7,3,183,0,0.9749279121818236,-0.22252093395631434,-0.4999999999999997,-0.8660254037844388,0.0,1,0.0,1,0.0,1,0.0,1,0.42857142857142855,1.1338934190276748,0.0,3.0,0.35714285714285715,0.42857142857142855,0.9594972228385671,0.0,3.0,1.0,0,471.33,0.0,0.0,False,False,True,False,False,False,False,False,False,False,False,False,False,False,False,False,False,False,False,False,False,False,False,False,False,True,False,False,False,False,False,False,False,True,False,False
Pakistan,Smartwatch,2025-07-03,Electronics,0.0,471.33,,20.0,2.0,0.0,0.0,3,3,27,7,3,184,0,0.43388373911755823,-0.900968867902419,-0.4999999999999997,-0.8660254037844388,0.0,1,0.0,1,2.0,1,0.0,1,0.42857142857142855,1.1338934190276748,0.0,3.0,0.35714285714285715,0.42857142857142855,0.9594972228385671,0.0,3.0,1.0,0,471.33,0.0,0.0,False,False,True,False,False,False,False,False,False,False,False,False,False,False,False,False,False,False,False,False,False,False,False,False,False,True,False,False,False,False,False,False,False,True,False,False
Pakistan,Smartwatch,2025-07-04,Electronics,0.0,471.33,,20.0,2.0,0.0,0.0,4,4,27,7,3,185,0,-0.433883739117558,-0.9009688679024191,-0.4999999999999997,-0.8660254037844388,0.0,1,3.0,1,0.0,1,0.0,1,0.42857142857142855,1.1338934190276748,0.0,3.0,0.21428571428571427,0.42857142857142855,0.9594972228385671,0.0,3.0,1.0,0,471.33,0.0,0.0,False,False,True,False,False,False,False,False,False,False,False,False,False,False,False,False,False,False,False,False,False,False,False,False,False,True,False,False,False,False,False,False,False,True,False,False
Pakistan,Smartwatch,2025-07-05,Electronics,0.0,471.33,,20.0,2.0,0.0,0.0,5,5,27,7,3,186,1,-0.9749279121818236,-0.2225209339563146,-0.4999999999999997,-0.8660254037844388,0.0,1,0.0,1,0.0,1,3.0,1,0.0,0.0,0.0,0.0,0.21428571428571427,0.42857142857142855,0.9594972228385671,0.0,3.0,0.0,0,471.33,0.0,0.0,False,False,True,False,False,False,False,False,False,False,False,False,False,False,False,False,False,False,False,False,False,False,False,False,False,True,False,False,False,False,False,False,False,True,False,False
Pakistan,Smartwatch,2025-07-06,Electronics,0.0,471.33,,20.0,2.0,0.0,0.0,6,6,27,7,3,187,1,-0.7818314824680299,0.6234898018587334,-0.4999999999999997,-0.8660254037844388,0.0,1,0.0,1,0.0,1,0.0,1,0.0,0.0,0.0,0.0,0.21428571428571427,0.32142857142857145,0.8189230248533271,0.0,3.0,0.0,0,471.33,0.0,0.0,False,False,True,False,False,False,False,False,False,False,False,False,False,False,False,False,False,False,False,False,False,False,False,False,False,True,False,False,False,False,False,False,False,True,False,False
Pakistan,Smartwatch,2025-07-07,Electronics,0.0,471.33,,20.0,2.0,0.0,0.0,0,7,28,7,3,188,0,0.0,1.0,-0.4999999999999997,-0.8660254037844388,0.0,1,0.0,1,0.0,1,0.0,1,0.0,0.0,0.0,0.0,0.21428571428571427,0.32142857142857145,0.8189230248533271,0.0,3.0,0.0,0,471.33,0.0,0.0,False,False,True,False,False,False,False,False,False,False,False,False,False,False,False,False,False,False,False,False,False,False,False,False,False,True,False,False,False,False,False,False,False,True,False,False
Pakistan,Smartwatch,2025-07-08,Electronics,0.0,471.33,,20.0,2.0,0.0,0.0,1,8,28,7,3,189,0,0.7818314824680298,0.6234898018587336,-0.4999999999999997,-0.8660254037844388,0.0,1,0.0,1,0.0,1,0.0,1,0.0,0.0,0.0,0.0,0.21428571428571427,0.32142857142857145,0.8189230248533271,0.0,3.0,0.0,0,471.33,0.0,0.0,False,False,True,False,False,False,False,False,False,False,False,False,False,False,False,False,False,False,False,False,False,False,False,False,False,True,False,False,False,False,False,False,False,True,False,False
Pakistan,Smartwatch,2025-07-09,Electronics,0.0,471.33,,20.0,2.0,0.0,0.0,2,9,28,7,3,190,0,0.9749279121818236,-0.22252093395631434,-0.4999999999999997,-0.8660254037844388,0.0,1,0.0,1,0.0,1,0.0,1,0.0,0.0,0.0,0.0,0.21428571428571427,0.32142857142857145,0.8189230248533271,0.0,3.0,0.0,0,471.33,0.0,0.0,False,False,True,False,False,False,False,False,False,False,False,False,False,False,False,False,False,False,False,False,False,False,False,False,False,True,False,False,False,False,False,False,False,True,False,False
Pakistan,Smartwatch,2025-07-10,Electronics,0.0,471.33,,20.0,2.0,0.0,0.0,3,10,28,7,3,191,0,0.43388373911755823,-0.900968867902419,-0.4999999999999997,-0.8660254037844388,0.0,1,0.0,1,0.0,1,2.0,1,0.0,0.0,0.0,0.0,0.21428571428571427,0.32142857142857145,0.8189230248533271,0.0,3.0,0.0,0,471.33,0.0,0.0,False,False,True,False,False,False,False,False,False,False,False,False,False,False,False,False,False,False,False,False,False,False,False,False,False,True,False,False,False,False,False,False,False,True,False,False
Pakistan,Smartwatch,2025-07-11,Electronics,0.0,471.33,,20.0,2.0,0.0,0.0,4,11,28,7,3,192,0,-0.433883739117558,-0.9009688679024191,-0.4999999999999997,-0.8660254037844388,0.0,1,0.0,1,3.0,1,0.0,1,0.0,0.0,0.0,0.0,0.21428571428571427,0.25,0.751541625470484,0.0,3.0,0.0,0,471.33,0.0,0.0,False,False,True,False,False,False,False,False,False,False,False,False,False,False,False,False,False,False,False,False,False,False,False,False,False,True,False,False,False,False,False,False,False,True,False,False
Pakistan,Smartwatch,2025-07-12,Electronics,0.0,471.33,,20.0,2.0,0.0,0.0,5,12,28,7,3,193,1,-0.9749279121818236,-0.2225209339563146,-0.4999999999999997,-0.8660254037844388,0.0,1,0.0,1,0.0,1,0.0,1,0.0,0.0,0.0,0.0,0.0,0.25,0.751541625470484,0.0,3.0,0.0,0,471.33,0.0,0.0,False,False,True,False,False,False,False,False,False,False,False,False,False,False,False,False,False,False,False,False,False,False,False,False,False,True,False,False,False,False,False,False,False,True,False,False
Pakistan,Smartwatch,2025-07-13,Electronics,2.0,1143.43,0.1,20.0,2.0,1.0,0.0,6,13,28,7,3,194,1,-0.7818314824680299,0.6234898018587334,-0.4999999999999997,-0.8660254037844388,0.0,1,0.0,1,0.0,1,2.0,1,0.0,0.0,0.0,0.0,0.0,0.25,0.751541625470484,0.0,3.0,0.0,1,471.33,672.1000000000001,1.4259648229478288,False,False,True,False,False,False,False,False,False,False,False,False,False,False,False,False,False,False,False,False,False,False,False,False,False,True,False,False,False,False,False,False,False,True,False,False
Pakistan,Smartwatch,2025-07-14,Electronics,6.0,1065.735,0.09,20.0,2.0,1.0,0.0,0,14,29,7,3,195,0,0.0,1.0,-0.4999999999999997,-0.8660254037844388,2.0,1,0.0,1,0.0,1,0.0,1,0.2857142857142857,0.755928946018444,0.0,2.0,0.14285714285714285,0.25,0.751541625470484,0.0,3.0,1.1428571428571428,1,1143.43,-77.69500000000016,-0.06794906553090277,False,False,True,False,False,False,False,False,False,False,False,False,False,False,False,False,False,False,False,False,False,False,False,False,False,True,False,False,False,False,False,False,False,True,False,False
Pakistan,Smartwatch,2025-07-15,Electronics,0.0,1065.735,,20.0,2.0,0.0,0.0,1,15,29,7,3,196,0,0.7818314824680298,0.6234898018587336,-0.4999999999999997,-0.8660254037844388,6.0,1,0.0,1,0.0,1,0.0,1,1.1428571428571428,2.2677868380553603,0.0,6.0,0.5714285714285714,0.4642857142857143,1.3188699668344837,0.0,6.0,2.4615384615384612,0,1065.735,0.0,0.0,False,False,True,False,False,False,False,False,False,False,False,False,False,False,False,False,False,False,False,False,False,False,False,False,False,True,False,False,False,False,False,False,False,True,False,False
Pakistan,Smartwatch,2025-07-16,Electronics,0.0,1065.735,,20.0,2.0,0.0,0.0,2,16,29,7,3,197,0,0.9749279121818236,-0.22252093395631434,-0.4999999999999997,-0.8660254037844388,0.0,1,0.0,1,0.0,1,0.0,1,1.1428571428571428,2.2677868380553603,0.0,6.0,0.5714285714285714,0.4642857142857143,1.3188699668344837,0.0,6.0,2.4615384615384612,0,1065.735,0.0,0.0,False,False,True,False,False,False,False,False,False,False,False,False,False,False,False,False,False,False,False,False,False,False,False,False,False,True,False,False,False,False,False,False,False,True,False,False
Pakistan,Smartwatch,2025-07-17,Electronics,0.0,1065.735,,20.0,2.0,0.0,0.0,3,17,29,7,3,198,0,0.43388373911755823,-0.900968867902419,-0.4999999999999997,-0.8660254037844388,0.0,1,0.0,1,0.0,1,2.0,1,1.1428571428571428,2.2677868380553603,0.0,6.0,0.5714285714285714,0.4642857142857143,1.3188699668344837,0.0,6.0,2.4615384615384612,0,1065.735,0.0,0.0,False,False,True,False,False,False,False,False,False,False,False,False,False,False,False,False,False,False,False,False,False,False,False,False,False,True,False,False,False,False,False,False,False,True,False,False
Pakistan,Smartwatch,2025-07-18,Electronics,1.0,196.03,0.08,20.0,2.0,1.0,0.0,4,18,29,7,3,199,0,-0.433883739117558,-0.9009688679024191,-0.4999999999999997,-0.8660254037844388,0.0,1,0.0,1,0.0,1,0.0,1,1.1428571428571428,2.2677868380553603,0.0,6.0,0.5714285714285714,0.39285714285714285,1.2863754913562009,0.0,6.0,2.909090909090909,1,1065.735,-869.7049999999999,-0.8160612159683224,False,False,True,False,False,False,False,False,False,False,False,False,False,False,False,False,False,False,False,False,False,False,False,False,False,True,False,False,False,False,False,False,False,True,False,False
Pakistan,Smartwatch,2025-07-19,Electronics,0.0,196.03,,20.0,2.0,0.0,0.0,5,19,29,7,3,200,1,-0.9749279121818236,-0.2225209339563146,-0.4999999999999997,-0.8660254037844388,1.0,1,0.0,1,0.0,1,0.0,1,1.2857142857142858,2.21466970556828,0.0,6.0,0.6428571428571429,0.42857142857142855,1.2889436222642414,0.0,6.0,3.0000000000000004,0,196.03,0.0,0.0,False,False,True,False,False,False,False,False,False,False,False,False,False,False,False,False,False,False,False,False,False,False,False,False,False,True,False,False,False,False,False,False,False,True,False,False
Pakistan,Smartwatch,2025-07-20,Electronics,1.0,1407.41,0.03,20.0,2.0,1.0,0.0,6,20,29,7,3,201,1,-0.7818314824680299,0.6234898018587334,-0.4999999999999997,-0.8660254037844388,0.0,1,2.0,1,0.0,1,0.0,1,1.2857142857142858,2.21466970556828,0.0,6.0,0.6428571428571429,0.42857142857142855,1.2889436222642414,0.0,6.0,3.0000000000000004,1,196.03,1211.38,6.179564352395042,False,False,True,False,False,False,False,False,False,False,False,False,False,False,False,False,False,False,False,False,False,False,False,False,False,True,False,False,False,False,False,False,False,True,False,False
Pakistan,Smartwatch,2025-07-21,Electronics,0.0,1407.41,,20.0,2.0,0.0,0.0,0,21,30,7,3,202,0,0.0,1.0,-0.4999999999999997,-0.8660254037844388,1.0,1,6.0,1,0.0,1,0.0,1,1.1428571428571428,2.193062655175131,0.0,6.0,0.7142857142857143,0.4642857142857143,1.2904820476643284,0.0,6.0,2.4615384615384612,0,1407.41,0.0,0.0,False,False,True,False,False,False,False,False,False,False,False,False,False,False,False,False,False,False,False,False,False,False,False,False,False,True,False,False,False,False,False,False,False,True,False,False
Pakistan,Smartwatch,2025-07-22,Electronics,0.0,1407.41,,20.0,2.0,0.0,0.0,1,22,30,7,3,203,0,0.7818314824680298,0.6234898018587336,-0.4999999999999997,-0.8660254037844388,0.0,1,0.0,1,0.0,1,0.0,1,0.2857142857142857,0.4879500364742499,0.0,1.0,0.7142857142857143,0.4642857142857143,1.2904820476643284,0.0,6.0,0.6153846153846153,0,1407.41,0.0,0.0,False,False,True,False,False,False,False,False,False,False,False,False,False,False,False,False,False,False,False,False,False,False,False,False,False,True,False,False,False,False,False,False,False,True,False,False
Pakistan,Smartwatch,2025-07-23,Electronics,1.0,913.9,0.12,20.0,2.0,1.0,0.0,2,23,30,7,3,204,0,0.9749279121818236,-0.22252093395631434,-0.4999999999999997,-0.8660254037844388,0.0,1,0.0,1,0.0,1,0.0,1,0.2857142857142857,0.4879500364742499,0.0,1.0,0.7142857142857143,0.4642857142857143,1.2904820476643284,0.0,6.0,0.6153846153846153,1,1407.41,-493.5100000000001,-0.3506511961688492,False,False,True,False,False,False,False,False,False,False,False,False,False,False,False,False,False,False,False,False,False,False,False,False,False,True,False,False,False,False,False,False,False,True,False,False
Pakistan,Smartwatch,2025-07-24,Electronics,0.0,913.9,,20.0,2.0,0.0,0.0,3,24,30,7,3,205,0,0.43388373911755823,-0.900968867902419,-0.4999999999999997,-0.8660254037844388,1.0,1,0.0,1,0.0,1,0.0,1,0.42857142857142855,0.5345224838248338,0.0,1.0,0.7857142857142857,0.5,1.2909944487358065,0.0,6.0,0.8571428571428571,0,913.9,0.0,0.0,False,False,True,False,False,False,False,False,False,False,False,False,False,False,False,False,False,False,False,False,False,False,False,False,False,True,False,False,False,False,False,False,False,True,False,False
Pakistan,Smartwatch,2025-07-25,Electronics,0.0,913.9,,20.0,2.0,0.0,0.0,4,25,30,7,3,206,0,-0.433883739117558,-0.9009688679024191,-0.4999999999999997,-0.8660254037844388,0.0,1,1.0,1,0.0,1,3.0,1,0.42857142857142855,0.5345224838248338,0.0,1.0,0.7857142857142857,0.5,1.2909944487358065,0.0,6.0,0.8571428571428571,0,913.9,0.0,0.0,False,False,True,False,False,False,False,False,False,False,False,False,False,False,False,False,False,False,False,False,False,False,False,False,False,True,False,False,False,False,False,False,False,True,False,False
Pakistan,Smartwatch,2025-07-26,Electronics,0.0,913.9,,20.0,2.0,0.0,0.0,5,26,30,7,3,207,1,-0.9749279121818236,-0.2225209339563146,-0.4999999999999997,-0.8660254037844388,0.0,1,0.0,1,0.0,1,0.0,1,0.2857142857142857,0.4879500364742499,0.0,1.0,0.7857142857142857,0.39285714285714285,1.1968874978625539,0.0,6.0,0.7272727272727273,0,913.9,0.0,0.0,False,False,True,False,False,False,False,False,False,False,False,False,False,False,False,False,False,False,False,False,False,False,False,False,False,True,False,False,False,False,False,False,False,True,False,False
Pakistan,Smartwatch,2025-07-27,Electronics,0.0,913.9,,20.0,2.0,0.0,0.0,6,27,30,7,3,208,1,-0.7818314824680299,0.6234898018587334,-0.4999999999999997,-0.8660254037844388,0.0,1,1.0,1,2.0,1,0.0,1,0.2857142857142857,0.4879500364742499,0.0,1.0,0.7857142857142857,0.39285714285714285,1.1968874978625539,0.0,6.0,0.7272727272727273,0,913.9,0.0,0.0,False,False,True,False,False,False,False,False,False,False,False,False,False,False,False,False,False,False,False,False,False,False,False,False,False,True,False,False,False,False,False,False,False,True,False,False
Pakistan,Smartwatch,2025-07-28,Electronics,0.0,913.9,,20.0,2.0,0.0,0.0,0,28,31,7,3,209,0,0.0,1.0,-0.4999999999999997,-0.8660254037844388,0.0,1,0.0,1,6.0,1,0.0,1,0.14285714285714285,0.3779644730092051,0.0,1.0,0.6428571428571429,0.39285714285714285,1.1968874978625539,0.0,6.0,0.36363636363636365,0,913.9,0.0,0.0,False,False,True,False,False,False,False,False,False,False,False,False,False,False,False,False,False,False,False,False,False,False,False,False,False,True,False,False,False,False,False,False,False,True,False,False
Pakistan,Smartwatch,2025-07-29,Electronics,0.0,913.9,,20.0,2.0,0.0,0.0,1,29,31,7,3,210,0,0.7818314824680298,0.6234898018587336,-0.4999999999999997,-0.8660254037844388,0.0,1,0.0,1,0.0,1,0.0,1,0.14285714285714285,0.3779644730092051,0.0,1.0,0.21428571428571427,0.39285714285714285,1.1968874978625539,0.0,6.0,0.36363636363636365,0,913.9,0.0,0.0,False,False,True,False,False,False,False,False,False,False,False,False,False,False,False,False,False,False,False,False,False,False,False,False,False,True,False,False,False,False,False,False,False,True,False,False
Pakistan,Smartwatch,2025-07-30,Electronics,0.0,913.9,,20.0,2.0,0.0,0.0,2,30,31,7,3,211,0,0.9749279121818236,-0.22252093395631434,-0.4999999999999997,-0.8660254037844388,0.0,1,1.0,1,0.0,1,0.0,1,0.14285714285714285,0.3779644730092051,0.0,1.0,0.21428571428571427,0.39285714285714285,1.1968874978625539,0.0,6.0,0.36363636363636365,0,913.9,0.0,0.0,False,False,True,False,False,False,False,False,False,False,False,False,False,False,False,False,False,False,False,False,False,False,False,False,False,True,False,False,False,False,False,False,False,True,False,False
Pakistan,Smartwatch,2025-07-31,Electronics,0.0,913.9,,20.0,2.0,0.0,0.0,3,31,31,7,3,212,0,0.43388373911755823,-0.900968867902419,-0.4999999999999997,-0.8660254037844388,0.0,1,0.0,1,0.0,1,0.0,1,0.0,0.0,0.0,0.0,0.21428571428571427,0.39285714285714285,1.1968874978625539,0.0,6.0,0.0,0,913.9,0.0,0.0,False,False,True,False,False,False,False,False,False,False,False,False,False,False,False,False,False,False,False,False,False,False,False,False,False,True,False,False,False,False,False,False,False,True,False,False
Pakistan,Smartwatch,2025-08-01,Electronics,0.0,913.9,,20.0,2.0,0.0,0.0,4,1,31,8,3,213,0,-0.433883739117558,-0.9009688679024191,-0.8660254037844385,-0.5000000000000004,0.0,1,0.0,1,1.0,1,0.0,1,0.0,0.0,0.0,0.0,0.21428571428571427,0.39285714285714285,1.1968874978625539,0.0,6.0,0.0,0,913.9,0.0,0.0,False,False,True,False,False,False,False,False,False,False,False,False,False,False,False,False,False,False,False,False,False,False,False,False,False,True,False,False,False,False,False,False,False,True,False,False
Pakistan,Smartwatch,2025-08-02,Electronics,2.0,236.58,0.06,20.0,2.0,1.0,0.0,5,2,31,8,3,214,1,-0.9749279121818236,-0.2225209339563146,-0.8660254037844385,-0.5000000000000004,0.0,1,0.0,1,0.0,1,0.0,1,0.0,0.0,0.0,0.0,0.14285714285714285,0.39285714285714285,1.1968874978625539,0.0,6.0,0.0,1,913.9,-677.3199999999999,-0.7411314148156253,False,False,True,False,False,False,False,False,False,False,False,False,False,False,False,False,False,False,False,False,False,False,False,False,False,True,False,False,False,False,False,False,False,True,False,False
Pakistan,Smartwatch,2025-08-03,Electronics,0.0,236.58,,20.0,2.0,0.0,0.0,6,3,31,8,3,215,1,-0.7818314824680299,0.6234898018587334,-0.8660254037844385,-0.5000000000000004,2.0,1,0.0,1,1.0,1,0.0,1,0.2857142857142857,0.7559289460184436,0.0,2.0,0.2857142857142857,0.4642857142857143,1.23174500899974,0.0,6.0,0.6153846153846153,0,236.58,0.0,0.0,False,False,True,False,False,False,False,False,False,False,False,False,False,False,False,False,False,False,False,False,False,False,False,False,False,True,False,False,False,False,False,False,False,True,False,False
Pakistan,Smartwatch,2025-08-04,Electronics,0.0,236.58,,20.0,2.0,0.0,0.0,0,4,32,8,3,216,0,0.0,1.0,-0.8660254037844385,-0.5000000000000004,0.0,1,0.0,1,0.0,1,0.0,1,0.2857142857142857,0.7559289460184436,0.0,2.0,0.21428571428571427,0.4642857142857143,1.23174500899974,0.0,6.0,0.6153846153846153,0,236.58,0.0,0.0,False,False,True,False,False,False,False,False,False,False,False,False,False,False,False,False,False,False,False,False,False,False,False,False,False,True,False,False,False,False,False,False,False,True,False,False
Pakistan,Smartwatch,2025-08-05,Electronics,0.0,236.58,,20.0,2.0,0.0,0.0,1,5,32,8,3,217,0,0.7818314824680298,0.6234898018587336,-0.8660254037844385,-0.5000000000000004,0.0,1,0.0,1,0.0,1,0.0,1,0.2857142857142857,0.7559289460184436,0.0,2.0,0.21428571428571427,0.4642857142857143,1.23174500899974,0.0,6.0,0.6153846153846153,0,236.58,0.0,0.0,False,False,True,False,False,False,False,False,False,False,False,False,False,False,False,False,False,False,False,False,False,False,False,False,False,True,False,False,False,False,False,False,False,True,False,False
Pakistan,Smartwatch,2025-08-06,Electronics,2.0,1154.53,0.09,20.0,2.0,1.0,0.0,2,6,32,8,3,218,0,0.9749279121818236,-0.22252093395631434,-0.8660254037844385,-0.5000000000000004,0.0,1,0.0,1,1.0,1,0.0,1,0.2857142857142857,0.7559289460184436,0.0,2.0,0.21428571428571427,0.4642857142857143,1.23174500899974,0.0,6.0,0.6153846153846153,1,236.58,917.9499999999999,3.8800828472398337,False,False,True,False,False,False,False,False,False,False,False,False,False,False,False,False,False,False,False,False,False,False,False,False,False,True,False,False,False,False,False,False,False,True,False,False
Pakistan,Smartwatch,2025-08-07,Electronics,1.0,127.26,0.04,20.0,2.0,1.0,0.0,3,7,32,8,3,219,0,0.43388373911755823,-0.900968867902419,-0.8660254037844385,-0.5000000000000004,2.0,1,0.0,1,0.0,1,0.0,1,0.5714285714285714,0.9759000729485251,0.0,2.0,0.2857142857142857,0.5357142857142857,1.261455445614249,0.0,6.0,1.0666666666666667,1,1154.53,-1027.27,-0.8897733276744649,False,False,True,False,False,False,False,False,False,False,False,False,False,False,False,False,False,False,False,False,False,False,False,False,False,True,False,False,False,False,False,False,False,True,False,False
Pakistan,Smartwatch,2025-08-08,Electronics,0.0,127.26,,20.0,2.0,0.0,0.0,4,8,32,8,3,220,0,-0.433883739117558,-0.9009688679024191,-0.8660254037844385,-0.5000000000000004,1.0,1,0.0,1,0.0,1,0.0,1,0.7142857142857143,0.9511897312113338,0.0,2.0,0.35714285714285715,0.5714285714285714,1.259881576697425,0.0,6.0,1.25,0,127.26,0.0,0.0,False,False,True,False,False,False,False,False,False,False,False,False,False,False,False,False,False,False,False,False,False,False,False,False,False,True,False,False,False,False,False,False,False,True,False,False
Pakistan,Smartwatch,2025-08-09,Electronics,3.0,369.61,0.04,20.0,2.0,1.0,0.0,5,9,32,8,3,221,1,-0.9749279121818236,-0.2225209339563146,-0.8660254037844385,-0.5000000000000004,0.0,1,2.0,1,0.0,1,0.0,1,0.7142857142857143,0.9511897312113338,0.0,2.0,0.35714285714285715,0.5714285714285714,1.259881576697425,0.0,6.0,1.25,1,127.26,242.35000000000002,1.9043690083294045,False,False,True,False,False,False,False,False,False,False,False,False,False,False,False,False,False,False,False,False,False,False,False,False,False,True,False,False,False,False,False,False,False,True,False,False
Pakistan,Smartwatch,2025-08-10,Electronics,0.0,369.61,,20.0,2.0,0.0,0.0,6,10,32,8,3,222,1,-0.7818314824680299,0.6234898018587334,-0.8660254037844385,-0.5000000000000004,3.0,1,0.0,1,0.0,1,2.0,1,0.8571428571428571,1.2149857925879055,0.0,3.0,0.5714285714285714,0.6785714285714286,1.3348205990866464,0.0,6.0,1.263157894736842,0,369.61,0.0,0.0,False,False,True,False,False,False,False,False,False,False,False,False,False,False,False,False,False,False,False,False,False,False,False,False,False,True,False,False,False,False,False,False,False,True,False,False
Pakistan,Smartwatch,2025-08-11,Electronics,0.0,369.61,,20.0,2.0,0.0,0.0,0,11,33,8,3,223,0,0.0,1.0,-0.8660254037844385,-0.5000000000000004,0.0,1,0.0,1,0.0,1,6.0,1,0.8571428571428571,1.2149857925879055,0.0,3.0,0.5714285714285714,0.6071428571428571,1.3148520748875063,0.0,6.0,1.411764705882353,0,369.61,0.0,0.0,False,False,True,False,False,False,False,False,False,False,False,False,False,False,False,False,False,False,False,False,False,False,False,False,False,True,False,False,False,False,False,False,False,True,False,False
Pakistan,Smartwatch,2025-08-12,Electronics,0.0,369.61,,20.0,2.0,0.0,0.0,1,12,33,8,3,224,0,0.7818314824680298,0.6234898018587336,-0.8660254037844385,-0.5000000000000004,0.0,1,0.0,1,0.0,1,0.0,1,0.8571428571428571,1.2149857925879055,0.0,3.0,0.5714285714285714,0.39285714285714285,0.785954749158544,0.0,3.0,2.1818181818181817,0,369.61,0.0,0.0,False,False,True,False,False,False,False,False,False,False,False,False,False,False,False,False,False,False,False,False,False,False,False,False,False,True,False,False,False,False,False,False,False,True,False,False
Pakistan,Smartwatch,2025-08-13,Electronics,1.0,234.94,0.04,20.0,2.0,1.0,0.0,2,13,33,8,3,225,0,0.9749279121818236,-0.22252093395631434,-0.8660254037844385,-0.5000000000000004,0.0,1,2.0,1,0.0,1,0.0,1,0.8571428571428571,1.2149857925879055,0.0,3.0,0.5714285714285714,0.39285714285714285,0.785954749158544,0.0,3.0,2.1818181818181817,1,369.61,-134.67000000000002,-0.3643570249722681,False,False,True,False,False,False,False,False,False,False,False,False,False,False,False,False,False,False,False,False,False,False,False,False,False,True,False,False,False,False,False,False,False,True,False,False
Pakistan,Smartwatch,2025-08-14,Electronics,3.0,1224.12,0.12,20.0,2.0,1.0,0.0,3,14,33,8,3,226,0,0.43388373911755823,-0.900968867902419,-0.8660254037844385,-0.5000000000000004,1.0,1,1.0,1,0.0,1,0.0,1,0.7142857142857143,1.1126972805283666,0.0,3.0,0.6428571428571429,0.42857142857142855,0.7901510136288039,0.0,3.0,1.6666666666666667,1,234.94,989.1799999999998,4.210351579126585,False,False,True,False,False,False,False,False,False,False,False,False,False,False,False,False,False,False,False,False,False,False,False,False,False,True,False,False,False,False,False,False,False,True,False,False
Pakistan,Smartwatch,2025-08-15,Electronics,0.0,1224.12,,20.0,2.0,0.0,0.0,4,15,33,8,3,227,0,-0.433883739117558,-0.9009688679024191,-0.8660254037844385,-0.5000000000000004,3.0,1,0.0,1,0.0,1,1.0,1,1.0,1.41421356237309,0.0,3.0,0.8571428571428571,0.5357142857142857,0.9222413461394487,0.0,3.0,1.8666666666666667,0,1224.12,0.0,0.0,False,False,True,False,False,False,False,False,False,False,False,False,False,False,False,False,False,False,False,False,False,False,False,False,False,True,False,False,False,False,False,False,False,True,False,False
Pakistan,Smartwatch,2025-08-16,Electronics,3.0,808.69,0.12,20.0,2.0,1.0,0.0,5,16,33,8,3,228,1,-0.9749279121818236,-0.2225209339563146,-0.8660254037844385,-0.5000000000000004,0.0,1,3.0,1,2.0,1,0.0,1,1.0,1.41421356237309,0.0,3.0,0.8571428571428571,0.5,0.9229582069908983,0.0,3.0,2.0,1,1224.12,-415.42999999999984,-0.33937032317093085,False,False,True,False,False,False,False,False,False,False,False,False,False,False,False,False,False,False,False,False,False,False,False,False,False,True,False,False,False,False,False,False,False,True,False,False
Pakistan,Smartwatch,2025-08-17,Electronics,0.0,808.69,,20.0,2.0,0.0,0.0,6,17,33,8,3,229,1,-0.7818314824680299,0.6234898018587334,-0.8660254037844385,-0.5000000000000004,3.0,1,0.0,1,0.0,1,1.0,1,1.0,1.41421356237309,0.0,3.0,0.9285714285714286,0.6071428571428571,1.030615986761953,0.0,3.0,1.647058823529412,0,808.69,0.0,0.0,False,False,True,False,False,False,False,False,False,False,False,False,False,False,False,False,False,False,False,False,False,False,False,False,False,True,False,False,False,False,False,False,False,True,False,False
Pakistan,Smartwatch,2025-08-18,Electronics,0.0,808.69,,20.0,2.0,0.0,0.0,0,18,34,8,3,230,0,0.0,1.0,-0.8660254037844385,-0.5000000000000004,0.0,1,0.0,1,0.0,1,0.0,1,1.0,1.41421356237309,0.0,3.0,0.9285714285714286,0.5714285714285714,1.0338196500275425,0.0,3.0,1.75,0,808.69,0.0,0.0,False,False,True,False,False,False,False,False,False,False,False,False,False,False,False,False,False,False,False,False,False,False,False,False,False,True,False,False,False,False,False,False,False,True,False,False
Pakistan,Smartwatch,2025-08-19,Electronics,0.0,808.69,,20.0,2.0,0.0,0.0,1,19,34,8,3,231,0,0.7818314824680298,0.6234898018587336,-0.8660254037844385,-0.5000000000000004,0.0,1,0.0,1,0.0,1,0.0,1,1.0,1.41421356237309,0.0,3.0,0.9285714285714286,0.5714285714285714,1.0338196500275425,0.0,3.0,1.75,0,808.69,0.0,0.0,False,False,True,False,False,False,False,False,False,False,False,False,False,False,False,False,False,False,False,False,False,False,False,False,False,True,False,False,False,False,False,False,False,True,False,False
Pakistan,Smartwatch,2025-08-20,Electronics,3.0,1226.22,0.14,20.0,2.0,1.0,0.0,2,20,34,8,3,232,0,0.9749279121818236,-0.22252093395631434,-0.8660254037844385,-0.5000000000000004,0.0,1,1.0,1,2.0,1,1.0,1,1.0,1.41421356237309,0.0,3.0,0.9285714285714286,0.5714285714285714,1.0338196500275425,0.0,3.0,1.75,1,808.69,417.53,0.5163041462117746,False,False,True,False,False,False,False,False,False,False,False,False,False,False,False,False,False,False,False,False,False,False,False,False,False,True,False,False,False,False,False,False,False,True,False,False
Pakistan,Smartwatch,2025-08-21,Electronics,0.0,1226.22,,20.0,2.0,0.0,0.0,3,21,34,8,3,233,0,0.43388373911755823,-0.900968867902419,-0.8660254037844385,-0.5000000000000004,3.0,1,3.0,1,1.0,1,0.0,1,1.2857142857142858,1.6035674514745422,0.0,3.0,1.0,0.6428571428571429,1.1292175499576143,0.0,3.0,2.0,0,1226.22,0.0,0.0,False,False,True,False,False,False,False,False,False,False,False,False,False,False,False,False,False,False,False,False,False,False,False,False,False,True,False,False,False,False,False,False,False,True,False,False
Pakistan,Smartwatch,2025-08-22,Electronics,0.0,1226.22,,20.0,2.0,0.0,0.0,4,22,34,8,3,234,0,-0.433883739117558,-0.9009688679024191,-0.8660254037844385,-0.5000000000000004,0.0,1,0.0,1,0.0,1,0.0,1,0.8571428571428571,1.4638501094227947,0.0,3.0,0.9285714285714286,0.6428571428571429,1.1292175499576143,0.0,3.0,1.3333333333333333,0,1226.22,0.0,0.0,False,False,True,False,False,False,False,False,False,False,False,False,False,False,False,False,False,False,False,False,False,False,False,False,False,True,False,False,False,False,False,False,False,True,False,False
Pakistan,Smartwatch,2025-08-23,Electronics,0.0,1226.22,,20.0,2.0,0.0,0.0,5,23,34,8,3,235,1,-0.9749279121818236,-0.2225209339563146,-0.8660254037844385,-0.5000000000000004,0.0,1,3.0,1,3.0,1,0.0,1,0.8571428571428571,1.4638501094227947,0.0,3.0,0.9285714285714286,0.6428571428571429,1.1292175499576143,0.0,3.0,1.3333333333333333,0,1226.22,0.0,0.0,False,False,True,False,False,False,False,False,False,False,False,False,False,False,False,False,False,False,False,False,False,False,False,False,False,True,False,False,False,False,False,False,False,True,False,False
Pakistan,Smartwatch,2025-08-24,Electronics,0.0,1226.22,,20.0,2.0,0.0,0.0,6,24,34,8,3,236,1,-0.7818314824680299,0.6234898018587334,-0.8660254037844385,-0.5000000000000004,0.0,1,0.0,1,0.0,1,0.0,1,0.42857142857142855,1.1338934190276746,0.0,3.0,0.7142857142857143,0.6428571428571429,1.1292175499576143,0.0,3.0,0.6666666666666666,0,1226.22,0.0,0.0,False,False,True,False,False,False,False,False,False,False,False,False,False,False,False,False,False,False,False,False,False,False,False,False,False,True,False,False,False,False,False,False,False,True,False,False
Pakistan,Smartwatch,2025-08-25,Electronics,0.0,1226.22,,20.0,2.0,0.0,0.0,0,25,35,8,3,237,0,0.0,1.0,-0.8660254037844385,-0.5000000000000004,0.0,1,0.0,1,0.0,1,0.0,1,0.42857142857142855,1.1338934190276746,0.0,3.0,0.7142857142857143,0.6428571428571429,1.1292175499576143,0.0,3.0,0.6666666666666666,0,1226.22,0.0,0.0,False,False,True,False,False,False,False,False,False,False,False,False,False,False,False,False,False,False,False,False,False,False,False,False,False,True,False,False,False,False,False,False,False,True,False,False
Pakistan,Smartwatch,2025-08-26,Electronics,0.0,1226.22,,20.0,2.0,0.0,0.0,1,26,35,8,3,238,0,0.7818314824680298,0.6234898018587336,-0.8660254037844385,-0.5000000000000004,0.0,1,0.0,1,0.0,1,0.0,1,0.42857142857142855,1.1338934190276746,0.0,3.0,0.7142857142857143,0.6428571428571429,1.1292175499576143,0.0,3.0,0.6666666666666666,0,1226.22,0.0,0.0,False,False,True,False,False,False,False,False,False,False,False,False,False,False,False,False,False,False,False,False,False,False,False,False,False,True,False,False,False,False,False,False,False,True,False,False
Pakistan,Smartwatch,2025-08-27,Electronics,6.0,1037.775,0.13,20.0,2.0,1.0,0.0,2,27,35,8,3,239,0,0.9749279121818236,-0.22252093395631434,-0.8660254037844385,-0.5000000000000004,0.0,1,3.0,1,1.0,1,0.0,1,0.42857142857142855,1.1338934190276746,0.0,3.0,0.7142857142857143,0.6428571428571429,1.1292175499576143,0.0,3.0,0.6666666666666666,1,1226.22,-188.44499999999994,-0.1536796007241767,False,False,True,False,False,False,False,False,False,False,False,False,False,False,False,False,False,False,False,False,False,False,False,False,False,True,False,False,False,False,False,False,False,True,False,False
Pakistan,Smartwatch,2025-08-28,Electronics,0.0,1037.775,,20.0,2.0,0.0,0.0,3,28,35,8,3,240,0,0.43388373911755823,-0.900968867902419,-0.8660254037844385,-0.5000000000000004,6.0,1,0.0,1,3.0,1,0.0,1,0.8571428571428571,2.2677868380553603,0.0,6.0,1.0714285714285714,0.8571428571428571,1.5083541610418545,0.0,6.0,1.0,0,1037.775,0.0,0.0,False,False,True,False,False,False,False,False,False,False,False,False,False,False,False,False,False,False,False,False,False,False,False,False,False,True,False,False,False,False,False,False,False,True,False,False
Pakistan,Smartwatch,2025-08-29,Electronics,1.0,233.73,0.1,20.0,2.0,1.0,0.0,4,29,35,8,3,241,0,-0.433883739117558,-0.9009688679024191,-0.8660254037844385,-0.5000000000000004,0.0,1,0.0,1,0.0,1,0.0,1,0.8571428571428571,2.2677868380553603,0.0,6.0,0.8571428571428571,0.8571428571428571,1.5083541610418545,0.0,6.0,1.0,1,1037.775,-804.0450000000001,-0.7747777697477777,False,False,True,False,False,False,False,False,False,False,False,False,False,False,False,False,False,False,False,False,False,False,False,False,False,True,False,False,False,False,False,False,False,True,False,False
Pakistan,Smartwatch,2025-08-30,Electronics,3.0,534.17,0.11,20.0,2.0,1.0,0.0,5,30,35,8,3,242,1,-0.9749279121818236,-0.2225209339563146,-0.8660254037844385,-0.5000000000000004,1.0,1,0.0,1,3.0,1,2.0,1,1.0,2.2360679774997867,0.0,6.0,0.9285714285714286,0.8928571428571429,1.499117906421806,0.0,6.0,1.1199999999999999,1,233.73,300.43999999999994,1.2854147948487569,False,False,True,False,False,False,False,False,False,False,False,False,False,False,False,False,False,False,False,False,False,False,False,False,False,True,False,False,False,False,False,False,False,True,False,False
Pakistan,Smartwatch,2025-08-31,Electronics,0.0,534.17,,20.0,2.0,0.0,0.0,6,31,35,8,3,243,1,-0.7818314824680299,0.6234898018587334,-0.8660254037844385,-0.5000000000000004,3.0,1,0.0,1,0.0,1,0.0,1,1.4285714285714286,2.2990681342044375,0.0,6.0,0.9285714285714286,0.9285714285714286,1.537881453519538,0.0,6.0,1.5384615384615385,0,534.17,0.0,0.0,False,False,True,False,False,False,False,False,False,False,False,False,False,False,False,False,False,False,False,False,False,False,False,False,False,True,False,False,False,False,False,False,False,True,False,False
Pakistan,Smartwatch,2025-09-01,Electronics,0.0,534.17,,20.0,2.0,0.0,0.0,0,1,36,9,3,244,0,0.0,1.0,-1.0,-1.8369701987210297e-16,0.0,1,0.0,1,0.0,1,0.0,1,1.4285714285714286,2.2990681342044375,0.0,6.0,0.9285714285714286,0.9285714285714286,1.537881453519538,0.0,6.0,1.5384615384615385,0,534.17,0.0,0.0,False,False,True,False,False,False,False,False,False,False,False,False,False,False,False,False,False,False,False,False,False,False,False,False,False,True,False,False,False,False,False,False,False,True,False,False
Pakistan,Smartwatch,2025-09-02,Electronics,0.0,534.17,,20.0,2.0,0.0,0.0,1,2,36,9,3,245,0,0.7818314824680298,0.6234898018587336,-1.0,-1.8369701987210297e-16,0.0,1,0.0,1,0.0,1,0.0,1,1.4285714285714286,2.2990681342044375,0.0,6.0,0.9285714285714286,0.9285714285714286,1.537881453519538,0.0,6.0,1.5384615384615385,0,534.17,0.0,0.0,False,False,True,False,False,False,False,False,False,False,False,False,False,False,False,False,False,False,False,False,False,False,False,False,False,True,False,False,False,False,False,False,False,True,False,False
Pakistan,Smartwatch,2025-09-03,Electronics,0.0,534.17,,20.0,2.0,0.0,0.0,2,3,36,9,3,246,0,0.9749279121818236,-0.22252093395631434,-1.0,-1.8369701987210297e-16,0.0,1,6.0,1,3.0,1,2.0,1,1.4285714285714286,2.2990681342044375,0.0,6.0,0.9285714285714286,0.9285714285714286,1.537881453519538,0.0,6.0,1.5384615384615385,0,534.17,0.0,0.0,False,False,True,False,False,False,False,False,False,False,False,False,False,False,False,False,False,False,False,False,False,False,False,False,False,True,False,False,False,False,False,False,False,True,False,False
Pakistan,Smartwatch,2025-09-04,Electronics,1.0,681.77,0.01,20.0,2.0,1.0,0.0,3,4,36,9,3,247,0,0.43388373911755823,-0.900968867902419,-1.0,-1.8369701987210297e-16,0.0,1,0.0,1,0.0,1,1.0,1,0.5714285714285714,1.1338934190276746,0.0,3.0,0.7142857142857143,0.8571428571428571,1.5327120894696273,0.0,6.0,0.6666666666666666,1,534.17,147.60000000000002,0.2763165284460004,False,False,True,False,False,False,False,False,False,False,False,False,False,False,False,False,False,False,False,False,False,False,False,False,False,True,False,False,False,False,False,False,False,True,False,False
Pakistan,Smartwatch,2025-09-05,Electronics,0.0,681.77,,20.0,2.0,0.0,0.0,4,5,36,9,3,248,0,-0.433883739117558,-0.9009688679024191,-1.0,-1.8369701987210297e-16,1.0,1,1.0,1,0.0,1,0.0,1,0.7142857142857143,1.1126972805283666,0.0,3.0,0.7857142857142857,0.8571428571428571,1.5327120894696273,0.0,6.0,0.8333333333333334,0,681.77,0.0,0.0,False,False,True,False,False,False,False,False,False,False,False,False,False,False,False,False,False,False,False,False,False,False,False,False,False,True,False,False,False,False,False,False,False,True,False,False
Pakistan,Smartwatch,2025-09-06,Electronics,0.0,681.77,,20.0,2.0,0.0,0.0,5,6,36,9,3,249,1,-0.9749279121818236,-0.2225209339563146,-1.0,-1.8369701987210297e-16,0.0,1,3.0,1,0.0,1,3.0,1,0.5714285714285714,1.1338934190276746,0.0,3.0,0.7857142857142857,0.8571428571428571,1.5327120894696273,0.0,6.0,0.6666666666666666,0,681.77,0.0,0.0,False,False,True,False,False,False,False,False,False,False,False,False,False,False,False,False,False,False,False,False,False,False,False,False,False,True,False,False,False,False,False,False,False,True,False,False
Pakistan,Smartwatch,2025-09-07,Electronics,0.0,681.77,,20.0,2.0,0.0,0.0,6,7,36,9,3,250,1,-0.7818314824680299,0.6234898018587334,-1.0,-1.8369701987210297e-16,0.0,1,0.0,1,0.0,1,0.0,1,0.14285714285714285,0.37796447300920477,0.0,1.0,0.7857142857142857,0.75,1.4813657362192654,0.0,6.0,0.19047619047619047,0,681.77,0.0,0.0,False,False,True,False,False,False,False,False,False,False,False,False,False,False,False,False,False,False,False,False,False,False,False,False,False,True,False,False,False,False,False,False,False,True,False,False
Pakistan,Smartwatch,2025-09-08,Electronics,0.0,681.77,,20.0,2.0,0.0,0.0,0,8,37,9,3,251,0,0.0,1.0,-1.0,-1.8369701987210297e-16,0.0,1,0.0,1,0.0,1,0.0,1,0.14285714285714285,0.37796447300920477,0.0,1.0,0.7857142857142857,0.75,1.4813657362192654,0.0,6.0,0.19047619047619047,0,681.77,0.0,0.0,False,False,True,False,False,False,False,False,False,False,False,False,False,False,False,False,False,False,False,False,False,False,False,False,False,True,False,False,False,False,False,False,False,True,False,False
Pakistan,Smartwatch,2025-09-09,Electronics,0.0,681.77,,20.0,2.0,0.0,0.0,1,9,37,9,3,252,0,0.7818314824680298,0.6234898018587336,-1.0,-1.8369701987210297e-16,0.0,1,0.0,1,0.0,1,0.0,1,0.14285714285714285,0.37796447300920477,0.0,1.0,0.7857142857142857,0.75,1.4813657362192654,0.0,6.0,0.19047619047619047,0,681.77,0.0,0.0,False,False,True,False,False,False,False,False,False,False,False,False,False,False,False,False,False,False,False,False,False,False,False,False,False,True,False,False,False,False,False,False,False,True,False,False
Pakistan,Smartwatch,2025-09-10,Electronics,0.0,681.77,,20.0,2.0,0.0,0.0,2,10,37,9,3,253,0,0.9749279121818236,-0.22252093395631434,-1.0,-1.8369701987210297e-16,0.0,1,0.0,1,6.0,1,1.0,1,0.14285714285714285,0.37796447300920477,0.0,1.0,0.7857142857142857,0.75,1.4813657362192654,0.0,6.0,0.19047619047619047,0,681.77,0.0,0.0,False,False,True,False,False,False,False,False,False,False,False,False,False,False,False,False,False,False,False,False,False,False,False,False,False,True,False,False,False,False,False,False,False,True,False,False
Pakistan,Smartwatch,2025-09-11,Electronics,0.0,681.77,,20.0,2.0,0.0,0.0,3,11,37,9,3,254,0,0.43388373911755823,-0.900968867902419,-1.0,-1.8369701987210297e-16,0.0,1,1.0,1,0.0,1,3.0,1,0.14285714285714285,0.37796447300920477,0.0,1.0,0.35714285714285715,0.7142857142857143,1.4871584352852971,0.0,6.0,0.19999999999999998,0,681.77,0.0,0.0,False,False,True,False,False,False,False,False,False,False,False,False,False,False,False,False,False,False,False,False,False,False,False,False,False,True,False,False,False,False,False,False,False,True,False,False
Pakistan,Smartwatch,2025-09-12,Electronics,0.0,681.77,,20.0,2.0,0.0,0.0,4,12,37,9,3,255,0,-0.433883739117558,-0.9009688679024191,-1.0,-1.8369701987210297e-16,0.0,1,0.0,1,1.0,1,0.0,1,0.0,0.0,0.0,0.0,0.35714285714285715,0.6071428571428571,1.4230714230607953,0.0,6.0,0.0,0,681.77,0.0,0.0,False,False,True,False,False,False,False,False,False,False,False,False,False,False,False,False,False,False,False,False,False,False,False,False,False,True,False,False,False,False,False,False,False,True,False,False
Pakistan,Smartwatch,2025-09-13,Electronics,0.0,681.77,,20.0,2.0,0.0,0.0,5,13,37,9,3,256,1,-0.9749279121818236,-0.2225209339563146,-1.0,-1.8369701987210297e-16,0.0,1,0.0,1,3.0,1,3.0,1,0.0,0.0,0.0,0.0,0.2857142857142857,0.6071428571428571,1.4230714230607953,0.0,6.0,0.0,0,681.77,0.0,0.0,False,False,True,False,False,False,False,False,False,False,False,False,False,False,False,False,False,False,False,False,False,False,False,False,False,True,False,False,False,False,False,False,False,True,False,False
Pakistan,Smartwatch,2025-09-14,Electronics,2.0,1254.5,0.12,20.0,2.0,1.0,0.0,6,14,37,9,3,257,1,-0.7818314824680299,0.6234898018587334,-1.0,-1.8369701987210297e-16,0.0,1,0.0,1,0.0,1,0.0,1,0.0,0.0,0.0,0.0,0.07142857142857142,0.5,1.3471506281091274,0.0,6.0,0.0,1,681.77,572.73,0.8400633644777564,False,False,True,False,False,False,False,False,False,False,False,False,False,False,False,False,False,False,False,False,False,False,False,False,False,True,False,False,False,False,False,False,False,True,False,False
Pakistan,Smartwatch,2025-09-15,Electronics,0.0,1254.5,,20.0,2.0,0.0,0.0,0,15,38,9,3,258,0,0.0,1.0,-1.0,-1.8369701987210297e-16,2.0,1,0.0,1,0.0,1,0.0,1,0.2857142857142857,0.7559289460184435,0.0,2.0,0.21428571428571427,0.5714285714285714,1.3724423061090347,0.0,6.0,0.5,0,1254.5,0.0,0.0,False,False,True,False,False,False,False,False,False,False,False,False,False,False,False,False,False,False,False,False,False,False,False,False,False,True,False,False,False,False,False,False,False,True,False,False
Pakistan,Smartwatch,2025-09-16,Electronics,2.0,631.77,0.02,20.0,2.0,1.0,0.0,1,16,38,9,3,259,0,0.7818314824680298,0.6234898018587336,-1.0,-1.8369701987210297e-16,0.0,1,0.0,1,0.0,1,0.0,1,0.2857142857142857,0.7559289460184435,0.0,2.0,0.21428571428571427,0.5714285714285714,1.3724423061090347,0.0,6.0,0.5,1,1254.5,-622.73,-0.49639697090474294,False,False,True,False,False,False,False,False,False,False,False,False,False,False,False,False,False,False,False,False,False,False,False,False,False,True,False,False,False,False,False,False,False,True,False,False
Pakistan,Smartwatch,2025-09-17,Electronics,0.0,631.77,,20.0,2.0,0.0,0.0,2,17,38,9,3,260,0,0.9749279121818236,-0.22252093395631434,-1.0,-1.8369701987210297e-16,2.0,1,0.0,1,0.0,1,3.0,1,0.5714285714285714,0.9759000729485251,0.0,2.0,0.35714285714285715,0.6428571428571429,1.3934844605516574,0.0,6.0,0.8888888888888887,0,631.77,0.0,0.0,False,False,True,False,False,False,False,False,False,False,False,False,False,False,False,False,False,False,False,False,False,False,False,False,False,True,False,False,False,False,False,False,False,True,False,False
Pakistan,Smartwatch,2025-09-18,Electronics,1.0,962.63,0.05,20.0,2.0,1.0,0.0,3,18,38,9,3,261,0,0.43388373911755823,-0.900968867902419,-1.0,-1.8369701987210297e-16,0.0,1,0.0,1,1.0,1,0.0,1,0.5714285714285714,0.9759000729485251,0.0,2.0,0.35714285714285715,0.5357142857142857,1.3188699668344834,0.0,6.0,1.0666666666666667,1,631.77,330.86,0.5237032464346202,False,False,True,False,False,False,False,False,False,False,False,False,False,False,False,False,False,False,False,False,False,False,False,False,False,True,False,False,False,False,False,False,False,True,False,False
Pakistan,Smartwatch,2025-09-19,Electronics,0.0,962.63,,20.0,2.0,0.0,0.0,4,19,38,9,3,262,0,-0.433883739117558,-0.9009688679024191,-1.0,-1.8369701987210297e-16,1.0,1,0.0,1,0.0,1,0.0,1,0.7142857142857143,0.9511897312113337,0.0,2.0,0.35714285714285715,0.5714285714285714,1.3173646934124723,0.0,6.0,1.25,0,962.63,0.0,0.0,False,False,True,False,False,False,False,False,False,False,False,False,False,False,False,False,False,False,False,False,False,False,False,False,False,True,False,False,False,False,False,False,False,True,False,False
Pakistan,Smartwatch,2025-09-20,Electronics,0.0,962.63,,20.0,2.0,0.0,0.0,5,20,38,9,3,263,1,-0.9749279121818236,-0.2225209339563146,-1.0,-1.8369701987210297e-16,0.0,1,0.0,1,0.0,1,0.0,1,0.7142857142857143,0.9511897312113337,0.0,2.0,0.35714285714285715,0.5714285714285714,1.3173646934124723,0.0,6.0,1.25,0,962.63,0.0,0.0,False,False,True,False,False,False,False,False,False,False,False,False,False,False,False,False,False,False,False,False,False,False,False,False,False,True,False,False,False,False,False,False,False,True,False,False
Pakistan,Smartwatch,2025-09-21,Electronics,0.0,962.63,,20.0,2.0,0.0,0.0,6,21,38,9,3,264,1,-0.7818314824680299,0.6234898018587334,-1.0,-1.8369701987210297e-16,0.0,1,2.0,1,0.0,1,0.0,1,0.7142857142857143,0.9511897312113337,0.0,2.0,0.35714285714285715,0.5714285714285714,1.3173646934124723,0.0,6.0,1.25,0,962.63,0.0,0.0,False,False,True,False,False,False,False,False,False,False,False,False,False,False,False,False,False,False,False,False,False,False,False,False,False,True,False,False,False,False,False,False,False,True,False,False
Pakistan,Smartwatch,2025-09-22,Electronics,0.0,962.63,,20.0,2.0,0.0,0.0,0,22,39,9,3,265,0,0.0,1.0,-1.0,-1.8369701987210297e-16,0.0,1,0.0,1,0.0,1,0.0,1,0.42857142857142855,0.7867957924694328,0.0,2.0,0.35714285714285715,0.5714285714285714,1.3173646934124723,0.0,6.0,0.75,0,962.63,0.0,0.0,False,False,True,False,False,False,False,False,False,False,False,False,False,False,False,False,False,False,False,False,False,False,False,False,False,True,False,False,False,False,False,False,False,True,False,False
Pakistan,Smartwatch,2025-09-23,Electronics,3.0,1290.84,0.11,20.0,2.0,1.0,0.0,1,23,39,9,3,266,0,0.7818314824680298,0.6234898018587336,-1.0,-1.8369701987210297e-16,0.0,1,2.0,1,0.0,1,0.0,1,0.42857142857142855,0.7867957924694328,0.0,2.0,0.35714285714285715,0.5714285714285714,1.3173646934124723,0.0,6.0,0.75,1,962.63,328.2099999999999,0.34095135202518095,False,False,True,False,False,False,False,False,False,False,False,False,False,False,False,False,False,False,False,False,False,False,False,False,False,True,False,False,False,False,False,False,False,True,False,False
Pakistan,Smartwatch,2025-09-24,Electronics,2.0,253.93,0.04,20.0,2.0,1.0,0.0,2,24,39,9,3,267,0,0.9749279121818236,-0.22252093395631434,-1.0,-1.8369701987210297e-16,3.0,1,0.0,1,0.0,1,6.0,1,0.5714285714285714,1.1338934190276746,0.0,3.0,0.5714285714285714,0.6785714285714286,1.389206312933461,0.0,6.0,0.8421052631578947,1,1290.84,-1036.9099999999999,-0.8032831334634811,False,False,True,False,False,False,False,False,False,False,False,False,False,False,False,False,False,False,False,False,False,False,False,False,False,True,False,False,False,False,False,False,False,True,False,False
Pakistan,Smartwatch,2025-09-25,Electronics,3.0,1148.7,0.04,20.0,2.0,1.0,0.0,3,25,39,9,3,268,0,0.43388373911755823,-0.900968867902419,-1.0,-1.8369701987210297e-16,2.0,1,1.0,1,0.0,1,0.0,1,0.8571428571428571,1.2149857925879055,0.0,3.0,0.7142857142857143,0.5357142857142857,0.9615628812527948,0.0,3.0,1.5999999999999999,1,253.93,894.77,3.523687630449336,False,False,True,False,False,False,False,False,False,False,False,False,False,False,False,False,False,False,False,False,False,False,False,False,False,True,False,False,False,False,False,False,False,True,False,False
Pakistan,Smartwatch,2025-09-26,Electronics,2.0,289.37,0.12,20.0,2.0,1.0,0.0,4,26,39,9,3,269,0,-0.433883739117558,-0.9009688679024191,-1.0,-1.8369701987210297e-16,3.0,1,0.0,1,0.0,1,1.0,1,1.1428571428571428,1.463850109422795,0.0,3.0,0.9285714285714286,0.6428571428571429,1.0615950861718082,0.0,3.0,1.7777777777777775,1,1148.7,-859.33,-0.7480891442500218,False,False,True,False,False,False,False,False,False,False,False,False,False,False,False,False,False,False,False,False,False,False,False,False,False,True,False,False,False,False,False,False,False,True,False,False
Pakistan,Smartwatch,2025-09-27,Electronics,0.0,289.37,,20.0,2.0,0.0,0.0,5,27,39,9,3,270,1,-0.9749279121818236,-0.2225209339563146,-1.0,-1.8369701987210297e-16,2.0,1,0.0,1,0.0,1,3.0,1,1.4285714285714286,1.397276262011539,0.0,3.0,1.0714285714285714,0.6785714285714286,1.0904831219021416,0.0,3.0,2.1052631578947367,0,289.37,0.0,0.0,False,False,True,False,False,False,False,False,False,False,False,False,False,False,False,False,False,False,False,False,False,False,False,False,False,True,False,False,False,False,False,False,False,True,False,False
Pakistan,Smartwatch,2025-09-28,Electronics,0.0,289.37,,20.0,2.0,0.0,0.0,6,28,39,9,3,271,1,-0.7818314824680299,0.6234898018587334,-1.0,-1.8369701987210297e-16,0.0,1,0.0,1,2.0,1,0.0,1,1.4285714285714286,1.397276262011539,0.0,3.0,1.0714285714285714,0.5714285714285714,0.9973509887241284,0.0,3.0,2.5,0,289.37,0.0,0.0,False,False,True,False,False,False,False,False,False,False,False,False,False,False,False,False,False,False,False,False,False,False,False,False,False,True,False,False,False,False,False,False,False,True,False,False
Pakistan,Smartwatch,2025-09-29,Electronics,0.0,289.37,,20.0,2.0,0.0,0.0,0,29,40,9,3,272,0,0.0,1.0,-1.0,-1.8369701987210297e-16,0.0,1,0.0,1,0.0,1,0.0,1,1.4285714285714286,1.397276262011539,0.0,3.0,0.9285714285714286,0.5714285714285714,0.9973509887241284,0.0,3.0,2.5,0,289.37,0.0,0.0,False,False,True,False,False,False,False,False,False,False,False,False,False,False,False,False,False,False,False,False,False,False,False,False,False,True,False,False,False,False,False,False,False,True,False,False
Pakistan,Smartwatch,2025-09-30,Electronics,0.0,289.37,,20.0,2.0,0.0,0.0,1,30,40,9,3,273,0,0.7818314824680298,0.6234898018587336,-1.0,-1.8369701987210297e-16,0.0,1,3.0,1,2.0,1,0.0,1,1.4285714285714286,1.397276262011539,0.0,3.0,0.9285714285714286,0.5714285714285714,0.9973509887241284,0.0,3.0,2.5,0,289.37,0.0,0.0,False,False,True,False,False,False,False,False,False,False,False,False,False,False,False,False,False,False,False,False,False,False,False,False,False,True,False,False,False,False,False,False,False,True,False,False
Pakistan,Smartwatch,2025-10-01,Electronics,0.0,289.37,,20.0,2.0,0.0,0.0,2,1,40,10,4,274,0,0.9749279121818236,-0.22252093395631434,-0.8660254037844386,0.5000000000000001,0.0,1,2.0,1,0.0,1,0.0,1,1.0,1.2909944487358,0.0,3.0,0.7857142857142857,0.5714285714285714,0.9973509887241284,0.0,3.0,1.75,0,289.37,0.0,0.0,False,False,True,False,False,False,False,False,False,False,False,False,False,False,False,False,False,False,False,False,False,False,False,False,False,True,False,False,False,False,False,False,False,True,False,False
Pakistan,Smartwatch,2025-10-02,Electronics,0.0,289.37,,20.0,2.0,0.0,0.0,3,2,40,10,4,275,0,0.43388373911755823,-0.900968867902419,-0.8660254037844386,0.5000000000000001,0.0,1,3.0,1,1.0,1,1.0,1,0.7142857142857143,1.2535663410560114,0.0,3.0,0.7857142857142857,0.5714285714285714,0.9973509887241284,0.0,3.0,1.25,0,289.37,0.0,0.0,False,False,True,False,False,False,False,False,False,False,False,False,False,False,False,False,False,False,False,False,False,False,False,False,False,True,False,False,False,False,False,False,False,True,False,False
Pakistan,Smartwatch,2025-10-03,Electronics,0.0,289.37,,20.0,2.0,0.0,0.0,4,3,40,10,4,276,0,-0.433883739117558,-0.9009688679024191,-0.8660254037844386,0.5000000000000001,0.0,1,2.0,1,0.0,1,0.0,1,0.2857142857142857,0.7559289460184436,0.0,2.0,0.7142857142857143,0.5357142857142857,0.999338405484974,0.0,3.0,0.5333333333333333,0,289.37,0.0,0.0,False,False,True,False,False,False,False,False,False,False,False,False,False,False,False,False,False,False,False,False,False,False,False,False,False,True,False,False,False,False,False,False,False,True,False,False
Pakistan,Smartwatch,2025-10-04,Electronics,0.0,289.37,,20.0,2.0,0.0,0.0,5,4,40,10,4,277,1,-0.9749279121818236,-0.2225209339563146,-0.8660254037844386,0.5000000000000001,0.0,1,0.0,1,0.0,1,0.0,1,0.0,0.0,0.0,0.0,0.7142857142857143,0.5357142857142857,0.999338405484974,0.0,3.0,0.0,0,289.37,0.0,0.0,False,False,True,False,False,False,False,False,False,False,False,False,False,False,False,False,False,False,False,False,False,False,False,False,False,True,False,False,False,False,False,False,False,True,False,False
Pakistan,Smartwatch,2025-10-05,Electronics,2.0,396.65,0.03,20.0,2.0,1.0,0.0,6,5,40,10,4,278,1,-0.7818314824680299,0.6234898018587334,-0.8660254037844386,0.5000000000000001,0.0,1,0.0,1,0.0,1,0.0,1,0.0,0.0,0.0,0.0,0.7142857142857143,0.5357142857142857,0.999338405484974,0.0,3.0,0.0,1,289.37,107.27999999999997,0.37073642741127266,False,False,True,False,False,False,False,False,False,False,False,False,False,False,False,False,False,False,False,False,False,False,False,False,False,True,False,False,False,False,False,False,False,True,False,False
Pakistan,Smartwatch,2025-10-06,Electronics,0.0,396.65,,20.0,2.0,0.0,0.0,0,6,41,10,4,279,0,0.0,1.0,-0.8660254037844386,0.5000000000000001,2.0,1,0.0,1,0.0,1,0.0,1,0.2857142857142857,0.7559289460184436,0.0,2.0,0.8571428571428571,0.6071428571428571,1.0306159867619529,0.0,3.0,0.47058823529411764,0,396.65,0.0,0.0,False,False,True,False,False,False,False,False,False,False,False,False,False,False,False,False,False,False,False,False,False,False,False,False,False,True,False,False,False,False,False,False,False,True,False,False
Pakistan,Smartwatch,2025-10-07,Electronics,0.0,396.65,,20.0,2.0,0.0,0.0,1,7,41,10,4,280,0,0.7818314824680298,0.6234898018587336,-0.8660254037844386,0.5000000000000001,0.0,1,0.0,1,3.0,1,0.0,1,0.2857142857142857,0.7559289460184436,0.0,2.0,0.8571428571428571,0.6071428571428571,1.0306159867619529,0.0,3.0,0.47058823529411764,0,396.65,0.0,0.0,False,False,True,False,False,False,False,False,False,False,False,False,False,False,False,False,False,False,False,False,False,False,False,False,False,True,False,False,False,False,False,False,False,True,False,False
Pakistan,Smartwatch,2025-10-08,Electronics,3.0,977.52,0.09,20.0,2.0,1.0,0.0,2,8,41,10,4,281,0,0.9749279121818236,-0.22252093395631434,-0.8660254037844386,0.5000000000000001,0.0,1,0.0,1,2.0,1,0.0,1,0.2857142857142857,0.7559289460184436,0.0,2.0,0.6428571428571429,0.6071428571428571,1.0306159867619529,0.0,3.0,0.47058823529411764,1,396.65,580.87,1.4644396823395942,False,False,True,False,False,False,False,False,False,False,False,False,False,False,False,False,False,False,False,False,False,False,False,False,False,True,False,False,False,False,False,False,False,True,False,False
Pakistan,Smartwatch,2025-10-09,Electronics,0.0,977.52,,20.0,2.0,0.0,0.0,3,9,41,10,4,282,0,0.43388373911755823,-0.900968867902419,-0.8660254037844386,0.5000000000000001,3.0,1,0.0,1,3.0,1,0.0,1,0.7142857142857143,1.2535663410560114,0.0,3.0,0.7142857142857143,0.7142857142857143,1.1174422797967019,0.0,3.0,1.0,0,977.52,0.0,0.0,False,False,True,False,False,False,False,False,False,False,False,False,False,False,False,False,False,False,False,False,False,False,False,False,False,True,False,False,False,False,False,False,False,True,False,False
Pakistan,Smartwatch,2025-10-10,Electronics,0.0,977.52,,20.0,2.0,0.0,0.0,4,10,41,10,4,283,0,-0.433883739117558,-0.9009688679024191,-0.8660254037844386,0.5000000000000001,0.0,1,0.0,1,2.0,1,0.0,1,0.7142857142857143,1.2535663410560114,0.0,3.0,0.5,0.7142857142857143,1.1174422797967019,0.0,3.0,1.0,0,977.52,0.0,0.0,False,False,True,False,False,False,False,False,False,False,False,False,False,False,False,False,False,False,False,False,False,False,False,False,False,True,False,False,False,False,False,False,False,True,False,False
Pakistan,Smartwatch,2025-10-11,Electronics,2.0,218.17,0.08,20.0,2.0,1.0,0.0,5,11,41,10,4,284,1,-0.9749279121818236,-0.2225209339563146,-0.8660254037844386,0.5000000000000001,0.0,1,0.0,1,0.0,1,0.0,1,0.7142857142857143,1.2535663410560114,0.0,3.0,0.35714285714285715,0.7142857142857143,1.1174422797967019,0.0,3.0,1.0,1,977.52,-759.35,-0.7768127506342581,False,False,True,False,False,False,False,False,False,False,False,False,False,False,False,False,False,False,False,False,False,False,False,False,False,True,False,False,False,False,False,False,False,True,False,False
Pakistan,Smartwatch,2025-10-12,Electronics,0.0,218.17,,20.0,2.0,0.0,0.0,6,12,41,10,4,285,1,-0.7818314824680299,0.6234898018587334,-0.8660254037844386,0.5000000000000001,2.0,1,2.0,1,0.0,1,2.0,1,1.0,1.2909944487358,0.0,3.0,0.5,0.7857142857142857,1.1338934190276826,0.0,3.0,1.2727272727272727,0,218.17,0.0,0.0,False,False,True,False,False,False,False,False,False,False,False,False,False,False,False,False,False,False,False,False,False,False,False,False,False,True,False,False,False,False,False,False,False,True,False,False
Pakistan,Smartwatch,2025-10-13,Electronics,0.0,218.17,,20.0,2.0,0.0,0.0,0,13,42,10,4,286,0,0.0,1.0,-0.8660254037844386,0.5000000000000001,0.0,1,0.0,1,0.0,1,0.0,1,0.7142857142857143,1.2535663410560114,0.0,3.0,0.5,0.7142857142857143,1.1174422797967019,0.0,3.0,1.0,0,218.17,0.0,0.0,False,False,True,False,False,False,False,False,False,False,False,False,False,False,False,False,False,False,False,False,False,False,False,False,False,True,False,False,False,False,False,False,False,True,False,False
Pakistan,Smartwatch,2025-10-14,Electronics,1.0,440.89,0.07,20.0,2.0,1.0,0.0,1,14,42,10,4,287,0,0.7818314824680298,0.6234898018587336,-0.8660254037844386,0.5000000000000001,0.0,1,0.0,1,0.0,1,2.0,1,0.7142857142857143,1.2535663410560114,0.0,3.0,0.5,0.7142857142857143,1.1174422797967019,0.0,3.0,1.0,1,218.17,222.72,1.020855296328551,False,False,True,False,False,False,False,False,False,False,False,False,False,False,False,False,False,False,False,False,False,False,False,False,False,True,False,False,False,False,False,False,False,True,False,False
Pakistan,Smartwatch,2025-10-15,Electronics,0.0,440.89,,20.0,2.0,0.0,0.0,2,15,42,10,4,288,0,0.9749279121818236,-0.22252093395631434,-0.8660254037844386,0.5000000000000001,1.0,1,3.0,1,0.0,1,0.0,1,0.8571428571428571,1.2149857925879057,0.0,3.0,0.5714285714285714,0.6785714285714286,1.0904831219021416,0.0,3.0,1.263157894736842,0,440.89,0.0,0.0,False,False,True,False,False,False,False,False,False,False,False,False,False,False,False,False,False,False,False,False,False,False,False,False,False,True,False,False,False,False,False,False,False,True,False,False
Pakistan,Smartwatch,2025-10-16,Electronics,2.0,917.03,0.1,20.0,2.0,1.0,0.0,3,16,42,10,4,289,0,0.43388373911755823,-0.900968867902419,-0.8660254037844386,0.5000000000000001,0.0,1,0.0,1,0.0,1,1.0,1,0.42857142857142855,0.7867957924694331,0.0,2.0,0.5714285714285714,0.6785714285714286,1.0904831219021416,0.0,3.0,0.631578947368421,1,440.89,476.14,1.0799519154437616,False,False,True,False,False,False,False,False,False,False,False,False,False,False,False,False,False,False,False,False,False,False,False,False,False,True,False,False,False,False,False,False,False,True,False,False
Pakistan,Smartwatch,2025-10-17,Electronics,0.0,917.03,,20.0,2.0,0.0,0.0,4,17,42,10,4,290,0,-0.433883739117558,-0.9009688679024191,-0.8660254037844386,0.5000000000000001,2.0,1,0.0,1,0.0,1,0.0,1,0.7142857142857143,0.9511897312113339,0.0,2.0,0.7142857142857143,0.7142857142857143,1.1174422797967019,0.0,3.0,1.0,0,917.03,0.0,0.0,False,False,True,False,False,False,False,False,False,False,False,False,False,False,False,False,False,False,False,False,False,False,False,False,False,True,False,False,False,False,False,False,False,True,False,False
Pakistan,Smartwatch,2025-10-18,Electronics,0.0,917.03,,20.0,2.0,0.0,0.0,5,18,42,10,4,291,1,-0.9749279121818236,-0.2225209339563146,-0.8660254037844386,0.5000000000000001,0.0,1,2.0,1,0.0,1,0.0,1,0.7142857142857143,0.9511897312113339,0.0,2.0,0.7142857142857143,0.7142857142857143,1.1174422797967019,0.0,3.0,1.0,0,917.03,0.0,0.0,False,False,True,False,False,False,False,False,False,False,False,False,False,False,False,False,False,False,False,False,False,False,False,False,False,True,False,False,False,False,False,False,False,True,False,False
Pakistan,Smartwatch,2025-10-19,Electronics,2.0,402.39,0.0,20.0,2.0,0.0,0.0,6,19,42,10,4,292,1,-0.7818314824680299,0.6234898018587334,-0.8660254037844386,0.5000000000000001,0.0,1,0.0,1,2.0,1,0.0,1,0.42857142857142855,0.7867957924694331,0.0,2.0,0.7142857142857143,0.7142857142857143,1.1174422797967019,0.0,3.0,0.6,0,917.03,-514.64,-0.5612030140780563,False,False,True,False,False,False,False,False,False,False,False,False,False,False,False,False,False,False,False,False,False,False,False,False,False,True,False,False,False,False,False,False,False,True,False,False
Pakistan,Smartwatch,2025-10-20,Electronics,0.0,402.39,,20.0,2.0,0.0,0.0,0,20,43,10,4,293,0,0.0,1.0,-0.8660254037844386,0.5000000000000001,2.0,1,0.0,1,0.0,1,0.0,1,0.7142857142857143,0.9511897312113339,0.0,2.0,0.7142857142857143,0.7857142857142857,1.1338934190276826,0.0,3.0,0.9090909090909092,0,402.39,0.0,0.0,False,False,True,False,False,False,False,False,False,False,False,False,False,False,False,False,False,False,False,False,False,False,False,False,False,True,False,False,False,False,False,False,False,True,False,False
Pakistan,Smartwatch,2025-10-21,Electronics,5.0,156.53,0.05,20.0,2.0,1.0,0.0,1,21,43,10,4,294,0,0.7818314824680298,0.6234898018587336,-0.8660254037844386,0.5000000000000001,0.0,1,1.0,1,0.0,1,3.0,1,0.7142857142857143,0.9511897312113339,0.0,2.0,0.7142857142857143,0.7857142857142857,1.1338934190276826,0.0,3.0,0.9090909090909092,1,402.39,-245.85999999999999,-0.6109992793061457,False,False,True,False,False,False,False,False,False,False,False,False,False,False,False,False,False,False,False,False,False,False,False,False,False,True,False,False,False,False,False,False,False,True,False,False
Pakistan,Smartwatch,2025-10-22,Electronics,0.0,156.53,,20.0,2.0,0.0,0.0,2,22,43,10,4,295,0,0.9749279121818236,-0.22252093395631434,-0.8660254037844386,0.5000000000000001,5.0,1,0.0,1,3.0,1,2.0,1,1.2857142857142858,1.8898223650461328,0.0,5.0,1.0714285714285714,0.8571428571428571,1.3253730631840073,0.0,5.0,1.5000000000000002,0,156.53,0.0,0.0,False,False,True,False,False,False,False,False,False,False,False,False,False,False,False,False,False,False,False,False,False,False,False,False,False,True,False,False,False,False,False,False,False,True,False,False
Pakistan,Smartwatch,2025-10-23,Electronics,2.0,989.93,0.12,20.0,2.0,1.0,0.0,3,23,43,10,4,296,0,0.43388373911755823,-0.900968867902419,-0.8660254037844386,0.5000000000000001,0.0,1,2.0,1,0.0,1,3.0,1,1.2857142857142858,1.8898223650461328,0.0,5.0,0.8571428571428571,0.7857142857142857,1.315354982565061,0.0,5.0,1.6363636363636365,1,156.53,833.4,5.3242189995528015,False,False,True,False,False,False,False,False,False,False,False,False,False,False,False,False,False,False,False,False,False,False,False,False,False,True,False,False,False,False,False,False,False,True,False,False
Pakistan,Smartwatch,2025-10-24,Electronics,5.0,478.60999999999996,0.07,20.0,2.0,1.0,0.0,4,24,43,10,4,297,0,-0.433883739117558,-0.9009688679024191,-0.8660254037844386,0.5000000000000001,2.0,1,0.0,1,0.0,1,2.0,1,1.2857142857142858,1.8898223650461328,0.0,5.0,1.0,0.75,1.2656428610993915,0.0,5.0,1.7142857142857144,1,989.93,-511.32,-0.5165213701978928,False,False,True,False,False,False,False,False,False,False,False,False,False,False,False,False,False,False,False,False,False,False,False,False,False,True,False,False,False,False,False,False,False,True,False,False
Pakistan,Smartwatch,2025-10-25,Electronics,0.0,478.60999999999996,,20.0,2.0,0.0,0.0,5,25,43,10,4,298,1,-0.9749279121818236,-0.2225209339563146,-0.8660254037844386,0.5000000000000001,5.0,1,0.0,1,2.0,1,0.0,1,2.0,2.236067977499787,0.0,5.0,1.3571428571428572,0.8571428571428571,1.4835963740378322,0.0,5.0,2.3333333333333335,0,478.60999999999996,0.0,0.0,False,False,True,False,False,False,False,False,False,False,False,False,False,False,False,False,False,False,False,False,False,False,False,False,False,True,False,False,False,False,False,False,False,True,False,False
Pakistan,Smartwatch,2025-10-26,Electronics,3.0,1443.25,0.0,20.0,2.0,0.0,0.0,6,26,43,10,4,299,1,-0.7818314824680299,0.6234898018587334,-0.8660254037844386,0.5000000000000001,0.0,1,2.0,1,0.0,1,0.0,1,2.0,2.236067977499787,0.0,5.0,1.2142857142857142,0.8571428571428571,1.4835963740378322,0.0,5.0,2.3333333333333335,0,478.60999999999996,964.6400000000001,2.015503228098034,False,False,True,False,False,False,False,False,False,False,False,False,False,False,False,False,False,False,False,False,False,False,False,False,False,True,False,False,False,False,False,False,False,True,False,False
Pakistan,Smartwatch,2025-10-27,Electronics,0.0,1443.25,,20.0,2.0,0.0,0.0,0,27,44,10,4,300,0,0.0,1.0,-0.8660254037844386,0.5000000000000001,3.0,1,0.0,1,0.0,1,0.0,1,2.142857142857143,2.2677868380553607,0.0,5.0,1.4285714285714286,0.9642857142857143,1.5270921982678665,0.0,5.0,2.2222222222222223,0,1443.25,0.0,0.0,False,False,True,False,False,False,False,False,False,False,False,False,False,False,False,False,False,False,False,False,False,False,False,False,False,True,False,False,False,False,False,False,False,True,False,False
Pakistan,Smartwatch,2025-10-28,Electronics,0.0,1443.25,,20.0,2.0,0.0,0.0,1,28,44,10,4,301,0,0.7818314824680298,0.6234898018587336,-0.8660254037844386,0.5000000000000001,0.0,1,5.0,1,1.0,1,0.0,1,2.142857142857143,2.2677868380553607,0.0,5.0,1.4285714285714286,0.9642857142857143,1.5270921982678665,0.0,5.0,2.2222222222222223,0,1443.25,0.0,0.0,False,False,True,False,False,False,False,False,False,False,False,False,False,False,False,False,False,False,False,False,False,False,False,False,False,True,False,False,False,False,False,False,False,True,False,False
Pakistan,Smartwatch,2025-10-29,Electronics,0.0,1443.25,,20.0,2.0,0.0,0.0,2,29,44,10,4,302,0,0.9749279121818236,-0.22252093395631434,-0.8660254037844386,0.5000000000000001,0.0,1,0.0,1,0.0,1,0.0,1,1.4285714285714286,1.9880595947760067,0.0,5.0,1.3571428571428572,0.9642857142857143,1.5270921982678665,0.0,5.0,1.4814814814814814,0,1443.25,0.0,0.0,False,False,True,False,False,False,False,False,False,False,False,False,False,False,False,False,False,False,False,False,False,False,False,False,False,True,False,False,False,False,False,False,False,True,False,False
Pakistan,Smartwatch,2025-10-30,Electronics,3.0,650.13,0.08,20.0,2.0,1.0,0.0,3,30,44,10,4,303,0,0.43388373911755823,-0.900968867902419,-0.8660254037844386,0.5000000000000001,0.0,1,2.0,1,2.0,1,0.0,1,1.4285714285714286,1.9880595947760067,0.0,5.0,1.3571428571428572,0.9642857142857143,1.5270921982678665,0.0,5.0,1.4814814814814814,1,1443.25,-793.12,-0.549537502165252,False,False,True,False,False,False,False,False,False,False,False,False,False,False,False,False,False,False,False,False,False,False,False,False,False,True,False,False,False,False,False,False,False,True,False,False
Pakistan,Smartwatch,2025-10-31,Electronics,0.0,650.13,,20.0,2.0,0.0,0.0,4,31,44,10,4,304,0,-0.433883739117558,-0.9009688679024191,-0.8660254037844386,0.5000000000000001,3.0,1,5.0,1,0.0,1,0.0,1,1.5714285714285714,2.0701966780270595,0.0,5.0,1.4285714285714286,1.0714285714285714,1.5617789341495938,0.0,5.0,1.4666666666666668,0,650.13,0.0,0.0,False,False,True,False,False,False,False,False,False,False,False,False,False,False,False,False,False,False,False,False,False,False,False,False,False,True,False,False,False,False,False,False,False,True,False,False
Pakistan,Smartwatch,2025-11-01,Electronics,9.0,834.0050000000001,0.29,20.0,2.0,1.0,1.0,5,1,44,11,4,305,1,-0.9749279121818236,-0.2225209339563146,-0.5000000000000004,0.8660254037844384,0.0,1,0.0,1,0.0,1,0.0,1,0.8571428571428571,1.463850109422795,0.0,3.0,1.4285714285714286,1.0714285714285714,1.5617789341495938,0.0,5.0,0.7999999999999999,1,650.13,183.8750000000001,0.28282804977466064,False,False,True,False,False,False,False,False,False,False,False,False,False,False,False,False,False,False,False,False,False,False,False,False,False,True,False,False,False,False,False,False,False,True,False,False
Pakistan,Smartwatch,2025-11-02,Electronics,0.0,834.0050000000001,,20.0,2.0,0.0,0.0,6,2,44,11,4,306,1,-0.7818314824680299,0.6234898018587334,-0.5000000000000004,0.8660254037844384,9.0,1,3.0,1,2.0,1,2.0,1,2.142857142857143,3.3380918415851193,0.0,9.0,2.0714285714285716,1.3928571428571428,2.1488892171828846,0.0,9.0,1.5384615384615385,0,834.0050000000001,0.0,0.0,False,False,True,False,False,False,False,False,False,False,False,False,False,False,False,False,False,False,False,False,False,False,False,False,False,True,False,False,False,False,False,False,False,True,False,False
Pakistan,Smartwatch,2025-11-03,Electronics,4.0,1468.72,0.19,20.0,2.0,1.0,0.0,0,3,45,11,4,307,0,0.0,1.0,-0.5000000000000004,0.8660254037844384,0.0,1,0.0,1,0.0,1,0.0,1,1.7142857142857142,3.4016802570830436,0.0,9.0,1.9285714285714286,1.3214285714285714,2.1611651766199924,0.0,9.0,1.2972972972972971,1,834.0050000000001,634.7149999999999,0.7610445980539683,False,False,True,False,False,False,False,False,False,False,False,False,False,False,False,False,False,False,False,False,False,False,False,False,False,True,False,False,False,False,False,False,False,True,False,False
Pakistan,Smartwatch,2025-11-04,Electronics,0.0,1468.72,,20.0,2.0,0.0,0.0,1,4,45,11,4,308,0,0.7818314824680298,0.6234898018587336,-0.5000000000000004,0.8660254037844384,4.0,1,0.0,1,5.0,1,0.0,1,2.2857142857142856,3.4016802570830436,0.0,9.0,2.2142857142857144,1.4642857142857142,2.202391677365564,0.0,9.0,1.5609756097560976,0,1468.72,0.0,0.0,False,False,True,False,False,False,False,False,False,False,False,False,False,False,False,False,False,False,False,False,False,False,False,False,False,True,False,False,False,False,False,False,False,True,False,False
Pakistan,Smartwatch,2025-11-05,Electronics,5.0,646.14,0.27,20.0,2.0,1.0,0.0,2,5,45,11,4,309,0,0.9749279121818236,-0.22252093395631434,-0.5000000000000004,0.8660254037844384,0.0,1,0.0,1,0.0,1,3.0,1,2.2857142857142856,3.4016802570830436,0.0,9.0,1.8571428571428572,1.4642857142857142,2.202391677365564,0.0,9.0,1.5609756097560976,1,1468.72,-822.58,-0.5600659077291792,False,False,True,False,False,False,False,False,False,False,False,False,False,False,False,False,False,False,False,False,False,False,False,False,False,True,False,False,False,False,False,False,False,True,False,False
Pakistan,Smartwatch,2025-11-06,Electronics,2.0,1465.83,0.16,20.0,2.0,1.0,0.0,3,6,45,11,4,310,0,0.43388373911755823,-0.900968867902419,-0.5000000000000004,0.8660254037844384,5.0,1,3.0,1,2.0,1,0.0,1,3.0,3.366501646120691,0.0,9.0,2.2142857142857144,1.5357142857142858,2.284928767139027,0.0,9.0,1.9534883720930232,1,646.14,819.6899999999999,1.268595041322314,False,False,True,False,False,False,False,False,False,False,False,False,False,False,False,False,False,False,False,False,False,False,False,False,False,True,False,False,False,False,False,False,False,True,False,False
Pakistan,Smartwatch,2025-11-07,Electronics,0.0,1465.83,,20.0,2.0,0.0,0.0,4,7,45,11,4,311,0,-0.433883739117558,-0.9009688679024191,-0.5000000000000004,0.8660254037844384,2.0,1,0.0,1,5.0,1,0.0,1,2.857142857142857,3.3876526498728388,0.0,9.0,2.2142857142857144,1.6071428571428572,2.266328172671246,0.0,9.0,1.7777777777777777,0,1465.83,0.0,0.0,False,False,True,False,False,False,False,False,False,False,False,False,False,False,False,False,False,False,False,False,False,False,False,False,False,True,False,False,False,False,False,False,False,True,False,False
Pakistan,Smartwatch,2025-11-08,Electronics,0.0,1465.83,,20.0,2.0,0.0,0.0,5,8,45,11,4,312,1,-0.9749279121818236,-0.2225209339563146,-0.5000000000000004,0.8660254037844384,0.0,1,9.0,1,0.0,1,2.0,1,2.857142857142857,3.3876526498728388,0.0,9.0,1.8571428571428572,1.6071428571428572,2.266328172671246,0.0,9.0,1.7777777777777777,0,1465.83,0.0,0.0,False,False,True,False,False,False,False,False,False,False,False,False,False,False,False,False,False,False,False,False,False,False,False,False,False,True,False,False,False,False,False,False,False,True,False,False
Pakistan,Smartwatch,2025-11-09,Electronics,9.0,572.335,0.18,20.0,2.0,1.0,1.0,6,9,45,11,4,313,1,-0.7818314824680299,0.6234898018587334,-0.5000000000000004,0.8660254037844384,0.0,1,0.0,1,3.0,1,0.0,1,1.5714285714285714,2.1491969707422367,0.0,5.0,1.8571428571428572,1.5357142857142858,2.284928767139027,0.0,9.0,1.0232558139534882,1,1465.83,-893.4949999999999,-0.6095488562793775,False,False,True,False,False,False,False,False,False,False,False,False,False,False,False,False,False,False,False,False,False,False,False,False,False,True,False,False,False,False,False,False,False,True,False,False
Pakistan,Smartwatch,2025-11-10,Electronics,3.0,1499.76,0.26,20.0,2.0,1.0,0.0,0,10,46,11,4,314,0,0.0,1.0,-0.5000000000000004,0.8660254037844384,9.0,1,4.0,1,0.0,1,0.0,1,2.857142857142857,3.3876526498728388,0.0,9.0,2.2857142857142856,1.8571428571428572,2.662695455726601,0.0,9.0,1.5384615384615385,1,572.335,927.425,1.620423353455581,False,False,True,False,False,False,False,False,False,False,False,False,False,False,False,False,False,False,False,False,False,False,False,False,False,True,False,False,False,False,False,False,False,True,False,False
Pakistan,Smartwatch,2025-11-11,Electronics,6.0,569.335,0.2,20.0,2.0,1.0,0.0,1,11,46,11,4,315,0,0.7818314824680298,0.6234898018587336,-0.5000000000000004,0.8660254037844384,3.0,1,0.0,1,0.0,1,1.0,1,2.7142857142857144,3.352326839390102,0.0,9.0,2.5,1.9642857142857142,2.6455013227509925,0.0,9.0,1.381818181818182,1,1499.76,-930.425,-0.620382594548461,False,False,True,False,False,False,False,False,False,False,False,False,False,False,False,False,False,False,False,False,False,False,False,False,False,True,False,False,False,False,False,False,False,True,False,False
Pakistan,Smartwatch,2025-11-12,Electronics,0.0,569.335,,20.0,2.0,0.0,0.0,2,12,46,11,4,316,0,0.9749279121818236,-0.22252093395631434,-0.5000000000000004,0.8660254037844384,6.0,1,5.0,1,0.0,1,0.0,1,3.5714285714285716,3.3094381626464857,0.0,9.0,2.9285714285714284,2.142857142857143,2.7448846122180686,0.0,9.0,1.6666666666666667,0,569.335,0.0,0.0,False,False,True,False,False,False,False,False,False,False,False,False,False,False,False,False,False,False,False,False,False,False,False,False,False,True,False,False,False,False,False,False,False,True,False,False
Pakistan,Smartwatch,2025-11-13,Electronics,0.0,569.335,,20.0,2.0,0.0,0.0,3,13,46,11,4,317,0,0.43388373911755823,-0.900968867902419,-0.5000000000000004,0.8660254037844384,0.0,1,2.0,1,3.0,1,2.0,1,2.857142857142857,3.484660262185847,0.0,9.0,2.9285714285714284,2.142857142857143,2.7448846122180686,0.0,9.0,1.3333333333333335,0,569.335,0.0,0.0,False,False,True,False,False,False,False,False,False,False,False,False,False,False,False,False,False,False,False,False,False,False,False,False,False,True,False,False,False,False,False,False,False,True,False,False
Pakistan,Smartwatch,2025-11-14,Electronics,4.0,848.29,0.29,20.0,2.0,1.0,0.0,4,14,46,11,4,318,0,-0.433883739117558,-0.9009688679024191,-0.5000000000000004,0.8660254037844384,0.0,1,0.0,1,0.0,1,0.0,1,2.5714285714285716,3.6449573777637343,0.0,9.0,2.7142857142857144,2.0714285714285716,2.774601358468041,0.0,9.0,1.2413793103448276,1,569.335,278.9549999999999,0.48996636426708334,False,False,True,False,False,False,False,False,False,False,False,False,False,False,False,False,False,False,False,False,False,False,False,False,False,True,False,False,False,False,False,False,False,True,False,False
Pakistan,Smartwatch,2025-11-15,Electronics,12.0,1134.2566666666667,0.29,20.0,2.0,1.0,1.0,5,15,46,11,4,319,1,-0.9749279121818236,-0.2225209339563146,-0.5000000000000004,0.8660254037844384,4.0,1,0.0,1,9.0,1,0.0,1,3.142857142857143,3.484660262185847,0.0,9.0,3.0,2.2142857142857144,2.766963074579178,0.0,9.0,1.4193548387096773,1,848.29,285.9666666666667,0.3371095576591339,False,False,True,False,False,False,False,False,False,False,False,False,False,False,False,False,False,False,False,False,False,False,False,False,False,True,False,False,False,False,False,False,False,True,False,False
Pakistan,Smartwatch,2025-11-16,Electronics,4.0,275.84,0.25,20.0,2.0,1.0,0.0,6,16,46,11,4,320,1,-0.7818314824680299,0.6234898018587334,-0.5000000000000004,0.8660254037844384,12.0,1,9.0,1,0.0,1,2.0,1,4.857142857142857,4.488079449258573,0.0,12.0,3.2142857142857144,2.642857142857143,3.291001037782856,0.0,12.0,1.8378378378378377,1,1134.2566666666667,-858.4166666666667,-0.7568098931164905,False,False,True,False,False,False,False,False,False,False,False,False,False,False,False,False,False,False,False,False,False,False,False,False,False,True,False,False,False,False,False,False,False,True,False,False
Pakistan,Smartwatch,2025-11-17,Electronics,0.0,275.84,,20.0,2.0,0.0,0.0,0,17,47,11,4,321,0,0.0,1.0,-0.5000000000000004,0.8660254037844384,4.0,1,3.0,1,4.0,1,0.0,1,4.142857142857143,4.099941927579438,0.0,12.0,3.5,2.7142857142857144,3.298227839053403,0.0,12.0,1.5263157894736843,0,275.84,0.0,0.0,False,False,True,False,False,False,False,False,False,False,False,False,False,False,False,False,False,False,False,False,False,False,False,False,False,True,False,False,False,False,False,False,False,True,False,False
Pakistan,Smartwatch,2025-11-18,Electronics,2.0,489.88,0.17,20.0,2.0,1.0,0.0,1,18,47,11,4,322,0,0.7818314824680298,0.6234898018587336,-0.5000000000000004,0.8660254037844384,0.0,1,6.0,1,0.0,1,5.0,1,3.7142857142857144,4.386125310350267,0.0,12.0,3.2142857142857144,2.7142857142857144,3.298227839053403,0.0,12.0,1.368421052631579,1,275.84,214.04000000000002,0.7759570765661254,False,False,True,False,False,False,False,False,False,False,False,False,False,False,False,False,False,False,False,False,False,False,False,False,False,True,False,False,False,False,False,False,False,True,False,False
Pakistan,Smartwatch,2025-11-19,Electronics,0.0,489.88,,20.0,2.0,0.0,0.0,2,19,47,11,4,323,0,0.9749279121818236,-0.22252093395631434,-0.5000000000000004,0.8660254037844384,2.0,1,0.0,1,5.0,1,0.0,1,3.142857142857143,4.298393941484478,0.0,12.0,3.357142857142857,2.607142857142857,3.2698316381426955,0.0,12.0,1.2054794520547945,0,489.88,0.0,0.0,False,False,True,False,False,False,False,False,False,False,False,False,False,False,False,False,False,False,False,False,False,False,False,False,False,True,False,False,False,False,False,False,False,True,False,False
Pakistan,Smartwatch,2025-11-20,Electronics,0.0,489.88,,20.0,2.0,0.0,0.0,3,20,47,11,4,324,0,0.43388373911755823,-0.900968867902419,-0.5000000000000004,0.8660254037844384,0.0,1,0.0,1,2.0,1,2.0,1,3.142857142857143,4.298393941484478,0.0,12.0,3.0,2.607142857142857,3.2698316381426955,0.0,12.0,1.2054794520547945,0,489.88,0.0,0.0,False,False,True,False,False,False,False,False,False,False,False,False,False,False,False,False,False,False,False,False,False,False,False,False,False,True,False,False,False,False,False,False,False,True,False,False
Pakistan,Smartwatch,2025-11-21,Electronics,4.0,1178.95,0.29,20.0,2.0,1.0,0.0,4,21,47,11,4,325,0,-0.433883739117558,-0.9009688679024191,-0.5000000000000004,0.8660254037844384,0.0,1,4.0,1,0.0,1,5.0,1,3.142857142857143,4.298393941484478,0.0,12.0,2.857142857142857,2.5357142857142856,3.305238746989872,0.0,12.0,1.23943661971831,1,489.88,689.07,1.4066097819874257,False,False,True,False,False,False,False,False,False,False,False,False,False,False,False,False,False,False,False,False,False,False,False,False,False,True,False,False,False,False,False,False,False,True,False,False
Pakistan,Smartwatch,2025-11-22,Electronics,5.0,661.53,0.22,20.0,2.0,1.0,0.0,5,22,47,11,4,326,1,-0.9749279121818236,-0.2225209339563146,-0.5000000000000004,0.8660254037844384,4.0,1,12.0,1,0.0,1,0.0,1,3.142857142857143,4.298393941484478,0.0,12.0,3.142857142857143,2.5,3.2829526005987018,0.0,12.0,1.2571428571428571,1,1178.95,-517.4200000000001,-0.43888205606683917,False,False,True,False,False,False,False,False,False,False,False,False,False,False,False,False,False,False,False,False,False,False,False,False,False,True,False,False,False,False,False,False,False,True,False,False
Pakistan,Smartwatch,2025-11-23,Electronics,0.0,661.53,,20.0,2.0,0.0,0.0,6,23,47,11,4,327,1,-0.7818314824680299,0.6234898018587334,-0.5000000000000004,0.8660254037844384,5.0,1,4.0,1,9.0,1,3.0,1,2.142857142857143,2.1930626551751318,0.0,5.0,3.5,2.6785714285714284,3.2779122921013304,0.0,12.0,0.8,0,661.53,0.0,0.0,False,False,True,False,False,False,False,False,False,False,False,False,False,False,False,False,False,False,False,False,False,False,False,False,False,True,False,False,False,False,False,False,False,True,False,False
Pakistan,Smartwatch,2025-11-24,Electronics,0.0,661.53,,20.0,2.0,0.0,0.0,0,24,48,11,4,328,0,0.0,1.0,-0.5000000000000004,0.8660254037844384,0.0,1,0.0,1,3.0,1,0.0,1,1.5714285714285714,2.149196970742237,0.0,5.0,2.857142857142857,2.5714285714285716,3.3158270453552006,0.0,12.0,0.611111111111111,0,661.53,0.0,0.0,False,False,True,False,False,False,False,False,False,False,False,False,False,False,False,False,False,False,False,False,False,False,False,False,False,True,False,False,False,False,False,False,False,True,False,False
Pakistan,Smartwatch,2025-11-25,Electronics,4.0,315.12,0.21,20.0,2.0,1.0,0.0,1,25,48,11,4,329,0,0.7818314824680298,0.6234898018587336,-0.5000000000000004,0.8660254037844384,0.0,1,2.0,1,6.0,1,0.0,1,1.5714285714285714,2.149196970742237,0.0,5.0,2.642857142857143,2.5714285714285716,3.3158270453552006,0.0,12.0,0.611111111111111,1,661.53,-346.40999999999997,-0.5236497211010839,False,False,True,False,False,False,False,False,False,False,False,False,False,False,False,False,False,False,False,False,False,False,False,False,False,True,False,False,False,False,False,False,False,True,False,False
