store_id,product_id,date,category,sales,price,Discount_Applied,safety_stock,lead_time_days,promotion,is_outlier,day_of_week,day_of_month,week_of_year,month,quarter,day_of_year,is_weekend,sin_day_of_week,cos_day_of_week,sin_month,cos_month,lag_1,has_lag_1,lag_7,has_lag_7,lag_14,has_lag_14,lag_28,has_lag_28,rolling_mean_7,rolling_std_7,rolling_min_7,rolling_max_7,rolling_mean_14,rolling_mean_28,rolling_std_28,rolling_min_28,rolling_max_28,trend_ratio,is_promotion,previous_price,price_change,price_change_pct,store_id_Germany,store_id_India,store_id_Pakistan,store_id_UAE,store_id_UK,store_id_USA,product_id_4K Smart TV,product_id_Air Fryer,product_id_Blender,product_id_Coffee Maker,product_id_Cotton T-Shirt,product_id_Cycling Helmet,product_id_Denim Jeans,product_id_Dumbbell Set,product_id_Face Wash,product_id_Football,product_id_Formal Shirt,product_id_Gaming Laptop,product_id_Hair Serum,product_id_Lipstick Set,product_id_Microwave Oven,product_id_Moisturizing Cream,product_id_Perfume,product_id_Running Shoes,product_id_Smartphone 128GB,product_id_Smartwatch,product_id_Tennis Racket,product_id_Vacuum Cleaner,product_id_Winter Jacket,product_id_Wireless Noise-Canceling Headphones,product_id_Yoga Mat,category_Apparel,category_Beauty,category_Electronics,category_Home & Kitchen,category_Sports
UK,Smartwatch,2025-05-23,Electronics,0.0,1264.45,,20.0,2.0,0.0,0.0,4,23,21,5,2,143,0,-0.433883739117558,-0.9009688679024191,0.49999999999999994,-0.8660254037844387,0.0,1,2.0,1,0.0,1,0.0,1,0.5714285714285714,0.975900072948532,0.0,2.0,0.9285714285714286,0.8214285714285714,1.4156158567804447,0.0,6.0,0.6956521739130435,0,1264.45,0.0,0.0,False,False,False,False,True,False,False,False,False,False,False,False,False,False,False,False,False,False,False,False,False,False,False,False,False,True,False,False,False,False,False,False,False,True,False,False
UK,Smartwatch,2025-05-24,Electronics,0.0,1264.45,,20.0,2.0,0.0,0.0,5,24,21,5,2,144,1,-0.9749279121818236,-0.2225209339563146,0.49999999999999994,-0.8660254037844387,0.0,1,0.0,1,1.0,1,0.0,1,0.2857142857142857,0.7559289460184521,0.0,2.0,0.9285714285714286,0.8214285714285714,1.4156158567804447,0.0,6.0,0.34782608695652173,0,1264.45,0.0,0.0,False,False,False,False,True,False,False,False,False,False,False,False,False,False,False,False,False,False,False,False,False,False,False,False,False,True,False,False,False,False,False,False,False,True,False,False
UK,Smartwatch,2025-05-25,Electronics,0.0,1264.45,,20.0,2.0,0.0,0.0,6,25,21,5,2,145,1,-0.7818314824680299,0.6234898018587334,0.49999999999999994,-0.8660254037844387,0.0,1,0.0,1,6.0,1,0.0,1,0.2857142857142857,0.7559289460184521,0.0,2.0,0.8571428571428571,0.8214285714285714,1.4156158567804447,0.0,6.0,0.34782608695652173,0,1264.45,0.0,0.0,False,False,False,False,True,False,False,False,False,False,False,False,False,False,False,False,False,False,False,False,False,False,False,False,False,True,False,False,False,False,False,False,False,True,False,False
UK,Smartwatch,2025-05-26,Electronics,2.0,1321.085,0.06,20.0,2.0,1.0,0.0,0,26,22,5,2,146,0,0.0,1.0,0.49999999999999994,-0.8660254037844387,0.0,1,0.0,1,0.0,1,0.0,1,0.2857142857142857,0.7559289460184521,0.0,2.0,0.42857142857142855,0.8214285714285714,1.4156158567804447,0.0,6.0,0.34782608695652173,1,1264.45,56.63499999999999,0.04479022499901142,False,False,False,False,True,False,False,False,False,False,False,False,False,False,False,False,False,False,False,False,False,False,False,False,False,True,False,False,False,False,False,False,False,True,False,False
UK,Smartwatch,2025-05-27,Electronics,2.0,1204.48,0.08,20.0,2.0,1.0,0.0,1,27,22,5,2,147,0,0.7818314824680298,0.6234898018587336,0.49999999999999994,-0.8660254037844387,2.0,1,0.0,1,0.0,1,1.0,1,0.5714285714285714,0.975900072948532,0.0,2.0,0.5714285714285714,0.8928571428571429,1.4230714230607873,0.0,6.0,0.6399999999999999,1,1321.085,-116.60500000000002,-0.08826457040992822,False,False,False,False,True,False,False,False,False,False,False,False,False,False,False,False,False,False,False,False,False,False,False,False,False,True,False,False,False,False,False,False,False,True,False,False
UK,Smartwatch,2025-05-28,Electronics,0.0,1204.48,,20.0,2.0,0.0,0.0,2,28,22,5,2,148,0,0.9749279121818236,-0.22252093395631434,0.49999999999999994,-0.8660254037844387,2.0,1,2.0,1,0.0,1,0.0,1,0.8571428571428571,1.069044967649697,0.0,2.0,0.7142857142857143,0.9285714285714286,1.4383264819862867,0.0,6.0,0.923076923076923,0,1204.48,0.0,0.0,False,False,False,False,True,False,False,False,False,False,False,False,False,False,False,False,False,False,False,False,False,False,False,False,False,True,False,False,False,False,False,False,False,True,False,False
UK,Smartwatch,2025-05-29,Electronics,0.0,1204.48,,20.0,2.0,0.0,0.0,3,29,22,5,2,149,0,0.43388373911755823,-0.900968867902419,0.49999999999999994,-0.8660254037844387,0.0,1,0.0,1,2.0,1,0.0,1,0.5714285714285714,0.9759000729485319,0.0,2.0,0.7142857142857143,0.9285714285714286,1.4383264819862867,0.0,6.0,0.6153846153846153,0,1204.48,0.0,0.0,False,False,False,False,True,False,False,False,False,False,False,False,False,False,False,False,False,False,False,False,False,False,False,False,False,True,False,False,False,False,False,False,False,True,False,False
UK,Smartwatch,2025-05-30,Electronics,3.0,1366.97,0.1,20.0,2.0,1.0,0.0,4,30,22,5,2,150,0,-0.433883739117558,-0.9009688679024191,0.49999999999999994,-0.8660254037844387,0.0,1,0.0,1,2.0,1,3.0,1,0.5714285714285714,0.9759000729485319,0.0,2.0,0.5714285714285714,0.9285714285714286,1.4383264819862867,0.0,6.0,0.6153846153846153,1,1204.48,162.49,0.1349046891604676,False,False,False,False,True,False,False,False,False,False,False,False,False,False,False,False,False,False,False,False,False,False,False,False,False,True,False,False,False,False,False,False,False,True,False,False
UK,Smartwatch,2025-05-31,Electronics,0.0,1366.97,,20.0,2.0,0.0,0.0,5,31,22,5,2,151,1,-0.9749279121818236,-0.2225209339563146,0.49999999999999994,-0.8660254037844387,3.0,1,0.0,1,0.0,1,1.0,1,1.0,1.2909944487358054,0.0,3.0,0.6428571428571429,0.9285714285714286,1.4383264819862867,0.0,6.0,1.0769230769230769,0,1366.97,0.0,0.0,False,False,False,False,True,False,False,False,False,False,False,False,False,False,False,False,False,False,False,False,False,False,False,False,False,True,False,False,False,False,False,False,False,True,False,False
UK,Smartwatch,2025-06-01,Electronics,0.0,1366.97,,20.0,2.0,0.0,0.0,6,1,22,6,2,152,1,-0.7818314824680299,0.6234898018587334,1.2246467991473532e-16,-1.0,0.0,1,0.0,1,0.0,1,0.0,1,1.0,1.2909944487358054,0.0,3.0,0.6428571428571429,0.8928571428571429,1.4488638132020306,0.0,6.0,1.1199999999999999,0,1366.97,0.0,0.0,False,False,False,False,True,False,False,False,False,False,False,False,False,False,False,False,False,False,False,False,False,False,False,False,False,True,False,False,False,False,False,False,False,True,False,False
UK,Smartwatch,2025-06-02,Electronics,0.0,1366.97,,20.0,2.0,0.0,0.0,0,2,23,6,2,153,0,0.0,1.0,1.2246467991473532e-16,-1.0,0.0,1,2.0,1,0.0,1,3.0,1,1.0,1.2909944487358054,0.0,3.0,0.6428571428571429,0.8928571428571429,1.4488638132020306,0.0,6.0,1.1199999999999999,0,1366.97,0.0,0.0,False,False,False,False,True,False,False,False,False,False,False,False,False,False,False,False,False,False,False,False,False,False,False,False,False,True,False,False,False,False,False,False,False,True,False,False
UK,Smartwatch,2025-06-03,Electronics,0.0,1366.97,,20.0,2.0,0.0,0.0,1,3,23,6,2,154,0,0.7818314824680298,0.6234898018587336,1.2246467991473532e-16,-1.0,0.0,1,2.0,1,0.0,1,0.0,1,0.7142857142857143,1.2535663410560167,0.0,3.0,0.6428571428571429,0.7857142857142857,1.3972762620115362,0.0,6.0,0.9090909090909092,0,1366.97,0.0,0.0,False,False,False,False,True,False,False,False,False,False,False,False,False,False,False,False,False,False,False,False,False,False,False,False,False,True,False,False,False,False,False,False,False,True,False,False
UK,Smartwatch,2025-06-04,Electronics,0.0,1366.97,,20.0,2.0,0.0,0.0,2,4,23,6,2,155,0,0.9749279121818236,-0.22252093395631434,1.2246467991473532e-16,-1.0,0.0,1,0.0,1,2.0,1,2.0,1,0.42857142857142855,1.1338934190276801,0.0,3.0,0.6428571428571429,0.7857142857142857,1.3972762620115362,0.0,6.0,0.5454545454545454,0,1366.97,0.0,0.0,False,False,False,False,True,False,False,False,False,False,False,False,False,False,False,False,False,False,False,False,False,False,False,False,False,True,False,False,False,False,False,False,False,True,False,False
UK,Smartwatch,2025-06-05,Electronics,2.0,889.15,0.06,20.0,2.0,1.0,0.0,3,5,23,6,2,156,0,0.43388373911755823,-0.900968867902419,1.2246467991473532e-16,-1.0,0.0,1,0.0,1,0.0,1,0.0,1,0.42857142857142855,1.1338934190276801,0.0,3.0,0.5,0.7142857142857143,1.3839595063960124,0.0,6.0,0.6,1,1366.97,-477.82000000000005,-0.34954680790361164,False,False,False,False,True,False,False,False,False,False,False,False,False,False,False,False,False,False,False,False,False,False,False,False,False,True,False,False,False,False,False,False,False,True,False,False
UK,Smartwatch,2025-06-06,Electronics,0.0,889.15,,20.0,2.0,0.0,0.0,4,6,23,6,2,157,0,-0.433883739117558,-0.9009688679024191,1.2246467991473532e-16,-1.0,2.0,1,3.0,1,0.0,1,0.0,1,0.7142857142857143,1.2535663410560167,0.0,3.0,0.6428571428571429,0.7857142857142857,1.3972762620115362,0.0,6.0,0.9090909090909092,0,889.15,0.0,0.0,False,False,False,False,True,False,False,False,False,False,False,False,False,False,False,False,False,False,False,False,False,False,False,False,False,True,False,False,False,False,False,False,False,True,False,False
UK,Smartwatch,2025-06-07,Electronics,0.0,889.15,,20.0,2.0,0.0,0.0,5,7,23,6,2,158,1,-0.9749279121818236,-0.2225209339563146,1.2246467991473532e-16,-1.0,0.0,1,0.0,1,0.0,1,1.0,1,0.2857142857142857,0.7559289460184517,0.0,2.0,0.6428571428571429,0.7857142857142857,1.3972762620115362,0.0,6.0,0.36363636363636365,0,889.15,0.0,0.0,False,False,False,False,True,False,False,False,False,False,False,False,False,False,False,False,False,False,False,False,False,False,False,False,False,True,False,False,False,False,False,False,False,True,False,False
UK,Smartwatch,2025-06-08,Electronics,0.0,889.15,,20.0,2.0,0.0,0.0,6,8,23,6,2,159,1,-0.7818314824680299,0.6234898018587334,1.2246467991473532e-16,-1.0,0.0,1,0.0,1,0.0,1,6.0,1,0.2857142857142857,0.7559289460184517,0.0,2.0,0.6428571428571429,0.75,1.4043582955293856,0.0,6.0,0.38095238095238093,0,889.15,0.0,0.0,False,False,False,False,True,False,False,False,False,False,False,False,False,False,False,False,False,False,False,False,False,False,False,False,False,True,False,False,False,False,False,False,False,True,False,False
UK,Smartwatch,2025-06-09,Electronics,0.0,889.15,,20.0,2.0,0.0,0.0,0,9,24,6,2,160,0,0.0,1.0,1.2246467991473532e-16,-1.0,0.0,1,0.0,1,2.0,1,0.0,1,0.2857142857142857,0.7559289460184517,0.0,2.0,0.6428571428571429,0.5357142857142857,0.9615628812527824,0.0,3.0,0.5333333333333333,0,889.15,0.0,0.0,False,False,False,False,True,False,False,False,False,False,False,False,False,False,False,False,False,False,False,False,False,False,False,False,False,True,False,False,False,False,False,False,False,True,False,False
UK,Smartwatch,2025-06-10,Electronics,0.0,889.15,,20.0,2.0,0.0,0.0,1,10,24,6,2,161,0,0.7818314824680298,0.6234898018587336,1.2246467991473532e-16,-1.0,0.0,1,0.0,1,2.0,1,0.0,1,0.2857142857142857,0.7559289460184517,0.0,2.0,0.5,0.5357142857142857,0.9615628812527824,0.0,3.0,0.5333333333333333,0,889.15,0.0,0.0,False,False,False,False,True,False,False,False,False,False,False,False,False,False,False,False,False,False,False,False,False,False,False,False,False,True,False,False,False,False,False,False,False,True,False,False
UK,Smartwatch,2025-06-11,Electronics,0.0,889.15,,20.0,2.0,0.0,0.0,2,11,24,6,2,162,0,0.9749279121818236,-0.22252093395631434,1.2246467991473532e-16,-1.0,0.0,1,0.0,1,0.0,1,0.0,1,0.2857142857142857,0.7559289460184517,0.0,2.0,0.35714285714285715,0.5357142857142857,0.9615628812527824,0.0,3.0,0.5333333333333333,0,889.15,0.0,0.0,False,False,False,False,True,False,False,False,False,False,False,False,False,False,False,False,False,False,False,False,False,False,False,False,False,True,False,False,False,False,False,False,False,True,False,False
UK,Smartwatch,2025-06-12,Electronics,3.0,710.06,0.04,20.0,2.0,1.0,0.0,3,12,24,6,2,163,0,0.43388373911755823,-0.900968867902419,1.2246467991473532e-16,-1.0,0.0,1,2.0,1,0.0,1,2.0,1,0.2857142857142857,0.7559289460184517,0.0,2.0,0.35714285714285715,0.5357142857142857,0.9615628812527824,0.0,3.0,0.5333333333333333,1,889.15,-179.09000000000003,-0.20141708373165387,False,False,False,False,True,False,False,False,False,False,False,False,False,False,False,False,False,False,False,False,False,False,False,False,False,True,False,False,False,False,False,False,False,True,False,False
UK,Smartwatch,2025-06-13,Electronics,0.0,710.06,,20.0,2.0,0.0,0.0,4,13,24,6,2,164,0,-0.433883739117558,-0.9009688679024191,1.2246467991473532e-16,-1.0,3.0,1,0.0,1,3.0,1,2.0,1,0.42857142857142855,1.1338934190276801,0.0,3.0,0.5714285714285714,0.5714285714285714,1.0338196500275312,0.0,3.0,0.75,0,710.06,0.0,0.0,False,False,False,False,True,False,False,False,False,False,False,False,False,False,False,False,False,False,False,False,False,False,False,False,False,True,False,False,False,False,False,False,False,True,False,False
UK,Smartwatch,2025-06-14,Electronics,0.0,710.06,,20.0,2.0,0.0,0.0,5,14,24,6,2,165,1,-0.9749279121818236,-0.2225209339563146,1.2246467991473532e-16,-1.0,0.0,1,0.0,1,0.0,1,0.0,1,0.42857142857142855,1.1338934190276801,0.0,3.0,0.35714285714285715,0.5,0.9999999999999889,0.0,3.0,0.8571428571428571,0,710.06,0.0,0.0,False,False,False,False,True,False,False,False,False,False,False,False,False,False,False,False,False,False,False,False,False,False,False,False,False,True,False,False,False,False,False,False,False,True,False,False
UK,Smartwatch,2025-06-15,Electronics,0.0,710.06,,20.0,2.0,0.0,0.0,6,15,24,6,2,166,1,-0.7818314824680299,0.6234898018587334,1.2246467991473532e-16,-1.0,0.0,1,0.0,1,0.0,1,0.0,1,0.42857142857142855,1.1338934190276801,0.0,3.0,0.35714285714285715,0.5,0.9999999999999889,0.0,3.0,0.8571428571428571,0,710.06,0.0,0.0,False,False,False,False,True,False,False,False,False,False,False,False,False,False,False,False,False,False,False,False,False,False,False,False,False,True,False,False,False,False,False,False,False,True,False,False
UK,Smartwatch,2025-06-16,Electronics,2.0,367.19,0.14,20.0,2.0,1.0,0.0,0,16,25,6,2,167,0,0.0,1.0,1.2246467991473532e-16,-1.0,0.0,1,0.0,1,0.0,1,0.0,1,0.42857142857142855,1.1338934190276801,0.0,3.0,0.35714285714285715,0.5,0.9999999999999889,0.0,3.0,0.8571428571428571,1,710.06,-342.86999999999995,-0.48287468664619887,False,False,False,False,True,False,False,False,False,False,False,False,False,False,False,False,False,False,False,False,False,False,False,False,False,True,False,False,False,False,False,False,False,True,False,False
UK,Smartwatch,2025-06-17,Electronics,0.0,367.19,,20.0,2.0,0.0,0.0,1,17,25,6,2,168,0,0.7818314824680298,0.6234898018587336,1.2246467991473532e-16,-1.0,2.0,1,0.0,1,0.0,1,0.0,1,0.7142857142857143,1.2535663410560167,0.0,3.0,0.5,0.5714285714285714,1.0338196500275312,0.0,3.0,1.25,0,367.19,0.0,0.0,False,False,False,False,True,False,False,False,False,False,False,False,False,False,False,False,False,False,False,False,False,False,False,False,False,True,False,False,False,False,False,False,False,True,False,False
UK,Smartwatch,2025-06-18,Electronics,4.0,1249.125,0.03,20.0,2.0,1.0,0.0,2,18,25,6,2,169,0,0.9749279121818236,-0.22252093395631434,1.2246467991473532e-16,-1.0,0.0,1,0.0,1,0.0,1,2.0,1,0.7142857142857143,1.2535663410560167,0.0,3.0,0.5,0.5714285714285714,1.0338196500275312,0.0,3.0,1.25,1,367.19,881.935,2.4018491788992073,False,False,False,False,True,False,False,False,False,False,False,False,False,False,False,False,False,False,False,False,False,False,False,False,False,True,False,False,False,False,False,False,False,True,False,False
UK,Smartwatch,2025-06-19,Electronics,0.0,1249.125,,20.0,2.0,0.0,0.0,3,19,25,6,2,170,0,0.43388373911755823,-0.900968867902419,1.2246467991473532e-16,-1.0,4.0,1,3.0,1,2.0,1,0.0,1,1.2857142857142858,1.7043362064926935,0.0,4.0,0.7857142857142857,0.6428571428571429,1.1930131697849784,0.0,4.0,2.0,0,1249.125,0.0,0.0,False,False,False,False,True,False,False,False,False,False,False,False,False,False,False,False,False,False,False,False,False,False,False,False,False,True,False,False,False,False,False,False,False,True,False,False
UK,Smartwatch,2025-06-20,Electronics,0.0,1249.125,,20.0,2.0,0.0,0.0,4,20,25,6,2,171,0,-0.433883739117558,-0.9009688679024191,1.2246467991473532e-16,-1.0,0.0,1,0.0,1,0.0,1,0.0,1,0.8571428571428571,1.573591584938886,0.0,4.0,0.6428571428571429,0.6428571428571429,1.1930131697849784,0.0,4.0,1.3333333333333333,0,1249.125,0.0,0.0,False,False,False,False,True,False,False,False,False,False,False,False,False,False,False,False,False,False,False,False,False,False,False,False,False,True,False,False,False,False,False,False,False,True,False,False
UK,Smartwatch,2025-06-21,Electronics,0.0,1249.125,,20.0,2.0,0.0,0.0,5,21,25,6,2,172,1,-0.9749279121818236,-0.2225209339563146,1.2246467991473532e-16,-1.0,0.0,1,0.0,1,0.0,1,0.0,1,0.8571428571428571,1.573591584938886,0.0,4.0,0.6428571428571429,0.6428571428571429,1.1930131697849784,0.0,4.0,1.3333333333333333,0,1249.125,0.0,0.0,False,False,False,False,True,False,False,False,False,False,False,False,False,False,False,False,False,False,False,False,False,False,False,False,False,True,False,False,False,False,False,False,False,True,False,False
UK,Smartwatch,2025-06-22,Electronics,0.0,1249.125,,20.0,2.0,0.0,0.0,6,22,25,6,2,173,1,-0.7818314824680299,0.6234898018587334,1.2246467991473532e-16,-1.0,0.0,1,0.0,1,0.0,1,0.0,1,0.8571428571428571,1.573591584938886,0.0,4.0,0.6428571428571429,0.6428571428571429,1.1930131697849784,0.0,4.0,1.3333333333333333,0,1249.125,0.0,0.0,False,False,False,False,True,False,False,False,False,False,False,False,False,False,False,False,False,False,False,False,False,False,False,False,False,True,False,False,False,False,False,False,False,True,False,False
UK,Smartwatch,2025-06-23,Electronics,0.0,1249.125,,20.0,2.0,0.0,0.0,0,23,26,6,2,174,0,0.0,1.0,1.2246467991473532e-16,-1.0,0.0,1,2.0,1,0.0,1,2.0,1,0.8571428571428571,1.573591584938886,0.0,4.0,0.6428571428571429,0.6428571428571429,1.1930131697849784,0.0,4.0,1.3333333333333333,0,1249.125,0.0,0.0,False,False,False,False,True,False,False,False,False,False,False,False,False,False,False,False,False,False,False,False,False,False,False,False,False,True,False,False,False,False,False,False,False,True,False,False
UK,Smartwatch,2025-06-24,Electronics,0.0,1249.125,,20.0,2.0,0.0,0.0,1,24,26,6,2,175,0,0.7818314824680298,0.6234898018587336,1.2246467991473532e-16,-1.0,0.0,1,0.0,1,0.0,1,2.0,1,0.5714285714285714,1.511857892036908,0.0,4.0,0.6428571428571429,0.5714285714285714,1.1683661091795428,0.0,4.0,1.0,0,1249.125,0.0,0.0,False,False,False,False,True,False,False,False,False,False,False,False,False,False,False,False,False,False,False,False,False,False,False,False,False,True,False,False,False,False,False,False,False,True,False,False
UK,Smartwatch,2025-06-25,Electronics,0.0,1249.125,,20.0,2.0,0.0,0.0,2,25,26,6,2,176,0,0.9749279121818236,-0.22252093395631434,1.2246467991473532e-16,-1.0,0.0,1,4.0,1,0.0,1,0.0,1,0.5714285714285714,1.511857892036908,0.0,4.0,0.6428571428571429,0.5,1.1385500851066124,0.0,4.0,1.1428571428571428,0,1249.125,0.0,0.0,False,False,False,False,True,False,False,False,False,False,False,False,False,False,False,False,False,False,False,False,False,False,False,False,False,True,False,False,False,False,False,False,False,True,False,False
UK,Smartwatch,2025-06-26,Electronics,0.0,1249.125,,20.0,2.0,0.0,0.0,3,26,26,6,2,177,0,0.43388373911755823,-0.900968867902419,1.2246467991473532e-16,-1.0,0.0,1,0.0,1,3.0,1,0.0,1,0.0,0.0,0.0,0.0,0.6428571428571429,0.5,1.1385500851066124,0.0,4.0,0.0,0,1249.125,0.0,0.0,False,False,False,False,True,False,False,False,False,False,False,False,False,False,False,False,False,False,False,False,False,False,False,False,False,True,False,False,False,False,False,False,False,True,False,False
UK,Smartwatch,2025-06-27,Electronics,0.0,1249.125,,20.0,2.0,0.0,0.0,4,27,26,6,2,178,0,-0.433883739117558,-0.9009688679024191,1.2246467991473532e-16,-1.0,0.0,1,0.0,1,0.0,1,3.0,1,0.0,0.0,0.0,0.0,0.42857142857142855,0.5,1.1385500851066124,0.0,4.0,0.0,0,1249.125,0.0,0.0,False,False,False,False,True,False,False,False,False,False,False,False,False,False,False,False,False,False,False,False,False,False,False,False,False,True,False,False,False,False,False,False,False,True,False,False
UK,Smartwatch,2025-06-28,Electronics,0.0,1249.125,,20.0,2.0,0.0,0.0,5,28,26,6,2,179,1,-0.9749279121818236,-0.2225209339563146,1.2246467991473532e-16,-1.0,0.0,1,0.0,1,0.0,1,0.0,1,0.0,0.0,0.0,0.0,0.42857142857142855,0.39285714285714285,1.030615986761941,0.0,4.0,0.0,0,1249.125,0.0,0.0,False,False,False,False,True,False,False,False,False,False,False,False,False,False,False,False,False,False,False,False,False,False,False,False,False,True,False,False,False,False,False,False,False,True,False,False
UK,Smartwatch,2025-06-29,Electronics,0.0,1249.125,,20.0,2.0,0.0,0.0,6,29,26,6,2,180,1,-0.7818314824680299,0.6234898018587334,1.2246467991473532e-16,-1.0,0.0,1,0.0,1,0.0,1,0.0,1,0.0,0.0,0.0,0.0,0.42857142857142855,0.39285714285714285,1.030615986761941,0.0,4.0,0.0,0,1249.125,0.0,0.0,False,False,False,False,True,False,False,False,False,False,False,False,False,False,False,False,False,False,False,False,False,False,False,False,False,True,False,False,False,False,False,False,False,True,False,False
UK,Smartwatch,2025-06-30,Electronics,0.0,1249.125,,20.0,2.0,0.0,0.0,0,30,27,6,2,181,0,0.0,1.0,1.2246467991473532e-16,-1.0,0.0,1,0.0,1,2.0,1,0.0,1,0.0,0.0,0.0,0.0,0.42857142857142855,0.39285714285714285,1.030615986761941,0.0,4.0,0.0,0,1249.125,0.0,0.0,False,False,False,False,True,False,False,False,False,False,False,False,False,False,False,False,False,False,False,False,False,False,False,False,False,True,False,False,False,False,False,False,False,True,False,False
UK,Smartwatch,2025-07-01,Electronics,2.0,1296.54,0.14,20.0,2.0,1.0,0.0,1,1,27,7,3,182,0,0.7818314824680298,0.6234898018587336,-0.4999999999999997,-0.8660254037844388,0.0,1,0.0,1,0.0,1,0.0,1,0.0,0.0,0.0,0.0,0.2857142857142857,0.39285714285714285,1.030615986761941,0.0,4.0,0.0,1,1249.125,47.414999999999964,0.03795857099969976,False,False,False,False,True,False,False,False,False,False,False,False,False,False,False,False,False,False,False,False,False,False,False,False,False,True,False,False,False,False,False,False,False,True,False,False
UK,Smartwatch,2025-07-02,Electronics,3.0,693.36,0.1,20.0,2.0,1.0,0.0,2,2,27,7,3,183,0,0.9749279121818236,-0.22252093395631434,-0.4999999999999997,-0.8660254037844388,2.0,1,0.0,1,4.0,1,0.0,1,0.2857142857142857,0.7559289460184521,0.0,2.0,0.42857142857142855,0.4642857142857143,1.0708993401928,0.0,4.0,0.6153846153846153,1,1296.54,-603.18,-0.4652228238234069,False,False,False,False,True,False,False,False,False,False,False,False,False,False,False,False,False,False,False,False,False,False,False,False,False,True,False,False,False,False,False,False,False,True,False,False
UK,Smartwatch,2025-07-03,Electronics,0.0,693.36,,20.0,2.0,0.0,0.0,3,3,27,7,3,184,0,0.43388373911755823,-0.900968867902419,-0.4999999999999997,-0.8660254037844388,3.0,1,0.0,1,0.0,1,2.0,1,0.7142857142857143,1.2535663410560167,0.0,3.0,0.35714285714285715,0.5714285714285714,1.1683661091795428,0.0,4.0,1.25,0,693.36,0.0,0.0,False,False,False,False,True,False,False,False,False,False,False,False,False,False,False,False,False,False,False,False,False,False,False,False,False,True,False,False,False,False,False,False,False,True,False,False
UK,Smartwatch,2025-07-04,Electronics,0.0,693.36,,20.0,2.0,0.0,0.0,4,4,27,7,3,185,0,-0.433883739117558,-0.9009688679024191,-0.4999999999999997,-0.8660254037844388,0.0,1,0.0,1,0.0,1,0.0,1,0.7142857142857143,1.2535663410560167,0.0,3.0,0.35714285714285715,0.5,1.1385500851066124,0.0,4.0,1.4285714285714286,0,693.36,0.0,0.0,False,False,False,False,True,False,False,False,False,False,False,False,False,False,False,False,False,False,False,False,False,False,False,False,False,True,False,False,False,False,False,False,False,True,False,False
UK,Smartwatch,2025-07-05,Electronics,2.0,1257.78,0.08,20.0,2.0,1.0,0.0,5,5,27,7,3,186,1,-0.9749279121818236,-0.2225209339563146,-0.4999999999999997,-0.8660254037844388,0.0,1,0.0,1,0.0,1,0.0,1,0.7142857142857143,1.2535663410560167,0.0,3.0,0.35714285714285715,0.5,1.1385500851066124,0.0,4.0,1.4285714285714286,1,693.36,564.42,0.8140359986154377,False,False,False,False,True,False,False,False,False,False,False,False,False,False,False,False,False,False,False,False,False,False,False,False,False,True,False,False,False,False,False,False,False,True,False,False
UK,Smartwatch,2025-07-06,Electronics,0.0,1257.78,,20.0,2.0,0.0,0.0,6,6,27,7,3,187,1,-0.7818314824680299,0.6234898018587334,-0.4999999999999997,-0.8660254037844388,2.0,1,0.0,1,0.0,1,0.0,1,1.0,1.2909944487358054,0.0,3.0,0.5,0.5714285714285714,1.1683661091795428,0.0,4.0,1.75,0,1257.78,0.0,0.0,False,False,False,False,True,False,False,False,False,False,False,False,False,False,False,False,False,False,False,False,False,False,False,False,False,True,False,False,False,False,False,False,False,True,False,False
UK,Smartwatch,2025-07-07,Electronics,0.0,1257.78,,20.0,2.0,0.0,0.0,0,7,28,7,3,188,0,0.0,1.0,-0.4999999999999997,-0.8660254037844388,0.0,1,0.0,1,0.0,1,0.0,1,1.0,1.2909944487358054,0.0,3.0,0.5,0.5714285714285714,1.1683661091795428,0.0,4.0,1.75,0,1257.78,0.0,0.0,False,False,False,False,True,False,False,False,False,False,False,False,False,False,False,False,False,False,False,False,False,False,False,False,False,True,False,False,False,False,False,False,False,True,False,False
UK,Smartwatch,2025-07-08,Electronics,2.0,433.53,0.1,20.0,2.0,1.0,0.0,1,8,28,7,3,189,0,0.7818314824680298,0.6234898018587336,-0.4999999999999997,-0.8660254037844388,0.0,1,2.0,1,0.0,1,0.0,1,1.0,1.2909944487358054,0.0,3.0,0.5,0.5714285714285714,1.1683661091795428,0.0,4.0,1.75,1,1257.78,-824.25,-0.6553212803510948,False,False,False,False,True,False,False,False,False,False,False,False,False,False,False,False,False,False,False,False,False,False,False,False,False,True,False,False,False,False,False,False,False,True,False,False
UK,Smartwatch,2025-07-09,Electronics,0.0,433.53,,20.0,2.0,0.0,0.0,2,9,28,7,3,190,0,0.9749279121818236,-0.22252093395631434,-0.4999999999999997,-0.8660254037844388,2.0,1,3.0,1,0.0,1,0.0,1,1.0,1.2909944487358054,0.0,3.0,0.6428571428571429,0.6428571428571429,1.1930131697849784,0.0,4.0,1.5555555555555554,0,433.53,0.0,0.0,False,False,False,False,True,False,False,False,False,False,False,False,False,False,False,False,False,False,False,False,False,False,False,False,False,True,False,False,False,False,False,False,False,True,False,False
UK,Smartwatch,2025-07-10,Electronics,3.0,963.9,0.01,20.0,2.0,1.0,0.0,3,10,28,7,3,191,0,0.43388373911755823,-0.900968867902419,-0.4999999999999997,-0.8660254037844388,0.0,1,0.0,1,0.0,1,3.0,1,0.5714285714285714,0.9759000729485319,0.0,2.0,0.6428571428571429,0.6428571428571429,1.1930131697849784,0.0,4.0,0.8888888888888887,1,433.53,530.37,1.2233755449449866,False,False,False,False,True,False,False,False,False,False,False,False,False,False,False,False,False,False,False,False,False,False,False,False,False,True,False,False,False,False,False,False,False,True,False,False
UK,Smartwatch,2025-07-11,Electronics,6.0,845.45,0.09,20.0,2.0,1.0,0.0,4,11,28,7,3,192,0,-0.433883739117558,-0.9009688679024191,-0.4999999999999997,-0.8660254037844388,3.0,1,0.0,1,0.0,1,0.0,1,1.0,1.2909944487358054,0.0,3.0,0.8571428571428571,0.6428571428571429,1.1930131697849784,0.0,4.0,1.5555555555555554,1,963.9,-118.44999999999993,-0.12288619151364243,False,False,False,False,True,False,False,False,False,False,False,False,False,False,False,False,False,False,False,False,False,False,False,False,False,True,False,False,False,False,False,False,False,True,False,False
UK,Smartwatch,2025-07-12,Electronics,0.0,845.45,,20.0,2.0,0.0,0.0,5,12,28,7,3,193,1,-0.9749279121818236,-0.2225209339563146,-0.4999999999999997,-0.8660254037844388,6.0,1,2.0,1,0.0,1,0.0,1,1.8571428571428572,2.193062655175135,0.0,6.0,1.2857142857142858,0.8571428571428571,1.5566889295168775,0.0,6.0,2.166666666666667,0,845.45,0.0,0.0,False,False,False,False,True,False,False,False,False,False,False,False,False,False,False,False,False,False,False,False,False,False,False,False,False,True,False,False,False,False,False,False,False,True,False,False
UK,Smartwatch,2025-07-13,Electronics,0.0,845.45,,20.0,2.0,0.0,0.0,6,13,28,7,3,194,1,-0.7818314824680299,0.6234898018587334,-0.4999999999999997,-0.8660254037844388,0.0,1,0.0,1,0.0,1,0.0,1,1.5714285714285714,2.2990681342044406,0.0,6.0,1.2857142857142858,0.8571428571428571,1.5566889295168775,0.0,6.0,1.8333333333333335,0,845.45,0.0,0.0,False,False,False,False,True,False,False,False,False,False,False,False,False,False,False,False,False,False,False,False,False,False,False,False,False,True,False,False,False,False,False,False,False,True,False,False
UK,Smartwatch,2025-07-14,Electronics,0.0,845.45,,20.0,2.0,0.0,0.0,0,14,29,7,3,195,0,0.0,1.0,-0.4999999999999997,-0.8660254037844388,0.0,1,0.0,1,0.0,1,2.0,1,1.5714285714285714,2.2990681342044406,0.0,6.0,1.2857142857142858,0.8571428571428571,1.5566889295168775,0.0,6.0,1.8333333333333335,0,845.45,0.0,0.0,False,False,False,False,True,False,False,False,False,False,False,False,False,False,False,False,False,False,False,False,False,False,False,False,False,True,False,False,False,False,False,False,False,True,False,False
UK,Smartwatch,2025-07-15,Electronics,0.0,845.45,,20.0,2.0,0.0,0.0,1,15,29,7,3,196,0,0.7818314824680298,0.6234898018587336,-0.4999999999999997,-0.8660254037844388,0.0,1,2.0,1,2.0,1,0.0,1,1.5714285714285714,2.2990681342044406,0.0,6.0,1.2857142857142858,0.7857142857142857,1.5481684006675034,0.0,6.0,2.0,0,845.45,0.0,0.0,False,False,False,False,True,False,False,False,False,False,False,False,False,False,False,False,False,False,False,False,False,False,False,False,False,True,False,False,False,False,False,False,False,True,False,False
UK,Smartwatch,2025-07-16,Electronics,0.0,845.45,,20.0,2.0,0.0,0.0,2,16,29,7,3,197,0,0.9749279121818236,-0.22252093395631434,-0.4999999999999997,-0.8660254037844388,0.0,1,0.0,1,3.0,1,4.0,1,1.2857142857142858,2.3603873774083297,0.0,6.0,1.1428571428571428,0.7857142857142857,1.5481684006675034,0.0,6.0,1.6363636363636365,0,845.45,0.0,0.0,False,False,False,False,True,False,False,False,False,False,False,False,False,False,False,False,False,False,False,False,False,False,False,False,False,True,False,False,False,False,False,False,False,True,False,False
UK,Smartwatch,2025-07-17,Electronics,0.0,845.45,,20.0,2.0,0.0,0.0,3,17,29,7,3,198,0,0.43388373911755823,-0.900968867902419,-0.4999999999999997,-0.8660254037844388,0.0,1,3.0,1,0.0,1,0.0,1,1.2857142857142858,2.3603873774083297,0.0,6.0,0.9285714285714286,0.6428571428571429,1.4198144300833804,0.0,6.0,2.0,0,845.45,0.0,0.0,False,False,False,False,True,False,False,False,False,False,False,False,False,False,False,False,False,False,False,False,False,False,False,False,False,True,False,False,False,False,False,False,False,True,False,False
UK,Smartwatch,2025-07-18,Electronics,0.0,845.45,,20.0,2.0,0.0,0.0,4,18,29,7,3,199,0,-0.433883739117558,-0.9009688679024191,-0.4999999999999997,-0.8660254037844388,0.0,1,6.0,1,0.0,1,0.0,1,0.8571428571428571,2.267786838055363,0.0,6.0,0.9285714285714286,0.6428571428571429,1.4198144300833804,0.0,6.0,1.3333333333333333,0,845.45,0.0,0.0,False,False,False,False,True,False,False,False,False,False,False,False,False,False,False,False,False,False,False,False,False,False,False,False,False,True,False,False,False,False,False,False,False,True,False,False
UK,Smartwatch,2025-07-19,Electronics,0.0,845.45,,20.0,2.0,0.0,0.0,5,19,29,7,3,200,1,-0.9749279121818236,-0.2225209339563146,-0.4999999999999997,-0.8660254037844388,0.0,1,0.0,1,2.0,1,0.0,1,0.0,0.0,0.0,0.0,0.9285714285714286,0.6428571428571429,1.4198144300833804,0.0,6.0,0.0,0,845.45,0.0,0.0,False,False,False,False,True,False,False,False,False,False,False,False,False,False,False,False,False,False,False,False,False,False,False,False,False,True,False,False,False,False,False,False,False,True,False,False
UK,Smartwatch,2025-07-20,Electronics,2.0,1131.6,0.1,20.0,2.0,1.0,0.0,6,20,29,7,3,201,1,-0.7818314824680299,0.6234898018587334,-0.4999999999999997,-0.8660254037844388,0.0,1,0.0,1,0.0,1,0.0,1,0.0,0.0,0.0,0.0,0.7857142857142857,0.6428571428571429,1.4198144300833804,0.0,6.0,0.0,1,845.45,286.14999999999986,0.33845880891832736,False,False,False,False,True,False,False,False,False,False,False,False,False,False,False,False,False,False,False,False,False,False,False,False,False,True,False,False,False,False,False,False,False,True,False,False
UK,Smartwatch,2025-07-21,Electronics,0.0,1131.6,,20.0,2.0,0.0,0.0,0,21,30,7,3,202,0,0.0,1.0,-0.4999999999999997,-0.8660254037844388,2.0,1,0.0,1,0.0,1,0.0,1,0.2857142857142857,0.7559289460184514,0.0,2.0,0.9285714285714286,0.7142857142857143,1.4364860122855503,0.0,6.0,0.39999999999999997,0,1131.6,0.0,0.0,False,False,False,False,True,False,False,False,False,False,False,False,False,False,False,False,False,False,False,False,False,False,False,False,False,True,False,False,False,False,False,False,False,True,False,False
UK,Smartwatch,2025-07-22,Electronics,2.0,371.97,0.08,20.0,2.0,1.0,0.0,1,22,30,7,3,203,0,0.7818314824680298,0.6234898018587336,-0.4999999999999997,-0.8660254037844388,0.0,1,0.0,1,2.0,1,0.0,1,0.2857142857142857,0.7559289460184514,0.0,2.0,0.9285714285714286,0.7142857142857143,1.4364860122855503,0.0,6.0,0.39999999999999997,1,1131.6,-759.6299999999999,-0.671288441145281,False,False,False,False,True,False,False,False,False,False,False,False,False,False,False,False,False,False,False,False,False,False,False,False,False,True,False,False,False,False,False,False,False,True,False,False
UK,Smartwatch,2025-07-23,Electronics,0.0,371.97,,20.0,2.0,0.0,0.0,2,23,30,7,3,204,0,0.9749279121818236,-0.22252093395631434,-0.4999999999999997,-0.8660254037844388,2.0,1,0.0,1,0.0,1,0.0,1,0.5714285714285714,0.9759000729485314,0.0,2.0,0.9285714285714286,0.7857142857142857,1.449320220147735,0.0,6.0,0.7272727272727273,0,371.97,0.0,0.0,False,False,False,False,True,False,False,False,False,False,False,False,False,False,False,False,False,False,False,False,False,False,False,False,False,True,False,False,False,False,False,False,False,True,False,False
UK,Smartwatch,2025-07-24,Electronics,0.0,371.97,,20.0,2.0,0.0,0.0,3,24,30,7,3,205,0,0.43388373911755823,-0.900968867902419,-0.4999999999999997,-0.8660254037844388,0.0,1,0.0,1,3.0,1,0.0,1,0.5714285714285714,0.9759000729485314,0.0,2.0,0.9285714285714286,0.7857142857142857,1.449320220147735,0.0,6.0,0.7272727272727273,0,371.97,0.0,0.0,False,False,False,False,True,False,False,False,False,False,False,False,False,False,False,False,False,False,False,False,False,False,False,False,False,True,False,False,False,False,False,False,False,True,False,False
UK,Smartwatch,2025-07-25,Electronics,0.0,371.97,,20.0,2.0,0.0,0.0,4,25,30,7,3,206,0,-0.433883739117558,-0.9009688679024191,-0.4999999999999997,-0.8660254037844388,0.0,1,0.0,1,6.0,1,0.0,1,0.5714285714285714,0.9759000729485314,0.0,2.0,0.7142857142857143,0.7857142857142857,1.449320220147735,0.0,6.0,0.7272727272727273,0,371.97,0.0,0.0,False,False,False,False,True,False,False,False,False,False,False,False,False,False,False,False,False,False,False,False,False,False,False,False,False,True,False,False,False,False,False,False,False,True,False,False
UK,Smartwatch,2025-07-26,Electronics,1.0,448.7,0.11,20.0,2.0,1.0,0.0,5,26,30,7,3,207,1,-0.9749279121818236,-0.2225209339563146,-0.4999999999999997,-0.8660254037844388,0.0,1,0.0,1,0.0,1,0.0,1,0.5714285714285714,0.9759000729485314,0.0,2.0,0.2857142857142857,0.7857142857142857,1.449320220147735,0.0,6.0,0.7272727272727273,1,371.97,76.72999999999996,0.20628007635024317,False,False,False,False,True,False,False,False,False,False,False,False,False,False,False,False,False,False,False,False,False,False,False,False,False,True,False,False,False,False,False,False,False,True,False,False
UK,Smartwatch,2025-07-27,Electronics,0.0,448.7,,20.0,2.0,0.0,0.0,6,27,30,7,3,208,1,-0.7818314824680299,0.6234898018587334,-0.4999999999999997,-0.8660254037844388,1.0,1,2.0,1,0.0,1,0.0,1,0.7142857142857143,0.9511897312113404,0.0,2.0,0.35714285714285715,0.8214285714285714,1.4415416497771776,0.0,6.0,0.8695652173913044,0,448.7,0.0,0.0,False,False,False,False,True,False,False,False,False,False,False,False,False,False,False,False,False,False,False,False,False,False,False,False,False,True,False,False,False,False,False,False,False,True,False,False
UK,Smartwatch,2025-07-28,Electronics,0.0,448.7,,20.0,2.0,0.0,0.0,0,28,31,7,3,209,0,0.0,1.0,-0.4999999999999997,-0.8660254037844388,0.0,1,0.0,1,0.0,1,0.0,1,0.42857142857142855,0.7867957924694406,0.0,2.0,0.35714285714285715,0.8214285714285714,1.4415416497771776,0.0,6.0,0.5217391304347826,0,448.7,0.0,0.0,False,False,False,False,True,False,False,False,False,False,False,False,False,False,False,False,False,False,False,False,False,False,False,False,False,True,False,False,False,False,False,False,False,True,False,False
UK,Smartwatch,2025-07-29,Electronics,0.0,448.7,,20.0,2.0,0.0,0.0,1,29,31,7,3,210,0,0.7818314824680298,0.6234898018587336,-0.4999999999999997,-0.8660254037844388,0.0,1,2.0,1,0.0,1,2.0,1,0.42857142857142855,0.7867957924694406,0.0,2.0,0.35714285714285715,0.8214285714285714,1.4415416497771776,0.0,6.0,0.5217391304347826,0,448.7,0.0,0.0,False,False,False,False,True,False,False,False,False,False,False,False,False,False,False,False,False,False,False,False,False,False,False,False,False,True,False,False,False,False,False,False,False,True,False,False
UK,Smartwatch,2025-07-30,Electronics,0.0,448.7,,20.0,2.0,0.0,0.0,2,30,31,7,3,211,0,0.9749279121818236,-0.22252093395631434,-0.4999999999999997,-0.8660254037844388,0.0,1,0.0,1,0.0,1,3.0,1,0.14285714285714285,0.37796447300922015,0.0,1.0,0.35714285714285715,0.75,1.4304881321759628,0.0,6.0,0.19047619047619047,0,448.7,0.0,0.0,False,False,False,False,True,False,False,False,False,False,False,False,False,False,False,False,False,False,False,False,False,False,False,False,False,True,False,False,False,False,False,False,False,True,False,False
UK,Smartwatch,2025-07-31,Electronics,0.0,448.7,,20.0,2.0,0.0,0.0,3,31,31,7,3,212,0,0.43388373911755823,-0.900968867902419,-0.4999999999999997,-0.8660254037844388,0.0,1,0.0,1,0.0,1,0.0,1,0.14285714285714285,0.37796447300922015,0.0,1.0,0.35714285714285715,0.6428571428571429,1.3666473091931386,0.0,6.0,0.22222222222222218,0,448.7,0.0,0.0,False,False,False,False,True,False,False,False,False,False,False,False,False,False,False,False,False,False,False,False,False,False,False,False,False,True,False,False,False,False,False,False,False,True,False,False
UK,Smartwatch,2025-08-01,Electronics,0.0,448.7,,20.0,2.0,0.0,0.0,4,1,31,8,3,213,0,-0.433883739117558,-0.9009688679024191,-0.8660254037844385,-0.5000000000000004,0.0,1,0.0,1,0.0,1,0.0,1,0.14285714285714285,0.37796447300922015,0.0,1.0,0.35714285714285715,0.6428571428571429,1.3666473091931386,0.0,6.0,0.22222222222222218,0,448.7,0.0,0.0,False,False,False,False,True,False,False,False,False,False,False,False,False,False,False,False,False,False,False,False,False,False,False,False,False,True,False,False,False,False,False,False,False,True,False,False
UK,Smartwatch,2025-08-02,Electronics,1.0,327.97,0.14,20.0,2.0,1.0,0.0,5,2,31,8,3,214,1,-0.9749279121818236,-0.2225209339563146,-0.8660254037844385,-0.5000000000000004,0.0,1,1.0,1,0.0,1,2.0,1,0.14285714285714285,0.37796447300922015,0.0,1.0,0.35714285714285715,0.6428571428571429,1.3666473091931386,0.0,6.0,0.22222222222222218,1,448.7,-120.72999999999996,-0.26906619121907727,False,False,False,False,True,False,False,False,False,False,False,False,False,False,False,False,False,False,False,False,False,False,False,False,False,True,False,False,False,False,False,False,False,True,False,False
UK,Smartwatch,2025-08-03,Electronics,0.0,327.97,,20.0,2.0,0.0,0.0,6,3,31,8,3,215,1,-0.7818314824680299,0.6234898018587334,-0.8660254037844385,-0.5000000000000004,1.0,1,0.0,1,2.0,1,0.0,1,0.14285714285714285,0.37796447300922015,0.0,1.0,0.42857142857142855,0.6071428571428571,1.342724861209485,0.0,6.0,0.23529411764705882,0,327.97,0.0,0.0,False,False,False,False,True,False,False,False,False,False,False,False,False,False,False,False,False,False,False,False,False,False,False,False,False,True,False,False,False,False,False,False,False,True,False,False
UK,Smartwatch,2025-08-04,Electronics,0.0,327.97,,20.0,2.0,0.0,0.0,0,4,32,8,3,216,0,0.0,1.0,-0.8660254037844385,-0.5000000000000004,0.0,1,0.0,1,0.0,1,0.0,1,0.14285714285714285,0.37796447300922015,0.0,1.0,0.2857142857142857,0.6071428571428571,1.342724861209485,0.0,6.0,0.23529411764705882,0,327.97,0.0,0.0,False,False,False,False,True,False,False,False,False,False,False,False,False,False,False,False,False,False,False,False,False,False,False,False,False,True,False,False,False,False,False,False,False,True,False,False
UK,Smartwatch,2025-08-05,Electronics,0.0,327.97,,20.0,2.0,0.0,0.0,1,5,32,8,3,217,0,0.7818314824680298,0.6234898018587336,-0.8660254037844385,-0.5000000000000004,0.0,1,0.0,1,2.0,1,2.0,1,0.14285714285714285,0.37796447300922015,0.0,1.0,0.2857142857142857,0.6071428571428571,1.342724861209485,0.0,6.0,0.23529411764705882,0,327.97,0.0,0.0,False,False,False,False,True,False,False,False,False,False,False,False,False,False,False,False,False,False,False,False,False,False,False,False,False,True,False,False,False,False,False,False,False,True,False,False
UK,Smartwatch,2025-08-06,Electronics,0.0,327.97,,20.0,2.0,0.0,0.0,2,6,32,8,3,218,0,0.9749279121818236,-0.22252093395631434,-0.8660254037844385,-0.5000000000000004,0.0,1,0.0,1,0.0,1,0.0,1,0.14285714285714285,0.37796447300922015,0.0,1.0,0.14285714285714285,0.5357142857142857,1.318869966834474,0.0,6.0,0.26666666666666666,0,327.97,0.0,0.0,False,False,False,False,True,False,False,False,False,False,False,False,False,False,False,False,False,False,False,False,False,False,False,False,False,True,False,False,False,False,False,False,False,True,False,False
UK,Smartwatch,2025-08-07,Electronics,0.0,327.97,,20.0,2.0,0.0,0.0,3,7,32,8,3,219,0,0.43388373911755823,-0.900968867902419,-0.8660254037844385,-0.5000000000000004,0.0,1,0.0,1,0.0,1,3.0,1,0.14285714285714285,0.37796447300922015,0.0,1.0,0.14285714285714285,0.5357142857142857,1.318869966834474,0.0,6.0,0.26666666666666666,0,327.97,0.0,0.0,False,False,False,False,True,False,False,False,False,False,False,False,False,False,False,False,False,False,False,False,False,False,False,False,False,True,False,False,False,False,False,False,False,True,False,False
UK,Smartwatch,2025-08-08,Electronics,3.0,89.17,0.1,20.0,2.0,1.0,0.0,4,8,32,8,3,220,0,-0.433883739117558,-0.9009688679024191,-0.8660254037844385,-0.5000000000000004,0.0,1,0.0,1,0.0,1,6.0,1,0.14285714285714285,0.37796447300922015,0.0,1.0,0.14285714285714285,0.42857142857142855,1.2301331282538042,0.0,6.0,0.3333333333333333,1,327.97,-238.8,-0.7281153764063786,False,False,False,False,True,False,False,False,False,False,False,False,False,False,False,False,False,False,False,False,False,False,False,False,False,True,False,False,False,False,False,False,False,True,False,False
UK,Smartwatch,2025-08-09,Electronics,0.0,89.17,,20.0,2.0,0.0,0.0,5,9,32,8,3,221,1,-0.9749279121818236,-0.2225209339563146,-0.8660254037844385,-0.5000000000000004,3.0,1,1.0,1,1.0,1,0.0,1,0.5714285714285714,1.1338934190276801,0.0,3.0,0.35714285714285715,0.32142857142857145,0.7723735149270872,0.0,3.0,1.7777777777777775,0,89.17,0.0,0.0,False,False,False,False,True,False,False,False,False,False,False,False,False,False,False,False,False,False,False,False,False,False,False,False,False,True,False,False,False,False,False,False,False,True,False,False
UK,Smartwatch,2025-08-10,Electronics,0.0,89.17,,20.0,2.0,0.0,0.0,6,10,32,8,3,222,1,-0.7818314824680299,0.6234898018587334,-0.8660254037844385,-0.5000000000000004,0.0,1,0.0,1,0.0,1,0.0,1,0.42857142857142855,1.13389341902768,0.0,3.0,0.2857142857142857,0.32142857142857145,0.7723735149270872,0.0,3.0,1.3333333333333333,0,89.17,0.0,0.0,False,False,False,False,True,False,False,False,False,False,False,False,False,False,False,False,False,False,False,False,False,False,False,False,False,True,False,False,False,False,False,False,False,True,False,False
UK,Smartwatch,2025-08-11,Electronics,0.0,89.17,,20.0,2.0,0.0,0.0,0,11,33,8,3,223,0,0.0,1.0,-0.8660254037844385,-0.5000000000000004,0.0,1,0.0,1,0.0,1,0.0,1,0.42857142857142855,1.13389341902768,0.0,3.0,0.2857142857142857,0.32142857142857145,0.7723735149270872,0.0,3.0,1.3333333333333333,0,89.17,0.0,0.0,False,False,False,False,True,False,False,False,False,False,False,False,False,False,False,False,False,False,False,False,False,False,False,False,False,True,False,False,False,False,False,False,False,True,False,False
UK,Smartwatch,2025-08-12,Electronics,0.0,89.17,,20.0,2.0,0.0,0.0,1,12,33,8,3,224,0,0.7818314824680298,0.6234898018587336,-0.8660254037844385,-0.5000000000000004,0.0,1,0.0,1,0.0,1,0.0,1,0.42857142857142855,1.13389341902768,0.0,3.0,0.2857142857142857,0.32142857142857145,0.7723735149270872,0.0,3.0,1.3333333333333333,0,89.17,0.0,0.0,False,False,False,False,True,False,False,False,False,False,False,False,False,False,False,False,False,False,False,False,False,False,False,False,False,True,False,False,False,False,False,False,False,True,False,False
UK,Smartwatch,2025-08-13,Electronics,0.0,89.17,,20.0,2.0,0.0,0.0,2,13,33,8,3,225,0,0.9749279121818236,-0.22252093395631434,-0.8660254037844385,-0.5000000000000004,0.0,1,0.0,1,0.0,1,0.0,1,0.42857142857142855,1.13389341902768,0.0,3.0,0.2857142857142857,0.32142857142857145,0.7723735149270872,0.0,3.0,1.3333333333333333,0,89.17,0.0,0.0,False,False,False,False,True,False,False,False,False,False,False,False,False,False,False,False,False,False,False,False,False,False,False,False,False,True,False,False,False,False,False,False,False,True,False,False
UK,Smartwatch,2025-08-14,Electronics,3.0,758.7,0.08,20.0,2.0,1.0,0.0,3,14,33,8,3,226,0,0.43388373911755823,-0.900968867902419,-0.8660254037844385,-0.5000000000000004,0.0,1,0.0,1,0.0,1,0.0,1,0.42857142857142855,1.13389341902768,0.0,3.0,0.2857142857142857,0.32142857142857145,0.7723735149270872,0.0,3.0,1.3333333333333333,1,89.17,669.5300000000001,7.508466973197264,False,False,False,False,True,False,False,False,False,False,False,False,False,False,False,False,False,False,False,False,False,False,False,False,False,True,False,False,False,False,False,False,False,True,False,False
UK,Smartwatch,2025-08-15,Electronics,0.0,758.7,,20.0,2.0,0.0,0.0,4,15,33,8,3,227,0,-0.433883739117558,-0.9009688679024191,-0.8660254037844385,-0.5000000000000004,3.0,1,3.0,1,0.0,1,0.0,1,0.8571428571428571,1.4638501094227991,0.0,3.0,0.5,0.42857142857142855,0.92008741245646,0.0,3.0,2.0,0,758.7,0.0,0.0,False,False,False,False,True,False,False,False,False,False,False,False,False,False,False,False,False,False,False,False,False,False,False,False,False,True,False,False,False,False,False,False,False,True,False,False
UK,Smartwatch,2025-08-16,Electronics,0.0,758.7,,20.0,2.0,0.0,0.0,5,16,33,8,3,228,1,-0.9749279121818236,-0.2225209339563146,-0.8660254037844385,-0.5000000000000004,0.0,1,0.0,1,1.0,1,0.0,1,0.42857142857142855,1.1338934190276801,0.0,3.0,0.5,0.42857142857142855,0.92008741245646,0.0,3.0,1.0,0,758.7,0.0,0.0,False,False,False,False,True,False,False,False,False,False,False,False,False,False,False,False,False,False,False,False,False,False,False,False,False,True,False,False,False,False,False,False,False,True,False,False
UK,Smartwatch,2025-08-17,Electronics,0.0,758.7,,20.0,2.0,0.0,0.0,6,17,33,8,3,229,1,-0.7818314824680299,0.6234898018587334,-0.8660254037844385,-0.5000000000000004,0.0,1,0.0,1,0.0,1,2.0,1,0.42857142857142855,1.1338934190276801,0.0,3.0,0.42857142857142855,0.42857142857142855,0.92008741245646,0.0,3.0,1.0,0,758.7,0.0,0.0,False,False,False,False,True,False,False,False,False,False,False,False,False,False,False,False,False,False,False,False,False,False,False,False,False,True,False,False,False,False,False,False,False,True,False,False
UK,Smartwatch,2025-08-18,Electronics,2.0,926.21,0.1,20.0,2.0,1.0,0.0,0,18,34,8,3,230,0,0.0,1.0,-0.8660254037844385,-0.5000000000000004,0.0,1,0.0,1,0.0,1,0.0,1,0.42857142857142855,1.1338934190276801,0.0,3.0,0.42857142857142855,0.35714285714285715,0.8698354767504792,0.0,3.0,1.2,1,758.7,167.51,0.2207855542375115,False,False,False,False,True,False,False,False,False,False,False,False,False,False,False,False,False,False,False,False,False,False,False,False,False,True,False,False,False,False,False,False,False,True,False,False
UK,Smartwatch,2025-08-19,Electronics,0.0,926.21,,20.0,2.0,0.0,0.0,1,19,34,8,3,231,0,0.7818314824680298,0.6234898018587336,-0.8660254037844385,-0.5000000000000004,2.0,1,0.0,1,0.0,1,2.0,1,0.7142857142857143,1.2535663410560165,0.0,3.0,0.5714285714285714,0.42857142857142855,0.92008741245646,0.0,3.0,1.6666666666666667,0,926.21,0.0,0.0,False,False,False,False,True,False,False,False,False,False,False,False,False,False,False,False,False,False,False,False,False,False,False,False,False,True,False,False,False,False,False,False,False,True,False,False
UK,Smartwatch,2025-08-20,Electronics,0.0,926.21,,20.0,2.0,0.0,0.0,2,20,34,8,3,232,0,0.9749279121818236,-0.22252093395631434,-0.8660254037844385,-0.5000000000000004,0.0,1,0.0,1,0.0,1,0.0,1,0.7142857142857143,1.2535663410560165,0.0,3.0,0.5714285714285714,0.35714285714285715,0.8698354767504792,0.0,3.0,2.0,0,926.21,0.0,0.0,False,False,False,False,True,False,False,False,False,False,False,False,False,False,False,False,False,False,False,False,False,False,False,False,False,True,False,False,False,False,False,False,False,True,False,False
UK,Smartwatch,2025-08-21,Electronics,0.0,926.21,,20.0,2.0,0.0,0.0,3,21,34,8,3,233,0,0.43388373911755823,-0.900968867902419,-0.8660254037844385,-0.5000000000000004,0.0,1,3.0,1,0.0,1,0.0,1,0.7142857142857143,1.2535663410560165,0.0,3.0,0.5714285714285714,0.35714285714285715,0.8698354767504792,0.0,3.0,2.0,0,926.21,0.0,0.0,False,False,False,False,True,False,False,False,False,False,False,False,False,False,False,False,False,False,False,False,False,False,False,False,False,True,False,False,False,False,False,False,False,True,False,False
UK,Smartwatch,2025-08-22,Electronics,0.0,926.21,,20.0,2.0,0.0,0.0,4,22,34,8,3,234,0,-0.433883739117558,-0.9009688679024191,-0.8660254037844385,-0.5000000000000004,0.0,1,0.0,1,3.0,1,0.0,1,0.2857142857142857,0.7559289460184516,0.0,2.0,0.5714285714285714,0.35714285714285715,0.8698354767504792,0.0,3.0,0.7999999999999999,0,926.21,0.0,0.0,False,False,False,False,True,False,False,False,False,False,False,False,False,False,False,False,False,False,False,False,False,False,False,False,False,True,False,False,False,False,False,False,False,True,False,False
UK,Smartwatch,2025-08-23,Electronics,0.0,926.21,,20.0,2.0,0.0,0.0,5,23,34,8,3,235,1,-0.9749279121818236,-0.2225209339563146,-0.8660254037844385,-0.5000000000000004,0.0,1,0.0,1,0.0,1,1.0,1,0.2857142857142857,0.7559289460184516,0.0,2.0,0.35714285714285715,0.35714285714285715,0.8698354767504792,0.0,3.0,0.7999999999999999,0,926.21,0.0,0.0,False,False,False,False,True,False,False,False,False,False,False,False,False,False,False,False,False,False,False,False,False,False,False,False,False,True,False,False,False,False,False,False,False,True,False,False
UK,Smartwatch,2025-08-24,Electronics,0.0,926.21,,20.0,2.0,0.0,0.0,6,24,34,8,3,236,1,-0.7818314824680299,0.6234898018587334,-0.8660254037844385,-0.5000000000000004,0.0,1,0.0,1,0.0,1,0.0,1,0.2857142857142857,0.7559289460184516,0.0,2.0,0.35714285714285715,0.32142857142857145,0.8629652337776833,0.0,3.0,0.8888888888888887,0,926.21,0.0,0.0,False,False,False,False,True,False,False,False,False,False,False,False,False,False,False,False,False,False,False,False,False,False,False,False,False,True,False,False,False,False,False,False,False,True,False,False
UK,Smartwatch,2025-08-25,Electronics,4.0,877.4399999999999,0.15,20.0,2.0,1.0,0.0,0,25,35,8,3,237,0,0.0,1.0,-0.8660254037844385,-0.5000000000000004,0.0,1,2.0,1,0.0,1,0.0,1,0.2857142857142857,0.7559289460184516,0.0,2.0,0.35714285714285715,0.32142857142857145,0.8629652337776833,0.0,3.0,0.8888888888888887,1,926.21,-48.770000000000095,-0.052655445309379184,False,False,False,False,True,False,False,False,False,False,False,False,False,False,False,False,False,False,False,False,False,False,False,False,False,True,False,False,False,False,False,False,False,True,False,False
UK,Smartwatch,2025-08-26,Electronics,0.0,877.4399999999999,,20.0,2.0,0.0,0.0,1,26,35,8,3,238,0,0.7818314824680298,0.6234898018587336,-0.8660254037844385,-0.5000000000000004,4.0,1,0.0,1,0.0,1,0.0,1,0.5714285714285714,1.511857892036908,0.0,4.0,0.6428571428571429,0.4642857142857143,1.104943198042075,0.0,4.0,1.2307692307692306,0,877.4399999999999,0.0,0.0,False,False,False,False,True,False,False,False,False,False,False,False,False,False,False,False,False,False,False,False,False,False,False,False,False,True,False,False,False,False,False,False,False,True,False,False
UK,Smartwatch,2025-08-27,Electronics,1.0,1053.16,0.03,20.0,2.0,1.0,0.0,2,27,35,8,3,239,0,0.9749279121818236,-0.22252093395631434,-0.8660254037844385,-0.5000000000000004,0.0,1,0.0,1,0.0,1,0.0,1,0.5714285714285714,1.511857892036908,0.0,4.0,0.6428571428571429,0.4642857142857143,1.104943198042075,0.0,4.0,1.2307692307692306,1,877.4399999999999,175.72000000000014,0.20026440554339917,False,False,False,False,True,False,False,False,False,False,False,False,False,False,False,False,False,False,False,False,False,False,False,False,False,True,False,False,False,False,False,False,False,True,False,False
UK,Smartwatch,2025-08-28,Electronics,2.0,1425.05,0.11,20.0,2.0,1.0,0.0,3,28,35,8,3,240,0,0.43388373911755823,-0.900968867902419,-0.8660254037844385,-0.5000000000000004,1.0,1,0.0,1,3.0,1,0.0,1,0.7142857142857143,1.4960264830861905,0.0,4.0,0.7142857142857143,0.5,1.105541596785123,0.0,4.0,1.4285714285714286,1,1053.16,371.8899999999999,0.35311823464620745,False,False,False,False,True,False,False,False,False,False,False,False,False,False,False,False,False,False,False,False,False,False,False,False,False,True,False,False,False,False,False,False,False,True,False,False
UK,Smartwatch,2025-08-29,Electronics,0.0,1425.05,,20.0,2.0,0.0,0.0,4,29,35,8,3,241,0,-0.433883739117558,-0.9009688679024191,-0.8660254037844385,-0.5000000000000004,2.0,1,0.0,1,0.0,1,0.0,1,1.0,1.5275252316519465,0.0,4.0,0.6428571428571429,0.5714285714285714,1.1362241376617856,0.0,4.0,1.75,0,1425.05,0.0,0.0,False,False,False,False,True,False,False,False,False,False,False,False,False,False,False,False,False,False,False,False,False,False,False,False,False,True,False,False,False,False,False,False,False,True,False,False
UK,Smartwatch,2025-08-30,Electronics,0.0,1425.05,,20.0,2.0,0.0,0.0,5,30,35,8,3,242,1,-0.9749279121818236,-0.2225209339563146,-0.8660254037844385,-0.5000000000000004,0.0,1,0.0,1,0.0,1,1.0,1,1.0,1.5275252316519465,0.0,4.0,0.6428571428571429,0.5714285714285714,1.1362241376617856,0.0,4.0,1.75,0,1425.05,0.0,0.0,False,False,False,False,True,False,False,False,False,False,False,False,False,False,False,False,False,False,False,False,False,False,False,False,False,True,False,False,False,False,False,False,False,True,False,False
UK,Smartwatch,2025-08-31,Electronics,0.0,1425.05,,20.0,2.0,0.0,0.0,6,31,35,8,3,243,1,-0.7818314824680299,0.6234898018587334,-0.8660254037844385,-0.5000000000000004,0.0,1,0.0,1,0.0,1,0.0,1,1.0,1.5275252316519465,0.0,4.0,0.6428571428571429,0.5357142857142857,1.1379690439434291,0.0,4.0,1.8666666666666667,0,1425.05,0.0,0.0,False,False,False,False,True,False,False,False,False,False,False,False,False,False,False,False,False,False,False,False,False,False,False,False,False,True,False,False,False,False,False,False,False,True,False,False
UK,Smartwatch,2025-09-01,Electronics,0.0,1425.05,,20.0,2.0,0.0,0.0,0,1,36,9,3,244,0,0.0,1.0,-1.0,-1.8369701987210297e-16,0.0,1,4.0,1,2.0,1,0.0,1,1.0,1.5275252316519465,0.0,4.0,0.6428571428571429,0.5357142857142857,1.1379690439434291,0.0,4.0,1.8666666666666667,0,1425.05,0.0,0.0,False,False,False,False,True,False,False,False,False,False,False,False,False,False,False,False,False,False,False,False,False,False,False,False,False,True,False,False,False,False,False,False,False,True,False,False
UK,Smartwatch,2025-09-02,Electronics,0.0,1425.05,,20.0,2.0,0.0,0.0,1,2,36,9,3,245,0,0.7818314824680298,0.6234898018587336,-1.0,-1.8369701987210297e-16,0.0,1,0.0,1,0.0,1,0.0,1,0.42857142857142855,0.7867957924694411,0.0,2.0,0.5,0.5357142857142857,1.1379690439434291,0.0,4.0,0.7999999999999999,0,1425.05,0.0,0.0,False,False,False,False,True,False,False,False,False,False,False,False,False,False,False,False,False,False,False,False,False,False,False,False,False,True,False,False,False,False,False,False,False,True,False,False
UK,Smartwatch,2025-09-03,Electronics,0.0,1425.05,,20.0,2.0,0.0,0.0,2,3,36,9,3,246,0,0.9749279121818236,-0.22252093395631434,-1.0,-1.8369701987210297e-16,0.0,1,1.0,1,0.0,1,0.0,1,0.42857142857142855,0.7867957924694411,0.0,2.0,0.5,0.5357142857142857,1.1379690439434291,0.0,4.0,0.7999999999999999,0,1425.05,0.0,0.0,False,False,False,False,True,False,False,False,False,False,False,False,False,False,False,False,False,False,False,False,False,False,False,False,False,True,False,False,False,False,False,False,False,True,False,False
UK,Smartwatch,2025-09-04,Electronics,6.0,1045.835,0.07,20.0,2.0,1.0,0.0,3,4,36,9,3,247,0,0.43388373911755823,-0.900968867902419,-1.0,-1.8369701987210297e-16,0.0,1,2.0,1,0.0,1,0.0,1,0.2857142857142857,0.7559289460184518,0.0,2.0,0.5,0.5357142857142857,1.1379690439434291,0.0,4.0,0.5333333333333333,1,1425.05,-379.2149999999999,-0.2661064524051787,False,False,False,False,True,False,False,False,False,False,False,False,False,False,False,False,False,False,False,False,False,False,False,False,False,True,False,False,False,False,False,False,False,True,False,False
UK,Smartwatch,2025-09-05,Electronics,0.0,1045.835,,20.0,2.0,0.0,0.0,4,5,36,9,3,248,0,-0.433883739117558,-0.9009688679024191,-1.0,-1.8369701987210297e-16,6.0,1,0.0,1,0.0,1,3.0,1,0.8571428571428571,2.267786838055363,0.0,6.0,0.9285714285714286,0.75,1.5305530348839829,0.0,6.0,1.1428571428571428,0,1045.835,0.0,0.0,False,False,False,False,True,False,False,False,False,False,False,False,False,False,False,False,False,False,False,False,False,False,False,False,False,True,False,False,False,False,False,False,False,True,False,False
UK,Smartwatch,2025-09-06,Electronics,0.0,1045.835,,20.0,2.0,0.0,0.0,5,6,36,9,3,249,1,-0.9749279121818236,-0.2225209339563146,-1.0,-1.8369701987210297e-16,0.0,1,0.0,1,0.0,1,0.0,1,0.8571428571428571,2.267786838055363,0.0,6.0,0.9285714285714286,0.6428571428571429,1.471061237345727,0.0,6.0,1.3333333333333333,0,1045.835,0.0,0.0,False,False,False,False,True,False,False,False,False,False,False,False,False,False,False,False,False,False,False,False,False,False,False,False,False,True,False,False,False,False,False,False,False,True,False,False
UK,Smartwatch,2025-09-07,Electronics,0.0,1045.835,,20.0,2.0,0.0,0.0,6,7,36,9,3,250,1,-0.7818314824680299,0.6234898018587334,-1.0,-1.8369701987210297e-16,0.0,1,0.0,1,0.0,1,0.0,1,0.8571428571428571,2.267786838055363,0.0,6.0,0.9285714285714286,0.6428571428571429,1.471061237345727,0.0,6.0,1.3333333333333333,0,1045.835,0.0,0.0,False,False,False,False,True,False,False,False,False,False,False,False,False,False,False,False,False,False,False,False,False,False,False,False,False,True,False,False,False,False,False,False,False,True,False,False
UK,Smartwatch,2025-09-08,Electronics,0.0,1045.835,,20.0,2.0,0.0,0.0,0,8,37,9,3,251,0,0.0,1.0,-1.0,-1.8369701987210297e-16,0.0,1,0.0,1,4.0,1,0.0,1,0.8571428571428571,2.267786838055363,0.0,6.0,0.9285714285714286,0.6428571428571429,1.471061237345727,0.0,6.0,1.3333333333333333,0,1045.835,0.0,0.0,False,False,False,False,True,False,False,False,False,False,False,False,False,False,False,False,False,False,False,False,False,False,False,False,False,True,False,False,False,False,False,False,False,True,False,False
UK,Smartwatch,2025-09-09,Electronics,0.0,1045.835,,20.0,2.0,0.0,0.0,1,9,37,9,3,252,0,0.7818314824680298,0.6234898018587336,-1.0,-1.8369701987210297e-16,0.0,1,0.0,1,0.0,1,0.0,1,0.8571428571428571,2.267786838055363,0.0,6.0,0.6428571428571429,0.6428571428571429,1.471061237345727,0.0,6.0,1.3333333333333333,0,1045.835,0.0,0.0,False,False,False,False,True,False,False,False,False,False,False,False,False,False,False,False,False,False,False,False,False,False,False,False,False,True,False,False,False,False,False,False,False,True,False,False
UK,Smartwatch,2025-09-10,Electronics,1.0,358.55,0.0,20.0,2.0,0.0,0.0,2,10,37,9,3,253,0,0.9749279121818236,-0.22252093395631434,-1.0,-1.8369701987210297e-16,0.0,1,0.0,1,1.0,1,0.0,1,0.8571428571428571,2.267786838055363,0.0,6.0,0.6428571428571429,0.6428571428571429,1.471061237345727,0.0,6.0,1.3333333333333333,0,1045.835,-687.2850000000001,-0.6571638929659077,False,False,False,False,True,False,False,False,False,False,False,False,False,False,False,False,False,False,False,False,False,False,False,False,False,True,False,False,False,False,False,False,False,True,False,False
UK,Smartwatch,2025-09-11,Electronics,0.0,358.55,,20.0,2.0,0.0,0.0,3,11,37,9,3,254,0,0.43388373911755823,-0.900968867902419,-1.0,-1.8369701987210297e-16,1.0,1,6.0,1,2.0,1,3.0,1,1.0,2.2360679774997894,0.0,6.0,0.6428571428571429,0.6785714285714286,1.4670093394782393,0.0,6.0,1.4736842105263157,0,358.55,0.0,0.0,False,False,False,False,True,False,False,False,False,False,False,False,False,False,False,False,False,False,False,False,False,False,False,False,False,True,False,False,False,False,False,False,False,True,False,False
UK,Smartwatch,2025-09-12,Electronics,0.0,358.55,,20.0,2.0,0.0,0.0,4,12,37,9,3,255,0,-0.433883739117558,-0.9009688679024191,-1.0,-1.8369701987210297e-16,0.0,1,0.0,1,0.0,1,0.0,1,0.14285714285714285,0.37796447300922137,0.0,1.0,0.5,0.5714285714285714,1.3991683092723102,0.0,6.0,0.25,0,358.55,0.0,0.0,False,False,False,False,True,False,False,False,False,False,False,False,False,False,False,False,False,False,False,False,False,False,False,False,False,True,False,False,False,False,False,False,False,True,False,False
UK,Smartwatch,2025-09-13,Electronics,2.0,204.21,0.09,20.0,2.0,1.0,0.0,5,13,37,9,3,256,1,-0.9749279121818236,-0.2225209339563146,-1.0,-1.8369701987210297e-16,0.0,1,0.0,1,0.0,1,0.0,1,0.14285714285714285,0.37796447300922137,0.0,1.0,0.5,0.5714285714285714,1.3991683092723102,0.0,6.0,0.25,1,358.55,-154.34,-0.43045600334681355,False,False,False,False,True,False,False,False,False,False,False,False,False,False,False,False,False,False,False,False,False,False,False,False,False,True,False,False,False,False,False,False,False,True,False,False
UK,Smartwatch,2025-09-14,Electronics,0.0,204.21,,20.0,2.0,0.0,0.0,6,14,37,9,3,257,1,-0.7818314824680299,0.6234898018587334,-1.0,-1.8369701987210297e-16,2.0,1,0.0,1,0.0,1,0.0,1,0.42857142857142855,0.7867957924694411,0.0,2.0,0.6428571428571429,0.6428571428571429,1.41981443008338,0.0,6.0,0.6666666666666666,0,204.21,0.0,0.0,False,False,False,False,True,False,False,False,False,False,False,False,False,False,False,False,False,False,False,False,False,False,False,False,False,True,False,False,False,False,False,False,False,True,False,False
UK,Smartwatch,2025-09-15,Electronics,0.0,204.21,,20.0,2.0,0.0,0.0,0,15,38,9,3,258,0,0.0,1.0,-1.0,-1.8369701987210297e-16,0.0,1,0.0,1,0.0,1,2.0,1,0.42857142857142855,0.7867957924694411,0.0,2.0,0.6428571428571429,0.6428571428571429,1.41981443008338,0.0,6.0,0.6666666666666666,0,204.21,0.0,0.0,False,False,False,False,True,False,False,False,False,False,False,False,False,False,False,False,False,False,False,False,False,False,False,False,False,True,False,False,False,False,False,False,False,True,False,False
UK,Smartwatch,2025-09-16,Electronics,0.0,204.21,,20.0,2.0,0.0,0.0,1,16,38,9,3,259,0,0.7818314824680298,0.6234898018587336,-1.0,-1.8369701987210297e-16,0.0,1,0.0,1,0.0,1,0.0,1,0.42857142857142855,0.7867957924694411,0.0,2.0,0.6428571428571429,0.5714285714285714,1.3991683092723102,0.0,6.0,0.75,0,204.21,0.0,0.0,False,False,False,False,True,False,False,False,False,False,False,False,False,False,False,False,False,False,False,False,False,False,False,False,False,True,False,False,False,False,False,False,False,True,False,False
UK,Smartwatch,2025-09-17,Electronics,0.0,204.21,,20.0,2.0,0.0,0.0,2,17,38,9,3,260,0,0.9749279121818236,-0.22252093395631434,-1.0,-1.8369701987210297e-16,0.0,1,1.0,1,0.0,1,0.0,1,0.42857142857142855,0.7867957924694411,0.0,2.0,0.6428571428571429,0.5714285714285714,1.3991683092723102,0.0,6.0,0.75,0,204.21,0.0,0.0,False,False,False,False,True,False,False,False,False,False,False,False,False,False,False,False,False,False,False,False,False,False,False,False,False,True,False,False,False,False,False,False,False,True,False,False
UK,Smartwatch,2025-09-18,Electronics,0.0,204.21,,20.0,2.0,0.0,0.0,3,18,38,9,3,261,0,0.43388373911755823,-0.900968867902419,-1.0,-1.8369701987210297e-16,0.0,1,0.0,1,6.0,1,0.0,1,0.2857142857142857,0.755928946018452,0.0,2.0,0.6428571428571429,0.5714285714285714,1.3991683092723102,0.0,6.0,0.5,0,204.21,0.0,0.0,False,False,False,False,True,False,False,False,False,False,False,False,False,False,False,False,False,False,False,False,False,False,False,False,False,True,False,False,False,False,False,False,False,True,False,False
UK,Smartwatch,2025-09-19,Electronics,0.0,204.21,,20.0,2.0,0.0,0.0,4,19,38,9,3,262,0,-0.433883739117558,-0.9009688679024191,-1.0,-1.8369701987210297e-16,0.0,1,0.0,1,0.0,1,0.0,1,0.2857142857142857,0.755928946018452,0.0,2.0,0.21428571428571427,0.5714285714285714,1.3991683092723102,0.0,6.0,0.5,0,204.21,0.0,0.0,False,False,False,False,True,False,False,False,False,False,False,False,False,False,False,False,False,False,False,False,False,False,False,False,False,True,False,False,False,False,False,False,False,True,False,False
UK,Smartwatch,2025-09-20,Electronics,3.0,1479.42,0.01,20.0,2.0,1.0,0.0,5,20,38,9,3,263,1,-0.9749279121818236,-0.2225209339563146,-1.0,-1.8369701987210297e-16,0.0,1,2.0,1,0.0,1,0.0,1,0.2857142857142857,0.755928946018452,0.0,2.0,0.21428571428571427,0.5714285714285714,1.3991683092723102,0.0,6.0,0.5,1,204.21,1275.21,6.244601145879242,False,False,False,False,True,False,False,False,False,False,False,False,False,False,False,False,False,False,False,False,False,False,False,False,False,True,False,False,False,False,False,False,False,True,False,False
UK,Smartwatch,2025-09-21,Electronics,1.0,383.17,0.07,20.0,2.0,1.0,0.0,6,21,38,9,3,264,1,-0.7818314824680299,0.6234898018587334,-1.0,-1.8369701987210297e-16,3.0,1,0.0,1,0.0,1,0.0,1,0.42857142857142855,1.1338934190276804,0.0,3.0,0.42857142857142855,0.6785714285714286,1.4670093394782393,0.0,6.0,0.631578947368421,1,1479.42,-1096.25,-0.7409998512930743,False,False,False,False,True,False,False,False,False,False,False,False,False,False,False,False,False,False,False,False,False,False,False,False,False,True,False,False,False,False,False,False,False,True,False,False
UK,Smartwatch,2025-09-22,Electronics,1.0,1408.8,0.14,20.0,2.0,1.0,0.0,0,22,39,9,3,265,0,0.0,1.0,-1.0,-1.8369701987210297e-16,1.0,1,0.0,1,0.0,1,4.0,1,0.5714285714285714,1.1338934190276806,0.0,3.0,0.5,0.7142857142857143,1.4620417701167485,0.0,6.0,0.7999999999999999,1,383.17,1025.6299999999999,2.676697027429078,False,False,False,False,True,False,False,False,False,False,False,False,False,False,False,False,False,False,False,False,False,False,False,False,False,True,False,False,False,False,False,False,False,True,False,False
UK,Smartwatch,2025-09-23,Electronics,0.0,1408.8,,20.0,2.0,0.0,0.0,1,23,39,9,3,266,0,0.7818314824680298,0.6234898018587336,-1.0,-1.8369701987210297e-16,1.0,1,0.0,1,0.0,1,0.0,1,0.7142857142857143,1.1126972805283728,0.0,3.0,0.5714285714285714,0.6071428571428571,1.314852074887497,0.0,6.0,1.1764705882352942,0,1408.8,0.0,0.0,False,False,False,False,True,False,False,False,False,False,False,False,False,False,False,False,False,False,False,False,False,False,False,False,False,True,False,False,False,False,False,False,False,True,False,False
UK,Smartwatch,2025-09-24,Electronics,2.0,1088.1,0.01,20.0,2.0,1.0,0.0,2,24,39,9,3,267,0,0.9749279121818236,-0.22252093395631434,-1.0,-1.8369701987210297e-16,0.0,1,0.0,1,1.0,1,1.0,1,0.7142857142857143,1.1126972805283728,0.0,3.0,0.5714285714285714,0.6071428571428571,1.314852074887497,0.0,6.0,1.1764705882352942,1,1408.8,-320.70000000000005,-0.22764054514480414,False,False,False,False,True,False,False,False,False,False,False,False,False,False,False,False,False,False,False,False,False,False,False,False,False,True,False,False,False,False,False,False,False,True,False,False
UK,Smartwatch,2025-09-25,Electronics,0.0,1088.1,,20.0,2.0,0.0,0.0,3,25,39,9,3,268,0,0.43388373911755823,-0.900968867902419,-1.0,-1.8369701987210297e-16,2.0,1,0.0,1,0.0,1,2.0,1,1.0,1.1547005383792512,0.0,3.0,0.6428571428571429,0.6428571428571429,1.3392724867071566,0.0,6.0,1.5555555555555554,0,1088.1,0.0,0.0,False,False,False,False,True,False,False,False,False,False,False,False,False,False,False,False,False,False,False,False,False,False,False,False,False,True,False,False,False,False,False,False,False,True,False,False
UK,Smartwatch,2025-09-26,Electronics,0.0,1088.1,,20.0,2.0,0.0,0.0,4,26,39,9,3,269,0,-0.433883739117558,-0.9009688679024191,-1.0,-1.8369701987210297e-16,0.0,1,0.0,1,0.0,1,0.0,1,1.0,1.1547005383792512,0.0,3.0,0.6428571428571429,0.5714285714285714,1.317364693412463,0.0,6.0,1.75,0,1088.1,0.0,0.0,False,False,False,False,True,False,False,False,False,False,False,False,False,False,False,False,False,False,False,False,False,False,False,False,False,True,False,False,False,False,False,False,False,True,False,False
UK,Smartwatch,2025-09-27,Electronics,0.0,1088.1,,20.0,2.0,0.0,0.0,5,27,39,9,3,270,1,-0.9749279121818236,-0.2225209339563146,-1.0,-1.8369701987210297e-16,0.0,1,3.0,1,2.0,1,0.0,1,1.0,1.1547005383792512,0.0,3.0,0.6428571428571429,0.5714285714285714,1.317364693412463,0.0,6.0,1.75,0,1088.1,0.0,0.0,False,False,False,False,True,False,False,False,False,False,False,False,False,False,False,False,False,False,False,False,False,False,False,False,False,True,False,False,False,False,False,False,False,True,False,False
UK,Smartwatch,2025-09-28,Electronics,1.0,356.36,0.11,20.0,2.0,1.0,0.0,6,28,39,9,3,271,1,-0.7818314824680299,0.6234898018587334,-1.0,-1.8369701987210297e-16,0.0,1,1.0,1,0.0,1,0.0,1,0.5714285714285714,0.7867957924694414,0.0,2.0,0.5,0.5714285714285714,1.317364693412463,0.0,6.0,1.0,1,1088.1,-731.7399999999999,-0.672493337009466,False,False,False,False,True,False,False,False,False,False,False,False,False,False,False,False,False,False,False,False,False,False,False,False,False,True,False,False,False,False,False,False,False,True,False,False
UK,Smartwatch,2025-09-29,Electronics,0.0,356.36,,20.0,2.0,0.0,0.0,0,29,40,9,3,272,0,0.0,1.0,-1.0,-1.8369701987210297e-16,1.0,1,1.0,1,0.0,1,0.0,1,0.5714285714285714,0.7867957924694414,0.0,2.0,0.5714285714285714,0.6071428571428571,1.314852074887497,0.0,6.0,0.9411764705882353,0,356.36,0.0,0.0,False,False,False,False,True,False,False,False,False,False,False,False,False,False,False,False,False,False,False,False,False,False,False,False,False,True,False,False,False,False,False,False,False,True,False,False
UK,Smartwatch,2025-09-30,Electronics,0.0,356.36,,20.0,2.0,0.0,0.0,1,30,40,9,3,273,0,0.7818314824680298,0.6234898018587336,-1.0,-1.8369701987210297e-16,0.0,1,0.0,1,0.0,1,0.0,1,0.42857142857142855,0.7867957924694411,0.0,2.0,0.5714285714285714,0.6071428571428571,1.314852074887497,0.0,6.0,0.7058823529411765,0,356.36,0.0,0.0,False,False,False,False,True,False,False,False,False,False,False,False,False,False,False,False,False,False,False,False,False,False,False,False,False,True,False,False,False,False,False,False,False,True,False,False
UK,Smartwatch,2025-10-01,Electronics,0.0,356.36,,20.0,2.0,0.0,0.0,2,1,40,10,4,274,0,0.9749279121818236,-0.22252093395631434,-0.8660254037844386,0.5000000000000001,0.0,1,2.0,1,0.0,1,0.0,1,0.42857142857142855,0.7867957924694411,0.0,2.0,0.5714285714285714,0.6071428571428571,1.314852074887497,0.0,6.0,0.7058823529411765,0,356.36,0.0,0.0,False,False,False,False,True,False,False,False,False,False,False,False,False,False,False,False,False,False,False,False,False,False,False,False,False,True,False,False,False,False,False,False,False,True,False,False
UK,Smartwatch,2025-10-02,Electronics,2.0,255.46,0.13,20.0,2.0,1.0,0.0,3,2,40,10,4,275,0,0.43388373911755823,-0.900968867902419,-0.8660254037844386,0.5000000000000001,0.0,1,0.0,1,0.0,1,6.0,1,0.14285714285714285,0.37796447300922137,0.0,1.0,0.5714285714285714,0.6071428571428571,1.314852074887497,0.0,6.0,0.23529411764705882,1,356.36,-100.9,-0.2831406442922887,False,False,False,False,True,False,False,False,False,False,False,False,False,False,False,False,False,False,False,False,False,False,False,False,False,True,False,False,False,False,False,False,False,True,False,False
UK,Smartwatch,2025-10-03,Electronics,0.0,255.46,,20.0,2.0,0.0,0.0,4,3,40,10,4,276,0,-0.433883739117558,-0.9009688679024191,-0.8660254037844386,0.5000000000000001,2.0,1,0.0,1,0.0,1,0.0,1,0.42857142857142855,0.7867957924694411,0.0,2.0,0.7142857142857143,0.4642857142857143,0.8380817098475121,0.0,3.0,0.923076923076923,0,255.46,0.0,0.0,False,False,False,False,True,False,False,False,False,False,False,False,False,False,False,False,False,False,False,False,False,False,False,False,False,True,False,False,False,False,False,False,False,True,False,False
UK,Smartwatch,2025-10-04,Electronics,0.0,255.46,,20.0,2.0,0.0,0.0,5,4,40,10,4,277,1,-0.9749279121818236,-0.2225209339563146,-0.8660254037844386,0.5000000000000001,0.0,1,0.0,1,3.0,1,0.0,1,0.42857142857142855,0.7867957924694411,0.0,2.0,0.7142857142857143,0.4642857142857143,0.8380817098475121,0.0,3.0,0.923076923076923,0,255.46,0.0,0.0,False,False,False,False,True,False,False,False,False,False,False,False,False,False,False,False,False,False,False,False,False,False,False,False,False,True,False,False,False,False,False,False,False,True,False,False
UK,Smartwatch,2025-10-05,Electronics,0.0,255.46,,20.0,2.0,0.0,0.0,6,5,40,10,4,278,1,-0.7818314824680299,0.6234898018587334,-0.8660254037844386,0.5000000000000001,0.0,1,1.0,1,1.0,1,0.0,1,0.42857142857142855,0.7867957924694411,0.0,2.0,0.5,0.4642857142857143,0.8380817098475121,0.0,3.0,0.923076923076923,0,255.46,0.0,0.0,False,False,False,False,True,False,False,False,False,False,False,False,False,False,False,False,False,False,False,False,False,False,False,False,False,True,False,False,False,False,False,False,False,True,False,False
UK,Smartwatch,2025-10-06,Electronics,0.0,255.46,,20.0,2.0,0.0,0.0,0,6,41,10,4,279,0,0.0,1.0,-0.8660254037844386,0.5000000000000001,0.0,1,0.0,1,1.0,1,0.0,1,0.2857142857142857,0.755928946018452,0.0,2.0,0.42857142857142855,0.4642857142857143,0.8380817098475121,0.0,3.0,0.6153846153846153,0,255.46,0.0,0.0,False,False,False,False,True,False,False,False,False,False,False,False,False,False,False,False,False,False,False,False,False,False,False,False,False,True,False,False,False,False,False,False,False,True,False,False
UK,Smartwatch,2025-10-07,Electronics,0.0,255.46,,20.0,2.0,0.0,0.0,1,7,41,10,4,280,0,0.7818314824680298,0.6234898018587336,-0.8660254037844386,0.5000000000000001,0.0,1,0.0,1,0.0,1,0.0,1,0.2857142857142857,0.755928946018452,0.0,2.0,0.35714285714285715,0.4642857142857143,0.8380817098475121,0.0,3.0,0.6153846153846153,0,255.46,0.0,0.0,False,False,False,False,True,False,False,False,False,False,False,False,False,False,False,False,False,False,False,False,False,False,False,False,False,True,False,False,False,False,False,False,False,True,False,False
UK,Smartwatch,2025-10-08,Electronics,0.0,255.46,,20.0,2.0,0.0,0.0,2,8,41,10,4,281,0,0.9749279121818236,-0.22252093395631434,-0.8660254037844386,0.5000000000000001,0.0,1,0.0,1,2.0,1,1.0,1,0.2857142857142857,0.755928946018452,0.0,2.0,0.35714285714285715,0.4642857142857143,0.8380817098475121,0.0,3.0,0.6153846153846153,0,255.46,0.0,0.0,False,False,False,False,True,False,False,False,False,False,False,False,False,False,False,False,False,False,False,False,False,False,False,False,False,True,False,False,False,False,False,False,False,True,False,False
UK,Smartwatch,2025-10-09,Electronics,0.0,255.46,,20.0,2.0,0.0,0.0,3,9,41,10,4,282,0,0.43388373911755823,-0.900968867902419,-0.8660254037844386,0.5000000000000001,0.0,1,2.0,1,0.0,1,0.0,1,0.2857142857142857,0.755928946018452,0.0,2.0,0.21428571428571427,0.42857142857142855,0.8357108940373311,0.0,3.0,0.6666666666666666,0,255.46,0.0,0.0,False,False,False,False,True,False,False,False,False,False,False,False,False,False,False,False,False,False,False,False,False,False,False,False,False,True,False,False,False,False,False,False,False,True,False,False
UK,Smartwatch,2025-10-10,Electronics,0.0,255.46,,20.0,2.0,0.0,0.0,4,10,41,10,4,283,0,-0.433883739117558,-0.9009688679024191,-0.8660254037844386,0.5000000000000001,0.0,1,0.0,1,0.0,1,0.0,1,0.0,0.0,0.0,0.0,0.21428571428571427,0.42857142857142855,0.8357108940373311,0.0,3.0,0.0,0,255.46,0.0,0.0,False,False,False,False,True,False,False,False,False,False,False,False,False,False,False,False,False,False,False,False,False,False,False,False,False,True,False,False,False,False,False,False,False,True,False,False
UK,Smartwatch,2025-10-11,Electronics,0.0,255.46,,20.0,2.0,0.0,0.0,5,11,41,10,4,284,1,-0.9749279121818236,-0.2225209339563146,-0.8660254037844386,0.5000000000000001,0.0,1,0.0,1,0.0,1,2.0,1,0.0,0.0,0.0,0.0,0.21428571428571427,0.42857142857142855,0.8357108940373311,0.0,3.0,0.0,0,255.46,0.0,0.0,False,False,False,False,True,False,False,False,False,False,False,False,False,False,False,False,False,False,False,False,False,False,False,False,False,True,False,False,False,False,False,False,False,True,False,False
UK,Smartwatch,2025-10-12,Electronics,3.0,156.93,0.14,20.0,2.0,1.0,0.0,6,12,41,10,4,285,1,-0.7818314824680299,0.6234898018587334,-0.8660254037844386,0.5000000000000001,0.0,1,0.0,1,1.0,1,0.0,1,0.0,0.0,0.0,0.0,0.21428571428571427,0.35714285714285715,0.7800420555749445,0.0,3.0,0.0,1,255.46,-98.53,-0.3856963908243952,False,False,False,False,True,False,False,False,False,False,False,False,False,False,False,False,False,False,False,False,False,False,False,False,False,True,False,False,False,False,False,False,False,True,False,False
UK,Smartwatch,2025-10-13,Electronics,1.0,1343.19,0.11,20.0,2.0,1.0,0.0,0,13,42,10,4,286,0,0.0,1.0,-0.8660254037844386,0.5000000000000001,3.0,1,0.0,1,0.0,1,0.0,1,0.42857142857142855,1.1338934190276804,0.0,3.0,0.35714285714285715,0.4642857142857143,0.9222413461394351,0.0,3.0,0.923076923076923,1,156.93,1186.26,7.559166507359969,False,False,False,False,True,False,False,False,False,False,False,False,False,False,False,False,False,False,False,False,False,False,False,False,False,True,False,False,False,False,False,False,False,True,False,False
UK,Smartwatch,2025-10-14,Electronics,0.0,1343.19,,20.0,2.0,0.0,0.0,1,14,42,10,4,287,0,0.7818314824680298,0.6234898018587336,-0.8660254037844386,0.5000000000000001,1.0,1,0.0,1,0.0,1,0.0,1,0.5714285714285714,1.1338934190276806,0.0,3.0,0.42857142857142855,0.5,0.9229582069908847,0.0,3.0,1.1428571428571428,0,1343.19,0.0,0.0,False,False,False,False,True,False,False,False,False,False,False,False,False,False,False,False,False,False,False,False,False,False,False,False,False,True,False,False,False,False,False,False,False,True,False,False
UK,Smartwatch,2025-10-15,Electronics,0.0,1343.19,,20.0,2.0,0.0,0.0,2,15,42,10,4,288,0,0.9749279121818236,-0.22252093395631434,-0.8660254037844386,0.5000000000000001,0.0,1,0.0,1,0.0,1,0.0,1,0.5714285714285714,1.1338934190276806,0.0,3.0,0.42857142857142855,0.5,0.9229582069908847,0.0,3.0,1.1428571428571428,0,1343.19,0.0,0.0,False,False,False,False,True,False,False,False,False,False,False,False,False,False,False,False,False,False,False,False,False,False,False,False,False,True,False,False,False,False,False,False,False,True,False,False
UK,Smartwatch,2025-10-16,Electronics,0.0,1343.19,,20.0,2.0,0.0,0.0,3,16,42,10,4,289,0,0.43388373911755823,-0.900968867902419,-0.8660254037844386,0.5000000000000001,0.0,1,0.0,1,2.0,1,0.0,1,0.5714285714285714,1.1338934190276806,0.0,3.0,0.42857142857142855,0.5,0.9229582069908847,0.0,3.0,1.1428571428571428,0,1343.19,0.0,0.0,False,False,False,False,True,False,False,False,False,False,False,False,False,False,False,False,False,False,False,False,False,False,False,False,False,True,False,False,False,False,False,False,False,True,False,False
UK,Smartwatch,2025-10-17,Electronics,0.0,1343.19,,20.0,2.0,0.0,0.0,4,17,42,10,4,290,0,-0.433883739117558,-0.9009688679024191,-0.8660254037844386,0.5000000000000001,0.0,1,0.0,1,0.0,1,0.0,1,0.5714285714285714,1.1338934190276806,0.0,3.0,0.2857142857142857,0.5,0.9229582069908847,0.0,3.0,1.1428571428571428,0,1343.19,0.0,0.0,False,False,False,False,True,False,False,False,False,False,False,False,False,False,False,False,False,False,False,False,False,False,False,False,False,True,False,False,False,False,False,False,False,True,False,False
UK,Smartwatch,2025-10-18,Electronics,0.0,1343.19,,20.0,2.0,0.0,0.0,5,18,42,10,4,291,1,-0.9749279121818236,-0.2225209339563146,-0.8660254037844386,0.5000000000000001,0.0,1,0.0,1,0.0,1,3.0,1,0.5714285714285714,1.1338934190276806,0.0,3.0,0.2857142857142857,0.5,0.9229582069908847,0.0,3.0,1.1428571428571428,0,1343.19,0.0,0.0,False,False,False,False,True,False,False,False,False,False,False,False,False,False,False,False,False,False,False,False,False,False,False,False,False,True,False,False,False,False,False,False,False,True,False,False
UK,Smartwatch,2025-10-19,Electronics,0.0,1343.19,,20.0,2.0,0.0,0.0,6,19,42,10,4,292,1,-0.7818314824680299,0.6234898018587334,-0.8660254037844386,0.5000000000000001,0.0,1,3.0,1,0.0,1,1.0,1,0.5714285714285714,1.1338934190276806,0.0,3.0,0.2857142857142857,0.39285714285714285,0.7859547491585277,0.0,3.0,1.4545454545454546,0,1343.19,0.0,0.0,False,False,False,False,True,False,False,False,False,False,False,False,False,False,False,False,False,False,False,False,False,False,False,False,False,True,False,False,False,False,False,False,False,True,False,False
UK,Smartwatch,2025-10-20,Electronics,0.0,1343.19,,20.0,2.0,0.0,0.0,0,20,43,10,4,293,0,0.0,1.0,-0.8660254037844386,0.5000000000000001,0.0,1,1.0,1,0.0,1,1.0,1,0.14285714285714285,0.37796447300922137,0.0,1.0,0.2857142857142857,0.35714285714285715,0.7800420555749445,0.0,3.0,0.39999999999999997,0,1343.19,0.0,0.0,False,False,False,False,True,False,False,False,False,False,False,False,False,False,False,False,False,False,False,False,False,False,False,False,False,True,False,False,False,False,False,False,False,True,False,False
UK,Smartwatch,2025-10-21,Electronics,0.0,1343.19,,20.0,2.0,0.0,0.0,1,21,43,10,4,294,0,0.7818314824680298,0.6234898018587336,-0.8660254037844386,0.5000000000000001,0.0,1,0.0,1,0.0,1,0.0,1,0.0,0.0,0.0,0.0,0.2857142857142857,0.32142857142857145,0.7723735149270868,0.0,3.0,0.0,0,1343.19,0.0,0.0,False,False,False,False,True,False,False,False,False,False,False,False,False,False,False,False,False,False,False,False,False,False,False,False,False,True,False,False,False,False,False,False,False,True,False,False
UK,Smartwatch,2025-10-22,Electronics,0.0,1343.19,,20.0,2.0,0.0,0.0,2,22,43,10,4,295,0,0.9749279121818236,-0.22252093395631434,-0.8660254037844386,0.5000000000000001,0.0,1,0.0,1,0.0,1,2.0,1,0.0,0.0,0.0,0.0,0.2857142857142857,0.32142857142857145,0.7723735149270868,0.0,3.0,0.0,0,1343.19,0.0,0.0,False,False,False,False,True,False,False,False,False,False,False,False,False,False,False,False,False,False,False,False,False,False,False,False,False,True,False,False,False,False,False,False,False,True,False,False
UK,Smartwatch,2025-10-23,Electronics,0.0,1343.19,,20.0,2.0,0.0,0.0,3,23,43,10,4,296,0,0.43388373911755823,-0.900968867902419,-0.8660254037844386,0.5000000000000001,0.0,1,0.0,1,0.0,1,0.0,1,0.0,0.0,0.0,0.0,0.2857142857142857,0.25,0.7005289007176769,0.0,3.0,0.0,0,1343.19,0.0,0.0,False,False,False,False,True,False,False,False,False,False,False,False,False,False,False,False,False,False,False,False,False,False,False,False,False,True,False,False,False,False,False,False,False,True,False,False
UK,Smartwatch,2025-10-24,Electronics,1.0,423.47,0.1,20.0,2.0,1.0,0.0,4,24,43,10,4,297,0,-0.433883739117558,-0.9009688679024191,-0.8660254037844386,0.5000000000000001,0.0,1,0.0,1,0.0,1,0.0,1,0.0,0.0,0.0,0.0,0.2857142857142857,0.25,0.7005289007176769,0.0,3.0,0.0,1,1343.19,-919.72,-0.6847281471720308,False,False,False,False,True,False,False,False,False,False,False,False,False,False,False,False,False,False,False,False,False,False,False,False,False,True,False,False,False,False,False,False,False,True,False,False
UK,Smartwatch,2025-10-25,Electronics,3.0,1073.98,0.06,20.0,2.0,1.0,0.0,5,25,43,10,4,298,1,-0.9749279121818236,-0.2225209339563146,-0.8660254037844386,0.5000000000000001,1.0,1,0.0,1,0.0,1,0.0,1,0.14285714285714285,0.37796447300922137,0.0,1.0,0.35714285714285715,0.2857142857142857,0.7126966450997817,0.0,3.0,0.5,1,423.47,650.51,1.5361418754575293,False,False,False,False,True,False,False,False,False,False,False,False,False,False,False,False,False,False,False,False,False,False,False,False,False,True,False,False,False,False,False,False,False,True,False,False
UK,Smartwatch,2025-10-26,Electronics,0.0,1073.98,,20.0,2.0,0.0,0.0,6,26,43,10,4,299,1,-0.7818314824680299,0.6234898018587334,-0.8660254037844386,0.5000000000000001,3.0,1,0.0,1,3.0,1,1.0,1,0.5714285714285714,1.1338934190276806,0.0,3.0,0.5714285714285714,0.39285714285714285,0.8751417118804202,0.0,3.0,1.4545454545454546,0,1073.98,0.0,0.0,False,False,False,False,True,False,False,False,False,False,False,False,False,False,False,False,False,False,False,False,False,False,False,False,False,True,False,False,False,False,False,False,False,True,False,False
UK,Smartwatch,2025-10-27,Electronics,0.0,1073.98,,20.0,2.0,0.0,0.0,0,27,44,10,4,300,0,0.0,1.0,-0.8660254037844386,0.5000000000000001,0.0,1,0.0,1,1.0,1,0.0,1,0.5714285714285714,1.1338934190276806,0.0,3.0,0.35714285714285715,0.35714285714285715,0.8698354767504789,0.0,3.0,1.5999999999999999,0,1073.98,0.0,0.0,False,False,False,False,True,False,False,False,False,False,False,False,False,False,False,False,False,False,False,False,False,False,False,False,False,True,False,False,False,False,False,False,False,True,False,False
UK,Smartwatch,2025-10-28,Electronics,0.0,1073.98,,20.0,2.0,0.0,0.0,1,28,44,10,4,301,0,0.7818314824680298,0.6234898018587336,-0.8660254037844386,0.5000000000000001,0.0,1,0.0,1,0.0,1,0.0,1,0.5714285714285714,1.1338934190276806,0.0,3.0,0.2857142857142857,0.35714285714285715,0.8698354767504789,0.0,3.0,1.5999999999999999,0,1073.98,0.0,0.0,False,False,False,False,True,False,False,False,False,False,False,False,False,False,False,False,False,False,False,False,False,False,False,False,False,True,False,False,False,False,False,False,False,True,False,False
UK,Smartwatch,2025-10-29,Electronics,1.0,183.0,0.11,20.0,2.0,1.0,0.0,2,29,44,10,4,302,0,0.9749279121818236,-0.22252093395631434,-0.8660254037844386,0.5000000000000001,0.0,1,0.0,1,0.0,1,0.0,1,0.5714285714285714,1.1338934190276806,0.0,3.0,0.2857142857142857,0.35714285714285715,0.8698354767504789,0.0,3.0,1.5999999999999999,1,1073.98,-890.98,-0.8296057654704929,False,False,False,False,True,False,False,False,False,False,False,False,False,False,False,False,False,False,False,False,False,False,False,False,False,True,False,False,False,False,False,False,False,True,False,False
UK,Smartwatch,2025-10-30,Electronics,5.0,668.99,0.1,20.0,2.0,1.0,0.0,3,30,44,10,4,303,0,0.43388373911755823,-0.900968867902419,-0.8660254037844386,0.5000000000000001,1.0,1,0.0,1,0.0,1,2.0,1,0.7142857142857143,1.1126972805283728,0.0,3.0,0.35714285714285715,0.39285714285714285,0.8751417118804202,0.0,3.0,1.8181818181818183,1,183.0,485.99,2.65568306010929,False,False,False,False,True,False,False,False,False,False,False,False,False,False,False,False,False,False,False,False,False,False,False,False,False,True,False,False,False,False,False,False,False,True,False,False
UK,Smartwatch,2025-10-31,Electronics,3.0,789.81,0.11,20.0,2.0,1.0,0.0,4,31,44,10,4,304,0,-0.433883739117558,-0.9009688679024191,-0.8660254037844386,0.5000000000000001,5.0,1,1.0,1,0.0,1,0.0,1,1.4285714285714286,1.902379462422684,0.0,5.0,0.7142857142857143,0.5,1.2018504251546536,0.0,5.0,2.857142857142857,1,668.99,120.81999999999994,0.18060060688500565,False,False,False,False,True,False,False,False,False,False,False,False,False,False,False,False,False,False,False,False,False,False,False,False,False,True,False,False,False,False,False,False,False,True,False,False
UK,Smartwatch,2025-11-01,Electronics,2.0,676.23,0.24,20.0,2.0,1.0,0.0,5,1,44,11,4,305,1,-0.9749279121818236,-0.2225209339563146,-0.5000000000000004,0.8660254037844384,3.0,1,3.0,1,0.0,1,0.0,1,1.7142857142857142,1.9760470401187082,0.0,5.0,0.9285714285714286,0.6071428571428571,1.2863754913561911,0.0,5.0,2.823529411764706,1,789.81,-113.57999999999993,-0.14380673832947155,False,False,False,False,True,False,False,False,False,False,False,False,False,False,False,False,False,False,False,False,False,False,False,False,False,True,False,False,False,False,False,False,False,True,False,False
UK,Smartwatch,2025-11-02,Electronics,0.0,676.23,,20.0,2.0,0.0,0.0,6,2,44,11,4,306,1,-0.7818314824680299,0.6234898018587334,-0.5000000000000004,0.8660254037844384,2.0,1,0.0,1,0.0,1,0.0,1,1.5714285714285714,1.9023794624226842,0.0,5.0,1.0714285714285714,0.6785714285714286,1.306779230655253,0.0,5.0,2.31578947368421,0,676.23,0.0,0.0,False,False,False,False,True,False,False,False,False,False,False,False,False,False,False,False,False,False,False,False,False,False,False,False,False,True,False,False,False,False,False,False,False,True,False,False
UK,Smartwatch,2025-11-03,Electronics,8.0,604.97,0.19,20.0,2.0,1.0,1.0,0,3,45,11,4,307,0,0.0,1.0,-0.5000000000000004,0.8660254037844384,0.0,1,0.0,1,0.0,1,0.0,1,1.5714285714285714,1.902379462422684,0.0,5.0,1.0714285714285714,0.6785714285714286,1.306779230655253,0.0,5.0,2.31578947368421,1,676.23,-71.25999999999999,-0.10537834760362597,False,False,False,False,True,False,False,False,False,False,False,False,False,False,False,False,False,False,False,False,False,False,False,False,False,True,False,False,False,False,False,False,False,True,False,False
UK,Smartwatch,2025-11-04,Electronics,0.0,604.97,,20.0,2.0,0.0,0.0,1,4,45,11,4,308,0,0.7818314824680298,0.6234898018587336,-0.5000000000000004,0.8660254037844384,8.0,1,0.0,1,0.0,1,0.0,1,2.7142857142857144,2.9277002188456005,0.0,8.0,1.6428571428571428,0.9642857142857143,1.8950646008170327,0.0,8.0,2.814814814814815,0,604.97,0.0,0.0,False,False,False,False,True,False,False,False,False,False,False,False,False,False,False,False,False,False,False,False,False,False,False,False,False,True,False,False,False,False,False,False,False,True,False,False
UK,Smartwatch,2025-11-05,Electronics,4.0,1490.55,0.29,20.0,2.0,1.0,0.0,2,5,45,11,4,309,0,0.9749279121818236,-0.22252093395631434,-0.5000000000000004,0.8660254037844384,0.0,1,1.0,1,0.0,1,0.0,1,2.7142857142857144,2.9277002188456005,0.0,8.0,1.6428571428571428,0.9642857142857143,1.8950646008170327,0.0,8.0,2.814814814814815,1,604.97,885.5799999999999,1.463841182207382,False,False,False,False,True,False,False,False,False,False,False,False,False,False,False,False,False,False,False,False,False,False,False,False,False,True,False,False,False,False,False,False,False,True,False,False
UK,Smartwatch,2025-11-06,Electronics,0.0,1490.55,,20.0,2.0,0.0,0.0,3,6,45,11,4,310,0,0.43388373911755823,-0.900968867902419,-0.5000000000000004,0.8660254037844384,4.0,1,5.0,1,0.0,1,0.0,1,3.142857142857143,2.853569193634027,0.0,8.0,1.9285714285714286,1.1071428571428572,1.9690058727652657,0.0,8.0,2.8387096774193545,0,1490.55,0.0,0.0,False,False,False,False,True,False,False,False,False,False,False,False,False,False,False,False,False,False,False,False,False,False,False,False,False,True,False,False,False,False,False,False,False,True,False,False
UK,Smartwatch,2025-11-07,Electronics,0.0,1490.55,,20.0,2.0,0.0,0.0,4,7,45,11,4,311,0,-0.433883739117558,-0.9009688679024191,-0.5000000000000004,0.8660254037844384,0.0,1,3.0,1,1.0,1,0.0,1,2.4285714285714284,2.9358214555806397,0.0,8.0,1.9285714285714286,1.1071428571428572,1.9690058727652657,0.0,8.0,2.193548387096774,0,1490.55,0.0,0.0,False,False,False,False,True,False,False,False,False,False,False,False,False,False,False,False,False,False,False,False,False,False,False,False,False,True,False,False,False,False,False,False,False,True,False,False
UK,Smartwatch,2025-11-08,Electronics,0.0,1490.55,,20.0,2.0,0.0,0.0,5,8,45,11,4,312,1,-0.9749279121818236,-0.2225209339563146,-0.5000000000000004,0.8660254037844384,0.0,1,2.0,1,3.0,1,0.0,1,2.0,3.055050463303894,0.0,8.0,1.8571428571428572,1.1071428571428572,1.9690058727652657,0.0,8.0,1.8064516129032258,0,1490.55,0.0,0.0,False,False,False,False,True,False,False,False,False,False,False,False,False,False,False,False,False,False,False,False,False,False,False,False,False,True,False,False,False,False,False,False,False,True,False,False
UK,Smartwatch,2025-11-09,Electronics,3.0,1041.24,0.19,20.0,2.0,1.0,0.0,6,9,45,11,4,313,1,-0.7818314824680299,0.6234898018587334,-0.5000000000000004,0.8660254037844384,0.0,1,0.0,1,0.0,1,3.0,1,1.7142857142857142,3.1471831698777732,0.0,8.0,1.6428571428571428,1.1071428571428572,1.9690058727652657,0.0,8.0,1.5483870967741933,1,1490.55,-449.30999999999995,-0.30143906611653415,False,False,False,False,True,False,False,False,False,False,False,False,False,False,False,False,False,False,False,False,False,False,False,False,False,True,False,False,False,False,False,False,False,True,False,False
UK,Smartwatch,2025-11-10,Electronics,0.0,1041.24,,20.0,2.0,0.0,0.0,0,10,46,11,4,314,0,0.0,1.0,-0.5000000000000004,0.8660254037844384,3.0,1,8.0,1,0.0,1,1.0,1,2.142857142857143,3.0783421635988555,0.0,8.0,1.8571428571428572,1.1071428571428572,1.9690058727652657,0.0,8.0,1.9354838709677418,0,1041.24,0.0,0.0,False,False,False,False,True,False,False,False,False,False,False,False,False,False,False,False,False,False,False,False,False,False,False,False,False,True,False,False,False,False,False,False,False,True,False,False
UK,Smartwatch,2025-11-11,Electronics,7.0,618.6,0.26,20.0,2.0,1.0,0.0,1,11,46,11,4,315,0,0.7818314824680298,0.6234898018587336,-0.5000000000000004,0.8660254037844384,0.0,1,0.0,1,0.0,1,0.0,1,1.0,1.7320508075688783,0.0,4.0,1.8571428571428572,1.0714285714285714,1.9800593225039747,0.0,8.0,0.9333333333333333,1,1041.24,-422.64,-0.40590065690906996,False,False,False,False,True,False,False,False,False,False,False,False,False,False,False,False,False,False,False,False,False,False,False,False,False,True,False,False,False,False,False,False,False,True,False,False
UK,Smartwatch,2025-11-12,Electronics,9.0,614.3199999999999,0.23,20.0,2.0,1.0,1.0,2,12,46,11,4,316,0,0.9749279121818236,-0.22252093395631434,-0.5000000000000004,0.8660254037844384,7.0,1,4.0,1,1.0,1,0.0,1,2.0,2.7688746209726927,0.0,7.0,2.357142857142857,1.3214285714285714,2.261654121451674,0.0,8.0,1.5135135135135136,1,618.6,-4.280000000000086,-0.006918849013902499,False,False,False,False,True,False,False,False,False,False,False,False,False,False,False,False,False,False,False,False,False,False,False,False,False,True,False,False,False,False,False,False,False,True,False,False
UK,Smartwatch,2025-11-13,Electronics,0.0,614.3199999999999,,20.0,2.0,0.0,0.0,3,13,46,11,4,317,0,0.43388373911755823,-0.900968867902419,-0.5000000000000004,0.8660254037844384,9.0,1,0.0,1,5.0,1,0.0,1,2.7142857142857144,3.8172540616821116,0.0,9.0,2.9285714285714284,1.6428571428571428,2.6696411981732875,0.0,9.0,1.6521739130434785,0,614.3199999999999,0.0,0.0,False,False,False,False,True,False,False,False,False,False,False,False,False,False,False,False,False,False,False,False,False,False,False,False,False,True,False,False,False,False,False,False,False,True,False,False
UK,Smartwatch,2025-11-14,Electronics,3.0,1382.3,0.17,20.0,2.0,1.0,0.0,4,14,46,11,4,318,0,-0.433883739117558,-0.9009688679024191,-0.5000000000000004,0.8660254037844384,0.0,1,0.0,1,3.0,1,0.0,1,2.7142857142857144,3.8172540616821116,0.0,9.0,2.5714285714285716,1.6428571428571428,2.6696411981732875,0.0,9.0,1.6521739130434785,1,614.3199999999999,767.98,1.2501302252897515,False,False,False,False,True,False,False,False,False,False,False,False,False,False,False,False,False,False,False,False,False,False,False,False,False,True,False,False,False,False,False,False,False,True,False,False
UK,Smartwatch,2025-11-15,Electronics,0.0,1382.3,,20.0,2.0,0.0,0.0,5,15,46,11,4,319,1,-0.9749279121818236,-0.2225209339563146,-0.5000000000000004,0.8660254037844384,3.0,1,0.0,1,2.0,1,0.0,1,3.142857142857143,3.6253078686998634,0.0,9.0,2.5714285714285716,1.75,2.6614532371118815,0.0,9.0,1.7959183673469388,0,1382.3,0.0,0.0,False,False,False,False,True,False,False,False,False,False,False,False,False,False,False,False,False,False,False,False,False,False,False,False,False,True,False,False,False,False,False,False,False,True,False,False
UK,Smartwatch,2025-11-16,Electronics,4.0,1459.03,0.18,20.0,2.0,1.0,0.0,6,16,46,11,4,320,1,-0.7818314824680299,0.6234898018587334,-0.5000000000000004,0.8660254037844384,0.0,1,3.0,1,0.0,1,0.0,1,3.142857142857143,3.6253078686998634,0.0,9.0,2.4285714285714284,1.75,2.6614532371118815,0.0,9.0,1.7959183673469388,1,1382.3,76.73000000000002,0.05550893438472113,False,False,False,False,True,False,False,False,False,False,False,False,False,False,False,False,False,False,False,False,False,False,False,False,False,True,False,False,False,False,False,False,False,True,False,False
UK,Smartwatch,2025-11-17,Electronics,4.0,1375.48,0.25,20.0,2.0,1.0,0.0,0,17,47,11,4,321,0,0.0,1.0,-0.5000000000000004,0.8660254037844384,4.0,1,0.0,1,8.0,1,0.0,1,3.2857142857142856,3.638419332360585,0.0,9.0,2.7142857142857144,1.8928571428571428,2.6713748120103564,0.0,9.0,1.7358490566037736,1,1459.03,-83.54999999999995,-0.05726407270583878,False,False,False,False,True,False,False,False,False,False,False,False,False,False,False,False,False,False,False,False,False,False,False,False,False,True,False,False,False,False,False,False,False,True,False,False
UK,Smartwatch,2025-11-18,Electronics,0.0,1375.48,,20.0,2.0,0.0,0.0,1,18,47,11,4,322,0,0.7818314824680298,0.6234898018587336,-0.5000000000000004,0.8660254037844384,4.0,1,7.0,1,0.0,1,0.0,1,3.857142857142857,3.338091841585122,0.0,9.0,2.4285714285714284,2.0357142857142856,2.6733547083814706,0.0,9.0,1.8947368421052633,0,1375.48,0.0,0.0,False,False,False,False,True,False,False,False,False,False,False,False,False,False,False,False,False,False,False,False,False,False,False,False,False,True,False,False,False,False,False,False,False,True,False,False
UK,Smartwatch,2025-11-19,Electronics,0.0,1375.48,,20.0,2.0,0.0,0.0,2,19,47,11,4,323,0,0.9749279121818236,-0.22252093395631434,-0.5000000000000004,0.8660254037844384,0.0,1,9.0,1,4.0,1,0.0,1,2.857142857142857,3.2877840272018806,0.0,9.0,2.4285714285714284,2.0357142857142856,2.6733547083814706,0.0,9.0,1.4035087719298247,0,1375.48,0.0,0.0,False,False,False,False,True,False,False,False,False,False,False,False,False,False,False,False,False,False,False,False,False,False,False,False,False,True,False,False,False,False,False,False,False,True,False,False
UK,Smartwatch,2025-11-20,Electronics,2.0,136.72,0.28,20.0,2.0,1.0,0.0,3,20,47,11,4,324,0,0.43388373911755823,-0.900968867902419,-0.5000000000000004,0.8660254037844384,0.0,1,0.0,1,0.0,1,0.0,1,1.5714285714285714,1.9880595947760105,0.0,4.0,2.142857142857143,2.0357142857142856,2.6733547083814706,0.0,9.0,0.7719298245614036,1,1375.48,-1238.76,-0.9006019716753424,False,False,False,False,True,False,False,False,False,False,False,False,False,False,False,False,False,False,False,False,False,False,False,False,False,True,False,False,False,False,False,False,False,True,False,False
UK,Smartwatch,2025-11-21,Electronics,2.0,1013.03,0.23,20.0,2.0,1.0,0.0,4,21,47,11,4,325,0,-0.433883739117558,-0.9009688679024191,-0.5000000000000004,0.8660254037844384,2.0,1,3.0,1,0.0,1,1.0,1,1.8571428571428572,1.8644544714716096,0.0,4.0,2.2857142857142856,2.107142857142857,2.6435005651777757,0.0,9.0,0.8813559322033898,1,136.72,876.31,6.409523112931539,False,False,False,False,True,False,False,False,False,False,False,False,False,False,False,False,False,False,False,False,False,False,False,False,False,True,False,False,False,False,False,False,False,True,False,False
UK,Smartwatch,2025-11-22,Electronics,0.0,1013.03,,20.0,2.0,0.0,0.0,5,22,47,11,4,326,1,-0.9749279121818236,-0.2225209339563146,-0.5000000000000004,0.8660254037844384,2.0,1,0.0,1,0.0,1,3.0,1,1.7142857142857142,1.7994708216848754,0.0,4.0,2.4285714285714284,2.142857142857143,2.6347293868249397,0.0,9.0,0.7999999999999999,0,1013.03,0.0,0.0,False,False,False,False,True,False,False,False,False,False,False,False,False,False,False,False,False,False,False,False,False,False,False,False,False,True,False,False,False,False,False,False,False,True,False,False
UK,Smartwatch,2025-11-23,Electronics,4.0,1001.57,0.17,20.0,2.0,1.0,0.0,6,23,47,11,4,327,1,-0.7818314824680299,0.6234898018587334,-0.5000000000000004,0.8660254037844384,0.0,1,4.0,1,3.0,1,0.0,1,1.7142857142857142,1.7994708216848754,0.0,4.0,2.4285714285714284,2.0357142857142856,2.6594644804455094,0.0,9.0,0.8421052631578947,1,1013.03,-11.459999999999923,-0.011312596862876641,False,False,False,False,True,False,False,False,False,False,False,False,False,False,False,False,False,False,False,False,False,False,False,False,False,True,False,False,False,False,False,False,False,True,False,False
UK,Smartwatch,2025-11-24,Electronics,3.0,1421.62,0.25,20.0,2.0,1.0,0.0,0,24,48,11,4,328,0,0.0,1.0,-0.5000000000000004,0.8660254037844384,4.0,1,4.0,1,0.0,1,0.0,1,1.7142857142857142,1.7994708216848754,0.0,4.0,2.5,2.1785714285714284,2.6534892671735593,0.0,9.0,0.7868852459016393,1,1001.57,420.04999999999984,0.4193915552582444,False,False,False,False,True,False,False,False,False,False,False,False,False,False,False,False,False,False,False,False,False,False,False,False,False,True,False,False,False,False,False,False,False,True,False,False
UK,Smartwatch,2025-11-25,Electronics,4.0,409.17,0.27,20.0,2.0,1.0,0.0,1,25,48,11,4,329,0,0.7818314824680298,0.6234898018587336,-0.5000000000000004,0.8660254037844384,3.0,1,0.0,1,7.0,1,0.0,1,1.5714285714285714,1.618347187425375,0.0,4.0,2.7142857142857144,2.2857142857142856,2.622652641564807,0.0,9.0,0.6875,1,1421.62,-1012.4499999999998,-0.7121804701678366,False,False,False,False,True,False,False,False,False,False,False,False,False,False,False,False,False,False,False,False,False,False,False,False,False,True,False,False,False,False,False,False,False,True,False,False
