store_id,product_id,date,category,sales,price,Discount_Applied,safety_stock,lead_time_days,promotion,is_outlier,day_of_week,day_of_month,week_of_year,month,quarter,day_of_year,is_weekend,sin_day_of_week,cos_day_of_week,sin_month,cos_month,lag_1,has_lag_1,lag_7,has_lag_7,lag_14,has_lag_14,lag_28,has_lag_28,rolling_mean_7,rolling_std_7,rolling_min_7,rolling_max_7,rolling_mean_14,rolling_mean_28,rolling_std_28,rolling_min_28,rolling_max_28,trend_ratio,is_promotion,previous_price,price_change,price_change_pct,store_id_Germany,store_id_India,store_id_Pakistan,store_id_UAE,store_id_UK,store_id_USA,product_id_4K Smart TV,product_id_Air Fryer,product_id_Blender,product_id_Coffee Maker,product_id_Cotton T-Shirt,product_id_Cycling Helmet,product_id_Denim Jeans,product_id_Dumbbell Set,product_id_Face Wash,product_id_Football,product_id_Formal Shirt,product_id_Gaming Laptop,product_id_Hair Serum,product_id_Lipstick Set,product_id_Microwave Oven,product_id_Moisturizing Cream,product_id_Perfume,product_id_Running Shoes,product_id_Smartphone 128GB,product_id_Smartwatch,product_id_Tennis Racket,product_id_Vacuum Cleaner,product_id_Winter Jacket,product_id_Wireless Noise-Canceling Headphones,product_id_Yoga Mat,category_Apparel,category_Beauty,category_Electronics,category_Home & Kitchen,category_Sports
USA,Smartwatch,2025-05-23,Electronics,0.0,370.2,,20.0,2.0,0.0,0.0,4,23,21,5,2,143,0,-0.433883739117558,-0.9009688679024191,0.49999999999999994,-0.8660254037844387,0.0,1,0.0,1,0.0,1,0.0,1,0.2857142857142857,0.7559289460184577,0.0,2.0,0.2857142857142857,0.5357142857142857,1.0708993401928124,0.0,3.0,0.5333333333333333,0,370.2,0.0,0.0,False,False,False,False,False,True,False,False,False,False,False,False,False,False,False,False,False,False,False,False,False,False,False,False,False,True,False,False,False,False,False,False,False,True,False,False
USA,Smartwatch,2025-05-24,Electronics,0.0,370.2,,20.0,2.0,0.0,0.0,5,24,21,5,2,144,1,-0.9749279121818236,-0.2225209339563146,0.49999999999999994,-0.8660254037844387,0.0,1,0.0,1,2.0,1,0.0,1,0.2857142857142857,0.7559289460184577,0.0,2.0,0.2857142857142857,0.5357142857142857,1.0708993401928124,0.0,3.0,0.5333333333333333,0,370.2,0.0,0.0,False,False,False,False,False,True,False,False,False,False,False,False,False,False,False,False,False,False,False,False,False,False,False,False,False,True,False,False,False,False,False,False,False,True,False,False
USA,Smartwatch,2025-05-25,Electronics,2.0,1277.6,0.02,20.0,2.0,1.0,0.0,6,25,21,5,2,145,1,-0.7818314824680299,0.6234898018587334,0.49999999999999994,-0.8660254037844387,0.0,1,2.0,1,0.0,1,0.0,1,0.2857142857142857,0.7559289460184577,0.0,2.0,0.14285714285714285,0.5357142857142857,1.0708993401928124,0.0,3.0,0.5333333333333333,1,370.2,907.3999999999999,2.451107509454349,False,False,False,False,False,True,False,False,False,False,False,False,False,False,False,False,False,False,False,False,False,False,False,False,False,True,False,False,False,False,False,False,False,True,False,False
USA,Smartwatch,2025-05-26,Electronics,0.0,1277.6,,20.0,2.0,0.0,0.0,0,26,22,5,2,146,0,0.0,1.0,0.49999999999999994,-0.8660254037844387,2.0,1,0.0,1,0.0,1,0.0,1,0.2857142857142857,0.7559289460184577,0.0,2.0,0.2857142857142857,0.6071428571428571,1.1001442906807561,0.0,3.0,0.47058823529411764,0,1277.6,0.0,0.0,False,False,False,False,False,True,False,False,False,False,False,False,False,False,False,False,False,False,False,False,False,False,False,False,False,True,False,False,False,False,False,False,False,True,False,False
USA,Smartwatch,2025-05-27,Electronics,1.0,731.76,0.09,20.0,2.0,1.0,0.0,1,27,22,5,2,147,0,0.7818314824680298,0.6234898018587336,0.49999999999999994,-0.8660254037844387,0.0,1,0.0,1,0.0,1,3.0,1,0.2857142857142857,0.7559289460184577,0.0,2.0,0.2857142857142857,0.6071428571428571,1.1001442906807561,0.0,3.0,0.47058823529411764,1,1277.6,-545.8399999999999,-0.4272385723231058,False,False,False,False,False,True,False,False,False,False,False,False,False,False,False,False,False,False,False,False,False,False,False,False,False,True,False,False,False,False,False,False,False,True,False,False
USA,Smartwatch,2025-05-28,Electronics,0.0,731.76,,20.0,2.0,0.0,0.0,2,28,22,5,2,148,0,0.9749279121818236,-0.22252093395631434,0.49999999999999994,-0.8660254037844387,1.0,1,0.0,1,0.0,1,0.0,1,0.42857142857142855,0.7867957924694462,0.0,2.0,0.35714285714285715,0.5357142857142857,0.9993384054849753,0.0,3.0,0.7999999999999999,0,731.76,0.0,0.0,False,False,False,False,False,True,False,False,False,False,False,False,False,False,False,False,False,False,False,False,False,False,False,False,False,True,False,False,False,False,False,False,False,True,False,False
USA,Smartwatch,2025-05-29,Electronics,0.0,731.76,,20.0,2.0,0.0,0.0,3,29,22,5,2,149,0,0.43388373911755823,-0.900968867902419,0.49999999999999994,-0.8660254037844387,0.0,1,0.0,1,0.0,1,3.0,1,0.42857142857142855,0.7867957924694462,0.0,2.0,0.35714285714285715,0.5357142857142857,0.9993384054849753,0.0,3.0,0.7999999999999999,0,731.76,0.0,0.0,False,False,False,False,False,True,False,False,False,False,False,False,False,False,False,False,False,False,False,False,False,False,False,False,False,True,False,False,False,False,False,False,False,True,False,False
USA,Smartwatch,2025-05-30,Electronics,0.0,731.76,,20.0,2.0,0.0,0.0,4,30,22,5,2,150,0,-0.433883739117558,-0.9009688679024191,0.49999999999999994,-0.8660254037844387,0.0,1,0.0,1,0.0,1,0.0,1,0.42857142857142855,0.7867957924694462,0.0,2.0,0.35714285714285715,0.42857142857142855,0.8789122666607727,0.0,3.0,1.0,0,731.76,0.0,0.0,False,False,False,False,False,True,False,False,False,False,False,False,False,False,False,False,False,False,False,False,False,False,False,False,False,True,False,False,False,False,False,False,False,True,False,False
USA,Smartwatch,2025-05-31,Electronics,0.0,731.76,,20.0,2.0,0.0,0.0,5,31,22,5,2,151,1,-0.9749279121818236,-0.2225209339563146,0.49999999999999994,-0.8660254037844387,0.0,1,0.0,1,0.0,1,0.0,1,0.42857142857142855,0.7867957924694462,0.0,2.0,0.35714285714285715,0.42857142857142855,0.8789122666607727,0.0,3.0,1.0,0,731.76,0.0,0.0,False,False,False,False,False,True,False,False,False,False,False,False,False,False,False,False,False,False,False,False,False,False,False,False,False,True,False,False,False,False,False,False,False,True,False,False
USA,Smartwatch,2025-06-01,Electronics,2.0,1176.53,0.08,20.0,2.0,1.0,0.0,6,1,22,6,2,152,1,-0.7818314824680299,0.6234898018587334,1.2246467991473532e-16,-1.0,0.0,1,2.0,1,2.0,1,0.0,1,0.42857142857142855,0.7867957924694462,0.0,2.0,0.35714285714285715,0.42857142857142855,0.8789122666607727,0.0,3.0,1.0,1,731.76,444.77,0.607808571116213,False,False,False,False,False,True,False,False,False,False,False,False,False,False,False,False,False,False,False,False,False,False,False,False,False,True,False,False,False,False,False,False,False,True,False,False
USA,Smartwatch,2025-06-02,Electronics,0.0,1176.53,,20.0,2.0,0.0,0.0,0,2,23,6,2,153,0,0.0,1.0,1.2246467991473532e-16,-1.0,2.0,1,0.0,1,0.0,1,3.0,1,0.42857142857142855,0.7867957924694462,0.0,2.0,0.35714285714285715,0.5,0.9229582069908996,0.0,3.0,0.8571428571428571,0,1176.53,0.0,0.0,False,False,False,False,False,True,False,False,False,False,False,False,False,False,False,False,False,False,False,False,False,False,False,False,False,True,False,False,False,False,False,False,False,True,False,False
USA,Smartwatch,2025-06-03,Electronics,3.0,918.42,0.09,20.0,2.0,1.0,0.0,1,3,23,6,2,154,0,0.7818314824680298,0.6234898018587336,1.2246467991473532e-16,-1.0,0.0,1,1.0,1,0.0,1,2.0,1,0.42857142857142855,0.7867957924694462,0.0,2.0,0.35714285714285715,0.39285714285714285,0.7859547491585458,0.0,2.0,1.0909090909090908,1,1176.53,-258.11,-0.21938242118773005,False,False,False,False,False,True,False,False,False,False,False,False,False,False,False,False,False,False,False,False,False,False,False,False,False,True,False,False,False,False,False,False,False,True,False,False
USA,Smartwatch,2025-06-04,Electronics,0.0,918.42,,20.0,2.0,0.0,0.0,2,4,23,6,2,155,0,0.9749279121818236,-0.22252093395631434,1.2246467991473532e-16,-1.0,3.0,1,0.0,1,0.0,1,0.0,1,0.7142857142857143,1.2535663410560194,0.0,3.0,0.5714285714285714,0.42857142857142855,0.8789122666607727,0.0,3.0,1.6666666666666667,0,918.42,0.0,0.0,False,False,False,False,False,True,False,False,False,False,False,False,False,False,False,False,False,False,False,False,False,False,False,False,False,True,False,False,False,False,False,False,False,True,False,False
USA,Smartwatch,2025-06-05,Electronics,0.0,918.42,,20.0,2.0,0.0,0.0,3,5,23,6,2,156,0,0.43388373911755823,-0.900968867902419,1.2246467991473532e-16,-1.0,0.0,1,0.0,1,0.0,1,0.0,1,0.7142857142857143,1.2535663410560192,0.0,3.0,0.5714285714285714,0.42857142857142855,0.8789122666607727,0.0,3.0,1.6666666666666667,0,918.42,0.0,0.0,False,False,False,False,False,True,False,False,False,False,False,False,False,False,False,False,False,False,False,False,False,False,False,False,False,True,False,False,False,False,False,False,False,True,False,False
USA,Smartwatch,2025-06-06,Electronics,0.0,918.42,,20.0,2.0,0.0,0.0,4,6,23,6,2,157,0,-0.433883739117558,-0.9009688679024191,1.2246467991473532e-16,-1.0,0.0,1,0.0,1,0.0,1,0.0,1,0.7142857142857143,1.2535663410560192,0.0,3.0,0.5714285714285714,0.42857142857142855,0.8789122666607727,0.0,3.0,1.6666666666666667,0,918.42,0.0,0.0,False,False,False,False,False,True,False,False,False,False,False,False,False,False,False,False,False,False,False,False,False,False,False,False,False,True,False,False,False,False,False,False,False,True,False,False
USA,Smartwatch,2025-06-07,Electronics,0.0,918.42,,20.0,2.0,0.0,0.0,5,7,23,6,2,158,1,-0.9749279121818236,-0.2225209339563146,1.2246467991473532e-16,-1.0,0.0,1,0.0,1,0.0,1,2.0,1,0.7142857142857143,1.2535663410560192,0.0,3.0,0.5714285714285714,0.42857142857142855,0.8789122666607727,0.0,3.0,1.6666666666666667,0,918.42,0.0,0.0,False,False,False,False,False,True,False,False,False,False,False,False,False,False,False,False,False,False,False,False,False,False,False,False,False,True,False,False,False,False,False,False,False,True,False,False
USA,Smartwatch,2025-06-08,Electronics,3.0,96.55,0.12,20.0,2.0,1.0,0.0,6,8,23,6,2,159,1,-0.7818314824680299,0.6234898018587334,1.2246467991473532e-16,-1.0,0.0,1,2.0,1,2.0,1,0.0,1,0.7142857142857143,1.2535663410560192,0.0,3.0,0.5714285714285714,0.35714285714285715,0.8261595987094066,0.0,3.0,2.0,1,918.42,-821.87,-0.8948738050129571,False,False,False,False,False,True,False,False,False,False,False,False,False,False,False,False,False,False,False,False,False,False,False,False,False,True,False,False,False,False,False,False,False,True,False,False
USA,Smartwatch,2025-06-09,Electronics,0.0,96.55,,20.0,2.0,0.0,0.0,0,9,24,6,2,160,0,0.0,1.0,1.2246467991473532e-16,-1.0,3.0,1,0.0,1,0.0,1,0.0,1,0.8571428571428571,1.4638501094228014,0.0,3.0,0.6428571428571429,0.4642857142857143,0.9615628812527963,0.0,3.0,1.846153846153846,0,96.55,0.0,0.0,False,False,False,False,False,True,False,False,False,False,False,False,False,False,False,False,False,False,False,False,False,False,False,False,False,True,False,False,False,False,False,False,False,True,False,False
USA,Smartwatch,2025-06-10,Electronics,3.0,1294.12,0.07,20.0,2.0,1.0,0.0,1,10,24,6,2,161,0,0.7818314824680298,0.6234898018587336,1.2246467991473532e-16,-1.0,0.0,1,3.0,1,1.0,1,0.0,1,0.8571428571428571,1.4638501094228014,0.0,3.0,0.6428571428571429,0.4642857142857143,0.9615628812527963,0.0,3.0,1.846153846153846,1,96.55,1197.57,12.403625064733298,False,False,False,False,False,True,False,False,False,False,False,False,False,False,False,False,False,False,False,False,False,False,False,False,False,True,False,False,False,False,False,False,False,True,False,False
USA,Smartwatch,2025-06-11,Electronics,3.0,212.33,0.08,20.0,2.0,1.0,0.0,2,11,24,6,2,162,0,0.9749279121818236,-0.22252093395631434,1.2246467991473532e-16,-1.0,3.0,1,0.0,1,0.0,1,0.0,1,0.8571428571428571,1.4638501094228014,0.0,3.0,0.7857142857142857,0.5714285714285714,1.0690449676496996,0.0,3.0,1.5,1,1294.12,-1081.79,-0.8359271164961519,False,False,False,False,False,True,False,False,False,False,False,False,False,False,False,False,False,False,False,False,False,False,False,False,False,True,False,False,False,False,False,False,False,True,False,False
USA,Smartwatch,2025-06-12,Electronics,0.0,212.33,,20.0,2.0,0.0,0.0,3,12,24,6,2,163,0,0.43388373911755823,-0.900968867902419,1.2246467991473532e-16,-1.0,3.0,1,0.0,1,0.0,1,0.0,1,1.2857142857142858,1.6035674514745475,0.0,3.0,1.0,0.6785714285714286,1.1564175661505627,0.0,3.0,1.8947368421052633,0,212.33,0.0,0.0,False,False,False,False,False,True,False,False,False,False,False,False,False,False,False,False,False,False,False,False,False,False,False,False,False,True,False,False,False,False,False,False,False,True,False,False
USA,Smartwatch,2025-06-13,Electronics,6.0,239.99,0.09,20.0,2.0,1.0,0.0,4,13,24,6,2,164,0,-0.433883739117558,-0.9009688679024191,1.2246467991473532e-16,-1.0,0.0,1,0.0,1,0.0,1,0.0,1,1.2857142857142858,1.6035674514745475,0.0,3.0,1.0,0.6785714285714286,1.1564175661505627,0.0,3.0,1.8947368421052633,1,212.33,27.659999999999997,0.13026892101916826,False,False,False,False,False,True,False,False,False,False,False,False,False,False,False,False,False,False,False,False,False,False,False,False,False,True,False,False,False,False,False,False,False,True,False,False
USA,Smartwatch,2025-06-14,Electronics,1.0,916.99,0.05,20.0,2.0,1.0,0.0,5,14,24,6,2,165,1,-0.9749279121818236,-0.2225209339563146,1.2246467991473532e-16,-1.0,6.0,1,0.0,1,0.0,1,0.0,1,2.142857142857143,2.267786838055364,0.0,6.0,1.4285714285714286,0.8928571428571429,1.523623500550111,0.0,6.0,2.4,1,239.99,677.0,2.8209508729530395,False,False,False,False,False,True,False,False,False,False,False,False,False,False,False,False,False,False,False,False,False,False,False,False,False,True,False,False,False,False,False,False,False,True,False,False
USA,Smartwatch,2025-06-15,Electronics,0.0,916.99,,20.0,2.0,0.0,0.0,6,15,24,6,2,166,1,-0.7818314824680299,0.6234898018587334,1.2246467991473532e-16,-1.0,1.0,1,3.0,1,2.0,1,2.0,1,2.2857142857142856,2.1380899352993956,0.0,6.0,1.5,0.9285714285714286,1.5136067160941424,0.0,6.0,2.4615384615384612,0,916.99,0.0,0.0,False,False,False,False,False,True,False,False,False,False,False,False,False,False,False,False,False,False,False,False,False,False,False,False,False,True,False,False,False,False,False,False,False,True,False,False
USA,Smartwatch,2025-06-16,Electronics,0.0,916.99,,20.0,2.0,0.0,0.0,0,16,25,6,2,167,0,0.0,1.0,1.2246467991473532e-16,-1.0,0.0,1,0.0,1,0.0,1,0.0,1,1.8571428571428572,2.267786838055364,0.0,6.0,1.3571428571428572,0.8571428571428571,1.5083541610418552,0.0,6.0,2.166666666666667,0,916.99,0.0,0.0,False,False,False,False,False,True,False,False,False,False,False,False,False,False,False,False,False,False,False,False,False,False,False,False,False,True,False,False,False,False,False,False,False,True,False,False
USA,Smartwatch,2025-06-17,Electronics,0.0,916.99,,20.0,2.0,0.0,0.0,1,17,25,6,2,168,0,0.7818314824680298,0.6234898018587336,1.2246467991473532e-16,-1.0,0.0,1,3.0,1,3.0,1,0.0,1,1.8571428571428572,2.267786838055364,0.0,6.0,1.3571428571428572,0.8571428571428571,1.5083541610418552,0.0,6.0,2.166666666666667,0,916.99,0.0,0.0,False,False,False,False,False,True,False,False,False,False,False,False,False,False,False,False,False,False,False,False,False,False,False,False,False,True,False,False,False,False,False,False,False,True,False,False
USA,Smartwatch,2025-06-18,Electronics,0.0,916.99,,20.0,2.0,0.0,0.0,2,18,25,6,2,169,0,0.9749279121818236,-0.22252093395631434,1.2246467991473532e-16,-1.0,0.0,1,3.0,1,0.0,1,0.0,1,1.4285714285714286,2.299068134204441,0.0,6.0,1.1428571428571428,0.8571428571428571,1.5083541610418552,0.0,6.0,1.6666666666666667,0,916.99,0.0,0.0,False,False,False,False,False,True,False,False,False,False,False,False,False,False,False,False,False,False,False,False,False,False,False,False,False,True,False,False,False,False,False,False,False,True,False,False
USA,Smartwatch,2025-06-19,Electronics,2.0,143.19,0.1,20.0,2.0,1.0,0.0,3,19,25,6,2,170,0,0.43388373911755823,-0.900968867902419,1.2246467991473532e-16,-1.0,0.0,1,0.0,1,0.0,1,0.0,1,1.0,2.2360679774997907,0.0,6.0,1.1428571428571428,0.8571428571428571,1.5083541610418552,0.0,6.0,1.1666666666666667,1,916.99,-773.8,-0.8438478064101026,False,False,False,False,False,True,False,False,False,False,False,False,False,False,False,False,False,False,False,False,False,False,False,False,False,True,False,False,False,False,False,False,False,True,False,False
USA,Smartwatch,2025-06-20,Electronics,0.0,143.19,,20.0,2.0,0.0,0.0,4,20,25,6,2,171,0,-0.433883739117558,-0.9009688679024191,1.2246467991473532e-16,-1.0,2.0,1,6.0,1,0.0,1,0.0,1,1.2857142857142858,2.2146697055682836,0.0,6.0,1.2857142857142858,0.9285714285714286,1.5136067160941424,0.0,6.0,1.3846153846153846,0,143.19,0.0,0.0,False,False,False,False,False,True,False,False,False,False,False,False,False,False,False,False,False,False,False,False,False,False,False,False,False,True,False,False,False,False,False,False,False,True,False,False
USA,Smartwatch,2025-06-21,Electronics,1.0,868.89,0.08,20.0,2.0,1.0,0.0,5,21,25,6,2,172,1,-0.9749279121818236,-0.2225209339563146,1.2246467991473532e-16,-1.0,0.0,1,1.0,1,0.0,1,0.0,1,0.42857142857142855,0.7867957924694462,0.0,2.0,1.2857142857142858,0.9285714285714286,1.5136067160941424,0.0,6.0,0.4615384615384615,1,143.19,725.7,5.068091347161115,False,False,False,False,False,True,False,False,False,False,False,False,False,False,False,False,False,False,False,False,False,False,False,False,False,True,False,False,False,False,False,False,False,True,False,False
USA,Smartwatch,2025-06-22,Electronics,0.0,868.89,,20.0,2.0,0.0,0.0,6,22,25,6,2,173,1,-0.7818314824680299,0.6234898018587334,1.2246467991473532e-16,-1.0,1.0,1,0.0,1,3.0,1,2.0,1,0.42857142857142855,0.7867957924694462,0.0,2.0,1.3571428571428572,0.9642857142857143,1.502643173856159,0.0,6.0,0.4444444444444444,0,868.89,0.0,0.0,False,False,False,False,False,True,False,False,False,False,False,False,False,False,False,False,False,False,False,False,False,False,False,False,False,True,False,False,False,False,False,False,False,True,False,False
USA,Smartwatch,2025-06-23,Electronics,0.0,868.89,,20.0,2.0,0.0,0.0,0,23,26,6,2,174,0,0.0,1.0,1.2246467991473532e-16,-1.0,0.0,1,0.0,1,0.0,1,0.0,1,0.42857142857142855,0.7867957924694462,0.0,2.0,1.1428571428571428,0.8928571428571429,1.4991179064218065,0.0,6.0,0.4799999999999999,0,868.89,0.0,0.0,False,False,False,False,False,True,False,False,False,False,False,False,False,False,False,False,False,False,False,False,False,False,False,False,False,True,False,False,False,False,False,False,False,True,False,False
USA,Smartwatch,2025-06-24,Electronics,3.0,532.06,0.05,20.0,2.0,1.0,0.0,1,24,26,6,2,175,0,0.7818314824680298,0.6234898018587336,1.2246467991473532e-16,-1.0,0.0,1,0.0,1,3.0,1,1.0,1,0.42857142857142855,0.7867957924694462,0.0,2.0,1.1428571428571428,0.8928571428571429,1.4991179064218065,0.0,6.0,0.4799999999999999,1,868.89,-336.83000000000004,-0.38765551450701474,False,False,False,False,False,True,False,False,False,False,False,False,False,False,False,False,False,False,False,False,False,False,False,False,False,True,False,False,False,False,False,False,False,True,False,False
USA,Smartwatch,2025-06-25,Electronics,0.0,532.06,,20.0,2.0,0.0,0.0,2,25,26,6,2,176,0,0.9749279121818236,-0.22252093395631434,1.2246467991473532e-16,-1.0,3.0,1,0.0,1,3.0,1,0.0,1,0.8571428571428571,1.2149857925879135,0.0,3.0,1.1428571428571428,0.9642857142857143,1.5511559096637124,0.0,6.0,0.8888888888888888,0,532.06,0.0,0.0,False,False,False,False,False,True,False,False,False,False,False,False,False,False,False,False,False,False,False,False,False,False,False,False,False,True,False,False,False,False,False,False,False,True,False,False
USA,Smartwatch,2025-06-26,Electronics,0.0,532.06,,20.0,2.0,0.0,0.0,3,26,26,6,2,177,0,0.43388373911755823,-0.900968867902419,1.2246467991473532e-16,-1.0,0.0,1,2.0,1,0.0,1,0.0,1,0.8571428571428571,1.2149857925879135,0.0,3.0,0.9285714285714286,0.9642857142857143,1.5511559096637124,0.0,6.0,0.8888888888888888,0,532.06,0.0,0.0,False,False,False,False,False,True,False,False,False,False,False,False,False,False,False,False,False,False,False,False,False,False,False,False,False,True,False,False,False,False,False,False,False,True,False,False
USA,Smartwatch,2025-06-27,Electronics,0.0,532.06,,20.0,2.0,0.0,0.0,4,27,26,6,2,178,0,-0.433883739117558,-0.9009688679024191,1.2246467991473532e-16,-1.0,0.0,1,0.0,1,6.0,1,0.0,1,0.5714285714285714,1.1338934190276837,0.0,3.0,0.9285714285714286,0.9642857142857143,1.5511559096637124,0.0,6.0,0.5925925925925926,0,532.06,0.0,0.0,False,False,False,False,False,True,False,False,False,False,False,False,False,False,False,False,False,False,False,False,False,False,False,False,False,True,False,False,False,False,False,False,False,True,False,False
USA,Smartwatch,2025-06-28,Electronics,0.0,532.06,,20.0,2.0,0.0,0.0,5,28,26,6,2,179,1,-0.9749279121818236,-0.2225209339563146,1.2246467991473532e-16,-1.0,0.0,1,1.0,1,1.0,1,0.0,1,0.5714285714285714,1.1338934190276837,0.0,3.0,0.5,0.9642857142857143,1.5511559096637124,0.0,6.0,0.5925925925925926,0,532.06,0.0,0.0,False,False,False,False,False,True,False,False,False,False,False,False,False,False,False,False,False,False,False,False,False,False,False,False,False,True,False,False,False,False,False,False,False,True,False,False
USA,Smartwatch,2025-06-29,Electronics,0.0,532.06,,20.0,2.0,0.0,0.0,6,29,26,6,2,180,1,-0.7818314824680299,0.6234898018587334,1.2246467991473532e-16,-1.0,0.0,1,0.0,1,0.0,1,2.0,1,0.42857142857142855,1.1338934190276837,0.0,3.0,0.42857142857142855,0.9642857142857143,1.5511559096637124,0.0,6.0,0.4444444444444444,0,532.06,0.0,0.0,False,False,False,False,False,True,False,False,False,False,False,False,False,False,False,False,False,False,False,False,False,False,False,False,False,True,False,False,False,False,False,False,False,True,False,False
USA,Smartwatch,2025-06-30,Electronics,1.0,1357.2,0.08,20.0,2.0,1.0,0.0,0,30,27,6,2,181,0,0.0,1.0,1.2246467991473532e-16,-1.0,0.0,1,0.0,1,0.0,1,0.0,1,0.42857142857142855,1.1338934190276837,0.0,3.0,0.42857142857142855,0.8928571428571429,1.547741142924956,0.0,6.0,0.4799999999999999,1,532.06,825.1400000000001,1.5508401308123148,False,False,False,False,False,True,False,False,False,False,False,False,False,False,False,False,False,False,False,False,False,False,False,False,False,True,False,False,False,False,False,False,False,True,False,False
USA,Smartwatch,2025-07-01,Electronics,2.0,1427.45,0.08,20.0,2.0,1.0,0.0,1,1,27,7,3,182,0,0.7818314824680298,0.6234898018587336,-0.4999999999999997,-0.8660254037844388,1.0,1,3.0,1,0.0,1,3.0,1,0.5714285714285714,1.1338934190276837,0.0,3.0,0.5,0.9285714285714286,1.5378814535195384,0.0,6.0,0.6153846153846153,1,1357.2,70.25,0.05176097848511641,False,False,False,False,False,True,False,False,False,False,False,False,False,False,False,False,False,False,False,False,False,False,False,False,False,True,False,False,False,False,False,False,False,True,False,False
USA,Smartwatch,2025-07-02,Electronics,1.0,195.32,0.1,20.0,2.0,1.0,0.0,2,2,27,7,3,183,0,0.9749279121818236,-0.22252093395631434,-0.4999999999999997,-0.8660254037844388,2.0,1,0.0,1,0.0,1,0.0,1,0.42857142857142855,0.7867957924694461,0.0,2.0,0.6428571428571429,0.8928571428571429,1.4991179064218068,0.0,6.0,0.4799999999999999,1,1427.45,-1232.13,-0.8631685873410628,False,False,False,False,False,True,False,False,False,False,False,False,False,False,False,False,False,False,False,False,False,False,False,False,False,True,False,False,False,False,False,False,False,True,False,False
USA,Smartwatch,2025-07-03,Electronics,0.0,195.32,,20.0,2.0,0.0,0.0,3,3,27,7,3,184,0,0.43388373911755823,-0.900968867902419,-0.4999999999999997,-0.8660254037844388,1.0,1,0.0,1,2.0,1,0.0,1,0.5714285714285714,0.7867957924694459,0.0,2.0,0.7142857142857143,0.9285714285714286,1.4889362702719078,0.0,6.0,0.6153846153846153,0,195.32,0.0,0.0,False,False,False,False,False,True,False,False,False,False,False,False,False,False,False,False,False,False,False,False,False,False,False,False,False,True,False,False,False,False,False,False,False,True,False,False
USA,Smartwatch,2025-07-04,Electronics,0.0,195.32,,20.0,2.0,0.0,0.0,4,4,27,7,3,185,0,-0.433883739117558,-0.9009688679024191,-0.4999999999999997,-0.8660254037844388,0.0,1,0.0,1,0.0,1,0.0,1,0.5714285714285714,0.7867957924694459,0.0,2.0,0.5714285714285714,0.9285714285714286,1.4889362702719078,0.0,6.0,0.6153846153846153,0,195.32,0.0,0.0,False,False,False,False,False,True,False,False,False,False,False,False,False,False,False,False,False,False,False,False,False,False,False,False,False,True,False,False,False,False,False,False,False,True,False,False
USA,Smartwatch,2025-07-05,Electronics,0.0,195.32,,20.0,2.0,0.0,0.0,5,5,27,7,3,186,1,-0.9749279121818236,-0.2225209339563146,-0.4999999999999997,-0.8660254037844388,0.0,1,0.0,1,1.0,1,0.0,1,0.5714285714285714,0.7867957924694459,0.0,2.0,0.5714285714285714,0.9285714285714286,1.4889362702719078,0.0,6.0,0.6153846153846153,0,195.32,0.0,0.0,False,False,False,False,False,True,False,False,False,False,False,False,False,False,False,False,False,False,False,False,False,False,False,False,False,True,False,False,False,False,False,False,False,True,False,False
USA,Smartwatch,2025-07-06,Electronics,0.0,195.32,,20.0,2.0,0.0,0.0,6,6,27,7,3,187,1,-0.7818314824680299,0.6234898018587334,-0.4999999999999997,-0.8660254037844388,0.0,1,0.0,1,0.0,1,3.0,1,0.5714285714285714,0.7867957924694459,0.0,2.0,0.5,0.9285714285714286,1.4889362702719078,0.0,6.0,0.6153846153846153,0,195.32,0.0,0.0,False,False,False,False,False,True,False,False,False,False,False,False,False,False,False,False,False,False,False,False,False,False,False,False,False,True,False,False,False,False,False,False,False,True,False,False
USA,Smartwatch,2025-07-07,Electronics,0.0,195.32,,20.0,2.0,0.0,0.0,0,7,28,7,3,188,0,0.0,1.0,-0.4999999999999997,-0.8660254037844388,0.0,1,1.0,1,0.0,1,0.0,1,0.5714285714285714,0.7867957924694459,0.0,2.0,0.5,0.8214285714285714,1.441541649777186,0.0,6.0,0.6956521739130435,0,195.32,0.0,0.0,False,False,False,False,False,True,False,False,False,False,False,False,False,False,False,False,False,False,False,False,False,False,False,False,False,True,False,False,False,False,False,False,False,True,False,False
USA,Smartwatch,2025-07-08,Electronics,0.0,195.32,,20.0,2.0,0.0,0.0,1,8,28,7,3,189,0,0.7818314824680298,0.6234898018587336,-0.4999999999999997,-0.8660254037844388,0.0,1,2.0,1,3.0,1,3.0,1,0.42857142857142855,0.7867957924694461,0.0,2.0,0.5,0.8214285714285714,1.441541649777186,0.0,6.0,0.5217391304347826,0,195.32,0.0,0.0,False,False,False,False,False,True,False,False,False,False,False,False,False,False,False,False,False,False,False,False,False,False,False,False,False,True,False,False,False,False,False,False,False,True,False,False
USA,Smartwatch,2025-07-09,Electronics,3.0,648.49,0.08,20.0,2.0,1.0,0.0,2,9,28,7,3,190,0,0.9749279121818236,-0.22252093395631434,-0.4999999999999997,-0.8660254037844388,0.0,1,1.0,1,0.0,1,3.0,1,0.14285714285714285,0.37796447300923347,0.0,1.0,0.2857142857142857,0.7142857142857143,1.3839595063960215,0.0,6.0,0.19999999999999998,1,195.32,453.17,2.3201413065738277,False,False,False,False,False,True,False,False,False,False,False,False,False,False,False,False,False,False,False,False,False,False,False,False,False,True,False,False,False,False,False,False,False,True,False,False
USA,Smartwatch,2025-07-10,Electronics,3.0,1222.93,0.01,20.0,2.0,1.0,0.0,3,10,28,7,3,191,0,0.43388373911755823,-0.900968867902419,-0.4999999999999997,-0.8660254037844388,3.0,1,0.0,1,0.0,1,0.0,1,0.42857142857142855,1.1338934190276837,0.0,3.0,0.5,0.7142857142857143,1.3839595063960215,0.0,6.0,0.6,1,648.49,574.44,0.8858116547672286,False,False,False,False,False,True,False,False,False,False,False,False,False,False,False,False,False,False,False,False,False,False,False,False,False,True,False,False,False,False,False,False,False,True,False,False
USA,Smartwatch,2025-07-11,Electronics,0.0,1222.93,,20.0,2.0,0.0,0.0,4,11,28,7,3,192,0,-0.433883739117558,-0.9009688679024191,-0.4999999999999997,-0.8660254037844388,3.0,1,0.0,1,0.0,1,6.0,1,0.8571428571428571,1.4638501094228014,0.0,3.0,0.7142857142857143,0.8214285714285714,1.441541649777186,0.0,6.0,1.0434782608695652,0,1222.93,0.0,0.0,False,False,False,False,False,True,False,False,False,False,False,False,False,False,False,False,False,False,False,False,False,False,False,False,False,True,False,False,False,False,False,False,False,True,False,False
USA,Smartwatch,2025-07-12,Electronics,0.0,1222.93,,20.0,2.0,0.0,0.0,5,12,28,7,3,193,1,-0.9749279121818236,-0.2225209339563146,-0.4999999999999997,-0.8660254037844388,0.0,1,0.0,1,0.0,1,1.0,1,0.8571428571428571,1.4638501094228014,0.0,3.0,0.7142857142857143,0.6071428571428571,1.0306159867619542,0.0,3.0,1.411764705882353,0,1222.93,0.0,0.0,False,False,False,False,False,True,False,False,False,False,False,False,False,False,False,False,False,False,False,False,False,False,False,False,False,True,False,False,False,False,False,False,False,True,False,False
USA,Smartwatch,2025-07-13,Electronics,1.0,102.65,0.03,20.0,2.0,1.0,0.0,6,13,28,7,3,194,1,-0.7818314824680299,0.6234898018587334,-0.4999999999999997,-0.8660254037844388,0.0,1,0.0,1,0.0,1,0.0,1,0.8571428571428571,1.4638501094228014,0.0,3.0,0.7142857142857143,0.5714285714285714,1.033819650027544,0.0,3.0,1.5,1,1222.93,-1120.28,-0.9160622439550914,False,False,False,False,False,True,False,False,False,False,False,False,False,False,False,False,False,False,False,False,False,False,False,False,False,True,False,False,False,False,False,False,False,True,False,False
USA,Smartwatch,2025-07-14,Electronics,0.0,102.65,,20.0,2.0,0.0,0.0,0,14,29,7,3,195,0,0.0,1.0,-0.4999999999999997,-0.8660254037844388,1.0,1,0.0,1,1.0,1,0.0,1,1.0,1.4142135623730965,0.0,3.0,0.7857142857142857,0.6071428571428571,1.0306159867619542,0.0,3.0,1.647058823529412,0,102.65,0.0,0.0,False,False,False,False,False,True,False,False,False,False,False,False,False,False,False,False,False,False,False,False,False,False,False,False,False,True,False,False,False,False,False,False,False,True,False,False
USA,Smartwatch,2025-07-15,Electronics,2.0,585.47,0.09,20.0,2.0,1.0,0.0,1,15,29,7,3,196,0,0.7818314824680298,0.6234898018587336,-0.4999999999999997,-0.8660254037844388,0.0,1,0.0,1,2.0,1,0.0,1,1.0,1.4142135623730965,0.0,3.0,0.7142857142857143,0.6071428571428571,1.0306159867619542,0.0,3.0,1.647058823529412,1,102.65,482.82000000000005,4.703555772040916,False,False,False,False,False,True,False,False,False,False,False,False,False,False,False,False,False,False,False,False,False,False,False,False,False,True,False,False,False,False,False,False,False,True,False,False
USA,Smartwatch,2025-07-16,Electronics,0.0,585.47,,20.0,2.0,0.0,0.0,2,16,29,7,3,197,0,0.9749279121818236,-0.22252093395631434,-0.4999999999999997,-0.8660254037844388,2.0,1,3.0,1,1.0,1,0.0,1,1.2857142857142858,1.3801311186847098,0.0,3.0,0.7142857142857143,0.6785714285714286,1.0559731838827013,0.0,3.0,1.8947368421052633,0,585.47,0.0,0.0,False,False,False,False,False,True,False,False,False,False,False,False,False,False,False,False,False,False,False,False,False,False,False,False,False,True,False,False,False,False,False,False,False,True,False,False
USA,Smartwatch,2025-07-17,Electronics,0.0,585.47,,20.0,2.0,0.0,0.0,3,17,29,7,3,198,0,0.43388373911755823,-0.900968867902419,-0.4999999999999997,-0.8660254037844388,0.0,1,3.0,1,0.0,1,2.0,1,0.8571428571428571,1.2149857925879135,0.0,3.0,0.6428571428571429,0.6785714285714286,1.0559731838827013,0.0,3.0,1.263157894736842,0,585.47,0.0,0.0,False,False,False,False,False,True,False,False,False,False,False,False,False,False,False,False,False,False,False,False,False,False,False,False,False,True,False,False,False,False,False,False,False,True,False,False
USA,Smartwatch,2025-07-18,Electronics,0.0,585.47,,20.0,2.0,0.0,0.0,4,18,29,7,3,199,0,-0.433883739117558,-0.9009688679024191,-0.4999999999999997,-0.8660254037844388,0.0,1,0.0,1,0.0,1,0.0,1,0.42857142857142855,0.7867957924694462,0.0,2.0,0.6428571428571429,0.6071428571428571,1.0306159867619542,0.0,3.0,0.7058823529411765,0,585.47,0.0,0.0,False,False,False,False,False,True,False,False,False,False,False,False,False,False,False,False,False,False,False,False,False,False,False,False,False,True,False,False,False,False,False,False,False,True,False,False
USA,Smartwatch,2025-07-19,Electronics,1.0,1255.57,0.03,20.0,2.0,1.0,0.0,5,19,29,7,3,200,1,-0.9749279121818236,-0.2225209339563146,-0.4999999999999997,-0.8660254037844388,0.0,1,0.0,1,0.0,1,1.0,1,0.42857142857142855,0.7867957924694462,0.0,2.0,0.6428571428571429,0.6071428571428571,1.0306159867619542,0.0,3.0,0.7058823529411765,1,585.47,670.0999999999999,1.1445505320511724,False,False,False,False,False,True,False,False,False,False,False,False,False,False,False,False,False,False,False,False,False,False,False,False,False,True,False,False,False,False,False,False,False,True,False,False
USA,Smartwatch,2025-07-20,Electronics,1.0,916.74,0.06,20.0,2.0,1.0,0.0,6,20,29,7,3,201,1,-0.7818314824680299,0.6234898018587334,-0.4999999999999997,-0.8660254037844388,1.0,1,1.0,1,0.0,1,0.0,1,0.5714285714285714,0.7867957924694461,0.0,2.0,0.7142857142857143,0.6071428571428571,1.0306159867619542,0.0,3.0,0.9411764705882353,1,1255.57,-338.8299999999999,-0.2698614971686166,False,False,False,False,False,True,False,False,False,False,False,False,False,False,False,False,False,False,False,False,False,False,False,False,False,True,False,False,False,False,False,False,False,True,False,False
USA,Smartwatch,2025-07-21,Electronics,0.0,916.74,,20.0,2.0,0.0,0.0,0,21,30,7,3,202,0,0.0,1.0,-0.4999999999999997,-0.8660254037844388,1.0,1,0.0,1,0.0,1,0.0,1,0.5714285714285714,0.7867957924694461,0.0,2.0,0.7857142857142857,0.6428571428571429,1.0261140545329537,0.0,3.0,0.8888888888888887,0,916.74,0.0,0.0,False,False,False,False,False,True,False,False,False,False,False,False,False,False,False,False,False,False,False,False,False,False,False,False,False,True,False,False,False,False,False,False,False,True,False,False
USA,Smartwatch,2025-07-22,Electronics,0.0,916.74,,20.0,2.0,0.0,0.0,1,22,30,7,3,203,0,0.7818314824680298,0.6234898018587336,-0.4999999999999997,-0.8660254037844388,0.0,1,2.0,1,0.0,1,3.0,1,0.5714285714285714,0.7867957924694461,0.0,2.0,0.7857142857142857,0.6428571428571429,1.0261140545329537,0.0,3.0,0.8888888888888887,0,916.74,0.0,0.0,False,False,False,False,False,True,False,False,False,False,False,False,False,False,False,False,False,False,False,False,False,False,False,False,False,True,False,False,False,False,False,False,False,True,False,False
USA,Smartwatch,2025-07-23,Electronics,0.0,916.74,,20.0,2.0,0.0,0.0,2,23,30,7,3,204,0,0.9749279121818236,-0.22252093395631434,-0.4999999999999997,-0.8660254037844388,0.0,1,0.0,1,3.0,1,0.0,1,0.2857142857142857,0.48795003647427165,0.0,1.0,0.7857142857142857,0.5357142857142857,0.9222413461394503,0.0,3.0,0.5333333333333333,0,916.74,0.0,0.0,False,False,False,False,False,True,False,False,False,False,False,False,False,False,False,False,False,False,False,False,False,False,False,False,False,True,False,False,False,False,False,False,False,True,False,False
USA,Smartwatch,2025-07-24,Electronics,0.0,916.74,,20.0,2.0,0.0,0.0,3,24,30,7,3,205,0,0.43388373911755823,-0.900968867902419,-0.4999999999999997,-0.8660254037844388,0.0,1,0.0,1,3.0,1,0.0,1,0.2857142857142857,0.48795003647427165,0.0,1.0,0.5714285714285714,0.5357142857142857,0.9222413461394503,0.0,3.0,0.5333333333333333,0,916.74,0.0,0.0,False,False,False,False,False,True,False,False,False,False,False,False,False,False,False,False,False,False,False,False,False,False,False,False,False,True,False,False,False,False,False,False,False,True,False,False
USA,Smartwatch,2025-07-25,Electronics,1.0,1281.83,0.08,20.0,2.0,1.0,0.0,4,25,30,7,3,206,0,-0.433883739117558,-0.9009688679024191,-0.4999999999999997,-0.8660254037844388,0.0,1,0.0,1,0.0,1,0.0,1,0.2857142857142857,0.48795003647427165,0.0,1.0,0.35714285714285715,0.5357142857142857,0.9222413461394503,0.0,3.0,0.5333333333333333,1,916.74,365.0899999999999,0.398248140148788,False,False,False,False,False,True,False,False,False,False,False,False,False,False,False,False,False,False,False,False,False,False,False,False,False,True,False,False,False,False,False,False,False,True,False,False
USA,Smartwatch,2025-07-26,Electronics,0.0,1281.83,,20.0,2.0,0.0,0.0,5,26,30,7,3,207,1,-0.9749279121818236,-0.2225209339563146,-0.4999999999999997,-0.8660254037844388,1.0,1,1.0,1,0.0,1,0.0,1,0.42857142857142855,0.5345224838248532,0.0,1.0,0.42857142857142855,0.5714285714285714,0.9200874124564749,0.0,3.0,0.75,0,1281.83,0.0,0.0,False,False,False,False,False,True,False,False,False,False,False,False,False,False,False,False,False,False,False,False,False,False,False,False,False,True,False,False,False,False,False,False,False,True,False,False
USA,Smartwatch,2025-07-27,Electronics,0.0,1281.83,,20.0,2.0,0.0,0.0,6,27,30,7,3,208,1,-0.7818314824680299,0.6234898018587334,-0.4999999999999997,-0.8660254037844388,0.0,1,1.0,1,1.0,1,0.0,1,0.2857142857142857,0.48795003647427165,0.0,1.0,0.42857142857142855,0.5714285714285714,0.9200874124564749,0.0,3.0,0.5,0,1281.83,0.0,0.0,False,False,False,False,False,True,False,False,False,False,False,False,False,False,False,False,False,False,False,False,False,False,False,False,False,True,False,False,False,False,False,False,False,True,False,False
USA,Smartwatch,2025-07-28,Electronics,0.0,1281.83,,20.0,2.0,0.0,0.0,0,28,31,7,3,209,0,0.0,1.0,-0.4999999999999997,-0.8660254037844388,0.0,1,0.0,1,0.0,1,1.0,1,0.14285714285714285,0.377964473009234,0.0,1.0,0.35714285714285715,0.5714285714285714,0.9200874124564749,0.0,3.0,0.25,0,1281.83,0.0,0.0,False,False,False,False,False,True,False,False,False,False,False,False,False,False,False,False,False,False,False,False,False,False,False,False,False,True,False,False,False,False,False,False,False,True,False,False
USA,Smartwatch,2025-07-29,Electronics,0.0,1281.83,,20.0,2.0,0.0,0.0,1,29,31,7,3,210,0,0.7818314824680298,0.6234898018587336,-0.4999999999999997,-0.8660254037844388,0.0,1,0.0,1,2.0,1,2.0,1,0.14285714285714285,0.377964473009234,0.0,1.0,0.35714285714285715,0.5357142857142857,0.9222413461394503,0.0,3.0,0.26666666666666666,0,1281.83,0.0,0.0,False,False,False,False,False,True,False,False,False,False,False,False,False,False,False,False,False,False,False,False,False,False,False,False,False,True,False,False,False,False,False,False,False,True,False,False
USA,Smartwatch,2025-07-30,Electronics,0.0,1281.83,,20.0,2.0,0.0,0.0,2,30,31,7,3,211,0,0.9749279121818236,-0.22252093395631434,-0.4999999999999997,-0.8660254037844388,0.0,1,0.0,1,0.0,1,1.0,1,0.14285714285714285,0.377964473009234,0.0,1.0,0.21428571428571427,0.4642857142857143,0.8811668550592627,0.0,3.0,0.30769230769230765,0,1281.83,0.0,0.0,False,False,False,False,False,True,False,False,False,False,False,False,False,False,False,False,False,False,False,False,False,False,False,False,False,True,False,False,False,False,False,False,False,True,False,False
USA,Smartwatch,2025-07-31,Electronics,0.0,1281.83,,20.0,2.0,0.0,0.0,3,31,31,7,3,212,0,0.43388373911755823,-0.900968867902419,-0.4999999999999997,-0.8660254037844388,0.0,1,0.0,1,0.0,1,0.0,1,0.14285714285714285,0.377964473009234,0.0,1.0,0.21428571428571427,0.42857142857142855,0.8789122666607732,0.0,3.0,0.3333333333333333,0,1281.83,0.0,0.0,False,False,False,False,False,True,False,False,False,False,False,False,False,False,False,False,False,False,False,False,False,False,False,False,False,True,False,False,False,False,False,False,False,True,False,False
USA,Smartwatch,2025-08-01,Electronics,0.0,1281.83,,20.0,2.0,0.0,0.0,4,1,31,8,3,213,0,-0.433883739117558,-0.9009688679024191,-0.8660254037844385,-0.5000000000000004,0.0,1,1.0,1,0.0,1,0.0,1,0.14285714285714285,0.377964473009234,0.0,1.0,0.21428571428571427,0.42857142857142855,0.8789122666607732,0.0,3.0,0.3333333333333333,0,1281.83,0.0,0.0,False,False,False,False,False,True,False,False,False,False,False,False,False,False,False,False,False,False,False,False,False,False,False,False,False,True,False,False,False,False,False,False,False,True,False,False
USA,Smartwatch,2025-08-02,Electronics,0.0,1281.83,,20.0,2.0,0.0,0.0,5,2,31,8,3,214,1,-0.9749279121818236,-0.2225209339563146,-0.8660254037844385,-0.5000000000000004,0.0,1,0.0,1,1.0,1,0.0,1,0.0,0.0,0.0,0.0,0.21428571428571427,0.42857142857142855,0.8789122666607732,0.0,3.0,0.0,0,1281.83,0.0,0.0,False,False,False,False,False,True,False,False,False,False,False,False,False,False,False,False,False,False,False,False,False,False,False,False,False,True,False,False,False,False,False,False,False,True,False,False
USA,Smartwatch,2025-08-03,Electronics,3.0,142.41,0.08,20.0,2.0,1.0,0.0,6,3,31,8,3,215,1,-0.7818314824680299,0.6234898018587334,-0.8660254037844385,-0.5000000000000004,0.0,1,0.0,1,1.0,1,0.0,1,0.0,0.0,0.0,0.0,0.14285714285714285,0.42857142857142855,0.8789122666607732,0.0,3.0,0.0,1,1281.83,-1139.4199999999998,-0.888901024316797,False,False,False,False,False,True,False,False,False,False,False,False,False,False,False,False,False,False,False,False,False,False,False,False,False,True,False,False,False,False,False,False,False,True,False,False
USA,Smartwatch,2025-08-04,Electronics,2.0,811.53,0.11,20.0,2.0,1.0,0.0,0,4,32,8,3,216,0,0.0,1.0,-0.8660254037844385,-0.5000000000000004,3.0,1,0.0,1,0.0,1,0.0,1,0.42857142857142855,1.133893419027684,0.0,3.0,0.2857142857142857,0.5357142857142857,0.9993384054849757,0.0,3.0,0.7999999999999999,1,142.41,669.12,4.69854645038972,False,False,False,False,False,True,False,False,False,False,False,False,False,False,False,False,False,False,False,False,False,False,False,False,False,True,False,False,False,False,False,False,False,True,False,False
USA,Smartwatch,2025-08-05,Electronics,0.0,811.53,,20.0,2.0,0.0,0.0,1,5,32,8,3,217,0,0.7818314824680298,0.6234898018587336,-0.8660254037844385,-0.5000000000000004,2.0,1,0.0,1,0.0,1,0.0,1,0.7142857142857143,1.2535663410560194,0.0,3.0,0.42857142857142855,0.6071428571428571,1.0306159867619542,0.0,3.0,1.1764705882352942,0,811.53,0.0,0.0,False,False,False,False,False,True,False,False,False,False,False,False,False,False,False,False,False,False,False,False,False,False,False,False,False,True,False,False,False,False,False,False,False,True,False,False
USA,Smartwatch,2025-08-06,Electronics,0.0,811.53,,20.0,2.0,0.0,0.0,2,6,32,8,3,218,0,0.9749279121818236,-0.22252093395631434,-0.8660254037844385,-0.5000000000000004,0.0,1,0.0,1,0.0,1,3.0,1,0.7142857142857143,1.2535663410560194,0.0,3.0,0.42857142857142855,0.6071428571428571,1.0306159867619542,0.0,3.0,1.1764705882352942,0,811.53,0.0,0.0,False,False,False,False,False,True,False,False,False,False,False,False,False,False,False,False,False,False,False,False,False,False,False,False,False,True,False,False,False,False,False,False,False,True,False,False
USA,Smartwatch,2025-08-07,Electronics,0.0,811.53,,20.0,2.0,0.0,0.0,3,7,32,8,3,219,0,0.43388373911755823,-0.900968867902419,-0.8660254037844385,-0.5000000000000004,0.0,1,0.0,1,0.0,1,3.0,1,0.7142857142857143,1.2535663410560194,0.0,3.0,0.42857142857142855,0.5,0.9229582069909,0.0,3.0,1.4285714285714286,0,811.53,0.0,0.0,False,False,False,False,False,True,False,False,False,False,False,False,False,False,False,False,False,False,False,False,False,False,False,False,False,True,False,False,False,False,False,False,False,True,False,False
USA,Smartwatch,2025-08-08,Electronics,3.0,938.71,0.0,20.0,2.0,0.0,0.0,4,8,32,8,3,220,0,-0.433883739117558,-0.9009688679024191,-0.8660254037844385,-0.5000000000000004,0.0,1,0.0,1,1.0,1,0.0,1,0.7142857142857143,1.2535663410560194,0.0,3.0,0.42857142857142855,0.39285714285714285,0.7859547491585464,0.0,3.0,1.8181818181818183,0,811.53,127.18000000000006,0.1567163259522138,False,False,False,False,False,True,False,False,False,False,False,False,False,False,False,False,False,False,False,False,False,False,False,False,False,True,False,False,False,False,False,False,False,True,False,False
USA,Smartwatch,2025-08-09,Electronics,0.0,938.71,,20.0,2.0,0.0,0.0,5,9,32,8,3,221,1,-0.9749279121818236,-0.2225209339563146,-0.8660254037844385,-0.5000000000000004,3.0,1,0.0,1,0.0,1,0.0,1,1.1428571428571428,1.4638501094228014,0.0,3.0,0.5714285714285714,0.5,0.9229582069909,0.0,3.0,2.2857142857142856,0,938.71,0.0,0.0,False,False,False,False,False,True,False,False,False,False,False,False,False,False,False,False,False,False,False,False,False,False,False,False,False,True,False,False,False,False,False,False,False,True,False,False
USA,Smartwatch,2025-08-10,Electronics,0.0,938.71,,20.0,2.0,0.0,0.0,6,10,32,8,3,222,1,-0.7818314824680299,0.6234898018587334,-0.8660254037844385,-0.5000000000000004,0.0,1,3.0,1,0.0,1,1.0,1,1.1428571428571428,1.4638501094228014,0.0,3.0,0.5714285714285714,0.5,0.9229582069909,0.0,3.0,2.2857142857142856,0,938.71,0.0,0.0,False,False,False,False,False,True,False,False,False,False,False,False,False,False,False,False,False,False,False,False,False,False,False,False,False,True,False,False,False,False,False,False,False,True,False,False
USA,Smartwatch,2025-08-11,Electronics,0.0,938.71,,20.0,2.0,0.0,0.0,0,11,33,8,3,223,0,0.0,1.0,-0.8660254037844385,-0.5000000000000004,0.0,1,2.0,1,0.0,1,0.0,1,0.7142857142857143,1.2535663410560192,0.0,3.0,0.5714285714285714,0.4642857142857143,0.9222413461394506,0.0,3.0,1.5384615384615385,0,938.71,0.0,0.0,False,False,False,False,False,True,False,False,False,False,False,False,False,False,False,False,False,False,False,False,False,False,False,False,False,True,False,False,False,False,False,False,False,True,False,False
USA,Smartwatch,2025-08-12,Electronics,0.0,938.71,,20.0,2.0,0.0,0.0,1,12,33,8,3,224,0,0.7818314824680298,0.6234898018587336,-0.8660254037844385,-0.5000000000000004,0.0,1,0.0,1,0.0,1,2.0,1,0.42857142857142855,1.1338934190276837,0.0,3.0,0.5714285714285714,0.4642857142857143,0.9222413461394506,0.0,3.0,0.923076923076923,0,938.71,0.0,0.0,False,False,False,False,False,True,False,False,False,False,False,False,False,False,False,False,False,False,False,False,False,False,False,False,False,True,False,False,False,False,False,False,False,True,False,False
USA,Smartwatch,2025-08-13,Electronics,0.0,938.71,,20.0,2.0,0.0,0.0,2,13,33,8,3,225,0,0.9749279121818236,-0.22252093395631434,-0.8660254037844385,-0.5000000000000004,0.0,1,0.0,1,0.0,1,0.0,1,0.42857142857142855,1.1338934190276837,0.0,3.0,0.5714285714285714,0.39285714285714285,0.8751417118804369,0.0,3.0,1.0909090909090908,0,938.71,0.0,0.0,False,False,False,False,False,True,False,False,False,False,False,False,False,False,False,False,False,False,False,False,False,False,False,False,False,True,False,False,False,False,False,False,False,True,False,False
USA,Smartwatch,2025-08-14,Electronics,2.0,1199.88,0.01,20.0,2.0,1.0,0.0,3,14,33,8,3,226,0,0.43388373911755823,-0.900968867902419,-0.8660254037844385,-0.5000000000000004,0.0,1,0.0,1,0.0,1,0.0,1,0.42857142857142855,1.1338934190276837,0.0,3.0,0.5714285714285714,0.39285714285714285,0.8751417118804369,0.0,3.0,1.0909090909090908,1,938.71,261.1700000000001,0.27822224116074196,False,False,False,False,False,True,False,False,False,False,False,False,False,False,False,False,False,False,False,False,False,False,False,False,False,True,False,False,False,False,False,False,False,True,False,False
USA,Smartwatch,2025-08-15,Electronics,0.0,1199.88,,20.0,2.0,0.0,0.0,4,15,33,8,3,227,0,-0.433883739117558,-0.9009688679024191,-0.8660254037844385,-0.5000000000000004,2.0,1,3.0,1,0.0,1,0.0,1,0.7142857142857143,1.2535663410560192,0.0,3.0,0.7142857142857143,0.4642857142857143,0.9222413461394506,0.0,3.0,1.5384615384615385,0,1199.88,0.0,0.0,False,False,False,False,False,True,False,False,False,False,False,False,False,False,False,False,False,False,False,False,False,False,False,False,False,True,False,False,False,False,False,False,False,True,False,False
USA,Smartwatch,2025-08-16,Electronics,2.0,1411.69,0.11,20.0,2.0,1.0,0.0,5,16,33,8,3,228,1,-0.9749279121818236,-0.2225209339563146,-0.8660254037844385,-0.5000000000000004,0.0,1,0.0,1,0.0,1,1.0,1,0.2857142857142857,0.7559289460184576,0.0,2.0,0.7142857142857143,0.4642857142857143,0.9222413461394506,0.0,3.0,0.6153846153846153,1,1199.88,211.80999999999995,0.17652598593192648,False,False,False,False,False,True,False,False,False,False,False,False,False,False,False,False,False,False,False,False,False,False,False,False,False,True,False,False,False,False,False,False,False,True,False,False
USA,Smartwatch,2025-08-17,Electronics,0.0,1411.69,,20.0,2.0,0.0,0.0,6,17,33,8,3,229,1,-0.7818314824680299,0.6234898018587334,-0.8660254037844385,-0.5000000000000004,2.0,1,0.0,1,3.0,1,1.0,1,0.5714285714285714,0.9759000729485355,0.0,2.0,0.8571428571428571,0.5,0.962250448649379,0.0,3.0,1.1428571428571428,0,1411.69,0.0,0.0,False,False,False,False,False,True,False,False,False,False,False,False,False,False,False,False,False,False,False,False,False,False,False,False,False,True,False,False,False,False,False,False,False,True,False,False
USA,Smartwatch,2025-08-18,Electronics,2.0,383.32,0.11,20.0,2.0,1.0,0.0,0,18,34,8,3,230,0,0.0,1.0,-0.8660254037844385,-0.5000000000000004,0.0,1,0.0,1,2.0,1,0.0,1,0.5714285714285714,0.9759000729485355,0.0,2.0,0.6428571428571429,0.4642857142857143,0.9615628812527968,0.0,3.0,1.2307692307692306,1,1411.69,-1028.3700000000001,-0.7284672980611892,False,False,False,False,False,True,False,False,False,False,False,False,False,False,False,False,False,False,False,False,False,False,False,False,False,True,False,False,False,False,False,False,False,True,False,False
USA,Smartwatch,2025-08-19,Electronics,0.0,383.32,,20.0,2.0,0.0,0.0,1,19,34,8,3,231,0,0.7818314824680298,0.6234898018587336,-0.8660254037844385,-0.5000000000000004,2.0,1,0.0,1,0.0,1,0.0,1,0.8571428571428571,1.0690449676496996,0.0,2.0,0.6428571428571429,0.5357142857142857,0.9993384054849757,0.0,3.0,1.5999999999999999,0,383.32,0.0,0.0,False,False,False,False,False,True,False,False,False,False,False,False,False,False,False,False,False,False,False,False,False,False,False,False,False,True,False,False,False,False,False,False,False,True,False,False
USA,Smartwatch,2025-08-20,Electronics,0.0,383.32,,20.0,2.0,0.0,0.0,2,20,34,8,3,232,0,0.9749279121818236,-0.22252093395631434,-0.8660254037844385,-0.5000000000000004,0.0,1,0.0,1,0.0,1,0.0,1,0.8571428571428571,1.0690449676496996,0.0,2.0,0.6428571428571429,0.5357142857142857,0.9993384054849757,0.0,3.0,1.5999999999999999,0,383.32,0.0,0.0,False,False,False,False,False,True,False,False,False,False,False,False,False,False,False,False,False,False,False,False,False,False,False,False,False,True,False,False,False,False,False,False,False,True,False,False
USA,Smartwatch,2025-08-21,Electronics,0.0,383.32,,20.0,2.0,0.0,0.0,3,21,34,8,3,233,0,0.43388373911755823,-0.900968867902419,-0.8660254037844385,-0.5000000000000004,0.0,1,2.0,1,0.0,1,0.0,1,0.8571428571428571,1.0690449676496996,0.0,2.0,0.6428571428571429,0.5357142857142857,0.9993384054849757,0.0,3.0,1.5999999999999999,0,383.32,0.0,0.0,False,False,False,False,False,True,False,False,False,False,False,False,False,False,False,False,False,False,False,False,False,False,False,False,False,True,False,False,False,False,False,False,False,True,False,False
USA,Smartwatch,2025-08-22,Electronics,0.0,383.32,,20.0,2.0,0.0,0.0,4,22,34,8,3,234,0,-0.433883739117558,-0.9009688679024191,-0.8660254037844385,-0.5000000000000004,0.0,1,0.0,1,3.0,1,1.0,1,0.5714285714285714,0.9759000729485355,0.0,2.0,0.6428571428571429,0.5357142857142857,0.9993384054849757,0.0,3.0,1.0666666666666667,0,383.32,0.0,0.0,False,False,False,False,False,True,False,False,False,False,False,False,False,False,False,False,False,False,False,False,False,False,False,False,False,True,False,False,False,False,False,False,False,True,False,False
USA,Smartwatch,2025-08-23,Electronics,0.0,383.32,,20.0,2.0,0.0,0.0,5,23,34,8,3,235,1,-0.9749279121818236,-0.2225209339563146,-0.8660254037844385,-0.5000000000000004,0.0,1,2.0,1,0.0,1,0.0,1,0.5714285714285714,0.9759000729485355,0.0,2.0,0.42857142857142855,0.5,1.0000000000000027,0.0,3.0,1.1428571428571428,0,383.32,0.0,0.0,False,False,False,False,False,True,False,False,False,False,False,False,False,False,False,False,False,False,False,False,False,False,False,False,False,True,False,False,False,False,False,False,False,True,False,False
USA,Smartwatch,2025-08-24,Electronics,0.0,383.32,,20.0,2.0,0.0,0.0,6,24,34,8,3,236,1,-0.7818314824680299,0.6234898018587334,-0.8660254037844385,-0.5000000000000004,0.0,1,0.0,1,0.0,1,0.0,1,0.2857142857142857,0.7559289460184576,0.0,2.0,0.42857142857142855,0.5,1.0000000000000027,0.0,3.0,0.5714285714285714,0,383.32,0.0,0.0,False,False,False,False,False,True,False,False,False,False,False,False,False,False,False,False,False,False,False,False,False,False,False,False,False,True,False,False,False,False,False,False,False,True,False,False
USA,Smartwatch,2025-08-25,Electronics,0.0,383.32,,20.0,2.0,0.0,0.0,0,25,35,8,3,237,0,0.0,1.0,-0.8660254037844385,-0.5000000000000004,0.0,1,2.0,1,0.0,1,0.0,1,0.2857142857142857,0.7559289460184576,0.0,2.0,0.42857142857142855,0.5,1.0000000000000027,0.0,3.0,0.5714285714285714,0,383.32,0.0,0.0,False,False,False,False,False,True,False,False,False,False,False,False,False,False,False,False,False,False,False,False,False,False,False,False,False,True,False,False,False,False,False,False,False,True,False,False
USA,Smartwatch,2025-08-26,Electronics,0.0,383.32,,20.0,2.0,0.0,0.0,1,26,35,8,3,238,0,0.7818314824680298,0.6234898018587336,-0.8660254037844385,-0.5000000000000004,0.0,1,0.0,1,0.0,1,0.0,1,0.0,0.0,0.0,0.0,0.42857142857142855,0.5,1.0000000000000027,0.0,3.0,0.0,0,383.32,0.0,0.0,False,False,False,False,False,True,False,False,False,False,False,False,False,False,False,False,False,False,False,False,False,False,False,False,False,True,False,False,False,False,False,False,False,True,False,False
USA,Smartwatch,2025-08-27,Electronics,0.0,383.32,,20.0,2.0,0.0,0.0,2,27,35,8,3,239,0,0.9749279121818236,-0.22252093395631434,-0.8660254037844385,-0.5000000000000004,0.0,1,0.0,1,0.0,1,0.0,1,0.0,0.0,0.0,0.0,0.42857142857142855,0.5,1.0000000000000027,0.0,3.0,0.0,0,383.32,0.0,0.0,False,False,False,False,False,True,False,False,False,False,False,False,False,False,False,False,False,False,False,False,False,False,False,False,False,True,False,False,False,False,False,False,False,True,False,False
USA,Smartwatch,2025-08-28,Electronics,2.0,395.87,0.15,20.0,2.0,1.0,0.0,3,28,35,8,3,240,0,0.43388373911755823,-0.900968867902419,-0.8660254037844385,-0.5000000000000004,0.0,1,0.0,1,2.0,1,0.0,1,0.0,0.0,0.0,0.0,0.42857142857142855,0.5,1.0000000000000027,0.0,3.0,0.0,1,383.32,12.550000000000011,0.03274026922675574,False,False,False,False,False,True,False,False,False,False,False,False,False,False,False,False,False,False,False,False,False,False,False,False,False,True,False,False,False,False,False,False,False,True,False,False
USA,Smartwatch,2025-08-29,Electronics,0.0,395.87,,20.0,2.0,0.0,0.0,4,29,35,8,3,241,0,-0.433883739117558,-0.9009688679024191,-0.8660254037844385,-0.5000000000000004,2.0,1,0.0,1,0.0,1,0.0,1,0.2857142857142857,0.7559289460184576,0.0,2.0,0.42857142857142855,0.5714285714285714,1.033819650027544,0.0,3.0,0.5,0,395.87,0.0,0.0,False,False,False,False,False,True,False,False,False,False,False,False,False,False,False,False,False,False,False,False,False,False,False,False,False,True,False,False,False,False,False,False,False,True,False,False
USA,Smartwatch,2025-08-30,Electronics,0.0,395.87,,20.0,2.0,0.0,0.0,5,30,35,8,3,242,1,-0.9749279121818236,-0.2225209339563146,-0.8660254037844385,-0.5000000000000004,0.0,1,0.0,1,2.0,1,0.0,1,0.2857142857142857,0.7559289460184576,0.0,2.0,0.42857142857142855,0.5714285714285714,1.033819650027544,0.0,3.0,0.5,0,395.87,0.0,0.0,False,False,False,False,False,True,False,False,False,False,False,False,False,False,False,False,False,False,False,False,False,False,False,False,False,True,False,False,False,False,False,False,False,True,False,False
USA,Smartwatch,2025-08-31,Electronics,0.0,395.87,,20.0,2.0,0.0,0.0,6,31,35,8,3,243,1,-0.7818314824680299,0.6234898018587334,-0.8660254037844385,-0.5000000000000004,0.0,1,0.0,1,0.0,1,3.0,1,0.2857142857142857,0.7559289460184576,0.0,2.0,0.2857142857142857,0.5714285714285714,1.033819650027544,0.0,3.0,0.5,0,395.87,0.0,0.0,False,False,False,False,False,True,False,False,False,False,False,False,False,False,False,False,False,False,False,False,False,False,False,False,False,True,False,False,False,False,False,False,False,True,False,False
USA,Smartwatch,2025-09-01,Electronics,0.0,395.87,,20.0,2.0,0.0,0.0,0,1,36,9,3,244,0,0.0,1.0,-1.0,-1.8369701987210297e-16,0.0,1,0.0,1,2.0,1,2.0,1,0.2857142857142857,0.7559289460184576,0.0,2.0,0.2857142857142857,0.4642857142857143,0.9222413461394506,0.0,3.0,0.6153846153846153,0,395.87,0.0,0.0,False,False,False,False,False,True,False,False,False,False,False,False,False,False,False,False,False,False,False,False,False,False,False,False,False,True,False,False,False,False,False,False,False,True,False,False
USA,Smartwatch,2025-09-02,Electronics,0.0,395.87,,20.0,2.0,0.0,0.0,1,2,36,9,3,245,0,0.7818314824680298,0.6234898018587336,-1.0,-1.8369701987210297e-16,0.0,1,0.0,1,0.0,1,0.0,1,0.2857142857142857,0.7559289460184576,0.0,2.0,0.14285714285714285,0.39285714285714285,0.8751417118804369,0.0,3.0,0.7272727272727273,0,395.87,0.0,0.0,False,False,False,False,False,True,False,False,False,False,False,False,False,False,False,False,False,False,False,False,False,False,False,False,False,True,False,False,False,False,False,False,False,True,False,False
USA,Smartwatch,2025-09-03,Electronics,0.0,395.87,,20.0,2.0,0.0,0.0,2,3,36,9,3,246,0,0.9749279121818236,-0.22252093395631434,-1.0,-1.8369701987210297e-16,0.0,1,0.0,1,0.0,1,0.0,1,0.2857142857142857,0.7559289460184576,0.0,2.0,0.14285714285714285,0.39285714285714285,0.8751417118804369,0.0,3.0,0.7272727272727273,0,395.87,0.0,0.0,False,False,False,False,False,True,False,False,False,False,False,False,False,False,False,False,False,False,False,False,False,False,False,False,False,True,False,False,False,False,False,False,False,True,False,False
USA,Smartwatch,2025-09-04,Electronics,5.0,784.175,0.08,20.0,2.0,1.0,0.0,3,4,36,9,3,247,0,0.43388373911755823,-0.900968867902419,-1.0,-1.8369701987210297e-16,0.0,1,2.0,1,0.0,1,0.0,1,0.2857142857142857,0.7559289460184576,0.0,2.0,0.14285714285714285,0.39285714285714285,0.8751417118804369,0.0,3.0,0.7272727272727273,1,395.87,388.30499999999995,0.9808901912243917,False,False,False,False,False,True,False,False,False,False,False,False,False,False,False,False,False,False,False,False,False,False,False,False,False,True,False,False,False,False,False,False,False,True,False,False
USA,Smartwatch,2025-09-05,Electronics,0.0,784.175,,20.0,2.0,0.0,0.0,4,5,36,9,3,248,0,-0.433883739117558,-0.9009688679024191,-1.0,-1.8369701987210297e-16,5.0,1,0.0,1,0.0,1,3.0,1,0.7142857142857143,1.8898223650461374,0.0,5.0,0.5,0.5714285714285714,1.2301331282538155,0.0,5.0,1.25,0,784.175,0.0,0.0,False,False,False,False,False,True,False,False,False,False,False,False,False,False,False,False,False,False,False,False,False,False,False,False,False,True,False,False,False,False,False,False,False,True,False,False
USA,Smartwatch,2025-09-06,Electronics,3.0,427.91,0.11,20.0,2.0,1.0,0.0,5,6,36,9,3,249,1,-0.9749279121818236,-0.2225209339563146,-1.0,-1.8369701987210297e-16,0.0,1,0.0,1,0.0,1,0.0,1,0.7142857142857143,1.8898223650461374,0.0,5.0,0.5,0.4642857142857143,1.1379690439434416,0.0,5.0,1.5384615384615385,1,784.175,-356.26499999999993,-0.45431823253737996,False,False,False,False,False,True,False,False,False,False,False,False,False,False,False,False,False,False,False,False,False,False,False,False,False,True,False,False,False,False,False,False,False,True,False,False
USA,Smartwatch,2025-09-07,Electronics,0.0,427.91,,20.0,2.0,0.0,0.0,6,7,36,9,3,250,1,-0.7818314824680299,0.6234898018587334,-1.0,-1.8369701987210297e-16,3.0,1,0.0,1,0.0,1,0.0,1,1.1428571428571428,2.0354009783964306,0.0,5.0,0.7142857142857143,0.5714285714285714,1.2301331282538155,0.0,5.0,2.0,0,427.91,0.0,0.0,False,False,False,False,False,True,False,False,False,False,False,False,False,False,False,False,False,False,False,False,False,False,False,False,False,True,False,False,False,False,False,False,False,True,False,False
USA,Smartwatch,2025-09-08,Electronics,0.0,427.91,,20.0,2.0,0.0,0.0,0,8,37,9,3,251,0,0.0,1.0,-1.0,-1.8369701987210297e-16,0.0,1,0.0,1,0.0,1,0.0,1,1.1428571428571428,2.0354009783964306,0.0,5.0,0.7142857142857143,0.5714285714285714,1.2301331282538155,0.0,5.0,2.0,0,427.91,0.0,0.0,False,False,False,False,False,True,False,False,False,False,False,False,False,False,False,False,False,False,False,False,False,False,False,False,False,True,False,False,False,False,False,False,False,True,False,False
USA,Smartwatch,2025-09-09,Electronics,0.0,427.91,,20.0,2.0,0.0,0.0,1,9,37,9,3,252,0,0.7818314824680298,0.6234898018587336,-1.0,-1.8369701987210297e-16,0.0,1,0.0,1,0.0,1,0.0,1,1.1428571428571428,2.0354009783964306,0.0,5.0,0.7142857142857143,0.5714285714285714,1.2301331282538155,0.0,5.0,2.0,0,427.91,0.0,0.0,False,False,False,False,False,True,False,False,False,False,False,False,False,False,False,False,False,False,False,False,False,False,False,False,False,True,False,False,False,False,False,False,False,True,False,False
USA,Smartwatch,2025-09-10,Electronics,0.0,427.91,,20.0,2.0,0.0,0.0,2,10,37,9,3,253,0,0.9749279121818236,-0.22252093395631434,-1.0,-1.8369701987210297e-16,0.0,1,0.0,1,0.0,1,0.0,1,1.1428571428571428,2.0354009783964306,0.0,5.0,0.7142857142857143,0.5714285714285714,1.2301331282538155,0.0,5.0,2.0,0,427.91,0.0,0.0,False,False,False,False,False,True,False,False,False,False,False,False,False,False,False,False,False,False,False,False,False,False,False,False,False,True,False,False,False,False,False,False,False,True,False,False
USA,Smartwatch,2025-09-11,Electronics,0.0,427.91,,20.0,2.0,0.0,0.0,3,11,37,9,3,254,0,0.43388373911755823,-0.900968867902419,-1.0,-1.8369701987210297e-16,0.0,1,5.0,1,2.0,1,2.0,1,1.1428571428571428,2.0354009783964306,0.0,5.0,0.7142857142857143,0.5714285714285714,1.2301331282538155,0.0,5.0,2.0,0,427.91,0.0,0.0,False,False,False,False,False,True,False,False,False,False,False,False,False,False,False,False,False,False,False,False,False,False,False,False,False,True,False,False,False,False,False,False,False,True,False,False
USA,Smartwatch,2025-09-12,Electronics,0.0,427.91,,20.0,2.0,0.0,0.0,4,12,37,9,3,255,0,-0.433883739117558,-0.9009688679024191,-1.0,-1.8369701987210297e-16,0.0,1,0.0,1,0.0,1,0.0,1,0.42857142857142855,1.1338934190276837,0.0,3.0,0.5714285714285714,0.5,1.2018504251546653,0.0,5.0,0.8571428571428571,0,427.91,0.0,0.0,False,False,False,False,False,True,False,False,False,False,False,False,False,False,False,False,False,False,False,False,False,False,False,False,False,True,False,False,False,False,False,False,False,True,False,False
USA,Smartwatch,2025-09-13,Electronics,0.0,427.91,,20.0,2.0,0.0,0.0,5,13,37,9,3,256,1,-0.9749279121818236,-0.2225209339563146,-1.0,-1.8369701987210297e-16,0.0,1,3.0,1,0.0,1,2.0,1,0.42857142857142855,1.1338934190276837,0.0,3.0,0.5714285714285714,0.5,1.2018504251546653,0.0,5.0,0.8571428571428571,0,427.91,0.0,0.0,False,False,False,False,False,True,False,False,False,False,False,False,False,False,False,False,False,False,False,False,False,False,False,False,False,True,False,False,False,False,False,False,False,True,False,False
USA,Smartwatch,2025-09-14,Electronics,0.0,427.91,,20.0,2.0,0.0,0.0,6,14,37,9,3,257,1,-0.7818314824680299,0.6234898018587334,-1.0,-1.8369701987210297e-16,0.0,1,0.0,1,0.0,1,0.0,1,0.0,0.0,0.0,0.0,0.5714285714285714,0.42857142857142855,1.1683661091795543,0.0,5.0,0.0,0,427.91,0.0,0.0,False,False,False,False,False,True,False,False,False,False,False,False,False,False,False,False,False,False,False,False,False,False,False,False,False,True,False,False,False,False,False,False,False,True,False,False
USA,Smartwatch,2025-09-15,Electronics,6.0,1179.99,0.11,20.0,2.0,1.0,0.0,0,15,38,9,3,258,0,0.0,1.0,-1.0,-1.8369701987210297e-16,0.0,1,0.0,1,0.0,1,2.0,1,0.0,0.0,0.0,0.0,0.5714285714285714,0.42857142857142855,1.1683661091795543,0.0,5.0,0.0,1,427.91,752.0799999999999,1.7575658432848027,False,False,False,False,False,True,False,False,False,False,False,False,False,False,False,False,False,False,False,False,False,False,False,False,False,True,False,False,False,False,False,False,False,True,False,False
USA,Smartwatch,2025-09-16,Electronics,0.0,1179.99,,20.0,2.0,0.0,0.0,1,16,38,9,3,259,0,0.7818314824680298,0.6234898018587336,-1.0,-1.8369701987210297e-16,6.0,1,0.0,1,0.0,1,0.0,1,0.8571428571428571,2.2677868380553643,0.0,6.0,1.0,0.5714285714285714,1.5498762538075117,0.0,6.0,1.5,0,1179.99,0.0,0.0,False,False,False,False,False,True,False,False,False,False,False,False,False,False,False,False,False,False,False,False,False,False,False,False,False,True,False,False,False,False,False,False,False,True,False,False
USA,Smartwatch,2025-09-17,Electronics,0.0,1179.99,,20.0,2.0,0.0,0.0,2,17,38,9,3,260,0,0.9749279121818236,-0.22252093395631434,-1.0,-1.8369701987210297e-16,0.0,1,0.0,1,0.0,1,0.0,1,0.8571428571428571,2.2677868380553643,0.0,6.0,1.0,0.5714285714285714,1.5498762538075117,0.0,6.0,1.5,0,1179.99,0.0,0.0,False,False,False,False,False,True,False,False,False,False,False,False,False,False,False,False,False,False,False,False,False,False,False,False,False,True,False,False,False,False,False,False,False,True,False,False
USA,Smartwatch,2025-09-18,Electronics,0.0,1179.99,,20.0,2.0,0.0,0.0,3,18,38,9,3,261,0,0.43388373911755823,-0.900968867902419,-1.0,-1.8369701987210297e-16,0.0,1,0.0,1,5.0,1,0.0,1,0.8571428571428571,2.2677868380553643,0.0,6.0,1.0,0.5714285714285714,1.5498762538075117,0.0,6.0,1.5,0,1179.99,0.0,0.0,False,False,False,False,False,True,False,False,False,False,False,False,False,False,False,False,False,False,False,False,False,False,False,False,False,True,False,False,False,False,False,False,False,True,False,False
USA,Smartwatch,2025-09-19,Electronics,0.0,1179.99,,20.0,2.0,0.0,0.0,4,19,38,9,3,262,0,-0.433883739117558,-0.9009688679024191,-1.0,-1.8369701987210297e-16,0.0,1,0.0,1,0.0,1,0.0,1,0.8571428571428571,2.2677868380553643,0.0,6.0,0.6428571428571429,0.5714285714285714,1.5498762538075117,0.0,6.0,1.5,0,1179.99,0.0,0.0,False,False,False,False,False,True,False,False,False,False,False,False,False,False,False,False,False,False,False,False,False,False,False,False,False,True,False,False,False,False,False,False,False,True,False,False
USA,Smartwatch,2025-09-20,Electronics,0.0,1179.99,,20.0,2.0,0.0,0.0,5,20,38,9,3,263,1,-0.9749279121818236,-0.2225209339563146,-1.0,-1.8369701987210297e-16,0.0,1,0.0,1,3.0,1,0.0,1,0.8571428571428571,2.2677868380553643,0.0,6.0,0.6428571428571429,0.5714285714285714,1.5498762538075117,0.0,6.0,1.5,0,1179.99,0.0,0.0,False,False,False,False,False,True,False,False,False,False,False,False,False,False,False,False,False,False,False,False,False,False,False,False,False,True,False,False,False,False,False,False,False,True,False,False
USA,Smartwatch,2025-09-21,Electronics,0.0,1179.99,,20.0,2.0,0.0,0.0,6,21,38,9,3,264,1,-0.7818314824680299,0.6234898018587334,-1.0,-1.8369701987210297e-16,0.0,1,0.0,1,0.0,1,0.0,1,0.8571428571428571,2.2677868380553643,0.0,6.0,0.42857142857142855,0.5714285714285714,1.5498762538075117,0.0,6.0,1.5,0,1179.99,0.0,0.0,False,False,False,False,False,True,False,False,False,False,False,False,False,False,False,False,False,False,False,False,False,False,False,False,False,True,False,False,False,False,False,False,False,True,False,False
USA,Smartwatch,2025-09-22,Electronics,1.0,124.83,0.13,20.0,2.0,1.0,0.0,0,22,39,9,3,265,0,0.0,1.0,-1.0,-1.8369701987210297e-16,0.0,1,6.0,1,0.0,1,0.0,1,0.8571428571428571,2.2677868380553643,0.0,6.0,0.42857142857142855,0.5714285714285714,1.5498762538075117,0.0,6.0,1.5,1,1179.99,-1055.16,-0.8942109678895585,False,False,False,False,False,True,False,False,False,False,False,False,False,False,False,False,False,False,False,False,False,False,False,False,False,True,False,False,False,False,False,False,False,True,False,False
USA,Smartwatch,2025-09-23,Electronics,0.0,124.83,,20.0,2.0,0.0,0.0,1,23,39,9,3,266,0,0.7818314824680298,0.6234898018587336,-1.0,-1.8369701987210297e-16,1.0,1,0.0,1,0.0,1,0.0,1,0.14285714285714285,0.37796447300923336,0.0,1.0,0.5,0.6071428571428571,1.5477411429249561,0.0,6.0,0.23529411764705882,0,124.83,0.0,0.0,False,False,False,False,False,True,False,False,False,False,False,False,False,False,False,False,False,False,False,False,False,False,False,False,False,True,False,False,False,False,False,False,False,True,False,False
USA,Smartwatch,2025-09-24,Electronics,1.0,823.2,0.0,20.0,2.0,0.0,0.0,2,24,39,9,3,267,0,0.9749279121818236,-0.22252093395631434,-1.0,-1.8369701987210297e-16,0.0,1,0.0,1,0.0,1,0.0,1,0.14285714285714285,0.37796447300923336,0.0,1.0,0.5,0.6071428571428571,1.5477411429249561,0.0,6.0,0.23529411764705882,0,124.83,698.37,5.594568613314108,False,False,False,False,False,True,False,False,False,False,False,False,False,False,False,False,False,False,False,False,False,False,False,False,False,True,False,False,False,False,False,False,False,True,False,False
USA,Smartwatch,2025-09-25,Electronics,0.0,823.2,,20.0,2.0,0.0,0.0,3,25,39,9,3,268,0,0.43388373911755823,-0.900968867902419,-1.0,-1.8369701987210297e-16,1.0,1,0.0,1,0.0,1,2.0,1,0.2857142857142857,0.4879500364742712,0.0,1.0,0.5714285714285714,0.6428571428571429,1.5447470298542056,0.0,6.0,0.44444444444444436,0,823.2,0.0,0.0,False,False,False,False,False,True,False,False,False,False,False,False,False,False,False,False,False,False,False,False,False,False,False,False,False,True,False,False,False,False,False,False,False,True,False,False
USA,Smartwatch,2025-09-26,Electronics,0.0,823.2,,20.0,2.0,0.0,0.0,4,26,39,9,3,269,0,-0.433883739117558,-0.9009688679024191,-1.0,-1.8369701987210297e-16,0.0,1,0.0,1,0.0,1,0.0,1,0.2857142857142857,0.4879500364742712,0.0,1.0,0.5714285714285714,0.5714285714285714,1.5257923607235462,0.0,6.0,0.5,0,823.2,0.0,0.0,False,False,False,False,False,True,False,False,False,False,False,False,False,False,False,False,False,False,False,False,False,False,False,False,False,True,False,False,False,False,False,False,False,True,False,False
USA,Smartwatch,2025-09-27,Electronics,0.0,823.2,,20.0,2.0,0.0,0.0,5,27,39,9,3,270,1,-0.9749279121818236,-0.2225209339563146,-1.0,-1.8369701987210297e-16,0.0,1,0.0,1,0.0,1,0.0,1,0.2857142857142857,0.4879500364742712,0.0,1.0,0.5714285714285714,0.5714285714285714,1.5257923607235462,0.0,6.0,0.5,0,823.2,0.0,0.0,False,False,False,False,False,True,False,False,False,False,False,False,False,False,False,False,False,False,False,False,False,False,False,False,False,True,False,False,False,False,False,False,False,True,False,False
USA,Smartwatch,2025-09-28,Electronics,0.0,823.2,,20.0,2.0,0.0,0.0,6,28,39,9,3,271,1,-0.7818314824680299,0.6234898018587334,-1.0,-1.8369701987210297e-16,0.0,1,0.0,1,0.0,1,0.0,1,0.2857142857142857,0.4879500364742712,0.0,1.0,0.5714285714285714,0.5714285714285714,1.5257923607235462,0.0,6.0,0.5,0,823.2,0.0,0.0,False,False,False,False,False,True,False,False,False,False,False,False,False,False,False,False,False,False,False,False,False,False,False,False,False,True,False,False,False,False,False,False,False,True,False,False
USA,Smartwatch,2025-09-29,Electronics,0.0,823.2,,20.0,2.0,0.0,0.0,0,29,40,9,3,272,0,0.0,1.0,-1.0,-1.8369701987210297e-16,0.0,1,1.0,1,6.0,1,0.0,1,0.2857142857142857,0.4879500364742712,0.0,1.0,0.5714285714285714,0.5714285714285714,1.5257923607235462,0.0,6.0,0.5,0,823.2,0.0,0.0,False,False,False,False,False,True,False,False,False,False,False,False,False,False,False,False,False,False,False,False,False,False,False,False,False,True,False,False,False,False,False,False,False,True,False,False
USA,Smartwatch,2025-09-30,Electronics,0.0,823.2,,20.0,2.0,0.0,0.0,1,30,40,9,3,273,0,0.7818314824680298,0.6234898018587336,-1.0,-1.8369701987210297e-16,0.0,1,0.0,1,0.0,1,0.0,1,0.14285714285714285,0.3779644730092333,0.0,1.0,0.14285714285714285,0.5714285714285714,1.5257923607235462,0.0,6.0,0.25,0,823.2,0.0,0.0,False,False,False,False,False,True,False,False,False,False,False,False,False,False,False,False,False,False,False,False,False,False,False,False,False,True,False,False,False,False,False,False,False,True,False,False
USA,Smartwatch,2025-10-01,Electronics,0.0,823.2,,20.0,2.0,0.0,0.0,2,1,40,10,4,274,0,0.9749279121818236,-0.22252093395631434,-0.8660254037844386,0.5000000000000001,0.0,1,1.0,1,0.0,1,0.0,1,0.14285714285714285,0.3779644730092333,0.0,1.0,0.14285714285714285,0.5714285714285714,1.5257923607235462,0.0,6.0,0.25,0,823.2,0.0,0.0,False,False,False,False,False,True,False,False,False,False,False,False,False,False,False,False,False,False,False,False,False,False,False,False,False,True,False,False,False,False,False,False,False,True,False,False
USA,Smartwatch,2025-10-02,Electronics,3.0,564.87,0.13,20.0,2.0,1.0,0.0,3,2,40,10,4,275,0,0.43388373911755823,-0.900968867902419,-0.8660254037844386,0.5000000000000001,0.0,1,0.0,1,0.0,1,5.0,1,0.0,0.0,0.0,0.0,0.14285714285714285,0.5714285714285714,1.5257923607235462,0.0,6.0,0.0,1,823.2,-258.33000000000004,-0.31381195335276973,False,False,False,False,False,True,False,False,False,False,False,False,False,False,False,False,False,False,False,False,False,False,False,False,False,True,False,False,False,False,False,False,False,True,False,False
USA,Smartwatch,2025-10-03,Electronics,2.0,1451.99,0.1,20.0,2.0,1.0,0.0,4,3,40,10,4,276,0,-0.433883739117558,-0.9009688679024191,-0.8660254037844386,0.5000000000000001,3.0,1,0.0,1,0.0,1,0.0,1,0.42857142857142855,1.1338934190276837,0.0,3.0,0.35714285714285715,0.5,1.3471506281091283,0.0,6.0,0.8571428571428571,1,564.87,887.12,1.570485244392515,False,False,False,False,False,True,False,False,False,False,False,False,False,False,False,False,False,False,False,False,False,False,False,False,False,True,False,False,False,False,False,False,False,True,False,False
USA,Smartwatch,2025-10-04,Electronics,0.0,1451.99,,20.0,2.0,0.0,0.0,5,4,40,10,4,277,1,-0.9749279121818236,-0.2225209339563146,-0.8660254037844386,0.5000000000000001,2.0,1,0.0,1,0.0,1,3.0,1,0.7142857142857143,1.2535663410560192,0.0,3.0,0.5,0.5714285714285714,1.3724423061090354,0.0,6.0,1.25,0,1451.99,0.0,0.0,False,False,False,False,False,True,False,False,False,False,False,False,False,False,False,False,False,False,False,False,False,False,False,False,False,True,False,False,False,False,False,False,False,True,False,False
USA,Smartwatch,2025-10-05,Electronics,0.0,1451.99,,20.0,2.0,0.0,0.0,6,5,40,10,4,278,1,-0.7818314824680299,0.6234898018587334,-0.8660254037844386,0.5000000000000001,0.0,1,0.0,1,0.0,1,0.0,1,0.7142857142857143,1.253566341056019,0.0,3.0,0.5,0.4642857142857143,1.290482047664329,0.0,6.0,1.5384615384615385,0,1451.99,0.0,0.0,False,False,False,False,False,True,False,False,False,False,False,False,False,False,False,False,False,False,False,False,False,False,False,False,False,True,False,False,False,False,False,False,False,True,False,False
USA,Smartwatch,2025-10-06,Electronics,0.0,1451.99,,20.0,2.0,0.0,0.0,0,6,41,10,4,279,0,0.0,1.0,-0.8660254037844386,0.5000000000000001,0.0,1,0.0,1,1.0,1,0.0,1,0.7142857142857143,1.253566341056019,0.0,3.0,0.5,0.4642857142857143,1.290482047664329,0.0,6.0,1.5384615384615385,0,1451.99,0.0,0.0,False,False,False,False,False,True,False,False,False,False,False,False,False,False,False,False,False,False,False,False,False,False,False,False,False,True,False,False,False,False,False,False,False,True,False,False
USA,Smartwatch,2025-10-07,Electronics,0.0,1451.99,,20.0,2.0,0.0,0.0,1,7,41,10,4,280,0,0.7818314824680298,0.6234898018587336,-0.8660254037844386,0.5000000000000001,0.0,1,0.0,1,0.0,1,0.0,1,0.7142857142857143,1.253566341056019,0.0,3.0,0.42857142857142855,0.4642857142857143,1.290482047664329,0.0,6.0,1.5384615384615385,0,1451.99,0.0,0.0,False,False,False,False,False,True,False,False,False,False,False,False,False,False,False,False,False,False,False,False,False,False,False,False,False,True,False,False,False,False,False,False,False,True,False,False
USA,Smartwatch,2025-10-08,Electronics,0.0,1451.99,,20.0,2.0,0.0,0.0,2,8,41,10,4,281,0,0.9749279121818236,-0.22252093395631434,-0.8660254037844386,0.5000000000000001,0.0,1,0.0,1,1.0,1,0.0,1,0.7142857142857143,1.253566341056019,0.0,3.0,0.42857142857142855,0.4642857142857143,1.290482047664329,0.0,6.0,1.5384615384615385,0,1451.99,0.0,0.0,False,False,False,False,False,True,False,False,False,False,False,False,False,False,False,False,False,False,False,False,False,False,False,False,False,True,False,False,False,False,False,False,False,True,False,False
USA,Smartwatch,2025-10-09,Electronics,0.0,1451.99,,20.0,2.0,0.0,0.0,3,9,41,10,4,282,0,0.43388373911755823,-0.900968867902419,-0.8660254037844386,0.5000000000000001,0.0,1,3.0,1,0.0,1,0.0,1,0.7142857142857143,1.253566341056019,0.0,3.0,0.35714285714285715,0.4642857142857143,1.290482047664329,0.0,6.0,1.5384615384615385,0,1451.99,0.0,0.0,False,False,False,False,False,True,False,False,False,False,False,False,False,False,False,False,False,False,False,False,False,False,False,False,False,True,False,False,False,False,False,False,False,True,False,False
USA,Smartwatch,2025-10-10,Electronics,0.0,1451.99,,20.0,2.0,0.0,0.0,4,10,41,10,4,283,0,-0.433883739117558,-0.9009688679024191,-0.8660254037844386,0.5000000000000001,0.0,1,2.0,1,0.0,1,0.0,1,0.2857142857142857,0.7559289460184573,0.0,2.0,0.35714285714285715,0.4642857142857143,1.290482047664329,0.0,6.0,0.6153846153846153,0,1451.99,0.0,0.0,False,False,False,False,False,True,False,False,False,False,False,False,False,False,False,False,False,False,False,False,False,False,False,False,False,True,False,False,False,False,False,False,False,True,False,False
USA,Smartwatch,2025-10-11,Electronics,3.0,1093.77,0.02,20.0,2.0,1.0,0.0,5,11,41,10,4,284,1,-0.9749279121818236,-0.2225209339563146,-0.8660254037844386,0.5000000000000001,0.0,1,0.0,1,0.0,1,0.0,1,0.0,0.0,0.0,0.0,0.35714285714285715,0.4642857142857143,1.290482047664329,0.0,6.0,0.0,1,1451.99,-358.22,-0.24670968808325128,False,False,False,False,False,True,False,False,False,False,False,False,False,False,False,False,False,False,False,False,False,False,False,False,False,True,False,False,False,False,False,False,False,True,False,False
USA,Smartwatch,2025-10-12,Electronics,2.0,52.29,0.09,20.0,2.0,1.0,0.0,6,12,41,10,4,285,1,-0.7818314824680299,0.6234898018587334,-0.8660254037844386,0.5000000000000001,3.0,1,0.0,1,0.0,1,0.0,1,0.42857142857142855,1.1338934190276835,0.0,3.0,0.5714285714285714,0.5714285714285714,1.3724423061090354,0.0,6.0,0.75,1,1093.77,-1041.48,-0.9521928741874435,False,False,False,False,False,True,False,False,False,False,False,False,False,False,False,False,False,False,False,False,False,False,False,False,False,True,False,False,False,False,False,False,False,True,False,False
USA,Smartwatch,2025-10-13,Electronics,0.0,52.29,,20.0,2.0,0.0,0.0,0,13,42,10,4,286,0,0.0,1.0,-0.8660254037844386,0.5000000000000001,2.0,1,0.0,1,0.0,1,6.0,1,0.7142857142857143,1.2535663410560192,0.0,3.0,0.7142857142857143,0.6428571428571429,1.3934844605516579,0.0,6.0,1.1111111111111112,0,52.29,0.0,0.0,False,False,False,False,False,True,False,False,False,False,False,False,False,False,False,False,False,False,False,False,False,False,False,False,False,True,False,False,False,False,False,False,False,True,False,False
USA,Smartwatch,2025-10-14,Electronics,0.0,52.29,,20.0,2.0,0.0,0.0,1,14,42,10,4,287,0,0.7818314824680298,0.6234898018587336,-0.8660254037844386,0.5000000000000001,0.0,1,0.0,1,0.0,1,0.0,1,0.7142857142857143,1.2535663410560192,0.0,3.0,0.7142857142857143,0.42857142857142855,0.9200874124564747,0.0,3.0,1.6666666666666667,0,52.29,0.0,0.0,False,False,False,False,False,True,False,False,False,False,False,False,False,False,False,False,False,False,False,False,False,False,False,False,False,True,False,False,False,False,False,False,False,True,False,False
USA,Smartwatch,2025-10-15,Electronics,0.0,52.29,,20.0,2.0,0.0,0.0,2,15,42,10,4,288,0,0.9749279121818236,-0.22252093395631434,-0.8660254037844386,0.5000000000000001,0.0,1,0.0,1,0.0,1,0.0,1,0.7142857142857143,1.2535663410560192,0.0,3.0,0.7142857142857143,0.42857142857142855,0.9200874124564747,0.0,3.0,1.6666666666666667,0,52.29,0.0,0.0,False,False,False,False,False,True,False,False,False,False,False,False,False,False,False,False,False,False,False,False,False,False,False,False,False,True,False,False,False,False,False,False,False,True,False,False
USA,Smartwatch,2025-10-16,Electronics,0.0,52.29,,20.0,2.0,0.0,0.0,3,16,42,10,4,289,0,0.43388373911755823,-0.900968867902419,-0.8660254037844386,0.5000000000000001,0.0,1,0.0,1,3.0,1,0.0,1,0.7142857142857143,1.2535663410560192,0.0,3.0,0.7142857142857143,0.42857142857142855,0.9200874124564747,0.0,3.0,1.6666666666666667,0,52.29,0.0,0.0,False,False,False,False,False,True,False,False,False,False,False,False,False,False,False,False,False,False,False,False,False,False,False,False,False,True,False,False,False,False,False,False,False,True,False,False
USA,Smartwatch,2025-10-17,Electronics,0.0,52.29,,20.0,2.0,0.0,0.0,4,17,42,10,4,290,0,-0.433883739117558,-0.9009688679024191,-0.8660254037844386,0.5000000000000001,0.0,1,0.0,1,2.0,1,0.0,1,0.7142857142857143,1.2535663410560192,0.0,3.0,0.5,0.42857142857142855,0.9200874124564747,0.0,3.0,1.6666666666666667,0,52.29,0.0,0.0,False,False,False,False,False,True,False,False,False,False,False,False,False,False,False,False,False,False,False,False,False,False,False,False,False,True,False,False,False,False,False,False,False,True,False,False
USA,Smartwatch,2025-10-18,Electronics,0.0,52.29,,20.0,2.0,0.0,0.0,5,18,42,10,4,291,1,-0.9749279121818236,-0.2225209339563146,-0.8660254037844386,0.5000000000000001,0.0,1,3.0,1,0.0,1,0.0,1,0.7142857142857143,1.2535663410560192,0.0,3.0,0.35714285714285715,0.42857142857142855,0.9200874124564747,0.0,3.0,1.6666666666666667,0,52.29,0.0,0.0,False,False,False,False,False,True,False,False,False,False,False,False,False,False,False,False,False,False,False,False,False,False,False,False,False,True,False,False,False,False,False,False,False,True,False,False
USA,Smartwatch,2025-10-19,Electronics,0.0,52.29,,20.0,2.0,0.0,0.0,6,19,42,10,4,292,1,-0.7818314824680299,0.6234898018587334,-0.8660254037844386,0.5000000000000001,0.0,1,2.0,1,0.0,1,0.0,1,0.2857142857142857,0.7559289460184573,0.0,2.0,0.35714285714285715,0.42857142857142855,0.9200874124564747,0.0,3.0,0.6666666666666666,0,52.29,0.0,0.0,False,False,False,False,False,True,False,False,False,False,False,False,False,False,False,False,False,False,False,False,False,False,False,False,False,True,False,False,False,False,False,False,False,True,False,False
USA,Smartwatch,2025-10-20,Electronics,2.0,1243.61,0.12,20.0,2.0,1.0,0.0,0,20,43,10,4,293,0,0.0,1.0,-0.8660254037844386,0.5000000000000001,0.0,1,0.0,1,0.0,1,1.0,1,0.0,0.0,0.0,0.0,0.35714285714285715,0.42857142857142855,0.9200874124564747,0.0,3.0,0.0,1,52.29,1191.32,22.782941288965386,False,False,False,False,False,True,False,False,False,False,False,False,False,False,False,False,False,False,False,False,False,False,False,False,False,True,False,False,False,False,False,False,False,True,False,False
USA,Smartwatch,2025-10-21,Electronics,0.0,1243.61,,20.0,2.0,0.0,0.0,1,21,43,10,4,294,0,0.7818314824680298,0.6234898018587336,-0.8660254037844386,0.5000000000000001,2.0,1,0.0,1,0.0,1,0.0,1,0.2857142857142857,0.7559289460184573,0.0,2.0,0.5,0.4642857142857143,0.9615628812527962,0.0,3.0,0.6153846153846153,0,1243.61,0.0,0.0,False,False,False,False,False,True,False,False,False,False,False,False,False,False,False,False,False,False,False,False,False,False,False,False,False,True,False,False,False,False,False,False,False,True,False,False
USA,Smartwatch,2025-10-22,Electronics,0.0,1243.61,,20.0,2.0,0.0,0.0,2,22,43,10,4,295,0,0.9749279121818236,-0.22252093395631434,-0.8660254037844386,0.5000000000000001,0.0,1,0.0,1,0.0,1,1.0,1,0.2857142857142857,0.7559289460184573,0.0,2.0,0.5,0.4642857142857143,0.9615628812527962,0.0,3.0,0.6153846153846153,0,1243.61,0.0,0.0,False,False,False,False,False,True,False,False,False,False,False,False,False,False,False,False,False,False,False,False,False,False,False,False,False,True,False,False,False,False,False,False,False,True,False,False
USA,Smartwatch,2025-10-23,Electronics,0.0,1243.61,,20.0,2.0,0.0,0.0,3,23,43,10,4,296,0,0.43388373911755823,-0.900968867902419,-0.8660254037844386,0.5000000000000001,0.0,1,0.0,1,0.0,1,0.0,1,0.2857142857142857,0.7559289460184573,0.0,2.0,0.5,0.42857142857142855,0.9594972228385683,0.0,3.0,0.6666666666666666,0,1243.61,0.0,0.0,False,False,False,False,False,True,False,False,False,False,False,False,False,False,False,False,False,False,False,False,False,False,False,False,False,True,False,False,False,False,False,False,False,True,False,False
USA,Smartwatch,2025-10-24,Electronics,0.0,1243.61,,20.0,2.0,0.0,0.0,4,24,43,10,4,297,0,-0.433883739117558,-0.9009688679024191,-0.8660254037844386,0.5000000000000001,0.0,1,0.0,1,0.0,1,0.0,1,0.2857142857142857,0.7559289460184573,0.0,2.0,0.5,0.42857142857142855,0.9594972228385683,0.0,3.0,0.6666666666666666,0,1243.61,0.0,0.0,False,False,False,False,False,True,False,False,False,False,False,False,False,False,False,False,False,False,False,False,False,False,False,False,False,True,False,False,False,False,False,False,False,True,False,False
USA,Smartwatch,2025-10-25,Electronics,0.0,1243.61,,20.0,2.0,0.0,0.0,5,25,43,10,4,298,1,-0.9749279121818236,-0.2225209339563146,-0.8660254037844386,0.5000000000000001,0.0,1,0.0,1,3.0,1,0.0,1,0.2857142857142857,0.7559289460184573,0.0,2.0,0.5,0.42857142857142855,0.9594972228385683,0.0,3.0,0.6666666666666666,0,1243.61,0.0,0.0,False,False,False,False,False,True,False,False,False,False,False,False,False,False,False,False,False,False,False,False,False,False,False,False,False,True,False,False,False,False,False,False,False,True,False,False
USA,Smartwatch,2025-10-26,Electronics,0.0,1243.61,,20.0,2.0,0.0,0.0,6,26,43,10,4,299,1,-0.7818314824680299,0.6234898018587334,-0.8660254037844386,0.5000000000000001,0.0,1,0.0,1,2.0,1,0.0,1,0.2857142857142857,0.7559289460184573,0.0,2.0,0.2857142857142857,0.42857142857142855,0.9594972228385683,0.0,3.0,0.6666666666666666,0,1243.61,0.0,0.0,False,False,False,False,False,True,False,False,False,False,False,False,False,False,False,False,False,False,False,False,False,False,False,False,False,True,False,False,False,False,False,False,False,True,False,False
USA,Smartwatch,2025-10-27,Electronics,0.0,1243.61,,20.0,2.0,0.0,0.0,0,27,44,10,4,300,0,0.0,1.0,-0.8660254037844386,0.5000000000000001,0.0,1,2.0,1,0.0,1,0.0,1,0.2857142857142857,0.7559289460184573,0.0,2.0,0.14285714285714285,0.42857142857142855,0.9594972228385683,0.0,3.0,0.6666666666666666,0,1243.61,0.0,0.0,False,False,False,False,False,True,False,False,False,False,False,False,False,False,False,False,False,False,False,False,False,False,False,False,False,True,False,False,False,False,False,False,False,True,False,False
USA,Smartwatch,2025-10-28,Electronics,0.0,1243.61,,20.0,2.0,0.0,0.0,1,28,44,10,4,301,0,0.7818314824680298,0.6234898018587336,-0.8660254037844386,0.5000000000000001,0.0,1,0.0,1,0.0,1,0.0,1,0.0,0.0,0.0,0.0,0.14285714285714285,0.42857142857142855,0.9594972228385683,0.0,3.0,0.0,0,1243.61,0.0,0.0,False,False,False,False,False,True,False,False,False,False,False,False,False,False,False,False,False,False,False,False,False,False,False,False,False,True,False,False,False,False,False,False,False,True,False,False
USA,Smartwatch,2025-10-29,Electronics,2.0,672.69,0.07,20.0,2.0,1.0,0.0,2,29,44,10,4,302,0,0.9749279121818236,-0.22252093395631434,-0.8660254037844386,0.5000000000000001,0.0,1,0.0,1,0.0,1,0.0,1,0.0,0.0,0.0,0.0,0.14285714285714285,0.42857142857142855,0.9594972228385683,0.0,3.0,0.0,1,1243.61,-570.9199999999998,-0.459082831434292,False,False,False,False,False,True,False,False,False,False,False,False,False,False,False,False,False,False,False,False,False,False,False,False,False,True,False,False,False,False,False,False,False,True,False,False
USA,Smartwatch,2025-10-30,Electronics,0.0,672.69,,20.0,2.0,0.0,0.0,3,30,44,10,4,303,0,0.43388373911755823,-0.900968867902419,-0.8660254037844386,0.5000000000000001,2.0,1,0.0,1,0.0,1,3.0,1,0.2857142857142857,0.7559289460184573,0.0,2.0,0.2857142857142857,0.5,1.000000000000002,0.0,3.0,0.5714285714285714,0,672.69,0.0,0.0,False,False,False,False,False,True,False,False,False,False,False,False,False,False,False,False,False,False,False,False,False,False,False,False,False,True,False,False,False,False,False,False,False,True,False,False
USA,Smartwatch,2025-10-31,Electronics,0.0,672.69,,20.0,2.0,0.0,0.0,4,31,44,10,4,304,0,-0.433883739117558,-0.9009688679024191,-0.8660254037844386,0.5000000000000001,0.0,1,0.0,1,0.0,1,2.0,1,0.2857142857142857,0.7559289460184573,0.0,2.0,0.2857142857142857,0.39285714285714285,0.8751417118804363,0.0,3.0,0.7272727272727273,0,672.69,0.0,0.0,False,False,False,False,False,True,False,False,False,False,False,False,False,False,False,False,False,False,False,False,False,False,False,False,False,True,False,False,False,False,False,False,False,True,False,False
USA,Smartwatch,2025-11-01,Electronics,5.0,1195.3,0.26,20.0,2.0,1.0,0.0,5,1,44,11,4,305,1,-0.9749279121818236,-0.2225209339563146,-0.5000000000000004,0.8660254037844384,0.0,1,0.0,1,0.0,1,0.0,1,0.2857142857142857,0.7559289460184573,0.0,2.0,0.2857142857142857,0.32142857142857145,0.8189230248533288,0.0,3.0,0.8888888888888887,1,672.69,522.6099999999999,0.7768957469265186,False,False,False,False,False,True,False,False,False,False,False,False,False,False,False,False,False,False,False,False,False,False,False,False,False,True,False,False,False,False,False,False,False,True,False,False
USA,Smartwatch,2025-11-02,Electronics,0.0,1195.3,,20.0,2.0,0.0,0.0,6,2,44,11,4,306,1,-0.7818314824680299,0.6234898018587334,-0.5000000000000004,0.8660254037844384,5.0,1,0.0,1,0.0,1,0.0,1,1.0,1.914854215512677,0.0,5.0,0.6428571428571429,0.5,1.201850425154665,0.0,5.0,2.0,0,1195.3,0.0,0.0,False,False,False,False,False,True,False,False,False,False,False,False,False,False,False,False,False,False,False,False,False,False,False,False,False,True,False,False,False,False,False,False,False,True,False,False
USA,Smartwatch,2025-11-03,Electronics,5.0,261.33,0.28,20.0,2.0,1.0,0.0,0,3,45,11,4,307,0,0.0,1.0,-0.5000000000000004,0.8660254037844384,0.0,1,0.0,1,2.0,1,0.0,1,1.0,1.914854215512677,0.0,5.0,0.6428571428571429,0.5,1.201850425154665,0.0,5.0,2.0,1,1195.3,-933.97,-0.7813686940517025,False,False,False,False,False,True,False,False,False,False,False,False,False,False,False,False,False,False,False,False,False,False,False,False,False,True,False,False,False,False,False,False,False,True,False,False
USA,Smartwatch,2025-11-04,Electronics,2.0,168.48,0.23,20.0,2.0,1.0,0.0,1,4,45,11,4,308,0,0.7818314824680298,0.6234898018587336,-0.5000000000000004,0.8660254037844384,5.0,1,0.0,1,0.0,1,0.0,1,1.7142857142857142,2.36038737740833,0.0,5.0,0.8571428571428571,0.6785714285714286,1.467009339478248,0.0,5.0,2.526315789473684,1,261.33,-92.85,-0.35529789920789806,False,False,False,False,False,True,False,False,False,False,False,False,False,False,False,False,False,False,False,False,False,False,False,False,False,True,False,False,False,False,False,False,False,True,False,False
USA,Smartwatch,2025-11-05,Electronics,0.0,168.48,,20.0,2.0,0.0,0.0,2,5,45,11,4,309,0,0.9749279121818236,-0.22252093395631434,-0.5000000000000004,0.8660254037844384,2.0,1,2.0,1,0.0,1,0.0,1,2.0,2.2360679774997902,0.0,5.0,1.0,0.75,1.4813657362192658,0.0,5.0,2.6666666666666665,0,168.48,0.0,0.0,False,False,False,False,False,True,False,False,False,False,False,False,False,False,False,False,False,False,False,False,False,False,False,False,False,True,False,False,False,False,False,False,False,True,False,False
USA,Smartwatch,2025-11-06,Electronics,0.0,168.48,,20.0,2.0,0.0,0.0,3,6,45,11,4,310,0,0.43388373911755823,-0.900968867902419,-0.5000000000000004,0.8660254037844384,0.0,1,0.0,1,0.0,1,0.0,1,1.7142857142857142,2.36038737740833,0.0,5.0,1.0,0.75,1.4813657362192658,0.0,5.0,2.2857142857142856,0,168.48,0.0,0.0,False,False,False,False,False,True,False,False,False,False,False,False,False,False,False,False,False,False,False,False,False,False,False,False,False,True,False,False,False,False,False,False,False,True,False,False
USA,Smartwatch,2025-11-07,Electronics,0.0,168.48,,20.0,2.0,0.0,0.0,4,7,45,11,4,311,0,-0.433883739117558,-0.9009688679024191,-0.5000000000000004,0.8660254037844384,0.0,1,0.0,1,0.0,1,0.0,1,1.7142857142857142,2.36038737740833,0.0,5.0,1.0,0.75,1.4813657362192658,0.0,5.0,2.2857142857142856,0,168.48,0.0,0.0,False,False,False,False,False,True,False,False,False,False,False,False,False,False,False,False,False,False,False,False,False,False,False,False,False,True,False,False,False,False,False,False,False,True,False,False
USA,Smartwatch,2025-11-08,Electronics,5.0,183.265,0.27,20.0,2.0,1.0,0.0,5,8,45,11,4,312,1,-0.9749279121818236,-0.2225209339563146,-0.5000000000000004,0.8660254037844384,0.0,1,5.0,1,0.0,1,3.0,1,1.7142857142857142,2.36038737740833,0.0,5.0,1.0,0.75,1.4813657362192658,0.0,5.0,2.2857142857142856,1,168.48,14.784999999999997,0.08775522317188983,False,False,False,False,False,True,False,False,False,False,False,False,False,False,False,False,False,False,False,False,False,False,False,False,False,True,False,False,False,False,False,False,False,True,False,False
USA,Smartwatch,2025-11-09,Electronics,2.0,1297.87,0.26,20.0,2.0,1.0,0.0,6,9,45,11,4,313,1,-0.7818314824680299,0.6234898018587334,-0.5000000000000004,0.8660254037844384,5.0,1,0.0,1,0.0,1,2.0,1,1.7142857142857142,2.36038737740833,0.0,5.0,1.3571428571428572,0.8214285714285714,1.6342077348473552,0.0,5.0,2.0869565217391304,1,183.265,1114.605,6.081930537745888,False,False,False,False,False,True,False,False,False,False,False,False,False,False,False,False,False,False,False,False,False,False,False,False,False,True,False,False,False,False,False,False,False,True,False,False
USA,Smartwatch,2025-11-10,Electronics,0.0,1297.87,,20.0,2.0,0.0,0.0,0,10,46,11,4,314,0,0.0,1.0,-0.5000000000000004,0.8660254037844384,2.0,1,5.0,1,0.0,1,0.0,1,2.0,2.2360679774997902,0.0,5.0,1.5,0.8214285714285714,1.6342077348473552,0.0,5.0,2.4347826086956523,0,1297.87,0.0,0.0,False,False,False,False,False,True,False,False,False,False,False,False,False,False,False,False,False,False,False,False,False,False,False,False,False,True,False,False,False,False,False,False,False,True,False,False
USA,Smartwatch,2025-11-11,Electronics,6.0,984.2900000000001,0.29,20.0,2.0,1.0,0.0,1,11,46,11,4,315,0,0.7818314824680298,0.6234898018587336,-0.5000000000000004,0.8660254037844384,0.0,1,2.0,1,0.0,1,0.0,1,1.2857142857142858,1.889822365046137,0.0,5.0,1.5,0.8214285714285714,1.6342077348473552,0.0,5.0,1.565217391304348,1,1297.87,-313.5799999999998,-0.24161125536455874,False,False,False,False,False,True,False,False,False,False,False,False,False,False,False,False,False,False,False,False,False,False,False,False,False,True,False,False,False,False,False,False,False,True,False,False
USA,Smartwatch,2025-11-12,Electronics,4.0,645.12,0.3,20.0,2.0,1.0,0.0,2,12,46,11,4,316,0,0.9749279121818236,-0.22252093395631434,-0.5000000000000004,0.8660254037844384,6.0,1,0.0,1,2.0,1,0.0,1,1.8571428571428572,2.6095064302514777,0.0,6.0,1.9285714285714286,1.0357142857142858,1.8950646008170389,0.0,6.0,1.7931034482758619,1,984.2900000000001,-339.1700000000001,-0.34458340529721937,False,False,False,False,False,True,False,False,False,False,False,False,False,False,False,False,False,False,False,False,False,False,False,False,False,True,False,False,False,False,False,False,False,True,False,False
USA,Smartwatch,2025-11-13,Electronics,0.0,645.12,,20.0,2.0,0.0,0.0,3,13,46,11,4,317,0,0.43388373911755823,-0.900968867902419,-0.5000000000000004,0.8660254037844384,4.0,1,0.0,1,0.0,1,0.0,1,2.4285714285714284,2.5727509827124,0.0,6.0,2.0714285714285716,1.1785714285714286,1.96362422724413,0.0,6.0,2.0606060606060606,0,645.12,0.0,0.0,False,False,False,False,False,True,False,False,False,False,False,False,False,False,False,False,False,False,False,False,False,False,False,False,False,True,False,False,False,False,False,False,False,True,False,False
USA,Smartwatch,2025-11-14,Electronics,5.0,816.57,0.27,20.0,2.0,1.0,0.0,4,14,46,11,4,318,0,-0.433883739117558,-0.9009688679024191,-0.5000000000000004,0.8660254037844384,0.0,1,0.0,1,0.0,1,0.0,1,2.4285714285714284,2.5727509827124,0.0,6.0,2.0714285714285716,1.1785714285714286,1.96362422724413,0.0,6.0,2.0606060606060606,1,645.12,171.45000000000005,0.2657645089285715,False,False,False,False,False,True,False,False,False,False,False,False,False,False,False,False,False,False,False,False,False,False,False,False,False,True,False,False,False,False,False,False,False,True,False,False
USA,Smartwatch,2025-11-15,Electronics,0.0,816.57,,20.0,2.0,0.0,0.0,5,15,46,11,4,319,1,-0.9749279121818236,-0.2225209339563146,-0.5000000000000004,0.8660254037844384,5.0,1,5.0,1,5.0,1,0.0,1,3.142857142857143,2.478478796128211,0.0,6.0,2.4285714285714284,1.3571428571428572,2.07657634392991,0.0,6.0,2.31578947368421,0,816.57,0.0,0.0,False,False,False,False,False,True,False,False,False,False,False,False,False,False,False,False,False,False,False,False,False,False,False,False,False,True,False,False,False,False,False,False,False,True,False,False
USA,Smartwatch,2025-11-16,Electronics,7.0,624.12,0.25,20.0,2.0,1.0,0.0,6,16,46,11,4,320,1,-0.7818314824680299,0.6234898018587334,-0.5000000000000004,0.8660254037844384,0.0,1,2.0,1,0.0,1,0.0,1,2.4285714285714284,2.5727509827124,0.0,6.0,2.0714285714285716,1.3571428571428572,2.07657634392991,0.0,6.0,1.789473684210526,1,816.57,-192.45000000000005,-0.23568095815423054,False,False,False,False,False,True,False,False,False,False,False,False,False,False,False,False,False,False,False,False,False,False,False,False,False,True,False,False,False,False,False,False,False,True,False,False
USA,Smartwatch,2025-11-17,Electronics,5.0,381.58,0.26,20.0,2.0,1.0,0.0,0,17,47,11,4,321,0,0.0,1.0,-0.5000000000000004,0.8660254037844384,7.0,1,0.0,1,5.0,1,2.0,1,3.142857142857143,3.0783421635988546,0.0,7.0,2.5714285714285716,1.6071428571428572,2.31483597873923,0.0,7.0,1.9555555555555555,1,624.12,-242.54000000000002,-0.38861116451964367,False,False,False,False,False,True,False,False,False,False,False,False,False,False,False,False,False,False,False,False,False,False,False,False,False,True,False,False,False,False,False,False,False,True,False,False
USA,Smartwatch,2025-11-18,Electronics,0.0,381.58,,20.0,2.0,0.0,0.0,1,18,47,11,4,322,0,0.7818314824680298,0.6234898018587336,-0.5000000000000004,0.8660254037844384,5.0,1,6.0,1,2.0,1,0.0,1,3.857142857142857,2.7945525240230875,0.0,7.0,2.5714285714285716,1.7142857142857142,2.4014986502589935,0.0,7.0,2.25,0,381.58,0.0,0.0,False,False,False,False,False,True,False,False,False,False,False,False,False,False,False,False,False,False,False,False,False,False,False,False,False,True,False,False,False,False,False,False,False,True,False,False
USA,Smartwatch,2025-11-19,Electronics,0.0,381.58,,20.0,2.0,0.0,0.0,2,19,47,11,4,323,0,0.9749279121818236,-0.22252093395631434,-0.5000000000000004,0.8660254037844384,0.0,1,4.0,1,0.0,1,0.0,1,3.0,2.9439202887759492,0.0,7.0,2.4285714285714284,1.7142857142857142,2.4014986502589935,0.0,7.0,1.75,0,381.58,0.0,0.0,False,False,False,False,False,True,False,False,False,False,False,False,False,False,False,False,False,False,False,False,False,False,False,False,False,True,False,False,False,False,False,False,False,True,False,False
USA,Smartwatch,2025-11-20,Electronics,3.0,79.16,0.26,20.0,2.0,1.0,0.0,3,20,47,11,4,324,0,0.43388373911755823,-0.900968867902419,-0.5000000000000004,0.8660254037844384,0.0,1,0.0,1,0.0,1,0.0,1,2.4285714285714284,3.1014589500826255,0.0,7.0,2.4285714285714284,1.7142857142857142,2.4014986502589935,0.0,7.0,1.4166666666666667,1,381.58,-302.41999999999996,-0.7925467791812988,False,False,False,False,False,True,False,False,False,False,False,False,False,False,False,False,False,False,False,False,False,False,False,False,False,True,False,False,False,False,False,False,False,True,False,False
USA,Smartwatch,2025-11-21,Electronics,3.0,624.14,0.18,20.0,2.0,1.0,0.0,4,21,47,11,4,325,0,-0.433883739117558,-0.9009688679024191,-0.5000000000000004,0.8660254037844384,3.0,1,5.0,1,0.0,1,0.0,1,2.857142857142857,2.911389784311005,0.0,7.0,2.642857142857143,1.8214285714285714,2.389073451711344,0.0,7.0,1.5686274509803921,1,79.16,544.98,6.884537645275392,False,False,False,False,False,True,False,False,False,False,False,False,False,False,False,False,False,False,False,False,False,False,False,False,False,True,False,False,False,False,False,False,False,True,False,False
USA,Smartwatch,2025-11-22,Electronics,10.0,419.2166666666667,0.28,20.0,2.0,1.0,1.0,5,22,47,11,4,326,1,-0.9749279121818236,-0.2225209339563146,-0.5000000000000004,0.8660254037844384,3.0,1,0.0,1,5.0,1,0.0,1,2.5714285714285716,2.7602622373694174,0.0,7.0,2.857142857142857,1.9285714285714286,2.371568810795635,0.0,7.0,1.3333333333333335,1,624.14,-204.9233333333333,-0.32832911419446487,False,False,False,False,False,True,False,False,False,False,False,False,False,False,False,False,False,False,False,False,False,False,False,False,False,True,False,False,False,False,False,False,False,True,False,False
USA,Smartwatch,2025-11-23,Electronics,3.0,1291.09,0.23,20.0,2.0,1.0,0.0,6,23,47,11,4,327,1,-0.7818314824680299,0.6234898018587334,-0.5000000000000004,0.8660254037844384,10.0,1,7.0,1,2.0,1,0.0,1,4.0,3.6514837167011076,0.0,10.0,3.2142857142857144,2.2857142857142856,2.7869689211033126,0.0,10.0,1.75,1,419.2166666666667,871.8733333333332,2.079767820935872,False,False,False,False,False,True,False,False,False,False,False,False,False,False,False,False,False,False,False,False,False,False,False,False,False,True,False,False,False,False,False,False,False,True,False,False
USA,Smartwatch,2025-11-24,Electronics,2.0,610.65,0.25,20.0,2.0,1.0,0.0,0,24,48,11,4,328,0,0.0,1.0,-0.5000000000000004,0.8660254037844384,3.0,1,5.0,1,0.0,1,0.0,1,3.4285714285714284,3.408672412985387,0.0,10.0,3.2857142857142856,2.392857142857143,2.7533048924316077,0.0,10.0,1.4328358208955223,1,1291.09,-680.4399999999999,-0.5270275503644207,False,False,False,False,False,True,False,False,False,False,False,False,False,False,False,False,False,False,False,False,False,False,False,False,False,True,False,False,False,False,False,False,False,True,False,False
USA,Smartwatch,2025-11-25,Electronics,2.0,581.88,0.19,20.0,2.0,1.0,0.0,1,25,48,11,4,329,0,0.7818314824680298,0.6234898018587336,-0.5000000000000004,0.8660254037844384,2.0,1,0.0,1,6.0,1,0.0,1,3.0,3.366501646120693,0.0,10.0,3.4285714285714284,2.4642857142857144,2.714598979416226,0.0,10.0,1.217391304347826,1,610.65,-28.769999999999982,-0.047113731269958214,False,False,False,False,False,True,False,False,False,False,False,False,False,False,False,False,False,False,False,False,False,False,False,False,False,True,False,False,False,False,False,False,False,True,False,False
