store_id,product_id,date,category,sales,price,Discount_Applied,safety_stock,lead_time_days,promotion,is_outlier,day_of_week,day_of_month,week_of_year,month,quarter,day_of_year,is_weekend,sin_day_of_week,cos_day_of_week,sin_month,cos_month,lag_1,has_lag_1,lag_7,has_lag_7,lag_14,has_lag_14,lag_28,has_lag_28,rolling_mean_7,rolling_std_7,rolling_min_7,rolling_max_7,rolling_mean_14,rolling_mean_28,rolling_std_28,rolling_min_28,rolling_max_28,trend_ratio,is_promotion,previous_price,price_change,price_change_pct,store_id_Germany,store_id_India,store_id_Pakistan,store_id_UAE,store_id_UK,store_id_USA,product_id_4K Smart TV,product_id_Air Fryer,product_id_Blender,product_id_Coffee Maker,product_id_Cotton T-Shirt,product_id_Cycling Helmet,product_id_Denim Jeans,product_id_Dumbbell Set,product_id_Face Wash,product_id_Football,product_id_Formal Shirt,product_id_Gaming Laptop,product_id_Hair Serum,product_id_Lipstick Set,product_id_Microwave Oven,product_id_Moisturizing Cream,product_id_Perfume,product_id_Running Shoes,product_id_Smartphone 128GB,product_id_Smartwatch,product_id_Tennis Racket,product_id_Vacuum Cleaner,product_id_Winter Jacket,product_id_Wireless Noise-Canceling Headphones,product_id_Yoga Mat,category_Apparel,category_Beauty,category_Electronics,category_Home & Kitchen,category_Sports
India,Blender,2025-05-23,Home & Kitchen,0.0,260.15,,20.0,2.0,0.0,0.0,4,23,21,5,2,143,0,-0.433883739117558,-0.9009688679024191,0.49999999999999994,-0.8660254037844387,3.0,1,0.0,1,0.0,1,0.0,1,0.7142857142857143,1.253566341056014,0.0,3.0,0.35714285714285715,0.32142857142857145,0.8189230248533267,0.0,3.0,2.2222222222222223,0,260.15,0.0,0.0,False,True,False,False,False,False,False,False,True,False,False,False,False,False,False,False,False,False,False,False,False,False,False,False,False,False,False,False,False,False,False,False,False,False,True,False
India,Blender,2025-05-24,Home & Kitchen,0.0,260.15,,20.0,2.0,0.0,0.0,5,24,21,5,2,144,1,-0.9749279121818236,-0.2225209339563146,0.49999999999999994,-0.8660254037844387,0.0,1,2.0,1,0.0,1,2.0,1,0.7142857142857143,1.253566341056014,0.0,3.0,0.35714285714285715,0.32142857142857145,0.8189230248533267,0.0,3.0,2.2222222222222223,0,260.15,0.0,0.0,False,True,False,False,False,False,False,False,True,False,False,False,False,False,False,False,False,False,False,False,False,False,False,False,False,False,False,False,False,False,False,False,False,False,True,False
India,Blender,2025-05-25,Home & Kitchen,0.0,260.15,,20.0,2.0,0.0,0.0,6,25,21,5,2,145,1,-0.7818314824680299,0.6234898018587334,0.49999999999999994,-0.8660254037844387,0.0,1,0.0,1,0.0,1,0.0,1,0.42857142857142855,1.133893419027678,0.0,3.0,0.35714285714285715,0.25,0.7515416254704834,0.0,3.0,1.7142857142857142,0,260.15,0.0,0.0,False,True,False,False,False,False,False,False,True,False,False,False,False,False,False,False,False,False,False,False,False,False,False,False,False,False,False,False,False,False,False,False,False,False,True,False
India,Blender,2025-05-26,Home & Kitchen,1.0,161.73,0.04,20.0,2.0,1.0,0.0,0,26,22,5,2,146,0,0.0,1.0,0.49999999999999994,-0.8660254037844387,0.0,1,0.0,1,0.0,1,0.0,1,0.42857142857142855,1.133893419027678,0.0,3.0,0.35714285714285715,0.25,0.7515416254704834,0.0,3.0,1.7142857142857142,1,260.15,-98.41999999999999,-0.3783201998846819,False,True,False,False,False,False,False,False,True,False,False,False,False,False,False,False,False,False,False,False,False,False,False,False,False,False,False,False,False,False,False,False,False,False,True,False
India,Blender,2025-05-27,Home & Kitchen,0.0,161.73,,20.0,2.0,0.0,0.0,1,27,22,5,2,147,0,0.7818314824680298,0.6234898018587336,0.49999999999999994,-0.8660254037844387,1.0,1,0.0,1,0.0,1,0.0,1,0.5714285714285714,1.133893419027678,0.0,3.0,0.42857142857142855,0.2857142857142857,0.7628961803617735,0.0,3.0,2.0,0,161.73,0.0,0.0,False,True,False,False,False,False,False,False,True,False,False,False,False,False,False,False,False,False,False,False,False,False,False,False,False,False,False,False,False,False,False,False,False,False,True,False
India,Blender,2025-05-28,Home & Kitchen,0.0,161.73,,20.0,2.0,0.0,0.0,2,28,22,5,2,148,0,0.9749279121818236,-0.22252093395631434,0.49999999999999994,-0.8660254037844387,0.0,1,0.0,1,0.0,1,0.0,1,0.5714285714285714,1.133893419027678,0.0,3.0,0.42857142857142855,0.2857142857142857,0.7628961803617735,0.0,3.0,2.0,0,161.73,0.0,0.0,False,True,False,False,False,False,False,False,True,False,False,False,False,False,False,False,False,False,False,False,False,False,False,False,False,False,False,False,False,False,False,False,False,False,True,False
India,Blender,2025-05-29,Home & Kitchen,0.0,161.73,,20.0,2.0,0.0,0.0,3,29,22,5,2,149,0,0.43388373911755823,-0.900968867902419,0.49999999999999994,-0.8660254037844387,0.0,1,3.0,1,0.0,1,2.0,1,0.5714285714285714,1.133893419027678,0.0,3.0,0.42857142857142855,0.2857142857142857,0.7628961803617735,0.0,3.0,2.0,0,161.73,0.0,0.0,False,True,False,False,False,False,False,False,True,False,False,False,False,False,False,False,False,False,False,False,False,False,False,False,False,False,False,False,False,False,False,False,False,False,True,False
India,Blender,2025-05-30,Home & Kitchen,0.0,161.73,,20.0,2.0,0.0,0.0,4,30,22,5,2,150,0,-0.433883739117558,-0.9009688679024191,0.49999999999999994,-0.8660254037844387,0.0,1,0.0,1,0.0,1,0.0,1,0.14285714285714285,0.3779644730092158,0.0,1.0,0.42857142857142855,0.21428571428571427,0.6862211530545181,0.0,3.0,0.6666666666666666,0,161.73,0.0,0.0,False,True,False,False,False,False,False,False,True,False,False,False,False,False,False,False,False,False,False,False,False,False,False,False,False,False,False,False,False,False,False,False,False,False,True,False
India,Blender,2025-05-31,Home & Kitchen,0.0,161.73,,20.0,2.0,0.0,0.0,5,31,22,5,2,151,1,-0.9749279121818236,-0.2225209339563146,0.49999999999999994,-0.8660254037844387,0.0,1,0.0,1,2.0,1,0.0,1,0.14285714285714285,0.3779644730092158,0.0,1.0,0.42857142857142855,0.21428571428571427,0.6862211530545181,0.0,3.0,0.6666666666666666,0,161.73,0.0,0.0,False,True,False,False,False,False,False,False,True,False,False,False,False,False,False,False,False,False,False,False,False,False,False,False,False,False,False,False,False,False,False,False,False,False,True,False
India,Blender,2025-06-01,Home & Kitchen,0.0,161.73,,20.0,2.0,0.0,0.0,6,1,22,6,2,152,1,-0.7818314824680299,0.6234898018587334,1.2246467991473532e-16,-1.0,0.0,1,0.0,1,0.0,1,0.0,1,0.14285714285714285,0.3779644730092158,0.0,1.0,0.2857142857142857,0.21428571428571427,0.6862211530545181,0.0,3.0,0.6666666666666666,0,161.73,0.0,0.0,False,True,False,False,False,False,False,False,True,False,False,False,False,False,False,False,False,False,False,False,False,False,False,False,False,False,False,False,False,False,False,False,False,False,True,False
India,Blender,2025-06-02,Home & Kitchen,0.0,161.73,,20.0,2.0,0.0,0.0,0,2,23,6,2,153,0,0.0,1.0,1.2246467991473532e-16,-1.0,0.0,1,1.0,1,0.0,1,0.0,1,0.14285714285714285,0.3779644730092158,0.0,1.0,0.2857142857142857,0.21428571428571427,0.6862211530545181,0.0,3.0,0.6666666666666666,0,161.73,0.0,0.0,False,True,False,False,False,False,False,False,True,False,False,False,False,False,False,False,False,False,False,False,False,False,False,False,False,False,False,False,False,False,False,False,False,False,True,False
India,Blender,2025-06-03,Home & Kitchen,1.0,67.94,0.01,20.0,2.0,1.0,0.0,1,3,23,6,2,154,0,0.7818314824680298,0.6234898018587336,1.2246467991473532e-16,-1.0,0.0,1,0.0,1,0.0,1,0.0,1,0.0,0.0,0.0,0.0,0.2857142857142857,0.21428571428571427,0.6862211530545181,0.0,3.0,0.0,1,161.73,-93.78999999999999,-0.5799171458603846,False,True,False,False,False,False,False,False,True,False,False,False,False,False,False,False,False,False,False,False,False,False,False,False,False,False,False,False,False,False,False,False,False,False,True,False
India,Blender,2025-06-04,Home & Kitchen,0.0,67.94,,20.0,2.0,0.0,0.0,2,4,23,6,2,155,0,0.9749279121818236,-0.22252093395631434,1.2246467991473532e-16,-1.0,1.0,1,0.0,1,0.0,1,0.0,1,0.14285714285714285,0.3779644730092158,0.0,1.0,0.35714285714285715,0.25,0.7005289007176951,0.0,3.0,0.5714285714285714,0,67.94,0.0,0.0,False,True,False,False,False,False,False,False,True,False,False,False,False,False,False,False,False,False,False,False,False,False,False,False,False,False,False,False,False,False,False,False,False,False,True,False
India,Blender,2025-06-05,Home & Kitchen,0.0,67.94,,20.0,2.0,0.0,0.0,3,5,23,6,2,156,0,0.43388373911755823,-0.900968867902419,1.2246467991473532e-16,-1.0,0.0,1,0.0,1,3.0,1,0.0,1,0.14285714285714285,0.3779644730092158,0.0,1.0,0.35714285714285715,0.25,0.7005289007176951,0.0,3.0,0.5714285714285714,0,67.94,0.0,0.0,False,True,False,False,False,False,False,False,True,False,False,False,False,False,False,False,False,False,False,False,False,False,False,False,False,False,False,False,False,False,False,False,False,False,True,False
India,Blender,2025-06-06,Home & Kitchen,0.0,67.94,,20.0,2.0,0.0,0.0,4,6,23,6,2,157,0,-0.433883739117558,-0.9009688679024191,1.2246467991473532e-16,-1.0,0.0,1,0.0,1,0.0,1,0.0,1,0.14285714285714285,0.3779644730092158,0.0,1.0,0.14285714285714285,0.25,0.7005289007176951,0.0,3.0,0.5714285714285714,0,67.94,0.0,0.0,False,True,False,False,False,False,False,False,True,False,False,False,False,False,False,False,False,False,False,False,False,False,False,False,False,False,False,False,False,False,False,False,False,False,True,False
India,Blender,2025-06-07,Home & Kitchen,3.0,97.59,0.02,20.0,2.0,1.0,0.0,5,7,23,6,2,158,1,-0.9749279121818236,-0.2225209339563146,1.2246467991473532e-16,-1.0,0.0,1,0.0,1,0.0,1,0.0,1,0.14285714285714285,0.3779644730092158,0.0,1.0,0.14285714285714285,0.25,0.7005289007176951,0.0,3.0,0.5714285714285714,1,67.94,29.650000000000006,0.43641448336767746,False,True,False,False,False,False,False,False,True,False,False,False,False,False,False,False,False,False,False,False,False,False,False,False,False,False,False,False,False,False,False,False,False,False,True,False
India,Blender,2025-06-08,Home & Kitchen,0.0,97.59,,20.0,2.0,0.0,0.0,6,8,23,6,2,159,1,-0.7818314824680299,0.6234898018587334,1.2246467991473532e-16,-1.0,3.0,1,0.0,1,0.0,1,0.0,1,0.5714285714285714,1.133893419027678,0.0,3.0,0.35714285714285715,0.35714285714285715,0.8698354767504934,0.0,3.0,1.5999999999999999,0,97.59,0.0,0.0,False,True,False,False,False,False,False,False,True,False,False,False,False,False,False,False,False,False,False,False,False,False,False,False,False,False,False,False,False,False,False,False,False,False,True,False
India,Blender,2025-06-09,Home & Kitchen,0.0,97.59,,20.0,2.0,0.0,0.0,0,9,24,6,2,160,0,0.0,1.0,1.2246467991473532e-16,-1.0,0.0,1,0.0,1,1.0,1,0.0,1,0.5714285714285714,1.133893419027678,0.0,3.0,0.35714285714285715,0.35714285714285715,0.8698354767504934,0.0,3.0,1.5999999999999999,0,97.59,0.0,0.0,False,True,False,False,False,False,False,False,True,False,False,False,False,False,False,False,False,False,False,False,False,False,False,False,False,False,False,False,False,False,False,False,False,False,True,False
India,Blender,2025-06-10,Home & Kitchen,0.0,97.59,,20.0,2.0,0.0,0.0,1,10,24,6,2,161,0,0.7818314824680298,0.6234898018587336,1.2246467991473532e-16,-1.0,0.0,1,1.0,1,0.0,1,0.0,1,0.5714285714285714,1.133893419027678,0.0,3.0,0.2857142857142857,0.35714285714285715,0.8698354767504934,0.0,3.0,1.5999999999999999,0,97.59,0.0,0.0,False,True,False,False,False,False,False,False,True,False,False,False,False,False,False,False,False,False,False,False,False,False,False,False,False,False,False,False,False,False,False,False,False,False,True,False
India,Blender,2025-06-11,Home & Kitchen,0.0,97.59,,20.0,2.0,0.0,0.0,2,11,24,6,2,162,0,0.9749279121818236,-0.22252093395631434,1.2246467991473532e-16,-1.0,0.0,1,0.0,1,0.0,1,0.0,1,0.42857142857142855,1.133893419027678,0.0,3.0,0.2857142857142857,0.35714285714285715,0.8698354767504934,0.0,3.0,1.2,0,97.59,0.0,0.0,False,True,False,False,False,False,False,False,True,False,False,False,False,False,False,False,False,False,False,False,False,False,False,False,False,False,False,False,False,False,False,False,False,False,True,False
India,Blender,2025-06-12,Home & Kitchen,0.0,97.59,,20.0,2.0,0.0,0.0,3,12,24,6,2,163,0,0.43388373911755823,-0.900968867902419,1.2246467991473532e-16,-1.0,0.0,1,0.0,1,0.0,1,0.0,1,0.42857142857142855,1.133893419027678,0.0,3.0,0.2857142857142857,0.35714285714285715,0.8698354767504934,0.0,3.0,1.2,0,97.59,0.0,0.0,False,True,False,False,False,False,False,False,True,False,False,False,False,False,False,False,False,False,False,False,False,False,False,False,False,False,False,False,False,False,False,False,False,False,True,False
India,Blender,2025-06-13,Home & Kitchen,0.0,97.59,,20.0,2.0,0.0,0.0,4,13,24,6,2,164,0,-0.433883739117558,-0.9009688679024191,1.2246467991473532e-16,-1.0,0.0,1,0.0,1,0.0,1,0.0,1,0.42857142857142855,1.133893419027678,0.0,3.0,0.2857142857142857,0.35714285714285715,0.8698354767504934,0.0,3.0,1.2,0,97.59,0.0,0.0,False,True,False,False,False,False,False,False,True,False,False,False,False,False,False,False,False,False,False,False,False,False,False,False,False,False,False,False,False,False,False,False,False,False,True,False
India,Blender,2025-06-14,Home & Kitchen,0.0,97.59,,20.0,2.0,0.0,0.0,5,14,24,6,2,165,1,-0.9749279121818236,-0.2225209339563146,1.2246467991473532e-16,-1.0,0.0,1,3.0,1,0.0,1,2.0,1,0.42857142857142855,1.133893419027678,0.0,3.0,0.2857142857142857,0.35714285714285715,0.8698354767504934,0.0,3.0,1.2,0,97.59,0.0,0.0,False,True,False,False,False,False,False,False,True,False,False,False,False,False,False,False,False,False,False,False,False,False,False,False,False,False,False,False,False,False,False,False,False,False,True,False
India,Blender,2025-06-15,Home & Kitchen,0.0,97.59,,20.0,2.0,0.0,0.0,6,15,24,6,2,166,1,-0.7818314824680299,0.6234898018587334,1.2246467991473532e-16,-1.0,0.0,1,0.0,1,0.0,1,0.0,1,0.0,0.0,0.0,0.0,0.2857142857142857,0.2857142857142857,0.8099905283919422,0.0,3.0,0.0,0,97.59,0.0,0.0,False,True,False,False,False,False,False,False,True,False,False,False,False,False,False,False,False,False,False,False,False,False,False,False,False,False,False,False,False,False,False,False,False,False,True,False
India,Blender,2025-06-16,Home & Kitchen,0.0,97.59,,20.0,2.0,0.0,0.0,0,16,25,6,2,167,0,0.0,1.0,1.2246467991473532e-16,-1.0,0.0,1,0.0,1,0.0,1,0.0,1,0.0,0.0,0.0,0.0,0.2857142857142857,0.2857142857142857,0.8099905283919422,0.0,3.0,0.0,0,97.59,0.0,0.0,False,True,False,False,False,False,False,False,True,False,False,False,False,False,False,False,False,False,False,False,False,False,False,False,False,False,False,False,False,False,False,False,False,False,True,False
India,Blender,2025-06-17,Home & Kitchen,1.0,218.81,0.01,20.0,2.0,1.0,0.0,1,17,25,6,2,168,0,0.7818314824680298,0.6234898018587336,1.2246467991473532e-16,-1.0,0.0,1,0.0,1,1.0,1,0.0,1,0.0,0.0,0.0,0.0,0.2857142857142857,0.2857142857142857,0.8099905283919422,0.0,3.0,0.0,1,97.59,121.22,1.242135464699252,False,True,False,False,False,False,False,False,True,False,False,False,False,False,False,False,False,False,False,False,False,False,False,False,False,False,False,False,False,False,False,False,False,False,True,False
India,Blender,2025-06-18,Home & Kitchen,0.0,218.81,,20.0,2.0,0.0,0.0,2,18,25,6,2,169,0,0.9749279121818236,-0.22252093395631434,1.2246467991473532e-16,-1.0,1.0,1,0.0,1,0.0,1,0.0,1,0.14285714285714285,0.37796447300921543,0.0,1.0,0.2857142857142857,0.32142857142857145,0.8189230248533267,0.0,3.0,0.44444444444444436,0,218.81,0.0,0.0,False,True,False,False,False,False,False,False,True,False,False,False,False,False,False,False,False,False,False,False,False,False,False,False,False,False,False,False,False,False,False,False,False,False,True,False
India,Blender,2025-06-19,Home & Kitchen,0.0,218.81,,20.0,2.0,0.0,0.0,3,19,25,6,2,170,0,0.43388373911755823,-0.900968867902419,1.2246467991473532e-16,-1.0,0.0,1,0.0,1,0.0,1,3.0,1,0.14285714285714285,0.37796447300921543,0.0,1.0,0.2857142857142857,0.32142857142857145,0.8189230248533267,0.0,3.0,0.44444444444444436,0,218.81,0.0,0.0,False,True,False,False,False,False,False,False,True,False,False,False,False,False,False,False,False,False,False,False,False,False,False,False,False,False,False,False,False,False,False,False,False,False,True,False
India,Blender,2025-06-20,Home & Kitchen,0.0,218.81,,20.0,2.0,0.0,0.0,4,20,25,6,2,171,0,-0.433883739117558,-0.9009688679024191,1.2246467991473532e-16,-1.0,0.0,1,0.0,1,0.0,1,0.0,1,0.14285714285714285,0.37796447300921543,0.0,1.0,0.2857142857142857,0.21428571428571427,0.6299407883487133,0.0,3.0,0.6666666666666666,0,218.81,0.0,0.0,False,True,False,False,False,False,False,False,True,False,False,False,False,False,False,False,False,False,False,False,False,False,False,False,False,False,False,False,False,False,False,False,False,False,True,False
India,Blender,2025-06-21,Home & Kitchen,0.0,218.81,,20.0,2.0,0.0,0.0,5,21,25,6,2,172,1,-0.9749279121818236,-0.2225209339563146,1.2246467991473532e-16,-1.0,0.0,1,0.0,1,3.0,1,0.0,1,0.14285714285714285,0.37796447300921543,0.0,1.0,0.2857142857142857,0.21428571428571427,0.6299407883487133,0.0,3.0,0.6666666666666666,0,218.81,0.0,0.0,False,True,False,False,False,False,False,False,True,False,False,False,False,False,False,False,False,False,False,False,False,False,False,False,False,False,False,False,False,False,False,False,False,False,True,False
India,Blender,2025-06-22,Home & Kitchen,0.0,218.81,,20.0,2.0,0.0,0.0,6,22,25,6,2,173,1,-0.7818314824680299,0.6234898018587334,1.2246467991473532e-16,-1.0,0.0,1,0.0,1,0.0,1,0.0,1,0.14285714285714285,0.37796447300921543,0.0,1.0,0.07142857142857142,0.21428571428571427,0.6299407883487133,0.0,3.0,0.6666666666666666,0,218.81,0.0,0.0,False,True,False,False,False,False,False,False,True,False,False,False,False,False,False,False,False,False,False,False,False,False,False,False,False,False,False,False,False,False,False,False,False,False,True,False
India,Blender,2025-06-23,Home & Kitchen,1.0,138.87,0.11,20.0,2.0,1.0,0.0,0,23,26,6,2,174,0,0.0,1.0,1.2246467991473532e-16,-1.0,0.0,1,0.0,1,0.0,1,1.0,1,0.14285714285714285,0.37796447300921543,0.0,1.0,0.07142857142857142,0.21428571428571427,0.6299407883487133,0.0,3.0,0.6666666666666666,1,218.81,-79.94,-0.3653397925140533,False,True,False,False,False,False,False,False,True,False,False,False,False,False,False,False,False,False,False,False,False,False,False,False,False,False,False,False,False,False,False,False,False,False,True,False
India,Blender,2025-06-24,Home & Kitchen,0.0,138.87,,20.0,2.0,0.0,0.0,1,24,26,6,2,175,0,0.7818314824680298,0.6234898018587336,1.2246467991473532e-16,-1.0,1.0,1,1.0,1,0.0,1,0.0,1,0.2857142857142857,0.4879500364742576,0.0,1.0,0.14285714285714285,0.21428571428571427,0.6299407883487133,0.0,3.0,1.3333333333333333,0,138.87,0.0,0.0,False,True,False,False,False,False,False,False,True,False,False,False,False,False,False,False,False,False,False,False,False,False,False,False,False,False,False,False,False,False,False,False,False,False,True,False
India,Blender,2025-06-25,Home & Kitchen,0.0,138.87,,20.0,2.0,0.0,0.0,2,25,26,6,2,176,0,0.9749279121818236,-0.22252093395631434,1.2246467991473532e-16,-1.0,0.0,1,0.0,1,0.0,1,0.0,1,0.14285714285714285,0.37796447300921543,0.0,1.0,0.14285714285714285,0.21428571428571427,0.6299407883487133,0.0,3.0,0.6666666666666666,0,138.87,0.0,0.0,False,True,False,False,False,False,False,False,True,False,False,False,False,False,False,False,False,False,False,False,False,False,False,False,False,False,False,False,False,False,False,False,False,False,True,False
India,Blender,2025-06-26,Home & Kitchen,0.0,138.87,,20.0,2.0,0.0,0.0,3,26,26,6,2,177,0,0.43388373911755823,-0.900968867902419,1.2246467991473532e-16,-1.0,0.0,1,0.0,1,0.0,1,0.0,1,0.14285714285714285,0.37796447300921543,0.0,1.0,0.14285714285714285,0.21428571428571427,0.6299407883487133,0.0,3.0,0.6666666666666666,0,138.87,0.0,0.0,False,True,False,False,False,False,False,False,True,False,False,False,False,False,False,False,False,False,False,False,False,False,False,False,False,False,False,False,False,False,False,False,False,False,True,False
India,Blender,2025-06-27,Home & Kitchen,0.0,138.87,,20.0,2.0,0.0,0.0,4,27,26,6,2,178,0,-0.433883739117558,-0.9009688679024191,1.2246467991473532e-16,-1.0,0.0,1,0.0,1,0.0,1,0.0,1,0.14285714285714285,0.37796447300921543,0.0,1.0,0.14285714285714285,0.21428571428571427,0.6299407883487133,0.0,3.0,0.6666666666666666,0,138.87,0.0,0.0,False,True,False,False,False,False,False,False,True,False,False,False,False,False,False,False,False,False,False,False,False,False,False,False,False,False,False,False,False,False,False,False,False,False,True,False
India,Blender,2025-06-28,Home & Kitchen,0.0,138.87,,20.0,2.0,0.0,0.0,5,28,26,6,2,179,1,-0.9749279121818236,-0.2225209339563146,1.2246467991473532e-16,-1.0,0.0,1,0.0,1,0.0,1,0.0,1,0.14285714285714285,0.37796447300921543,0.0,1.0,0.14285714285714285,0.21428571428571427,0.6299407883487133,0.0,3.0,0.6666666666666666,0,138.87,0.0,0.0,False,True,False,False,False,False,False,False,True,False,False,False,False,False,False,False,False,False,False,False,False,False,False,False,False,False,False,False,False,False,False,False,False,False,True,False
India,Blender,2025-06-29,Home & Kitchen,0.0,138.87,,20.0,2.0,0.0,0.0,6,29,26,6,2,180,1,-0.7818314824680299,0.6234898018587334,1.2246467991473532e-16,-1.0,0.0,1,0.0,1,0.0,1,0.0,1,0.14285714285714285,0.37796447300921543,0.0,1.0,0.14285714285714285,0.21428571428571427,0.6299407883487133,0.0,3.0,0.6666666666666666,0,138.87,0.0,0.0,False,True,False,False,False,False,False,False,True,False,False,False,False,False,False,False,False,False,False,False,False,False,False,False,False,False,False,False,False,False,False,False,False,False,True,False
India,Blender,2025-06-30,Home & Kitchen,0.0,138.87,,20.0,2.0,0.0,0.0,0,30,27,6,2,181,0,0.0,1.0,1.2246467991473532e-16,-1.0,0.0,1,1.0,1,0.0,1,0.0,1,0.14285714285714285,0.37796447300921543,0.0,1.0,0.14285714285714285,0.21428571428571427,0.6299407883487133,0.0,3.0,0.6666666666666666,0,138.87,0.0,0.0,False,True,False,False,False,False,False,False,True,False,False,False,False,False,False,False,False,False,False,False,False,False,False,False,False,False,False,False,False,False,False,False,False,False,True,False
India,Blender,2025-07-01,Home & Kitchen,0.0,138.87,,20.0,2.0,0.0,0.0,1,1,27,7,3,182,0,0.7818314824680298,0.6234898018587336,-0.4999999999999997,-0.8660254037844388,0.0,1,0.0,1,1.0,1,1.0,1,0.0,0.0,0.0,0.0,0.14285714285714285,0.21428571428571427,0.6299407883487133,0.0,3.0,0.0,0,138.87,0.0,0.0,False,True,False,False,False,False,False,False,True,False,False,False,False,False,False,False,False,False,False,False,False,False,False,False,False,False,False,False,False,False,False,False,False,False,True,False
India,Blender,2025-07-02,Home & Kitchen,0.0,138.87,,20.0,2.0,0.0,0.0,2,2,27,7,3,183,0,0.9749279121818236,-0.22252093395631434,-0.4999999999999997,-0.8660254037844388,0.0,1,0.0,1,0.0,1,0.0,1,0.0,0.0,0.0,0.0,0.07142857142857142,0.17857142857142858,0.6118321864193039,0.0,3.0,0.0,0,138.87,0.0,0.0,False,True,False,False,False,False,False,False,True,False,False,False,False,False,False,False,False,False,False,False,False,False,False,False,False,False,False,False,False,False,False,False,False,False,True,False
India,Blender,2025-07-03,Home & Kitchen,0.0,138.87,,20.0,2.0,0.0,0.0,3,3,27,7,3,184,0,0.43388373911755823,-0.900968867902419,-0.4999999999999997,-0.8660254037844388,0.0,1,0.0,1,0.0,1,0.0,1,0.0,0.0,0.0,0.0,0.07142857142857142,0.17857142857142858,0.6118321864193039,0.0,3.0,0.0,0,138.87,0.0,0.0,False,True,False,False,False,False,False,False,True,False,False,False,False,False,False,False,False,False,False,False,False,False,False,False,False,False,False,False,False,False,False,False,False,False,True,False
India,Blender,2025-07-04,Home & Kitchen,0.0,138.87,,20.0,2.0,0.0,0.0,4,4,27,7,3,185,0,-0.433883739117558,-0.9009688679024191,-0.4999999999999997,-0.8660254037844388,0.0,1,0.0,1,0.0,1,0.0,1,0.0,0.0,0.0,0.0,0.07142857142857142,0.17857142857142858,0.6118321864193039,0.0,3.0,0.0,0,138.87,0.0,0.0,False,True,False,False,False,False,False,False,True,False,False,False,False,False,False,False,False,False,False,False,False,False,False,False,False,False,False,False,False,False,False,False,False,False,True,False
India,Blender,2025-07-05,Home & Kitchen,0.0,138.87,,20.0,2.0,0.0,0.0,5,5,27,7,3,186,1,-0.9749279121818236,-0.2225209339563146,-0.4999999999999997,-0.8660254037844388,0.0,1,0.0,1,0.0,1,3.0,1,0.0,0.0,0.0,0.0,0.07142857142857142,0.17857142857142858,0.6118321864193039,0.0,3.0,0.0,0,138.87,0.0,0.0,False,True,False,False,False,False,False,False,True,False,False,False,False,False,False,False,False,False,False,False,False,False,False,False,False,False,False,False,False,False,False,False,False,False,True,False
India,Blender,2025-07-06,Home & Kitchen,0.0,138.87,,20.0,2.0,0.0,0.0,6,6,27,7,3,187,1,-0.7818314824680299,0.6234898018587334,-0.4999999999999997,-0.8660254037844388,0.0,1,0.0,1,0.0,1,0.0,1,0.0,0.0,0.0,0.0,0.07142857142857142,0.07142857142857142,0.26226526415648366,0.0,1.0,0.0,0,138.87,0.0,0.0,False,True,False,False,False,False,False,False,True,False,False,False,False,False,False,False,False,False,False,False,False,False,False,False,False,False,False,False,False,False,False,False,False,False,True,False
India,Blender,2025-07-07,Home & Kitchen,0.0,138.87,,20.0,2.0,0.0,0.0,0,7,28,7,3,188,0,0.0,1.0,-0.4999999999999997,-0.8660254037844388,0.0,1,0.0,1,1.0,1,0.0,1,0.0,0.0,0.0,0.0,0.07142857142857142,0.07142857142857142,0.26226526415648366,0.0,1.0,0.0,0,138.87,0.0,0.0,False,True,False,False,False,False,False,False,True,False,False,False,False,False,False,False,False,False,False,False,False,False,False,False,False,False,False,False,False,False,False,False,False,False,True,False
India,Blender,2025-07-08,Home & Kitchen,0.0,138.87,,20.0,2.0,0.0,0.0,1,8,28,7,3,189,0,0.7818314824680298,0.6234898018587336,-0.4999999999999997,-0.8660254037844388,0.0,1,0.0,1,0.0,1,0.0,1,0.0,0.0,0.0,0.0,0.0,0.07142857142857142,0.26226526415648366,0.0,1.0,0.0,0,138.87,0.0,0.0,False,True,False,False,False,False,False,False,True,False,False,False,False,False,False,False,False,False,False,False,False,False,False,False,False,False,False,False,False,False,False,False,False,False,True,False
India,Blender,2025-07-09,Home & Kitchen,0.0,138.87,,20.0,2.0,0.0,0.0,2,9,28,7,3,190,0,0.9749279121818236,-0.22252093395631434,-0.4999999999999997,-0.8660254037844388,0.0,1,0.0,1,0.0,1,0.0,1,0.0,0.0,0.0,0.0,0.0,0.07142857142857142,0.26226526415648366,0.0,1.0,0.0,0,138.87,0.0,0.0,False,True,False,False,False,False,False,False,True,False,False,False,False,False,False,False,False,False,False,False,False,False,False,False,False,False,False,False,False,False,False,False,False,False,True,False
India,Blender,2025-07-10,Home & Kitchen,1.0,161.26,0.06,20.0,2.0,1.0,0.0,3,10,28,7,3,191,0,0.43388373911755823,-0.900968867902419,-0.4999999999999997,-0.8660254037844388,0.0,1,0.0,1,0.0,1,0.0,1,0.0,0.0,0.0,0.0,0.0,0.07142857142857142,0.26226526415648366,0.0,1.0,0.0,1,138.87,22.389999999999986,0.16122992727010863,False,True,False,False,False,False,False,False,True,False,False,False,False,False,False,False,False,False,False,False,False,False,False,False,False,False,False,False,False,False,False,False,False,False,True,False
India,Blender,2025-07-11,Home & Kitchen,0.0,161.26,,20.0,2.0,0.0,0.0,4,11,28,7,3,192,0,-0.433883739117558,-0.9009688679024191,-0.4999999999999997,-0.8660254037844388,1.0,1,0.0,1,0.0,1,0.0,1,0.14285714285714285,0.37796447300921543,0.0,1.0,0.07142857142857142,0.10714285714285714,0.31497039417435824,0.0,1.0,1.3333333333333333,0,161.26,0.0,0.0,False,True,False,False,False,False,False,False,True,False,False,False,False,False,False,False,False,False,False,False,False,False,False,False,False,False,False,False,False,False,False,False,False,False,True,False
India,Blender,2025-07-12,Home & Kitchen,0.0,161.26,,20.0,2.0,0.0,0.0,5,12,28,7,3,193,1,-0.9749279121818236,-0.2225209339563146,-0.4999999999999997,-0.8660254037844388,0.0,1,0.0,1,0.0,1,0.0,1,0.14285714285714285,0.37796447300921543,0.0,1.0,0.07142857142857142,0.10714285714285714,0.31497039417435824,0.0,1.0,1.3333333333333333,0,161.26,0.0,0.0,False,True,False,False,False,False,False,False,True,False,False,False,False,False,False,False,False,False,False,False,False,False,False,False,False,False,False,False,False,False,False,False,False,False,True,False
India,Blender,2025-07-13,Home & Kitchen,0.0,161.26,,20.0,2.0,0.0,0.0,6,13,28,7,3,194,1,-0.7818314824680299,0.6234898018587334,-0.4999999999999997,-0.8660254037844388,0.0,1,0.0,1,0.0,1,0.0,1,0.14285714285714285,0.37796447300921543,0.0,1.0,0.07142857142857142,0.10714285714285714,0.31497039417435824,0.0,1.0,1.3333333333333333,0,161.26,0.0,0.0,False,True,False,False,False,False,False,False,True,False,False,False,False,False,False,False,False,False,False,False,False,False,False,False,False,False,False,False,False,False,False,False,False,False,True,False
India,Blender,2025-07-14,Home & Kitchen,0.0,161.26,,20.0,2.0,0.0,0.0,0,14,29,7,3,195,0,0.0,1.0,-0.4999999999999997,-0.8660254037844388,0.0,1,0.0,1,0.0,1,0.0,1,0.14285714285714285,0.37796447300921543,0.0,1.0,0.07142857142857142,0.10714285714285714,0.31497039417435824,0.0,1.0,1.3333333333333333,0,161.26,0.0,0.0,False,True,False,False,False,False,False,False,True,False,False,False,False,False,False,False,False,False,False,False,False,False,False,False,False,False,False,False,False,False,False,False,False,False,True,False
India,Blender,2025-07-15,Home & Kitchen,0.0,161.26,,20.0,2.0,0.0,0.0,1,15,29,7,3,196,0,0.7818314824680298,0.6234898018587336,-0.4999999999999997,-0.8660254037844388,0.0,1,0.0,1,0.0,1,1.0,1,0.14285714285714285,0.37796447300921543,0.0,1.0,0.07142857142857142,0.10714285714285714,0.31497039417435824,0.0,1.0,1.3333333333333333,0,161.26,0.0,0.0,False,True,False,False,False,False,False,False,True,False,False,False,False,False,False,False,False,False,False,False,False,False,False,False,False,False,False,False,False,False,False,False,False,False,True,False
India,Blender,2025-07-16,Home & Kitchen,3.0,227.9,0.0,20.0,2.0,0.0,0.0,2,16,29,7,3,197,0,0.9749279121818236,-0.22252093395631434,-0.4999999999999997,-0.8660254037844388,0.0,1,0.0,1,0.0,1,0.0,1,0.14285714285714285,0.37796447300921543,0.0,1.0,0.07142857142857142,0.07142857142857142,0.26226526415648366,0.0,1.0,2.0,0,161.26,66.64000000000001,0.41324569018975577,False,True,False,False,False,False,False,False,True,False,False,False,False,False,False,False,False,False,False,False,False,False,False,False,False,False,False,False,False,False,False,False,False,False,True,False
India,Blender,2025-07-17,Home & Kitchen,0.0,227.9,,20.0,2.0,0.0,0.0,3,17,29,7,3,198,0,0.43388373911755823,-0.900968867902419,-0.4999999999999997,-0.8660254037844388,3.0,1,1.0,1,0.0,1,0.0,1,0.5714285714285714,1.133893419027678,0.0,3.0,0.2857142857142857,0.17857142857142858,0.6118321864193039,0.0,3.0,3.1999999999999997,0,227.9,0.0,0.0,False,True,False,False,False,False,False,False,True,False,False,False,False,False,False,False,False,False,False,False,False,False,False,False,False,False,False,False,False,False,False,False,False,False,True,False
India,Blender,2025-07-18,Home & Kitchen,0.0,227.9,,20.0,2.0,0.0,0.0,4,18,29,7,3,199,0,-0.433883739117558,-0.9009688679024191,-0.4999999999999997,-0.8660254037844388,0.0,1,0.0,1,0.0,1,0.0,1,0.42857142857142855,1.1338934190276777,0.0,3.0,0.2857142857142857,0.17857142857142858,0.6118321864193039,0.0,3.0,2.4,0,227.9,0.0,0.0,False,True,False,False,False,False,False,False,True,False,False,False,False,False,False,False,False,False,False,False,False,False,False,False,False,False,False,False,False,False,False,False,False,False,True,False
India,Blender,2025-07-19,Home & Kitchen,0.0,227.9,,20.0,2.0,0.0,0.0,5,19,29,7,3,200,1,-0.9749279121818236,-0.2225209339563146,-0.4999999999999997,-0.8660254037844388,0.0,1,0.0,1,0.0,1,0.0,1,0.42857142857142855,1.1338934190276777,0.0,3.0,0.2857142857142857,0.17857142857142858,0.6118321864193039,0.0,3.0,2.4,0,227.9,0.0,0.0,False,True,False,False,False,False,False,False,True,False,False,False,False,False,False,False,False,False,False,False,False,False,False,False,False,False,False,False,False,False,False,False,False,False,True,False
India,Blender,2025-07-20,Home & Kitchen,0.0,227.9,,20.0,2.0,0.0,0.0,6,20,29,7,3,201,1,-0.7818314824680299,0.6234898018587334,-0.4999999999999997,-0.8660254037844388,0.0,1,0.0,1,0.0,1,0.0,1,0.42857142857142855,1.1338934190276777,0.0,3.0,0.2857142857142857,0.17857142857142858,0.6118321864193039,0.0,3.0,2.4,0,227.9,0.0,0.0,False,True,False,False,False,False,False,False,True,False,False,False,False,False,False,False,False,False,False,False,False,False,False,False,False,False,False,False,False,False,False,False,False,False,True,False
India,Blender,2025-07-21,Home & Kitchen,0.0,227.9,,20.0,2.0,0.0,0.0,0,21,30,7,3,202,0,0.0,1.0,-0.4999999999999997,-0.8660254037844388,0.0,1,0.0,1,0.0,1,1.0,1,0.42857142857142855,1.1338934190276777,0.0,3.0,0.2857142857142857,0.17857142857142858,0.6118321864193039,0.0,3.0,2.4,0,227.9,0.0,0.0,False,True,False,False,False,False,False,False,True,False,False,False,False,False,False,False,False,False,False,False,False,False,False,False,False,False,False,False,False,False,False,False,False,False,True,False
India,Blender,2025-07-22,Home & Kitchen,0.0,227.9,,20.0,2.0,0.0,0.0,1,22,30,7,3,203,0,0.7818314824680298,0.6234898018587336,-0.4999999999999997,-0.8660254037844388,0.0,1,0.0,1,0.0,1,0.0,1,0.42857142857142855,1.1338934190276777,0.0,3.0,0.2857142857142857,0.14285714285714285,0.59093684028528,0.0,3.0,3.0,0,227.9,0.0,0.0,False,True,False,False,False,False,False,False,True,False,False,False,False,False,False,False,False,False,False,False,False,False,False,False,False,False,False,False,False,False,False,False,False,False,True,False
India,Blender,2025-07-23,Home & Kitchen,1.0,168.61,0.11,20.0,2.0,1.0,0.0,2,23,30,7,3,204,0,0.9749279121818236,-0.22252093395631434,-0.4999999999999997,-0.8660254037844388,0.0,1,3.0,1,0.0,1,0.0,1,0.42857142857142855,1.1338934190276777,0.0,3.0,0.2857142857142857,0.14285714285714285,0.59093684028528,0.0,3.0,3.0,1,227.9,-59.28999999999999,-0.2601579640193067,False,True,False,False,False,False,False,False,True,False,False,False,False,False,False,False,False,False,False,False,False,False,False,False,False,False,False,False,False,False,False,False,False,False,True,False
India,Blender,2025-07-24,Home & Kitchen,0.0,168.61,,20.0,2.0,0.0,0.0,3,24,30,7,3,205,0,0.43388373911755823,-0.900968867902419,-0.4999999999999997,-0.8660254037844388,1.0,1,0.0,1,1.0,1,0.0,1,0.14285714285714285,0.37796447300921526,0.0,1.0,0.35714285714285715,0.17857142857142858,0.6118321864193039,0.0,3.0,0.7999999999999999,0,168.61,0.0,0.0,False,True,False,False,False,False,False,False,True,False,False,False,False,False,False,False,False,False,False,False,False,False,False,False,False,False,False,False,False,False,False,False,False,False,True,False
India,Blender,2025-07-25,Home & Kitchen,0.0,168.61,,20.0,2.0,0.0,0.0,4,25,30,7,3,206,0,-0.433883739117558,-0.9009688679024191,-0.4999999999999997,-0.8660254037844388,0.0,1,0.0,1,0.0,1,0.0,1,0.14285714285714285,0.37796447300921526,0.0,1.0,0.2857142857142857,0.17857142857142858,0.6118321864193039,0.0,3.0,0.7999999999999999,0,168.61,0.0,0.0,False,True,False,False,False,False,False,False,True,False,False,False,False,False,False,False,False,False,False,False,False,False,False,False,False,False,False,False,False,False,False,False,False,False,True,False
India,Blender,2025-07-26,Home & Kitchen,0.0,168.61,,20.0,2.0,0.0,0.0,5,26,30,7,3,207,1,-0.9749279121818236,-0.2225209339563146,-0.4999999999999997,-0.8660254037844388,0.0,1,0.0,1,0.0,1,0.0,1,0.14285714285714285,0.37796447300921526,0.0,1.0,0.2857142857142857,0.17857142857142858,0.6118321864193039,0.0,3.0,0.7999999999999999,0,168.61,0.0,0.0,False,True,False,False,False,False,False,False,True,False,False,False,False,False,False,False,False,False,False,False,False,False,False,False,False,False,False,False,False,False,False,False,False,False,True,False
India,Blender,2025-07-27,Home & Kitchen,0.0,168.61,,20.0,2.0,0.0,0.0,6,27,30,7,3,208,1,-0.7818314824680299,0.6234898018587334,-0.4999999999999997,-0.8660254037844388,0.0,1,0.0,1,0.0,1,0.0,1,0.14285714285714285,0.37796447300921526,0.0,1.0,0.2857142857142857,0.17857142857142858,0.6118321864193039,0.0,3.0,0.7999999999999999,0,168.61,0.0,0.0,False,True,False,False,False,False,False,False,True,False,False,False,False,False,False,False,False,False,False,False,False,False,False,False,False,False,False,False,False,False,False,False,False,False,True,False
India,Blender,2025-07-28,Home & Kitchen,2.0,139.36,0.01,20.0,2.0,1.0,0.0,0,28,31,7,3,209,0,0.0,1.0,-0.4999999999999997,-0.8660254037844388,0.0,1,0.0,1,0.0,1,0.0,1,0.14285714285714285,0.37796447300921526,0.0,1.0,0.2857142857142857,0.17857142857142858,0.6118321864193039,0.0,3.0,0.7999999999999999,1,168.61,-29.25,-0.17347725520431764,False,True,False,False,False,False,False,False,True,False,False,False,False,False,False,False,False,False,False,False,False,False,False,False,False,False,False,False,False,False,False,False,False,False,True,False
India,Blender,2025-07-29,Home & Kitchen,0.0,139.36,,20.0,2.0,0.0,0.0,1,29,31,7,3,210,0,0.7818314824680298,0.6234898018587336,-0.4999999999999997,-0.8660254037844388,2.0,1,0.0,1,0.0,1,0.0,1,0.42857142857142855,0.7867957924694376,0.0,2.0,0.42857142857142855,0.25,0.700528900717695,0.0,3.0,1.7142857142857142,0,139.36,0.0,0.0,False,True,False,False,False,False,False,False,True,False,False,False,False,False,False,False,False,False,False,False,False,False,False,False,False,False,False,False,False,False,False,False,False,False,True,False
India,Blender,2025-07-30,Home & Kitchen,1.0,141.97,0.13,20.0,2.0,1.0,0.0,2,30,31,7,3,211,0,0.9749279121818236,-0.22252093395631434,-0.4999999999999997,-0.8660254037844388,0.0,1,1.0,1,3.0,1,0.0,1,0.42857142857142855,0.7867957924694376,0.0,2.0,0.42857142857142855,0.25,0.700528900717695,0.0,3.0,1.7142857142857142,1,139.36,2.609999999999985,0.01872847301951769,False,True,False,False,False,False,False,False,True,False,False,False,False,False,False,False,False,False,False,False,False,False,False,False,False,False,False,False,False,False,False,False,False,False,True,False
India,Blender,2025-07-31,Home & Kitchen,0.0,141.97,,20.0,2.0,0.0,0.0,3,31,31,7,3,212,0,0.43388373911755823,-0.900968867902419,-0.4999999999999997,-0.8660254037844388,1.0,1,0.0,1,0.0,1,0.0,1,0.42857142857142855,0.7867957924694376,0.0,2.0,0.2857142857142857,0.2857142857142857,0.7126966450997995,0.0,3.0,1.5,0,141.97,0.0,0.0,False,True,False,False,False,False,False,False,True,False,False,False,False,False,False,False,False,False,False,False,False,False,False,False,False,False,False,False,False,False,False,False,False,False,True,False
India,Blender,2025-08-01,Home & Kitchen,0.0,141.97,,20.0,2.0,0.0,0.0,4,1,31,8,3,213,0,-0.433883739117558,-0.9009688679024191,-0.8660254037844385,-0.5000000000000004,0.0,1,0.0,1,0.0,1,0.0,1,0.42857142857142855,0.7867957924694376,0.0,2.0,0.2857142857142857,0.2857142857142857,0.7126966450997995,0.0,3.0,1.5,0,141.97,0.0,0.0,False,True,False,False,False,False,False,False,True,False,False,False,False,False,False,False,False,False,False,False,False,False,False,False,False,False,False,False,False,False,False,False,False,False,True,False
India,Blender,2025-08-02,Home & Kitchen,0.0,141.97,,20.0,2.0,0.0,0.0,5,2,31,8,3,214,1,-0.9749279121818236,-0.2225209339563146,-0.8660254037844385,-0.5000000000000004,0.0,1,0.0,1,0.0,1,0.0,1,0.42857142857142855,0.7867957924694376,0.0,2.0,0.2857142857142857,0.2857142857142857,0.7126966450997995,0.0,3.0,1.5,0,141.97,0.0,0.0,False,True,False,False,False,False,False,False,True,False,False,False,False,False,False,False,False,False,False,False,False,False,False,False,False,False,False,False,False,False,False,False,False,False,True,False
India,Blender,2025-08-03,Home & Kitchen,0.0,141.97,,20.0,2.0,0.0,0.0,6,3,31,8,3,215,1,-0.7818314824680299,0.6234898018587334,-0.8660254037844385,-0.5000000000000004,0.0,1,0.0,1,0.0,1,0.0,1,0.42857142857142855,0.7867957924694376,0.0,2.0,0.2857142857142857,0.2857142857142857,0.7126966450997995,0.0,3.0,1.5,0,141.97,0.0,0.0,False,True,False,False,False,False,False,False,True,False,False,False,False,False,False,False,False,False,False,False,False,False,False,False,False,False,False,False,False,False,False,False,False,False,True,False
India,Blender,2025-08-04,Home & Kitchen,2.0,282.95,0.04,20.0,2.0,1.0,0.0,0,4,32,8,3,216,0,0.0,1.0,-0.8660254037844385,-0.5000000000000004,0.0,1,2.0,1,0.0,1,0.0,1,0.42857142857142855,0.7867957924694376,0.0,2.0,0.2857142857142857,0.2857142857142857,0.7126966450997995,0.0,3.0,1.5,1,141.97,140.98,0.9930266957807987,False,True,False,False,False,False,False,False,True,False,False,False,False,False,False,False,False,False,False,False,False,False,False,False,False,False,False,False,False,False,False,False,False,False,True,False
India,Blender,2025-08-05,Home & Kitchen,0.0,282.95,,20.0,2.0,0.0,0.0,1,5,32,8,3,217,0,0.7818314824680298,0.6234898018587336,-0.8660254037844385,-0.5000000000000004,2.0,1,0.0,1,0.0,1,0.0,1,0.42857142857142855,0.7867957924694376,0.0,2.0,0.42857142857142855,0.35714285714285715,0.7800420555749608,0.0,3.0,1.2,0,282.95,0.0,0.0,False,True,False,False,False,False,False,False,True,False,False,False,False,False,False,False,False,False,False,False,False,False,False,False,False,False,False,False,False,False,False,False,False,False,True,False
India,Blender,2025-08-06,Home & Kitchen,0.0,282.95,,20.0,2.0,0.0,0.0,2,6,32,8,3,218,0,0.9749279121818236,-0.22252093395631434,-0.8660254037844385,-0.5000000000000004,0.0,1,1.0,1,1.0,1,0.0,1,0.42857142857142855,0.7867957924694376,0.0,2.0,0.42857142857142855,0.35714285714285715,0.7800420555749608,0.0,3.0,1.2,0,282.95,0.0,0.0,False,True,False,False,False,False,False,False,True,False,False,False,False,False,False,False,False,False,False,False,False,False,False,False,False,False,False,False,False,False,False,False,False,False,True,False
India,Blender,2025-08-07,Home & Kitchen,0.0,282.95,,20.0,2.0,0.0,0.0,3,7,32,8,3,219,0,0.43388373911755823,-0.900968867902419,-0.8660254037844385,-0.5000000000000004,0.0,1,0.0,1,0.0,1,1.0,1,0.2857142857142857,0.7559289460184486,0.0,2.0,0.35714285714285715,0.35714285714285715,0.7800420555749608,0.0,3.0,0.7999999999999999,0,282.95,0.0,0.0,False,True,False,False,False,False,False,False,True,False,False,False,False,False,False,False,False,False,False,False,False,False,False,False,False,False,False,False,False,False,False,False,False,False,True,False
India,Blender,2025-08-08,Home & Kitchen,0.0,282.95,,20.0,2.0,0.0,0.0,4,8,32,8,3,220,0,-0.433883739117558,-0.9009688679024191,-0.8660254037844385,-0.5000000000000004,0.0,1,0.0,1,0.0,1,0.0,1,0.2857142857142857,0.7559289460184486,0.0,2.0,0.35714285714285715,0.32142857142857145,0.7723735149271033,0.0,3.0,0.8888888888888887,0,282.95,0.0,0.0,False,True,False,False,False,False,False,False,True,False,False,False,False,False,False,False,False,False,False,False,False,False,False,False,False,False,False,False,False,False,False,False,False,False,True,False
India,Blender,2025-08-09,Home & Kitchen,0.0,282.95,,20.0,2.0,0.0,0.0,5,9,32,8,3,221,1,-0.9749279121818236,-0.2225209339563146,-0.8660254037844385,-0.5000000000000004,0.0,1,0.0,1,0.0,1,0.0,1,0.2857142857142857,0.7559289460184486,0.0,2.0,0.35714285714285715,0.32142857142857145,0.7723735149271033,0.0,3.0,0.8888888888888887,0,282.95,0.0,0.0,False,True,False,False,False,False,False,False,True,False,False,False,False,False,False,False,False,False,False,False,False,False,False,False,False,False,False,False,False,False,False,False,False,False,True,False
India,Blender,2025-08-10,Home & Kitchen,0.0,282.95,,20.0,2.0,0.0,0.0,6,10,32,8,3,222,1,-0.7818314824680299,0.6234898018587334,-0.8660254037844385,-0.5000000000000004,0.0,1,0.0,1,0.0,1,0.0,1,0.2857142857142857,0.7559289460184486,0.0,2.0,0.35714285714285715,0.32142857142857145,0.7723735149271033,0.0,3.0,0.8888888888888887,0,282.95,0.0,0.0,False,True,False,False,False,False,False,False,True,False,False,False,False,False,False,False,False,False,False,False,False,False,False,False,False,False,False,False,False,False,False,False,False,False,True,False
India,Blender,2025-08-11,Home & Kitchen,0.0,282.95,,20.0,2.0,0.0,0.0,0,11,33,8,3,223,0,0.0,1.0,-0.8660254037844385,-0.5000000000000004,0.0,1,2.0,1,2.0,1,0.0,1,0.2857142857142857,0.7559289460184486,0.0,2.0,0.35714285714285715,0.32142857142857145,0.7723735149271033,0.0,3.0,0.8888888888888887,0,282.95,0.0,0.0,False,True,False,False,False,False,False,False,True,False,False,False,False,False,False,False,False,False,False,False,False,False,False,False,False,False,False,False,False,False,False,False,False,False,True,False
India,Blender,2025-08-12,Home & Kitchen,0.0,282.95,,20.0,2.0,0.0,0.0,1,12,33,8,3,224,0,0.7818314824680298,0.6234898018587336,-0.8660254037844385,-0.5000000000000004,0.0,1,0.0,1,0.0,1,0.0,1,0.0,0.0,0.0,0.0,0.21428571428571427,0.32142857142857145,0.7723735149271033,0.0,3.0,0.0,0,282.95,0.0,0.0,False,True,False,False,False,False,False,False,True,False,False,False,False,False,False,False,False,False,False,False,False,False,False,False,False,False,False,False,False,False,False,False,False,False,True,False
India,Blender,2025-08-13,Home & Kitchen,2.0,175.94,0.04,20.0,2.0,1.0,0.0,2,13,33,8,3,225,0,0.9749279121818236,-0.22252093395631434,-0.8660254037844385,-0.5000000000000004,0.0,1,0.0,1,1.0,1,3.0,1,0.0,0.0,0.0,0.0,0.21428571428571427,0.32142857142857145,0.7723735149271033,0.0,3.0,0.0,1,282.95,-107.00999999999999,-0.37819402721328854,False,True,False,False,False,False,False,False,True,False,False,False,False,False,False,False,False,False,False,False,False,False,False,False,False,False,False,False,False,False,False,False,False,False,True,False
India,Blender,2025-08-14,Home & Kitchen,0.0,175.94,,20.0,2.0,0.0,0.0,3,14,33,8,3,226,0,0.43388373911755823,-0.900968867902419,-0.8660254037844385,-0.5000000000000004,2.0,1,0.0,1,0.0,1,0.0,1,0.2857142857142857,0.7559289460184486,0.0,2.0,0.2857142857142857,0.2857142857142857,0.658682346706237,0.0,2.0,1.0,0,175.94,0.0,0.0,False,True,False,False,False,False,False,False,True,False,False,False,False,False,False,False,False,False,False,False,False,False,False,False,False,False,False,False,False,False,False,False,False,False,True,False
India,Blender,2025-08-15,Home & Kitchen,0.0,175.94,,20.0,2.0,0.0,0.0,4,15,33,8,3,227,0,-0.433883739117558,-0.9009688679024191,-0.8660254037844385,-0.5000000000000004,0.0,1,0.0,1,0.0,1,0.0,1,0.2857142857142857,0.7559289460184486,0.0,2.0,0.2857142857142857,0.2857142857142857,0.658682346706237,0.0,2.0,1.0,0,175.94,0.0,0.0,False,True,False,False,False,False,False,False,True,False,False,False,False,False,False,False,False,False,False,False,False,False,False,False,False,False,False,False,False,False,False,False,False,False,True,False
India,Blender,2025-08-16,Home & Kitchen,0.0,175.94,,20.0,2.0,0.0,0.0,5,16,33,8,3,228,1,-0.9749279121818236,-0.2225209339563146,-0.8660254037844385,-0.5000000000000004,0.0,1,0.0,1,0.0,1,0.0,1,0.2857142857142857,0.7559289460184486,0.0,2.0,0.2857142857142857,0.2857142857142857,0.658682346706237,0.0,2.0,1.0,0,175.94,0.0,0.0,False,True,False,False,False,False,False,False,True,False,False,False,False,False,False,False,False,False,False,False,False,False,False,False,False,False,False,False,False,False,False,False,False,False,True,False
India,Blender,2025-08-17,Home & Kitchen,0.0,175.94,,20.0,2.0,0.0,0.0,6,17,33,8,3,229,1,-0.7818314824680299,0.6234898018587334,-0.8660254037844385,-0.5000000000000004,0.0,1,0.0,1,0.0,1,0.0,1,0.2857142857142857,0.7559289460184486,0.0,2.0,0.2857142857142857,0.2857142857142857,0.658682346706237,0.0,2.0,1.0,0,175.94,0.0,0.0,False,True,False,False,False,False,False,False,True,False,False,False,False,False,False,False,False,False,False,False,False,False,False,False,False,False,False,False,False,False,False,False,False,False,True,False
India,Blender,2025-08-18,Home & Kitchen,0.0,175.94,,20.0,2.0,0.0,0.0,0,18,34,8,3,230,0,0.0,1.0,-0.8660254037844385,-0.5000000000000004,0.0,1,0.0,1,2.0,1,0.0,1,0.2857142857142857,0.7559289460184486,0.0,2.0,0.2857142857142857,0.2857142857142857,0.658682346706237,0.0,2.0,1.0,0,175.94,0.0,0.0,False,True,False,False,False,False,False,False,True,False,False,False,False,False,False,False,False,False,False,False,False,False,False,False,False,False,False,False,False,False,False,False,False,False,True,False
India,Blender,2025-08-19,Home & Kitchen,0.0,175.94,,20.0,2.0,0.0,0.0,1,19,34,8,3,231,0,0.7818314824680298,0.6234898018587336,-0.8660254037844385,-0.5000000000000004,0.0,1,0.0,1,0.0,1,0.0,1,0.2857142857142857,0.7559289460184486,0.0,2.0,0.14285714285714285,0.2857142857142857,0.658682346706237,0.0,2.0,1.0,0,175.94,0.0,0.0,False,True,False,False,False,False,False,False,True,False,False,False,False,False,False,False,False,False,False,False,False,False,False,False,False,False,False,False,False,False,False,False,False,False,True,False
India,Blender,2025-08-20,Home & Kitchen,0.0,175.94,,20.0,2.0,0.0,0.0,2,20,34,8,3,232,0,0.9749279121818236,-0.22252093395631434,-0.8660254037844385,-0.5000000000000004,0.0,1,2.0,1,0.0,1,1.0,1,0.2857142857142857,0.7559289460184486,0.0,2.0,0.14285714285714285,0.2857142857142857,0.658682346706237,0.0,2.0,1.0,0,175.94,0.0,0.0,False,True,False,False,False,False,False,False,True,False,False,False,False,False,False,False,False,False,False,False,False,False,False,False,False,False,False,False,False,False,False,False,False,False,True,False
India,Blender,2025-08-21,Home & Kitchen,0.0,175.94,,20.0,2.0,0.0,0.0,3,21,34,8,3,233,0,0.43388373911755823,-0.900968867902419,-0.8660254037844385,-0.5000000000000004,0.0,1,0.0,1,0.0,1,0.0,1,0.0,0.0,0.0,0.0,0.14285714285714285,0.25,0.645497224367904,0.0,2.0,0.0,0,175.94,0.0,0.0,False,True,False,False,False,False,False,False,True,False,False,False,False,False,False,False,False,False,False,False,False,False,False,False,False,False,False,False,False,False,False,False,False,False,True,False
India,Blender,2025-08-22,Home & Kitchen,0.0,175.94,,20.0,2.0,0.0,0.0,4,22,34,8,3,234,0,-0.433883739117558,-0.9009688679024191,-0.8660254037844385,-0.5000000000000004,0.0,1,0.0,1,0.0,1,0.0,1,0.0,0.0,0.0,0.0,0.14285714285714285,0.25,0.645497224367904,0.0,2.0,0.0,0,175.94,0.0,0.0,False,True,False,False,False,False,False,False,True,False,False,False,False,False,False,False,False,False,False,False,False,False,False,False,False,False,False,False,False,False,False,False,False,False,True,False
India,Blender,2025-08-23,Home & Kitchen,1.0,122.94,0.04,20.0,2.0,1.0,0.0,5,23,34,8,3,235,1,-0.9749279121818236,-0.2225209339563146,-0.8660254037844385,-0.5000000000000004,0.0,1,0.0,1,0.0,1,0.0,1,0.0,0.0,0.0,0.0,0.14285714285714285,0.25,0.645497224367904,0.0,2.0,0.0,1,175.94,-53.0,-0.30123905877003526,False,True,False,False,False,False,False,False,True,False,False,False,False,False,False,False,False,False,False,False,False,False,False,False,False,False,False,False,False,False,False,False,False,False,True,False
India,Blender,2025-08-24,Home & Kitchen,0.0,122.94,,20.0,2.0,0.0,0.0,6,24,34,8,3,236,1,-0.7818314824680299,0.6234898018587334,-0.8660254037844385,-0.5000000000000004,1.0,1,0.0,1,0.0,1,0.0,1,0.14285714285714285,0.3779644730092153,0.0,1.0,0.21428571428571427,0.2857142857142857,0.658682346706237,0.0,2.0,0.5,0,122.94,0.0,0.0,False,True,False,False,False,False,False,False,True,False,False,False,False,False,False,False,False,False,False,False,False,False,False,False,False,False,False,False,False,False,False,False,False,False,True,False
India,Blender,2025-08-25,Home & Kitchen,0.0,122.94,,20.0,2.0,0.0,0.0,0,25,35,8,3,237,0,0.0,1.0,-0.8660254037844385,-0.5000000000000004,0.0,1,0.0,1,0.0,1,2.0,1,0.14285714285714285,0.3779644730092153,0.0,1.0,0.21428571428571427,0.2857142857142857,0.658682346706237,0.0,2.0,0.5,0,122.94,0.0,0.0,False,True,False,False,False,False,False,False,True,False,False,False,False,False,False,False,False,False,False,False,False,False,False,False,False,False,False,False,False,False,False,False,False,False,True,False
India,Blender,2025-08-26,Home & Kitchen,0.0,122.94,,20.0,2.0,0.0,0.0,1,26,35,8,3,238,0,0.7818314824680298,0.6234898018587336,-0.8660254037844385,-0.5000000000000004,0.0,1,0.0,1,0.0,1,0.0,1,0.14285714285714285,0.3779644730092153,0.0,1.0,0.21428571428571427,0.21428571428571427,0.568112068830899,0.0,2.0,0.6666666666666666,0,122.94,0.0,0.0,False,True,False,False,False,False,False,False,True,False,False,False,False,False,False,False,False,False,False,False,False,False,False,False,False,False,False,False,False,False,False,False,False,False,True,False
India,Blender,2025-08-27,Home & Kitchen,0.0,122.94,,20.0,2.0,0.0,0.0,2,27,35,8,3,239,0,0.9749279121818236,-0.22252093395631434,-0.8660254037844385,-0.5000000000000004,0.0,1,0.0,1,2.0,1,1.0,1,0.14285714285714285,0.3779644730092153,0.0,1.0,0.21428571428571427,0.21428571428571427,0.568112068830899,0.0,2.0,0.6666666666666666,0,122.94,0.0,0.0,False,True,False,False,False,False,False,False,True,False,False,False,False,False,False,False,False,False,False,False,False,False,False,False,False,False,False,False,False,False,False,False,False,False,True,False
India,Blender,2025-08-28,Home & Kitchen,0.0,122.94,,20.0,2.0,0.0,0.0,3,28,35,8,3,240,0,0.43388373911755823,-0.900968867902419,-0.8660254037844385,-0.5000000000000004,0.0,1,0.0,1,0.0,1,0.0,1,0.14285714285714285,0.3779644730092153,0.0,1.0,0.07142857142857142,0.17857142857142858,0.5479640045336479,0.0,2.0,0.7999999999999999,0,122.94,0.0,0.0,False,True,False,False,False,False,False,False,True,False,False,False,False,False,False,False,False,False,False,False,False,False,False,False,False,False,False,False,False,False,False,False,False,False,True,False
India,Blender,2025-08-29,Home & Kitchen,0.0,122.94,,20.0,2.0,0.0,0.0,4,29,35,8,3,241,0,-0.433883739117558,-0.9009688679024191,-0.8660254037844385,-0.5000000000000004,0.0,1,0.0,1,0.0,1,0.0,1,0.14285714285714285,0.3779644730092153,0.0,1.0,0.07142857142857142,0.17857142857142858,0.5479640045336479,0.0,2.0,0.7999999999999999,0,122.94,0.0,0.0,False,True,False,False,False,False,False,False,True,False,False,False,False,False,False,False,False,False,False,False,False,False,False,False,False,False,False,False,False,False,False,False,False,False,True,False
India,Blender,2025-08-30,Home & Kitchen,0.0,122.94,,20.0,2.0,0.0,0.0,5,30,35,8,3,242,1,-0.9749279121818236,-0.2225209339563146,-0.8660254037844385,-0.5000000000000004,0.0,1,1.0,1,0.0,1,0.0,1,0.14285714285714285,0.3779644730092153,0.0,1.0,0.07142857142857142,0.17857142857142858,0.5479640045336479,0.0,2.0,0.7999999999999999,0,122.94,0.0,0.0,False,True,False,False,False,False,False,False,True,False,False,False,False,False,False,False,False,False,False,False,False,False,False,False,False,False,False,False,False,False,False,False,False,False,True,False
India,Blender,2025-08-31,Home & Kitchen,0.0,122.94,,20.0,2.0,0.0,0.0,6,31,35,8,3,243,1,-0.7818314824680299,0.6234898018587334,-0.8660254037844385,-0.5000000000000004,0.0,1,0.0,1,0.0,1,0.0,1,0.0,0.0,0.0,0.0,0.07142857142857142,0.17857142857142858,0.5479640045336479,0.0,2.0,0.0,0,122.94,0.0,0.0,False,True,False,False,False,False,False,False,True,False,False,False,False,False,False,False,False,False,False,False,False,False,False,False,False,False,False,False,False,False,False,False,False,False,True,False
India,Blender,2025-09-01,Home & Kitchen,0.0,122.94,,20.0,2.0,0.0,0.0,0,1,36,9,3,244,0,0.0,1.0,-1.0,-1.8369701987210297e-16,0.0,1,0.0,1,0.0,1,2.0,1,0.0,0.0,0.0,0.0,0.07142857142857142,0.17857142857142858,0.5479640045336479,0.0,2.0,0.0,0,122.94,0.0,0.0,False,True,False,False,False,False,False,False,True,False,False,False,False,False,False,False,False,False,False,False,False,False,False,False,False,False,False,False,False,False,False,False,False,False,True,False
India,Blender,2025-09-02,Home & Kitchen,0.0,122.94,,20.0,2.0,0.0,0.0,1,2,36,9,3,245,0,0.7818314824680298,0.6234898018587336,-1.0,-1.8369701987210297e-16,0.0,1,0.0,1,0.0,1,0.0,1,0.0,0.0,0.0,0.0,0.07142857142857142,0.10714285714285714,0.4162696521251876,0.0,2.0,0.0,0,122.94,0.0,0.0,False,True,False,False,False,False,False,False,True,False,False,False,False,False,False,False,False,False,False,False,False,False,False,False,False,False,False,False,False,False,False,False,False,False,True,False
India,Blender,2025-09-03,Home & Kitchen,0.0,122.94,,20.0,2.0,0.0,0.0,2,3,36,9,3,246,0,0.9749279121818236,-0.22252093395631434,-1.0,-1.8369701987210297e-16,0.0,1,0.0,1,0.0,1,0.0,1,0.0,0.0,0.0,0.0,0.07142857142857142,0.10714285714285714,0.4162696521251876,0.0,2.0,0.0,0,122.94,0.0,0.0,False,True,False,False,False,False,False,False,True,False,False,False,False,False,False,False,False,False,False,False,False,False,False,False,False,False,False,False,False,False,False,False,False,False,True,False
India,Blender,2025-09-04,Home & Kitchen,0.0,122.94,,20.0,2.0,0.0,0.0,3,4,36,9,3,247,0,0.43388373911755823,-0.900968867902419,-1.0,-1.8369701987210297e-16,0.0,1,0.0,1,0.0,1,0.0,1,0.0,0.0,0.0,0.0,0.07142857142857142,0.10714285714285714,0.4162696521251876,0.0,2.0,0.0,0,122.94,0.0,0.0,False,True,False,False,False,False,False,False,True,False,False,False,False,False,False,False,False,False,False,False,False,False,False,False,False,False,False,False,False,False,False,False,False,False,True,False
India,Blender,2025-09-05,Home & Kitchen,2.0,284.03,0.11,20.0,2.0,1.0,0.0,4,5,36,9,3,248,0,-0.433883739117558,-0.9009688679024191,-1.0,-1.8369701987210297e-16,0.0,1,0.0,1,0.0,1,0.0,1,0.0,0.0,0.0,0.0,0.07142857142857142,0.10714285714285714,0.4162696521251876,0.0,2.0,0.0,1,122.94,161.08999999999997,1.3103139742964045,False,True,False,False,False,False,False,False,True,False,False,False,False,False,False,False,False,False,False,False,False,False,False,False,False,False,False,False,False,False,False,False,False,False,True,False
India,Blender,2025-09-06,Home & Kitchen,3.0,195.49,0.08,20.0,2.0,1.0,0.0,5,6,36,9,3,249,1,-0.9749279121818236,-0.2225209339563146,-1.0,-1.8369701987210297e-16,2.0,1,0.0,1,1.0,1,0.0,1,0.2857142857142857,0.7559289460184486,0.0,2.0,0.21428571428571427,0.17857142857142858,0.5479640045336479,0.0,2.0,1.5999999999999999,1,284.03,-88.53999999999996,-0.31172763440481627,False,True,False,False,False,False,False,False,True,False,False,False,False,False,False,False,False,False,False,False,False,False,False,False,False,False,False,False,False,False,False,False,False,False,True,False
India,Blender,2025-09-07,Home & Kitchen,0.0,195.49,,20.0,2.0,0.0,0.0,6,7,36,9,3,250,1,-0.7818314824680299,0.6234898018587334,-1.0,-1.8369701987210297e-16,3.0,1,0.0,1,0.0,1,0.0,1,0.7142857142857143,1.253566341056014,0.0,3.0,0.35714285714285715,0.2857142857142857,0.7628961803617734,0.0,3.0,2.5,0,195.49,0.0,0.0,False,True,False,False,False,False,False,False,True,False,False,False,False,False,False,False,False,False,False,False,False,False,False,False,False,False,False,False,False,False,False,False,False,False,True,False
India,Blender,2025-09-08,Home & Kitchen,0.0,195.49,,20.0,2.0,0.0,0.0,0,8,37,9,3,251,0,0.0,1.0,-1.0,-1.8369701987210297e-16,0.0,1,0.0,1,0.0,1,0.0,1,0.7142857142857143,1.253566341056014,0.0,3.0,0.35714285714285715,0.2857142857142857,0.7628961803617734,0.0,3.0,2.5,0,195.49,0.0,0.0,False,True,False,False,False,False,False,False,True,False,False,False,False,False,False,False,False,False,False,False,False,False,False,False,False,False,False,False,False,False,False,False,False,False,True,False
India,Blender,2025-09-09,Home & Kitchen,0.0,195.49,,20.0,2.0,0.0,0.0,1,9,37,9,3,252,0,0.7818314824680298,0.6234898018587336,-1.0,-1.8369701987210297e-16,0.0,1,0.0,1,0.0,1,0.0,1,0.7142857142857143,1.253566341056014,0.0,3.0,0.35714285714285715,0.2857142857142857,0.7628961803617734,0.0,3.0,2.5,0,195.49,0.0,0.0,False,True,False,False,False,False,False,False,True,False,False,False,False,False,False,False,False,False,False,False,False,False,False,False,False,False,False,False,False,False,False,False,False,False,True,False
India,Blender,2025-09-10,Home & Kitchen,0.0,195.49,,20.0,2.0,0.0,0.0,2,10,37,9,3,253,0,0.9749279121818236,-0.22252093395631434,-1.0,-1.8369701987210297e-16,0.0,1,0.0,1,0.0,1,2.0,1,0.7142857142857143,1.253566341056014,0.0,3.0,0.35714285714285715,0.2857142857142857,0.7628961803617734,0.0,3.0,2.5,0,195.49,0.0,0.0,False,True,False,False,False,False,False,False,True,False,False,False,False,False,False,False,False,False,False,False,False,False,False,False,False,False,False,False,False,False,False,False,False,False,True,False
India,Blender,2025-09-11,Home & Kitchen,0.0,195.49,,20.0,2.0,0.0,0.0,3,11,37,9,3,254,0,0.43388373911755823,-0.900968867902419,-1.0,-1.8369701987210297e-16,0.0,1,0.0,1,0.0,1,0.0,1,0.7142857142857143,1.253566341056014,0.0,3.0,0.35714285714285715,0.21428571428571427,0.686221153054518,0.0,3.0,3.3333333333333335,0,195.49,0.0,0.0,False,True,False,False,False,False,False,False,True,False,False,False,False,False,False,False,False,False,False,False,False,False,False,False,False,False,False,False,False,False,False,False,False,False,True,False
India,Blender,2025-09-12,Home & Kitchen,0.0,195.49,,20.0,2.0,0.0,0.0,4,12,37,9,3,255,0,-0.433883739117558,-0.9009688679024191,-1.0,-1.8369701987210297e-16,0.0,1,2.0,1,0.0,1,0.0,1,0.7142857142857143,1.253566341056014,0.0,3.0,0.35714285714285715,0.21428571428571427,0.686221153054518,0.0,3.0,3.3333333333333335,0,195.49,0.0,0.0,False,True,False,False,False,False,False,False,True,False,False,False,False,False,False,False,False,False,False,False,False,False,False,False,False,False,False,False,False,False,False,False,False,False,True,False
India,Blender,2025-09-13,Home & Kitchen,0.0,195.49,,20.0,2.0,0.0,0.0,5,13,37,9,3,256,1,-0.9749279121818236,-0.2225209339563146,-1.0,-1.8369701987210297e-16,0.0,1,3.0,1,0.0,1,0.0,1,0.42857142857142855,1.1338934190276777,0.0,3.0,0.35714285714285715,0.21428571428571427,0.686221153054518,0.0,3.0,2.0,0,195.49,0.0,0.0,False,True,False,False,False,False,False,False,True,False,False,False,False,False,False,False,False,False,False,False,False,False,False,False,False,False,False,False,False,False,False,False,False,False,True,False
India,Blender,2025-09-14,Home & Kitchen,0.0,195.49,,20.0,2.0,0.0,0.0,6,14,37,9,3,257,1,-0.7818314824680299,0.6234898018587334,-1.0,-1.8369701987210297e-16,0.0,1,0.0,1,0.0,1,0.0,1,0.0,0.0,0.0,0.0,0.35714285714285715,0.21428571428571427,0.686221153054518,0.0,3.0,0.0,0,195.49,0.0,0.0,False,True,False,False,False,False,False,False,True,False,False,False,False,False,False,False,False,False,False,False,False,False,False,False,False,False,False,False,False,False,False,False,False,False,True,False
India,Blender,2025-09-15,Home & Kitchen,0.0,195.49,,20.0,2.0,0.0,0.0,0,15,38,9,3,258,0,0.0,1.0,-1.0,-1.8369701987210297e-16,0.0,1,0.0,1,0.0,1,0.0,1,0.0,0.0,0.0,0.0,0.35714285714285715,0.21428571428571427,0.686221153054518,0.0,3.0,0.0,0,195.49,0.0,0.0,False,True,False,False,False,False,False,False,True,False,False,False,False,False,False,False,False,False,False,False,False,False,False,False,False,False,False,False,False,False,False,False,False,False,True,False
India,Blender,2025-09-16,Home & Kitchen,0.0,195.49,,20.0,2.0,0.0,0.0,1,16,38,9,3,259,0,0.7818314824680298,0.6234898018587336,-1.0,-1.8369701987210297e-16,0.0,1,0.0,1,0.0,1,0.0,1,0.0,0.0,0.0,0.0,0.35714285714285715,0.21428571428571427,0.686221153054518,0.0,3.0,0.0,0,195.49,0.0,0.0,False,True,False,False,False,False,False,False,True,False,False,False,False,False,False,False,False,False,False,False,False,False,False,False,False,False,False,False,False,False,False,False,False,False,True,False
India,Blender,2025-09-17,Home & Kitchen,0.0,195.49,,20.0,2.0,0.0,0.0,2,17,38,9,3,260,0,0.9749279121818236,-0.22252093395631434,-1.0,-1.8369701987210297e-16,0.0,1,0.0,1,0.0,1,0.0,1,0.0,0.0,0.0,0.0,0.35714285714285715,0.21428571428571427,0.686221153054518,0.0,3.0,0.0,0,195.49,0.0,0.0,False,True,False,False,False,False,False,False,True,False,False,False,False,False,False,False,False,False,False,False,False,False,False,False,False,False,False,False,False,False,False,False,False,False,True,False
India,Blender,2025-09-18,Home & Kitchen,0.0,195.49,,20.0,2.0,0.0,0.0,3,18,38,9,3,261,0,0.43388373911755823,-0.900968867902419,-1.0,-1.8369701987210297e-16,0.0,1,0.0,1,0.0,1,0.0,1,0.0,0.0,0.0,0.0,0.35714285714285715,0.21428571428571427,0.686221153054518,0.0,3.0,0.0,0,195.49,0.0,0.0,False,True,False,False,False,False,False,False,True,False,False,False,False,False,False,False,False,False,False,False,False,False,False,False,False,False,False,False,False,False,False,False,False,False,True,False
India,Blender,2025-09-19,Home & Kitchen,0.0,195.49,,20.0,2.0,0.0,0.0,4,19,38,9,3,262,0,-0.433883739117558,-0.9009688679024191,-1.0,-1.8369701987210297e-16,0.0,1,0.0,1,2.0,1,0.0,1,0.0,0.0,0.0,0.0,0.35714285714285715,0.21428571428571427,0.686221153054518,0.0,3.0,0.0,0,195.49,0.0,0.0,False,True,False,False,False,False,False,False,True,False,False,False,False,False,False,False,False,False,False,False,False,False,False,False,False,False,False,False,False,False,False,False,False,False,True,False
India,Blender,2025-09-20,Home & Kitchen,0.0,195.49,,20.0,2.0,0.0,0.0,5,20,38,9,3,263,1,-0.9749279121818236,-0.2225209339563146,-1.0,-1.8369701987210297e-16,0.0,1,0.0,1,3.0,1,1.0,1,0.0,0.0,0.0,0.0,0.21428571428571427,0.21428571428571427,0.686221153054518,0.0,3.0,0.0,0,195.49,0.0,0.0,False,True,False,False,False,False,False,False,True,False,False,False,False,False,False,False,False,False,False,False,False,False,False,False,False,False,False,False,False,False,False,False,False,False,True,False
India,Blender,2025-09-21,Home & Kitchen,0.0,195.49,,20.0,2.0,0.0,0.0,6,21,38,9,3,264,1,-0.7818314824680299,0.6234898018587334,-1.0,-1.8369701987210297e-16,0.0,1,0.0,1,0.0,1,0.0,1,0.0,0.0,0.0,0.0,0.0,0.17857142857142858,0.6696362433535836,0.0,3.0,0.0,0,195.49,0.0,0.0,False,True,False,False,False,False,False,False,True,False,False,False,False,False,False,False,False,False,False,False,False,False,False,False,False,False,False,False,False,False,False,False,False,False,True,False
India,Blender,2025-09-22,Home & Kitchen,0.0,195.49,,20.0,2.0,0.0,0.0,0,22,39,9,3,265,0,0.0,1.0,-1.0,-1.8369701987210297e-16,0.0,1,0.0,1,0.0,1,0.0,1,0.0,0.0,0.0,0.0,0.0,0.17857142857142858,0.6696362433535836,0.0,3.0,0.0,0,195.49,0.0,0.0,False,True,False,False,False,False,False,False,True,False,False,False,False,False,False,False,False,False,False,False,False,False,False,False,False,False,False,False,False,False,False,False,False,False,True,False
India,Blender,2025-09-23,Home & Kitchen,0.0,195.49,,20.0,2.0,0.0,0.0,1,23,39,9,3,266,0,0.7818314824680298,0.6234898018587336,-1.0,-1.8369701987210297e-16,0.0,1,0.0,1,0.0,1,0.0,1,0.0,0.0,0.0,0.0,0.0,0.17857142857142858,0.6696362433535836,0.0,3.0,0.0,0,195.49,0.0,0.0,False,True,False,False,False,False,False,False,True,False,False,False,False,False,False,False,False,False,False,False,False,False,False,False,False,False,False,False,False,False,False,False,False,False,True,False
India,Blender,2025-09-24,Home & Kitchen,0.0,195.49,,20.0,2.0,0.0,0.0,2,24,39,9,3,267,0,0.9749279121818236,-0.22252093395631434,-1.0,-1.8369701987210297e-16,0.0,1,0.0,1,0.0,1,0.0,1,0.0,0.0,0.0,0.0,0.0,0.17857142857142858,0.6696362433535836,0.0,3.0,0.0,0,195.49,0.0,0.0,False,True,False,False,False,False,False,False,True,False,False,False,False,False,False,False,False,False,False,False,False,False,False,False,False,False,False,False,False,False,False,False,False,False,True,False
India,Blender,2025-09-25,Home & Kitchen,0.0,195.49,,20.0,2.0,0.0,0.0,3,25,39,9,3,268,0,0.43388373911755823,-0.900968867902419,-1.0,-1.8369701987210297e-16,0.0,1,0.0,1,0.0,1,0.0,1,0.0,0.0,0.0,0.0,0.0,0.17857142857142858,0.6696362433535836,0.0,3.0,0.0,0,195.49,0.0,0.0,False,True,False,False,False,False,False,False,True,False,False,False,False,False,False,False,False,False,False,False,False,False,False,False,False,False,False,False,False,False,False,False,False,False,True,False
India,Blender,2025-09-26,Home & Kitchen,0.0,195.49,,20.0,2.0,0.0,0.0,4,26,39,9,3,269,0,-0.433883739117558,-0.9009688679024191,-1.0,-1.8369701987210297e-16,0.0,1,0.0,1,0.0,1,0.0,1,0.0,0.0,0.0,0.0,0.0,0.17857142857142858,0.6696362433535836,0.0,3.0,0.0,0,195.49,0.0,0.0,False,True,False,False,False,False,False,False,True,False,False,False,False,False,False,False,False,False,False,False,False,False,False,False,False,False,False,False,False,False,False,False,False,False,True,False
India,Blender,2025-09-27,Home & Kitchen,1.0,168.85,0.03,20.0,2.0,1.0,0.0,5,27,39,9,3,270,1,-0.9749279121818236,-0.2225209339563146,-1.0,-1.8369701987210297e-16,0.0,1,0.0,1,0.0,1,0.0,1,0.0,0.0,0.0,0.0,0.0,0.17857142857142858,0.6696362433535836,0.0,3.0,0.0,1,195.49,-26.640000000000015,-0.13627295513837032,False,True,False,False,False,False,False,False,True,False,False,False,False,False,False,False,False,False,False,False,False,False,False,False,False,False,False,False,False,False,False,False,False,False,True,False
India,Blender,2025-09-28,Home & Kitchen,0.0,168.85,,20.0,2.0,0.0,0.0,6,28,39,9,3,271,1,-0.7818314824680299,0.6234898018587334,-1.0,-1.8369701987210297e-16,1.0,1,0.0,1,0.0,1,0.0,1,0.14285714285714285,0.37796447300921454,0.0,1.0,0.07142857142857142,0.21428571428571427,0.686221153054518,0.0,3.0,0.6666666666666666,0,168.85,0.0,0.0,False,True,False,False,False,False,False,False,True,False,False,False,False,False,False,False,False,False,False,False,False,False,False,False,False,False,False,False,False,False,False,False,False,False,True,False
India,Blender,2025-09-29,Home & Kitchen,2.0,149.49,0.09,20.0,2.0,1.0,0.0,0,29,40,9,3,272,0,0.0,1.0,-1.0,-1.8369701987210297e-16,0.0,1,0.0,1,0.0,1,0.0,1,0.14285714285714285,0.37796447300921454,0.0,1.0,0.07142857142857142,0.21428571428571427,0.686221153054518,0.0,3.0,0.6666666666666666,1,168.85,-19.359999999999985,-0.11465798045602597,False,True,False,False,False,False,False,False,True,False,False,False,False,False,False,False,False,False,False,False,False,False,False,False,False,False,False,False,False,False,False,False,False,False,True,False
India,Blender,2025-09-30,Home & Kitchen,0.0,149.49,,20.0,2.0,0.0,0.0,1,30,40,9,3,273,0,0.7818314824680298,0.6234898018587336,-1.0,-1.8369701987210297e-16,2.0,1,0.0,1,0.0,1,0.0,1,0.42857142857142855,0.7867957924694373,0.0,2.0,0.21428571428571427,0.2857142857142857,0.7628961803617734,0.0,3.0,1.5,0,149.49,0.0,0.0,False,True,False,False,False,False,False,False,True,False,False,False,False,False,False,False,False,False,False,False,False,False,False,False,False,False,False,False,False,False,False,False,False,False,True,False
India,Blender,2025-10-01,Home & Kitchen,0.0,149.49,,20.0,2.0,0.0,0.0,2,1,40,10,4,274,0,0.9749279121818236,-0.22252093395631434,-0.8660254037844386,0.5000000000000001,0.0,1,0.0,1,0.0,1,0.0,1,0.42857142857142855,0.7867957924694373,0.0,2.0,0.21428571428571427,0.2857142857142857,0.7628961803617734,0.0,3.0,1.5,0,149.49,0.0,0.0,False,True,False,False,False,False,False,False,True,False,False,False,False,False,False,False,False,False,False,False,False,False,False,False,False,False,False,False,False,False,False,False,False,False,True,False
India,Blender,2025-10-02,Home & Kitchen,0.0,149.49,,20.0,2.0,0.0,0.0,3,2,40,10,4,275,0,0.43388373911755823,-0.900968867902419,-0.8660254037844386,0.5000000000000001,0.0,1,0.0,1,0.0,1,0.0,1,0.42857142857142855,0.7867957924694373,0.0,2.0,0.21428571428571427,0.2857142857142857,0.7628961803617734,0.0,3.0,1.5,0,149.49,0.0,0.0,False,True,False,False,False,False,False,False,True,False,False,False,False,False,False,False,False,False,False,False,False,False,False,False,False,False,False,False,False,False,False,False,False,False,True,False
India,Blender,2025-10-03,Home & Kitchen,0.0,149.49,,20.0,2.0,0.0,0.0,4,3,40,10,4,276,0,-0.433883739117558,-0.9009688679024191,-0.8660254037844386,0.5000000000000001,0.0,1,0.0,1,0.0,1,2.0,1,0.42857142857142855,0.7867957924694373,0.0,2.0,0.21428571428571427,0.2857142857142857,0.7628961803617734,0.0,3.0,1.5,0,149.49,0.0,0.0,False,True,False,False,False,False,False,False,True,False,False,False,False,False,False,False,False,False,False,False,False,False,False,False,False,False,False,False,False,False,False,False,False,False,True,False
India,Blender,2025-10-04,Home & Kitchen,0.0,149.49,,20.0,2.0,0.0,0.0,5,4,40,10,4,277,1,-0.9749279121818236,-0.2225209339563146,-0.8660254037844386,0.5000000000000001,0.0,1,1.0,1,0.0,1,3.0,1,0.42857142857142855,0.7867957924694373,0.0,2.0,0.21428571428571427,0.21428571428571427,0.686221153054518,0.0,3.0,2.0,0,149.49,0.0,0.0,False,True,False,False,False,False,False,False,True,False,False,False,False,False,False,False,False,False,False,False,False,False,False,False,False,False,False,False,False,False,False,False,False,False,True,False
India,Blender,2025-10-05,Home & Kitchen,1.0,240.76,0.03,20.0,2.0,1.0,0.0,6,5,40,10,4,278,1,-0.7818314824680299,0.6234898018587334,-0.8660254037844386,0.5000000000000001,0.0,1,0.0,1,0.0,1,0.0,1,0.2857142857142857,0.7559289460184483,0.0,2.0,0.21428571428571427,0.10714285714285714,0.4162696521251875,0.0,2.0,2.6666666666666665,1,149.49,91.26999999999998,0.6105425112047627,False,True,False,False,False,False,False,False,True,False,False,False,False,False,False,False,False,False,False,False,False,False,False,False,False,False,False,False,False,False,False,False,False,False,True,False
India,Blender,2025-10-06,Home & Kitchen,0.0,240.76,,20.0,2.0,0.0,0.0,0,6,41,10,4,279,0,0.0,1.0,-0.8660254037844386,0.5000000000000001,1.0,1,2.0,1,0.0,1,0.0,1,0.42857142857142855,0.7867957924694373,0.0,2.0,0.2857142857142857,0.14285714285714285,0.4483951394230344,0.0,2.0,3.0,0,240.76,0.0,0.0,False,True,False,False,False,False,False,False,True,False,False,False,False,False,False,False,False,False,False,False,False,False,False,False,False,False,False,False,False,False,False,False,False,False,True,False
India,Blender,2025-10-07,Home & Kitchen,0.0,240.76,,20.0,2.0,0.0,0.0,1,7,41,10,4,280,0,0.7818314824680298,0.6234898018587336,-0.8660254037844386,0.5000000000000001,0.0,1,0.0,1,0.0,1,0.0,1,0.14285714285714285,0.3779644730092146,0.0,1.0,0.2857142857142857,0.14285714285714285,0.4483951394230344,0.0,2.0,1.0,0,240.76,0.0,0.0,False,True,False,False,False,False,False,False,True,False,False,False,False,False,False,False,False,False,False,False,False,False,False,False,False,False,False,False,False,False,False,False,False,False,True,False
India,Blender,2025-10-08,Home & Kitchen,0.0,240.76,,20.0,2.0,0.0,0.0,2,8,41,10,4,281,0,0.9749279121818236,-0.22252093395631434,-0.8660254037844386,0.5000000000000001,0.0,1,0.0,1,0.0,1,0.0,1,0.14285714285714285,0.3779644730092146,0.0,1.0,0.2857142857142857,0.14285714285714285,0.4483951394230344,0.0,2.0,1.0,0,240.76,0.0,0.0,False,True,False,False,False,False,False,False,True,False,False,False,False,False,False,False,False,False,False,False,False,False,False,False,False,False,False,False,False,False,False,False,False,False,True,False
India,Blender,2025-10-09,Home & Kitchen,0.0,240.76,,20.0,2.0,0.0,0.0,3,9,41,10,4,282,0,0.43388373911755823,-0.900968867902419,-0.8660254037844386,0.5000000000000001,0.0,1,0.0,1,0.0,1,0.0,1,0.14285714285714285,0.3779644730092146,0.0,1.0,0.2857142857142857,0.14285714285714285,0.4483951394230344,0.0,2.0,1.0,0,240.76,0.0,0.0,False,True,False,False,False,False,False,False,True,False,False,False,False,False,False,False,False,False,False,False,False,False,False,False,False,False,False,False,False,False,False,False,False,False,True,False
India,Blender,2025-10-10,Home & Kitchen,0.0,240.76,,20.0,2.0,0.0,0.0,4,10,41,10,4,283,0,-0.433883739117558,-0.9009688679024191,-0.8660254037844386,0.5000000000000001,0.0,1,0.0,1,0.0,1,0.0,1,0.14285714285714285,0.3779644730092146,0.0,1.0,0.2857142857142857,0.14285714285714285,0.4483951394230344,0.0,2.0,1.0,0,240.76,0.0,0.0,False,True,False,False,False,False,False,False,True,False,False,False,False,False,False,False,False,False,False,False,False,False,False,False,False,False,False,False,False,False,False,False,False,False,True,False
India,Blender,2025-10-11,Home & Kitchen,1.0,235.42,0.07,20.0,2.0,1.0,0.0,5,11,41,10,4,284,1,-0.9749279121818236,-0.2225209339563146,-0.8660254037844386,0.5000000000000001,0.0,1,0.0,1,1.0,1,0.0,1,0.14285714285714285,0.3779644730092146,0.0,1.0,0.2857142857142857,0.14285714285714285,0.4483951394230344,0.0,2.0,1.0,1,240.76,-5.340000000000003,-0.022179764080412043,False,True,False,False,False,False,False,False,True,False,False,False,False,False,False,False,False,False,False,False,False,False,False,False,False,False,False,False,False,False,False,False,False,False,True,False
India,Blender,2025-10-12,Home & Kitchen,0.0,235.42,,20.0,2.0,0.0,0.0,6,12,41,10,4,285,1,-0.7818314824680299,0.6234898018587334,-0.8660254037844386,0.5000000000000001,1.0,1,1.0,1,0.0,1,0.0,1,0.2857142857142857,0.487950036474257,0.0,1.0,0.2857142857142857,0.17857142857142858,0.4755948656056724,0.0,2.0,1.5999999999999999,0,235.42,0.0,0.0,False,True,False,False,False,False,False,False,True,False,False,False,False,False,False,False,False,False,False,False,False,False,False,False,False,False,False,False,False,False,False,False,False,False,True,False
India,Blender,2025-10-13,Home & Kitchen,0.0,235.42,,20.0,2.0,0.0,0.0,0,13,42,10,4,286,0,0.0,1.0,-0.8660254037844386,0.5000000000000001,0.0,1,0.0,1,2.0,1,0.0,1,0.14285714285714285,0.3779644730092146,0.0,1.0,0.2857142857142857,0.17857142857142858,0.4755948656056724,0.0,2.0,0.7999999999999999,0,235.42,0.0,0.0,False,True,False,False,False,False,False,False,True,False,False,False,False,False,False,False,False,False,False,False,False,False,False,False,False,False,False,False,False,False,False,False,False,False,True,False
India,Blender,2025-10-14,Home & Kitchen,0.0,235.42,,20.0,2.0,0.0,0.0,1,14,42,10,4,287,0,0.7818314824680298,0.6234898018587336,-0.8660254037844386,0.5000000000000001,0.0,1,0.0,1,0.0,1,0.0,1,0.14285714285714285,0.3779644730092146,0.0,1.0,0.14285714285714285,0.17857142857142858,0.4755948656056724,0.0,2.0,0.7999999999999999,0,235.42,0.0,0.0,False,True,False,False,False,False,False,False,True,False,False,False,False,False,False,False,False,False,False,False,False,False,False,False,False,False,False,False,False,False,False,False,False,False,True,False
India,Blender,2025-10-15,Home & Kitchen,0.0,235.42,,20.0,2.0,0.0,0.0,2,15,42,10,4,288,0,0.9749279121818236,-0.22252093395631434,-0.8660254037844386,0.5000000000000001,0.0,1,0.0,1,0.0,1,0.0,1,0.14285714285714285,0.3779644730092146,0.0,1.0,0.14285714285714285,0.17857142857142858,0.4755948656056724,0.0,2.0,0.7999999999999999,0,235.42,0.0,0.0,False,True,False,False,False,False,False,False,True,False,False,False,False,False,False,False,False,False,False,False,False,False,False,False,False,False,False,False,False,False,False,False,False,False,True,False
India,Blender,2025-10-16,Home & Kitchen,0.0,235.42,,20.0,2.0,0.0,0.0,3,16,42,10,4,289,0,0.43388373911755823,-0.900968867902419,-0.8660254037844386,0.5000000000000001,0.0,1,0.0,1,0.0,1,0.0,1,0.14285714285714285,0.3779644730092146,0.0,1.0,0.14285714285714285,0.17857142857142858,0.4755948656056724,0.0,2.0,0.7999999999999999,0,235.42,0.0,0.0,False,True,False,False,False,False,False,False,True,False,False,False,False,False,False,False,False,False,False,False,False,False,False,False,False,False,False,False,False,False,False,False,False,False,True,False
India,Blender,2025-10-17,Home & Kitchen,2.0,157.88,0.12,20.0,2.0,1.0,0.0,4,17,42,10,4,290,0,-0.433883739117558,-0.9009688679024191,-0.8660254037844386,0.5000000000000001,0.0,1,0.0,1,0.0,1,0.0,1,0.14285714285714285,0.3779644730092146,0.0,1.0,0.14285714285714285,0.17857142857142858,0.4755948656056724,0.0,2.0,0.7999999999999999,1,235.42,-77.53999999999999,-0.32936878769858124,False,True,False,False,False,False,False,False,True,False,False,False,False,False,False,False,False,False,False,False,False,False,False,False,False,False,False,False,False,False,False,False,False,False,True,False
India,Blender,2025-10-18,Home & Kitchen,0.0,157.88,,20.0,2.0,0.0,0.0,5,18,42,10,4,291,1,-0.9749279121818236,-0.2225209339563146,-0.8660254037844386,0.5000000000000001,2.0,1,1.0,1,0.0,1,0.0,1,0.42857142857142855,0.7867957924694373,0.0,2.0,0.2857142857142857,0.25,0.5853140973807089,0.0,2.0,1.7142857142857142,0,157.88,0.0,0.0,False,True,False,False,False,False,False,False,True,False,False,False,False,False,False,False,False,False,False,False,False,False,False,False,False,False,False,False,False,False,False,False,False,False,True,False
India,Blender,2025-10-19,Home & Kitchen,0.0,157.88,,20.0,2.0,0.0,0.0,6,19,42,10,4,292,1,-0.7818314824680299,0.6234898018587334,-0.8660254037844386,0.5000000000000001,0.0,1,0.0,1,1.0,1,0.0,1,0.2857142857142857,0.7559289460184483,0.0,2.0,0.2857142857142857,0.25,0.5853140973807089,0.0,2.0,1.1428571428571428,0,157.88,0.0,0.0,False,True,False,False,False,False,False,False,True,False,False,False,False,False,False,False,False,False,False,False,False,False,False,False,False,False,False,False,False,False,False,False,False,False,True,False
India,Blender,2025-10-20,Home & Kitchen,0.0,157.88,,20.0,2.0,0.0,0.0,0,20,43,10,4,293,0,0.0,1.0,-0.8660254037844386,0.5000000000000001,0.0,1,0.0,1,0.0,1,0.0,1,0.2857142857142857,0.7559289460184483,0.0,2.0,0.21428571428571427,0.25,0.5853140973807089,0.0,2.0,1.1428571428571428,0,157.88,0.0,0.0,False,True,False,False,False,False,False,False,True,False,False,False,False,False,False,False,False,False,False,False,False,False,False,False,False,False,False,False,False,False,False,False,False,False,True,False
India,Blender,2025-10-21,Home & Kitchen,2.0,256.75,0.07,20.0,2.0,1.0,0.0,1,21,43,10,4,294,0,0.7818314824680298,0.6234898018587336,-0.8660254037844386,0.5000000000000001,0.0,1,0.0,1,0.0,1,0.0,1,0.2857142857142857,0.7559289460184483,0.0,2.0,0.21428571428571427,0.25,0.5853140973807089,0.0,2.0,1.1428571428571428,1,157.88,98.87,0.6262351152774259,False,True,False,False,False,False,False,False,True,False,False,False,False,False,False,False,False,False,False,False,False,False,False,False,False,False,False,False,False,False,False,False,False,False,True,False
India,Blender,2025-10-22,Home & Kitchen,0.0,256.75,,20.0,2.0,0.0,0.0,2,22,43,10,4,295,0,0.9749279121818236,-0.22252093395631434,-0.8660254037844386,0.5000000000000001,2.0,1,0.0,1,0.0,1,0.0,1,0.5714285714285714,0.9759000729485285,0.0,2.0,0.35714285714285715,0.32142857142857145,0.6696362433535836,0.0,2.0,1.7777777777777775,0,256.75,0.0,0.0,False,True,False,False,False,False,False,False,True,False,False,False,False,False,False,False,False,False,False,False,False,False,False,False,False,False,False,False,False,False,False,False,False,False,True,False
India,Blender,2025-10-23,Home & Kitchen,1.0,168.78,0.03,20.0,2.0,1.0,0.0,3,23,43,10,4,296,0,0.43388373911755823,-0.900968867902419,-0.8660254037844386,0.5000000000000001,0.0,1,0.0,1,0.0,1,0.0,1,0.5714285714285714,0.9759000729485285,0.0,2.0,0.35714285714285715,0.32142857142857145,0.6696362433535836,0.0,2.0,1.7777777777777775,1,256.75,-87.97,-0.34262901655306716,False,True,False,False,False,False,False,False,True,False,False,False,False,False,False,False,False,False,False,False,False,False,False,False,False,False,False,False,False,False,False,False,False,False,True,False
India,Blender,2025-10-24,Home & Kitchen,0.0,168.78,,20.0,2.0,0.0,0.0,4,24,43,10,4,297,0,-0.433883739117558,-0.9009688679024191,-0.8660254037844386,0.5000000000000001,1.0,1,2.0,1,0.0,1,0.0,1,0.7142857142857143,0.9511897312113372,0.0,2.0,0.42857142857142855,0.35714285714285715,0.678466992798811,0.0,2.0,2.0,0,168.78,0.0,0.0,False,True,False,False,False,False,False,False,True,False,False,False,False,False,False,False,False,False,False,False,False,False,False,False,False,False,False,False,False,False,False,False,False,False,True,False
India,Blender,2025-10-25,Home & Kitchen,0.0,168.78,,20.0,2.0,0.0,0.0,5,25,43,10,4,298,1,-0.9749279121818236,-0.2225209339563146,-0.8660254037844386,0.5000000000000001,0.0,1,0.0,1,1.0,1,1.0,1,0.42857142857142855,0.7867957924694372,0.0,2.0,0.42857142857142855,0.35714285714285715,0.678466992798811,0.0,2.0,1.2,0,168.78,0.0,0.0,False,True,False,False,False,False,False,False,True,False,False,False,False,False,False,False,False,False,False,False,False,False,False,False,False,False,False,False,False,False,False,False,False,False,True,False
India,Blender,2025-10-26,Home & Kitchen,0.0,168.78,,20.0,2.0,0.0,0.0,6,26,43,10,4,299,1,-0.7818314824680299,0.6234898018587334,-0.8660254037844386,0.5000000000000001,0.0,1,0.0,1,0.0,1,0.0,1,0.42857142857142855,0.7867957924694372,0.0,2.0,0.35714285714285715,0.32142857142857145,0.6696362433535836,0.0,2.0,1.3333333333333333,0,168.78,0.0,0.0,False,True,False,False,False,False,False,False,True,False,False,False,False,False,False,False,False,False,False,False,False,False,False,False,False,False,False,False,False,False,False,False,False,False,True,False
India,Blender,2025-10-27,Home & Kitchen,0.0,168.78,,20.0,2.0,0.0,0.0,0,27,44,10,4,300,0,0.0,1.0,-0.8660254037844386,0.5000000000000001,0.0,1,0.0,1,0.0,1,2.0,1,0.42857142857142855,0.7867957924694372,0.0,2.0,0.35714285714285715,0.32142857142857145,0.6696362433535836,0.0,2.0,1.3333333333333333,0,168.78,0.0,0.0,False,True,False,False,False,False,False,False,True,False,False,False,False,False,False,False,False,False,False,False,False,False,False,False,False,False,False,False,False,False,False,False,False,False,True,False
India,Blender,2025-10-28,Home & Kitchen,0.0,168.78,,20.0,2.0,0.0,0.0,1,28,44,10,4,301,0,0.7818314824680298,0.6234898018587336,-0.8660254037844386,0.5000000000000001,0.0,1,2.0,1,0.0,1,0.0,1,0.42857142857142855,0.7867957924694372,0.0,2.0,0.35714285714285715,0.25,0.5853140973807089,0.0,2.0,1.7142857142857142,0,168.78,0.0,0.0,False,True,False,False,False,False,False,False,True,False,False,False,False,False,False,False,False,False,False,False,False,False,False,False,False,False,False,False,False,False,False,False,False,False,True,False
India,Blender,2025-10-29,Home & Kitchen,0.0,168.78,,20.0,2.0,0.0,0.0,2,29,44,10,4,302,0,0.9749279121818236,-0.22252093395631434,-0.8660254037844386,0.5000000000000001,0.0,1,0.0,1,0.0,1,0.0,1,0.14285714285714285,0.3779644730092143,0.0,1.0,0.35714285714285715,0.25,0.5853140973807089,0.0,2.0,0.5714285714285714,0,168.78,0.0,0.0,False,True,False,False,False,False,False,False,True,False,False,False,False,False,False,False,False,False,False,False,False,False,False,False,False,False,False,False,False,False,False,False,False,False,True,False
India,Blender,2025-10-30,Home & Kitchen,0.0,168.78,,20.0,2.0,0.0,0.0,3,30,44,10,4,303,0,0.43388373911755823,-0.900968867902419,-0.8660254037844386,0.5000000000000001,0.0,1,1.0,1,0.0,1,0.0,1,0.14285714285714285,0.3779644730092143,0.0,1.0,0.35714285714285715,0.25,0.5853140973807089,0.0,2.0,0.5714285714285714,0,168.78,0.0,0.0,False,True,False,False,False,False,False,False,True,False,False,False,False,False,False,False,False,False,False,False,False,False,False,False,False,False,False,False,False,False,False,False,False,False,True,False
India,Blender,2025-10-31,Home & Kitchen,0.0,168.78,,20.0,2.0,0.0,0.0,4,31,44,10,4,304,0,-0.433883739117558,-0.9009688679024191,-0.8660254037844386,0.5000000000000001,0.0,1,0.0,1,2.0,1,0.0,1,0.0,0.0,0.0,0.0,0.35714285714285715,0.25,0.5853140973807089,0.0,2.0,0.0,0,168.78,0.0,0.0,False,True,False,False,False,False,False,False,True,False,False,False,False,False,False,False,False,False,False,False,False,False,False,False,False,False,False,False,False,False,False,False,False,False,True,False
India,Blender,2025-11-01,Home & Kitchen,0.0,168.78,,20.0,2.0,0.0,0.0,5,1,44,11,4,305,1,-0.9749279121818236,-0.2225209339563146,-0.5000000000000004,0.8660254037844384,0.0,1,0.0,1,0.0,1,0.0,1,0.0,0.0,0.0,0.0,0.21428571428571427,0.25,0.5853140973807089,0.0,2.0,0.0,0,168.78,0.0,0.0,False,True,False,False,False,False,False,False,True,False,False,False,False,False,False,False,False,False,False,False,False,False,False,False,False,False,False,False,False,False,False,False,False,False,True,False
India,Blender,2025-11-02,Home & Kitchen,6.0,134.07,0.29,20.0,2.0,1.0,0.0,6,2,44,11,4,306,1,-0.7818314824680299,0.6234898018587334,-0.5000000000000004,0.8660254037844384,0.0,1,0.0,1,0.0,1,1.0,1,0.0,0.0,0.0,0.0,0.21428571428571427,0.25,0.5853140973807089,0.0,2.0,0.0,1,168.78,-34.71000000000001,-0.20565232847493783,False,True,False,False,False,False,False,False,True,False,False,False,False,False,False,False,False,False,False,False,False,False,False,False,False,False,False,False,False,False,False,False,False,False,True,False
India,Blender,2025-11-03,Home & Kitchen,0.0,134.07,,20.0,2.0,0.0,0.0,0,3,45,11,4,307,0,0.0,1.0,-0.5000000000000004,0.8660254037844384,6.0,1,0.0,1,0.0,1,0.0,1,0.8571428571428571,2.2677868380553616,0.0,6.0,0.6428571428571429,0.42857142857142855,1.2301331282538142,0.0,6.0,2.0,0,134.07,0.0,0.0,False,True,False,False,False,False,False,False,True,False,False,False,False,False,False,False,False,False,False,False,False,False,False,False,False,False,False,False,False,False,False,False,False,False,True,False
India,Blender,2025-11-04,Home & Kitchen,0.0,134.07,,20.0,2.0,0.0,0.0,1,4,45,11,4,308,0,0.7818314824680298,0.6234898018587336,-0.5000000000000004,0.8660254037844384,0.0,1,0.0,1,2.0,1,0.0,1,0.8571428571428571,2.2677868380553616,0.0,6.0,0.6428571428571429,0.42857142857142855,1.2301331282538142,0.0,6.0,2.0,0,134.07,0.0,0.0,False,True,False,False,False,False,False,False,True,False,False,False,False,False,False,False,False,False,False,False,False,False,False,False,False,False,False,False,False,False,False,False,False,False,True,False
India,Blender,2025-11-05,Home & Kitchen,3.0,207.87,0.18,20.0,2.0,1.0,0.0,2,5,45,11,4,309,0,0.9749279121818236,-0.22252093395631434,-0.5000000000000004,0.8660254037844384,0.0,1,0.0,1,0.0,1,0.0,1,0.8571428571428571,2.2677868380553616,0.0,6.0,0.5,0.42857142857142855,1.2301331282538142,0.0,6.0,2.0,1,134.07,73.80000000000001,0.5504587155963304,False,True,False,False,False,False,False,False,True,False,False,False,False,False,False,False,False,False,False,False,False,False,False,False,False,False,False,False,False,False,False,False,False,False,True,False
India,Blender,2025-11-06,Home & Kitchen,2.0,296.07,0.24,20.0,2.0,1.0,0.0,3,6,45,11,4,310,0,0.43388373911755823,-0.900968867902419,-0.5000000000000004,0.8660254037844384,3.0,1,0.0,1,1.0,1,0.0,1,1.2857142857142858,2.3603873774083275,0.0,6.0,0.7142857142857143,0.5357142857142857,1.3188699668344834,0.0,6.0,2.4000000000000004,1,207.87,88.19999999999999,0.4243036513205368,False,True,False,False,False,False,False,False,True,False,False,False,False,False,False,False,False,False,False,False,False,False,False,False,False,False,False,False,False,False,False,False,False,False,True,False
India,Blender,2025-11-07,Home & Kitchen,0.0,296.07,,20.0,2.0,0.0,0.0,4,7,45,11,4,311,0,-0.433883739117558,-0.9009688679024191,-0.5000000000000004,0.8660254037844384,2.0,1,0.0,1,0.0,1,0.0,1,1.5714285714285714,2.299068134204439,0.0,6.0,0.7857142857142857,0.6071428571428571,1.342724861209494,0.0,6.0,2.588235294117647,0,296.07,0.0,0.0,False,True,False,False,False,False,False,False,True,False,False,False,False,False,False,False,False,False,False,False,False,False,False,False,False,False,False,False,False,False,False,False,False,False,True,False
India,Blender,2025-11-08,Home & Kitchen,3.0,101.96,0.16,20.0,2.0,1.0,0.0,5,8,45,11,4,312,1,-0.9749279121818236,-0.2225209339563146,-0.5000000000000004,0.8660254037844384,0.0,1,0.0,1,0.0,1,1.0,1,1.5714285714285714,2.299068134204439,0.0,6.0,0.7857142857142857,0.6071428571428571,1.342724861209494,0.0,6.0,2.588235294117647,1,296.07,-194.11,-0.6556219812882089,False,True,False,False,False,False,False,False,True,False,False,False,False,False,False,False,False,False,False,False,False,False,False,False,False,False,False,False,False,False,False,False,False,False,True,False
India,Blender,2025-11-09,Home & Kitchen,3.0,190.59,0.24,20.0,2.0,1.0,0.0,6,9,45,11,4,313,1,-0.7818314824680299,0.6234898018587334,-0.5000000000000004,0.8660254037844384,3.0,1,6.0,1,0.0,1,0.0,1,2.0,2.236067977499788,0.0,6.0,1.0,0.6785714285714286,1.415615856780453,0.0,6.0,2.9473684210526314,1,101.96,88.63000000000001,0.8692624558650452,False,True,False,False,False,False,False,False,True,False,False,False,False,False,False,False,False,False,False,False,False,False,False,False,False,False,False,False,False,False,False,False,False,False,True,False
India,Blender,2025-11-10,Home & Kitchen,0.0,190.59,,20.0,2.0,0.0,0.0,0,10,46,11,4,314,0,0.0,1.0,-0.5000000000000004,0.8660254037844384,3.0,1,0.0,1,0.0,1,0.0,1,1.5714285714285714,1.5118578920369066,0.0,3.0,1.2142857142857142,0.7857142857142857,1.4746535778287648,0.0,6.0,2.0,0,190.59,0.0,0.0,False,True,False,False,False,False,False,False,True,False,False,False,False,False,False,False,False,False,False,False,False,False,False,False,False,False,False,False,False,False,False,False,False,False,True,False
India,Blender,2025-11-11,Home & Kitchen,0.0,190.59,,20.0,2.0,0.0,0.0,1,11,46,11,4,315,0,0.7818314824680298,0.6234898018587336,-0.5000000000000004,0.8660254037844384,0.0,1,0.0,1,0.0,1,0.0,1,1.5714285714285714,1.5118578920369066,0.0,3.0,1.2142857142857142,0.7857142857142857,1.4746535778287648,0.0,6.0,2.0,0,190.59,0.0,0.0,False,True,False,False,False,False,False,False,True,False,False,False,False,False,False,False,False,False,False,False,False,False,False,False,False,False,False,False,False,False,False,False,False,False,True,False
India,Blender,2025-11-12,Home & Kitchen,2.0,63.58,0.15,20.0,2.0,1.0,0.0,2,12,46,11,4,316,0,0.9749279121818236,-0.22252093395631434,-0.5000000000000004,0.8660254037844384,0.0,1,3.0,1,0.0,1,0.0,1,1.5714285714285714,1.5118578920369066,0.0,3.0,1.2142857142857142,0.7857142857142857,1.4746535778287648,0.0,6.0,2.0,1,190.59,-127.01,-0.6664043234167585,False,True,False,False,False,False,False,False,True,False,False,False,False,False,False,False,False,False,False,False,False,False,False,False,False,False,False,False,False,False,False,False,False,False,True,False
India,Blender,2025-11-13,Home & Kitchen,0.0,63.58,,20.0,2.0,0.0,0.0,3,13,46,11,4,317,0,0.43388373911755823,-0.900968867902419,-0.5000000000000004,0.8660254037844384,2.0,1,2.0,1,0.0,1,0.0,1,1.4285714285714286,1.3972762620115413,0.0,3.0,1.3571428571428572,0.8571428571428571,1.4835963740378324,0.0,6.0,1.6666666666666667,0,63.58,0.0,0.0,False,True,False,False,False,False,False,False,True,False,False,False,False,False,False,False,False,False,False,False,False,False,False,False,False,False,False,False,False,False,False,False,False,False,True,False
India,Blender,2025-11-14,Home & Kitchen,4.0,126.97,0.17,20.0,2.0,1.0,0.0,4,14,46,11,4,318,0,-0.433883739117558,-0.9009688679024191,-0.5000000000000004,0.8660254037844384,0.0,1,0.0,1,0.0,1,2.0,1,1.1428571428571428,1.4638501094227974,0.0,3.0,1.3571428571428572,0.8571428571428571,1.4835963740378324,0.0,6.0,1.3333333333333333,1,63.58,63.39,0.997011638880151,False,True,False,False,False,False,False,False,True,False,False,False,False,False,False,False,False,False,False,False,False,False,False,False,False,False,False,False,False,False,False,False,False,False,True,False
India,Blender,2025-11-15,Home & Kitchen,0.0,126.97,,20.0,2.0,0.0,0.0,5,15,46,11,4,319,1,-0.9749279121818236,-0.2225209339563146,-0.5000000000000004,0.8660254037844384,4.0,1,3.0,1,0.0,1,0.0,1,1.7142857142857142,1.7043362064926915,0.0,4.0,1.6428571428571428,0.9285714285714286,1.5853162186855707,0.0,6.0,1.846153846153846,0,126.97,0.0,0.0,False,True,False,False,False,False,False,False,True,False,False,False,False,False,False,False,False,False,False,False,False,False,False,False,False,False,False,False,False,False,False,False,False,False,True,False
India,Blender,2025-11-16,Home & Kitchen,0.0,126.97,,20.0,2.0,0.0,0.0,6,16,46,11,4,320,1,-0.7818314824680299,0.6234898018587334,-0.5000000000000004,0.8660254037844384,0.0,1,3.0,1,6.0,1,0.0,1,1.2857142857142858,1.7043362064926912,0.0,4.0,1.6428571428571428,0.9285714285714286,1.5853162186855707,0.0,6.0,1.3846153846153846,0,126.97,0.0,0.0,False,True,False,False,False,False,False,False,True,False,False,False,False,False,False,False,False,False,False,False,False,False,False,False,False,False,False,False,False,False,False,False,False,False,True,False
India,Blender,2025-11-17,Home & Kitchen,2.0,204.91,0.29,20.0,2.0,1.0,0.0,0,17,47,11,4,321,0,0.0,1.0,-0.5000000000000004,0.8660254037844384,0.0,1,0.0,1,0.0,1,0.0,1,0.8571428571428571,1.5735915849388837,0.0,4.0,1.2142857142857142,0.9285714285714286,1.5853162186855707,0.0,6.0,0.923076923076923,1,126.97,77.94,0.6138457903441757,False,True,False,False,False,False,False,False,True,False,False,False,False,False,False,False,False,False,False,False,False,False,False,False,False,False,False,False,False,False,False,False,False,False,True,False
India,Blender,2025-11-18,Home & Kitchen,0.0,204.91,,20.0,2.0,0.0,0.0,1,18,47,11,4,322,0,0.7818314824680298,0.6234898018587336,-0.5000000000000004,0.8660254037844384,2.0,1,0.0,1,0.0,1,2.0,1,1.1428571428571428,1.573591584938884,0.0,4.0,1.3571428571428572,1.0,1.5869840952317453,0.0,6.0,1.1428571428571428,0,204.91,0.0,0.0,False,True,False,False,False,False,False,False,True,False,False,False,False,False,False,False,False,False,False,False,False,False,False,False,False,False,False,False,False,False,False,False,False,False,True,False
India,Blender,2025-11-19,Home & Kitchen,5.0,175.63,0.15,20.0,2.0,1.0,0.0,2,19,47,11,4,323,0,0.9749279121818236,-0.22252093395631434,-0.5000000000000004,0.8660254037844384,0.0,1,2.0,1,3.0,1,0.0,1,1.1428571428571428,1.573591584938884,0.0,4.0,1.3571428571428572,0.9285714285714286,1.5853162186855707,0.0,6.0,1.2307692307692306,1,204.91,-29.28,-0.14289200136645358,False,True,False,False,False,False,False,False,True,False,False,False,False,False,False,False,False,False,False,False,False,False,False,False,False,False,False,False,False,False,False,False,False,False,True,False
India,Blender,2025-11-20,Home & Kitchen,10.0,203.275,0.19,20.0,2.0,1.0,1.0,3,20,47,11,4,324,0,0.43388373911755823,-0.900968867902419,-0.5000000000000004,0.8660254037844384,5.0,1,0.0,1,2.0,1,1.0,1,1.5714285714285714,2.149196970742238,0.0,5.0,1.5,1.1071428571428572,1.7499055152119827,0.0,6.0,1.4193548387096773,1,175.63,27.64500000000001,0.15740477139440875,False,True,False,False,False,False,False,False,True,False,False,False,False,False,False,False,False,False,False,False,False,False,False,False,False,False,False,False,False,False,False,False,False,False,True,False
India,Blender,2025-11-21,Home & Kitchen,5.0,30.74,0.19,20.0,2.0,1.0,0.0,4,21,47,11,4,325,0,-0.433883739117558,-0.9009688679024191,-0.5000000000000004,0.8660254037844384,10.0,1,4.0,1,0.0,1,0.0,1,3.0,3.6968455021364712,0.0,10.0,2.0714285714285716,1.4285714285714286,2.4256128882403902,0.0,10.0,2.1,1,203.275,-172.535,-0.8487762882794244,False,True,False,False,False,False,False,False,True,False,False,False,False,False,False,False,False,False,False,False,False,False,False,False,False,False,False,False,False,False,False,False,False,False,True,False
India,Blender,2025-11-22,Home & Kitchen,0.0,30.74,,20.0,2.0,0.0,0.0,5,22,47,11,4,326,1,-0.9749279121818236,-0.2225209339563146,-0.5000000000000004,0.8660254037844384,5.0,1,0.0,1,3.0,1,0.0,1,3.142857142857143,3.7606990231680513,0.0,10.0,2.4285714285714284,1.6071428571428572,2.4994708434695734,0.0,10.0,1.9555555555555555,0,30.74,0.0,0.0,False,True,False,False,False,False,False,False,True,False,False,False,False,False,False,False,False,False,False,False,False,False,False,False,False,False,False,False,False,False,False,False,False,False,True,False
India,Blender,2025-11-23,Home & Kitchen,7.0,153.245,0.29,20.0,2.0,1.0,0.0,6,23,47,11,4,327,1,-0.7818314824680299,0.6234898018587334,-0.5000000000000004,0.8660254037844384,0.0,1,0.0,1,3.0,1,0.0,1,3.142857142857143,3.7606990231680513,0.0,10.0,2.2142857142857144,1.6071428571428572,2.4994708434695734,0.0,10.0,1.9555555555555555,1,30.74,122.50500000000001,3.985198438516591,False,True,False,False,False,False,False,False,True,False,False,False,False,False,False,False,False,False,False,False,False,False,False,False,False,False,False,False,False,False,False,False,False,False,True,False
India,Blender,2025-11-24,Home & Kitchen,0.0,153.245,,20.0,2.0,0.0,0.0,0,24,48,11,4,328,0,0.0,1.0,-0.5000000000000004,0.8660254037844384,7.0,1,2.0,1,0.0,1,0.0,1,4.142857142857143,3.7161167647860314,0.0,10.0,2.5,1.8571428571428572,2.6765689163593693,0.0,10.0,2.230769230769231,0,153.245,0.0,0.0,False,True,False,False,False,False,False,False,True,False,False,False,False,False,False,False,False,False,False,False,False,False,False,False,False,False,False,False,False,False,False,False,False,False,True,False
India,Blender,2025-11-25,Home & Kitchen,4.0,292.91,0.16,20.0,2.0,1.0,0.0,1,25,48,11,4,329,0,0.7818314824680298,0.6234898018587336,-0.5000000000000004,0.8660254037844384,0.0,1,0.0,1,0.0,1,0.0,1,3.857142857142857,3.9761191895520183,0.0,10.0,2.5,1.8571428571428572,2.6765689163593693,0.0,10.0,2.076923076923077,1,153.245,139.66500000000002,0.9113837319325264,False,True,False,False,False,False,False,False,True,False,False,False,False,False,False,False,False,False,False,False,False,False,False,False,False,False,False,False,False,False,False,False,False,False,True,False
