store_id,product_id,date,category,sales,price,Discount_Applied,safety_stock,lead_time_days,promotion,is_outlier,day_of_week,day_of_month,week_of_year,month,quarter,day_of_year,is_weekend,sin_day_of_week,cos_day_of_week,sin_month,cos_month,lag_1,has_lag_1,lag_7,has_lag_7,lag_14,has_lag_14,lag_28,has_lag_28,rolling_mean_7,rolling_std_7,rolling_min_7,rolling_max_7,rolling_mean_14,rolling_mean_28,rolling_std_28,rolling_min_28,rolling_max_28,trend_ratio,is_promotion,previous_price,price_change,price_change_pct,store_id_Germany,store_id_India,store_id_Pakistan,store_id_UAE,store_id_UK,store_id_USA,product_id_4K Smart TV,product_id_Air Fryer,product_id_Blender,product_id_Coffee Maker,product_id_Cotton T-Shirt,product_id_Cycling Helmet,product_id_Denim Jeans,product_id_Dumbbell Set,product_id_Face Wash,product_id_Football,product_id_Formal Shirt,product_id_Gaming Laptop,product_id_Hair Serum,product_id_Lipstick Set,product_id_Microwave Oven,product_id_Moisturizing Cream,product_id_Perfume,product_id_Running Shoes,product_id_Smartphone 128GB,product_id_Smartwatch,product_id_Tennis Racket,product_id_Vacuum Cleaner,product_id_Winter Jacket,product_id_Wireless Noise-Canceling Headphones,product_id_Yoga Mat,category_Apparel,category_Beauty,category_Electronics,category_Home & Kitchen,category_Sports
USA,Vacuum Cleaner,2025-05-23,Home & Kitchen,1.0,62.32,0.04,20.0,2.0,1.0,0.0,4,23,21,5,2,143,0,-0.433883739117558,-0.9009688679024191,0.49999999999999994,-0.8660254037844387,0.0,1,0.0,1,0.0,1,3.0,1,0.0,0.0,0.0,0.0,0.21428571428571427,0.21428571428571427,0.7867957924694453,0.0,3.0,0.0,1,238.98,-176.66,-0.7392250397522805,False,False,False,False,False,True,False,False,False,False,False,False,False,False,False,False,False,False,False,False,False,False,False,False,False,False,False,True,False,False,False,False,False,False,True,False
USA,Vacuum Cleaner,2025-05-24,Home & Kitchen,3.0,253.57,0.11,20.0,2.0,1.0,0.0,5,24,21,5,2,144,1,-0.9749279121818236,-0.2225209339563146,0.49999999999999994,-0.8660254037844387,1.0,1,0.0,1,3.0,1,0.0,1,0.14285714285714285,0.37796447300921626,0.0,1.0,0.2857142857142857,0.14285714285714285,0.5909368402852816,0.0,3.0,1.0,1,62.32,191.25,3.0688382541720154,False,False,False,False,False,True,False,False,False,False,False,False,False,False,False,False,False,False,False,False,False,False,False,False,False,False,False,True,False,False,False,False,False,False,True,False
USA,Vacuum Cleaner,2025-05-25,Home & Kitchen,0.0,253.57,,20.0,2.0,0.0,0.0,6,25,21,5,2,145,1,-0.7818314824680299,0.6234898018587334,0.49999999999999994,-0.8660254037844387,3.0,1,0.0,1,0.0,1,0.0,1,0.5714285714285714,1.1338934190276795,0.0,3.0,0.2857142857142857,0.25,0.7993052538854554,0.0,3.0,2.2857142857142856,0,253.57,0.0,0.0,False,False,False,False,False,True,False,False,False,False,False,False,False,False,False,False,False,False,False,False,False,False,False,False,False,False,False,True,False,False,False,False,False,False,True,False
USA,Vacuum Cleaner,2025-05-26,Home & Kitchen,0.0,253.57,,20.0,2.0,0.0,0.0,0,26,22,5,2,146,0,0.0,1.0,0.49999999999999994,-0.8660254037844387,0.0,1,0.0,1,0.0,1,0.0,1,0.5714285714285714,1.1338934190276795,0.0,3.0,0.2857142857142857,0.25,0.7993052538854554,0.0,3.0,2.2857142857142856,0,253.57,0.0,0.0,False,False,False,False,False,True,False,False,False,False,False,False,False,False,False,False,False,False,False,False,False,False,False,False,False,False,False,True,False,False,False,False,False,False,True,False
USA,Vacuum Cleaner,2025-05-27,Home & Kitchen,0.0,253.57,,20.0,2.0,0.0,0.0,1,27,22,5,2,147,0,0.7818314824680298,0.6234898018587336,0.49999999999999994,-0.8660254037844387,0.0,1,0.0,1,0.0,1,0.0,1,0.5714285714285714,1.1338934190276795,0.0,3.0,0.2857142857142857,0.25,0.7993052538854554,0.0,3.0,2.2857142857142856,0,253.57,0.0,0.0,False,False,False,False,False,True,False,False,False,False,False,False,False,False,False,False,False,False,False,False,False,False,False,False,False,False,False,True,False,False,False,False,False,False,True,False
USA,Vacuum Cleaner,2025-05-28,Home & Kitchen,0.0,253.57,,20.0,2.0,0.0,0.0,2,28,22,5,2,148,0,0.9749279121818236,-0.22252093395631434,0.49999999999999994,-0.8660254037844387,0.0,1,0.0,1,0.0,1,0.0,1,0.5714285714285714,1.1338934190276795,0.0,3.0,0.2857142857142857,0.25,0.7993052538854554,0.0,3.0,2.2857142857142856,0,253.57,0.0,0.0,False,False,False,False,False,True,False,False,False,False,False,False,False,False,False,False,False,False,False,False,False,False,False,False,False,False,False,True,False,False,False,False,False,False,True,False
USA,Vacuum Cleaner,2025-05-29,Home & Kitchen,0.0,253.57,,20.0,2.0,0.0,0.0,3,29,22,5,2,149,0,0.43388373911755823,-0.900968867902419,0.49999999999999994,-0.8660254037844387,0.0,1,0.0,1,0.0,1,0.0,1,0.5714285714285714,1.1338934190276795,0.0,3.0,0.2857142857142857,0.25,0.7993052538854554,0.0,3.0,2.2857142857142856,0,253.57,0.0,0.0,False,False,False,False,False,True,False,False,False,False,False,False,False,False,False,False,False,False,False,False,False,False,False,False,False,False,False,True,False,False,False,False,False,False,True,False
USA,Vacuum Cleaner,2025-05-30,Home & Kitchen,0.0,253.57,,20.0,2.0,0.0,0.0,4,30,22,5,2,150,0,-0.433883739117558,-0.9009688679024191,0.49999999999999994,-0.8660254037844387,0.0,1,1.0,1,0.0,1,0.0,1,0.5714285714285714,1.1338934190276795,0.0,3.0,0.2857142857142857,0.25,0.7993052538854554,0.0,3.0,2.2857142857142856,0,253.57,0.0,0.0,False,False,False,False,False,True,False,False,False,False,False,False,False,False,False,False,False,False,False,False,False,False,False,False,False,False,False,True,False,False,False,False,False,False,True,False
USA,Vacuum Cleaner,2025-05-31,Home & Kitchen,0.0,253.57,,20.0,2.0,0.0,0.0,5,31,22,5,2,151,1,-0.9749279121818236,-0.2225209339563146,0.49999999999999994,-0.8660254037844387,0.0,1,3.0,1,0.0,1,0.0,1,0.42857142857142855,1.1338934190276788,0.0,3.0,0.2857142857142857,0.25,0.7993052538854554,0.0,3.0,1.7142857142857142,0,253.57,0.0,0.0,False,False,False,False,False,True,False,False,False,False,False,False,False,False,False,False,False,False,False,False,False,False,False,False,False,False,False,True,False,False,False,False,False,False,True,False
USA,Vacuum Cleaner,2025-06-01,Home & Kitchen,0.0,253.57,,20.0,2.0,0.0,0.0,6,1,22,6,2,152,1,-0.7818314824680299,0.6234898018587334,1.2246467991473532e-16,-1.0,0.0,1,0.0,1,0.0,1,0.0,1,0.0,0.0,0.0,0.0,0.2857142857142857,0.25,0.7993052538854554,0.0,3.0,0.0,0,253.57,0.0,0.0,False,False,False,False,False,True,False,False,False,False,False,False,False,False,False,False,False,False,False,False,False,False,False,False,False,False,False,True,False,False,False,False,False,False,True,False
USA,Vacuum Cleaner,2025-06-02,Home & Kitchen,1.0,97.91,0.14,20.0,2.0,1.0,0.0,0,2,23,6,2,153,0,0.0,1.0,1.2246467991473532e-16,-1.0,0.0,1,0.0,1,0.0,1,0.0,1,0.0,0.0,0.0,0.0,0.2857142857142857,0.25,0.7993052538854554,0.0,3.0,0.0,1,253.57,-155.66,-0.6138738809796112,False,False,False,False,False,True,False,False,False,False,False,False,False,False,False,False,False,False,False,False,False,False,False,False,False,False,False,True,False,False,False,False,False,False,True,False
USA,Vacuum Cleaner,2025-06-03,Home & Kitchen,0.0,97.91,,20.0,2.0,0.0,0.0,1,3,23,6,2,154,0,0.7818314824680298,0.6234898018587336,1.2246467991473532e-16,-1.0,1.0,1,0.0,1,0.0,1,0.0,1,0.14285714285714285,0.37796447300921604,0.0,1.0,0.35714285714285715,0.2857142857142857,0.8099905283919434,0.0,3.0,0.5,0,97.91,0.0,0.0,False,False,False,False,False,True,False,False,False,False,False,False,False,False,False,False,False,False,False,False,False,False,False,False,False,False,False,True,False,False,False,False,False,False,True,False
USA,Vacuum Cleaner,2025-06-04,Home & Kitchen,0.0,97.91,,20.0,2.0,0.0,0.0,2,4,23,6,2,155,0,0.9749279121818236,-0.22252093395631434,1.2246467991473532e-16,-1.0,0.0,1,0.0,1,0.0,1,0.0,1,0.14285714285714285,0.37796447300921604,0.0,1.0,0.35714285714285715,0.2857142857142857,0.8099905283919434,0.0,3.0,0.5,0,97.91,0.0,0.0,False,False,False,False,False,True,False,False,False,False,False,False,False,False,False,False,False,False,False,False,False,False,False,False,False,False,False,True,False,False,False,False,False,False,True,False
USA,Vacuum Cleaner,2025-06-05,Home & Kitchen,0.0,97.91,,20.0,2.0,0.0,0.0,3,5,23,6,2,156,0,0.43388373911755823,-0.900968867902419,1.2246467991473532e-16,-1.0,0.0,1,0.0,1,0.0,1,0.0,1,0.14285714285714285,0.37796447300921604,0.0,1.0,0.35714285714285715,0.2857142857142857,0.8099905283919434,0.0,3.0,0.5,0,97.91,0.0,0.0,False,False,False,False,False,True,False,False,False,False,False,False,False,False,False,False,False,False,False,False,False,False,False,False,False,False,False,True,False,False,False,False,False,False,True,False
USA,Vacuum Cleaner,2025-06-06,Home & Kitchen,0.0,97.91,,20.0,2.0,0.0,0.0,4,6,23,6,2,157,0,-0.433883739117558,-0.9009688679024191,1.2246467991473532e-16,-1.0,0.0,1,0.0,1,1.0,1,0.0,1,0.14285714285714285,0.37796447300921604,0.0,1.0,0.35714285714285715,0.2857142857142857,0.8099905283919434,0.0,3.0,0.5,0,97.91,0.0,0.0,False,False,False,False,False,True,False,False,False,False,False,False,False,False,False,False,False,False,False,False,False,False,False,False,False,False,False,True,False,False,False,False,False,False,True,False
USA,Vacuum Cleaner,2025-06-07,Home & Kitchen,0.0,97.91,,20.0,2.0,0.0,0.0,5,7,23,6,2,158,1,-0.9749279121818236,-0.2225209339563146,1.2246467991473532e-16,-1.0,0.0,1,0.0,1,3.0,1,3.0,1,0.14285714285714285,0.37796447300921604,0.0,1.0,0.2857142857142857,0.2857142857142857,0.8099905283919434,0.0,3.0,0.5,0,97.91,0.0,0.0,False,False,False,False,False,True,False,False,False,False,False,False,False,False,False,False,False,False,False,False,False,False,False,False,False,False,False,True,False,False,False,False,False,False,True,False
USA,Vacuum Cleaner,2025-06-08,Home & Kitchen,0.0,97.91,,20.0,2.0,0.0,0.0,6,8,23,6,2,159,1,-0.7818314824680299,0.6234898018587334,1.2246467991473532e-16,-1.0,0.0,1,0.0,1,0.0,1,0.0,1,0.14285714285714285,0.37796447300921604,0.0,1.0,0.07142857142857142,0.17857142857142858,0.6118321864193054,0.0,3.0,0.7999999999999999,0,97.91,0.0,0.0,False,False,False,False,False,True,False,False,False,False,False,False,False,False,False,False,False,False,False,False,False,False,False,False,False,False,False,True,False,False,False,False,False,False,True,False
USA,Vacuum Cleaner,2025-06-09,Home & Kitchen,3.0,223.47,0.09,20.0,2.0,1.0,0.0,0,9,24,6,2,160,0,0.0,1.0,1.2246467991473532e-16,-1.0,0.0,1,1.0,1,0.0,1,0.0,1,0.14285714285714285,0.37796447300921604,0.0,1.0,0.07142857142857142,0.17857142857142858,0.6118321864193054,0.0,3.0,0.7999999999999999,1,97.91,125.56,1.2824022061076499,False,False,False,False,False,True,False,False,False,False,False,False,False,False,False,False,False,False,False,False,False,False,False,False,False,False,False,True,False,False,False,False,False,False,True,False
USA,Vacuum Cleaner,2025-06-10,Home & Kitchen,0.0,223.47,,20.0,2.0,0.0,0.0,1,10,24,6,2,161,0,0.7818314824680298,0.6234898018587336,1.2246467991473532e-16,-1.0,3.0,1,0.0,1,0.0,1,0.0,1,0.42857142857142855,1.1338934190276788,0.0,3.0,0.2857142857142857,0.2857142857142857,0.8099905283919434,0.0,3.0,1.5,0,223.47,0.0,0.0,False,False,False,False,False,True,False,False,False,False,False,False,False,False,False,False,False,False,False,False,False,False,False,False,False,False,False,True,False,False,False,False,False,False,True,False
USA,Vacuum Cleaner,2025-06-11,Home & Kitchen,0.0,223.47,,20.0,2.0,0.0,0.0,2,11,24,6,2,162,0,0.9749279121818236,-0.22252093395631434,1.2246467991473532e-16,-1.0,0.0,1,0.0,1,0.0,1,0.0,1,0.42857142857142855,1.1338934190276788,0.0,3.0,0.2857142857142857,0.2857142857142857,0.8099905283919434,0.0,3.0,1.5,0,223.47,0.0,0.0,False,False,False,False,False,True,False,False,False,False,False,False,False,False,False,False,False,False,False,False,False,False,False,False,False,False,False,True,False,False,False,False,False,False,True,False
USA,Vacuum Cleaner,2025-06-12,Home & Kitchen,0.0,223.47,,20.0,2.0,0.0,0.0,3,12,24,6,2,163,0,0.43388373911755823,-0.900968867902419,1.2246467991473532e-16,-1.0,0.0,1,0.0,1,0.0,1,0.0,1,0.42857142857142855,1.1338934190276788,0.0,3.0,0.2857142857142857,0.2857142857142857,0.8099905283919434,0.0,3.0,1.5,0,223.47,0.0,0.0,False,False,False,False,False,True,False,False,False,False,False,False,False,False,False,False,False,False,False,False,False,False,False,False,False,False,False,True,False,False,False,False,False,False,True,False
USA,Vacuum Cleaner,2025-06-13,Home & Kitchen,0.0,223.47,,20.0,2.0,0.0,0.0,4,13,24,6,2,164,0,-0.433883739117558,-0.9009688679024191,1.2246467991473532e-16,-1.0,0.0,1,0.0,1,0.0,1,0.0,1,0.42857142857142855,1.1338934190276788,0.0,3.0,0.2857142857142857,0.2857142857142857,0.8099905283919434,0.0,3.0,1.5,0,223.47,0.0,0.0,False,False,False,False,False,True,False,False,False,False,False,False,False,False,False,False,False,False,False,False,False,False,False,False,False,False,False,True,False,False,False,False,False,False,True,False
USA,Vacuum Cleaner,2025-06-14,Home & Kitchen,0.0,223.47,,20.0,2.0,0.0,0.0,5,14,24,6,2,165,1,-0.9749279121818236,-0.2225209339563146,1.2246467991473532e-16,-1.0,0.0,1,0.0,1,0.0,1,0.0,1,0.42857142857142855,1.1338934190276788,0.0,3.0,0.2857142857142857,0.2857142857142857,0.8099905283919434,0.0,3.0,1.5,0,223.47,0.0,0.0,False,False,False,False,False,True,False,False,False,False,False,False,False,False,False,False,False,False,False,False,False,False,False,False,False,False,False,True,False,False,False,False,False,False,True,False
USA,Vacuum Cleaner,2025-06-15,Home & Kitchen,0.0,223.47,,20.0,2.0,0.0,0.0,6,15,24,6,2,166,1,-0.7818314824680299,0.6234898018587334,1.2246467991473532e-16,-1.0,0.0,1,0.0,1,0.0,1,0.0,1,0.42857142857142855,1.1338934190276788,0.0,3.0,0.2857142857142857,0.2857142857142857,0.8099905283919434,0.0,3.0,1.5,0,223.47,0.0,0.0,False,False,False,False,False,True,False,False,False,False,False,False,False,False,False,False,False,False,False,False,False,False,False,False,False,False,False,True,False,False,False,False,False,False,True,False
USA,Vacuum Cleaner,2025-06-16,Home & Kitchen,3.0,251.63,0.07,20.0,2.0,1.0,0.0,0,16,25,6,2,167,0,0.0,1.0,1.2246467991473532e-16,-1.0,0.0,1,3.0,1,1.0,1,0.0,1,0.42857142857142855,1.1338934190276788,0.0,3.0,0.2857142857142857,0.2857142857142857,0.8099905283919434,0.0,3.0,1.5,1,223.47,28.159999999999997,0.1260124401485658,False,False,False,False,False,True,False,False,False,False,False,False,False,False,False,False,False,False,False,False,False,False,False,False,False,False,False,True,False,False,False,False,False,False,True,False
USA,Vacuum Cleaner,2025-06-17,Home & Kitchen,0.0,251.63,,20.0,2.0,0.0,0.0,1,17,25,6,2,168,0,0.7818314824680298,0.6234898018587336,1.2246467991473532e-16,-1.0,3.0,1,0.0,1,0.0,1,0.0,1,0.42857142857142855,1.1338934190276788,0.0,3.0,0.42857142857142855,0.39285714285714285,0.9560445408144789,0.0,3.0,1.0909090909090908,0,251.63,0.0,0.0,False,False,False,False,False,True,False,False,False,False,False,False,False,False,False,False,False,False,False,False,False,False,False,False,False,False,False,True,False,False,False,False,False,False,True,False
USA,Vacuum Cleaner,2025-06-18,Home & Kitchen,0.0,251.63,,20.0,2.0,0.0,0.0,2,18,25,6,2,169,0,0.9749279121818236,-0.22252093395631434,1.2246467991473532e-16,-1.0,0.0,1,0.0,1,0.0,1,0.0,1,0.42857142857142855,1.1338934190276788,0.0,3.0,0.42857142857142855,0.39285714285714285,0.9560445408144789,0.0,3.0,1.0909090909090908,0,251.63,0.0,0.0,False,False,False,False,False,True,False,False,False,False,False,False,False,False,False,False,False,False,False,False,False,False,False,False,False,False,False,True,False,False,False,False,False,False,True,False
USA,Vacuum Cleaner,2025-06-19,Home & Kitchen,0.0,251.63,,20.0,2.0,0.0,0.0,3,19,25,6,2,170,0,0.43388373911755823,-0.900968867902419,1.2246467991473532e-16,-1.0,0.0,1,0.0,1,0.0,1,0.0,1,0.42857142857142855,1.1338934190276788,0.0,3.0,0.42857142857142855,0.39285714285714285,0.9560445408144789,0.0,3.0,1.0909090909090908,0,251.63,0.0,0.0,False,False,False,False,False,True,False,False,False,False,False,False,False,False,False,False,False,False,False,False,False,False,False,False,False,False,False,True,False,False,False,False,False,False,True,False
USA,Vacuum Cleaner,2025-06-20,Home & Kitchen,2.0,45.89,0.01,20.0,2.0,1.0,0.0,4,20,25,6,2,171,0,-0.433883739117558,-0.9009688679024191,1.2246467991473532e-16,-1.0,0.0,1,0.0,1,0.0,1,1.0,1,0.42857142857142855,1.1338934190276788,0.0,3.0,0.42857142857142855,0.39285714285714285,0.9560445408144789,0.0,3.0,1.0909090909090908,1,251.63,-205.74,-0.8176290585383301,False,False,False,False,False,True,False,False,False,False,False,False,False,False,False,False,False,False,False,False,False,False,False,False,False,False,False,True,False,False,False,False,False,False,True,False
USA,Vacuum Cleaner,2025-06-21,Home & Kitchen,0.0,45.89,,20.0,2.0,0.0,0.0,5,21,25,6,2,172,1,-0.9749279121818236,-0.2225209339563146,1.2246467991473532e-16,-1.0,2.0,1,0.0,1,0.0,1,3.0,1,0.7142857142857143,1.2535663410560158,0.0,3.0,0.5714285714285714,0.42857142857142855,0.9973509887241294,0.0,3.0,1.6666666666666667,0,45.89,0.0,0.0,False,False,False,False,False,True,False,False,False,False,False,False,False,False,False,False,False,False,False,False,False,False,False,False,False,False,False,True,False,False,False,False,False,False,True,False
USA,Vacuum Cleaner,2025-06-22,Home & Kitchen,0.0,45.89,,20.0,2.0,0.0,0.0,6,22,25,6,2,173,1,-0.7818314824680299,0.6234898018587334,1.2246467991473532e-16,-1.0,0.0,1,0.0,1,0.0,1,0.0,1,0.7142857142857143,1.2535663410560158,0.0,3.0,0.5714285714285714,0.32142857142857145,0.8629652337776988,0.0,3.0,2.2222222222222223,0,45.89,0.0,0.0,False,False,False,False,False,True,False,False,False,False,False,False,False,False,False,False,False,False,False,False,False,False,False,False,False,False,False,True,False,False,False,False,False,False,True,False
USA,Vacuum Cleaner,2025-06-23,Home & Kitchen,2.0,250.99,0.11,20.0,2.0,1.0,0.0,0,23,26,6,2,174,0,0.0,1.0,1.2246467991473532e-16,-1.0,0.0,1,3.0,1,3.0,1,0.0,1,0.7142857142857143,1.2535663410560158,0.0,3.0,0.5714285714285714,0.32142857142857145,0.8629652337776988,0.0,3.0,2.2222222222222223,1,45.89,205.10000000000002,4.4693833079102205,False,False,False,False,False,True,False,False,False,False,False,False,False,False,False,False,False,False,False,False,False,False,False,False,False,False,False,True,False,False,False,False,False,False,True,False
USA,Vacuum Cleaner,2025-06-24,Home & Kitchen,2.0,226.39,0.04,20.0,2.0,1.0,0.0,1,24,26,6,2,175,0,0.7818314824680298,0.6234898018587336,1.2246467991473532e-16,-1.0,2.0,1,0.0,1,0.0,1,0.0,1,0.5714285714285714,0.9759000729485304,0.0,2.0,0.5,0.39285714285714285,0.9164862737363247,0.0,3.0,1.4545454545454546,1,250.99,-24.600000000000023,-0.09801187298298746,False,False,False,False,False,True,False,False,False,False,False,False,False,False,False,False,False,False,False,False,False,False,False,False,False,False,False,True,False,False,False,False,False,False,True,False
USA,Vacuum Cleaner,2025-06-25,Home & Kitchen,0.0,226.39,,20.0,2.0,0.0,0.0,2,25,26,6,2,176,0,0.9749279121818236,-0.22252093395631434,1.2246467991473532e-16,-1.0,2.0,1,0.0,1,0.0,1,0.0,1,0.8571428571428571,1.069044967649696,0.0,2.0,0.6428571428571429,0.4642857142857143,0.961562881252796,0.0,3.0,1.846153846153846,0,226.39,0.0,0.0,False,False,False,False,False,True,False,False,False,False,False,False,False,False,False,False,False,False,False,False,False,False,False,False,False,False,False,True,False,False,False,False,False,False,True,False
USA,Vacuum Cleaner,2025-06-26,Home & Kitchen,1.0,111.2,0.05,20.0,2.0,1.0,0.0,3,26,26,6,2,177,0,0.43388373911755823,-0.900968867902419,1.2246467991473532e-16,-1.0,0.0,1,0.0,1,0.0,1,0.0,1,0.8571428571428571,1.069044967649696,0.0,2.0,0.6428571428571429,0.4642857142857143,0.961562881252796,0.0,3.0,1.846153846153846,1,226.39,-115.18999999999998,-0.5088122266884579,False,False,False,False,False,True,False,False,False,False,False,False,False,False,False,False,False,False,False,False,False,False,False,False,False,False,False,True,False,False,False,False,False,False,True,False
USA,Vacuum Cleaner,2025-06-27,Home & Kitchen,1.0,204.6,0.0,20.0,2.0,0.0,0.0,4,27,26,6,2,178,0,-0.433883739117558,-0.9009688679024191,1.2246467991473532e-16,-1.0,1.0,1,2.0,1,0.0,1,0.0,1,1.0,0.9999999999999989,0.0,2.0,0.7142857142857143,0.5,0.9622504486493784,0.0,3.0,2.0,0,111.2,93.39999999999999,0.8399280575539567,False,False,False,False,False,True,False,False,False,False,False,False,False,False,False,False,False,False,False,False,False,False,False,False,False,False,False,True,False,False,False,False,False,False,True,False
USA,Vacuum Cleaner,2025-06-28,Home & Kitchen,0.0,204.6,,20.0,2.0,0.0,0.0,5,28,26,6,2,179,1,-0.9749279121818236,-0.2225209339563146,1.2246467991473532e-16,-1.0,1.0,1,0.0,1,0.0,1,0.0,1,0.8571428571428571,0.8997354108424356,0.0,2.0,0.7857142857142857,0.5357142857142857,0.9615628812527961,0.0,3.0,1.5999999999999999,0,204.6,0.0,0.0,False,False,False,False,False,True,False,False,False,False,False,False,False,False,False,False,False,False,False,False,False,False,False,False,False,False,False,True,False,False,False,False,False,False,True,False
USA,Vacuum Cleaner,2025-06-29,Home & Kitchen,0.0,204.6,,20.0,2.0,0.0,0.0,6,29,26,6,2,180,1,-0.7818314824680299,0.6234898018587334,1.2246467991473532e-16,-1.0,0.0,1,0.0,1,0.0,1,0.0,1,0.8571428571428571,0.8997354108424356,0.0,2.0,0.7857142857142857,0.5357142857142857,0.9615628812527961,0.0,3.0,1.5999999999999999,0,204.6,0.0,0.0,False,False,False,False,False,True,False,False,False,False,False,False,False,False,False,False,False,False,False,False,False,False,False,False,False,False,False,True,False,False,False,False,False,False,True,False
USA,Vacuum Cleaner,2025-06-30,Home & Kitchen,0.0,204.6,,20.0,2.0,0.0,0.0,0,30,27,6,2,181,0,0.0,1.0,1.2246467991473532e-16,-1.0,0.0,1,2.0,1,3.0,1,1.0,1,0.8571428571428571,0.8997354108424356,0.0,2.0,0.7857142857142857,0.5357142857142857,0.9615628812527961,0.0,3.0,1.5999999999999999,0,204.6,0.0,0.0,False,False,False,False,False,True,False,False,False,False,False,False,False,False,False,False,False,False,False,False,False,False,False,False,False,False,False,True,False,False,False,False,False,False,True,False
USA,Vacuum Cleaner,2025-07-01,Home & Kitchen,0.0,204.6,,20.0,2.0,0.0,0.0,1,1,27,7,3,182,0,0.7818314824680298,0.6234898018587336,-0.4999999999999997,-0.8660254037844388,0.0,1,2.0,1,0.0,1,0.0,1,0.5714285714285714,0.7867957924694399,0.0,2.0,0.5714285714285714,0.5,0.9622504486493784,0.0,3.0,1.1428571428571428,0,204.6,0.0,0.0,False,False,False,False,False,True,False,False,False,False,False,False,False,False,False,False,False,False,False,False,False,False,False,False,False,False,False,True,False,False,False,False,False,False,True,False
USA,Vacuum Cleaner,2025-07-02,Home & Kitchen,0.0,204.6,,20.0,2.0,0.0,0.0,2,2,27,7,3,183,0,0.9749279121818236,-0.22252093395631434,-0.4999999999999997,-0.8660254037844388,0.0,1,0.0,1,0.0,1,0.0,1,0.2857142857142857,0.48795003647425905,0.0,1.0,0.5714285714285714,0.5,0.9622504486493784,0.0,3.0,0.5714285714285714,0,204.6,0.0,0.0,False,False,False,False,False,True,False,False,False,False,False,False,False,False,False,False,False,False,False,False,False,False,False,False,False,False,False,True,False,False,False,False,False,False,True,False
USA,Vacuum Cleaner,2025-07-03,Home & Kitchen,0.0,204.6,,20.0,2.0,0.0,0.0,3,3,27,7,3,184,0,0.43388373911755823,-0.900968867902419,-0.4999999999999997,-0.8660254037844388,0.0,1,1.0,1,0.0,1,0.0,1,0.2857142857142857,0.48795003647425905,0.0,1.0,0.5714285714285714,0.5,0.9622504486493784,0.0,3.0,0.5714285714285714,0,204.6,0.0,0.0,False,False,False,False,False,True,False,False,False,False,False,False,False,False,False,False,False,False,False,False,False,False,False,False,False,False,False,True,False,False,False,False,False,False,True,False
USA,Vacuum Cleaner,2025-07-04,Home & Kitchen,0.0,204.6,,20.0,2.0,0.0,0.0,4,4,27,7,3,185,0,-0.433883739117558,-0.9009688679024191,-0.4999999999999997,-0.8660254037844388,0.0,1,1.0,1,2.0,1,0.0,1,0.14285714285714285,0.3779644730092161,0.0,1.0,0.5714285714285714,0.5,0.9622504486493784,0.0,3.0,0.2857142857142857,0,204.6,0.0,0.0,False,False,False,False,False,True,False,False,False,False,False,False,False,False,False,False,False,False,False,False,False,False,False,False,False,False,False,True,False,False,False,False,False,False,True,False
USA,Vacuum Cleaner,2025-07-05,Home & Kitchen,0.0,204.6,,20.0,2.0,0.0,0.0,5,5,27,7,3,186,1,-0.9749279121818236,-0.2225209339563146,-0.4999999999999997,-0.8660254037844388,0.0,1,0.0,1,0.0,1,0.0,1,0.0,0.0,0.0,0.0,0.42857142857142855,0.5,0.9622504486493784,0.0,3.0,0.0,0,204.6,0.0,0.0,False,False,False,False,False,True,False,False,False,False,False,False,False,False,False,False,False,False,False,False,False,False,False,False,False,False,False,True,False,False,False,False,False,False,True,False
USA,Vacuum Cleaner,2025-07-06,Home & Kitchen,0.0,204.6,,20.0,2.0,0.0,0.0,6,6,27,7,3,187,1,-0.7818314824680299,0.6234898018587334,-0.4999999999999997,-0.8660254037844388,0.0,1,0.0,1,0.0,1,0.0,1,0.0,0.0,0.0,0.0,0.42857142857142855,0.5,0.9622504486493784,0.0,3.0,0.0,0,204.6,0.0,0.0,False,False,False,False,False,True,False,False,False,False,False,False,False,False,False,False,False,False,False,False,False,False,False,False,False,False,False,True,False,False,False,False,False,False,True,False
USA,Vacuum Cleaner,2025-07-07,Home & Kitchen,0.0,204.6,,20.0,2.0,0.0,0.0,0,7,28,7,3,188,0,0.0,1.0,-0.4999999999999997,-0.8660254037844388,0.0,1,0.0,1,2.0,1,3.0,1,0.0,0.0,0.0,0.0,0.42857142857142855,0.5,0.9622504486493784,0.0,3.0,0.0,0,204.6,0.0,0.0,False,False,False,False,False,True,False,False,False,False,False,False,False,False,False,False,False,False,False,False,False,False,False,False,False,False,False,True,False,False,False,False,False,False,True,False
USA,Vacuum Cleaner,2025-07-08,Home & Kitchen,0.0,204.6,,20.0,2.0,0.0,0.0,1,8,28,7,3,189,0,0.7818314824680298,0.6234898018587336,-0.4999999999999997,-0.8660254037844388,0.0,1,0.0,1,2.0,1,0.0,1,0.0,0.0,0.0,0.0,0.2857142857142857,0.39285714285714285,0.8317445171439038,0.0,3.0,0.0,0,204.6,0.0,0.0,False,False,False,False,False,True,False,False,False,False,False,False,False,False,False,False,False,False,False,False,False,False,False,False,False,False,False,True,False,False,False,False,False,False,True,False
USA,Vacuum Cleaner,2025-07-09,Home & Kitchen,0.0,204.6,,20.0,2.0,0.0,0.0,2,9,28,7,3,190,0,0.9749279121818236,-0.22252093395631434,-0.4999999999999997,-0.8660254037844388,0.0,1,0.0,1,0.0,1,0.0,1,0.0,0.0,0.0,0.0,0.14285714285714285,0.39285714285714285,0.8317445171439038,0.0,3.0,0.0,0,204.6,0.0,0.0,False,False,False,False,False,True,False,False,False,False,False,False,False,False,False,False,False,False,False,False,False,False,False,False,False,False,False,True,False,False,False,False,False,False,True,False
USA,Vacuum Cleaner,2025-07-10,Home & Kitchen,0.0,204.6,,20.0,2.0,0.0,0.0,3,10,28,7,3,191,0,0.43388373911755823,-0.900968867902419,-0.4999999999999997,-0.8660254037844388,0.0,1,0.0,1,1.0,1,0.0,1,0.0,0.0,0.0,0.0,0.14285714285714285,0.39285714285714285,0.8317445171439038,0.0,3.0,0.0,0,204.6,0.0,0.0,False,False,False,False,False,True,False,False,False,False,False,False,False,False,False,False,False,False,False,False,False,False,False,False,False,False,False,True,False,False,False,False,False,False,True,False
USA,Vacuum Cleaner,2025-07-11,Home & Kitchen,0.0,204.6,,20.0,2.0,0.0,0.0,4,11,28,7,3,192,0,-0.433883739117558,-0.9009688679024191,-0.4999999999999997,-0.8660254037844388,0.0,1,0.0,1,1.0,1,0.0,1,0.0,0.0,0.0,0.0,0.07142857142857142,0.39285714285714285,0.8317445171439038,0.0,3.0,0.0,0,204.6,0.0,0.0,False,False,False,False,False,True,False,False,False,False,False,False,False,False,False,False,False,False,False,False,False,False,False,False,False,False,False,True,False,False,False,False,False,False,True,False
USA,Vacuum Cleaner,2025-07-12,Home & Kitchen,0.0,204.6,,20.0,2.0,0.0,0.0,5,12,28,7,3,193,1,-0.9749279121818236,-0.2225209339563146,-0.4999999999999997,-0.8660254037844388,0.0,1,0.0,1,0.0,1,0.0,1,0.0,0.0,0.0,0.0,0.0,0.39285714285714285,0.8317445171439038,0.0,3.0,0.0,0,204.6,0.0,0.0,False,False,False,False,False,True,False,False,False,False,False,False,False,False,False,False,False,False,False,False,False,False,False,False,False,False,False,True,False,False,False,False,False,False,True,False
USA,Vacuum Cleaner,2025-07-13,Home & Kitchen,0.0,204.6,,20.0,2.0,0.0,0.0,6,13,28,7,3,194,1,-0.7818314824680299,0.6234898018587334,-0.4999999999999997,-0.8660254037844388,0.0,1,0.0,1,0.0,1,0.0,1,0.0,0.0,0.0,0.0,0.0,0.39285714285714285,0.8317445171439038,0.0,3.0,0.0,0,204.6,0.0,0.0,False,False,False,False,False,True,False,False,False,False,False,False,False,False,False,False,False,False,False,False,False,False,False,False,False,False,False,True,False,False,False,False,False,False,True,False
USA,Vacuum Cleaner,2025-07-14,Home & Kitchen,2.0,41.07,0.09,20.0,2.0,1.0,0.0,0,14,29,7,3,195,0,0.0,1.0,-0.4999999999999997,-0.8660254037844388,0.0,1,0.0,1,0.0,1,3.0,1,0.0,0.0,0.0,0.0,0.0,0.39285714285714285,0.8317445171439038,0.0,3.0,0.0,1,204.6,-163.53,-0.799266862170088,False,False,False,False,False,True,False,False,False,False,False,False,False,False,False,False,False,False,False,False,False,False,False,False,False,False,False,True,False,False,False,False,False,False,True,False
USA,Vacuum Cleaner,2025-07-15,Home & Kitchen,0.0,41.07,,20.0,2.0,0.0,0.0,1,15,29,7,3,196,0,0.7818314824680298,0.6234898018587336,-0.4999999999999997,-0.8660254037844388,2.0,1,0.0,1,0.0,1,0.0,1,0.2857142857142857,0.7559289460184496,0.0,2.0,0.14285714285714285,0.35714285714285715,0.7310208850583807,0.0,2.0,0.7999999999999999,0,41.07,0.0,0.0,False,False,False,False,False,True,False,False,False,False,False,False,False,False,False,False,False,False,False,False,False,False,False,False,False,False,False,True,False,False,False,False,False,False,True,False
USA,Vacuum Cleaner,2025-07-16,Home & Kitchen,0.0,41.07,,20.0,2.0,0.0,0.0,2,16,29,7,3,197,0,0.9749279121818236,-0.22252093395631434,-0.4999999999999997,-0.8660254037844388,0.0,1,0.0,1,0.0,1,0.0,1,0.2857142857142857,0.7559289460184496,0.0,2.0,0.14285714285714285,0.35714285714285715,0.7310208850583807,0.0,2.0,0.7999999999999999,0,41.07,0.0,0.0,False,False,False,False,False,True,False,False,False,False,False,False,False,False,False,False,False,False,False,False,False,False,False,False,False,False,False,True,False,False,False,False,False,False,True,False
USA,Vacuum Cleaner,2025-07-17,Home & Kitchen,0.0,41.07,,20.0,2.0,0.0,0.0,3,17,29,7,3,198,0,0.43388373911755823,-0.900968867902419,-0.4999999999999997,-0.8660254037844388,0.0,1,0.0,1,0.0,1,0.0,1,0.2857142857142857,0.7559289460184496,0.0,2.0,0.14285714285714285,0.35714285714285715,0.7310208850583807,0.0,2.0,0.7999999999999999,0,41.07,0.0,0.0,False,False,False,False,False,True,False,False,False,False,False,False,False,False,False,False,False,False,False,False,False,False,False,False,False,False,False,True,False,False,False,False,False,False,True,False
USA,Vacuum Cleaner,2025-07-18,Home & Kitchen,3.0,77.72,0.1,20.0,2.0,1.0,0.0,4,18,29,7,3,199,0,-0.433883739117558,-0.9009688679024191,-0.4999999999999997,-0.8660254037844388,0.0,1,0.0,1,0.0,1,2.0,1,0.2857142857142857,0.7559289460184496,0.0,2.0,0.14285714285714285,0.35714285714285715,0.7310208850583807,0.0,2.0,0.7999999999999999,1,41.07,36.65,0.8923788653518383,False,False,False,False,False,True,False,False,False,False,False,False,False,False,False,False,False,False,False,False,False,False,False,False,False,False,False,True,False,False,False,False,False,False,True,False
USA,Vacuum Cleaner,2025-07-19,Home & Kitchen,0.0,77.72,,20.0,2.0,0.0,0.0,5,19,29,7,3,200,1,-0.9749279121818236,-0.2225209339563146,-0.4999999999999997,-0.8660254037844388,3.0,1,0.0,1,0.0,1,0.0,1,0.7142857142857143,1.2535663410560156,0.0,3.0,0.35714285714285715,0.39285714285714285,0.8317445171439038,0.0,3.0,1.8181818181818183,0,77.72,0.0,0.0,False,False,False,False,False,True,False,False,False,False,False,False,False,False,False,False,False,False,False,False,False,False,False,False,False,False,False,True,False,False,False,False,False,False,True,False
USA,Vacuum Cleaner,2025-07-20,Home & Kitchen,0.0,77.72,,20.0,2.0,0.0,0.0,6,20,29,7,3,201,1,-0.7818314824680299,0.6234898018587334,-0.4999999999999997,-0.8660254037844388,0.0,1,0.0,1,0.0,1,0.0,1,0.7142857142857143,1.2535663410560156,0.0,3.0,0.35714285714285715,0.39285714285714285,0.8317445171439038,0.0,3.0,1.8181818181818183,0,77.72,0.0,0.0,False,False,False,False,False,True,False,False,False,False,False,False,False,False,False,False,False,False,False,False,False,False,False,False,False,False,False,True,False,False,False,False,False,False,True,False
USA,Vacuum Cleaner,2025-07-21,Home & Kitchen,1.0,250.1,0.08,20.0,2.0,1.0,0.0,0,21,30,7,3,202,0,0.0,1.0,-0.4999999999999997,-0.8660254037844388,0.0,1,2.0,1,0.0,1,2.0,1,0.7142857142857143,1.2535663410560156,0.0,3.0,0.35714285714285715,0.39285714285714285,0.8317445171439038,0.0,3.0,1.8181818181818183,1,77.72,172.38,2.2179619145651053,False,False,False,False,False,True,False,False,False,False,False,False,False,False,False,False,False,False,False,False,False,False,False,False,False,False,False,True,False,False,False,False,False,False,True,False
USA,Vacuum Cleaner,2025-07-22,Home & Kitchen,2.0,292.97,0.03,20.0,2.0,1.0,0.0,1,22,30,7,3,203,0,0.7818314824680298,0.6234898018587336,-0.4999999999999997,-0.8660254037844388,1.0,1,0.0,1,0.0,1,2.0,1,0.5714285714285714,1.1338934190276793,0.0,3.0,0.42857142857142855,0.35714285714285715,0.7800420555749622,0.0,3.0,1.5999999999999999,1,250.1,42.87000000000003,0.17141143542582982,False,False,False,False,False,True,False,False,False,False,False,False,False,False,False,False,False,False,False,False,False,False,False,False,False,False,False,True,False,False,False,False,False,False,True,False
USA,Vacuum Cleaner,2025-07-23,Home & Kitchen,0.0,292.97,,20.0,2.0,0.0,0.0,2,23,30,7,3,204,0,0.9749279121818236,-0.22252093395631434,-0.4999999999999997,-0.8660254037844388,2.0,1,0.0,1,0.0,1,0.0,1,0.8571428571428571,1.2149857925879104,0.0,3.0,0.5714285714285714,0.35714285714285715,0.7800420555749622,0.0,3.0,2.4,0,292.97,0.0,0.0,False,False,False,False,False,True,False,False,False,False,False,False,False,False,False,False,False,False,False,False,False,False,False,False,False,False,False,True,False,False,False,False,False,False,True,False
USA,Vacuum Cleaner,2025-07-24,Home & Kitchen,0.0,292.97,,20.0,2.0,0.0,0.0,3,24,30,7,3,205,0,0.43388373911755823,-0.900968867902419,-0.4999999999999997,-0.8660254037844388,0.0,1,0.0,1,0.0,1,1.0,1,0.8571428571428571,1.2149857925879104,0.0,3.0,0.5714285714285714,0.35714285714285715,0.7800420555749622,0.0,3.0,2.4,0,292.97,0.0,0.0,False,False,False,False,False,True,False,False,False,False,False,False,False,False,False,False,False,False,False,False,False,False,False,False,False,False,False,True,False,False,False,False,False,False,True,False
USA,Vacuum Cleaner,2025-07-25,Home & Kitchen,0.0,292.97,,20.0,2.0,0.0,0.0,4,25,30,7,3,206,0,-0.433883739117558,-0.9009688679024191,-0.4999999999999997,-0.8660254037844388,0.0,1,3.0,1,0.0,1,1.0,1,0.8571428571428571,1.2149857925879104,0.0,3.0,0.5714285714285714,0.32142857142857145,0.7723735149271047,0.0,3.0,2.6666666666666665,0,292.97,0.0,0.0,False,False,False,False,False,True,False,False,False,False,False,False,False,False,False,False,False,False,False,False,False,False,False,False,False,False,False,True,False,False,False,False,False,False,True,False
USA,Vacuum Cleaner,2025-07-26,Home & Kitchen,0.0,292.97,,20.0,2.0,0.0,0.0,5,26,30,7,3,207,1,-0.9749279121818236,-0.2225209339563146,-0.4999999999999997,-0.8660254037844388,0.0,1,0.0,1,0.0,1,0.0,1,0.42857142857142855,0.786795792469439,0.0,2.0,0.5714285714285714,0.2857142857142857,0.7628961803617749,0.0,3.0,1.5,0,292.97,0.0,0.0,False,False,False,False,False,True,False,False,False,False,False,False,False,False,False,False,False,False,False,False,False,False,False,False,False,False,False,True,False,False,False,False,False,False,True,False
USA,Vacuum Cleaner,2025-07-27,Home & Kitchen,0.0,292.97,,20.0,2.0,0.0,0.0,6,27,30,7,3,208,1,-0.7818314824680299,0.6234898018587334,-0.4999999999999997,-0.8660254037844388,0.0,1,0.0,1,0.0,1,0.0,1,0.42857142857142855,0.786795792469439,0.0,2.0,0.5714285714285714,0.2857142857142857,0.7628961803617749,0.0,3.0,1.5,0,292.97,0.0,0.0,False,False,False,False,False,True,False,False,False,False,False,False,False,False,False,False,False,False,False,False,False,False,False,False,False,False,False,True,False,False,False,False,False,False,True,False
USA,Vacuum Cleaner,2025-07-28,Home & Kitchen,0.0,292.97,,20.0,2.0,0.0,0.0,0,28,31,7,3,209,0,0.0,1.0,-0.4999999999999997,-0.8660254037844388,0.0,1,1.0,1,2.0,1,0.0,1,0.42857142857142855,0.786795792469439,0.0,2.0,0.5714285714285714,0.2857142857142857,0.7628961803617749,0.0,3.0,1.5,0,292.97,0.0,0.0,False,False,False,False,False,True,False,False,False,False,False,False,False,False,False,False,False,False,False,False,False,False,False,False,False,False,False,True,False,False,False,False,False,False,True,False
USA,Vacuum Cleaner,2025-07-29,Home & Kitchen,0.0,292.97,,20.0,2.0,0.0,0.0,1,29,31,7,3,210,0,0.7818314824680298,0.6234898018587336,-0.4999999999999997,-0.8660254037844388,0.0,1,2.0,1,0.0,1,0.0,1,0.2857142857142857,0.7559289460184494,0.0,2.0,0.42857142857142855,0.2857142857142857,0.7628961803617749,0.0,3.0,1.0,0,292.97,0.0,0.0,False,False,False,False,False,True,False,False,False,False,False,False,False,False,False,False,False,False,False,False,False,False,False,False,False,False,False,True,False,False,False,False,False,False,True,False
USA,Vacuum Cleaner,2025-07-30,Home & Kitchen,0.0,292.97,,20.0,2.0,0.0,0.0,2,30,31,7,3,211,0,0.9749279121818236,-0.22252093395631434,-0.4999999999999997,-0.8660254037844388,0.0,1,0.0,1,0.0,1,0.0,1,0.0,0.0,0.0,0.0,0.42857142857142855,0.2857142857142857,0.7628961803617749,0.0,3.0,0.0,0,292.97,0.0,0.0,False,False,False,False,False,True,False,False,False,False,False,False,False,False,False,False,False,False,False,False,False,False,False,False,False,False,False,True,False,False,False,False,False,False,True,False
USA,Vacuum Cleaner,2025-07-31,Home & Kitchen,4.0,120.715,0.15,20.0,2.0,1.0,0.0,3,31,31,7,3,212,0,0.43388373911755823,-0.900968867902419,-0.4999999999999997,-0.8660254037844388,0.0,1,0.0,1,0.0,1,0.0,1,0.0,0.0,0.0,0.0,0.42857142857142855,0.2857142857142857,0.7628961803617749,0.0,3.0,0.0,1,292.97,-172.25500000000002,-0.5879612246987747,False,False,False,False,False,True,False,False,False,False,False,False,False,False,False,False,False,False,False,False,False,False,False,False,False,False,False,True,False,False,False,False,False,False,True,False
USA,Vacuum Cleaner,2025-08-01,Home & Kitchen,0.0,120.715,,20.0,2.0,0.0,0.0,4,1,31,8,3,213,0,-0.433883739117558,-0.9009688679024191,-0.8660254037844385,-0.5000000000000004,4.0,1,0.0,1,3.0,1,0.0,1,0.5714285714285714,1.511857892036907,0.0,4.0,0.7142857142857143,0.42857142857142855,1.0338196500275436,0.0,4.0,1.3333333333333333,0,120.715,0.0,0.0,False,False,False,False,False,True,False,False,False,False,False,False,False,False,False,False,False,False,False,False,False,False,False,False,False,False,False,True,False,False,False,False,False,False,True,False
USA,Vacuum Cleaner,2025-08-02,Home & Kitchen,2.0,188.95,0.08,20.0,2.0,1.0,0.0,5,2,31,8,3,214,1,-0.9749279121818236,-0.2225209339563146,-0.8660254037844385,-0.5000000000000004,0.0,1,0.0,1,0.0,1,0.0,1,0.5714285714285714,1.511857892036907,0.0,4.0,0.5,0.42857142857142855,1.0338196500275436,0.0,4.0,1.3333333333333333,1,120.715,68.23499999999999,0.5652570103135482,False,False,False,False,False,True,False,False,False,False,False,False,False,False,False,False,False,False,False,False,False,False,False,False,False,False,False,True,False,False,False,False,False,False,True,False
USA,Vacuum Cleaner,2025-08-03,Home & Kitchen,0.0,188.95,,20.0,2.0,0.0,0.0,6,3,31,8,3,215,1,-0.7818314824680299,0.6234898018587334,-0.8660254037844385,-0.5000000000000004,2.0,1,0.0,1,0.0,1,0.0,1,0.8571428571428571,1.5735915849388853,0.0,4.0,0.6428571428571429,0.5,1.0715167512214414,0.0,4.0,1.7142857142857142,0,188.95,0.0,0.0,False,False,False,False,False,True,False,False,False,False,False,False,False,False,False,False,False,False,False,False,False,False,False,False,False,False,False,True,False,False,False,False,False,False,True,False
USA,Vacuum Cleaner,2025-08-04,Home & Kitchen,0.0,188.95,,20.0,2.0,0.0,0.0,0,4,32,8,3,216,0,0.0,1.0,-0.8660254037844385,-0.5000000000000004,0.0,1,0.0,1,1.0,1,0.0,1,0.8571428571428571,1.5735915849388853,0.0,4.0,0.6428571428571429,0.5,1.0715167512214414,0.0,4.0,1.7142857142857142,0,188.95,0.0,0.0,False,False,False,False,False,True,False,False,False,False,False,False,False,False,False,False,False,False,False,False,False,False,False,False,False,False,False,True,False,False,False,False,False,False,True,False
USA,Vacuum Cleaner,2025-08-05,Home & Kitchen,0.0,188.95,,20.0,2.0,0.0,0.0,1,5,32,8,3,217,0,0.7818314824680298,0.6234898018587336,-0.8660254037844385,-0.5000000000000004,0.0,1,0.0,1,2.0,1,0.0,1,0.8571428571428571,1.5735915849388853,0.0,4.0,0.5714285714285714,0.5,1.0715167512214414,0.0,4.0,1.7142857142857142,0,188.95,0.0,0.0,False,False,False,False,False,True,False,False,False,False,False,False,False,False,False,False,False,False,False,False,False,False,False,False,False,False,False,True,False,False,False,False,False,False,True,False
USA,Vacuum Cleaner,2025-08-06,Home & Kitchen,0.0,188.95,,20.0,2.0,0.0,0.0,2,6,32,8,3,218,0,0.9749279121818236,-0.22252093395631434,-0.8660254037844385,-0.5000000000000004,0.0,1,0.0,1,0.0,1,0.0,1,0.8571428571428571,1.5735915849388853,0.0,4.0,0.42857142857142855,0.5,1.0715167512214414,0.0,4.0,1.7142857142857142,0,188.95,0.0,0.0,False,False,False,False,False,True,False,False,False,False,False,False,False,False,False,False,False,False,False,False,False,False,False,False,False,False,False,True,False,False,False,False,False,False,True,False
USA,Vacuum Cleaner,2025-08-07,Home & Kitchen,0.0,188.95,,20.0,2.0,0.0,0.0,3,7,32,8,3,219,0,0.43388373911755823,-0.900968867902419,-0.8660254037844385,-0.5000000000000004,0.0,1,4.0,1,0.0,1,0.0,1,0.8571428571428571,1.5735915849388853,0.0,4.0,0.42857142857142855,0.5,1.0715167512214414,0.0,4.0,1.7142857142857142,0,188.95,0.0,0.0,False,False,False,False,False,True,False,False,False,False,False,False,False,False,False,False,False,False,False,False,False,False,False,False,False,False,False,True,False,False,False,False,False,False,True,False
USA,Vacuum Cleaner,2025-08-08,Home & Kitchen,0.0,188.95,,20.0,2.0,0.0,0.0,4,8,32,8,3,220,0,-0.433883739117558,-0.9009688679024191,-0.8660254037844385,-0.5000000000000004,0.0,1,0.0,1,0.0,1,0.0,1,0.2857142857142857,0.7559289460184496,0.0,2.0,0.42857142857142855,0.5,1.0715167512214414,0.0,4.0,0.5714285714285714,0,188.95,0.0,0.0,False,False,False,False,False,True,False,False,False,False,False,False,False,False,False,False,False,False,False,False,False,False,False,False,False,False,False,True,False,False,False,False,False,False,True,False
USA,Vacuum Cleaner,2025-08-09,Home & Kitchen,0.0,188.95,,20.0,2.0,0.0,0.0,5,9,32,8,3,221,1,-0.9749279121818236,-0.2225209339563146,-0.8660254037844385,-0.5000000000000004,0.0,1,2.0,1,0.0,1,0.0,1,0.2857142857142857,0.7559289460184496,0.0,2.0,0.42857142857142855,0.5,1.0715167512214414,0.0,4.0,0.5714285714285714,0,188.95,0.0,0.0,False,False,False,False,False,True,False,False,False,False,False,False,False,False,False,False,False,False,False,False,False,False,False,False,False,False,False,True,False,False,False,False,False,False,True,False
USA,Vacuum Cleaner,2025-08-10,Home & Kitchen,0.0,188.95,,20.0,2.0,0.0,0.0,6,10,32,8,3,222,1,-0.7818314824680299,0.6234898018587334,-0.8660254037844385,-0.5000000000000004,0.0,1,0.0,1,0.0,1,0.0,1,0.0,0.0,0.0,0.0,0.42857142857142855,0.5,1.0715167512214414,0.0,4.0,0.0,0,188.95,0.0,0.0,False,False,False,False,False,True,False,False,False,False,False,False,False,False,False,False,False,False,False,False,False,False,False,False,False,False,False,True,False,False,False,False,False,False,True,False
USA,Vacuum Cleaner,2025-08-11,Home & Kitchen,0.0,188.95,,20.0,2.0,0.0,0.0,0,11,33,8,3,223,0,0.0,1.0,-0.8660254037844385,-0.5000000000000004,0.0,1,0.0,1,0.0,1,2.0,1,0.0,0.0,0.0,0.0,0.42857142857142855,0.5,1.0715167512214414,0.0,4.0,0.0,0,188.95,0.0,0.0,False,False,False,False,False,True,False,False,False,False,False,False,False,False,False,False,False,False,False,False,False,False,False,False,False,False,False,True,False,False,False,False,False,False,True,False
USA,Vacuum Cleaner,2025-08-12,Home & Kitchen,0.0,188.95,,20.0,2.0,0.0,0.0,1,12,33,8,3,224,0,0.7818314824680298,0.6234898018587336,-0.8660254037844385,-0.5000000000000004,0.0,1,0.0,1,0.0,1,0.0,1,0.0,0.0,0.0,0.0,0.42857142857142855,0.42857142857142855,1.0338196500275436,0.0,4.0,0.0,0,188.95,0.0,0.0,False,False,False,False,False,True,False,False,False,False,False,False,False,False,False,False,False,False,False,False,False,False,False,False,False,False,False,True,False,False,False,False,False,False,True,False
USA,Vacuum Cleaner,2025-08-13,Home & Kitchen,0.0,188.95,,20.0,2.0,0.0,0.0,2,13,33,8,3,225,0,0.9749279121818236,-0.22252093395631434,-0.8660254037844385,-0.5000000000000004,0.0,1,0.0,1,0.0,1,0.0,1,0.0,0.0,0.0,0.0,0.42857142857142855,0.42857142857142855,1.0338196500275436,0.0,4.0,0.0,0,188.95,0.0,0.0,False,False,False,False,False,True,False,False,False,False,False,False,False,False,False,False,False,False,False,False,False,False,False,False,False,False,False,True,False,False,False,False,False,False,True,False
USA,Vacuum Cleaner,2025-08-14,Home & Kitchen,0.0,188.95,,20.0,2.0,0.0,0.0,3,14,33,8,3,226,0,0.43388373911755823,-0.900968867902419,-0.8660254037844385,-0.5000000000000004,0.0,1,0.0,1,4.0,1,0.0,1,0.0,0.0,0.0,0.0,0.42857142857142855,0.42857142857142855,1.0338196500275436,0.0,4.0,0.0,0,188.95,0.0,0.0,False,False,False,False,False,True,False,False,False,False,False,False,False,False,False,False,False,False,False,False,False,False,False,False,False,False,False,True,False,False,False,False,False,False,True,False
USA,Vacuum Cleaner,2025-08-15,Home & Kitchen,0.0,188.95,,20.0,2.0,0.0,0.0,4,15,33,8,3,227,0,-0.433883739117558,-0.9009688679024191,-0.8660254037844385,-0.5000000000000004,0.0,1,0.0,1,0.0,1,3.0,1,0.0,0.0,0.0,0.0,0.14285714285714285,0.42857142857142855,1.0338196500275436,0.0,4.0,0.0,0,188.95,0.0,0.0,False,False,False,False,False,True,False,False,False,False,False,False,False,False,False,False,False,False,False,False,False,False,False,False,False,False,False,True,False,False,False,False,False,False,True,False
USA,Vacuum Cleaner,2025-08-16,Home & Kitchen,0.0,188.95,,20.0,2.0,0.0,0.0,5,16,33,8,3,228,1,-0.9749279121818236,-0.2225209339563146,-0.8660254037844385,-0.5000000000000004,0.0,1,0.0,1,2.0,1,0.0,1,0.0,0.0,0.0,0.0,0.14285714285714285,0.32142857142857145,0.9048663264720778,0.0,4.0,0.0,0,188.95,0.0,0.0,False,False,False,False,False,True,False,False,False,False,False,False,False,False,False,False,False,False,False,False,False,False,False,False,False,False,False,True,False,False,False,False,False,False,True,False
USA,Vacuum Cleaner,2025-08-17,Home & Kitchen,0.0,188.95,,20.0,2.0,0.0,0.0,6,17,33,8,3,229,1,-0.7818314824680299,0.6234898018587334,-0.8660254037844385,-0.5000000000000004,0.0,1,0.0,1,0.0,1,0.0,1,0.0,0.0,0.0,0.0,0.0,0.32142857142857145,0.9048663264720778,0.0,4.0,0.0,0,188.95,0.0,0.0,False,False,False,False,False,True,False,False,False,False,False,False,False,False,False,False,False,False,False,False,False,False,False,False,False,False,False,True,False,False,False,False,False,False,True,False
USA,Vacuum Cleaner,2025-08-18,Home & Kitchen,0.0,188.95,,20.0,2.0,0.0,0.0,0,18,34,8,3,230,0,0.0,1.0,-0.8660254037844385,-0.5000000000000004,0.0,1,0.0,1,0.0,1,1.0,1,0.0,0.0,0.0,0.0,0.0,0.32142857142857145,0.9048663264720778,0.0,4.0,0.0,0,188.95,0.0,0.0,False,False,False,False,False,True,False,False,False,False,False,False,False,False,False,False,False,False,False,False,False,False,False,False,False,False,False,True,False,False,False,False,False,False,True,False
USA,Vacuum Cleaner,2025-08-19,Home & Kitchen,0.0,188.95,,20.0,2.0,0.0,0.0,1,19,34,8,3,231,0,0.7818314824680298,0.6234898018587336,-0.8660254037844385,-0.5000000000000004,0.0,1,0.0,1,0.0,1,2.0,1,0.0,0.0,0.0,0.0,0.0,0.2857142857142857,0.8967902788460679,0.0,4.0,0.0,0,188.95,0.0,0.0,False,False,False,False,False,True,False,False,False,False,False,False,False,False,False,False,False,False,False,False,False,False,False,False,False,False,False,True,False,False,False,False,False,False,True,False
USA,Vacuum Cleaner,2025-08-20,Home & Kitchen,0.0,188.95,,20.0,2.0,0.0,0.0,2,20,34,8,3,232,0,0.9749279121818236,-0.22252093395631434,-0.8660254037844385,-0.5000000000000004,0.0,1,0.0,1,0.0,1,0.0,1,0.0,0.0,0.0,0.0,0.0,0.21428571428571427,0.8325393042503741,0.0,4.0,0.0,0,188.95,0.0,0.0,False,False,False,False,False,True,False,False,False,False,False,False,False,False,False,False,False,False,False,False,False,False,False,False,False,False,False,True,False,False,False,False,False,False,True,False
USA,Vacuum Cleaner,2025-08-21,Home & Kitchen,3.0,231.94,0.1,20.0,2.0,1.0,0.0,3,21,34,8,3,233,0,0.43388373911755823,-0.900968867902419,-0.8660254037844385,-0.5000000000000004,0.0,1,0.0,1,0.0,1,0.0,1,0.0,0.0,0.0,0.0,0.0,0.21428571428571427,0.8325393042503741,0.0,4.0,0.0,1,188.95,42.99000000000001,0.22752050807091828,False,False,False,False,False,True,False,False,False,False,False,False,False,False,False,False,False,False,False,False,False,False,False,False,False,False,False,True,False,False,False,False,False,False,True,False
USA,Vacuum Cleaner,2025-08-22,Home & Kitchen,0.0,231.94,,20.0,2.0,0.0,0.0,4,22,34,8,3,234,0,-0.433883739117558,-0.9009688679024191,-0.8660254037844385,-0.5000000000000004,3.0,1,0.0,1,0.0,1,0.0,1,0.42857142857142855,1.1338934190276788,0.0,3.0,0.21428571428571427,0.32142857142857145,0.9833266074561499,0.0,4.0,1.3333333333333333,0,231.94,0.0,0.0,False,False,False,False,False,True,False,False,False,False,False,False,False,False,False,False,False,False,False,False,False,False,False,False,False,False,False,True,False,False,False,False,False,False,True,False
USA,Vacuum Cleaner,2025-08-23,Home & Kitchen,1.0,280.5,0.09,20.0,2.0,1.0,0.0,5,23,34,8,3,235,1,-0.9749279121818236,-0.2225209339563146,-0.8660254037844385,-0.5000000000000004,0.0,1,0.0,1,0.0,1,0.0,1,0.42857142857142855,1.1338934190276788,0.0,3.0,0.21428571428571427,0.32142857142857145,0.9833266074561499,0.0,4.0,1.3333333333333333,1,231.94,48.56,0.2093644908165905,False,False,False,False,False,True,False,False,False,False,False,False,False,False,False,False,False,False,False,False,False,False,False,False,False,False,False,True,False,False,False,False,False,False,True,False
USA,Vacuum Cleaner,2025-08-24,Home & Kitchen,0.0,280.5,,20.0,2.0,0.0,0.0,6,24,34,8,3,236,1,-0.7818314824680299,0.6234898018587334,-0.8660254037844385,-0.5000000000000004,1.0,1,0.0,1,0.0,1,0.0,1,0.5714285714285714,1.1338934190276793,0.0,3.0,0.2857142857142857,0.35714285714285715,0.9893613995077749,0.0,4.0,1.5999999999999999,0,280.5,0.0,0.0,False,False,False,False,False,True,False,False,False,False,False,False,False,False,False,False,False,False,False,False,False,False,False,False,False,False,False,True,False,False,False,False,False,False,True,False
USA,Vacuum Cleaner,2025-08-25,Home & Kitchen,3.0,235.51,0.11,20.0,2.0,1.0,0.0,0,25,35,8,3,237,0,0.0,1.0,-0.8660254037844385,-0.5000000000000004,0.0,1,0.0,1,0.0,1,0.0,1,0.5714285714285714,1.1338934190276793,0.0,3.0,0.2857142857142857,0.35714285714285715,0.9893613995077749,0.0,4.0,1.5999999999999999,1,280.5,-44.99000000000001,-0.16039215686274513,False,False,False,False,False,True,False,False,False,False,False,False,False,False,False,False,False,False,False,False,False,False,False,False,False,False,False,True,False,False,False,False,False,False,True,False
USA,Vacuum Cleaner,2025-08-26,Home & Kitchen,0.0,235.51,,20.0,2.0,0.0,0.0,1,26,35,8,3,238,0,0.7818314824680298,0.6234898018587336,-0.8660254037844385,-0.5000000000000004,3.0,1,0.0,1,0.0,1,0.0,1,1.0,1.414213562373094,0.0,3.0,0.5,0.4642857142857143,1.1049431980420872,0.0,4.0,2.1538461538461537,0,235.51,0.0,0.0,False,False,False,False,False,True,False,False,False,False,False,False,False,False,False,False,False,False,False,False,False,False,False,False,False,False,False,True,False,False,False,False,False,False,True,False
USA,Vacuum Cleaner,2025-08-27,Home & Kitchen,0.0,235.51,,20.0,2.0,0.0,0.0,2,27,35,8,3,239,0,0.9749279121818236,-0.22252093395631434,-0.8660254037844385,-0.5000000000000004,0.0,1,0.0,1,0.0,1,0.0,1,1.0,1.414213562373094,0.0,3.0,0.5,0.4642857142857143,1.1049431980420872,0.0,4.0,2.1538461538461537,0,235.51,0.0,0.0,False,False,False,False,False,True,False,False,False,False,False,False,False,False,False,False,False,False,False,False,False,False,False,False,False,False,False,True,False,False,False,False,False,False,True,False
USA,Vacuum Cleaner,2025-08-28,Home & Kitchen,4.0,172.33499999999998,0.14,20.0,2.0,1.0,0.0,3,28,35,8,3,240,0,0.43388373911755823,-0.900968867902419,-0.8660254037844385,-0.5000000000000004,0.0,1,3.0,1,0.0,1,4.0,1,1.0,1.414213562373094,0.0,3.0,0.5,0.4642857142857143,1.1049431980420872,0.0,4.0,2.1538461538461537,1,235.51,-63.17500000000001,-0.2682476327969089,False,False,False,False,False,True,False,False,False,False,False,False,False,False,False,False,False,False,False,False,False,False,False,False,False,False,False,True,False,False,False,False,False,False,True,False
USA,Vacuum Cleaner,2025-08-29,Home & Kitchen,0.0,172.33499999999998,,20.0,2.0,0.0,0.0,4,29,35,8,3,241,0,-0.433883739117558,-0.9009688679024191,-0.8660254037844385,-0.5000000000000004,4.0,1,0.0,1,0.0,1,0.0,1,1.1428571428571428,1.676163419695051,0.0,4.0,0.7857142857142857,0.4642857142857143,1.1049431980420872,0.0,4.0,2.4615384615384612,0,172.33499999999998,0.0,0.0,False,False,False,False,False,True,False,False,False,False,False,False,False,False,False,False,False,False,False,False,False,False,False,False,False,False,False,True,False,False,False,False,False,False,True,False
USA,Vacuum Cleaner,2025-08-30,Home & Kitchen,0.0,172.33499999999998,,20.0,2.0,0.0,0.0,5,30,35,8,3,242,1,-0.9749279121818236,-0.2225209339563146,-0.8660254037844385,-0.5000000000000004,0.0,1,1.0,1,0.0,1,2.0,1,1.1428571428571428,1.676163419695051,0.0,4.0,0.7857142857142857,0.4642857142857143,1.1049431980420872,0.0,4.0,2.4615384615384612,0,172.33499999999998,0.0,0.0,False,False,False,False,False,True,False,False,False,False,False,False,False,False,False,False,False,False,False,False,False,False,False,False,False,False,False,True,False,False,False,False,False,False,True,False
USA,Vacuum Cleaner,2025-08-31,Home & Kitchen,0.0,172.33499999999998,,20.0,2.0,0.0,0.0,6,31,35,8,3,243,1,-0.7818314824680299,0.6234898018587334,-0.8660254037844385,-0.5000000000000004,0.0,1,0.0,1,0.0,1,0.0,1,1.0,1.7320508075688767,0.0,4.0,0.7857142857142857,0.39285714285714285,1.0659471779799363,0.0,4.0,2.5454545454545454,0,172.33499999999998,0.0,0.0,False,False,False,False,False,True,False,False,False,False,False,False,False,False,False,False,False,False,False,False,False,False,False,False,False,False,False,True,False,False,False,False,False,False,True,False
USA,Vacuum Cleaner,2025-09-01,Home & Kitchen,0.0,172.33499999999998,,20.0,2.0,0.0,0.0,0,1,36,9,3,244,0,0.0,1.0,-1.0,-1.8369701987210297e-16,0.0,1,3.0,1,0.0,1,0.0,1,1.0,1.7320508075688767,0.0,4.0,0.7857142857142857,0.39285714285714285,1.0659471779799363,0.0,4.0,2.5454545454545454,0,172.33499999999998,0.0,0.0,False,False,False,False,False,True,False,False,False,False,False,False,False,False,False,False,False,False,False,False,False,False,False,False,False,False,False,True,False,False,False,False,False,False,True,False
USA,Vacuum Cleaner,2025-09-02,Home & Kitchen,0.0,172.33499999999998,,20.0,2.0,0.0,0.0,1,2,36,9,3,245,0,0.7818314824680298,0.6234898018587336,-1.0,-1.8369701987210297e-16,0.0,1,0.0,1,0.0,1,0.0,1,0.5714285714285714,1.5118578920369072,0.0,4.0,0.7857142857142857,0.39285714285714285,1.0659471779799363,0.0,4.0,1.4545454545454546,0,172.33499999999998,0.0,0.0,False,False,False,False,False,True,False,False,False,False,False,False,False,False,False,False,False,False,False,False,False,False,False,False,False,False,False,True,False,False,False,False,False,False,True,False
USA,Vacuum Cleaner,2025-09-03,Home & Kitchen,0.0,172.33499999999998,,20.0,2.0,0.0,0.0,2,3,36,9,3,246,0,0.9749279121818236,-0.22252093395631434,-1.0,-1.8369701987210297e-16,0.0,1,0.0,1,0.0,1,0.0,1,0.5714285714285714,1.5118578920369072,0.0,4.0,0.7857142857142857,0.39285714285714285,1.0659471779799363,0.0,4.0,1.4545454545454546,0,172.33499999999998,0.0,0.0,False,False,False,False,False,True,False,False,False,False,False,False,False,False,False,False,False,False,False,False,False,False,False,False,False,False,False,True,False,False,False,False,False,False,True,False
USA,Vacuum Cleaner,2025-09-04,Home & Kitchen,0.0,172.33499999999998,,20.0,2.0,0.0,0.0,3,4,36,9,3,247,0,0.43388373911755823,-0.900968867902419,-1.0,-1.8369701987210297e-16,0.0,1,4.0,1,3.0,1,0.0,1,0.5714285714285714,1.5118578920369072,0.0,4.0,0.7857142857142857,0.39285714285714285,1.0659471779799363,0.0,4.0,1.4545454545454546,0,172.33499999999998,0.0,0.0,False,False,False,False,False,True,False,False,False,False,False,False,False,False,False,False,False,False,False,False,False,False,False,False,False,False,False,True,False,False,False,False,False,False,True,False
USA,Vacuum Cleaner,2025-09-05,Home & Kitchen,0.0,172.33499999999998,,20.0,2.0,0.0,0.0,4,5,36,9,3,248,0,-0.433883739117558,-0.9009688679024191,-1.0,-1.8369701987210297e-16,0.0,1,0.0,1,0.0,1,0.0,1,0.0,0.0,0.0,0.0,0.5714285714285714,0.39285714285714285,1.0659471779799363,0.0,4.0,0.0,0,172.33499999999998,0.0,0.0,False,False,False,False,False,True,False,False,False,False,False,False,False,False,False,False,False,False,False,False,False,False,False,False,False,False,False,True,False,False,False,False,False,False,True,False
USA,Vacuum Cleaner,2025-09-06,Home & Kitchen,3.0,182.14,0.13,20.0,2.0,1.0,0.0,5,6,36,9,3,249,1,-0.9749279121818236,-0.2225209339563146,-1.0,-1.8369701987210297e-16,0.0,1,0.0,1,1.0,1,0.0,1,0.0,0.0,0.0,0.0,0.5714285714285714,0.39285714285714285,1.0659471779799363,0.0,4.0,0.0,1,172.33499999999998,9.805000000000007,0.05689500101546412,False,False,False,False,False,True,False,False,False,False,False,False,False,False,False,False,False,False,False,False,False,False,False,False,False,False,False,True,False,False,False,False,False,False,True,False
USA,Vacuum Cleaner,2025-09-07,Home & Kitchen,0.0,182.14,,20.0,2.0,0.0,0.0,6,7,36,9,3,250,1,-0.7818314824680299,0.6234898018587334,-1.0,-1.8369701987210297e-16,3.0,1,0.0,1,0.0,1,0.0,1,0.42857142857142855,1.133893419027679,0.0,3.0,0.7142857142857143,0.5,1.1706281947614172,0.0,4.0,0.8571428571428571,0,182.14,0.0,0.0,False,False,False,False,False,True,False,False,False,False,False,False,False,False,False,False,False,False,False,False,False,False,False,False,False,False,False,True,False,False,False,False,False,False,True,False
USA,Vacuum Cleaner,2025-09-08,Home & Kitchen,0.0,182.14,,20.0,2.0,0.0,0.0,0,8,37,9,3,251,0,0.0,1.0,-1.0,-1.8369701987210297e-16,0.0,1,0.0,1,3.0,1,0.0,1,0.42857142857142855,1.133893419027679,0.0,3.0,0.7142857142857143,0.5,1.1706281947614172,0.0,4.0,0.8571428571428571,0,182.14,0.0,0.0,False,False,False,False,False,True,False,False,False,False,False,False,False,False,False,False,False,False,False,False,False,False,False,False,False,False,False,True,False,False,False,False,False,False,True,False
USA,Vacuum Cleaner,2025-09-09,Home & Kitchen,1.0,179.64,0.1,20.0,2.0,1.0,0.0,1,9,37,9,3,252,0,0.7818314824680298,0.6234898018587336,-1.0,-1.8369701987210297e-16,0.0,1,0.0,1,0.0,1,0.0,1,0.42857142857142855,1.133893419027679,0.0,3.0,0.5,0.5,1.1706281947614172,0.0,4.0,0.8571428571428571,1,182.14,-2.5,-0.013725705501262765,False,False,False,False,False,True,False,False,False,False,False,False,False,False,False,False,False,False,False,False,False,False,False,False,False,False,False,True,False,False,False,False,False,False,True,False
USA,Vacuum Cleaner,2025-09-10,Home & Kitchen,0.0,179.64,,20.0,2.0,0.0,0.0,2,10,37,9,3,253,0,0.9749279121818236,-0.22252093395631434,-1.0,-1.8369701987210297e-16,1.0,1,0.0,1,0.0,1,0.0,1,0.5714285714285714,1.1338934190276795,0.0,3.0,0.5714285714285714,0.5357142857142857,1.1700630833624412,0.0,4.0,1.0666666666666667,0,179.64,0.0,0.0,False,False,False,False,False,True,False,False,False,False,False,False,False,False,False,False,False,False,False,False,False,False,False,False,False,False,False,True,False,False,False,False,False,False,True,False
USA,Vacuum Cleaner,2025-09-11,Home & Kitchen,0.0,179.64,,20.0,2.0,0.0,0.0,3,11,37,9,3,254,0,0.43388373911755823,-0.900968867902419,-1.0,-1.8369701987210297e-16,0.0,1,0.0,1,4.0,1,0.0,1,0.5714285714285714,1.1338934190276795,0.0,3.0,0.5714285714285714,0.5357142857142857,1.1700630833624412,0.0,4.0,1.0666666666666667,0,179.64,0.0,0.0,False,False,False,False,False,True,False,False,False,False,False,False,False,False,False,False,False,False,False,False,False,False,False,False,False,False,False,True,False,False,False,False,False,False,True,False
USA,Vacuum Cleaner,2025-09-12,Home & Kitchen,0.0,179.64,,20.0,2.0,0.0,0.0,4,12,37,9,3,255,0,-0.433883739117558,-0.9009688679024191,-1.0,-1.8369701987210297e-16,0.0,1,0.0,1,0.0,1,0.0,1,0.5714285714285714,1.1338934190276795,0.0,3.0,0.2857142857142857,0.5357142857142857,1.1700630833624412,0.0,4.0,1.0666666666666667,0,179.64,0.0,0.0,False,False,False,False,False,True,False,False,False,False,False,False,False,False,False,False,False,False,False,False,False,False,False,False,False,False,False,True,False,False,False,False,False,False,True,False
USA,Vacuum Cleaner,2025-09-13,Home & Kitchen,0.0,179.64,,20.0,2.0,0.0,0.0,5,13,37,9,3,256,1,-0.9749279121818236,-0.2225209339563146,-1.0,-1.8369701987210297e-16,0.0,1,3.0,1,0.0,1,0.0,1,0.5714285714285714,1.1338934190276795,0.0,3.0,0.2857142857142857,0.5357142857142857,1.1700630833624412,0.0,4.0,1.0666666666666667,0,179.64,0.0,0.0,False,False,False,False,False,True,False,False,False,False,False,False,False,False,False,False,False,False,False,False,False,False,False,False,False,False,False,True,False,False,False,False,False,False,True,False
USA,Vacuum Cleaner,2025-09-14,Home & Kitchen,0.0,179.64,,20.0,2.0,0.0,0.0,6,14,37,9,3,257,1,-0.7818314824680299,0.6234898018587334,-1.0,-1.8369701987210297e-16,0.0,1,0.0,1,0.0,1,0.0,1,0.14285714285714285,0.37796447300921676,0.0,1.0,0.2857142857142857,0.5357142857142857,1.1700630833624412,0.0,4.0,0.26666666666666666,0,179.64,0.0,0.0,False,False,False,False,False,True,False,False,False,False,False,False,False,False,False,False,False,False,False,False,False,False,False,False,False,False,False,True,False,False,False,False,False,False,True,False
USA,Vacuum Cleaner,2025-09-15,Home & Kitchen,1.0,226.66,0.08,20.0,2.0,1.0,0.0,0,15,38,9,3,258,0,0.0,1.0,-1.0,-1.8369701987210297e-16,0.0,1,0.0,1,0.0,1,0.0,1,0.14285714285714285,0.37796447300921676,0.0,1.0,0.2857142857142857,0.5357142857142857,1.1700630833624412,0.0,4.0,0.26666666666666666,1,179.64,47.02000000000001,0.2617457136495213,False,False,False,False,False,True,False,False,False,False,False,False,False,False,False,False,False,False,False,False,False,False,False,False,False,False,False,True,False,False,False,False,False,False,True,False
USA,Vacuum Cleaner,2025-09-16,Home & Kitchen,0.0,226.66,,20.0,2.0,0.0,0.0,1,16,38,9,3,259,0,0.7818314824680298,0.6234898018587336,-1.0,-1.8369701987210297e-16,1.0,1,1.0,1,0.0,1,0.0,1,0.2857142857142857,0.48795003647425944,0.0,1.0,0.35714285714285715,0.5714285714285714,1.1683661091795539,0.0,4.0,0.5,0,226.66,0.0,0.0,False,False,False,False,False,True,False,False,False,False,False,False,False,False,False,False,False,False,False,False,False,False,False,False,False,False,False,True,False,False,False,False,False,False,True,False
USA,Vacuum Cleaner,2025-09-17,Home & Kitchen,1.0,30.79,0.03,20.0,2.0,1.0,0.0,2,17,38,9,3,260,0,0.9749279121818236,-0.22252093395631434,-1.0,-1.8369701987210297e-16,0.0,1,0.0,1,0.0,1,0.0,1,0.14285714285714285,0.37796447300921676,0.0,1.0,0.35714285714285715,0.5714285714285714,1.1683661091795539,0.0,4.0,0.25,1,226.66,-195.87,-0.8641577693461573,False,False,False,False,False,True,False,False,False,False,False,False,False,False,False,False,False,False,False,False,False,False,False,False,False,False,False,True,False,False,False,False,False,False,True,False
USA,Vacuum Cleaner,2025-09-18,Home & Kitchen,3.0,183.12,0.13,20.0,2.0,1.0,0.0,3,18,38,9,3,261,0,0.43388373911755823,-0.900968867902419,-1.0,-1.8369701987210297e-16,1.0,1,0.0,1,0.0,1,3.0,1,0.2857142857142857,0.48795003647425944,0.0,1.0,0.42857142857142855,0.6071428571428571,1.1655323283657184,0.0,4.0,0.47058823529411764,1,30.79,152.33,4.947385514777526,False,False,False,False,False,True,False,False,False,False,False,False,False,False,False,False,False,False,False,False,False,False,False,False,False,False,False,True,False,False,False,False,False,False,True,False
USA,Vacuum Cleaner,2025-09-19,Home & Kitchen,0.0,183.12,,20.0,2.0,0.0,0.0,4,19,38,9,3,262,0,-0.433883739117558,-0.9009688679024191,-1.0,-1.8369701987210297e-16,3.0,1,0.0,1,0.0,1,0.0,1,0.7142857142857143,1.1126972805283717,0.0,3.0,0.6428571428571429,0.6071428571428571,1.1655323283657184,0.0,4.0,1.1764705882352942,0,183.12,0.0,0.0,False,False,False,False,False,True,False,False,False,False,False,False,False,False,False,False,False,False,False,False,False,False,False,False,False,False,False,True,False,False,False,False,False,False,True,False
USA,Vacuum Cleaner,2025-09-20,Home & Kitchen,0.0,183.12,,20.0,2.0,0.0,0.0,5,20,38,9,3,263,1,-0.9749279121818236,-0.2225209339563146,-1.0,-1.8369701987210297e-16,0.0,1,0.0,1,3.0,1,1.0,1,0.7142857142857143,1.1126972805283717,0.0,3.0,0.6428571428571429,0.6071428571428571,1.1655323283657184,0.0,4.0,1.1764705882352942,0,183.12,0.0,0.0,False,False,False,False,False,True,False,False,False,False,False,False,False,False,False,False,False,False,False,False,False,False,False,False,False,False,False,True,False,False,False,False,False,False,True,False
USA,Vacuum Cleaner,2025-09-21,Home & Kitchen,0.0,183.12,,20.0,2.0,0.0,0.0,6,21,38,9,3,264,1,-0.7818314824680299,0.6234898018587334,-1.0,-1.8369701987210297e-16,0.0,1,0.0,1,0.0,1,0.0,1,0.7142857142857143,1.1126972805283717,0.0,3.0,0.42857142857142855,0.5714285714285714,1.1683661091795539,0.0,4.0,1.25,0,183.12,0.0,0.0,False,False,False,False,False,True,False,False,False,False,False,False,False,False,False,False,False,False,False,False,False,False,False,False,False,False,False,True,False,False,False,False,False,False,True,False
USA,Vacuum Cleaner,2025-09-22,Home & Kitchen,0.0,183.12,,20.0,2.0,0.0,0.0,0,22,39,9,3,265,0,0.0,1.0,-1.0,-1.8369701987210297e-16,0.0,1,1.0,1,0.0,1,3.0,1,0.7142857142857143,1.1126972805283717,0.0,3.0,0.42857142857142855,0.5714285714285714,1.1683661091795539,0.0,4.0,1.25,0,183.12,0.0,0.0,False,False,False,False,False,True,False,False,False,False,False,False,False,False,False,False,False,False,False,False,False,False,False,False,False,False,False,True,False,False,False,False,False,False,True,False
USA,Vacuum Cleaner,2025-09-23,Home & Kitchen,3.0,56.27,0.05,20.0,2.0,1.0,0.0,1,23,39,9,3,266,0,0.7818314824680298,0.6234898018587336,-1.0,-1.8369701987210297e-16,0.0,1,0.0,1,1.0,1,0.0,1,0.5714285714285714,1.1338934190276795,0.0,3.0,0.42857142857142855,0.4642857142857143,1.0708993401928124,0.0,4.0,1.2307692307692306,1,183.12,-126.85,-0.6927151594582787,False,False,False,False,False,True,False,False,False,False,False,False,False,False,False,False,False,False,False,False,False,False,False,False,False,False,False,True,False,False,False,False,False,False,True,False
USA,Vacuum Cleaner,2025-09-24,Home & Kitchen,0.0,56.27,,20.0,2.0,0.0,0.0,2,24,39,9,3,267,0,0.9749279121818236,-0.22252093395631434,-1.0,-1.8369701987210297e-16,3.0,1,1.0,1,0.0,1,0.0,1,1.0,1.4142135623730943,0.0,3.0,0.5714285714285714,0.5714285714285714,1.1683661091795539,0.0,4.0,1.75,0,56.27,0.0,0.0,False,False,False,False,False,True,False,False,False,False,False,False,False,False,False,False,False,False,False,False,False,False,False,False,False,False,False,True,False,False,False,False,False,False,True,False
USA,Vacuum Cleaner,2025-09-25,Home & Kitchen,0.0,56.27,,20.0,2.0,0.0,0.0,3,25,39,9,3,268,0,0.43388373911755823,-0.900968867902419,-1.0,-1.8369701987210297e-16,0.0,1,3.0,1,0.0,1,4.0,1,0.8571428571428571,1.4638501094227987,0.0,3.0,0.5714285714285714,0.5714285714285714,1.1683661091795539,0.0,4.0,1.5,0,56.27,0.0,0.0,False,False,False,False,False,True,False,False,False,False,False,False,False,False,False,False,False,False,False,False,False,False,False,False,False,False,False,True,False,False,False,False,False,False,True,False
USA,Vacuum Cleaner,2025-09-26,Home & Kitchen,3.0,270.32,0.02,20.0,2.0,1.0,0.0,4,26,39,9,3,269,0,-0.433883739117558,-0.9009688679024191,-1.0,-1.8369701987210297e-16,0.0,1,0.0,1,0.0,1,0.0,1,0.42857142857142855,1.133893419027679,0.0,3.0,0.5714285714285714,0.42857142857142855,0.9594972228385681,0.0,3.0,1.0,1,56.27,214.04999999999998,3.8039808068242396,False,False,False,False,False,True,False,False,False,False,False,False,False,False,False,False,False,False,False,False,False,False,False,False,False,False,False,True,False,False,False,False,False,False,True,False
USA,Vacuum Cleaner,2025-09-27,Home & Kitchen,0.0,270.32,,20.0,2.0,0.0,0.0,5,27,39,9,3,270,1,-0.9749279121818236,-0.2225209339563146,-1.0,-1.8369701987210297e-16,3.0,1,0.0,1,0.0,1,0.0,1,0.8571428571428571,1.4638501094227987,0.0,3.0,0.7857142857142857,0.5357142857142857,1.0708993401928124,0.0,3.0,1.5999999999999999,0,270.32,0.0,0.0,False,False,False,False,False,True,False,False,False,False,False,False,False,False,False,False,False,False,False,False,False,False,False,False,False,False,False,True,False,False,False,False,False,False,True,False
USA,Vacuum Cleaner,2025-09-28,Home & Kitchen,0.0,270.32,,20.0,2.0,0.0,0.0,6,28,39,9,3,271,1,-0.7818314824680299,0.6234898018587334,-1.0,-1.8369701987210297e-16,0.0,1,0.0,1,0.0,1,0.0,1,0.8571428571428571,1.4638501094227985,0.0,3.0,0.7857142857142857,0.5357142857142857,1.0708993401928124,0.0,3.0,1.5999999999999999,0,270.32,0.0,0.0,False,False,False,False,False,True,False,False,False,False,False,False,False,False,False,False,False,False,False,False,False,False,False,False,False,False,False,True,False,False,False,False,False,False,True,False
USA,Vacuum Cleaner,2025-09-29,Home & Kitchen,5.0,215.48,0.05,20.0,2.0,1.0,1.0,0,29,40,9,3,272,0,0.0,1.0,-1.0,-1.8369701987210297e-16,0.0,1,0.0,1,1.0,1,0.0,1,0.8571428571428571,1.4638501094227985,0.0,3.0,0.7857142857142857,0.5357142857142857,1.0708993401928124,0.0,3.0,1.5999999999999999,1,270.32,-54.84,-0.20287067179638948,False,False,False,False,False,True,False,False,False,False,False,False,False,False,False,False,False,False,False,False,False,False,False,False,False,False,False,True,False,False,False,False,False,False,True,False
USA,Vacuum Cleaner,2025-09-30,Home & Kitchen,0.0,215.48,,20.0,2.0,0.0,0.0,1,30,40,9,3,273,0,0.7818314824680298,0.6234898018587336,-1.0,-1.8369701987210297e-16,5.0,1,3.0,1,0.0,1,0.0,1,1.5714285714285714,2.070196678027063,0.0,5.0,1.0714285714285714,0.7142857142857143,1.3569339855976215,0.0,5.0,2.1999999999999997,0,215.48,0.0,0.0,False,False,False,False,False,True,False,False,False,False,False,False,False,False,False,False,False,False,False,False,False,False,False,False,False,False,False,True,False,False,False,False,False,False,True,False
USA,Vacuum Cleaner,2025-10-01,Home & Kitchen,0.0,215.48,,20.0,2.0,0.0,0.0,2,1,40,10,4,274,0,0.9749279121818236,-0.22252093395631434,-0.8660254037844386,0.5000000000000001,0.0,1,0.0,1,1.0,1,0.0,1,1.1428571428571428,2.0354009783964293,0.0,5.0,1.0714285714285714,0.7142857142857143,1.3569339855976215,0.0,5.0,1.5999999999999999,0,215.48,0.0,0.0,False,False,False,False,False,True,False,False,False,False,False,False,False,False,False,False,False,False,False,False,False,False,False,False,False,False,False,True,False,False,False,False,False,False,True,False
USA,Vacuum Cleaner,2025-10-02,Home & Kitchen,4.0,199.055,0.11,20.0,2.0,1.0,0.0,3,2,40,10,4,275,0,0.43388373911755823,-0.900968867902419,-0.8660254037844386,0.5000000000000001,0.0,1,0.0,1,3.0,1,0.0,1,1.1428571428571428,2.0354009783964293,0.0,5.0,1.0,0.7142857142857143,1.3569339855976215,0.0,5.0,1.5999999999999999,1,215.48,-16.424999999999983,-0.07622517170967136,False,False,False,False,False,True,False,False,False,False,False,False,False,False,False,False,False,False,False,False,False,False,False,False,False,False,False,True,False,False,False,False,False,False,True,False
USA,Vacuum Cleaner,2025-10-03,Home & Kitchen,1.0,148.26,0.11,20.0,2.0,1.0,0.0,4,3,40,10,4,276,0,-0.433883739117558,-0.9009688679024191,-0.8660254037844386,0.5000000000000001,4.0,1,3.0,1,0.0,1,0.0,1,1.7142857142857142,2.2146697055682836,0.0,5.0,1.0714285714285714,0.8571428571428571,1.483596374037833,0.0,5.0,2.0,1,199.055,-50.795000000000016,-0.2551807289442617,False,False,False,False,False,True,False,False,False,False,False,False,False,False,False,False,False,False,False,False,False,False,False,False,False,False,False,True,False,False,False,False,False,False,True,False
USA,Vacuum Cleaner,2025-10-04,Home & Kitchen,0.0,148.26,,20.0,2.0,0.0,0.0,5,4,40,10,4,277,1,-0.9749279121818236,-0.2225209339563146,-0.8660254037844386,0.5000000000000001,1.0,1,0.0,1,0.0,1,3.0,1,1.4285714285714286,2.14919697074224,0.0,5.0,1.1428571428571428,0.8928571428571429,1.4742050139924325,0.0,5.0,1.5999999999999999,0,148.26,0.0,0.0,False,False,False,False,False,True,False,False,False,False,False,False,False,False,False,False,False,False,False,False,False,False,False,False,False,False,False,True,False,False,False,False,False,False,True,False
USA,Vacuum Cleaner,2025-10-05,Home & Kitchen,0.0,148.26,,20.0,2.0,0.0,0.0,6,5,40,10,4,278,1,-0.7818314824680299,0.6234898018587334,-0.8660254037844386,0.5000000000000001,0.0,1,0.0,1,0.0,1,0.0,1,1.4285714285714286,2.14919697074224,0.0,5.0,1.1428571428571428,0.7857142857142857,1.4235360994562207,0.0,5.0,1.8181818181818183,0,148.26,0.0,0.0,False,False,False,False,False,True,False,False,False,False,False,False,False,False,False,False,False,False,False,False,False,False,False,False,False,False,False,True,False,False,False,False,False,False,True,False
USA,Vacuum Cleaner,2025-10-06,Home & Kitchen,2.0,154.93,0.06,20.0,2.0,1.0,0.0,0,6,41,10,4,279,0,0.0,1.0,-0.8660254037844386,0.5000000000000001,0.0,1,5.0,1,0.0,1,0.0,1,1.4285714285714286,2.14919697074224,0.0,5.0,1.1428571428571428,0.7857142857142857,1.4235360994562207,0.0,5.0,1.8181818181818183,1,148.26,6.670000000000016,0.044988533657089005,False,False,False,False,False,True,False,False,False,False,False,False,False,False,False,False,False,False,False,False,False,False,False,False,False,False,False,True,False,False,False,False,False,False,True,False
USA,Vacuum Cleaner,2025-10-07,Home & Kitchen,0.0,154.93,,20.0,2.0,0.0,0.0,1,7,41,10,4,280,0,0.7818314824680298,0.6234898018587336,-0.8660254037844386,0.5000000000000001,2.0,1,0.0,1,3.0,1,1.0,1,1.0,1.527525231651946,0.0,4.0,1.2857142857142858,0.8571428571428571,1.432797980494828,0.0,5.0,1.1666666666666667,0,154.93,0.0,0.0,False,False,False,False,False,True,False,False,False,False,False,False,False,False,False,False,False,False,False,False,False,False,False,False,False,False,False,True,False,False,False,False,False,False,True,False
USA,Vacuum Cleaner,2025-10-08,Home & Kitchen,3.0,108.72,0.12,20.0,2.0,1.0,0.0,2,8,41,10,4,281,0,0.9749279121818236,-0.22252093395631434,-0.8660254037844386,0.5000000000000001,0.0,1,0.0,1,0.0,1,0.0,1,1.0,1.527525231651946,0.0,4.0,1.0714285714285714,0.8214285714285714,1.4415416497771865,0.0,5.0,1.2173913043478262,1,154.93,-46.21000000000001,-0.29826373200800366,False,False,False,False,False,True,False,False,False,False,False,False,False,False,False,False,False,False,False,False,False,False,False,False,False,False,False,True,False,False,False,False,False,False,True,False
USA,Vacuum Cleaner,2025-10-09,Home & Kitchen,0.0,108.72,,20.0,2.0,0.0,0.0,3,9,41,10,4,282,0,0.43388373911755823,-0.900968867902419,-0.8660254037844386,0.5000000000000001,3.0,1,4.0,1,0.0,1,0.0,1,1.4285714285714286,1.6183471874253745,0.0,4.0,1.2857142857142858,0.9285714285714286,1.4889362702719087,0.0,5.0,1.5384615384615385,0,108.72,0.0,0.0,False,False,False,False,False,True,False,False,False,False,False,False,False,False,False,False,False,False,False,False,False,False,False,False,False,False,False,True,False,False,False,False,False,False,True,False
USA,Vacuum Cleaner,2025-10-10,Home & Kitchen,0.0,108.72,,20.0,2.0,0.0,0.0,4,10,41,10,4,283,0,-0.433883739117558,-0.9009688679024191,-0.8660254037844386,0.5000000000000001,0.0,1,1.0,1,3.0,1,0.0,1,0.8571428571428571,1.2149857925879106,0.0,3.0,1.2857142857142858,0.9285714285714286,1.4889362702719087,0.0,5.0,0.923076923076923,0,108.72,0.0,0.0,False,False,False,False,False,True,False,False,False,False,False,False,False,False,False,False,False,False,False,False,False,False,False,False,False,False,False,True,False,False,False,False,False,False,True,False
USA,Vacuum Cleaner,2025-10-11,Home & Kitchen,3.0,139.11,0.03,20.0,2.0,1.0,0.0,5,11,41,10,4,284,1,-0.9749279121818236,-0.2225209339563146,-0.8660254037844386,0.5000000000000001,0.0,1,0.0,1,0.0,1,0.0,1,0.7142857142857143,1.2535663410560158,0.0,3.0,1.0714285714285714,0.9285714285714286,1.4889362702719087,0.0,5.0,0.7692307692307693,1,108.72,30.390000000000015,0.2795253863134659,False,False,False,False,False,True,False,False,False,False,False,False,False,False,False,False,False,False,False,False,False,False,False,False,False,False,False,True,False,False,False,False,False,False,True,False
USA,Vacuum Cleaner,2025-10-12,Home & Kitchen,0.0,139.11,,20.0,2.0,0.0,0.0,6,12,41,10,4,285,1,-0.7818314824680299,0.6234898018587334,-0.8660254037844386,0.5000000000000001,3.0,1,0.0,1,0.0,1,0.0,1,1.1428571428571428,1.4638501094227994,0.0,3.0,1.2857142857142858,1.0357142857142858,1.5270921982678674,0.0,5.0,1.1034482758620687,0,139.11,0.0,0.0,False,False,False,False,False,True,False,False,False,False,False,False,False,False,False,False,False,False,False,False,False,False,False,False,False,False,False,True,False,False,False,False,False,False,True,False
USA,Vacuum Cleaner,2025-10-13,Home & Kitchen,2.0,235.09,0.06,20.0,2.0,1.0,0.0,0,13,42,10,4,286,0,0.0,1.0,-0.8660254037844386,0.5000000000000001,0.0,1,2.0,1,5.0,1,1.0,1,1.1428571428571428,1.4638501094227994,0.0,3.0,1.2857142857142858,1.0357142857142858,1.5270921982678674,0.0,5.0,1.1034482758620687,1,139.11,95.97999999999999,0.6899575875206669,False,False,False,False,False,True,False,False,False,False,False,False,False,False,False,False,False,False,False,False,False,False,False,False,False,False,False,True,False,False,False,False,False,False,True,False
USA,Vacuum Cleaner,2025-10-14,Home & Kitchen,3.0,267.09,0.03,20.0,2.0,1.0,0.0,1,14,42,10,4,287,0,0.7818314824680298,0.6234898018587336,-0.8660254037844386,0.5000000000000001,2.0,1,0.0,1,0.0,1,0.0,1,1.1428571428571428,1.4638501094227994,0.0,3.0,1.0714285714285714,1.0714285714285714,1.537881453519539,0.0,5.0,1.0666666666666667,1,235.09,31.99999999999997,0.13611808243651355,False,False,False,False,False,True,False,False,False,False,False,False,False,False,False,False,False,False,False,False,False,False,False,False,False,False,False,True,False,False,False,False,False,False,True,False
USA,Vacuum Cleaner,2025-10-15,Home & Kitchen,0.0,267.09,,20.0,2.0,0.0,0.0,2,15,42,10,4,288,0,0.9749279121818236,-0.22252093395631434,-0.8660254037844386,0.5000000000000001,3.0,1,3.0,1,0.0,1,1.0,1,1.5714285714285714,1.5118578920369097,0.0,3.0,1.2857142857142858,1.1785714285714286,1.56474045720455,0.0,5.0,1.3333333333333333,0,267.09,0.0,0.0,False,False,False,False,False,True,False,False,False,False,False,False,False,False,False,False,False,False,False,False,False,False,False,False,False,False,False,True,False,False,False,False,False,False,True,False
USA,Vacuum Cleaner,2025-10-16,Home & Kitchen,3.0,61.83,0.1,20.0,2.0,1.0,0.0,3,16,42,10,4,289,0,0.43388373911755823,-0.900968867902419,-0.8660254037844386,0.5000000000000001,0.0,1,0.0,1,4.0,1,3.0,1,1.1428571428571428,1.4638501094227994,0.0,3.0,1.2857142857142858,1.1428571428571428,1.580302027257607,0.0,5.0,1.0,1,267.09,-205.26,-0.7685049983151747,False,False,False,False,False,True,False,False,False,False,False,False,False,False,False,False,False,False,False,False,False,False,False,False,False,False,False,True,False,False,False,False,False,False,True,False
USA,Vacuum Cleaner,2025-10-17,Home & Kitchen,0.0,61.83,,20.0,2.0,0.0,0.0,4,17,42,10,4,290,0,-0.433883739117558,-0.9009688679024191,-0.8660254037844386,0.5000000000000001,3.0,1,0.0,1,1.0,1,0.0,1,1.5714285714285714,1.5118578920369097,0.0,3.0,1.2142857142857142,1.1428571428571428,1.580302027257607,0.0,5.0,1.375,0,61.83,0.0,0.0,False,False,False,False,False,True,False,False,False,False,False,False,False,False,False,False,False,False,False,False,False,False,False,False,False,False,False,True,False,False,False,False,False,False,True,False
USA,Vacuum Cleaner,2025-10-18,Home & Kitchen,0.0,61.83,,20.0,2.0,0.0,0.0,5,18,42,10,4,291,1,-0.9749279121818236,-0.2225209339563146,-0.8660254037844386,0.5000000000000001,0.0,1,3.0,1,0.0,1,0.0,1,1.5714285714285714,1.5118578920369097,0.0,3.0,1.1428571428571428,1.1428571428571428,1.580302027257607,0.0,5.0,1.375,0,61.83,0.0,0.0,False,False,False,False,False,True,False,False,False,False,False,False,False,False,False,False,False,False,False,False,False,False,False,False,False,False,False,True,False,False,False,False,False,False,True,False
USA,Vacuum Cleaner,2025-10-19,Home & Kitchen,0.0,61.83,,20.0,2.0,0.0,0.0,6,19,42,10,4,292,1,-0.7818314824680299,0.6234898018587334,-0.8660254037844386,0.5000000000000001,0.0,1,0.0,1,0.0,1,0.0,1,1.1428571428571428,1.4638501094227994,0.0,3.0,1.1428571428571428,1.1428571428571428,1.580302027257607,0.0,5.0,1.0,0,61.83,0.0,0.0,False,False,False,False,False,True,False,False,False,False,False,False,False,False,False,False,False,False,False,False,False,False,False,False,False,False,False,True,False,False,False,False,False,False,True,False
USA,Vacuum Cleaner,2025-10-20,Home & Kitchen,0.0,61.83,,20.0,2.0,0.0,0.0,0,20,43,10,4,293,0,0.0,1.0,-0.8660254037844386,0.5000000000000001,0.0,1,2.0,1,2.0,1,0.0,1,1.1428571428571428,1.4638501094227994,0.0,3.0,1.1428571428571428,1.1428571428571428,1.580302027257607,0.0,5.0,1.0,0,61.83,0.0,0.0,False,False,False,False,False,True,False,False,False,False,False,False,False,False,False,False,False,False,False,False,False,False,False,False,False,False,False,True,False,False,False,False,False,False,True,False
USA,Vacuum Cleaner,2025-10-21,Home & Kitchen,0.0,61.83,,20.0,2.0,0.0,0.0,1,21,43,10,4,294,0,0.7818314824680298,0.6234898018587336,-0.8660254037844386,0.5000000000000001,0.0,1,3.0,1,0.0,1,3.0,1,0.8571428571428571,1.463850109422799,0.0,3.0,1.0,1.1428571428571428,1.580302027257607,0.0,5.0,0.75,0,61.83,0.0,0.0,False,False,False,False,False,True,False,False,False,False,False,False,False,False,False,False,False,False,False,False,False,False,False,False,False,False,False,True,False,False,False,False,False,False,True,False
USA,Vacuum Cleaner,2025-10-22,Home & Kitchen,0.0,61.83,,20.0,2.0,0.0,0.0,2,22,43,10,4,295,0,0.9749279121818236,-0.22252093395631434,-0.8660254037844386,0.5000000000000001,0.0,1,0.0,1,3.0,1,0.0,1,0.42857142857142855,1.133893419027679,0.0,3.0,1.0,1.0357142857142858,1.551155909663713,0.0,5.0,0.4137931034482758,0,61.83,0.0,0.0,False,False,False,False,False,True,False,False,False,False,False,False,False,False,False,False,False,False,False,False,False,False,False,False,False,False,False,True,False,False,False,False,False,False,True,False
USA,Vacuum Cleaner,2025-10-23,Home & Kitchen,0.0,61.83,,20.0,2.0,0.0,0.0,3,23,43,10,4,296,0,0.43388373911755823,-0.900968867902419,-0.8660254037844386,0.5000000000000001,0.0,1,3.0,1,0.0,1,0.0,1,0.42857142857142855,1.133893419027679,0.0,3.0,0.7857142857142857,1.0357142857142858,1.551155909663713,0.0,5.0,0.4137931034482758,0,61.83,0.0,0.0,False,False,False,False,False,True,False,False,False,False,False,False,False,False,False,False,False,False,False,False,False,False,False,False,False,False,False,True,False,False,False,False,False,False,True,False
USA,Vacuum Cleaner,2025-10-24,Home & Kitchen,0.0,61.83,,20.0,2.0,0.0,0.0,4,24,43,10,4,297,0,-0.433883739117558,-0.9009688679024191,-0.8660254037844386,0.5000000000000001,0.0,1,0.0,1,0.0,1,3.0,1,0.0,0.0,0.0,0.0,0.7857142857142857,1.0357142857142858,1.551155909663713,0.0,5.0,0.0,0,61.83,0.0,0.0,False,False,False,False,False,True,False,False,False,False,False,False,False,False,False,False,False,False,False,False,False,False,False,False,False,False,False,True,False,False,False,False,False,False,True,False
USA,Vacuum Cleaner,2025-10-25,Home & Kitchen,0.0,61.83,,20.0,2.0,0.0,0.0,5,25,43,10,4,298,1,-0.9749279121818236,-0.2225209339563146,-0.8660254037844386,0.5000000000000001,0.0,1,0.0,1,3.0,1,0.0,1,0.0,0.0,0.0,0.0,0.7857142857142857,0.9285714285714286,1.513606716094143,0.0,5.0,0.0,0,61.83,0.0,0.0,False,False,False,False,False,True,False,False,False,False,False,False,False,False,False,False,False,False,False,False,False,False,False,False,False,False,False,True,False,False,False,False,False,False,True,False
USA,Vacuum Cleaner,2025-10-26,Home & Kitchen,0.0,61.83,,20.0,2.0,0.0,0.0,6,26,43,10,4,299,1,-0.7818314824680299,0.6234898018587334,-0.8660254037844386,0.5000000000000001,0.0,1,0.0,1,0.0,1,0.0,1,0.0,0.0,0.0,0.0,0.5714285714285714,0.9285714285714286,1.513606716094143,0.0,5.0,0.0,0,61.83,0.0,0.0,False,False,False,False,False,True,False,False,False,False,False,False,False,False,False,False,False,False,False,False,False,False,False,False,False,False,False,True,False,False,False,False,False,False,True,False
USA,Vacuum Cleaner,2025-10-27,Home & Kitchen,1.0,120.12,0.13,20.0,2.0,1.0,0.0,0,27,44,10,4,300,0,0.0,1.0,-0.8660254037844386,0.5000000000000001,0.0,1,0.0,1,2.0,1,5.0,1,0.0,0.0,0.0,0.0,0.5714285714285714,0.9285714285714286,1.513606716094143,0.0,5.0,0.0,1,61.83,58.290000000000006,0.9427462396894712,False,False,False,False,False,True,False,False,False,False,False,False,False,False,False,False,False,False,False,False,False,False,False,False,False,False,False,True,False,False,False,False,False,False,True,False
USA,Vacuum Cleaner,2025-10-28,Home & Kitchen,2.0,178.875,0.11,20.0,2.0,1.0,0.0,1,28,44,10,4,301,0,0.7818314824680298,0.6234898018587336,-0.8660254037844386,0.5000000000000001,1.0,1,0.0,1,3.0,1,0.0,1,0.14285714285714285,0.3779644730092165,0.0,1.0,0.5,0.7857142857142857,1.2868895275371,0.0,4.0,0.18181818181818182,1,120.12,58.754999999999995,0.4891358641358641,False,False,False,False,False,True,False,False,False,False,False,False,False,False,False,False,False,False,False,False,False,False,False,False,False,False,False,True,False,False,False,False,False,False,True,False
USA,Vacuum Cleaner,2025-10-29,Home & Kitchen,1.0,231.74,0.1,20.0,2.0,1.0,0.0,2,29,44,10,4,302,0,0.9749279121818236,-0.22252093395631434,-0.8660254037844386,0.5000000000000001,2.0,1,0.0,1,0.0,1,0.0,1,0.42857142857142855,0.7867957924694393,0.0,2.0,0.42857142857142855,0.8571428571428571,1.2971274735120242,0.0,4.0,0.5,1,178.875,52.86500000000001,0.2955415793151643,False,False,False,False,False,True,False,False,False,False,False,False,False,False,False,False,False,False,False,False,False,False,False,False,False,False,False,True,False,False,False,False,False,False,True,False
USA,Vacuum Cleaner,2025-10-30,Home & Kitchen,0.0,231.74,,20.0,2.0,0.0,0.0,3,30,44,10,4,303,0,0.43388373911755823,-0.900968867902419,-0.8660254037844386,0.5000000000000001,1.0,1,0.0,1,3.0,1,4.0,1,0.5714285714285714,0.78679579246944,0.0,2.0,0.5,0.8928571428571429,1.2863754913562018,0.0,4.0,0.6399999999999999,0,231.74,0.0,0.0,False,False,False,False,False,True,False,False,False,False,False,False,False,False,False,False,False,False,False,False,False,False,False,False,False,False,False,True,False,False,False,False,False,False,True,False
USA,Vacuum Cleaner,2025-10-31,Home & Kitchen,0.0,231.74,,20.0,2.0,0.0,0.0,4,31,44,10,4,304,0,-0.433883739117558,-0.9009688679024191,-0.8660254037844386,0.5000000000000001,0.0,1,0.0,1,0.0,1,1.0,1,0.5714285714285714,0.78679579246944,0.0,2.0,0.2857142857142857,0.75,1.1426091000668426,0.0,3.0,0.7619047619047619,0,231.74,0.0,0.0,False,False,False,False,False,True,False,False,False,False,False,False,False,False,False,False,False,False,False,False,False,False,False,False,False,False,False,True,False,False,False,False,False,False,True,False
USA,Vacuum Cleaner,2025-11-01,Home & Kitchen,0.0,231.74,,20.0,2.0,0.0,0.0,5,1,44,11,4,305,1,-0.9749279121818236,-0.2225209339563146,-0.5000000000000004,0.8660254037844384,0.0,1,0.0,1,0.0,1,0.0,1,0.5714285714285714,0.78679579246944,0.0,2.0,0.2857142857142857,0.7142857142857143,1.150109265570592,0.0,3.0,0.7999999999999999,0,231.74,0.0,0.0,False,False,False,False,False,True,False,False,False,False,False,False,False,False,False,False,False,False,False,False,False,False,False,False,False,False,False,True,False,False,False,False,False,False,True,False
USA,Vacuum Cleaner,2025-11-02,Home & Kitchen,4.0,167.68,0.25,20.0,2.0,1.0,0.0,6,2,44,11,4,306,1,-0.7818314824680299,0.6234898018587334,-0.5000000000000004,0.8660254037844384,0.0,1,0.0,1,0.0,1,0.0,1,0.5714285714285714,0.78679579246944,0.0,2.0,0.2857142857142857,0.7142857142857143,1.150109265570592,0.0,3.0,0.7999999999999999,1,231.74,-64.06,-0.27643048243721413,False,False,False,False,False,True,False,False,False,False,False,False,False,False,False,False,False,False,False,False,False,False,False,False,False,False,False,True,False,False,False,False,False,False,True,False
USA,Vacuum Cleaner,2025-11-03,Home & Kitchen,5.0,100.32,0.16,20.0,2.0,1.0,1.0,0,3,45,11,4,307,0,0.0,1.0,-0.5000000000000004,0.8660254037844384,4.0,1,1.0,1,0.0,1,2.0,1,1.1428571428571428,1.4638501094227994,0.0,4.0,0.5714285714285714,0.8571428571428571,1.2971274735120242,0.0,4.0,1.3333333333333333,1,167.68,-67.36000000000001,-0.40171755725190844,False,False,False,False,False,True,False,False,False,False,False,False,False,False,False,False,False,False,False,False,False,False,False,False,False,False,False,True,False,False,False,False,False,False,True,False
USA,Vacuum Cleaner,2025-11-04,Home & Kitchen,2.0,56.48,0.21,20.0,2.0,1.0,0.0,1,4,45,11,4,308,0,0.7818314824680298,0.6234898018587336,-0.5000000000000004,0.8660254037844384,5.0,1,2.0,1,0.0,1,0.0,1,1.7142857142857142,2.058663459163552,0.0,5.0,0.9285714285714286,0.9642857142857143,1.5026431738561594,0.0,5.0,1.7777777777777777,1,100.32,-43.839999999999996,-0.4370015948963317,False,False,False,False,False,True,False,False,False,False,False,False,False,False,False,False,False,False,False,False,False,False,False,False,False,False,False,True,False,False,False,False,False,False,True,False
USA,Vacuum Cleaner,2025-11-05,Home & Kitchen,7.0,139.57999999999998,0.19,20.0,2.0,1.0,1.0,2,5,45,11,4,309,0,0.9749279121818236,-0.22252093395631434,-0.5000000000000004,0.8660254037844384,2.0,1,1.0,1,0.0,1,3.0,1,1.7142857142857142,2.058663459163552,0.0,5.0,1.0714285714285714,1.0357142857142858,1.5026431738561594,0.0,5.0,1.6551724137931032,1,56.48,83.1,1.4713172804532577,False,False,False,False,False,True,False,False,False,False,False,False,False,False,False,False,False,False,False,False,False,False,False,False,False,False,False,True,False,False,False,False,False,False,True,False
USA,Vacuum Cleaner,2025-11-06,Home & Kitchen,0.0,139.57999999999998,,20.0,2.0,0.0,0.0,3,6,45,11,4,310,0,0.43388373911755823,-0.900968867902419,-0.5000000000000004,0.8660254037844384,7.0,1,0.0,1,0.0,1,0.0,1,2.5714285714285716,2.8199966227605597,0.0,7.0,1.5714285714285714,1.1785714285714286,1.8469909749036855,0.0,7.0,2.181818181818182,0,139.57999999999998,0.0,0.0,False,False,False,False,False,True,False,False,False,False,False,False,False,False,False,False,False,False,False,False,False,False,False,False,False,False,False,True,False,False,False,False,False,False,True,False
USA,Vacuum Cleaner,2025-11-07,Home & Kitchen,0.0,139.57999999999998,,20.0,2.0,0.0,0.0,4,7,45,11,4,311,0,-0.433883739117558,-0.9009688679024191,-0.5000000000000004,0.8660254037844384,0.0,1,0.0,1,0.0,1,0.0,1,2.5714285714285716,2.8199966227605597,0.0,7.0,1.5714285714285714,1.1785714285714286,1.8469909749036855,0.0,7.0,2.181818181818182,0,139.57999999999998,0.0,0.0,False,False,False,False,False,True,False,False,False,False,False,False,False,False,False,False,False,False,False,False,False,False,False,False,False,False,False,True,False,False,False,False,False,False,True,False
USA,Vacuum Cleaner,2025-11-08,Home & Kitchen,0.0,139.57999999999998,,20.0,2.0,0.0,0.0,5,8,45,11,4,312,1,-0.9749279121818236,-0.2225209339563146,-0.5000000000000004,0.8660254037844384,0.0,1,0.0,1,0.0,1,3.0,1,2.5714285714285716,2.8199966227605597,0.0,7.0,1.5714285714285714,1.1785714285714286,1.8469909749036855,0.0,7.0,2.181818181818182,0,139.57999999999998,0.0,0.0,False,False,False,False,False,True,False,False,False,False,False,False,False,False,False,False,False,False,False,False,False,False,False,False,False,False,False,True,False,False,False,False,False,False,True,False
USA,Vacuum Cleaner,2025-11-09,Home & Kitchen,0.0,139.57999999999998,,20.0,2.0,0.0,0.0,6,9,45,11,4,313,1,-0.7818314824680299,0.6234898018587334,-0.5000000000000004,0.8660254037844384,0.0,1,4.0,1,0.0,1,0.0,1,2.5714285714285716,2.8199966227605597,0.0,7.0,1.5714285714285714,1.0714285714285714,1.8242922814182854,0.0,7.0,2.4000000000000004,0,139.57999999999998,0.0,0.0,False,False,False,False,False,True,False,False,False,False,False,False,False,False,False,False,False,False,False,False,False,False,False,False,False,False,False,True,False,False,False,False,False,False,True,False
USA,Vacuum Cleaner,2025-11-10,Home & Kitchen,7.0,159.465,0.29,20.0,2.0,1.0,1.0,0,10,46,11,4,314,0,0.0,1.0,-0.5000000000000004,0.8660254037844384,0.0,1,5.0,1,1.0,1,2.0,1,2.0,2.88675134594813,0.0,7.0,1.5714285714285714,1.0714285714285714,1.8242922814182854,0.0,7.0,1.8666666666666667,1,139.57999999999998,19.88500000000002,0.14246310359650396,False,False,False,False,False,True,False,False,False,False,False,False,False,False,False,False,False,False,False,False,False,False,False,False,False,False,False,True,False,False,False,False,False,False,True,False
USA,Vacuum Cleaner,2025-11-11,Home & Kitchen,0.0,159.465,,20.0,2.0,0.0,0.0,1,11,46,11,4,315,0,0.7818314824680298,0.6234898018587336,-0.5000000000000004,0.8660254037844384,7.0,1,2.0,1,2.0,1,3.0,1,2.2857142857142856,3.3022358947782506,0.0,7.0,2.0,1.25,2.1365427247810467,0.0,7.0,1.8285714285714285,0,159.465,0.0,0.0,False,False,False,False,False,True,False,False,False,False,False,False,False,False,False,False,False,False,False,False,False,False,False,False,False,False,False,True,False,False,False,False,False,False,True,False
USA,Vacuum Cleaner,2025-11-12,Home & Kitchen,3.0,136.74,0.26,20.0,2.0,1.0,0.0,2,12,46,11,4,316,0,0.9749279121818236,-0.22252093395631434,-0.5000000000000004,0.8660254037844384,0.0,1,7.0,1,1.0,1,0.0,1,2.0,3.415650255319867,0.0,7.0,1.8571428571428572,1.1428571428571428,2.1206967009345075,0.0,7.0,1.75,1,159.465,-22.724999999999994,-0.14250776032358195,False,False,False,False,False,True,False,False,False,False,False,False,False,False,False,False,False,False,False,False,False,False,False,False,False,False,False,True,False,False,False,False,False,False,True,False
USA,Vacuum Cleaner,2025-11-13,Home & Kitchen,0.0,136.74,,20.0,2.0,0.0,0.0,3,13,46,11,4,317,0,0.43388373911755823,-0.900968867902419,-0.5000000000000004,0.8660254037844384,3.0,1,0.0,1,0.0,1,3.0,1,1.4285714285714286,2.699206232527312,0.0,7.0,2.0,1.25,2.1365427247810467,0.0,7.0,1.1428571428571428,0,136.74,0.0,0.0,False,False,False,False,False,True,False,False,False,False,False,False,False,False,False,False,False,False,False,False,False,False,False,False,False,False,False,True,False,False,False,False,False,False,True,False
USA,Vacuum Cleaner,2025-11-14,Home & Kitchen,0.0,136.74,,20.0,2.0,0.0,0.0,4,14,46,11,4,318,0,-0.433883739117558,-0.9009688679024191,-0.5000000000000004,0.8660254037844384,0.0,1,0.0,1,0.0,1,0.0,1,1.4285714285714286,2.699206232527312,0.0,7.0,2.0,1.1428571428571428,2.1206967009345075,0.0,7.0,1.25,0,136.74,0.0,0.0,False,False,False,False,False,True,False,False,False,False,False,False,False,False,False,False,False,False,False,False,False,False,False,False,False,False,False,True,False,False,False,False,False,False,True,False
USA,Vacuum Cleaner,2025-11-15,Home & Kitchen,4.0,252.66,0.27,20.0,2.0,1.0,0.0,5,15,46,11,4,319,1,-0.9749279121818236,-0.2225209339563146,-0.5000000000000004,0.8660254037844384,0.0,1,0.0,1,0.0,1,0.0,1,1.4285714285714286,2.699206232527312,0.0,7.0,2.0,1.1428571428571428,2.1206967009345075,0.0,7.0,1.25,1,136.74,115.91999999999999,0.8477402369460288,False,False,False,False,False,True,False,False,False,False,False,False,False,False,False,False,False,False,False,False,False,False,False,False,False,False,False,True,False,False,False,False,False,False,True,False
USA,Vacuum Cleaner,2025-11-16,Home & Kitchen,0.0,252.66,,20.0,2.0,0.0,0.0,6,16,46,11,4,320,1,-0.7818314824680299,0.6234898018587334,-0.5000000000000004,0.8660254037844384,4.0,1,0.0,1,4.0,1,0.0,1,2.0,2.7688746209726927,0.0,7.0,2.2857142857142856,1.2857142857142858,2.1748928088893797,0.0,7.0,1.5555555555555554,0,252.66,0.0,0.0,False,False,False,False,False,True,False,False,False,False,False,False,False,False,False,False,False,False,False,False,False,False,False,False,False,False,False,True,False,False,False,False,False,False,True,False
USA,Vacuum Cleaner,2025-11-17,Home & Kitchen,0.0,252.66,,20.0,2.0,0.0,0.0,0,17,47,11,4,321,0,0.0,1.0,-0.5000000000000004,0.8660254037844384,0.0,1,7.0,1,5.0,1,0.0,1,2.0,2.7688746209726927,0.0,7.0,2.0,1.2857142857142858,2.1748928088893797,0.0,7.0,1.5555555555555554,0,252.66,0.0,0.0,False,False,False,False,False,True,False,False,False,False,False,False,False,False,False,False,False,False,False,False,False,False,False,False,False,False,False,True,False,False,False,False,False,False,True,False
USA,Vacuum Cleaner,2025-11-18,Home & Kitchen,0.0,252.66,,20.0,2.0,0.0,0.0,1,18,47,11,4,322,0,0.7818314824680298,0.6234898018587336,-0.5000000000000004,0.8660254037844384,0.0,1,0.0,1,2.0,1,0.0,1,1.0,1.7320508075688763,0.0,4.0,1.6428571428571428,1.2857142857142858,2.1748928088893797,0.0,7.0,0.7777777777777777,0,252.66,0.0,0.0,False,False,False,False,False,True,False,False,False,False,False,False,False,False,False,False,False,False,False,False,False,False,False,False,False,False,False,True,False,False,False,False,False,False,True,False
USA,Vacuum Cleaner,2025-11-19,Home & Kitchen,0.0,252.66,,20.0,2.0,0.0,0.0,2,19,47,11,4,323,0,0.9749279121818236,-0.22252093395631434,-0.5000000000000004,0.8660254037844384,0.0,1,3.0,1,7.0,1,0.0,1,1.0,1.7320508075688763,0.0,4.0,1.5,1.2857142857142858,2.1748928088893797,0.0,7.0,0.7777777777777777,0,252.66,0.0,0.0,False,False,False,False,False,True,False,False,False,False,False,False,False,False,False,False,False,False,False,False,False,False,False,False,False,False,False,True,False,False,False,False,False,False,True,False
USA,Vacuum Cleaner,2025-11-20,Home & Kitchen,0.0,252.66,,20.0,2.0,0.0,0.0,3,20,47,11,4,324,0,0.43388373911755823,-0.900968867902419,-0.5000000000000004,0.8660254037844384,0.0,1,0.0,1,0.0,1,0.0,1,0.5714285714285714,1.5118578920369066,0.0,4.0,1.0,1.2857142857142858,2.1748928088893797,0.0,7.0,0.44444444444444436,0,252.66,0.0,0.0,False,False,False,False,False,True,False,False,False,False,False,False,False,False,False,False,False,False,False,False,False,False,False,False,False,False,False,True,False,False,False,False,False,False,True,False
USA,Vacuum Cleaner,2025-11-21,Home & Kitchen,0.0,252.66,,20.0,2.0,0.0,0.0,4,21,47,11,4,325,0,-0.433883739117558,-0.9009688679024191,-0.5000000000000004,0.8660254037844384,0.0,1,0.0,1,0.0,1,0.0,1,0.5714285714285714,1.5118578920369066,0.0,4.0,1.0,1.2857142857142858,2.1748928088893797,0.0,7.0,0.44444444444444436,0,252.66,0.0,0.0,False,False,False,False,False,True,False,False,False,False,False,False,False,False,False,False,False,False,False,False,False,False,False,False,False,False,False,True,False,False,False,False,False,False,True,False
USA,Vacuum Cleaner,2025-11-22,Home & Kitchen,3.0,177.96,0.27,20.0,2.0,1.0,0.0,5,22,47,11,4,326,1,-0.9749279121818236,-0.2225209339563146,-0.5000000000000004,0.8660254037844384,0.0,1,4.0,1,0.0,1,0.0,1,0.5714285714285714,1.5118578920369066,0.0,4.0,1.0,1.2857142857142858,2.1748928088893797,0.0,7.0,0.44444444444444436,1,252.66,-74.69999999999999,-0.2956542388981239,False,False,False,False,False,True,False,False,False,False,False,False,False,False,False,False,False,False,False,False,False,False,False,False,False,False,False,True,False,False,False,False,False,False,True,False
USA,Vacuum Cleaner,2025-11-23,Home & Kitchen,0.0,177.96,,20.0,2.0,0.0,0.0,6,23,47,11,4,327,1,-0.7818314824680299,0.6234898018587334,-0.5000000000000004,0.8660254037844384,3.0,1,0.0,1,0.0,1,0.0,1,0.42857142857142855,1.133893419027678,0.0,3.0,1.2142857142857142,1.3928571428571428,2.183087954222876,0.0,7.0,0.3076923076923077,0,177.96,0.0,0.0,False,False,False,False,False,True,False,False,False,False,False,False,False,False,False,False,False,False,False,False,False,False,False,False,False,False,False,True,False,False,False,False,False,False,True,False
USA,Vacuum Cleaner,2025-11-24,Home & Kitchen,0.0,177.96,,20.0,2.0,0.0,0.0,0,24,48,11,4,328,0,0.0,1.0,-0.5000000000000004,0.8660254037844384,0.0,1,0.0,1,7.0,1,1.0,1,0.42857142857142855,1.133893419027678,0.0,3.0,1.2142857142857142,1.3928571428571428,2.183087954222876,0.0,7.0,0.3076923076923077,0,177.96,0.0,0.0,False,False,False,False,False,True,False,False,False,False,False,False,False,False,False,False,False,False,False,False,False,False,False,False,False,False,False,True,False,False,False,False,False,False,True,False
USA,Vacuum Cleaner,2025-11-25,Home & Kitchen,0.0,177.96,,20.0,2.0,0.0,0.0,1,25,48,11,4,329,0,0.7818314824680298,0.6234898018587336,-0.5000000000000004,0.8660254037844384,0.0,1,0.0,1,0.0,1,2.0,1,0.42857142857142855,1.133893419027678,0.0,3.0,0.7142857142857143,1.3571428571428572,2.1978825789126764,0.0,7.0,0.3157894736842105,0,177.96,0.0,0.0,False,False,False,False,False,True,False,False,False,False,False,False,False,False,False,False,False,False,False,False,False,False,False,False,False,False,False,True,False,False,False,False,False,False,True,False
