store_id,product_id,date,category,sales,price,Discount_Applied,safety_stock,lead_time_days,promotion,is_outlier,day_of_week,day_of_month,week_of_year,month,quarter,day_of_year,is_weekend,sin_day_of_week,cos_day_of_week,sin_month,cos_month,lag_1,has_lag_1,lag_7,has_lag_7,lag_14,has_lag_14,lag_28,has_lag_28,rolling_mean_7,rolling_std_7,rolling_min_7,rolling_max_7,rolling_mean_14,rolling_mean_28,rolling_std_28,rolling_min_28,rolling_max_28,trend_ratio,is_promotion,previous_price,price_change,price_change_pct,store_id_Germany,store_id_India,store_id_Pakistan,store_id_UAE,store_id_UK,store_id_USA,product_id_4K Smart TV,product_id_Air Fryer,product_id_Blender,product_id_Coffee Maker,product_id_Cotton T-Shirt,product_id_Cycling Helmet,product_id_Denim Jeans,product_id_Dumbbell Set,product_id_Face Wash,product_id_Football,product_id_Formal Shirt,product_id_Gaming Laptop,product_id_Hair Serum,product_id_Lipstick Set,product_id_Microwave Oven,product_id_Moisturizing Cream,product_id_Perfume,product_id_Running Shoes,product_id_Smartphone 128GB,product_id_Smartwatch,product_id_Tennis Racket,product_id_Vacuum Cleaner,product_id_Winter Jacket,product_id_Wireless Noise-Canceling Headphones,product_id_Yoga Mat,category_Apparel,category_Beauty,category_Electronics,category_Home & Kitchen,category_Sports
UAE,Microwave Oven,2025-05-23,Home & Kitchen,0.0,187.24,,20.0,2.0,0.0,0.0,4,23,21,5,2,143,0,-0.433883739117558,-0.9009688679024191,0.49999999999999994,-0.8660254037844387,0.0,1,0.0,1,0.0,1,0.0,1,0.0,0.0,0.0,0.0,0.07142857142857142,0.42857142857142855,0.9973509887241291,0.0,3.0,0.0,0,187.24,0.0,0.0,False,False,False,True,False,False,False,False,False,False,False,False,False,False,False,False,False,False,False,False,True,False,False,False,False,False,False,False,False,False,False,False,False,False,True,False
UAE,Microwave Oven,2025-05-24,Home & Kitchen,0.0,187.24,,20.0,2.0,0.0,0.0,5,24,21,5,2,144,1,-0.9749279121818236,-0.2225209339563146,0.49999999999999994,-0.8660254037844387,0.0,1,0.0,1,0.0,1,0.0,1,0.0,0.0,0.0,0.0,0.07142857142857142,0.42857142857142855,0.9973509887241291,0.0,3.0,0.0,0,187.24,0.0,0.0,False,False,False,True,False,False,False,False,False,False,False,False,False,False,False,False,False,False,False,False,True,False,False,False,False,False,False,False,False,False,False,False,False,False,True,False
UAE,Microwave Oven,2025-05-25,Home & Kitchen,3.0,221.29,0.12,20.0,2.0,1.0,0.0,6,25,21,5,2,145,1,-0.7818314824680299,0.6234898018587334,0.49999999999999994,-0.8660254037844387,0.0,1,0.0,1,0.0,1,0.0,1,0.0,0.0,0.0,0.0,0.07142857142857142,0.42857142857142855,0.9973509887241291,0.0,3.0,0.0,1,187.24,34.04999999999998,0.18185216834009818,False,False,False,True,False,False,False,False,False,False,False,False,False,False,False,False,False,False,False,False,True,False,False,False,False,False,False,False,False,False,False,False,False,False,True,False
UAE,Microwave Oven,2025-05-26,Home & Kitchen,0.0,221.29,,20.0,2.0,0.0,0.0,0,26,22,5,2,146,0,0.0,1.0,0.49999999999999994,-0.8660254037844387,3.0,1,0.0,1,0.0,1,0.0,1,0.42857142857142855,1.133893419027681,0.0,3.0,0.2857142857142857,0.5357142857142857,1.1049431980420867,0.0,3.0,0.7999999999999999,0,221.29,0.0,0.0,False,False,False,True,False,False,False,False,False,False,False,False,False,False,False,False,False,False,False,False,True,False,False,False,False,False,False,False,False,False,False,False,False,False,True,False
UAE,Microwave Oven,2025-05-27,Home & Kitchen,0.0,221.29,,20.0,2.0,0.0,0.0,1,27,22,5,2,147,0,0.7818314824680298,0.6234898018587336,0.49999999999999994,-0.8660254037844387,0.0,1,0.0,1,1.0,1,0.0,1,0.42857142857142855,1.133893419027681,0.0,3.0,0.2857142857142857,0.5357142857142857,1.1049431980420867,0.0,3.0,0.7999999999999999,0,221.29,0.0,0.0,False,False,False,True,False,False,False,False,False,False,False,False,False,False,False,False,False,False,False,False,True,False,False,False,False,False,False,False,False,False,False,False,False,False,True,False
UAE,Microwave Oven,2025-05-28,Home & Kitchen,2.0,56.87,0.11,20.0,2.0,1.0,0.0,2,28,22,5,2,148,0,0.9749279121818236,-0.22252093395631434,0.49999999999999994,-0.8660254037844387,0.0,1,0.0,1,0.0,1,3.0,1,0.42857142857142855,1.133893419027681,0.0,3.0,0.21428571428571427,0.5357142857142857,1.1049431980420867,0.0,3.0,0.7999999999999999,1,221.29,-164.42,-0.7430069140042478,False,False,False,True,False,False,False,False,False,False,False,False,False,False,False,False,False,False,False,False,True,False,False,False,False,False,False,False,False,False,False,False,False,False,True,False
UAE,Microwave Oven,2025-05-29,Home & Kitchen,0.0,56.87,,20.0,2.0,0.0,0.0,3,29,22,5,2,149,0,0.43388373911755823,-0.900968867902419,0.49999999999999994,-0.8660254037844387,2.0,1,0.0,1,0.0,1,3.0,1,0.7142857142857143,1.2535663410560165,0.0,3.0,0.35714285714285715,0.5,1.0363754503432032,0.0,3.0,1.4285714285714286,0,56.87,0.0,0.0,False,False,False,True,False,False,False,False,False,False,False,False,False,False,False,False,False,False,False,False,True,False,False,False,False,False,False,False,False,False,False,False,False,False,True,False
UAE,Microwave Oven,2025-05-30,Home & Kitchen,0.0,56.87,,20.0,2.0,0.0,0.0,4,30,22,5,2,150,0,-0.433883739117558,-0.9009688679024191,0.49999999999999994,-0.8660254037844387,0.0,1,0.0,1,0.0,1,0.0,1,0.7142857142857143,1.2535663410560165,0.0,3.0,0.35714285714285715,0.39285714285714285,0.9164862737363244,0.0,3.0,1.8181818181818183,0,56.87,0.0,0.0,False,False,False,True,False,False,False,False,False,False,False,False,False,False,False,False,False,False,False,False,True,False,False,False,False,False,False,False,False,False,False,False,False,False,True,False
UAE,Microwave Oven,2025-05-31,Home & Kitchen,0.0,56.87,,20.0,2.0,0.0,0.0,5,31,22,5,2,151,1,-0.9749279121818236,-0.2225209339563146,0.49999999999999994,-0.8660254037844387,0.0,1,0.0,1,0.0,1,3.0,1,0.7142857142857143,1.2535663410560165,0.0,3.0,0.35714285714285715,0.39285714285714285,0.9164862737363244,0.0,3.0,1.8181818181818183,0,56.87,0.0,0.0,False,False,False,True,False,False,False,False,False,False,False,False,False,False,False,False,False,False,False,False,True,False,False,False,False,False,False,False,False,False,False,False,False,False,True,False
UAE,Microwave Oven,2025-06-01,Home & Kitchen,2.0,177.54,0.01,20.0,2.0,1.0,0.0,6,1,22,6,2,152,1,-0.7818314824680299,0.6234898018587334,1.2246467991473532e-16,-1.0,0.0,1,3.0,1,0.0,1,0.0,1,0.7142857142857143,1.2535663410560165,0.0,3.0,0.35714285714285715,0.2857142857142857,0.7628961803617743,0.0,3.0,2.5,1,56.87,120.66999999999999,2.1218568665377173,False,False,False,True,False,False,False,False,False,False,False,False,False,False,False,False,False,False,False,False,True,False,False,False,False,False,False,False,False,False,False,False,False,False,True,False
UAE,Microwave Oven,2025-06-02,Home & Kitchen,0.0,177.54,,20.0,2.0,0.0,0.0,0,2,23,6,2,153,0,0.0,1.0,1.2246467991473532e-16,-1.0,2.0,1,0.0,1,0.0,1,0.0,1,0.5714285714285714,0.9759000729485321,0.0,2.0,0.5,0.35714285714285715,0.8261595987094053,0.0,3.0,1.5999999999999999,0,177.54,0.0,0.0,False,False,False,True,False,False,False,False,False,False,False,False,False,False,False,False,False,False,False,False,True,False,False,False,False,False,False,False,False,False,False,False,False,False,True,False
UAE,Microwave Oven,2025-06-03,Home & Kitchen,0.0,177.54,,20.0,2.0,0.0,0.0,1,3,23,6,2,154,0,0.7818314824680298,0.6234898018587336,1.2246467991473532e-16,-1.0,0.0,1,0.0,1,0.0,1,2.0,1,0.5714285714285714,0.9759000729485321,0.0,2.0,0.5,0.35714285714285715,0.8261595987094053,0.0,3.0,1.5999999999999999,0,177.54,0.0,0.0,False,False,False,True,False,False,False,False,False,False,False,False,False,False,False,False,False,False,False,False,True,False,False,False,False,False,False,False,False,False,False,False,False,False,True,False
UAE,Microwave Oven,2025-06-04,Home & Kitchen,0.0,177.54,,20.0,2.0,0.0,0.0,2,4,23,6,2,155,0,0.9749279121818236,-0.22252093395631434,1.2246467991473532e-16,-1.0,0.0,1,2.0,1,0.0,1,0.0,1,0.5714285714285714,0.9759000729485321,0.0,2.0,0.5,0.2857142857142857,0.7628961803617743,0.0,3.0,2.0,0,177.54,0.0,0.0,False,False,False,True,False,False,False,False,False,False,False,False,False,False,False,False,False,False,False,False,True,False,False,False,False,False,False,False,False,False,False,False,False,False,True,False
UAE,Microwave Oven,2025-06-05,Home & Kitchen,1.0,232.27,0.04,20.0,2.0,1.0,0.0,3,5,23,6,2,156,0,0.43388373911755823,-0.900968867902419,1.2246467991473532e-16,-1.0,0.0,1,0.0,1,0.0,1,0.0,1,0.2857142857142857,0.7559289460184535,0.0,2.0,0.5,0.2857142857142857,0.7628961803617743,0.0,3.0,1.0,1,177.54,54.73000000000002,0.30826855919792734,False,False,False,True,False,False,False,False,False,False,False,False,False,False,False,False,False,False,False,False,True,False,False,False,False,False,False,False,False,False,False,False,False,False,True,False
UAE,Microwave Oven,2025-06-06,Home & Kitchen,0.0,232.27,,20.0,2.0,0.0,0.0,4,6,23,6,2,157,0,-0.433883739117558,-0.9009688679024191,1.2246467991473532e-16,-1.0,1.0,1,0.0,1,0.0,1,0.0,1,0.42857142857142855,0.786795792469442,0.0,2.0,0.5714285714285714,0.32142857142857145,0.7723735149271042,0.0,3.0,1.3333333333333333,0,232.27,0.0,0.0,False,False,False,True,False,False,False,False,False,False,False,False,False,False,False,False,False,False,False,False,True,False,False,False,False,False,False,False,False,False,False,False,False,False,True,False
UAE,Microwave Oven,2025-06-07,Home & Kitchen,0.0,232.27,,20.0,2.0,0.0,0.0,5,7,23,6,2,158,1,-0.9749279121818236,-0.2225209339563146,1.2246467991473532e-16,-1.0,0.0,1,0.0,1,0.0,1,0.0,1,0.42857142857142855,0.786795792469442,0.0,2.0,0.5714285714285714,0.32142857142857145,0.7723735149271042,0.0,3.0,1.3333333333333333,0,232.27,0.0,0.0,False,False,False,True,False,False,False,False,False,False,False,False,False,False,False,False,False,False,False,False,True,False,False,False,False,False,False,False,False,False,False,False,False,False,True,False
UAE,Microwave Oven,2025-06-08,Home & Kitchen,0.0,232.27,,20.0,2.0,0.0,0.0,6,8,23,6,2,159,1,-0.7818314824680299,0.6234898018587334,1.2246467991473532e-16,-1.0,0.0,1,2.0,1,3.0,1,0.0,1,0.42857142857142855,0.786795792469442,0.0,2.0,0.5714285714285714,0.32142857142857145,0.7723735149271042,0.0,3.0,1.3333333333333333,0,232.27,0.0,0.0,False,False,False,True,False,False,False,False,False,False,False,False,False,False,False,False,False,False,False,False,True,False,False,False,False,False,False,False,False,False,False,False,False,False,True,False
UAE,Microwave Oven,2025-06-09,Home & Kitchen,0.0,232.27,,20.0,2.0,0.0,0.0,0,9,24,6,2,160,0,0.0,1.0,1.2246467991473532e-16,-1.0,0.0,1,0.0,1,0.0,1,0.0,1,0.14285714285714285,0.3779644730092258,0.0,1.0,0.35714285714285715,0.32142857142857145,0.7723735149271042,0.0,3.0,0.44444444444444436,0,232.27,0.0,0.0,False,False,False,True,False,False,False,False,False,False,False,False,False,False,False,False,False,False,False,False,True,False,False,False,False,False,False,False,False,False,False,False,False,False,True,False
UAE,Microwave Oven,2025-06-10,Home & Kitchen,0.0,232.27,,20.0,2.0,0.0,0.0,1,10,24,6,2,161,0,0.7818314824680298,0.6234898018587336,1.2246467991473532e-16,-1.0,0.0,1,0.0,1,0.0,1,1.0,1,0.14285714285714285,0.3779644730092258,0.0,1.0,0.35714285714285715,0.32142857142857145,0.7723735149271042,0.0,3.0,0.44444444444444436,0,232.27,0.0,0.0,False,False,False,True,False,False,False,False,False,False,False,False,False,False,False,False,False,False,False,False,True,False,False,False,False,False,False,False,False,False,False,False,False,False,True,False
UAE,Microwave Oven,2025-06-11,Home & Kitchen,0.0,232.27,,20.0,2.0,0.0,0.0,2,11,24,6,2,162,0,0.9749279121818236,-0.22252093395631434,1.2246467991473532e-16,-1.0,0.0,1,0.0,1,2.0,1,0.0,1,0.14285714285714285,0.3779644730092258,0.0,1.0,0.35714285714285715,0.2857142857142857,0.7628961803617743,0.0,3.0,0.5,0,232.27,0.0,0.0,False,False,False,True,False,False,False,False,False,False,False,False,False,False,False,False,False,False,False,False,True,False,False,False,False,False,False,False,False,False,False,False,False,False,True,False
UAE,Microwave Oven,2025-06-12,Home & Kitchen,0.0,232.27,,20.0,2.0,0.0,0.0,3,12,24,6,2,163,0,0.43388373911755823,-0.900968867902419,1.2246467991473532e-16,-1.0,0.0,1,1.0,1,0.0,1,0.0,1,0.14285714285714285,0.3779644730092258,0.0,1.0,0.21428571428571427,0.2857142857142857,0.7628961803617743,0.0,3.0,0.5,0,232.27,0.0,0.0,False,False,False,True,False,False,False,False,False,False,False,False,False,False,False,False,False,False,False,False,True,False,False,False,False,False,False,False,False,False,False,False,False,False,True,False
UAE,Microwave Oven,2025-06-13,Home & Kitchen,0.0,232.27,,20.0,2.0,0.0,0.0,4,13,24,6,2,164,0,-0.433883739117558,-0.9009688679024191,1.2246467991473532e-16,-1.0,0.0,1,0.0,1,0.0,1,0.0,1,0.0,0.0,0.0,0.0,0.21428571428571427,0.2857142857142857,0.7628961803617743,0.0,3.0,0.0,0,232.27,0.0,0.0,False,False,False,True,False,False,False,False,False,False,False,False,False,False,False,False,False,False,False,False,True,False,False,False,False,False,False,False,False,False,False,False,False,False,True,False
UAE,Microwave Oven,2025-06-14,Home & Kitchen,0.0,232.27,,20.0,2.0,0.0,0.0,5,14,24,6,2,165,1,-0.9749279121818236,-0.2225209339563146,1.2246467991473532e-16,-1.0,0.0,1,0.0,1,0.0,1,0.0,1,0.0,0.0,0.0,0.0,0.21428571428571427,0.2857142857142857,0.7628961803617743,0.0,3.0,0.0,0,232.27,0.0,0.0,False,False,False,True,False,False,False,False,False,False,False,False,False,False,False,False,False,False,False,False,True,False,False,False,False,False,False,False,False,False,False,False,False,False,True,False
UAE,Microwave Oven,2025-06-15,Home & Kitchen,3.0,217.17,0.09,20.0,2.0,1.0,0.0,6,15,24,6,2,166,1,-0.7818314824680299,0.6234898018587334,1.2246467991473532e-16,-1.0,0.0,1,0.0,1,2.0,1,0.0,1,0.0,0.0,0.0,0.0,0.21428571428571427,0.2857142857142857,0.7628961803617743,0.0,3.0,0.0,1,232.27,-15.100000000000023,-0.06501054806905766,False,False,False,True,False,False,False,False,False,False,False,False,False,False,False,False,False,False,False,False,True,False,False,False,False,False,False,False,False,False,False,False,False,False,True,False
UAE,Microwave Oven,2025-06-16,Home & Kitchen,0.0,217.17,,20.0,2.0,0.0,0.0,0,16,25,6,2,167,0,0.0,1.0,1.2246467991473532e-16,-1.0,3.0,1,0.0,1,0.0,1,0.0,1,0.42857142857142855,1.1338934190276808,0.0,3.0,0.2857142857142857,0.39285714285714285,0.9164862737363244,0.0,3.0,1.0909090909090908,0,217.17,0.0,0.0,False,False,False,True,False,False,False,False,False,False,False,False,False,False,False,False,False,False,False,False,True,False,False,False,False,False,False,False,False,False,False,False,False,False,True,False
UAE,Microwave Oven,2025-06-17,Home & Kitchen,1.0,115.42,0.05,20.0,2.0,1.0,0.0,1,17,25,6,2,168,0,0.7818314824680298,0.6234898018587336,1.2246467991473532e-16,-1.0,0.0,1,0.0,1,0.0,1,0.0,1,0.42857142857142855,1.1338934190276808,0.0,3.0,0.2857142857142857,0.39285714285714285,0.9164862737363244,0.0,3.0,1.0909090909090908,1,217.17,-101.74999999999999,-0.4685269604457337,False,False,False,True,False,False,False,False,False,False,False,False,False,False,False,False,False,False,False,False,True,False,False,False,False,False,False,False,False,False,False,False,False,False,True,False
UAE,Microwave Oven,2025-06-18,Home & Kitchen,0.0,115.42,,20.0,2.0,0.0,0.0,2,18,25,6,2,169,0,0.9749279121818236,-0.22252093395631434,1.2246467991473532e-16,-1.0,1.0,1,0.0,1,0.0,1,0.0,1,0.5714285714285714,1.1338934190276808,0.0,3.0,0.35714285714285715,0.42857142857142855,0.920087412456474,0.0,3.0,1.3333333333333333,0,115.42,0.0,0.0,False,False,False,True,False,False,False,False,False,False,False,False,False,False,False,False,False,False,False,False,True,False,False,False,False,False,False,False,False,False,False,False,False,False,True,False
UAE,Microwave Oven,2025-06-19,Home & Kitchen,2.0,106.62,0.01,20.0,2.0,1.0,0.0,3,19,25,6,2,170,0,0.43388373911755823,-0.900968867902419,1.2246467991473532e-16,-1.0,0.0,1,0.0,1,1.0,1,0.0,1,0.5714285714285714,1.1338934190276808,0.0,3.0,0.35714285714285715,0.42857142857142855,0.920087412456474,0.0,3.0,1.3333333333333333,1,115.42,-8.799999999999997,-0.07624328539247961,False,False,False,True,False,False,False,False,False,False,False,False,False,False,False,False,False,False,False,False,True,False,False,False,False,False,False,False,False,False,False,False,False,False,True,False
UAE,Microwave Oven,2025-06-20,Home & Kitchen,0.0,106.62,,20.0,2.0,0.0,0.0,4,20,25,6,2,171,0,-0.433883739117558,-0.9009688679024191,1.2246467991473532e-16,-1.0,2.0,1,0.0,1,0.0,1,0.0,1,0.8571428571428571,1.2149857925879106,0.0,3.0,0.42857142857142855,0.5,0.9622504486493779,0.0,3.0,1.7142857142857142,0,106.62,0.0,0.0,False,False,False,True,False,False,False,False,False,False,False,False,False,False,False,False,False,False,False,False,True,False,False,False,False,False,False,False,False,False,False,False,False,False,True,False
UAE,Microwave Oven,2025-06-21,Home & Kitchen,0.0,106.62,,20.0,2.0,0.0,0.0,5,21,25,6,2,172,1,-0.9749279121818236,-0.2225209339563146,1.2246467991473532e-16,-1.0,0.0,1,0.0,1,0.0,1,0.0,1,0.8571428571428571,1.2149857925879106,0.0,3.0,0.42857142857142855,0.5,0.9622504486493779,0.0,3.0,1.7142857142857142,0,106.62,0.0,0.0,False,False,False,True,False,False,False,False,False,False,False,False,False,False,False,False,False,False,False,False,True,False,False,False,False,False,False,False,False,False,False,False,False,False,True,False
UAE,Microwave Oven,2025-06-22,Home & Kitchen,0.0,106.62,,20.0,2.0,0.0,0.0,6,22,25,6,2,173,1,-0.7818314824680299,0.6234898018587334,1.2246467991473532e-16,-1.0,0.0,1,3.0,1,0.0,1,3.0,1,0.8571428571428571,1.2149857925879106,0.0,3.0,0.42857142857142855,0.5,0.9622504486493779,0.0,3.0,1.7142857142857142,0,106.62,0.0,0.0,False,False,False,True,False,False,False,False,False,False,False,False,False,False,False,False,False,False,False,False,True,False,False,False,False,False,False,False,False,False,False,False,False,False,True,False
UAE,Microwave Oven,2025-06-23,Home & Kitchen,2.0,278.23,0.1,20.0,2.0,1.0,0.0,0,23,26,6,2,174,0,0.0,1.0,1.2246467991473532e-16,-1.0,0.0,1,0.0,1,0.0,1,0.0,1,0.42857142857142855,0.7867957924694421,0.0,2.0,0.42857142857142855,0.39285714285714285,0.8317445171439032,0.0,3.0,1.0909090909090908,1,106.62,171.61,1.609547927218158,False,False,False,True,False,False,False,False,False,False,False,False,False,False,False,False,False,False,False,False,True,False,False,False,False,False,False,False,False,False,False,False,False,False,True,False
UAE,Microwave Oven,2025-06-24,Home & Kitchen,3.0,219.3,0.12,20.0,2.0,1.0,0.0,1,24,26,6,2,175,0,0.7818314824680298,0.6234898018587336,1.2246467991473532e-16,-1.0,2.0,1,1.0,1,0.0,1,0.0,1,0.7142857142857143,0.9511897312113406,0.0,2.0,0.5714285714285714,0.4642857142857143,0.8811668550592615,0.0,3.0,1.5384615384615385,1,278.23,-58.93000000000001,-0.21180318441577115,False,False,False,True,False,False,False,False,False,False,False,False,False,False,False,False,False,False,False,False,True,False,False,False,False,False,False,False,False,False,False,False,False,False,True,False
UAE,Microwave Oven,2025-06-25,Home & Kitchen,0.0,219.3,,20.0,2.0,0.0,0.0,2,25,26,6,2,176,0,0.9749279121818236,-0.22252093395631434,1.2246467991473532e-16,-1.0,3.0,1,0.0,1,0.0,1,2.0,1,1.0,1.2909944487358045,0.0,3.0,0.7857142857142857,0.5714285714285714,0.9973509887241291,0.0,3.0,1.75,0,219.3,0.0,0.0,False,False,False,True,False,False,False,False,False,False,False,False,False,False,False,False,False,False,False,False,True,False,False,False,False,False,False,False,False,False,False,False,False,False,True,False
UAE,Microwave Oven,2025-06-26,Home & Kitchen,0.0,219.3,,20.0,2.0,0.0,0.0,3,26,26,6,2,177,0,0.43388373911755823,-0.900968867902419,1.2246467991473532e-16,-1.0,0.0,1,2.0,1,0.0,1,0.0,1,1.0,1.2909944487358045,0.0,3.0,0.7857142857142857,0.5,0.9622504486493778,0.0,3.0,2.0,0,219.3,0.0,0.0,False,False,False,True,False,False,False,False,False,False,False,False,False,False,False,False,False,False,False,False,True,False,False,False,False,False,False,False,False,False,False,False,False,False,True,False
UAE,Microwave Oven,2025-06-27,Home & Kitchen,0.0,219.3,,20.0,2.0,0.0,0.0,4,27,26,6,2,178,0,-0.433883739117558,-0.9009688679024191,1.2246467991473532e-16,-1.0,0.0,1,0.0,1,0.0,1,0.0,1,0.7142857142857143,1.2535663410560165,0.0,3.0,0.7857142857142857,0.5,0.9622504486493778,0.0,3.0,1.4285714285714286,0,219.3,0.0,0.0,False,False,False,True,False,False,False,False,False,False,False,False,False,False,False,False,False,False,False,False,True,False,False,False,False,False,False,False,False,False,False,False,False,False,True,False
UAE,Microwave Oven,2025-06-28,Home & Kitchen,0.0,219.3,,20.0,2.0,0.0,0.0,5,28,26,6,2,179,1,-0.9749279121818236,-0.2225209339563146,1.2246467991473532e-16,-1.0,0.0,1,0.0,1,0.0,1,0.0,1,0.7142857142857143,1.2535663410560165,0.0,3.0,0.7857142857142857,0.5,0.9622504486493778,0.0,3.0,1.4285714285714286,0,219.3,0.0,0.0,False,False,False,True,False,False,False,False,False,False,False,False,False,False,False,False,False,False,False,False,True,False,False,False,False,False,False,False,False,False,False,False,False,False,True,False
UAE,Microwave Oven,2025-06-29,Home & Kitchen,0.0,219.3,,20.0,2.0,0.0,0.0,6,29,26,6,2,180,1,-0.7818314824680299,0.6234898018587334,1.2246467991473532e-16,-1.0,0.0,1,0.0,1,3.0,1,2.0,1,0.7142857142857143,1.2535663410560165,0.0,3.0,0.7857142857142857,0.5,0.9622504486493778,0.0,3.0,1.4285714285714286,0,219.3,0.0,0.0,False,False,False,True,False,False,False,False,False,False,False,False,False,False,False,False,False,False,False,False,True,False,False,False,False,False,False,False,False,False,False,False,False,False,True,False
UAE,Microwave Oven,2025-06-30,Home & Kitchen,0.0,219.3,,20.0,2.0,0.0,0.0,0,30,27,6,2,181,0,0.0,1.0,1.2246467991473532e-16,-1.0,0.0,1,2.0,1,0.0,1,0.0,1,0.7142857142857143,1.2535663410560165,0.0,3.0,0.5714285714285714,0.42857142857142855,0.9200874124564739,0.0,3.0,1.6666666666666667,0,219.3,0.0,0.0,False,False,False,True,False,False,False,False,False,False,False,False,False,False,False,False,False,False,False,False,True,False,False,False,False,False,False,False,False,False,False,False,False,False,True,False
UAE,Microwave Oven,2025-07-01,Home & Kitchen,0.0,219.3,,20.0,2.0,0.0,0.0,1,1,27,7,3,182,0,0.7818314824680298,0.6234898018587336,-0.4999999999999997,-0.8660254037844388,0.0,1,3.0,1,1.0,1,0.0,1,0.42857142857142855,1.133893419027681,0.0,3.0,0.5714285714285714,0.42857142857142855,0.9200874124564739,0.0,3.0,1.0,0,219.3,0.0,0.0,False,False,False,True,False,False,False,False,False,False,False,False,False,False,False,False,False,False,False,False,True,False,False,False,False,False,False,False,False,False,False,False,False,False,True,False
UAE,Microwave Oven,2025-07-02,Home & Kitchen,0.0,219.3,,20.0,2.0,0.0,0.0,2,2,27,7,3,183,0,0.9749279121818236,-0.22252093395631434,-0.4999999999999997,-0.8660254037844388,0.0,1,0.0,1,0.0,1,0.0,1,0.0,0.0,0.0,0.0,0.5,0.42857142857142855,0.9200874124564739,0.0,3.0,0.0,0,219.3,0.0,0.0,False,False,False,True,False,False,False,False,False,False,False,False,False,False,False,False,False,False,False,False,True,False,False,False,False,False,False,False,False,False,False,False,False,False,True,False
UAE,Microwave Oven,2025-07-03,Home & Kitchen,0.0,219.3,,20.0,2.0,0.0,0.0,3,3,27,7,3,184,0,0.43388373911755823,-0.900968867902419,-0.4999999999999997,-0.8660254037844388,0.0,1,0.0,1,2.0,1,1.0,1,0.0,0.0,0.0,0.0,0.5,0.42857142857142855,0.9200874124564739,0.0,3.0,0.0,0,219.3,0.0,0.0,False,False,False,True,False,False,False,False,False,False,False,False,False,False,False,False,False,False,False,False,True,False,False,False,False,False,False,False,False,False,False,False,False,False,True,False
UAE,Microwave Oven,2025-07-04,Home & Kitchen,0.0,219.3,,20.0,2.0,0.0,0.0,4,4,27,7,3,185,0,-0.433883739117558,-0.9009688679024191,-0.4999999999999997,-0.8660254037844388,0.0,1,0.0,1,0.0,1,0.0,1,0.0,0.0,0.0,0.0,0.35714285714285715,0.39285714285714285,0.9164862737363244,0.0,3.0,0.0,0,219.3,0.0,0.0,False,False,False,True,False,False,False,False,False,False,False,False,False,False,False,False,False,False,False,False,True,False,False,False,False,False,False,False,False,False,False,False,False,False,True,False
UAE,Microwave Oven,2025-07-05,Home & Kitchen,0.0,219.3,,20.0,2.0,0.0,0.0,5,5,27,7,3,186,1,-0.9749279121818236,-0.2225209339563146,-0.4999999999999997,-0.8660254037844388,0.0,1,0.0,1,0.0,1,0.0,1,0.0,0.0,0.0,0.0,0.35714285714285715,0.39285714285714285,0.9164862737363244,0.0,3.0,0.0,0,219.3,0.0,0.0,False,False,False,True,False,False,False,False,False,False,False,False,False,False,False,False,False,False,False,False,True,False,False,False,False,False,False,False,False,False,False,False,False,False,True,False
UAE,Microwave Oven,2025-07-06,Home & Kitchen,0.0,219.3,,20.0,2.0,0.0,0.0,6,6,27,7,3,187,1,-0.7818314824680299,0.6234898018587334,-0.4999999999999997,-0.8660254037844388,0.0,1,0.0,1,0.0,1,0.0,1,0.0,0.0,0.0,0.0,0.35714285714285715,0.39285714285714285,0.9164862737363244,0.0,3.0,0.0,0,219.3,0.0,0.0,False,False,False,True,False,False,False,False,False,False,False,False,False,False,False,False,False,False,False,False,True,False,False,False,False,False,False,False,False,False,False,False,False,False,True,False
UAE,Microwave Oven,2025-07-07,Home & Kitchen,0.0,219.3,,20.0,2.0,0.0,0.0,0,7,28,7,3,188,0,0.0,1.0,-0.4999999999999997,-0.8660254037844388,0.0,1,0.0,1,2.0,1,0.0,1,0.0,0.0,0.0,0.0,0.35714285714285715,0.39285714285714285,0.9164862737363244,0.0,3.0,0.0,0,219.3,0.0,0.0,False,False,False,True,False,False,False,False,False,False,False,False,False,False,False,False,False,False,False,False,True,False,False,False,False,False,False,False,False,False,False,False,False,False,True,False
UAE,Microwave Oven,2025-07-08,Home & Kitchen,0.0,219.3,,20.0,2.0,0.0,0.0,1,8,28,7,3,189,0,0.7818314824680298,0.6234898018587336,-0.4999999999999997,-0.8660254037844388,0.0,1,0.0,1,3.0,1,0.0,1,0.0,0.0,0.0,0.0,0.21428571428571427,0.39285714285714285,0.9164862737363244,0.0,3.0,0.0,0,219.3,0.0,0.0,False,False,False,True,False,False,False,False,False,False,False,False,False,False,False,False,False,False,False,False,True,False,False,False,False,False,False,False,False,False,False,False,False,False,True,False
UAE,Microwave Oven,2025-07-09,Home & Kitchen,4.0,245.945,0.09,20.0,2.0,1.0,0.0,2,9,28,7,3,190,0,0.9749279121818236,-0.22252093395631434,-0.4999999999999997,-0.8660254037844388,0.0,1,0.0,1,0.0,1,0.0,1,0.0,0.0,0.0,0.0,0.0,0.39285714285714285,0.9164862737363244,0.0,3.0,0.0,1,219.3,26.644999999999982,0.12150022799817592,False,False,False,True,False,False,False,False,False,False,False,False,False,False,False,False,False,False,False,False,True,False,False,False,False,False,False,False,False,False,False,False,False,False,True,False
UAE,Microwave Oven,2025-07-10,Home & Kitchen,0.0,245.945,,20.0,2.0,0.0,0.0,3,10,28,7,3,191,0,0.43388373911755823,-0.900968867902419,-0.4999999999999997,-0.8660254037844388,4.0,1,0.0,1,0.0,1,0.0,1,0.5714285714285714,1.5118578920369081,0.0,4.0,0.2857142857142857,0.5357142857142857,1.1379690439434405,0.0,4.0,1.0666666666666667,0,245.945,0.0,0.0,False,False,False,True,False,False,False,False,False,False,False,False,False,False,False,False,False,False,False,False,True,False,False,False,False,False,False,False,False,False,False,False,False,False,True,False
UAE,Microwave Oven,2025-07-11,Home & Kitchen,0.0,245.945,,20.0,2.0,0.0,0.0,4,11,28,7,3,192,0,-0.433883739117558,-0.9009688679024191,-0.4999999999999997,-0.8660254037844388,0.0,1,0.0,1,0.0,1,0.0,1,0.5714285714285714,1.5118578920369081,0.0,4.0,0.2857142857142857,0.5357142857142857,1.1379690439434405,0.0,4.0,1.0666666666666667,0,245.945,0.0,0.0,False,False,False,True,False,False,False,False,False,False,False,False,False,False,False,False,False,False,False,False,True,False,False,False,False,False,False,False,False,False,False,False,False,False,True,False
UAE,Microwave Oven,2025-07-12,Home & Kitchen,0.0,245.945,,20.0,2.0,0.0,0.0,5,12,28,7,3,193,1,-0.9749279121818236,-0.2225209339563146,-0.4999999999999997,-0.8660254037844388,0.0,1,0.0,1,0.0,1,0.0,1,0.5714285714285714,1.5118578920369081,0.0,4.0,0.2857142857142857,0.5357142857142857,1.1379690439434405,0.0,4.0,1.0666666666666667,0,245.945,0.0,0.0,False,False,False,True,False,False,False,False,False,False,False,False,False,False,False,False,False,False,False,False,True,False,False,False,False,False,False,False,False,False,False,False,False,False,True,False
UAE,Microwave Oven,2025-07-13,Home & Kitchen,0.0,245.945,,20.0,2.0,0.0,0.0,6,13,28,7,3,194,1,-0.7818314824680299,0.6234898018587334,-0.4999999999999997,-0.8660254037844388,0.0,1,0.0,1,0.0,1,3.0,1,0.5714285714285714,1.5118578920369081,0.0,4.0,0.2857142857142857,0.5357142857142857,1.1379690439434405,0.0,4.0,1.0666666666666667,0,245.945,0.0,0.0,False,False,False,True,False,False,False,False,False,False,False,False,False,False,False,False,False,False,False,False,True,False,False,False,False,False,False,False,False,False,False,False,False,False,True,False
UAE,Microwave Oven,2025-07-14,Home & Kitchen,0.0,245.945,,20.0,2.0,0.0,0.0,0,14,29,7,3,195,0,0.0,1.0,-0.4999999999999997,-0.8660254037844388,0.0,1,0.0,1,0.0,1,0.0,1,0.5714285714285714,1.5118578920369081,0.0,4.0,0.2857142857142857,0.42857142857142855,1.0338196500275432,0.0,4.0,1.3333333333333333,0,245.945,0.0,0.0,False,False,False,True,False,False,False,False,False,False,False,False,False,False,False,False,False,False,False,False,True,False,False,False,False,False,False,False,False,False,False,False,False,False,True,False
UAE,Microwave Oven,2025-07-15,Home & Kitchen,0.0,245.945,,20.0,2.0,0.0,0.0,1,15,29,7,3,196,0,0.7818314824680298,0.6234898018587336,-0.4999999999999997,-0.8660254037844388,0.0,1,0.0,1,0.0,1,1.0,1,0.5714285714285714,1.5118578920369081,0.0,4.0,0.2857142857142857,0.42857142857142855,1.0338196500275432,0.0,4.0,1.3333333333333333,0,245.945,0.0,0.0,False,False,False,True,False,False,False,False,False,False,False,False,False,False,False,False,False,False,False,False,True,False,False,False,False,False,False,False,False,False,False,False,False,False,True,False
UAE,Microwave Oven,2025-07-16,Home & Kitchen,0.0,245.945,,20.0,2.0,0.0,0.0,2,16,29,7,3,197,0,0.9749279121818236,-0.22252093395631434,-0.4999999999999997,-0.8660254037844388,0.0,1,4.0,1,0.0,1,0.0,1,0.5714285714285714,1.5118578920369081,0.0,4.0,0.2857142857142857,0.39285714285714285,1.0306159867619535,0.0,4.0,1.4545454545454546,0,245.945,0.0,0.0,False,False,False,True,False,False,False,False,False,False,False,False,False,False,False,False,False,False,False,False,True,False,False,False,False,False,False,False,False,False,False,False,False,False,True,False
UAE,Microwave Oven,2025-07-17,Home & Kitchen,0.0,245.945,,20.0,2.0,0.0,0.0,3,17,29,7,3,198,0,0.43388373911755823,-0.900968867902419,-0.4999999999999997,-0.8660254037844388,0.0,1,0.0,1,0.0,1,2.0,1,0.0,0.0,0.0,0.0,0.2857142857142857,0.39285714285714285,1.0306159867619535,0.0,4.0,0.0,0,245.945,0.0,0.0,False,False,False,True,False,False,False,False,False,False,False,False,False,False,False,False,False,False,False,False,True,False,False,False,False,False,False,False,False,False,False,False,False,False,True,False
UAE,Microwave Oven,2025-07-18,Home & Kitchen,1.0,146.17,0.06,20.0,2.0,1.0,0.0,4,18,29,7,3,199,0,-0.433883739117558,-0.9009688679024191,-0.4999999999999997,-0.8660254037844388,0.0,1,0.0,1,0.0,1,0.0,1,0.0,0.0,0.0,0.0,0.2857142857142857,0.32142857142857145,0.9833266074561493,0.0,4.0,0.0,1,245.945,-99.775,-0.4056801317367705,False,False,False,True,False,False,False,False,False,False,False,False,False,False,False,False,False,False,False,False,True,False,False,False,False,False,False,False,False,False,False,False,False,False,True,False
UAE,Microwave Oven,2025-07-19,Home & Kitchen,0.0,146.17,,20.0,2.0,0.0,0.0,5,19,29,7,3,200,1,-0.9749279121818236,-0.2225209339563146,-0.4999999999999997,-0.8660254037844388,1.0,1,0.0,1,0.0,1,0.0,1,0.14285714285714285,0.3779644730092259,0.0,1.0,0.35714285714285715,0.35714285714285715,0.9893613995077744,0.0,4.0,0.39999999999999997,0,146.17,0.0,0.0,False,False,False,True,False,False,False,False,False,False,False,False,False,False,False,False,False,False,False,False,True,False,False,False,False,False,False,False,False,False,False,False,False,False,True,False
UAE,Microwave Oven,2025-07-20,Home & Kitchen,0.0,146.17,,20.0,2.0,0.0,0.0,6,20,29,7,3,201,1,-0.7818314824680299,0.6234898018587334,-0.4999999999999997,-0.8660254037844388,0.0,1,0.0,1,0.0,1,0.0,1,0.14285714285714285,0.3779644730092259,0.0,1.0,0.35714285714285715,0.35714285714285715,0.9893613995077744,0.0,4.0,0.39999999999999997,0,146.17,0.0,0.0,False,False,False,True,False,False,False,False,False,False,False,False,False,False,False,False,False,False,False,False,True,False,False,False,False,False,False,False,False,False,False,False,False,False,True,False
UAE,Microwave Oven,2025-07-21,Home & Kitchen,0.0,146.17,,20.0,2.0,0.0,0.0,0,21,30,7,3,202,0,0.0,1.0,-0.4999999999999997,-0.8660254037844388,0.0,1,0.0,1,0.0,1,2.0,1,0.14285714285714285,0.3779644730092259,0.0,1.0,0.35714285714285715,0.35714285714285715,0.9893613995077744,0.0,4.0,0.39999999999999997,0,146.17,0.0,0.0,False,False,False,True,False,False,False,False,False,False,False,False,False,False,False,False,False,False,False,False,True,False,False,False,False,False,False,False,False,False,False,False,False,False,True,False
UAE,Microwave Oven,2025-07-22,Home & Kitchen,0.0,146.17,,20.0,2.0,0.0,0.0,1,22,30,7,3,203,0,0.7818314824680298,0.6234898018587336,-0.4999999999999997,-0.8660254037844388,0.0,1,0.0,1,0.0,1,3.0,1,0.14285714285714285,0.3779644730092259,0.0,1.0,0.35714285714285715,0.2857142857142857,0.9371802805793992,0.0,4.0,0.5,0,146.17,0.0,0.0,False,False,False,True,False,False,False,False,False,False,False,False,False,False,False,False,False,False,False,False,True,False,False,False,False,False,False,False,False,False,False,False,False,False,True,False
UAE,Microwave Oven,2025-07-23,Home & Kitchen,0.0,146.17,,20.0,2.0,0.0,0.0,2,23,30,7,3,204,0,0.9749279121818236,-0.22252093395631434,-0.4999999999999997,-0.8660254037844388,0.0,1,0.0,1,4.0,1,0.0,1,0.14285714285714285,0.3779644730092259,0.0,1.0,0.35714285714285715,0.17857142857142858,0.7723735149271039,0.0,4.0,0.7999999999999999,0,146.17,0.0,0.0,False,False,False,True,False,False,False,False,False,False,False,False,False,False,False,False,False,False,False,False,True,False,False,False,False,False,False,False,False,False,False,False,False,False,True,False
UAE,Microwave Oven,2025-07-24,Home & Kitchen,0.0,146.17,,20.0,2.0,0.0,0.0,3,24,30,7,3,205,0,0.43388373911755823,-0.900968867902419,-0.4999999999999997,-0.8660254037844388,0.0,1,0.0,1,0.0,1,0.0,1,0.14285714285714285,0.3779644730092259,0.0,1.0,0.07142857142857142,0.17857142857142858,0.7723735149271039,0.0,4.0,0.7999999999999999,0,146.17,0.0,0.0,False,False,False,True,False,False,False,False,False,False,False,False,False,False,False,False,False,False,False,False,True,False,False,False,False,False,False,False,False,False,False,False,False,False,True,False
UAE,Microwave Oven,2025-07-25,Home & Kitchen,0.0,146.17,,20.0,2.0,0.0,0.0,4,25,30,7,3,206,0,-0.433883739117558,-0.9009688679024191,-0.4999999999999997,-0.8660254037844388,0.0,1,1.0,1,0.0,1,0.0,1,0.14285714285714285,0.3779644730092259,0.0,1.0,0.07142857142857142,0.17857142857142858,0.7723735149271039,0.0,4.0,0.7999999999999999,0,146.17,0.0,0.0,False,False,False,True,False,False,False,False,False,False,False,False,False,False,False,False,False,False,False,False,True,False,False,False,False,False,False,False,False,False,False,False,False,False,True,False
UAE,Microwave Oven,2025-07-26,Home & Kitchen,0.0,146.17,,20.0,2.0,0.0,0.0,5,26,30,7,3,207,1,-0.9749279121818236,-0.2225209339563146,-0.4999999999999997,-0.8660254037844388,0.0,1,0.0,1,0.0,1,0.0,1,0.0,0.0,0.0,0.0,0.07142857142857142,0.17857142857142858,0.7723735149271039,0.0,4.0,0.0,0,146.17,0.0,0.0,False,False,False,True,False,False,False,False,False,False,False,False,False,False,False,False,False,False,False,False,True,False,False,False,False,False,False,False,False,False,False,False,False,False,True,False
UAE,Microwave Oven,2025-07-27,Home & Kitchen,0.0,146.17,,20.0,2.0,0.0,0.0,6,27,30,7,3,208,1,-0.7818314824680299,0.6234898018587334,-0.4999999999999997,-0.8660254037844388,0.0,1,0.0,1,0.0,1,0.0,1,0.0,0.0,0.0,0.0,0.07142857142857142,0.17857142857142858,0.7723735149271039,0.0,4.0,0.0,0,146.17,0.0,0.0,False,False,False,True,False,False,False,False,False,False,False,False,False,False,False,False,False,False,False,False,True,False,False,False,False,False,False,False,False,False,False,False,False,False,True,False
UAE,Microwave Oven,2025-07-28,Home & Kitchen,0.0,146.17,,20.0,2.0,0.0,0.0,0,28,31,7,3,209,0,0.0,1.0,-0.4999999999999997,-0.8660254037844388,0.0,1,0.0,1,0.0,1,0.0,1,0.0,0.0,0.0,0.0,0.07142857142857142,0.17857142857142858,0.7723735149271039,0.0,4.0,0.0,0,146.17,0.0,0.0,False,False,False,True,False,False,False,False,False,False,False,False,False,False,False,False,False,False,False,False,True,False,False,False,False,False,False,False,False,False,False,False,False,False,True,False
UAE,Microwave Oven,2025-07-29,Home & Kitchen,3.0,157.36,0.13,20.0,2.0,1.0,0.0,1,29,31,7,3,210,0,0.7818314824680298,0.6234898018587336,-0.4999999999999997,-0.8660254037844388,0.0,1,0.0,1,0.0,1,0.0,1,0.0,0.0,0.0,0.0,0.07142857142857142,0.17857142857142858,0.7723735149271039,0.0,4.0,0.0,1,146.17,11.190000000000026,0.07655469658616698,False,False,False,True,False,False,False,False,False,False,False,False,False,False,False,False,False,False,False,False,True,False,False,False,False,False,False,False,False,False,False,False,False,False,True,False
UAE,Microwave Oven,2025-07-30,Home & Kitchen,0.0,157.36,,20.0,2.0,0.0,0.0,2,30,31,7,3,211,0,0.9749279121818236,-0.22252093395631434,-0.4999999999999997,-0.8660254037844388,3.0,1,0.0,1,0.0,1,0.0,1,0.42857142857142855,1.133893419027681,0.0,3.0,0.2857142857142857,0.2857142857142857,0.9371802805793992,0.0,4.0,1.5,0,157.36,0.0,0.0,False,False,False,True,False,False,False,False,False,False,False,False,False,False,False,False,False,False,False,False,True,False,False,False,False,False,False,False,False,False,False,False,False,False,True,False
UAE,Microwave Oven,2025-07-31,Home & Kitchen,0.0,157.36,,20.0,2.0,0.0,0.0,3,31,31,7,3,212,0,0.43388373911755823,-0.900968867902419,-0.4999999999999997,-0.8660254037844388,0.0,1,0.0,1,0.0,1,0.0,1,0.42857142857142855,1.133893419027681,0.0,3.0,0.2857142857142857,0.2857142857142857,0.9371802805793992,0.0,4.0,1.5,0,157.36,0.0,0.0,False,False,False,True,False,False,False,False,False,False,False,False,False,False,False,False,False,False,False,False,True,False,False,False,False,False,False,False,False,False,False,False,False,False,True,False
UAE,Microwave Oven,2025-08-01,Home & Kitchen,0.0,157.36,,20.0,2.0,0.0,0.0,4,1,31,8,3,213,0,-0.433883739117558,-0.9009688679024191,-0.8660254037844385,-0.5000000000000004,0.0,1,0.0,1,1.0,1,0.0,1,0.42857142857142855,1.133893419027681,0.0,3.0,0.2857142857142857,0.2857142857142857,0.9371802805793992,0.0,4.0,1.5,0,157.36,0.0,0.0,False,False,False,True,False,False,False,False,False,False,False,False,False,False,False,False,False,False,False,False,True,False,False,False,False,False,False,False,False,False,False,False,False,False,True,False
UAE,Microwave Oven,2025-08-02,Home & Kitchen,0.0,157.36,,20.0,2.0,0.0,0.0,5,2,31,8,3,214,1,-0.9749279121818236,-0.2225209339563146,-0.8660254037844385,-0.5000000000000004,0.0,1,0.0,1,0.0,1,0.0,1,0.42857142857142855,1.133893419027681,0.0,3.0,0.21428571428571427,0.2857142857142857,0.9371802805793992,0.0,4.0,1.5,0,157.36,0.0,0.0,False,False,False,True,False,False,False,False,False,False,False,False,False,False,False,False,False,False,False,False,True,False,False,False,False,False,False,False,False,False,False,False,False,False,True,False
UAE,Microwave Oven,2025-08-03,Home & Kitchen,0.0,157.36,,20.0,2.0,0.0,0.0,6,3,31,8,3,215,1,-0.7818314824680299,0.6234898018587334,-0.8660254037844385,-0.5000000000000004,0.0,1,0.0,1,0.0,1,0.0,1,0.42857142857142855,1.133893419027681,0.0,3.0,0.21428571428571427,0.2857142857142857,0.9371802805793992,0.0,4.0,1.5,0,157.36,0.0,0.0,False,False,False,True,False,False,False,False,False,False,False,False,False,False,False,False,False,False,False,False,True,False,False,False,False,False,False,False,False,False,False,False,False,False,True,False
UAE,Microwave Oven,2025-08-04,Home & Kitchen,0.0,157.36,,20.0,2.0,0.0,0.0,0,4,32,8,3,216,0,0.0,1.0,-0.8660254037844385,-0.5000000000000004,0.0,1,0.0,1,0.0,1,0.0,1,0.42857142857142855,1.133893419027681,0.0,3.0,0.21428571428571427,0.2857142857142857,0.9371802805793992,0.0,4.0,1.5,0,157.36,0.0,0.0,False,False,False,True,False,False,False,False,False,False,False,False,False,False,False,False,False,False,False,False,True,False,False,False,False,False,False,False,False,False,False,False,False,False,True,False
UAE,Microwave Oven,2025-08-05,Home & Kitchen,0.0,157.36,,20.0,2.0,0.0,0.0,1,5,32,8,3,217,0,0.7818314824680298,0.6234898018587336,-0.8660254037844385,-0.5000000000000004,0.0,1,3.0,1,0.0,1,0.0,1,0.42857142857142855,1.133893419027681,0.0,3.0,0.21428571428571427,0.2857142857142857,0.9371802805793992,0.0,4.0,1.5,0,157.36,0.0,0.0,False,False,False,True,False,False,False,False,False,False,False,False,False,False,False,False,False,False,False,False,True,False,False,False,False,False,False,False,False,False,False,False,False,False,True,False
UAE,Microwave Oven,2025-08-06,Home & Kitchen,0.0,157.36,,20.0,2.0,0.0,0.0,2,6,32,8,3,218,0,0.9749279121818236,-0.22252093395631434,-0.8660254037844385,-0.5000000000000004,0.0,1,0.0,1,0.0,1,4.0,1,0.0,0.0,0.0,0.0,0.21428571428571427,0.2857142857142857,0.9371802805793992,0.0,4.0,0.0,0,157.36,0.0,0.0,False,False,False,True,False,False,False,False,False,False,False,False,False,False,False,False,False,False,False,False,True,False,False,False,False,False,False,False,False,False,False,False,False,False,True,False
UAE,Microwave Oven,2025-08-07,Home & Kitchen,3.0,182.69,0.05,20.0,2.0,1.0,0.0,3,7,32,8,3,219,0,0.43388373911755823,-0.900968867902419,-0.8660254037844385,-0.5000000000000004,0.0,1,0.0,1,0.0,1,0.0,1,0.0,0.0,0.0,0.0,0.21428571428571427,0.14285714285714285,0.5909368402852813,0.0,3.0,0.0,1,157.36,25.329999999999984,0.16096847991865773,False,False,False,True,False,False,False,False,False,False,False,False,False,False,False,False,False,False,False,False,True,False,False,False,False,False,False,False,False,False,False,False,False,False,True,False
UAE,Microwave Oven,2025-08-08,Home & Kitchen,0.0,182.69,,20.0,2.0,0.0,0.0,4,8,32,8,3,220,0,-0.433883739117558,-0.9009688679024191,-0.8660254037844385,-0.5000000000000004,3.0,1,0.0,1,0.0,1,0.0,1,0.42857142857142855,1.133893419027681,0.0,3.0,0.42857142857142855,0.25,0.7993052538854551,0.0,3.0,1.7142857142857142,0,182.69,0.0,0.0,False,False,False,True,False,False,False,False,False,False,False,False,False,False,False,False,False,False,False,False,True,False,False,False,False,False,False,False,False,False,False,False,False,False,True,False
UAE,Microwave Oven,2025-08-09,Home & Kitchen,0.0,182.69,,20.0,2.0,0.0,0.0,5,9,32,8,3,221,1,-0.9749279121818236,-0.2225209339563146,-0.8660254037844385,-0.5000000000000004,0.0,1,0.0,1,0.0,1,0.0,1,0.42857142857142855,1.133893419027681,0.0,3.0,0.42857142857142855,0.25,0.7993052538854551,0.0,3.0,1.7142857142857142,0,182.69,0.0,0.0,False,False,False,True,False,False,False,False,False,False,False,False,False,False,False,False,False,False,False,False,True,False,False,False,False,False,False,False,False,False,False,False,False,False,True,False
UAE,Microwave Oven,2025-08-10,Home & Kitchen,0.0,182.69,,20.0,2.0,0.0,0.0,6,10,32,8,3,222,1,-0.7818314824680299,0.6234898018587334,-0.8660254037844385,-0.5000000000000004,0.0,1,0.0,1,0.0,1,0.0,1,0.42857142857142855,1.133893419027681,0.0,3.0,0.42857142857142855,0.25,0.7993052538854551,0.0,3.0,1.7142857142857142,0,182.69,0.0,0.0,False,False,False,True,False,False,False,False,False,False,False,False,False,False,False,False,False,False,False,False,True,False,False,False,False,False,False,False,False,False,False,False,False,False,True,False
UAE,Microwave Oven,2025-08-11,Home & Kitchen,0.0,182.69,,20.0,2.0,0.0,0.0,0,11,33,8,3,223,0,0.0,1.0,-0.8660254037844385,-0.5000000000000004,0.0,1,0.0,1,0.0,1,0.0,1,0.42857142857142855,1.133893419027681,0.0,3.0,0.42857142857142855,0.25,0.7993052538854551,0.0,3.0,1.7142857142857142,0,182.69,0.0,0.0,False,False,False,True,False,False,False,False,False,False,False,False,False,False,False,False,False,False,False,False,True,False,False,False,False,False,False,False,False,False,False,False,False,False,True,False
UAE,Microwave Oven,2025-08-12,Home & Kitchen,0.0,182.69,,20.0,2.0,0.0,0.0,1,12,33,8,3,224,0,0.7818314824680298,0.6234898018587336,-0.8660254037844385,-0.5000000000000004,0.0,1,0.0,1,3.0,1,0.0,1,0.42857142857142855,1.133893419027681,0.0,3.0,0.42857142857142855,0.25,0.7993052538854551,0.0,3.0,1.7142857142857142,0,182.69,0.0,0.0,False,False,False,True,False,False,False,False,False,False,False,False,False,False,False,False,False,False,False,False,True,False,False,False,False,False,False,False,False,False,False,False,False,False,True,False
UAE,Microwave Oven,2025-08-13,Home & Kitchen,0.0,182.69,,20.0,2.0,0.0,0.0,2,13,33,8,3,225,0,0.9749279121818236,-0.22252093395631434,-0.8660254037844385,-0.5000000000000004,0.0,1,0.0,1,0.0,1,0.0,1,0.42857142857142855,1.133893419027681,0.0,3.0,0.21428571428571427,0.25,0.7993052538854551,0.0,3.0,1.7142857142857142,0,182.69,0.0,0.0,False,False,False,True,False,False,False,False,False,False,False,False,False,False,False,False,False,False,False,False,True,False,False,False,False,False,False,False,False,False,False,False,False,False,True,False
UAE,Microwave Oven,2025-08-14,Home & Kitchen,0.0,182.69,,20.0,2.0,0.0,0.0,3,14,33,8,3,226,0,0.43388373911755823,-0.900968867902419,-0.8660254037844385,-0.5000000000000004,0.0,1,3.0,1,0.0,1,0.0,1,0.42857142857142855,1.133893419027681,0.0,3.0,0.21428571428571427,0.25,0.7993052538854551,0.0,3.0,1.7142857142857142,0,182.69,0.0,0.0,False,False,False,True,False,False,False,False,False,False,False,False,False,False,False,False,False,False,False,False,True,False,False,False,False,False,False,False,False,False,False,False,False,False,True,False
UAE,Microwave Oven,2025-08-15,Home & Kitchen,3.0,210.94,0.13,20.0,2.0,1.0,0.0,4,15,33,8,3,227,0,-0.433883739117558,-0.9009688679024191,-0.8660254037844385,-0.5000000000000004,0.0,1,0.0,1,0.0,1,1.0,1,0.0,0.0,0.0,0.0,0.21428571428571427,0.25,0.7993052538854551,0.0,3.0,0.0,1,182.69,28.25,0.1546335322130385,False,False,False,True,False,False,False,False,False,False,False,False,False,False,False,False,False,False,False,False,True,False,False,False,False,False,False,False,False,False,False,False,False,False,True,False
UAE,Microwave Oven,2025-08-16,Home & Kitchen,0.0,210.94,,20.0,2.0,0.0,0.0,5,16,33,8,3,228,1,-0.9749279121818236,-0.2225209339563146,-0.8660254037844385,-0.5000000000000004,3.0,1,0.0,1,0.0,1,0.0,1,0.42857142857142855,1.133893419027681,0.0,3.0,0.42857142857142855,0.32142857142857145,0.9449111825230697,0.0,3.0,1.3333333333333333,0,210.94,0.0,0.0,False,False,False,True,False,False,False,False,False,False,False,False,False,False,False,False,False,False,False,False,True,False,False,False,False,False,False,False,False,False,False,False,False,False,True,False
UAE,Microwave Oven,2025-08-17,Home & Kitchen,0.0,210.94,,20.0,2.0,0.0,0.0,6,17,33,8,3,229,1,-0.7818314824680299,0.6234898018587334,-0.8660254037844385,-0.5000000000000004,0.0,1,0.0,1,0.0,1,0.0,1,0.42857142857142855,1.133893419027681,0.0,3.0,0.42857142857142855,0.32142857142857145,0.9449111825230697,0.0,3.0,1.3333333333333333,0,210.94,0.0,0.0,False,False,False,True,False,False,False,False,False,False,False,False,False,False,False,False,False,False,False,False,True,False,False,False,False,False,False,False,False,False,False,False,False,False,True,False
UAE,Microwave Oven,2025-08-18,Home & Kitchen,0.0,210.94,,20.0,2.0,0.0,0.0,0,18,34,8,3,230,0,0.0,1.0,-0.8660254037844385,-0.5000000000000004,0.0,1,0.0,1,0.0,1,0.0,1,0.42857142857142855,1.133893419027681,0.0,3.0,0.42857142857142855,0.32142857142857145,0.9449111825230697,0.0,3.0,1.3333333333333333,0,210.94,0.0,0.0,False,False,False,True,False,False,False,False,False,False,False,False,False,False,False,False,False,False,False,False,True,False,False,False,False,False,False,False,False,False,False,False,False,False,True,False
UAE,Microwave Oven,2025-08-19,Home & Kitchen,0.0,210.94,,20.0,2.0,0.0,0.0,1,19,34,8,3,231,0,0.7818314824680298,0.6234898018587336,-0.8660254037844385,-0.5000000000000004,0.0,1,0.0,1,0.0,1,0.0,1,0.42857142857142855,1.133893419027681,0.0,3.0,0.42857142857142855,0.32142857142857145,0.9449111825230697,0.0,3.0,1.3333333333333333,0,210.94,0.0,0.0,False,False,False,True,False,False,False,False,False,False,False,False,False,False,False,False,False,False,False,False,True,False,False,False,False,False,False,False,False,False,False,False,False,False,True,False
UAE,Microwave Oven,2025-08-20,Home & Kitchen,1.0,142.32,0.03,20.0,2.0,1.0,0.0,2,20,34,8,3,232,0,0.9749279121818236,-0.22252093395631434,-0.8660254037844385,-0.5000000000000004,0.0,1,0.0,1,0.0,1,0.0,1,0.42857142857142855,1.133893419027681,0.0,3.0,0.42857142857142855,0.32142857142857145,0.9449111825230697,0.0,3.0,1.3333333333333333,1,210.94,-68.62,-0.3253057741537878,False,False,False,True,False,False,False,False,False,False,False,False,False,False,False,False,False,False,False,False,True,False,False,False,False,False,False,False,False,False,False,False,False,False,True,False
UAE,Microwave Oven,2025-08-21,Home & Kitchen,0.0,142.32,,20.0,2.0,0.0,0.0,3,21,34,8,3,233,0,0.43388373911755823,-0.900968867902419,-0.8660254037844385,-0.5000000000000004,1.0,1,0.0,1,3.0,1,0.0,1,0.5714285714285714,1.1338934190276808,0.0,3.0,0.5,0.35714285714285715,0.9511897312113435,0.0,3.0,1.5999999999999999,0,142.32,0.0,0.0,False,False,False,True,False,False,False,False,False,False,False,False,False,False,False,False,False,False,False,False,True,False,False,False,False,False,False,False,False,False,False,False,False,False,True,False
UAE,Microwave Oven,2025-08-22,Home & Kitchen,0.0,142.32,,20.0,2.0,0.0,0.0,4,22,34,8,3,234,0,-0.433883739117558,-0.9009688679024191,-0.8660254037844385,-0.5000000000000004,0.0,1,3.0,1,0.0,1,0.0,1,0.5714285714285714,1.1338934190276808,0.0,3.0,0.2857142857142857,0.35714285714285715,0.9511897312113435,0.0,3.0,1.5999999999999999,0,142.32,0.0,0.0,False,False,False,True,False,False,False,False,False,False,False,False,False,False,False,False,False,False,False,False,True,False,False,False,False,False,False,False,False,False,False,False,False,False,True,False
UAE,Microwave Oven,2025-08-23,Home & Kitchen,0.0,142.32,,20.0,2.0,0.0,0.0,5,23,34,8,3,235,1,-0.9749279121818236,-0.2225209339563146,-0.8660254037844385,-0.5000000000000004,0.0,1,0.0,1,0.0,1,0.0,1,0.14285714285714285,0.37796447300922587,0.0,1.0,0.2857142857142857,0.35714285714285715,0.9511897312113435,0.0,3.0,0.39999999999999997,0,142.32,0.0,0.0,False,False,False,True,False,False,False,False,False,False,False,False,False,False,False,False,False,False,False,False,True,False,False,False,False,False,False,False,False,False,False,False,False,False,True,False
UAE,Microwave Oven,2025-08-24,Home & Kitchen,0.0,142.32,,20.0,2.0,0.0,0.0,6,24,34,8,3,236,1,-0.7818314824680299,0.6234898018587334,-0.8660254037844385,-0.5000000000000004,0.0,1,0.0,1,0.0,1,0.0,1,0.14285714285714285,0.37796447300922587,0.0,1.0,0.2857142857142857,0.35714285714285715,0.9511897312113435,0.0,3.0,0.39999999999999997,0,142.32,0.0,0.0,False,False,False,True,False,False,False,False,False,False,False,False,False,False,False,False,False,False,False,False,True,False,False,False,False,False,False,False,False,False,False,False,False,False,True,False
UAE,Microwave Oven,2025-08-25,Home & Kitchen,0.0,142.32,,20.0,2.0,0.0,0.0,0,25,35,8,3,237,0,0.0,1.0,-0.8660254037844385,-0.5000000000000004,0.0,1,0.0,1,0.0,1,0.0,1,0.14285714285714285,0.37796447300922587,0.0,1.0,0.2857142857142857,0.35714285714285715,0.9511897312113435,0.0,3.0,0.39999999999999997,0,142.32,0.0,0.0,False,False,False,True,False,False,False,False,False,False,False,False,False,False,False,False,False,False,False,False,True,False,False,False,False,False,False,False,False,False,False,False,False,False,True,False
UAE,Microwave Oven,2025-08-26,Home & Kitchen,2.0,274.03,0.05,20.0,2.0,1.0,0.0,1,26,35,8,3,238,0,0.7818314824680298,0.6234898018587336,-0.8660254037844385,-0.5000000000000004,0.0,1,0.0,1,0.0,1,3.0,1,0.14285714285714285,0.37796447300922587,0.0,1.0,0.2857142857142857,0.35714285714285715,0.9511897312113435,0.0,3.0,0.39999999999999997,1,142.32,131.70999999999998,0.9254496908375491,False,False,False,True,False,False,False,False,False,False,False,False,False,False,False,False,False,False,False,False,True,False,False,False,False,False,False,False,False,False,False,False,False,False,True,False
UAE,Microwave Oven,2025-08-27,Home & Kitchen,0.0,274.03,,20.0,2.0,0.0,0.0,2,27,35,8,3,239,0,0.9749279121818236,-0.22252093395631434,-0.8660254037844385,-0.5000000000000004,2.0,1,1.0,1,0.0,1,0.0,1,0.42857142857142855,0.786795792469442,0.0,2.0,0.42857142857142855,0.32142857142857145,0.8629652337776985,0.0,3.0,1.3333333333333333,0,274.03,0.0,0.0,False,False,False,True,False,False,False,False,False,False,False,False,False,False,False,False,False,False,False,False,True,False,False,False,False,False,False,False,False,False,False,False,False,False,True,False
UAE,Microwave Oven,2025-08-28,Home & Kitchen,4.0,224.115,0.06,20.0,2.0,1.0,0.0,3,28,35,8,3,240,0,0.43388373911755823,-0.900968867902419,-0.8660254037844385,-0.5000000000000004,0.0,1,0.0,1,0.0,1,0.0,1,0.2857142857142857,0.7559289460184535,0.0,2.0,0.42857142857142855,0.32142857142857145,0.8629652337776985,0.0,3.0,0.8888888888888887,1,274.03,-49.914999999999964,-0.18215158924205369,False,False,False,True,False,False,False,False,False,False,False,False,False,False,False,False,False,False,False,False,True,False,False,False,False,False,False,False,False,False,False,False,False,False,True,False
UAE,Microwave Oven,2025-08-29,Home & Kitchen,0.0,224.115,,20.0,2.0,0.0,0.0,4,29,35,8,3,241,0,-0.433883739117558,-0.9009688679024191,-0.8660254037844385,-0.5000000000000004,4.0,1,0.0,1,3.0,1,0.0,1,0.8571428571428571,1.5735915849388853,0.0,4.0,0.7142857142857143,0.4642857142857143,1.1049431980420867,0.0,4.0,1.846153846153846,0,224.115,0.0,0.0,False,False,False,True,False,False,False,False,False,False,False,False,False,False,False,False,False,False,False,False,True,False,False,False,False,False,False,False,False,False,False,False,False,False,True,False
UAE,Microwave Oven,2025-08-30,Home & Kitchen,0.0,224.115,,20.0,2.0,0.0,0.0,5,30,35,8,3,242,1,-0.9749279121818236,-0.2225209339563146,-0.8660254037844385,-0.5000000000000004,0.0,1,0.0,1,0.0,1,0.0,1,0.8571428571428571,1.5735915849388853,0.0,4.0,0.5,0.4642857142857143,1.1049431980420867,0.0,4.0,1.846153846153846,0,224.115,0.0,0.0,False,False,False,True,False,False,False,False,False,False,False,False,False,False,False,False,False,False,False,False,True,False,False,False,False,False,False,False,False,False,False,False,False,False,True,False
UAE,Microwave Oven,2025-08-31,Home & Kitchen,2.0,232.35,0.02,20.0,2.0,1.0,0.0,6,31,35,8,3,243,1,-0.7818314824680299,0.6234898018587334,-0.8660254037844385,-0.5000000000000004,0.0,1,0.0,1,0.0,1,0.0,1,0.8571428571428571,1.5735915849388853,0.0,4.0,0.5,0.4642857142857143,1.1049431980420867,0.0,4.0,1.846153846153846,1,224.115,8.234999999999985,0.03674452847868275,False,False,False,True,False,False,False,False,False,False,False,False,False,False,False,False,False,False,False,False,True,False,False,False,False,False,False,False,False,False,False,False,False,False,True,False
UAE,Microwave Oven,2025-09-01,Home & Kitchen,0.0,232.35,,20.0,2.0,0.0,0.0,0,1,36,9,3,244,0,0.0,1.0,-1.0,-1.8369701987210297e-16,2.0,1,0.0,1,0.0,1,0.0,1,1.1428571428571428,1.573591584938885,0.0,4.0,0.6428571428571429,0.5357142857142857,1.1379690439434407,0.0,4.0,2.1333333333333333,0,232.35,0.0,0.0,False,False,False,True,False,False,False,False,False,False,False,False,False,False,False,False,False,False,False,False,True,False,False,False,False,False,False,False,False,False,False,False,False,False,True,False
UAE,Microwave Oven,2025-09-02,Home & Kitchen,2.0,188.8,0.08,20.0,2.0,1.0,0.0,1,2,36,9,3,245,0,0.7818314824680298,0.6234898018587336,-1.0,-1.8369701987210297e-16,0.0,1,2.0,1,0.0,1,0.0,1,1.1428571428571428,1.573591584938885,0.0,4.0,0.6428571428571429,0.5357142857142857,1.1379690439434407,0.0,4.0,2.1333333333333333,1,232.35,-43.54999999999998,-0.18743275231332035,False,False,False,True,False,False,False,False,False,False,False,False,False,False,False,False,False,False,False,False,True,False,False,False,False,False,False,False,False,False,False,False,False,False,True,False
UAE,Microwave Oven,2025-09-03,Home & Kitchen,0.0,188.8,,20.0,2.0,0.0,0.0,2,3,36,9,3,246,0,0.9749279121818236,-0.22252093395631434,-1.0,-1.8369701987210297e-16,2.0,1,0.0,1,1.0,1,0.0,1,1.1428571428571428,1.573591584938885,0.0,4.0,0.7857142857142857,0.6071428571428571,1.165532328365718,0.0,4.0,1.8823529411764706,0,188.8,0.0,0.0,False,False,False,True,False,False,False,False,False,False,False,False,False,False,False,False,False,False,False,False,True,False,False,False,False,False,False,False,False,False,False,False,False,False,True,False
UAE,Microwave Oven,2025-09-04,Home & Kitchen,0.0,188.8,,20.0,2.0,0.0,0.0,3,4,36,9,3,247,0,0.43388373911755823,-0.900968867902419,-1.0,-1.8369701987210297e-16,0.0,1,4.0,1,0.0,1,3.0,1,1.1428571428571428,1.573591584938885,0.0,4.0,0.7142857142857143,0.6071428571428571,1.165532328365718,0.0,4.0,1.8823529411764706,0,188.8,0.0,0.0,False,False,False,True,False,False,False,False,False,False,False,False,False,False,False,False,False,False,False,False,True,False,False,False,False,False,False,False,False,False,False,False,False,False,True,False
UAE,Microwave Oven,2025-09-05,Home & Kitchen,0.0,188.8,,20.0,2.0,0.0,0.0,4,5,36,9,3,248,0,-0.433883739117558,-0.9009688679024191,-1.0,-1.8369701987210297e-16,0.0,1,0.0,1,0.0,1,0.0,1,0.5714285714285714,0.9759000729485319,0.0,2.0,0.7142857142857143,0.5,1.071516751221441,0.0,4.0,1.1428571428571428,0,188.8,0.0,0.0,False,False,False,True,False,False,False,False,False,False,False,False,False,False,False,False,False,False,False,False,True,False,False,False,False,False,False,False,False,False,False,False,False,False,True,False
UAE,Microwave Oven,2025-09-06,Home & Kitchen,0.0,188.8,,20.0,2.0,0.0,0.0,5,6,36,9,3,249,1,-0.9749279121818236,-0.2225209339563146,-1.0,-1.8369701987210297e-16,0.0,1,0.0,1,0.0,1,0.0,1,0.5714285714285714,0.9759000729485319,0.0,2.0,0.7142857142857143,0.5,1.071516751221441,0.0,4.0,1.1428571428571428,0,188.8,0.0,0.0,False,False,False,True,False,False,False,False,False,False,False,False,False,False,False,False,False,False,False,False,True,False,False,False,False,False,False,False,False,False,False,False,False,False,True,False
UAE,Microwave Oven,2025-09-07,Home & Kitchen,0.0,188.8,,20.0,2.0,0.0,0.0,6,7,36,9,3,250,1,-0.7818314824680299,0.6234898018587334,-1.0,-1.8369701987210297e-16,0.0,1,2.0,1,0.0,1,0.0,1,0.5714285714285714,0.9759000729485319,0.0,2.0,0.7142857142857143,0.5,1.071516751221441,0.0,4.0,1.1428571428571428,0,188.8,0.0,0.0,False,False,False,True,False,False,False,False,False,False,False,False,False,False,False,False,False,False,False,False,True,False,False,False,False,False,False,False,False,False,False,False,False,False,True,False
UAE,Microwave Oven,2025-09-08,Home & Kitchen,0.0,188.8,,20.0,2.0,0.0,0.0,0,8,37,9,3,251,0,0.0,1.0,-1.0,-1.8369701987210297e-16,0.0,1,0.0,1,0.0,1,0.0,1,0.2857142857142857,0.7559289460184531,0.0,2.0,0.7142857142857143,0.5,1.071516751221441,0.0,4.0,0.5714285714285714,0,188.8,0.0,0.0,False,False,False,True,False,False,False,False,False,False,False,False,False,False,False,False,False,False,False,False,True,False,False,False,False,False,False,False,False,False,False,False,False,False,True,False
UAE,Microwave Oven,2025-09-09,Home & Kitchen,0.0,188.8,,20.0,2.0,0.0,0.0,1,9,37,9,3,252,0,0.7818314824680298,0.6234898018587336,-1.0,-1.8369701987210297e-16,0.0,1,2.0,1,2.0,1,0.0,1,0.2857142857142857,0.7559289460184531,0.0,2.0,0.7142857142857143,0.5,1.071516751221441,0.0,4.0,0.5714285714285714,0,188.8,0.0,0.0,False,False,False,True,False,False,False,False,False,False,False,False,False,False,False,False,False,False,False,False,True,False,False,False,False,False,False,False,False,False,False,False,False,False,True,False
UAE,Microwave Oven,2025-09-10,Home & Kitchen,2.0,135.34,0.03,20.0,2.0,1.0,0.0,2,10,37,9,3,253,0,0.9749279121818236,-0.22252093395631434,-1.0,-1.8369701987210297e-16,0.0,1,0.0,1,0.0,1,0.0,1,0.0,0.0,0.0,0.0,0.5714285714285714,0.5,1.071516751221441,0.0,4.0,0.0,1,188.8,-53.46000000000001,-0.283156779661017,False,False,False,True,False,False,False,False,False,False,False,False,False,False,False,False,False,False,False,False,True,False,False,False,False,False,False,False,False,False,False,False,False,False,True,False
UAE,Microwave Oven,2025-09-11,Home & Kitchen,0.0,135.34,,20.0,2.0,0.0,0.0,3,11,37,9,3,254,0,0.43388373911755823,-0.900968867902419,-1.0,-1.8369701987210297e-16,2.0,1,0.0,1,4.0,1,0.0,1,0.2857142857142857,0.7559289460184531,0.0,2.0,0.7142857142857143,0.5714285714285714,1.103146054215497,0.0,4.0,0.5,0,135.34,0.0,0.0,False,False,False,True,False,False,False,False,False,False,False,False,False,False,False,False,False,False,False,False,True,False,False,False,False,False,False,False,False,False,False,False,False,False,True,False
UAE,Microwave Oven,2025-09-12,Home & Kitchen,0.0,135.34,,20.0,2.0,0.0,0.0,4,12,37,9,3,255,0,-0.433883739117558,-0.9009688679024191,-1.0,-1.8369701987210297e-16,0.0,1,0.0,1,0.0,1,3.0,1,0.2857142857142857,0.7559289460184531,0.0,2.0,0.42857142857142855,0.5714285714285714,1.103146054215497,0.0,4.0,0.5,0,135.34,0.0,0.0,False,False,False,True,False,False,False,False,False,False,False,False,False,False,False,False,False,False,False,False,True,False,False,False,False,False,False,False,False,False,False,False,False,False,True,False
UAE,Microwave Oven,2025-09-13,Home & Kitchen,0.0,135.34,,20.0,2.0,0.0,0.0,5,13,37,9,3,256,1,-0.9749279121818236,-0.2225209339563146,-1.0,-1.8369701987210297e-16,0.0,1,0.0,1,0.0,1,0.0,1,0.2857142857142857,0.7559289460184531,0.0,2.0,0.42857142857142855,0.4642857142857143,0.9993384054849749,0.0,4.0,0.6153846153846153,0,135.34,0.0,0.0,False,False,False,True,False,False,False,False,False,False,False,False,False,False,False,False,False,False,False,False,True,False,False,False,False,False,False,False,False,False,False,False,False,False,True,False
UAE,Microwave Oven,2025-09-14,Home & Kitchen,0.0,135.34,,20.0,2.0,0.0,0.0,6,14,37,9,3,257,1,-0.7818314824680299,0.6234898018587334,-1.0,-1.8369701987210297e-16,0.0,1,0.0,1,2.0,1,0.0,1,0.2857142857142857,0.7559289460184531,0.0,2.0,0.42857142857142855,0.4642857142857143,0.9993384054849749,0.0,4.0,0.6153846153846153,0,135.34,0.0,0.0,False,False,False,True,False,False,False,False,False,False,False,False,False,False,False,False,False,False,False,False,True,False,False,False,False,False,False,False,False,False,False,False,False,False,True,False
UAE,Microwave Oven,2025-09-15,Home & Kitchen,0.0,135.34,,20.0,2.0,0.0,0.0,0,15,38,9,3,258,0,0.0,1.0,-1.0,-1.8369701987210297e-16,0.0,1,0.0,1,0.0,1,0.0,1,0.2857142857142857,0.7559289460184531,0.0,2.0,0.2857142857142857,0.4642857142857143,0.9993384054849749,0.0,4.0,0.6153846153846153,0,135.34,0.0,0.0,False,False,False,True,False,False,False,False,False,False,False,False,False,False,False,False,False,False,False,False,True,False,False,False,False,False,False,False,False,False,False,False,False,False,True,False
UAE,Microwave Oven,2025-09-16,Home & Kitchen,2.0,38.68,0.13,20.0,2.0,1.0,0.0,1,16,38,9,3,259,0,0.7818314824680298,0.6234898018587336,-1.0,-1.8369701987210297e-16,0.0,1,0.0,1,2.0,1,0.0,1,0.2857142857142857,0.7559289460184531,0.0,2.0,0.2857142857142857,0.4642857142857143,0.9993384054849749,0.0,4.0,0.6153846153846153,1,135.34,-96.66,-0.7142012708733559,False,False,False,True,False,False,False,False,False,False,False,False,False,False,False,False,False,False,False,False,True,False,False,False,False,False,False,False,False,False,False,False,False,False,True,False
UAE,Microwave Oven,2025-09-17,Home & Kitchen,1.0,174.44,0.13,20.0,2.0,1.0,0.0,2,17,38,9,3,260,0,0.9749279121818236,-0.22252093395631434,-1.0,-1.8369701987210297e-16,2.0,1,2.0,1,0.0,1,1.0,1,0.5714285714285714,0.9759000729485319,0.0,2.0,0.2857142857142857,0.5357142857142857,1.035737091520491,0.0,4.0,1.0666666666666667,1,38.68,135.76,3.509824198552223,False,False,False,True,False,False,False,False,False,False,False,False,False,False,False,False,False,False,False,False,True,False,False,False,False,False,False,False,False,False,False,False,False,False,True,False
UAE,Microwave Oven,2025-09-18,Home & Kitchen,0.0,174.44,,20.0,2.0,0.0,0.0,3,18,38,9,3,261,0,0.43388373911755823,-0.900968867902419,-1.0,-1.8369701987210297e-16,1.0,1,0.0,1,0.0,1,0.0,1,0.42857142857142855,0.7867957924694416,0.0,2.0,0.35714285714285715,0.5357142857142857,1.035737091520491,0.0,4.0,0.7999999999999999,0,174.44,0.0,0.0,False,False,False,True,False,False,False,False,False,False,False,False,False,False,False,False,False,False,False,False,True,False,False,False,False,False,False,False,False,False,False,False,False,False,True,False
UAE,Microwave Oven,2025-09-19,Home & Kitchen,0.0,174.44,,20.0,2.0,0.0,0.0,4,19,38,9,3,262,0,-0.433883739117558,-0.9009688679024191,-1.0,-1.8369701987210297e-16,0.0,1,0.0,1,0.0,1,0.0,1,0.42857142857142855,0.7867957924694416,0.0,2.0,0.35714285714285715,0.5357142857142857,1.035737091520491,0.0,4.0,0.7999999999999999,0,174.44,0.0,0.0,False,False,False,True,False,False,False,False,False,False,False,False,False,False,False,False,False,False,False,False,True,False,False,False,False,False,False,False,False,False,False,False,False,False,True,False
UAE,Microwave Oven,2025-09-20,Home & Kitchen,1.0,259.0,0.03,20.0,2.0,1.0,0.0,5,20,38,9,3,263,1,-0.9749279121818236,-0.2225209339563146,-1.0,-1.8369701987210297e-16,0.0,1,0.0,1,0.0,1,0.0,1,0.42857142857142855,0.7867957924694416,0.0,2.0,0.35714285714285715,0.5357142857142857,1.035737091520491,0.0,4.0,0.7999999999999999,1,174.44,84.56,0.48475120385232745,False,False,False,True,False,False,False,False,False,False,False,False,False,False,False,False,False,False,False,False,True,False,False,False,False,False,False,False,False,False,False,False,False,False,True,False
UAE,Microwave Oven,2025-09-21,Home & Kitchen,0.0,259.0,,20.0,2.0,0.0,0.0,6,21,38,9,3,264,1,-0.7818314824680299,0.6234898018587334,-1.0,-1.8369701987210297e-16,1.0,1,0.0,1,0.0,1,0.0,1,0.5714285714285714,0.7867957924694414,0.0,2.0,0.42857142857142855,0.5714285714285714,1.0338196500275434,0.0,4.0,1.0,0,259.0,0.0,0.0,False,False,False,True,False,False,False,False,False,False,False,False,False,False,False,False,False,False,False,False,True,False,False,False,False,False,False,False,False,False,False,False,False,False,True,False
UAE,Microwave Oven,2025-09-22,Home & Kitchen,0.0,259.0,,20.0,2.0,0.0,0.0,0,22,39,9,3,265,0,0.0,1.0,-1.0,-1.8369701987210297e-16,0.0,1,0.0,1,0.0,1,0.0,1,0.5714285714285714,0.7867957924694414,0.0,2.0,0.42857142857142855,0.5714285714285714,1.0338196500275434,0.0,4.0,1.0,0,259.0,0.0,0.0,False,False,False,True,False,False,False,False,False,False,False,False,False,False,False,False,False,False,False,False,True,False,False,False,False,False,False,False,False,False,False,False,False,False,True,False
UAE,Microwave Oven,2025-09-23,Home & Kitchen,0.0,259.0,,20.0,2.0,0.0,0.0,1,23,39,9,3,266,0,0.7818314824680298,0.6234898018587336,-1.0,-1.8369701987210297e-16,0.0,1,2.0,1,0.0,1,2.0,1,0.5714285714285714,0.7867957924694414,0.0,2.0,0.42857142857142855,0.5714285714285714,1.0338196500275434,0.0,4.0,1.0,0,259.0,0.0,0.0,False,False,False,True,False,False,False,False,False,False,False,False,False,False,False,False,False,False,False,False,True,False,False,False,False,False,False,False,False,False,False,False,False,False,True,False
UAE,Microwave Oven,2025-09-24,Home & Kitchen,0.0,259.0,,20.0,2.0,0.0,0.0,2,24,39,9,3,267,0,0.9749279121818236,-0.22252093395631434,-1.0,-1.8369701987210297e-16,0.0,1,1.0,1,2.0,1,0.0,1,0.2857142857142857,0.4879500364742645,0.0,1.0,0.42857142857142855,0.5,1.0000000000000016,0.0,4.0,0.5714285714285714,0,259.0,0.0,0.0,False,False,False,True,False,False,False,False,False,False,False,False,False,False,False,False,False,False,False,False,True,False,False,False,False,False,False,False,False,False,False,False,False,False,True,False
UAE,Microwave Oven,2025-09-25,Home & Kitchen,0.0,259.0,,20.0,2.0,0.0,0.0,3,25,39,9,3,268,0,0.43388373911755823,-0.900968867902419,-1.0,-1.8369701987210297e-16,0.0,1,0.0,1,0.0,1,4.0,1,0.14285714285714285,0.377964473009225,0.0,1.0,0.2857142857142857,0.5,1.0000000000000016,0.0,4.0,0.2857142857142857,0,259.0,0.0,0.0,False,False,False,True,False,False,False,False,False,False,False,False,False,False,False,False,False,False,False,False,True,False,False,False,False,False,False,False,False,False,False,False,False,False,True,False
UAE,Microwave Oven,2025-09-26,Home & Kitchen,0.0,259.0,,20.0,2.0,0.0,0.0,4,26,39,9,3,269,0,-0.433883739117558,-0.9009688679024191,-1.0,-1.8369701987210297e-16,0.0,1,0.0,1,0.0,1,0.0,1,0.14285714285714285,0.377964473009225,0.0,1.0,0.2857142857142857,0.35714285714285715,0.7310208850583803,0.0,2.0,0.39999999999999997,0,259.0,0.0,0.0,False,False,False,True,False,False,False,False,False,False,False,False,False,False,False,False,False,False,False,False,True,False,False,False,False,False,False,False,False,False,False,False,False,False,True,False
UAE,Microwave Oven,2025-09-27,Home & Kitchen,0.0,259.0,,20.0,2.0,0.0,0.0,5,27,39,9,3,270,1,-0.9749279121818236,-0.2225209339563146,-1.0,-1.8369701987210297e-16,0.0,1,1.0,1,0.0,1,0.0,1,0.14285714285714285,0.377964473009225,0.0,1.0,0.2857142857142857,0.35714285714285715,0.7310208850583803,0.0,2.0,0.39999999999999997,0,259.0,0.0,0.0,False,False,False,True,False,False,False,False,False,False,False,False,False,False,False,False,False,False,False,False,True,False,False,False,False,False,False,False,False,False,False,False,False,False,True,False
UAE,Microwave Oven,2025-09-28,Home & Kitchen,0.0,259.0,,20.0,2.0,0.0,0.0,6,28,39,9,3,271,1,-0.7818314824680299,0.6234898018587334,-1.0,-1.8369701987210297e-16,0.0,1,0.0,1,0.0,1,2.0,1,0.0,0.0,0.0,0.0,0.2857142857142857,0.35714285714285715,0.7310208850583803,0.0,2.0,0.0,0,259.0,0.0,0.0,False,False,False,True,False,False,False,False,False,False,False,False,False,False,False,False,False,False,False,False,True,False,False,False,False,False,False,False,False,False,False,False,False,False,True,False
UAE,Microwave Oven,2025-09-29,Home & Kitchen,2.0,90.71,0.11,20.0,2.0,1.0,0.0,0,29,40,9,3,272,0,0.0,1.0,-1.0,-1.8369701987210297e-16,0.0,1,0.0,1,0.0,1,0.0,1,0.0,0.0,0.0,0.0,0.2857142857142857,0.2857142857142857,0.6586823467062383,0.0,2.0,0.0,1,259.0,-168.29000000000002,-0.6497683397683398,False,False,False,True,False,False,False,False,False,False,False,False,False,False,False,False,False,False,False,False,True,False,False,False,False,False,False,False,False,False,False,False,False,False,True,False
UAE,Microwave Oven,2025-09-30,Home & Kitchen,3.0,126.76,0.12,20.0,2.0,1.0,0.0,1,30,40,9,3,273,0,0.7818314824680298,0.6234898018587336,-1.0,-1.8369701987210297e-16,2.0,1,0.0,1,2.0,1,2.0,1,0.2857142857142857,0.7559289460184531,0.0,2.0,0.42857142857142855,0.35714285714285715,0.7310208850583803,0.0,2.0,0.7999999999999999,1,90.71,36.05000000000001,0.3974203505677435,False,False,False,True,False,False,False,False,False,False,False,False,False,False,False,False,False,False,False,False,True,False,False,False,False,False,False,False,False,False,False,False,False,False,True,False
UAE,Microwave Oven,2025-10-01,Home & Kitchen,0.0,126.76,,20.0,2.0,0.0,0.0,2,1,40,10,4,274,0,0.9749279121818236,-0.22252093395631434,-0.8660254037844386,0.5000000000000001,3.0,1,0.0,1,1.0,1,0.0,1,0.7142857142857143,1.2535663410560163,0.0,3.0,0.5,0.39285714285714285,0.8317445171439034,0.0,3.0,1.8181818181818183,0,126.76,0.0,0.0,False,False,False,True,False,False,False,False,False,False,False,False,False,False,False,False,False,False,False,False,True,False,False,False,False,False,False,False,False,False,False,False,False,False,True,False
UAE,Microwave Oven,2025-10-02,Home & Kitchen,3.0,145.83,0.09,20.0,2.0,1.0,0.0,3,2,40,10,4,275,0,0.43388373911755823,-0.900968867902419,-0.8660254037844386,0.5000000000000001,0.0,1,0.0,1,0.0,1,0.0,1,0.7142857142857143,1.2535663410560163,0.0,3.0,0.42857142857142855,0.39285714285714285,0.8317445171439034,0.0,3.0,1.8181818181818183,1,126.76,19.070000000000007,0.15044177974124334,False,False,False,True,False,False,False,False,False,False,False,False,False,False,False,False,False,False,False,False,True,False,False,False,False,False,False,False,False,False,False,False,False,False,True,False
UAE,Microwave Oven,2025-10-03,Home & Kitchen,0.0,145.83,,20.0,2.0,0.0,0.0,4,3,40,10,4,276,0,-0.433883739117558,-0.9009688679024191,-0.8660254037844386,0.5000000000000001,3.0,1,0.0,1,0.0,1,0.0,1,1.1428571428571428,1.4638501094227985,0.0,3.0,0.6428571428571429,0.5,0.9622504486493779,0.0,3.0,2.2857142857142856,0,145.83,0.0,0.0,False,False,False,True,False,False,False,False,False,False,False,False,False,False,False,False,False,False,False,False,True,False,False,False,False,False,False,False,False,False,False,False,False,False,True,False
UAE,Microwave Oven,2025-10-04,Home & Kitchen,0.0,145.83,,20.0,2.0,0.0,0.0,5,4,40,10,4,277,1,-0.9749279121818236,-0.2225209339563146,-0.8660254037844386,0.5000000000000001,0.0,1,0.0,1,1.0,1,0.0,1,1.1428571428571428,1.4638501094227985,0.0,3.0,0.6428571428571429,0.5,0.9622504486493779,0.0,3.0,2.2857142857142856,0,145.83,0.0,0.0,False,False,False,True,False,False,False,False,False,False,False,False,False,False,False,False,False,False,False,False,True,False,False,False,False,False,False,False,False,False,False,False,False,False,True,False
UAE,Microwave Oven,2025-10-05,Home & Kitchen,0.0,145.83,,20.0,2.0,0.0,0.0,6,5,40,10,4,278,1,-0.7818314824680299,0.6234898018587334,-0.8660254037844386,0.5000000000000001,0.0,1,0.0,1,0.0,1,0.0,1,1.1428571428571428,1.4638501094227985,0.0,3.0,0.5714285714285714,0.5,0.9622504486493779,0.0,3.0,2.2857142857142856,0,145.83,0.0,0.0,False,False,False,True,False,False,False,False,False,False,False,False,False,False,False,False,False,False,False,False,True,False,False,False,False,False,False,False,False,False,False,False,False,False,True,False
UAE,Microwave Oven,2025-10-06,Home & Kitchen,0.0,145.83,,20.0,2.0,0.0,0.0,0,6,41,10,4,279,0,0.0,1.0,-0.8660254037844386,0.5000000000000001,0.0,1,2.0,1,0.0,1,0.0,1,1.1428571428571428,1.4638501094227985,0.0,3.0,0.5714285714285714,0.5,0.9622504486493779,0.0,3.0,2.2857142857142856,0,145.83,0.0,0.0,False,False,False,True,False,False,False,False,False,False,False,False,False,False,False,False,False,False,False,False,True,False,False,False,False,False,False,False,False,False,False,False,False,False,True,False
UAE,Microwave Oven,2025-10-07,Home & Kitchen,0.0,145.83,,20.0,2.0,0.0,0.0,1,7,41,10,4,280,0,0.7818314824680298,0.6234898018587336,-0.8660254037844386,0.5000000000000001,0.0,1,3.0,1,0.0,1,0.0,1,0.8571428571428571,1.4638501094227987,0.0,3.0,0.5714285714285714,0.5,0.9622504486493779,0.0,3.0,1.7142857142857142,0,145.83,0.0,0.0,False,False,False,True,False,False,False,False,False,False,False,False,False,False,False,False,False,False,False,False,True,False,False,False,False,False,False,False,False,False,False,False,False,False,True,False
UAE,Microwave Oven,2025-10-08,Home & Kitchen,0.0,145.83,,20.0,2.0,0.0,0.0,2,8,41,10,4,281,0,0.9749279121818236,-0.22252093395631434,-0.8660254037844386,0.5000000000000001,0.0,1,0.0,1,0.0,1,2.0,1,0.42857142857142855,1.1338934190276808,0.0,3.0,0.5714285714285714,0.5,0.9622504486493779,0.0,3.0,0.8571428571428571,0,145.83,0.0,0.0,False,False,False,True,False,False,False,False,False,False,False,False,False,False,False,False,False,False,False,False,True,False,False,False,False,False,False,False,False,False,False,False,False,False,True,False
UAE,Microwave Oven,2025-10-09,Home & Kitchen,0.0,145.83,,20.0,2.0,0.0,0.0,3,9,41,10,4,282,0,0.43388373911755823,-0.900968867902419,-0.8660254037844386,0.5000000000000001,0.0,1,3.0,1,0.0,1,0.0,1,0.42857142857142855,1.1338934190276808,0.0,3.0,0.5714285714285714,0.42857142857142855,0.920087412456474,0.0,3.0,1.0,0,145.83,0.0,0.0,False,False,False,True,False,False,False,False,False,False,False,False,False,False,False,False,False,False,False,False,True,False,False,False,False,False,False,False,False,False,False,False,False,False,True,False
UAE,Microwave Oven,2025-10-10,Home & Kitchen,0.0,145.83,,20.0,2.0,0.0,0.0,4,10,41,10,4,283,0,-0.433883739117558,-0.9009688679024191,-0.8660254037844386,0.5000000000000001,0.0,1,0.0,1,0.0,1,0.0,1,0.0,0.0,0.0,0.0,0.5714285714285714,0.42857142857142855,0.920087412456474,0.0,3.0,0.0,0,145.83,0.0,0.0,False,False,False,True,False,False,False,False,False,False,False,False,False,False,False,False,False,False,False,False,True,False,False,False,False,False,False,False,False,False,False,False,False,False,True,False
UAE,Microwave Oven,2025-10-11,Home & Kitchen,0.0,145.83,,20.0,2.0,0.0,0.0,5,11,41,10,4,284,1,-0.9749279121818236,-0.2225209339563146,-0.8660254037844386,0.5000000000000001,0.0,1,0.0,1,0.0,1,0.0,1,0.0,0.0,0.0,0.0,0.5714285714285714,0.42857142857142855,0.920087412456474,0.0,3.0,0.0,0,145.83,0.0,0.0,False,False,False,True,False,False,False,False,False,False,False,False,False,False,False,False,False,False,False,False,True,False,False,False,False,False,False,False,False,False,False,False,False,False,True,False
UAE,Microwave Oven,2025-10-12,Home & Kitchen,0.0,145.83,,20.0,2.0,0.0,0.0,6,12,41,10,4,285,1,-0.7818314824680299,0.6234898018587334,-0.8660254037844386,0.5000000000000001,0.0,1,0.0,1,0.0,1,0.0,1,0.0,0.0,0.0,0.0,0.5714285714285714,0.42857142857142855,0.920087412456474,0.0,3.0,0.0,0,145.83,0.0,0.0,False,False,False,True,False,False,False,False,False,False,False,False,False,False,False,False,False,False,False,False,True,False,False,False,False,False,False,False,False,False,False,False,False,False,True,False
UAE,Microwave Oven,2025-10-13,Home & Kitchen,0.0,145.83,,20.0,2.0,0.0,0.0,0,13,42,10,4,286,0,0.0,1.0,-0.8660254037844386,0.5000000000000001,0.0,1,0.0,1,2.0,1,0.0,1,0.0,0.0,0.0,0.0,0.5714285714285714,0.42857142857142855,0.920087412456474,0.0,3.0,0.0,0,145.83,0.0,0.0,False,False,False,True,False,False,False,False,False,False,False,False,False,False,False,False,False,False,False,False,True,False,False,False,False,False,False,False,False,False,False,False,False,False,True,False
UAE,Microwave Oven,2025-10-14,Home & Kitchen,0.0,145.83,,20.0,2.0,0.0,0.0,1,14,42,10,4,287,0,0.7818314824680298,0.6234898018587336,-0.8660254037844386,0.5000000000000001,0.0,1,0.0,1,3.0,1,2.0,1,0.0,0.0,0.0,0.0,0.42857142857142855,0.42857142857142855,0.920087412456474,0.0,3.0,0.0,0,145.83,0.0,0.0,False,False,False,True,False,False,False,False,False,False,False,False,False,False,False,False,False,False,False,False,True,False,False,False,False,False,False,False,False,False,False,False,False,False,True,False
UAE,Microwave Oven,2025-10-15,Home & Kitchen,0.0,145.83,,20.0,2.0,0.0,0.0,2,15,42,10,4,288,0,0.9749279121818236,-0.22252093395631434,-0.8660254037844386,0.5000000000000001,0.0,1,0.0,1,0.0,1,1.0,1,0.0,0.0,0.0,0.0,0.21428571428571427,0.35714285714285715,0.8698354767504943,0.0,3.0,0.0,0,145.83,0.0,0.0,False,False,False,True,False,False,False,False,False,False,False,False,False,False,False,False,False,False,False,False,True,False,False,False,False,False,False,False,False,False,False,False,False,False,True,False
UAE,Microwave Oven,2025-10-16,Home & Kitchen,0.0,145.83,,20.0,2.0,0.0,0.0,3,16,42,10,4,289,0,0.43388373911755823,-0.900968867902419,-0.8660254037844386,0.5000000000000001,0.0,1,0.0,1,3.0,1,0.0,1,0.0,0.0,0.0,0.0,0.21428571428571427,0.32142857142857145,0.8629652337776985,0.0,3.0,0.0,0,145.83,0.0,0.0,False,False,False,True,False,False,False,False,False,False,False,False,False,False,False,False,False,False,False,False,True,False,False,False,False,False,False,False,False,False,False,False,False,False,True,False
UAE,Microwave Oven,2025-10-17,Home & Kitchen,0.0,145.83,,20.0,2.0,0.0,0.0,4,17,42,10,4,290,0,-0.433883739117558,-0.9009688679024191,-0.8660254037844386,0.5000000000000001,0.0,1,0.0,1,0.0,1,0.0,1,0.0,0.0,0.0,0.0,0.0,0.32142857142857145,0.8629652337776985,0.0,3.0,0.0,0,145.83,0.0,0.0,False,False,False,True,False,False,False,False,False,False,False,False,False,False,False,False,False,False,False,False,True,False,False,False,False,False,False,False,False,False,False,False,False,False,True,False
UAE,Microwave Oven,2025-10-18,Home & Kitchen,0.0,145.83,,20.0,2.0,0.0,0.0,5,18,42,10,4,291,1,-0.9749279121818236,-0.2225209339563146,-0.8660254037844386,0.5000000000000001,0.0,1,0.0,1,0.0,1,1.0,1,0.0,0.0,0.0,0.0,0.0,0.32142857142857145,0.8629652337776985,0.0,3.0,0.0,0,145.83,0.0,0.0,False,False,False,True,False,False,False,False,False,False,False,False,False,False,False,False,False,False,False,False,True,False,False,False,False,False,False,False,False,False,False,False,False,False,True,False
UAE,Microwave Oven,2025-10-19,Home & Kitchen,0.0,145.83,,20.0,2.0,0.0,0.0,6,19,42,10,4,292,1,-0.7818314824680299,0.6234898018587334,-0.8660254037844386,0.5000000000000001,0.0,1,0.0,1,0.0,1,0.0,1,0.0,0.0,0.0,0.0,0.0,0.2857142857142857,0.8544932592822095,0.0,3.0,0.0,0,145.83,0.0,0.0,False,False,False,True,False,False,False,False,False,False,False,False,False,False,False,False,False,False,False,False,True,False,False,False,False,False,False,False,False,False,False,False,False,False,True,False
UAE,Microwave Oven,2025-10-20,Home & Kitchen,0.0,145.83,,20.0,2.0,0.0,0.0,0,20,43,10,4,293,0,0.0,1.0,-0.8660254037844386,0.5000000000000001,0.0,1,0.0,1,0.0,1,0.0,1,0.0,0.0,0.0,0.0,0.0,0.2857142857142857,0.8544932592822095,0.0,3.0,0.0,0,145.83,0.0,0.0,False,False,False,True,False,False,False,False,False,False,False,False,False,False,False,False,False,False,False,False,True,False,False,False,False,False,False,False,False,False,False,False,False,False,True,False
UAE,Microwave Oven,2025-10-21,Home & Kitchen,0.0,145.83,,20.0,2.0,0.0,0.0,1,21,43,10,4,294,0,0.7818314824680298,0.6234898018587336,-0.8660254037844386,0.5000000000000001,0.0,1,0.0,1,0.0,1,0.0,1,0.0,0.0,0.0,0.0,0.0,0.2857142857142857,0.8544932592822095,0.0,3.0,0.0,0,145.83,0.0,0.0,False,False,False,True,False,False,False,False,False,False,False,False,False,False,False,False,False,False,False,False,True,False,False,False,False,False,False,False,False,False,False,False,False,False,True,False
UAE,Microwave Oven,2025-10-22,Home & Kitchen,0.0,145.83,,20.0,2.0,0.0,0.0,2,22,43,10,4,295,0,0.9749279121818236,-0.22252093395631434,-0.8660254037844386,0.5000000000000001,0.0,1,0.0,1,0.0,1,0.0,1,0.0,0.0,0.0,0.0,0.0,0.2857142857142857,0.8544932592822095,0.0,3.0,0.0,0,145.83,0.0,0.0,False,False,False,True,False,False,False,False,False,False,False,False,False,False,False,False,False,False,False,False,True,False,False,False,False,False,False,False,False,False,False,False,False,False,True,False
UAE,Microwave Oven,2025-10-23,Home & Kitchen,0.0,145.83,,20.0,2.0,0.0,0.0,3,23,43,10,4,296,0,0.43388373911755823,-0.900968867902419,-0.8660254037844386,0.5000000000000001,0.0,1,0.0,1,0.0,1,0.0,1,0.0,0.0,0.0,0.0,0.0,0.2857142857142857,0.8544932592822095,0.0,3.0,0.0,0,145.83,0.0,0.0,False,False,False,True,False,False,False,False,False,False,False,False,False,False,False,False,False,False,False,False,True,False,False,False,False,False,False,False,False,False,False,False,False,False,True,False
UAE,Microwave Oven,2025-10-24,Home & Kitchen,0.0,145.83,,20.0,2.0,0.0,0.0,4,24,43,10,4,297,0,-0.433883739117558,-0.9009688679024191,-0.8660254037844386,0.5000000000000001,0.0,1,0.0,1,0.0,1,0.0,1,0.0,0.0,0.0,0.0,0.0,0.2857142857142857,0.8544932592822095,0.0,3.0,0.0,0,145.83,0.0,0.0,False,False,False,True,False,False,False,False,False,False,False,False,False,False,False,False,False,False,False,False,True,False,False,False,False,False,False,False,False,False,False,False,False,False,True,False
UAE,Microwave Oven,2025-10-25,Home & Kitchen,0.0,145.83,,20.0,2.0,0.0,0.0,5,25,43,10,4,298,1,-0.9749279121818236,-0.2225209339563146,-0.8660254037844386,0.5000000000000001,0.0,1,0.0,1,0.0,1,0.0,1,0.0,0.0,0.0,0.0,0.0,0.2857142857142857,0.8544932592822095,0.0,3.0,0.0,0,145.83,0.0,0.0,False,False,False,True,False,False,False,False,False,False,False,False,False,False,False,False,False,False,False,False,True,False,False,False,False,False,False,False,False,False,False,False,False,False,True,False
UAE,Microwave Oven,2025-10-26,Home & Kitchen,0.0,145.83,,20.0,2.0,0.0,0.0,6,26,43,10,4,299,1,-0.7818314824680299,0.6234898018587334,-0.8660254037844386,0.5000000000000001,0.0,1,0.0,1,0.0,1,0.0,1,0.0,0.0,0.0,0.0,0.0,0.2857142857142857,0.8544932592822095,0.0,3.0,0.0,0,145.83,0.0,0.0,False,False,False,True,False,False,False,False,False,False,False,False,False,False,False,False,False,False,False,False,True,False,False,False,False,False,False,False,False,False,False,False,False,False,True,False
UAE,Microwave Oven,2025-10-27,Home & Kitchen,0.0,145.83,,20.0,2.0,0.0,0.0,0,27,44,10,4,300,0,0.0,1.0,-0.8660254037844386,0.5000000000000001,0.0,1,0.0,1,0.0,1,2.0,1,0.0,0.0,0.0,0.0,0.0,0.2857142857142857,0.8544932592822095,0.0,3.0,0.0,0,145.83,0.0,0.0,False,False,False,True,False,False,False,False,False,False,False,False,False,False,False,False,False,False,False,False,True,False,False,False,False,False,False,False,False,False,False,False,False,False,True,False
UAE,Microwave Oven,2025-10-28,Home & Kitchen,0.0,145.83,,20.0,2.0,0.0,0.0,1,28,44,10,4,301,0,0.7818314824680298,0.6234898018587336,-0.8660254037844386,0.5000000000000001,0.0,1,0.0,1,0.0,1,3.0,1,0.0,0.0,0.0,0.0,0.0,0.21428571428571427,0.7867957924694452,0.0,3.0,0.0,0,145.83,0.0,0.0,False,False,False,True,False,False,False,False,False,False,False,False,False,False,False,False,False,False,False,False,True,False,False,False,False,False,False,False,False,False,False,False,False,False,True,False
UAE,Microwave Oven,2025-10-29,Home & Kitchen,0.0,145.83,,20.0,2.0,0.0,0.0,2,29,44,10,4,302,0,0.9749279121818236,-0.22252093395631434,-0.8660254037844386,0.5000000000000001,0.0,1,0.0,1,0.0,1,0.0,1,0.0,0.0,0.0,0.0,0.0,0.10714285714285714,0.5669467095138436,0.0,3.0,0.0,0,145.83,0.0,0.0,False,False,False,True,False,False,False,False,False,False,False,False,False,False,False,False,False,False,False,False,True,False,False,False,False,False,False,False,False,False,False,False,False,False,True,False
UAE,Microwave Oven,2025-10-30,Home & Kitchen,0.0,145.83,,20.0,2.0,0.0,0.0,3,30,44,10,4,303,0,0.43388373911755823,-0.900968867902419,-0.8660254037844386,0.5000000000000001,0.0,1,0.0,1,0.0,1,3.0,1,0.0,0.0,0.0,0.0,0.0,0.10714285714285714,0.5669467095138436,0.0,3.0,0.0,0,145.83,0.0,0.0,False,False,False,True,False,False,False,False,False,False,False,False,False,False,False,False,False,False,False,False,True,False,False,False,False,False,False,False,False,False,False,False,False,False,True,False
UAE,Microwave Oven,2025-10-31,Home & Kitchen,0.0,145.83,,20.0,2.0,0.0,0.0,4,31,44,10,4,304,0,-0.433883739117558,-0.9009688679024191,-0.8660254037844386,0.5000000000000001,0.0,1,0.0,1,0.0,1,0.0,1,0.0,0.0,0.0,0.0,0.0,0.0,0.0,0.0,0.0,0.0,0,145.83,0.0,0.0,False,False,False,True,False,False,False,False,False,False,False,False,False,False,False,False,False,False,False,False,True,False,False,False,False,False,False,False,False,False,False,False,False,False,True,False
UAE,Microwave Oven,2025-11-01,Home & Kitchen,3.0,249.89,0.27,20.0,2.0,1.0,0.0,5,1,44,11,4,305,1,-0.9749279121818236,-0.2225209339563146,-0.5000000000000004,0.8660254037844384,0.0,1,0.0,1,0.0,1,0.0,1,0.0,0.0,0.0,0.0,0.0,0.0,0.0,0.0,0.0,0.0,1,145.83,104.05999999999997,0.7135705958993346,False,False,False,True,False,False,False,False,False,False,False,False,False,False,False,False,False,False,False,False,True,False,False,False,False,False,False,False,False,False,False,False,False,False,True,False
UAE,Microwave Oven,2025-11-02,Home & Kitchen,0.0,249.89,,20.0,2.0,0.0,0.0,6,2,44,11,4,306,1,-0.7818314824680299,0.6234898018587334,-0.5000000000000004,0.8660254037844384,3.0,1,0.0,1,0.0,1,0.0,1,0.42857142857142855,1.1338934190276808,0.0,3.0,0.21428571428571427,0.10714285714285714,0.5669467095138436,0.0,3.0,4.0,0,249.89,0.0,0.0,False,False,False,True,False,False,False,False,False,False,False,False,False,False,False,False,False,False,False,False,True,False,False,False,False,False,False,False,False,False,False,False,False,False,True,False
UAE,Microwave Oven,2025-11-03,Home & Kitchen,0.0,249.89,,20.0,2.0,0.0,0.0,0,3,45,11,4,307,0,0.0,1.0,-0.5000000000000004,0.8660254037844384,0.0,1,0.0,1,0.0,1,0.0,1,0.42857142857142855,1.1338934190276808,0.0,3.0,0.21428571428571427,0.10714285714285714,0.5669467095138436,0.0,3.0,4.0,0,249.89,0.0,0.0,False,False,False,True,False,False,False,False,False,False,False,False,False,False,False,False,False,False,False,False,True,False,False,False,False,False,False,False,False,False,False,False,False,False,True,False
UAE,Microwave Oven,2025-11-04,Home & Kitchen,4.0,40.88,0.26,20.0,2.0,1.0,0.0,1,4,45,11,4,308,0,0.7818314824680298,0.6234898018587336,-0.5000000000000004,0.8660254037844384,0.0,1,0.0,1,0.0,1,0.0,1,0.42857142857142855,1.1338934190276808,0.0,3.0,0.21428571428571427,0.10714285714285714,0.5669467095138436,0.0,3.0,4.0,1,249.89,-209.01,-0.8364080195285926,False,False,False,True,False,False,False,False,False,False,False,False,False,False,False,False,False,False,False,False,True,False,False,False,False,False,False,False,False,False,False,False,False,False,True,False
UAE,Microwave Oven,2025-11-05,Home & Kitchen,3.0,235.15,0.23,20.0,2.0,1.0,0.0,2,5,45,11,4,309,0,0.9749279121818236,-0.22252093395631434,-0.5000000000000004,0.8660254037844384,4.0,1,0.0,1,0.0,1,0.0,1,1.0,1.7320508075688763,0.0,4.0,0.5,0.25,0.9279607271383387,0.0,4.0,4.0,1,40.88,194.27,4.75220156555773,False,False,False,True,False,False,False,False,False,False,False,False,False,False,False,False,False,False,False,False,True,False,False,False,False,False,False,False,False,False,False,False,False,False,True,False
UAE,Microwave Oven,2025-11-06,Home & Kitchen,0.0,235.15,,20.0,2.0,0.0,0.0,3,6,45,11,4,310,0,0.43388373911755823,-0.900968867902419,-0.5000000000000004,0.8660254037844384,3.0,1,0.0,1,0.0,1,0.0,1,1.4285714285714286,1.8126539343499302,0.0,4.0,0.7142857142857143,0.35714285714285715,1.0615950861718089,0.0,4.0,4.0,0,235.15,0.0,0.0,False,False,False,True,False,False,False,False,False,False,False,False,False,False,False,False,False,False,False,False,True,False,False,False,False,False,False,False,False,False,False,False,False,False,True,False
UAE,Microwave Oven,2025-11-07,Home & Kitchen,5.0,239.08,0.27,20.0,2.0,1.0,1.0,4,7,45,11,4,311,0,-0.433883739117558,-0.9009688679024191,-0.5000000000000004,0.8660254037844384,0.0,1,0.0,1,0.0,1,0.0,1,1.4285714285714286,1.8126539343499302,0.0,4.0,0.7142857142857143,0.35714285714285715,1.0615950861718089,0.0,4.0,4.0,1,235.15,3.930000000000007,0.0167127365511376,False,False,False,True,False,False,False,False,False,False,False,False,False,False,False,False,False,False,False,False,True,False,False,False,False,False,False,False,False,False,False,False,False,False,True,False
UAE,Microwave Oven,2025-11-08,Home & Kitchen,0.0,239.08,,20.0,2.0,0.0,0.0,5,8,45,11,4,312,1,-0.9749279121818236,-0.2225209339563146,-0.5000000000000004,0.8660254037844384,5.0,1,3.0,1,0.0,1,0.0,1,2.142857142857143,2.115700942049814,0.0,5.0,1.0714285714285714,0.5357142857142857,1.373887236117339,0.0,5.0,4.0,0,239.08,0.0,0.0,False,False,False,True,False,False,False,False,False,False,False,False,False,False,False,False,False,False,False,False,True,False,False,False,False,False,False,False,False,False,False,False,False,False,True,False
UAE,Microwave Oven,2025-11-09,Home & Kitchen,0.0,239.08,,20.0,2.0,0.0,0.0,6,9,45,11,4,313,1,-0.7818314824680299,0.6234898018587334,-0.5000000000000004,0.8660254037844384,0.0,1,0.0,1,0.0,1,0.0,1,1.7142857142857142,2.214669705568282,0.0,5.0,1.0714285714285714,0.5357142857142857,1.373887236117339,0.0,5.0,3.1999999999999997,0,239.08,0.0,0.0,False,False,False,True,False,False,False,False,False,False,False,False,False,False,False,False,False,False,False,False,True,False,False,False,False,False,False,False,False,False,False,False,False,False,True,False
UAE,Microwave Oven,2025-11-10,Home & Kitchen,0.0,239.08,,20.0,2.0,0.0,0.0,0,10,46,11,4,314,0,0.0,1.0,-0.5000000000000004,0.8660254037844384,0.0,1,0.0,1,0.0,1,0.0,1,1.7142857142857142,2.214669705568282,0.0,5.0,1.0714285714285714,0.5357142857142857,1.373887236117339,0.0,5.0,3.1999999999999997,0,239.08,0.0,0.0,False,False,False,True,False,False,False,False,False,False,False,False,False,False,False,False,False,False,False,False,True,False,False,False,False,False,False,False,False,False,False,False,False,False,True,False
UAE,Microwave Oven,2025-11-11,Home & Kitchen,0.0,239.08,,20.0,2.0,0.0,0.0,1,11,46,11,4,315,0,0.7818314824680298,0.6234898018587336,-0.5000000000000004,0.8660254037844384,0.0,1,4.0,1,0.0,1,0.0,1,1.7142857142857142,2.214669705568282,0.0,5.0,1.0714285714285714,0.5357142857142857,1.373887236117339,0.0,5.0,3.1999999999999997,0,239.08,0.0,0.0,False,False,False,True,False,False,False,False,False,False,False,False,False,False,False,False,False,False,False,False,True,False,False,False,False,False,False,False,False,False,False,False,False,False,True,False
UAE,Microwave Oven,2025-11-12,Home & Kitchen,0.0,239.08,,20.0,2.0,0.0,0.0,2,12,46,11,4,316,0,0.9749279121818236,-0.22252093395631434,-0.5000000000000004,0.8660254037844384,0.0,1,3.0,1,0.0,1,0.0,1,1.1428571428571428,2.0354009783964284,0.0,5.0,1.0714285714285714,0.5357142857142857,1.373887236117339,0.0,5.0,2.1333333333333333,0,239.08,0.0,0.0,False,False,False,True,False,False,False,False,False,False,False,False,False,False,False,False,False,False,False,False,True,False,False,False,False,False,False,False,False,False,False,False,False,False,True,False
UAE,Microwave Oven,2025-11-13,Home & Kitchen,0.0,239.08,,20.0,2.0,0.0,0.0,3,13,46,11,4,317,0,0.43388373911755823,-0.900968867902419,-0.5000000000000004,0.8660254037844384,0.0,1,0.0,1,0.0,1,0.0,1,0.7142857142857143,1.8898223650461354,0.0,5.0,1.0714285714285714,0.5357142857142857,1.373887236117339,0.0,5.0,1.3333333333333335,0,239.08,0.0,0.0,False,False,False,True,False,False,False,False,False,False,False,False,False,False,False,False,False,False,False,False,True,False,False,False,False,False,False,False,False,False,False,False,False,False,True,False
UAE,Microwave Oven,2025-11-14,Home & Kitchen,4.0,55.02,0.24,20.0,2.0,1.0,0.0,4,14,46,11,4,318,0,-0.433883739117558,-0.9009688679024191,-0.5000000000000004,0.8660254037844384,0.0,1,5.0,1,0.0,1,0.0,1,0.7142857142857143,1.8898223650461354,0.0,5.0,1.0714285714285714,0.5357142857142857,1.373887236117339,0.0,5.0,1.3333333333333335,1,239.08,-184.06,-0.7698678266688974,False,False,False,True,False,False,False,False,False,False,False,False,False,False,False,False,False,False,False,False,True,False,False,False,False,False,False,False,False,False,False,False,False,False,True,False
UAE,Microwave Oven,2025-11-15,Home & Kitchen,0.0,55.02,,20.0,2.0,0.0,0.0,5,15,46,11,4,319,1,-0.9749279121818236,-0.2225209339563146,-0.5000000000000004,0.8660254037844384,4.0,1,0.0,1,3.0,1,0.0,1,0.5714285714285714,1.5118578920369081,0.0,4.0,1.3571428571428572,0.6785714285714286,1.5166623059417523,0.0,5.0,0.8421052631578947,0,55.02,0.0,0.0,False,False,False,True,False,False,False,False,False,False,False,False,False,False,False,False,False,False,False,False,True,False,False,False,False,False,False,False,False,False,False,False,False,False,True,False
UAE,Microwave Oven,2025-11-16,Home & Kitchen,2.0,189.26,0.22,20.0,2.0,1.0,0.0,6,16,46,11,4,320,1,-0.7818314824680299,0.6234898018587334,-0.5000000000000004,0.8660254037844384,0.0,1,0.0,1,0.0,1,0.0,1,0.5714285714285714,1.5118578920369081,0.0,4.0,1.1428571428571428,0.6785714285714286,1.5166623059417523,0.0,5.0,0.8421052631578947,1,55.02,134.23999999999998,2.4398400581606685,False,False,False,True,False,False,False,False,False,False,False,False,False,False,False,False,False,False,False,False,True,False,False,False,False,False,False,False,False,False,False,False,False,False,True,False
UAE,Microwave Oven,2025-11-17,Home & Kitchen,3.0,47.99,0.23,20.0,2.0,1.0,0.0,0,17,47,11,4,321,0,0.0,1.0,-0.5000000000000004,0.8660254037844384,2.0,1,0.0,1,0.0,1,0.0,1,0.8571428571428571,1.5735915849388853,0.0,4.0,1.2857142857142858,0.75,1.530553034883991,0.0,5.0,1.1428571428571428,1,189.26,-141.26999999999998,-0.7464334777554686,False,False,False,True,False,False,False,False,False,False,False,False,False,False,False,False,False,False,False,False,True,False,False,False,False,False,False,False,False,False,False,False,False,False,True,False
UAE,Microwave Oven,2025-11-18,Home & Kitchen,3.0,163.12,0.23,20.0,2.0,1.0,0.0,1,18,47,11,4,322,0,0.7818314824680298,0.6234898018587336,-0.5000000000000004,0.8660254037844384,3.0,1,0.0,1,4.0,1,0.0,1,1.2857142857142858,1.7043362064926921,0.0,4.0,1.5,0.8571428571428571,1.5803020272576065,0.0,5.0,1.5000000000000002,1,47.99,115.13,2.3990414669722857,False,False,False,True,False,False,False,False,False,False,False,False,False,False,False,False,False,False,False,False,True,False,False,False,False,False,False,False,False,False,False,False,False,False,True,False
UAE,Microwave Oven,2025-11-19,Home & Kitchen,5.0,284.17,0.15,20.0,2.0,1.0,1.0,2,19,47,11,4,323,0,0.9749279121818236,-0.22252093395631434,-0.5000000000000004,0.8660254037844384,3.0,1,0.0,1,3.0,1,0.0,1,1.7142857142857142,1.7043362064926917,0.0,4.0,1.4285714285714286,0.9642857142857143,1.621205378200702,0.0,5.0,1.7777777777777777,1,163.12,121.05000000000001,0.7420917116233449,False,False,False,True,False,False,False,False,False,False,False,False,False,False,False,False,False,False,False,False,True,False,False,False,False,False,False,False,False,False,False,False,False,False,True,False
UAE,Microwave Oven,2025-11-20,Home & Kitchen,0.0,284.17,,20.0,2.0,0.0,0.0,3,20,47,11,4,324,0,0.43388373911755823,-0.900968867902419,-0.5000000000000004,0.8660254037844384,5.0,1,0.0,1,0.0,1,0.0,1,2.4285714285714284,1.9023794624226817,0.0,5.0,1.5714285714285714,1.1428571428571428,1.778769564620771,0.0,5.0,2.125,0,284.17,0.0,0.0,False,False,False,True,False,False,False,False,False,False,False,False,False,False,False,False,False,False,False,False,True,False,False,False,False,False,False,False,False,False,False,False,False,False,True,False
UAE,Microwave Oven,2025-11-21,Home & Kitchen,0.0,284.17,,20.0,2.0,0.0,0.0,4,21,47,11,4,325,0,-0.433883739117558,-0.9009688679024191,-0.5000000000000004,0.8660254037844384,0.0,1,4.0,1,5.0,1,0.0,1,2.4285714285714284,1.9023794624226817,0.0,5.0,1.5714285714285714,1.1428571428571428,1.778769564620771,0.0,5.0,2.125,0,284.17,0.0,0.0,False,False,False,True,False,False,False,False,False,False,False,False,False,False,False,False,False,False,False,False,True,False,False,False,False,False,False,False,False,False,False,False,False,False,True,False
UAE,Microwave Oven,2025-11-22,Home & Kitchen,0.0,284.17,,20.0,2.0,0.0,0.0,5,22,47,11,4,326,1,-0.9749279121818236,-0.2225209339563146,-0.5000000000000004,0.8660254037844384,0.0,1,0.0,1,0.0,1,0.0,1,1.8571428571428572,1.9518001458970649,0.0,5.0,1.2142857142857142,1.1428571428571428,1.778769564620771,0.0,5.0,1.6250000000000002,0,284.17,0.0,0.0,False,False,False,True,False,False,False,False,False,False,False,False,False,False,False,False,False,False,False,False,True,False,False,False,False,False,False,False,False,False,False,False,False,False,True,False
UAE,Microwave Oven,2025-11-23,Home & Kitchen,3.0,70.77,0.28,20.0,2.0,1.0,0.0,6,23,47,11,4,327,1,-0.7818314824680299,0.6234898018587334,-0.5000000000000004,0.8660254037844384,0.0,1,2.0,1,0.0,1,0.0,1,1.8571428571428572,1.9518001458970649,0.0,5.0,1.2142857142857142,1.1428571428571428,1.778769564620771,0.0,5.0,1.6250000000000002,1,284.17,-213.40000000000003,-0.7509589330330437,False,False,False,True,False,False,False,False,False,False,False,False,False,False,False,False,False,False,False,False,True,False,False,False,False,False,False,False,False,False,False,False,False,False,True,False
UAE,Microwave Oven,2025-11-24,Home & Kitchen,0.0,70.77,,20.0,2.0,0.0,0.0,0,24,48,11,4,328,0,0.0,1.0,-0.5000000000000004,0.8660254037844384,3.0,1,3.0,1,0.0,1,0.0,1,2.0,1.9999999999999984,0.0,5.0,1.4285714285714286,1.25,1.7976321874848271,0.0,5.0,1.6,0,70.77,0.0,0.0,False,False,False,True,False,False,False,False,False,False,False,False,False,False,False,False,False,False,False,False,True,False,False,False,False,False,False,False,False,False,False,False,False,False,True,False
UAE,Microwave Oven,2025-11-25,Home & Kitchen,0.0,70.77,,20.0,2.0,0.0,0.0,1,25,48,11,4,329,0,0.7818314824680298,0.6234898018587336,-0.5000000000000004,0.8660254037844384,0.0,1,3.0,1,0.0,1,0.0,1,1.5714285714285714,2.0701966780270613,0.0,5.0,1.4285714285714286,1.25,1.7976321874848271,0.0,5.0,1.2571428571428571,0,70.77,0.0,0.0,False,False,False,True,False,False,False,False,False,False,False,False,False,False,False,False,False,False,False,False,True,False,False,False,False,False,False,False,False,False,False,False,False,False,True,False
