store_id,product_id,date,category,sales,price,Discount_Applied,safety_stock,lead_time_days,promotion,is_outlier,day_of_week,day_of_month,week_of_year,month,quarter,day_of_year,is_weekend,sin_day_of_week,cos_day_of_week,sin_month,cos_month,lag_1,has_lag_1,lag_7,has_lag_7,lag_14,has_lag_14,lag_28,has_lag_28,rolling_mean_7,rolling_std_7,rolling_min_7,rolling_max_7,rolling_mean_14,rolling_mean_28,rolling_std_28,rolling_min_28,rolling_max_28,trend_ratio,is_promotion,previous_price,price_change,price_change_pct,store_id_Germany,store_id_India,store_id_Pakistan,store_id_UAE,store_id_UK,store_id_USA,product_id_4K Smart TV,product_id_Air Fryer,product_id_Blender,product_id_Coffee Maker,product_id_Cotton T-Shirt,product_id_Cycling Helmet,product_id_Denim Jeans,product_id_Dumbbell Set,product_id_Face Wash,product_id_Football,product_id_Formal Shirt,product_id_Gaming Laptop,product_id_Hair Serum,product_id_Lipstick Set,product_id_Microwave Oven,product_id_Moisturizing Cream,product_id_Perfume,product_id_Running Shoes,product_id_Smartphone 128GB,product_id_Smartwatch,product_id_Tennis Racket,product_id_Vacuum Cleaner,product_id_Winter Jacket,product_id_Wireless Noise-Canceling Headphones,product_id_Yoga Mat,category_Apparel,category_Beauty,category_Electronics,category_Home & Kitchen,category_Sports
UAE,Coffee Maker,2025-05-23,Home & Kitchen,0.0,291.88,,20.0,2.0,0.0,0.0,4,23,21,5,2,143,0,-0.433883739117558,-0.9009688679024191,0.49999999999999994,-0.8660254037844387,0.0,1,0.0,1,0.0,1,1.0,1,0.0,0.0,0.0,0.0,0.0,0.10714285714285714,0.4162696521251841,0.0,2.0,0.0,0,291.88,0.0,0.0,False,False,False,True,False,False,False,False,False,True,False,False,False,False,False,False,False,False,False,False,False,False,False,False,False,False,False,False,False,False,False,False,False,False,True,False
UAE,Coffee Maker,2025-05-24,Home & Kitchen,0.0,291.88,,20.0,2.0,0.0,0.0,5,24,21,5,2,144,1,-0.9749279121818236,-0.2225209339563146,0.49999999999999994,-0.8660254037844387,0.0,1,0.0,1,0.0,1,0.0,1,0.0,0.0,0.0,0.0,0.0,0.07142857142857142,0.37796447300922525,0.0,2.0,0.0,0,291.88,0.0,0.0,False,False,False,True,False,False,False,False,False,True,False,False,False,False,False,False,False,False,False,False,False,False,False,False,False,False,False,False,False,False,False,False,False,False,True,False
UAE,Coffee Maker,2025-05-25,Home & Kitchen,0.0,291.88,,20.0,2.0,0.0,0.0,6,25,21,5,2,145,1,-0.7818314824680299,0.6234898018587334,0.49999999999999994,-0.8660254037844387,0.0,1,0.0,1,0.0,1,0.0,1,0.0,0.0,0.0,0.0,0.0,0.07142857142857142,0.37796447300922525,0.0,2.0,0.0,0,291.88,0.0,0.0,False,False,False,True,False,False,False,False,False,True,False,False,False,False,False,False,False,False,False,False,False,False,False,False,False,False,False,False,False,False,False,False,False,False,True,False
UAE,Coffee Maker,2025-05-26,Home & Kitchen,0.0,291.88,,20.0,2.0,0.0,0.0,0,26,22,5,2,146,0,0.0,1.0,0.49999999999999994,-0.8660254037844387,0.0,1,0.0,1,0.0,1,0.0,1,0.0,0.0,0.0,0.0,0.0,0.07142857142857142,0.37796447300922525,0.0,2.0,0.0,0,291.88,0.0,0.0,False,False,False,True,False,False,False,False,False,True,False,False,False,False,False,False,False,False,False,False,False,False,False,False,False,False,False,False,False,False,False,False,False,False,True,False
UAE,Coffee Maker,2025-05-27,Home & Kitchen,0.0,291.88,,20.0,2.0,0.0,0.0,1,27,22,5,2,147,0,0.7818314824680298,0.6234898018587336,0.49999999999999994,-0.8660254037844387,0.0,1,0.0,1,0.0,1,0.0,1,0.0,0.0,0.0,0.0,0.0,0.07142857142857142,0.37796447300922525,0.0,2.0,0.0,0,291.88,0.0,0.0,False,False,False,True,False,False,False,False,False,True,False,False,False,False,False,False,False,False,False,False,False,False,False,False,False,False,False,False,False,False,False,False,False,False,True,False
UAE,Coffee Maker,2025-05-28,Home & Kitchen,0.0,291.88,,20.0,2.0,0.0,0.0,2,28,22,5,2,148,0,0.9749279121818236,-0.22252093395631434,0.49999999999999994,-0.8660254037844387,0.0,1,0.0,1,0.0,1,0.0,1,0.0,0.0,0.0,0.0,0.0,0.07142857142857142,0.37796447300922525,0.0,2.0,0.0,0,291.88,0.0,0.0,False,False,False,True,False,False,False,False,False,True,False,False,False,False,False,False,False,False,False,False,False,False,False,False,False,False,False,False,False,False,False,False,False,False,True,False
UAE,Coffee Maker,2025-05-29,Home & Kitchen,1.0,241.15,0.09,20.0,2.0,1.0,0.0,3,29,22,5,2,149,0,0.43388373911755823,-0.900968867902419,0.49999999999999994,-0.8660254037844387,0.0,1,0.0,1,0.0,1,0.0,1,0.0,0.0,0.0,0.0,0.0,0.07142857142857142,0.37796447300922525,0.0,2.0,0.0,1,291.88,-50.72999999999999,-0.17380430313827597,False,False,False,True,False,False,False,False,False,True,False,False,False,False,False,False,False,False,False,False,False,False,False,False,False,False,False,False,False,False,False,False,False,False,True,False
UAE,Coffee Maker,2025-05-30,Home & Kitchen,0.0,241.15,,20.0,2.0,0.0,0.0,4,30,22,5,2,150,0,-0.433883739117558,-0.9009688679024191,0.49999999999999994,-0.8660254037844387,1.0,1,0.0,1,0.0,1,0.0,1,0.14285714285714285,0.37796447300922525,0.0,1.0,0.07142857142857142,0.10714285714285714,0.4162696521251841,0.0,2.0,1.3333333333333333,0,241.15,0.0,0.0,False,False,False,True,False,False,False,False,False,True,False,False,False,False,False,False,False,False,False,False,False,False,False,False,False,False,False,False,False,False,False,False,False,False,True,False
UAE,Coffee Maker,2025-05-31,Home & Kitchen,0.0,241.15,,20.0,2.0,0.0,0.0,5,31,22,5,2,151,1,-0.9749279121818236,-0.2225209339563146,0.49999999999999994,-0.8660254037844387,0.0,1,0.0,1,0.0,1,0.0,1,0.14285714285714285,0.37796447300922525,0.0,1.0,0.07142857142857142,0.10714285714285714,0.4162696521251841,0.0,2.0,1.3333333333333333,0,241.15,0.0,0.0,False,False,False,True,False,False,False,False,False,True,False,False,False,False,False,False,False,False,False,False,False,False,False,False,False,False,False,False,False,False,False,False,False,False,True,False
UAE,Coffee Maker,2025-06-01,Home & Kitchen,0.0,241.15,,20.0,2.0,0.0,0.0,6,1,22,6,2,152,1,-0.7818314824680299,0.6234898018587334,1.2246467991473532e-16,-1.0,0.0,1,0.0,1,0.0,1,0.0,1,0.14285714285714285,0.37796447300922525,0.0,1.0,0.07142857142857142,0.10714285714285714,0.4162696521251841,0.0,2.0,1.3333333333333333,0,241.15,0.0,0.0,False,False,False,True,False,False,False,False,False,True,False,False,False,False,False,False,False,False,False,False,False,False,False,False,False,False,False,False,False,False,False,False,False,False,True,False
UAE,Coffee Maker,2025-06-02,Home & Kitchen,0.0,241.15,,20.0,2.0,0.0,0.0,0,2,23,6,2,153,0,0.0,1.0,1.2246467991473532e-16,-1.0,0.0,1,0.0,1,0.0,1,0.0,1,0.14285714285714285,0.37796447300922525,0.0,1.0,0.07142857142857142,0.10714285714285714,0.4162696521251841,0.0,2.0,1.3333333333333333,0,241.15,0.0,0.0,False,False,False,True,False,False,False,False,False,True,False,False,False,False,False,False,False,False,False,False,False,False,False,False,False,False,False,False,False,False,False,False,False,False,True,False
UAE,Coffee Maker,2025-06-03,Home & Kitchen,1.0,67.74,0.07,20.0,2.0,1.0,0.0,1,3,23,6,2,154,0,0.7818314824680298,0.6234898018587336,1.2246467991473532e-16,-1.0,0.0,1,0.0,1,0.0,1,2.0,1,0.14285714285714285,0.37796447300922525,0.0,1.0,0.07142857142857142,0.10714285714285714,0.4162696521251841,0.0,2.0,1.3333333333333333,1,241.15,-173.41000000000003,-0.7190959983412815,False,False,False,True,False,False,False,False,False,True,False,False,False,False,False,False,False,False,False,False,False,False,False,False,False,False,False,False,False,False,False,False,False,False,True,False
UAE,Coffee Maker,2025-06-04,Home & Kitchen,0.0,67.74,,20.0,2.0,0.0,0.0,2,4,23,6,2,155,0,0.9749279121818236,-0.22252093395631434,1.2246467991473532e-16,-1.0,1.0,1,0.0,1,0.0,1,0.0,1,0.2857142857142857,0.48795003647426494,0.0,1.0,0.14285714285714285,0.07142857142857142,0.2622652641564782,0.0,1.0,4.0,0,67.74,0.0,0.0,False,False,False,True,False,False,False,False,False,True,False,False,False,False,False,False,False,False,False,False,False,False,False,False,False,False,False,False,False,False,False,False,False,False,True,False
UAE,Coffee Maker,2025-06-05,Home & Kitchen,2.0,135.96,0.05,20.0,2.0,1.0,0.0,3,5,23,6,2,156,0,0.43388373911755823,-0.900968867902419,1.2246467991473532e-16,-1.0,0.0,1,1.0,1,0.0,1,0.0,1,0.2857142857142857,0.48795003647426494,0.0,1.0,0.14285714285714285,0.07142857142857142,0.2622652641564782,0.0,1.0,4.0,1,67.74,68.22000000000001,1.0070859167404786,False,False,False,True,False,False,False,False,False,True,False,False,False,False,False,False,False,False,False,False,False,False,False,False,False,False,False,False,False,False,False,False,False,False,True,False
UAE,Coffee Maker,2025-06-06,Home & Kitchen,0.0,135.96,,20.0,2.0,0.0,0.0,4,6,23,6,2,157,0,-0.433883739117558,-0.9009688679024191,1.2246467991473532e-16,-1.0,2.0,1,0.0,1,0.0,1,0.0,1,0.42857142857142855,0.7867957924694421,0.0,2.0,0.2857142857142857,0.14285714285714285,0.44839513942303116,0.0,2.0,3.0,0,135.96,0.0,0.0,False,False,False,True,False,False,False,False,False,True,False,False,False,False,False,False,False,False,False,False,False,False,False,False,False,False,False,False,False,False,False,False,False,False,True,False
UAE,Coffee Maker,2025-06-07,Home & Kitchen,0.0,135.96,,20.0,2.0,0.0,0.0,5,7,23,6,2,158,1,-0.9749279121818236,-0.2225209339563146,1.2246467991473532e-16,-1.0,0.0,1,0.0,1,0.0,1,0.0,1,0.42857142857142855,0.7867957924694421,0.0,2.0,0.2857142857142857,0.14285714285714285,0.44839513942303116,0.0,2.0,3.0,0,135.96,0.0,0.0,False,False,False,True,False,False,False,False,False,True,False,False,False,False,False,False,False,False,False,False,False,False,False,False,False,False,False,False,False,False,False,False,False,False,True,False
UAE,Coffee Maker,2025-06-08,Home & Kitchen,0.0,135.96,,20.0,2.0,0.0,0.0,6,8,23,6,2,159,1,-0.7818314824680299,0.6234898018587334,1.2246467991473532e-16,-1.0,0.0,1,0.0,1,0.0,1,0.0,1,0.42857142857142855,0.7867957924694421,0.0,2.0,0.2857142857142857,0.14285714285714285,0.44839513942303116,0.0,2.0,3.0,0,135.96,0.0,0.0,False,False,False,True,False,False,False,False,False,True,False,False,False,False,False,False,False,False,False,False,False,False,False,False,False,False,False,False,False,False,False,False,False,False,True,False
UAE,Coffee Maker,2025-06-09,Home & Kitchen,0.0,135.96,,20.0,2.0,0.0,0.0,0,9,24,6,2,160,0,0.0,1.0,1.2246467991473532e-16,-1.0,0.0,1,0.0,1,0.0,1,0.0,1,0.42857142857142855,0.7867957924694421,0.0,2.0,0.2857142857142857,0.14285714285714285,0.44839513942303116,0.0,2.0,3.0,0,135.96,0.0,0.0,False,False,False,True,False,False,False,False,False,True,False,False,False,False,False,False,False,False,False,False,False,False,False,False,False,False,False,False,False,False,False,False,False,False,True,False
UAE,Coffee Maker,2025-06-10,Home & Kitchen,0.0,135.96,,20.0,2.0,0.0,0.0,1,10,24,6,2,161,0,0.7818314824680298,0.6234898018587336,1.2246467991473532e-16,-1.0,0.0,1,1.0,1,0.0,1,0.0,1,0.42857142857142855,0.7867957924694421,0.0,2.0,0.2857142857142857,0.14285714285714285,0.44839513942303116,0.0,2.0,3.0,0,135.96,0.0,0.0,False,False,False,True,False,False,False,False,False,True,False,False,False,False,False,False,False,False,False,False,False,False,False,False,False,False,False,False,False,False,False,False,False,False,True,False
UAE,Coffee Maker,2025-06-11,Home & Kitchen,0.0,135.96,,20.0,2.0,0.0,0.0,2,11,24,6,2,162,0,0.9749279121818236,-0.22252093395631434,1.2246467991473532e-16,-1.0,0.0,1,0.0,1,0.0,1,0.0,1,0.2857142857142857,0.7559289460184534,0.0,2.0,0.2857142857142857,0.14285714285714285,0.44839513942303116,0.0,2.0,2.0,0,135.96,0.0,0.0,False,False,False,True,False,False,False,False,False,True,False,False,False,False,False,False,False,False,False,False,False,False,False,False,False,False,False,False,False,False,False,False,False,False,True,False
UAE,Coffee Maker,2025-06-12,Home & Kitchen,0.0,135.96,,20.0,2.0,0.0,0.0,3,12,24,6,2,163,0,0.43388373911755823,-0.900968867902419,1.2246467991473532e-16,-1.0,0.0,1,2.0,1,1.0,1,0.0,1,0.2857142857142857,0.7559289460184534,0.0,2.0,0.2857142857142857,0.14285714285714285,0.44839513942303116,0.0,2.0,2.0,0,135.96,0.0,0.0,False,False,False,True,False,False,False,False,False,True,False,False,False,False,False,False,False,False,False,False,False,False,False,False,False,False,False,False,False,False,False,False,False,False,True,False
UAE,Coffee Maker,2025-06-13,Home & Kitchen,0.0,135.96,,20.0,2.0,0.0,0.0,4,13,24,6,2,164,0,-0.433883739117558,-0.9009688679024191,1.2246467991473532e-16,-1.0,0.0,1,0.0,1,0.0,1,0.0,1,0.0,0.0,0.0,0.0,0.21428571428571427,0.14285714285714285,0.44839513942303116,0.0,2.0,0.0,0,135.96,0.0,0.0,False,False,False,True,False,False,False,False,False,True,False,False,False,False,False,False,False,False,False,False,False,False,False,False,False,False,False,False,False,False,False,False,False,False,True,False
UAE,Coffee Maker,2025-06-14,Home & Kitchen,0.0,135.96,,20.0,2.0,0.0,0.0,5,14,24,6,2,165,1,-0.9749279121818236,-0.2225209339563146,1.2246467991473532e-16,-1.0,0.0,1,0.0,1,0.0,1,0.0,1,0.0,0.0,0.0,0.0,0.21428571428571427,0.14285714285714285,0.44839513942303116,0.0,2.0,0.0,0,135.96,0.0,0.0,False,False,False,True,False,False,False,False,False,True,False,False,False,False,False,False,False,False,False,False,False,False,False,False,False,False,False,False,False,False,False,False,False,False,True,False
UAE,Coffee Maker,2025-06-15,Home & Kitchen,0.0,135.96,,20.0,2.0,0.0,0.0,6,15,24,6,2,166,1,-0.7818314824680299,0.6234898018587334,1.2246467991473532e-16,-1.0,0.0,1,0.0,1,0.0,1,0.0,1,0.0,0.0,0.0,0.0,0.21428571428571427,0.14285714285714285,0.44839513942303116,0.0,2.0,0.0,0,135.96,0.0,0.0,False,False,False,True,False,False,False,False,False,True,False,False,False,False,False,False,False,False,False,False,False,False,False,False,False,False,False,False,False,False,False,False,False,False,True,False
UAE,Coffee Maker,2025-06-16,Home & Kitchen,0.0,135.96,,20.0,2.0,0.0,0.0,0,16,25,6,2,167,0,0.0,1.0,1.2246467991473532e-16,-1.0,0.0,1,0.0,1,0.0,1,0.0,1,0.0,0.0,0.0,0.0,0.21428571428571427,0.14285714285714285,0.44839513942303116,0.0,2.0,0.0,0,135.96,0.0,0.0,False,False,False,True,False,False,False,False,False,True,False,False,False,False,False,False,False,False,False,False,False,False,False,False,False,False,False,False,False,False,False,False,False,False,True,False
UAE,Coffee Maker,2025-06-17,Home & Kitchen,6.0,137.925,0.05,20.0,2.0,1.0,1.0,1,17,25,6,2,168,0,0.7818314824680298,0.6234898018587336,1.2246467991473532e-16,-1.0,0.0,1,0.0,1,1.0,1,0.0,1,0.0,0.0,0.0,0.0,0.21428571428571427,0.14285714285714285,0.44839513942303116,0.0,2.0,0.0,1,135.96,1.9650000000000034,0.014452780229479283,False,False,False,True,False,False,False,False,False,True,False,False,False,False,False,False,False,False,False,False,False,False,False,False,False,False,False,False,False,False,False,False,False,False,True,False
UAE,Coffee Maker,2025-06-18,Home & Kitchen,0.0,137.925,,20.0,2.0,0.0,0.0,2,18,25,6,2,169,0,0.9749279121818236,-0.22252093395631434,1.2246467991473532e-16,-1.0,6.0,1,0.0,1,0.0,1,0.0,1,0.8571428571428571,2.267786838055363,0.0,6.0,0.5714285714285714,0.35714285714285715,1.1930131697849868,0.0,6.0,2.4,0,137.925,0.0,0.0,False,False,False,True,False,False,False,False,False,True,False,False,False,False,False,False,False,False,False,False,False,False,False,False,False,False,False,False,False,False,False,False,False,False,True,False
UAE,Coffee Maker,2025-06-19,Home & Kitchen,0.0,137.925,,20.0,2.0,0.0,0.0,3,19,25,6,2,170,0,0.43388373911755823,-0.900968867902419,1.2246467991473532e-16,-1.0,0.0,1,0.0,1,2.0,1,0.0,1,0.8571428571428571,2.267786838055363,0.0,6.0,0.5714285714285714,0.35714285714285715,1.1930131697849868,0.0,6.0,2.4,0,137.925,0.0,0.0,False,False,False,True,False,False,False,False,False,True,False,False,False,False,False,False,False,False,False,False,False,False,False,False,False,False,False,False,False,False,False,False,False,False,True,False
UAE,Coffee Maker,2025-06-20,Home & Kitchen,0.0,137.925,,20.0,2.0,0.0,0.0,4,20,25,6,2,171,0,-0.433883739117558,-0.9009688679024191,1.2246467991473532e-16,-1.0,0.0,1,0.0,1,0.0,1,0.0,1,0.8571428571428571,2.267786838055363,0.0,6.0,0.42857142857142855,0.35714285714285715,1.1930131697849868,0.0,6.0,2.4,0,137.925,0.0,0.0,False,False,False,True,False,False,False,False,False,True,False,False,False,False,False,False,False,False,False,False,False,False,False,False,False,False,False,False,False,False,False,False,False,False,True,False
UAE,Coffee Maker,2025-06-21,Home & Kitchen,0.0,137.925,,20.0,2.0,0.0,0.0,5,21,25,6,2,172,1,-0.9749279121818236,-0.2225209339563146,1.2246467991473532e-16,-1.0,0.0,1,0.0,1,0.0,1,0.0,1,0.8571428571428571,2.267786838055363,0.0,6.0,0.42857142857142855,0.35714285714285715,1.1930131697849868,0.0,6.0,2.4,0,137.925,0.0,0.0,False,False,False,True,False,False,False,False,False,True,False,False,False,False,False,False,False,False,False,False,False,False,False,False,False,False,False,False,False,False,False,False,False,False,True,False
UAE,Coffee Maker,2025-06-22,Home & Kitchen,3.0,83.61,0.1,20.0,2.0,1.0,0.0,6,22,25,6,2,173,1,-0.7818314824680299,0.6234898018587334,1.2246467991473532e-16,-1.0,0.0,1,0.0,1,0.0,1,0.0,1,0.8571428571428571,2.267786838055363,0.0,6.0,0.42857142857142855,0.35714285714285715,1.1930131697849868,0.0,6.0,2.4,1,137.925,-54.31500000000001,-0.3938009787928222,False,False,False,True,False,False,False,False,False,True,False,False,False,False,False,False,False,False,False,False,False,False,False,False,False,False,False,False,False,False,False,False,False,False,True,False
UAE,Coffee Maker,2025-06-23,Home & Kitchen,2.0,239.01,0.11,20.0,2.0,1.0,0.0,0,23,26,6,2,174,0,0.0,1.0,1.2246467991473532e-16,-1.0,3.0,1,0.0,1,0.0,1,0.0,1,1.2857142857142858,2.360387377408329,0.0,6.0,0.6428571428571429,0.4642857142857143,1.2904820476643268,0.0,6.0,2.769230769230769,1,83.61,155.39999999999998,1.8586293505561533,False,False,False,True,False,False,False,False,False,True,False,False,False,False,False,False,False,False,False,False,False,False,False,False,False,False,False,False,False,False,False,False,False,False,True,False
UAE,Coffee Maker,2025-06-24,Home & Kitchen,3.0,194.57,0.12,20.0,2.0,1.0,0.0,1,24,26,6,2,175,0,0.7818314824680298,0.6234898018587336,1.2246467991473532e-16,-1.0,2.0,1,6.0,1,0.0,1,0.0,1,1.5714285714285714,2.2990681342044397,0.0,6.0,0.7857142857142857,0.5357142857142857,1.318869966834482,0.0,6.0,2.9333333333333336,1,239.01,-44.44,-0.18593364294380987,False,False,False,True,False,False,False,False,False,True,False,False,False,False,False,False,False,False,False,False,False,False,False,False,False,False,False,False,False,False,False,False,False,False,True,False
UAE,Coffee Maker,2025-06-25,Home & Kitchen,0.0,194.57,,20.0,2.0,0.0,0.0,2,25,26,6,2,176,0,0.9749279121818236,-0.22252093395631434,1.2246467991473532e-16,-1.0,3.0,1,0.0,1,0.0,1,0.0,1,1.1428571428571428,1.4638501094227991,0.0,3.0,1.0,0.6428571428571429,1.393484460551656,0.0,6.0,1.7777777777777775,0,194.57,0.0,0.0,False,False,False,True,False,False,False,False,False,True,False,False,False,False,False,False,False,False,False,False,False,False,False,False,False,False,False,False,False,False,False,False,False,False,True,False
UAE,Coffee Maker,2025-06-26,Home & Kitchen,1.0,71.79,0.15,20.0,2.0,1.0,0.0,3,26,26,6,2,177,0,0.43388373911755823,-0.900968867902419,1.2246467991473532e-16,-1.0,0.0,1,0.0,1,0.0,1,1.0,1,1.1428571428571428,1.4638501094227991,0.0,3.0,1.0,0.6428571428571429,1.393484460551656,0.0,6.0,1.7777777777777775,1,194.57,-122.77999999999999,-0.6310325332785115,False,False,False,True,False,False,False,False,False,True,False,False,False,False,False,False,False,False,False,False,False,False,False,False,False,False,False,False,False,False,False,False,False,False,True,False
UAE,Coffee Maker,2025-06-27,Home & Kitchen,3.0,126.13,0.02,20.0,2.0,1.0,0.0,4,27,26,6,2,178,0,-0.433883739117558,-0.9009688679024191,1.2246467991473532e-16,-1.0,1.0,1,0.0,1,0.0,1,0.0,1,1.2857142857142858,1.3801311186847076,0.0,3.0,1.0714285714285714,0.6428571428571429,1.393484460551656,0.0,6.0,2.0,1,71.79,54.33999999999999,0.7569299345312716,False,False,False,True,False,False,False,False,False,True,False,False,False,False,False,False,False,False,False,False,False,False,False,False,False,False,False,False,False,False,False,False,False,False,True,False
UAE,Coffee Maker,2025-06-28,Home & Kitchen,0.0,126.13,,20.0,2.0,0.0,0.0,5,28,26,6,2,179,1,-0.9749279121818236,-0.2225209339563146,1.2246467991473532e-16,-1.0,3.0,1,0.0,1,0.0,1,0.0,1,1.7142857142857142,1.3801311186847076,0.0,3.0,1.2857142857142858,0.75,1.4561491580090167,0.0,6.0,2.2857142857142856,0,126.13,0.0,0.0,False,False,False,True,False,False,False,False,False,True,False,False,False,False,False,False,False,False,False,False,False,False,False,False,False,False,False,False,False,False,False,False,False,False,True,False
UAE,Coffee Maker,2025-06-29,Home & Kitchen,0.0,126.13,,20.0,2.0,0.0,0.0,6,29,26,6,2,180,1,-0.7818314824680299,0.6234898018587334,1.2246467991473532e-16,-1.0,0.0,1,3.0,1,0.0,1,0.0,1,1.7142857142857142,1.3801311186847076,0.0,3.0,1.2857142857142858,0.75,1.4561491580090167,0.0,6.0,2.2857142857142856,0,126.13,0.0,0.0,False,False,False,True,False,False,False,False,False,True,False,False,False,False,False,False,False,False,False,False,False,False,False,False,False,False,False,False,False,False,False,False,False,False,True,False
UAE,Coffee Maker,2025-06-30,Home & Kitchen,0.0,126.13,,20.0,2.0,0.0,0.0,0,30,27,6,2,181,0,0.0,1.0,1.2246467991473532e-16,-1.0,0.0,1,2.0,1,0.0,1,0.0,1,1.2857142857142858,1.3801311186847076,0.0,3.0,1.2857142857142858,0.75,1.4561491580090167,0.0,6.0,1.7142857142857144,0,126.13,0.0,0.0,False,False,False,True,False,False,False,False,False,True,False,False,False,False,False,False,False,False,False,False,False,False,False,False,False,False,False,False,False,False,False,False,False,False,True,False
UAE,Coffee Maker,2025-07-01,Home & Kitchen,0.0,126.13,,20.0,2.0,0.0,0.0,1,1,27,7,3,182,0,0.7818314824680298,0.6234898018587336,-0.4999999999999997,-0.8660254037844388,0.0,1,3.0,1,6.0,1,1.0,1,1.0,1.4142135623730945,0.0,3.0,1.2857142857142858,0.75,1.4561491580090167,0.0,6.0,1.3333333333333333,0,126.13,0.0,0.0,False,False,False,True,False,False,False,False,False,True,False,False,False,False,False,False,False,False,False,False,False,False,False,False,False,False,False,False,False,False,False,False,False,False,True,False
UAE,Coffee Maker,2025-07-02,Home & Kitchen,3.0,132.27,0.01,20.0,2.0,1.0,0.0,2,2,27,7,3,183,0,0.9749279121818236,-0.22252093395631434,-0.4999999999999997,-0.8660254037844388,0.0,1,0.0,1,0.0,1,0.0,1,0.5714285714285714,1.133893419027681,0.0,3.0,0.8571428571428571,0.7142857142857143,1.4620417701167556,0.0,6.0,0.7999999999999999,1,126.13,6.140000000000015,0.04867993340204563,False,False,False,True,False,False,False,False,False,True,False,False,False,False,False,False,False,False,False,False,False,False,False,False,False,False,False,False,False,False,False,False,False,False,True,False
UAE,Coffee Maker,2025-07-03,Home & Kitchen,0.0,132.27,,20.0,2.0,0.0,0.0,3,3,27,7,3,184,0,0.43388373911755823,-0.900968867902419,-0.4999999999999997,-0.8660254037844388,3.0,1,1.0,1,0.0,1,2.0,1,1.0,1.4142135623730945,0.0,3.0,1.0714285714285714,0.8214285714285714,1.5166623059417506,0.0,6.0,1.2173913043478262,0,132.27,0.0,0.0,False,False,False,True,False,False,False,False,False,True,False,False,False,False,False,False,False,False,False,False,False,False,False,False,False,False,False,False,False,False,False,False,False,False,True,False
UAE,Coffee Maker,2025-07-04,Home & Kitchen,0.0,132.27,,20.0,2.0,0.0,0.0,4,4,27,7,3,185,0,-0.433883739117558,-0.9009688679024191,-0.4999999999999997,-0.8660254037844388,0.0,1,3.0,1,0.0,1,0.0,1,0.8571428571428571,1.4638501094227991,0.0,3.0,1.0714285714285714,0.75,1.5061601901917727,0.0,6.0,1.1428571428571428,0,132.27,0.0,0.0,False,False,False,True,False,False,False,False,False,True,False,False,False,False,False,False,False,False,False,False,False,False,False,False,False,False,False,False,False,False,False,False,False,False,True,False
UAE,Coffee Maker,2025-07-05,Home & Kitchen,0.0,132.27,,20.0,2.0,0.0,0.0,5,5,27,7,3,186,1,-0.9749279121818236,-0.2225209339563146,-0.4999999999999997,-0.8660254037844388,0.0,1,0.0,1,0.0,1,0.0,1,0.42857142857142855,1.133893419027681,0.0,3.0,1.0714285714285714,0.75,1.5061601901917727,0.0,6.0,0.5714285714285714,0,132.27,0.0,0.0,False,False,False,True,False,False,False,False,False,True,False,False,False,False,False,False,False,False,False,False,False,False,False,False,False,False,False,False,False,False,False,False,False,False,True,False
UAE,Coffee Maker,2025-07-06,Home & Kitchen,0.0,132.27,,20.0,2.0,0.0,0.0,6,6,27,7,3,187,1,-0.7818314824680299,0.6234898018587334,-0.4999999999999997,-0.8660254037844388,0.0,1,0.0,1,3.0,1,0.0,1,0.42857142857142855,1.133893419027681,0.0,3.0,1.0714285714285714,0.75,1.5061601901917727,0.0,6.0,0.5714285714285714,0,132.27,0.0,0.0,False,False,False,True,False,False,False,False,False,True,False,False,False,False,False,False,False,False,False,False,False,False,False,False,False,False,False,False,False,False,False,False,False,False,True,False
UAE,Coffee Maker,2025-07-07,Home & Kitchen,0.0,132.27,,20.0,2.0,0.0,0.0,0,7,28,7,3,188,0,0.0,1.0,-0.4999999999999997,-0.8660254037844388,0.0,1,0.0,1,2.0,1,0.0,1,0.42857142857142855,1.133893419027681,0.0,3.0,0.8571428571428571,0.75,1.5061601901917727,0.0,6.0,0.5714285714285714,0,132.27,0.0,0.0,False,False,False,True,False,False,False,False,False,True,False,False,False,False,False,False,False,False,False,False,False,False,False,False,False,False,False,False,False,False,False,False,False,False,True,False
UAE,Coffee Maker,2025-07-08,Home & Kitchen,0.0,132.27,,20.0,2.0,0.0,0.0,1,8,28,7,3,189,0,0.7818314824680298,0.6234898018587336,-0.4999999999999997,-0.8660254037844388,0.0,1,0.0,1,3.0,1,0.0,1,0.42857142857142855,1.133893419027681,0.0,3.0,0.7142857142857143,0.75,1.5061601901917727,0.0,6.0,0.5714285714285714,0,132.27,0.0,0.0,False,False,False,True,False,False,False,False,False,True,False,False,False,False,False,False,False,False,False,False,False,False,False,False,False,False,False,False,False,False,False,False,False,False,True,False
UAE,Coffee Maker,2025-07-09,Home & Kitchen,0.0,132.27,,20.0,2.0,0.0,0.0,2,9,28,7,3,190,0,0.9749279121818236,-0.22252093395631434,-0.4999999999999997,-0.8660254037844388,0.0,1,3.0,1,0.0,1,0.0,1,0.42857142857142855,1.133893419027681,0.0,3.0,0.5,0.75,1.5061601901917727,0.0,6.0,0.5714285714285714,0,132.27,0.0,0.0,False,False,False,True,False,False,False,False,False,True,False,False,False,False,False,False,False,False,False,False,False,False,False,False,False,False,False,False,False,False,False,False,False,False,True,False
UAE,Coffee Maker,2025-07-10,Home & Kitchen,0.0,132.27,,20.0,2.0,0.0,0.0,3,10,28,7,3,191,0,0.43388373911755823,-0.900968867902419,-0.4999999999999997,-0.8660254037844388,0.0,1,0.0,1,1.0,1,0.0,1,0.0,0.0,0.0,0.0,0.5,0.75,1.5061601901917727,0.0,6.0,0.0,0,132.27,0.0,0.0,False,False,False,True,False,False,False,False,False,True,False,False,False,False,False,False,False,False,False,False,False,False,False,False,False,False,False,False,False,False,False,False,False,False,True,False
UAE,Coffee Maker,2025-07-11,Home & Kitchen,0.0,132.27,,20.0,2.0,0.0,0.0,4,11,28,7,3,192,0,-0.433883739117558,-0.9009688679024191,-0.4999999999999997,-0.8660254037844388,0.0,1,0.0,1,3.0,1,0.0,1,0.0,0.0,0.0,0.0,0.42857142857142855,0.75,1.5061601901917727,0.0,6.0,0.0,0,132.27,0.0,0.0,False,False,False,True,False,False,False,False,False,True,False,False,False,False,False,False,False,False,False,False,False,False,False,False,False,False,False,False,False,False,False,False,False,False,True,False
UAE,Coffee Maker,2025-07-12,Home & Kitchen,0.0,132.27,,20.0,2.0,0.0,0.0,5,12,28,7,3,193,1,-0.9749279121818236,-0.2225209339563146,-0.4999999999999997,-0.8660254037844388,0.0,1,0.0,1,0.0,1,0.0,1,0.0,0.0,0.0,0.0,0.21428571428571427,0.75,1.5061601901917727,0.0,6.0,0.0,0,132.27,0.0,0.0,False,False,False,True,False,False,False,False,False,True,False,False,False,False,False,False,False,False,False,False,False,False,False,False,False,False,False,False,False,False,False,False,False,False,True,False
UAE,Coffee Maker,2025-07-13,Home & Kitchen,3.0,73.05,0.07,20.0,2.0,1.0,0.0,6,13,28,7,3,194,1,-0.7818314824680299,0.6234898018587334,-0.4999999999999997,-0.8660254037844388,0.0,1,0.0,1,0.0,1,0.0,1,0.0,0.0,0.0,0.0,0.21428571428571427,0.75,1.5061601901917727,0.0,6.0,0.0,1,132.27,-59.22000000000001,-0.4477205715581765,False,False,False,True,False,False,False,False,False,True,False,False,False,False,False,False,False,False,False,False,False,False,False,False,False,False,False,False,False,False,False,False,False,False,True,False
UAE,Coffee Maker,2025-07-14,Home & Kitchen,0.0,73.05,,20.0,2.0,0.0,0.0,0,14,29,7,3,195,0,0.0,1.0,-0.4999999999999997,-0.8660254037844388,3.0,1,0.0,1,0.0,1,0.0,1,0.42857142857142855,1.133893419027681,0.0,3.0,0.42857142857142855,0.8571428571428571,1.5566889295168835,0.0,6.0,0.5,0,73.05,0.0,0.0,False,False,False,True,False,False,False,False,False,True,False,False,False,False,False,False,False,False,False,False,False,False,False,False,False,False,False,False,False,False,False,False,False,False,True,False
UAE,Coffee Maker,2025-07-15,Home & Kitchen,0.0,73.05,,20.0,2.0,0.0,0.0,1,15,29,7,3,196,0,0.7818314824680298,0.6234898018587336,-0.4999999999999997,-0.8660254037844388,0.0,1,0.0,1,0.0,1,6.0,1,0.42857142857142855,1.133893419027681,0.0,3.0,0.42857142857142855,0.8571428571428571,1.5566889295168835,0.0,6.0,0.5,0,73.05,0.0,0.0,False,False,False,True,False,False,False,False,False,True,False,False,False,False,False,False,False,False,False,False,False,False,False,False,False,False,False,False,False,False,False,False,False,False,True,False
UAE,Coffee Maker,2025-07-16,Home & Kitchen,0.0,73.05,,20.0,2.0,0.0,0.0,2,16,29,7,3,197,0,0.9749279121818236,-0.22252093395631434,-0.4999999999999997,-0.8660254037844388,0.0,1,0.0,1,3.0,1,0.0,1,0.42857142857142855,1.133893419027681,0.0,3.0,0.42857142857142855,0.6428571428571429,1.1930131697849866,0.0,3.0,0.6666666666666666,0,73.05,0.0,0.0,False,False,False,True,False,False,False,False,False,True,False,False,False,False,False,False,False,False,False,False,False,False,False,False,False,False,False,False,False,False,False,False,False,False,True,False
UAE,Coffee Maker,2025-07-17,Home & Kitchen,0.0,73.05,,20.0,2.0,0.0,0.0,3,17,29,7,3,198,0,0.43388373911755823,-0.900968867902419,-0.4999999999999997,-0.8660254037844388,0.0,1,0.0,1,0.0,1,0.0,1,0.42857142857142855,1.133893419027681,0.0,3.0,0.21428571428571427,0.6428571428571429,1.1930131697849866,0.0,3.0,0.6666666666666666,0,73.05,0.0,0.0,False,False,False,True,False,False,False,False,False,True,False,False,False,False,False,False,False,False,False,False,False,False,False,False,False,False,False,False,False,False,False,False,False,False,True,False
UAE,Coffee Maker,2025-07-18,Home & Kitchen,0.0,73.05,,20.0,2.0,0.0,0.0,4,18,29,7,3,199,0,-0.433883739117558,-0.9009688679024191,-0.4999999999999997,-0.8660254037844388,0.0,1,0.0,1,0.0,1,0.0,1,0.42857142857142855,1.133893419027681,0.0,3.0,0.21428571428571427,0.6428571428571429,1.1930131697849866,0.0,3.0,0.6666666666666666,0,73.05,0.0,0.0,False,False,False,True,False,False,False,False,False,True,False,False,False,False,False,False,False,False,False,False,False,False,False,False,False,False,False,False,False,False,False,False,False,False,True,False
UAE,Coffee Maker,2025-07-19,Home & Kitchen,0.0,73.05,,20.0,2.0,0.0,0.0,5,19,29,7,3,200,1,-0.9749279121818236,-0.2225209339563146,-0.4999999999999997,-0.8660254037844388,0.0,1,0.0,1,0.0,1,0.0,1,0.42857142857142855,1.133893419027681,0.0,3.0,0.21428571428571427,0.6428571428571429,1.1930131697849866,0.0,3.0,0.6666666666666666,0,73.05,0.0,0.0,False,False,False,True,False,False,False,False,False,True,False,False,False,False,False,False,False,False,False,False,False,False,False,False,False,False,False,False,False,False,False,False,False,False,True,False
UAE,Coffee Maker,2025-07-20,Home & Kitchen,0.0,73.05,,20.0,2.0,0.0,0.0,6,20,29,7,3,201,1,-0.7818314824680299,0.6234898018587334,-0.4999999999999997,-0.8660254037844388,0.0,1,3.0,1,0.0,1,3.0,1,0.42857142857142855,1.133893419027681,0.0,3.0,0.21428571428571427,0.6428571428571429,1.1930131697849866,0.0,3.0,0.6666666666666666,0,73.05,0.0,0.0,False,False,False,True,False,False,False,False,False,True,False,False,False,False,False,False,False,False,False,False,False,False,False,False,False,False,False,False,False,False,False,False,False,False,True,False
UAE,Coffee Maker,2025-07-21,Home & Kitchen,0.0,73.05,,20.0,2.0,0.0,0.0,0,21,30,7,3,202,0,0.0,1.0,-0.4999999999999997,-0.8660254037844388,0.0,1,0.0,1,0.0,1,2.0,1,0.0,0.0,0.0,0.0,0.21428571428571427,0.5357142857142857,1.1049431980420845,0.0,3.0,0.0,0,73.05,0.0,0.0,False,False,False,True,False,False,False,False,False,True,False,False,False,False,False,False,False,False,False,False,False,False,False,False,False,False,False,False,False,False,False,False,False,False,True,False
UAE,Coffee Maker,2025-07-22,Home & Kitchen,0.0,73.05,,20.0,2.0,0.0,0.0,1,22,30,7,3,203,0,0.7818314824680298,0.6234898018587336,-0.4999999999999997,-0.8660254037844388,0.0,1,0.0,1,0.0,1,3.0,1,0.0,0.0,0.0,0.0,0.21428571428571427,0.4642857142857143,1.0708993401928097,0.0,3.0,0.0,0,73.05,0.0,0.0,False,False,False,True,False,False,False,False,False,True,False,False,False,False,False,False,False,False,False,False,False,False,False,False,False,False,False,False,False,False,False,False,False,False,True,False
UAE,Coffee Maker,2025-07-23,Home & Kitchen,0.0,73.05,,20.0,2.0,0.0,0.0,2,23,30,7,3,204,0,0.9749279121818236,-0.22252093395631434,-0.4999999999999997,-0.8660254037844388,0.0,1,0.0,1,0.0,1,0.0,1,0.0,0.0,0.0,0.0,0.21428571428571427,0.35714285714285715,0.9511897312113411,0.0,3.0,0.0,0,73.05,0.0,0.0,False,False,False,True,False,False,False,False,False,True,False,False,False,False,False,False,False,False,False,False,False,False,False,False,False,False,False,False,False,False,False,False,False,False,True,False
UAE,Coffee Maker,2025-07-24,Home & Kitchen,0.0,73.05,,20.0,2.0,0.0,0.0,3,24,30,7,3,205,0,0.43388373911755823,-0.900968867902419,-0.4999999999999997,-0.8660254037844388,0.0,1,0.0,1,0.0,1,1.0,1,0.0,0.0,0.0,0.0,0.21428571428571427,0.35714285714285715,0.9511897312113411,0.0,3.0,0.0,0,73.05,0.0,0.0,False,False,False,True,False,False,False,False,False,True,False,False,False,False,False,False,False,False,False,False,False,False,False,False,False,False,False,False,False,False,False,False,False,False,True,False
UAE,Coffee Maker,2025-07-25,Home & Kitchen,0.0,73.05,,20.0,2.0,0.0,0.0,4,25,30,7,3,206,0,-0.433883739117558,-0.9009688679024191,-0.4999999999999997,-0.8660254037844388,0.0,1,0.0,1,0.0,1,3.0,1,0.0,0.0,0.0,0.0,0.21428571428571427,0.32142857142857145,0.9449111825230674,0.0,3.0,0.0,0,73.05,0.0,0.0,False,False,False,True,False,False,False,False,False,True,False,False,False,False,False,False,False,False,False,False,False,False,False,False,False,False,False,False,False,False,False,False,False,False,True,False
UAE,Coffee Maker,2025-07-26,Home & Kitchen,0.0,73.05,,20.0,2.0,0.0,0.0,5,26,30,7,3,207,1,-0.9749279121818236,-0.2225209339563146,-0.4999999999999997,-0.8660254037844388,0.0,1,0.0,1,0.0,1,0.0,1,0.0,0.0,0.0,0.0,0.21428571428571427,0.21428571428571427,0.7867957924694422,0.0,3.0,0.0,0,73.05,0.0,0.0,False,False,False,True,False,False,False,False,False,True,False,False,False,False,False,False,False,False,False,False,False,False,False,False,False,False,False,False,False,False,False,False,False,False,True,False
UAE,Coffee Maker,2025-07-27,Home & Kitchen,1.0,279.47,0.06,20.0,2.0,1.0,0.0,6,27,30,7,3,208,1,-0.7818314824680299,0.6234898018587334,-0.4999999999999997,-0.8660254037844388,0.0,1,0.0,1,3.0,1,0.0,1,0.0,0.0,0.0,0.0,0.21428571428571427,0.21428571428571427,0.7867957924694422,0.0,3.0,0.0,1,73.05,206.42000000000002,2.8257357973990422,False,False,False,True,False,False,False,False,False,True,False,False,False,False,False,False,False,False,False,False,False,False,False,False,False,False,False,False,False,False,False,False,False,False,True,False
UAE,Coffee Maker,2025-07-28,Home & Kitchen,0.0,279.47,,20.0,2.0,0.0,0.0,0,28,31,7,3,209,0,0.0,1.0,-0.4999999999999997,-0.8660254037844388,1.0,1,0.0,1,0.0,1,0.0,1,0.14285714285714285,0.3779644730092252,0.0,1.0,0.07142857142857142,0.25,0.7993052538854524,0.0,3.0,0.5714285714285714,0,279.47,0.0,0.0,False,False,False,True,False,False,False,False,False,True,False,False,False,False,False,False,False,False,False,False,False,False,False,False,False,False,False,False,False,False,False,False,False,False,True,False
UAE,Coffee Maker,2025-07-29,Home & Kitchen,3.0,94.03,0.14,20.0,2.0,1.0,0.0,1,29,31,7,3,210,0,0.7818314824680298,0.6234898018587336,-0.4999999999999997,-0.8660254037844388,0.0,1,0.0,1,0.0,1,0.0,1,0.14285714285714285,0.3779644730092252,0.0,1.0,0.07142857142857142,0.25,0.7993052538854524,0.0,3.0,0.5714285714285714,1,279.47,-185.44000000000003,-0.6635417039396,False,False,False,True,False,False,False,False,False,True,False,False,False,False,False,False,False,False,False,False,False,False,False,False,False,False,False,False,False,False,False,False,False,False,True,False
UAE,Coffee Maker,2025-07-30,Home & Kitchen,0.0,94.03,,20.0,2.0,0.0,0.0,2,30,31,7,3,211,0,0.9749279121818236,-0.22252093395631434,-0.4999999999999997,-0.8660254037844388,3.0,1,0.0,1,0.0,1,3.0,1,0.5714285714285714,1.133893419027681,0.0,3.0,0.2857142857142857,0.35714285714285715,0.9511897312113412,0.0,3.0,1.5999999999999999,0,94.03,0.0,0.0,False,False,False,True,False,False,False,False,False,True,False,False,False,False,False,False,False,False,False,False,False,False,False,False,False,False,False,False,False,False,False,False,False,False,True,False
UAE,Coffee Maker,2025-07-31,Home & Kitchen,0.0,94.03,,20.0,2.0,0.0,0.0,3,31,31,7,3,212,0,0.43388373911755823,-0.900968867902419,-0.4999999999999997,-0.8660254037844388,0.0,1,0.0,1,0.0,1,0.0,1,0.5714285714285714,1.133893419027681,0.0,3.0,0.2857142857142857,0.25,0.7993052538854524,0.0,3.0,2.2857142857142856,0,94.03,0.0,0.0,False,False,False,True,False,False,False,False,False,True,False,False,False,False,False,False,False,False,False,False,False,False,False,False,False,False,False,False,False,False,False,False,False,False,True,False
UAE,Coffee Maker,2025-08-01,Home & Kitchen,0.0,94.03,,20.0,2.0,0.0,0.0,4,1,31,8,3,213,0,-0.433883739117558,-0.9009688679024191,-0.8660254037844385,-0.5000000000000004,0.0,1,0.0,1,0.0,1,0.0,1,0.5714285714285714,1.133893419027681,0.0,3.0,0.2857142857142857,0.25,0.7993052538854524,0.0,3.0,2.2857142857142856,0,94.03,0.0,0.0,False,False,False,True,False,False,False,False,False,True,False,False,False,False,False,False,False,False,False,False,False,False,False,False,False,False,False,False,False,False,False,False,False,False,True,False
UAE,Coffee Maker,2025-08-02,Home & Kitchen,0.0,94.03,,20.0,2.0,0.0,0.0,5,2,31,8,3,214,1,-0.9749279121818236,-0.2225209339563146,-0.8660254037844385,-0.5000000000000004,0.0,1,0.0,1,0.0,1,0.0,1,0.5714285714285714,1.133893419027681,0.0,3.0,0.2857142857142857,0.25,0.7993052538854524,0.0,3.0,2.2857142857142856,0,94.03,0.0,0.0,False,False,False,True,False,False,False,False,False,True,False,False,False,False,False,False,False,False,False,False,False,False,False,False,False,False,False,False,False,False,False,False,False,False,True,False
UAE,Coffee Maker,2025-08-03,Home & Kitchen,0.0,94.03,,20.0,2.0,0.0,0.0,6,3,31,8,3,215,1,-0.7818314824680299,0.6234898018587334,-0.8660254037844385,-0.5000000000000004,0.0,1,1.0,1,0.0,1,0.0,1,0.5714285714285714,1.133893419027681,0.0,3.0,0.2857142857142857,0.25,0.7993052538854524,0.0,3.0,2.2857142857142856,0,94.03,0.0,0.0,False,False,False,True,False,False,False,False,False,True,False,False,False,False,False,False,False,False,False,False,False,False,False,False,False,False,False,False,False,False,False,False,False,False,True,False
UAE,Coffee Maker,2025-08-04,Home & Kitchen,0.0,94.03,,20.0,2.0,0.0,0.0,0,4,32,8,3,216,0,0.0,1.0,-0.8660254037844385,-0.5000000000000004,0.0,1,0.0,1,0.0,1,0.0,1,0.42857142857142855,1.133893419027681,0.0,3.0,0.2857142857142857,0.25,0.7993052538854524,0.0,3.0,1.7142857142857142,0,94.03,0.0,0.0,False,False,False,True,False,False,False,False,False,True,False,False,False,False,False,False,False,False,False,False,False,False,False,False,False,False,False,False,False,False,False,False,False,False,True,False
UAE,Coffee Maker,2025-08-05,Home & Kitchen,1.0,131.43,0.1,20.0,2.0,1.0,0.0,1,5,32,8,3,217,0,0.7818314824680298,0.6234898018587336,-0.8660254037844385,-0.5000000000000004,0.0,1,3.0,1,0.0,1,0.0,1,0.42857142857142855,1.133893419027681,0.0,3.0,0.2857142857142857,0.25,0.7993052538854524,0.0,3.0,1.7142857142857142,1,94.03,37.400000000000006,0.3977454004041264,False,False,False,True,False,False,False,False,False,True,False,False,False,False,False,False,False,False,False,False,False,False,False,False,False,False,False,False,False,False,False,False,False,False,True,False
UAE,Coffee Maker,2025-08-06,Home & Kitchen,0.0,131.43,,20.0,2.0,0.0,0.0,2,6,32,8,3,218,0,0.9749279121818236,-0.22252093395631434,-0.8660254037844385,-0.5000000000000004,1.0,1,0.0,1,0.0,1,0.0,1,0.14285714285714285,0.377964473009225,0.0,1.0,0.35714285714285715,0.2857142857142857,0.8099905283919403,0.0,3.0,0.5,0,131.43,0.0,0.0,False,False,False,True,False,False,False,False,False,True,False,False,False,False,False,False,False,False,False,False,False,False,False,False,False,False,False,False,False,False,False,False,False,False,True,False
UAE,Coffee Maker,2025-08-07,Home & Kitchen,0.0,131.43,,20.0,2.0,0.0,0.0,3,7,32,8,3,219,0,0.43388373911755823,-0.900968867902419,-0.8660254037844385,-0.5000000000000004,0.0,1,0.0,1,0.0,1,0.0,1,0.14285714285714285,0.377964473009225,0.0,1.0,0.35714285714285715,0.2857142857142857,0.8099905283919403,0.0,3.0,0.5,0,131.43,0.0,0.0,False,False,False,True,False,False,False,False,False,True,False,False,False,False,False,False,False,False,False,False,False,False,False,False,False,False,False,False,False,False,False,False,False,False,True,False
UAE,Coffee Maker,2025-08-08,Home & Kitchen,0.0,131.43,,20.0,2.0,0.0,0.0,4,8,32,8,3,220,0,-0.433883739117558,-0.9009688679024191,-0.8660254037844385,-0.5000000000000004,0.0,1,0.0,1,0.0,1,0.0,1,0.14285714285714285,0.377964473009225,0.0,1.0,0.35714285714285715,0.2857142857142857,0.8099905283919403,0.0,3.0,0.5,0,131.43,0.0,0.0,False,False,False,True,False,False,False,False,False,True,False,False,False,False,False,False,False,False,False,False,False,False,False,False,False,False,False,False,False,False,False,False,False,False,True,False
UAE,Coffee Maker,2025-08-09,Home & Kitchen,0.0,131.43,,20.0,2.0,0.0,0.0,5,9,32,8,3,221,1,-0.9749279121818236,-0.2225209339563146,-0.8660254037844385,-0.5000000000000004,0.0,1,0.0,1,0.0,1,0.0,1,0.14285714285714285,0.377964473009225,0.0,1.0,0.35714285714285715,0.2857142857142857,0.8099905283919403,0.0,3.0,0.5,0,131.43,0.0,0.0,False,False,False,True,False,False,False,False,False,True,False,False,False,False,False,False,False,False,False,False,False,False,False,False,False,False,False,False,False,False,False,False,False,False,True,False
UAE,Coffee Maker,2025-08-10,Home & Kitchen,0.0,131.43,,20.0,2.0,0.0,0.0,6,10,32,8,3,222,1,-0.7818314824680299,0.6234898018587334,-0.8660254037844385,-0.5000000000000004,0.0,1,0.0,1,1.0,1,3.0,1,0.14285714285714285,0.377964473009225,0.0,1.0,0.35714285714285715,0.2857142857142857,0.8099905283919403,0.0,3.0,0.5,0,131.43,0.0,0.0,False,False,False,True,False,False,False,False,False,True,False,False,False,False,False,False,False,False,False,False,False,False,False,False,False,False,False,False,False,False,False,False,False,False,True,False
UAE,Coffee Maker,2025-08-11,Home & Kitchen,3.0,109.44,0.05,20.0,2.0,1.0,0.0,0,11,33,8,3,223,0,0.0,1.0,-0.8660254037844385,-0.5000000000000004,0.0,1,0.0,1,0.0,1,0.0,1,0.14285714285714285,0.377964473009225,0.0,1.0,0.2857142857142857,0.17857142857142858,0.6118321864193015,0.0,3.0,0.7999999999999999,1,131.43,-21.99000000000001,-0.16731339876740475,False,False,False,True,False,False,False,False,False,True,False,False,False,False,False,False,False,False,False,False,False,False,False,False,False,False,False,False,False,False,False,False,False,False,True,False
UAE,Coffee Maker,2025-08-12,Home & Kitchen,0.0,109.44,,20.0,2.0,0.0,0.0,1,12,33,8,3,224,0,0.7818314824680298,0.6234898018587336,-0.8660254037844385,-0.5000000000000004,3.0,1,1.0,1,3.0,1,0.0,1,0.5714285714285714,1.1338934190276808,0.0,3.0,0.5,0.2857142857142857,0.8099905283919403,0.0,3.0,2.0,0,109.44,0.0,0.0,False,False,False,True,False,False,False,False,False,True,False,False,False,False,False,False,False,False,False,False,False,False,False,False,False,False,False,False,False,False,False,False,False,False,True,False
UAE,Coffee Maker,2025-08-13,Home & Kitchen,0.0,109.44,,20.0,2.0,0.0,0.0,2,13,33,8,3,225,0,0.9749279121818236,-0.22252093395631434,-0.8660254037844385,-0.5000000000000004,0.0,1,0.0,1,0.0,1,0.0,1,0.42857142857142855,1.1338934190276808,0.0,3.0,0.2857142857142857,0.2857142857142857,0.8099905283919403,0.0,3.0,1.5,0,109.44,0.0,0.0,False,False,False,True,False,False,False,False,False,True,False,False,False,False,False,False,False,False,False,False,False,False,False,False,False,False,False,False,False,False,False,False,False,False,True,False
UAE,Coffee Maker,2025-08-14,Home & Kitchen,3.0,106.7,0.14,20.0,2.0,1.0,0.0,3,14,33,8,3,226,0,0.43388373911755823,-0.900968867902419,-0.8660254037844385,-0.5000000000000004,0.0,1,0.0,1,0.0,1,0.0,1,0.42857142857142855,1.1338934190276808,0.0,3.0,0.2857142857142857,0.2857142857142857,0.8099905283919403,0.0,3.0,1.5,1,109.44,-2.739999999999995,-0.025036549707602294,False,False,False,True,False,False,False,False,False,True,False,False,False,False,False,False,False,False,False,False,False,False,False,False,False,False,False,False,False,False,False,False,False,False,True,False
UAE,Coffee Maker,2025-08-15,Home & Kitchen,0.0,106.7,,20.0,2.0,0.0,0.0,4,15,33,8,3,227,0,-0.433883739117558,-0.9009688679024191,-0.8660254037844385,-0.5000000000000004,3.0,1,0.0,1,0.0,1,0.0,1,0.8571428571428571,1.463850109422799,0.0,3.0,0.5,0.39285714285714285,0.9560445408144761,0.0,3.0,2.1818181818181817,0,106.7,0.0,0.0,False,False,False,True,False,False,False,False,False,True,False,False,False,False,False,False,False,False,False,False,False,False,False,False,False,False,False,False,False,False,False,False,False,False,True,False
UAE,Coffee Maker,2025-08-16,Home & Kitchen,0.0,106.7,,20.0,2.0,0.0,0.0,5,16,33,8,3,228,1,-0.9749279121818236,-0.2225209339563146,-0.8660254037844385,-0.5000000000000004,0.0,1,0.0,1,0.0,1,0.0,1,0.8571428571428571,1.463850109422799,0.0,3.0,0.5,0.39285714285714285,0.9560445408144761,0.0,3.0,2.1818181818181817,0,106.7,0.0,0.0,False,False,False,True,False,False,False,False,False,True,False,False,False,False,False,False,False,False,False,False,False,False,False,False,False,False,False,False,False,False,False,False,False,False,True,False
UAE,Coffee Maker,2025-08-17,Home & Kitchen,0.0,106.7,,20.0,2.0,0.0,0.0,6,17,33,8,3,229,1,-0.7818314824680299,0.6234898018587334,-0.8660254037844385,-0.5000000000000004,0.0,1,0.0,1,0.0,1,0.0,1,0.8571428571428571,1.463850109422799,0.0,3.0,0.5,0.39285714285714285,0.9560445408144761,0.0,3.0,2.1818181818181817,0,106.7,0.0,0.0,False,False,False,True,False,False,False,False,False,True,False,False,False,False,False,False,False,False,False,False,False,False,False,False,False,False,False,False,False,False,False,False,False,False,True,False
UAE,Coffee Maker,2025-08-18,Home & Kitchen,0.0,106.7,,20.0,2.0,0.0,0.0,0,18,34,8,3,230,0,0.0,1.0,-0.8660254037844385,-0.5000000000000004,0.0,1,3.0,1,0.0,1,0.0,1,0.8571428571428571,1.463850109422799,0.0,3.0,0.5,0.39285714285714285,0.9560445408144761,0.0,3.0,2.1818181818181817,0,106.7,0.0,0.0,False,False,False,True,False,False,False,False,False,True,False,False,False,False,False,False,False,False,False,False,False,False,False,False,False,False,False,False,False,False,False,False,False,False,True,False
UAE,Coffee Maker,2025-08-19,Home & Kitchen,0.0,106.7,,20.0,2.0,0.0,0.0,1,19,34,8,3,231,0,0.7818314824680298,0.6234898018587336,-0.8660254037844385,-0.5000000000000004,0.0,1,0.0,1,1.0,1,0.0,1,0.42857142857142855,1.1338934190276808,0.0,3.0,0.5,0.39285714285714285,0.9560445408144761,0.0,3.0,1.0909090909090908,0,106.7,0.0,0.0,False,False,False,True,False,False,False,False,False,True,False,False,False,False,False,False,False,False,False,False,False,False,False,False,False,False,False,False,False,False,False,False,False,False,True,False
UAE,Coffee Maker,2025-08-20,Home & Kitchen,1.0,248.39,0.12,20.0,2.0,1.0,0.0,2,20,34,8,3,232,0,0.9749279121818236,-0.22252093395631434,-0.8660254037844385,-0.5000000000000004,0.0,1,0.0,1,0.0,1,0.0,1,0.42857142857142855,1.1338934190276808,0.0,3.0,0.42857142857142855,0.39285714285714285,0.9560445408144761,0.0,3.0,1.0909090909090908,1,106.7,141.69,1.327928772258669,False,False,False,True,False,False,False,False,False,True,False,False,False,False,False,False,False,False,False,False,False,False,False,False,False,False,False,False,False,False,False,False,False,False,True,False
UAE,Coffee Maker,2025-08-21,Home & Kitchen,0.0,248.39,,20.0,2.0,0.0,0.0,3,21,34,8,3,233,0,0.43388373911755823,-0.900968867902419,-0.8660254037844385,-0.5000000000000004,1.0,1,3.0,1,0.0,1,0.0,1,0.5714285714285714,1.1338934190276808,0.0,3.0,0.5,0.42857142857142855,0.9594972228385651,0.0,3.0,1.3333333333333333,0,248.39,0.0,0.0,False,False,False,True,False,False,False,False,False,True,False,False,False,False,False,False,False,False,False,False,False,False,False,False,False,False,False,False,False,False,False,False,False,False,True,False
UAE,Coffee Maker,2025-08-22,Home & Kitchen,0.0,248.39,,20.0,2.0,0.0,0.0,4,22,34,8,3,234,0,-0.433883739117558,-0.9009688679024191,-0.8660254037844385,-0.5000000000000004,0.0,1,0.0,1,0.0,1,0.0,1,0.14285714285714285,0.37796447300922503,0.0,1.0,0.5,0.42857142857142855,0.9594972228385651,0.0,3.0,0.3333333333333333,0,248.39,0.0,0.0,False,False,False,True,False,False,False,False,False,True,False,False,False,False,False,False,False,False,False,False,False,False,False,False,False,False,False,False,False,False,False,False,False,False,True,False
UAE,Coffee Maker,2025-08-23,Home & Kitchen,0.0,248.39,,20.0,2.0,0.0,0.0,5,23,34,8,3,235,1,-0.9749279121818236,-0.2225209339563146,-0.8660254037844385,-0.5000000000000004,0.0,1,0.0,1,0.0,1,0.0,1,0.14285714285714285,0.37796447300922503,0.0,1.0,0.5,0.42857142857142855,0.9594972228385651,0.0,3.0,0.3333333333333333,0,248.39,0.0,0.0,False,False,False,True,False,False,False,False,False,True,False,False,False,False,False,False,False,False,False,False,False,False,False,False,False,False,False,False,False,False,False,False,False,False,True,False
UAE,Coffee Maker,2025-08-24,Home & Kitchen,0.0,248.39,,20.0,2.0,0.0,0.0,6,24,34,8,3,236,1,-0.7818314824680299,0.6234898018587334,-0.8660254037844385,-0.5000000000000004,0.0,1,0.0,1,0.0,1,1.0,1,0.14285714285714285,0.37796447300922503,0.0,1.0,0.5,0.42857142857142855,0.9594972228385651,0.0,3.0,0.3333333333333333,0,248.39,0.0,0.0,False,False,False,True,False,False,False,False,False,True,False,False,False,False,False,False,False,False,False,False,False,False,False,False,False,False,False,False,False,False,False,False,False,False,True,False
UAE,Coffee Maker,2025-08-25,Home & Kitchen,0.0,248.39,,20.0,2.0,0.0,0.0,0,25,35,8,3,237,0,0.0,1.0,-0.8660254037844385,-0.5000000000000004,0.0,1,0.0,1,3.0,1,0.0,1,0.14285714285714285,0.37796447300922503,0.0,1.0,0.5,0.39285714285714285,0.9560445408144761,0.0,3.0,0.36363636363636365,0,248.39,0.0,0.0,False,False,False,True,False,False,False,False,False,True,False,False,False,False,False,False,False,False,False,False,False,False,False,False,False,False,False,False,False,False,False,False,False,False,True,False
UAE,Coffee Maker,2025-08-26,Home & Kitchen,0.0,248.39,,20.0,2.0,0.0,0.0,1,26,35,8,3,238,0,0.7818314824680298,0.6234898018587336,-0.8660254037844385,-0.5000000000000004,0.0,1,0.0,1,0.0,1,3.0,1,0.14285714285714285,0.37796447300922503,0.0,1.0,0.2857142857142857,0.39285714285714285,0.9560445408144761,0.0,3.0,0.36363636363636365,0,248.39,0.0,0.0,False,False,False,True,False,False,False,False,False,True,False,False,False,False,False,False,False,False,False,False,False,False,False,False,False,False,False,False,False,False,False,False,False,False,True,False
UAE,Coffee Maker,2025-08-27,Home & Kitchen,0.0,248.39,,20.0,2.0,0.0,0.0,2,27,35,8,3,239,0,0.9749279121818236,-0.22252093395631434,-0.8660254037844385,-0.5000000000000004,0.0,1,1.0,1,0.0,1,0.0,1,0.14285714285714285,0.37796447300922503,0.0,1.0,0.2857142857142857,0.2857142857142857,0.8099905283919403,0.0,3.0,0.5,0,248.39,0.0,0.0,False,False,False,True,False,False,False,False,False,True,False,False,False,False,False,False,False,False,False,False,False,False,False,False,False,False,False,False,False,False,False,False,False,False,True,False
UAE,Coffee Maker,2025-08-28,Home & Kitchen,0.0,248.39,,20.0,2.0,0.0,0.0,3,28,35,8,3,240,0,0.43388373911755823,-0.900968867902419,-0.8660254037844385,-0.5000000000000004,0.0,1,0.0,1,3.0,1,0.0,1,0.0,0.0,0.0,0.0,0.2857142857142857,0.2857142857142857,0.8099905283919403,0.0,3.0,0.0,0,248.39,0.0,0.0,False,False,False,True,False,False,False,False,False,True,False,False,False,False,False,False,False,False,False,False,False,False,False,False,False,False,False,False,False,False,False,False,False,False,True,False
UAE,Coffee Maker,2025-08-29,Home & Kitchen,0.0,248.39,,20.0,2.0,0.0,0.0,4,29,35,8,3,241,0,-0.433883739117558,-0.9009688679024191,-0.8660254037844385,-0.5000000000000004,0.0,1,0.0,1,0.0,1,0.0,1,0.0,0.0,0.0,0.0,0.07142857142857142,0.2857142857142857,0.8099905283919403,0.0,3.0,0.0,0,248.39,0.0,0.0,False,False,False,True,False,False,False,False,False,True,False,False,False,False,False,False,False,False,False,False,False,False,False,False,False,False,False,False,False,False,False,False,False,False,True,False
UAE,Coffee Maker,2025-08-30,Home & Kitchen,0.0,248.39,,20.0,2.0,0.0,0.0,5,30,35,8,3,242,1,-0.9749279121818236,-0.2225209339563146,-0.8660254037844385,-0.5000000000000004,0.0,1,0.0,1,0.0,1,0.0,1,0.0,0.0,0.0,0.0,0.07142857142857142,0.2857142857142857,0.8099905283919403,0.0,3.0,0.0,0,248.39,0.0,0.0,False,False,False,True,False,False,False,False,False,True,False,False,False,False,False,False,False,False,False,False,False,False,False,False,False,False,False,False,False,False,False,False,False,False,True,False
UAE,Coffee Maker,2025-08-31,Home & Kitchen,0.0,248.39,,20.0,2.0,0.0,0.0,6,31,35,8,3,243,1,-0.7818314824680299,0.6234898018587334,-0.8660254037844385,-0.5000000000000004,0.0,1,0.0,1,0.0,1,0.0,1,0.0,0.0,0.0,0.0,0.07142857142857142,0.2857142857142857,0.8099905283919403,0.0,3.0,0.0,0,248.39,0.0,0.0,False,False,False,True,False,False,False,False,False,True,False,False,False,False,False,False,False,False,False,False,False,False,False,False,False,False,False,False,False,False,False,False,False,False,True,False
UAE,Coffee Maker,2025-09-01,Home & Kitchen,0.0,248.39,,20.0,2.0,0.0,0.0,0,1,36,9,3,244,0,0.0,1.0,-1.0,-1.8369701987210297e-16,0.0,1,0.0,1,0.0,1,0.0,1,0.0,0.0,0.0,0.0,0.07142857142857142,0.2857142857142857,0.8099905283919403,0.0,3.0,0.0,0,248.39,0.0,0.0,False,False,False,True,False,False,False,False,False,True,False,False,False,False,False,False,False,False,False,False,False,False,False,False,False,False,False,False,False,False,False,False,False,False,True,False
UAE,Coffee Maker,2025-09-02,Home & Kitchen,0.0,248.39,,20.0,2.0,0.0,0.0,1,2,36,9,3,245,0,0.7818314824680298,0.6234898018587336,-1.0,-1.8369701987210297e-16,0.0,1,0.0,1,0.0,1,1.0,1,0.0,0.0,0.0,0.0,0.07142857142857142,0.2857142857142857,0.8099905283919403,0.0,3.0,0.0,0,248.39,0.0,0.0,False,False,False,True,False,False,False,False,False,True,False,False,False,False,False,False,False,False,False,False,False,False,False,False,False,False,False,False,False,False,False,False,False,False,True,False
UAE,Coffee Maker,2025-09-03,Home & Kitchen,0.0,248.39,,20.0,2.0,0.0,0.0,2,3,36,9,3,246,0,0.9749279121818236,-0.22252093395631434,-1.0,-1.8369701987210297e-16,0.0,1,0.0,1,1.0,1,0.0,1,0.0,0.0,0.0,0.0,0.07142857142857142,0.25,0.7993052538854524,0.0,3.0,0.0,0,248.39,0.0,0.0,False,False,False,True,False,False,False,False,False,True,False,False,False,False,False,False,False,False,False,False,False,False,False,False,False,False,False,False,False,False,False,False,False,False,True,False
UAE,Coffee Maker,2025-09-04,Home & Kitchen,0.0,248.39,,20.0,2.0,0.0,0.0,3,4,36,9,3,247,0,0.43388373911755823,-0.900968867902419,-1.0,-1.8369701987210297e-16,0.0,1,0.0,1,0.0,1,0.0,1,0.0,0.0,0.0,0.0,0.0,0.25,0.7993052538854524,0.0,3.0,0.0,0,248.39,0.0,0.0,False,False,False,True,False,False,False,False,False,True,False,False,False,False,False,False,False,False,False,False,False,False,False,False,False,False,False,False,False,False,False,False,False,False,True,False
UAE,Coffee Maker,2025-09-05,Home & Kitchen,0.0,248.39,,20.0,2.0,0.0,0.0,4,5,36,9,3,248,0,-0.433883739117558,-0.9009688679024191,-1.0,-1.8369701987210297e-16,0.0,1,0.0,1,0.0,1,0.0,1,0.0,0.0,0.0,0.0,0.0,0.25,0.7993052538854524,0.0,3.0,0.0,0,248.39,0.0,0.0,False,False,False,True,False,False,False,False,False,True,False,False,False,False,False,False,False,False,False,False,False,False,False,False,False,False,False,False,False,False,False,False,False,False,True,False
UAE,Coffee Maker,2025-09-06,Home & Kitchen,0.0,248.39,,20.0,2.0,0.0,0.0,5,6,36,9,3,249,1,-0.9749279121818236,-0.2225209339563146,-1.0,-1.8369701987210297e-16,0.0,1,0.0,1,0.0,1,0.0,1,0.0,0.0,0.0,0.0,0.0,0.25,0.7993052538854524,0.0,3.0,0.0,0,248.39,0.0,0.0,False,False,False,True,False,False,False,False,False,True,False,False,False,False,False,False,False,False,False,False,False,False,False,False,False,False,False,False,False,False,False,False,False,False,True,False
UAE,Coffee Maker,2025-09-07,Home & Kitchen,0.0,248.39,,20.0,2.0,0.0,0.0,6,7,36,9,3,250,1,-0.7818314824680299,0.6234898018587334,-1.0,-1.8369701987210297e-16,0.0,1,0.0,1,0.0,1,0.0,1,0.0,0.0,0.0,0.0,0.0,0.25,0.7993052538854524,0.0,3.0,0.0,0,248.39,0.0,0.0,False,False,False,True,False,False,False,False,False,True,False,False,False,False,False,False,False,False,False,False,False,False,False,False,False,False,False,False,False,False,False,False,False,False,True,False
UAE,Coffee Maker,2025-09-08,Home & Kitchen,0.0,248.39,,20.0,2.0,0.0,0.0,0,8,37,9,3,251,0,0.0,1.0,-1.0,-1.8369701987210297e-16,0.0,1,0.0,1,0.0,1,3.0,1,0.0,0.0,0.0,0.0,0.0,0.25,0.7993052538854524,0.0,3.0,0.0,0,248.39,0.0,0.0,False,False,False,True,False,False,False,False,False,True,False,False,False,False,False,False,False,False,False,False,False,False,False,False,False,False,False,False,False,False,False,False,False,False,True,False
UAE,Coffee Maker,2025-09-09,Home & Kitchen,0.0,248.39,,20.0,2.0,0.0,0.0,1,9,37,9,3,252,0,0.7818314824680298,0.6234898018587336,-1.0,-1.8369701987210297e-16,0.0,1,0.0,1,0.0,1,0.0,1,0.0,0.0,0.0,0.0,0.0,0.14285714285714285,0.5909368402852776,0.0,3.0,0.0,0,248.39,0.0,0.0,False,False,False,True,False,False,False,False,False,True,False,False,False,False,False,False,False,False,False,False,False,False,False,False,False,False,False,False,False,False,False,False,False,False,True,False
UAE,Coffee Maker,2025-09-10,Home & Kitchen,2.0,202.37,0.1,20.0,2.0,1.0,0.0,2,10,37,9,3,253,0,0.9749279121818236,-0.22252093395631434,-1.0,-1.8369701987210297e-16,0.0,1,0.0,1,0.0,1,0.0,1,0.0,0.0,0.0,0.0,0.0,0.14285714285714285,0.5909368402852776,0.0,3.0,0.0,1,248.39,-46.01999999999998,-0.18527315914489303,False,False,False,True,False,False,False,False,False,True,False,False,False,False,False,False,False,False,False,False,False,False,False,False,False,False,False,False,False,False,False,False,False,False,True,False
UAE,Coffee Maker,2025-09-11,Home & Kitchen,0.0,202.37,,20.0,2.0,0.0,0.0,3,11,37,9,3,254,0,0.43388373911755823,-0.900968867902419,-1.0,-1.8369701987210297e-16,2.0,1,0.0,1,0.0,1,3.0,1,0.2857142857142857,0.7559289460184533,0.0,2.0,0.14285714285714285,0.21428571428571427,0.686221153054516,0.0,3.0,1.3333333333333333,0,202.37,0.0,0.0,False,False,False,True,False,False,False,False,False,True,False,False,False,False,False,False,False,False,False,False,False,False,False,False,False,False,False,False,False,False,False,False,False,False,True,False
UAE,Coffee Maker,2025-09-12,Home & Kitchen,0.0,202.37,,20.0,2.0,0.0,0.0,4,12,37,9,3,255,0,-0.433883739117558,-0.9009688679024191,-1.0,-1.8369701987210297e-16,0.0,1,0.0,1,0.0,1,0.0,1,0.2857142857142857,0.7559289460184533,0.0,2.0,0.14285714285714285,0.10714285714285714,0.4162696521251842,0.0,2.0,2.6666666666666665,0,202.37,0.0,0.0,False,False,False,True,False,False,False,False,False,True,False,False,False,False,False,False,False,False,False,False,False,False,False,False,False,False,False,False,False,False,False,False,False,False,True,False
UAE,Coffee Maker,2025-09-13,Home & Kitchen,2.0,184.4,0.09,20.0,2.0,1.0,0.0,5,13,37,9,3,256,1,-0.9749279121818236,-0.2225209339563146,-1.0,-1.8369701987210297e-16,0.0,1,0.0,1,0.0,1,0.0,1,0.2857142857142857,0.7559289460184533,0.0,2.0,0.14285714285714285,0.10714285714285714,0.4162696521251842,0.0,2.0,2.6666666666666665,1,202.37,-17.97,-0.0887977467015862,False,False,False,True,False,False,False,False,False,True,False,False,False,False,False,False,False,False,False,False,False,False,False,False,False,False,False,False,False,False,False,False,False,False,True,False
UAE,Coffee Maker,2025-09-14,Home & Kitchen,0.0,184.4,,20.0,2.0,0.0,0.0,6,14,37,9,3,257,1,-0.7818314824680299,0.6234898018587334,-1.0,-1.8369701987210297e-16,2.0,1,0.0,1,0.0,1,0.0,1,0.5714285714285714,0.9759000729485321,0.0,2.0,0.2857142857142857,0.17857142857142858,0.5479640045336454,0.0,2.0,3.1999999999999997,0,184.4,0.0,0.0,False,False,False,True,False,False,False,False,False,True,False,False,False,False,False,False,False,False,False,False,False,False,False,False,False,False,False,False,False,False,False,False,False,False,True,False
UAE,Coffee Maker,2025-09-15,Home & Kitchen,3.0,64.84,0.03,20.0,2.0,1.0,0.0,0,15,38,9,3,258,0,0.0,1.0,-1.0,-1.8369701987210297e-16,0.0,1,0.0,1,0.0,1,0.0,1,0.5714285714285714,0.9759000729485321,0.0,2.0,0.2857142857142857,0.17857142857142858,0.5479640045336454,0.0,2.0,3.1999999999999997,1,184.4,-119.56,-0.6483731019522776,False,False,False,True,False,False,False,False,False,True,False,False,False,False,False,False,False,False,False,False,False,False,False,False,False,False,False,False,False,False,False,False,False,False,True,False
UAE,Coffee Maker,2025-09-16,Home & Kitchen,0.0,64.84,,20.0,2.0,0.0,0.0,1,16,38,9,3,259,0,0.7818314824680298,0.6234898018587336,-1.0,-1.8369701987210297e-16,3.0,1,0.0,1,0.0,1,0.0,1,1.0,1.2909944487358047,0.0,3.0,0.5,0.2857142857142857,0.7628961803617715,0.0,3.0,3.5,0,64.84,0.0,0.0,False,False,False,True,False,False,False,False,False,True,False,False,False,False,False,False,False,False,False,False,False,False,False,False,False,False,False,False,False,False,False,False,False,False,True,False
UAE,Coffee Maker,2025-09-17,Home & Kitchen,3.0,222.36,0.1,20.0,2.0,1.0,0.0,2,17,38,9,3,260,0,0.9749279121818236,-0.22252093395631434,-1.0,-1.8369701987210297e-16,0.0,1,2.0,1,0.0,1,1.0,1,1.0,1.2909944487358047,0.0,3.0,0.5,0.2857142857142857,0.7628961803617715,0.0,3.0,3.5,1,64.84,157.52,2.4293645897594076,False,False,False,True,False,False,False,False,False,True,False,False,False,False,False,False,False,False,False,False,False,False,False,False,False,False,False,False,False,False,False,False,False,False,True,False
UAE,Coffee Maker,2025-09-18,Home & Kitchen,0.0,222.36,,20.0,2.0,0.0,0.0,3,18,38,9,3,261,0,0.43388373911755823,-0.900968867902419,-1.0,-1.8369701987210297e-16,3.0,1,0.0,1,0.0,1,0.0,1,1.1428571428571428,1.463850109422799,0.0,3.0,0.7142857142857143,0.35714285714285715,0.9114207758701957,0.0,3.0,3.1999999999999997,0,222.36,0.0,0.0,False,False,False,True,False,False,False,False,False,True,False,False,False,False,False,False,False,False,False,False,False,False,False,False,False,False,False,False,False,False,False,False,False,False,True,False
UAE,Coffee Maker,2025-09-19,Home & Kitchen,0.0,222.36,,20.0,2.0,0.0,0.0,4,19,38,9,3,262,0,-0.433883739117558,-0.9009688679024191,-1.0,-1.8369701987210297e-16,0.0,1,0.0,1,0.0,1,0.0,1,1.1428571428571428,1.463850109422799,0.0,3.0,0.7142857142857143,0.35714285714285715,0.9114207758701957,0.0,3.0,3.1999999999999997,0,222.36,0.0,0.0,False,False,False,True,False,False,False,False,False,True,False,False,False,False,False,False,False,False,False,False,False,False,False,False,False,False,False,False,False,False,False,False,False,False,True,False
UAE,Coffee Maker,2025-09-20,Home & Kitchen,0.0,222.36,,20.0,2.0,0.0,0.0,5,20,38,9,3,263,1,-0.9749279121818236,-0.2225209339563146,-1.0,-1.8369701987210297e-16,0.0,1,2.0,1,0.0,1,0.0,1,1.1428571428571428,1.463850109422799,0.0,3.0,0.7142857142857143,0.35714285714285715,0.9114207758701957,0.0,3.0,3.1999999999999997,0,222.36,0.0,0.0,False,False,False,True,False,False,False,False,False,True,False,False,False,False,False,False,False,False,False,False,False,False,False,False,False,False,False,False,False,False,False,False,False,False,True,False
UAE,Coffee Maker,2025-09-21,Home & Kitchen,2.0,134.26,0.09,20.0,2.0,1.0,0.0,6,21,38,9,3,264,1,-0.7818314824680299,0.6234898018587334,-1.0,-1.8369701987210297e-16,0.0,1,0.0,1,0.0,1,0.0,1,0.8571428571428571,1.463850109422799,0.0,3.0,0.7142857142857143,0.35714285714285715,0.9114207758701957,0.0,3.0,2.4,1,222.36,-88.10000000000002,-0.3962043533009535,False,False,False,True,False,False,False,False,False,True,False,False,False,False,False,False,False,False,False,False,False,False,False,False,False,False,False,False,False,False,False,False,False,False,True,False
UAE,Coffee Maker,2025-09-22,Home & Kitchen,0.0,134.26,,20.0,2.0,0.0,0.0,0,22,39,9,3,265,0,0.0,1.0,-1.0,-1.8369701987210297e-16,2.0,1,3.0,1,0.0,1,0.0,1,1.1428571428571428,1.463850109422799,0.0,3.0,0.8571428571428571,0.42857142857142855,0.9594972228385652,0.0,3.0,2.6666666666666665,0,134.26,0.0,0.0,False,False,False,True,False,False,False,False,False,True,False,False,False,False,False,False,False,False,False,False,False,False,False,False,False,False,False,False,False,False,False,False,False,False,True,False
UAE,Coffee Maker,2025-09-23,Home & Kitchen,0.0,134.26,,20.0,2.0,0.0,0.0,1,23,39,9,3,266,0,0.7818314824680298,0.6234898018587336,-1.0,-1.8369701987210297e-16,0.0,1,0.0,1,0.0,1,0.0,1,0.7142857142857143,1.2535663410560167,0.0,3.0,0.8571428571428571,0.42857142857142855,0.9594972228385652,0.0,3.0,1.6666666666666667,0,134.26,0.0,0.0,False,False,False,True,False,False,False,False,False,True,False,False,False,False,False,False,False,False,False,False,False,False,False,False,False,False,False,False,False,False,False,False,False,False,True,False
UAE,Coffee Maker,2025-09-24,Home & Kitchen,3.0,247.73,0.12,20.0,2.0,1.0,0.0,2,24,39,9,3,267,0,0.9749279121818236,-0.22252093395631434,-1.0,-1.8369701987210297e-16,0.0,1,3.0,1,2.0,1,0.0,1,0.7142857142857143,1.2535663410560167,0.0,3.0,0.8571428571428571,0.42857142857142855,0.9594972228385652,0.0,3.0,1.6666666666666667,1,134.26,113.47,0.8451511991657977,False,False,False,True,False,False,False,False,False,True,False,False,False,False,False,False,False,False,False,False,False,False,False,False,False,False,False,False,False,False,False,False,False,False,True,False
UAE,Coffee Maker,2025-09-25,Home & Kitchen,2.0,222.9,0.06,20.0,2.0,1.0,0.0,3,25,39,9,3,268,0,0.43388373911755823,-0.900968867902419,-1.0,-1.8369701987210297e-16,3.0,1,0.0,1,0.0,1,0.0,1,0.7142857142857143,1.2535663410560167,0.0,3.0,0.9285714285714286,0.5357142857142857,1.0708993401928097,0.0,3.0,1.3333333333333335,1,247.73,-24.829999999999984,-0.10023008921002699,False,False,False,True,False,False,False,False,False,True,False,False,False,False,False,False,False,False,False,False,False,False,False,False,False,False,False,False,False,False,False,False,False,False,True,False
UAE,Coffee Maker,2025-09-26,Home & Kitchen,1.0,146.23,0.1,20.0,2.0,1.0,0.0,4,26,39,9,3,269,0,-0.433883739117558,-0.9009688679024191,-1.0,-1.8369701987210297e-16,2.0,1,0.0,1,0.0,1,0.0,1,1.0,1.2909944487358047,0.0,3.0,1.0714285714285714,0.6071428571428571,1.1001442906807537,0.0,3.0,1.647058823529412,1,222.9,-76.67000000000002,-0.34396590399282195,False,False,False,True,False,False,False,False,False,True,False,False,False,False,False,False,False,False,False,False,False,False,False,False,False,False,False,False,False,False,False,False,False,False,True,False
UAE,Coffee Maker,2025-09-27,Home & Kitchen,0.0,146.23,,20.0,2.0,0.0,0.0,5,27,39,9,3,270,1,-0.9749279121818236,-0.2225209339563146,-1.0,-1.8369701987210297e-16,1.0,1,0.0,1,2.0,1,0.0,1,1.1428571428571428,1.2149857925879108,0.0,3.0,1.1428571428571428,0.6428571428571429,1.0959280090672925,0.0,3.0,1.7777777777777775,0,146.23,0.0,0.0,False,False,False,True,False,False,False,False,False,True,False,False,False,False,False,False,False,False,False,False,False,False,False,False,False,False,False,False,False,False,False,False,False,False,True,False
UAE,Coffee Maker,2025-09-28,Home & Kitchen,0.0,146.23,,20.0,2.0,0.0,0.0,6,28,39,9,3,271,1,-0.7818314824680299,0.6234898018587334,-1.0,-1.8369701987210297e-16,0.0,1,2.0,1,0.0,1,0.0,1,1.1428571428571428,1.2149857925879108,0.0,3.0,1.0,0.6428571428571429,1.0959280090672925,0.0,3.0,1.7777777777777775,0,146.23,0.0,0.0,False,False,False,True,False,False,False,False,False,True,False,False,False,False,False,False,False,False,False,False,False,False,False,False,False,False,False,False,False,False,False,False,False,False,True,False
UAE,Coffee Maker,2025-09-29,Home & Kitchen,0.0,146.23,,20.0,2.0,0.0,0.0,0,29,40,9,3,272,0,0.0,1.0,-1.0,-1.8369701987210297e-16,0.0,1,0.0,1,3.0,1,0.0,1,0.8571428571428571,1.2149857925879108,0.0,3.0,1.0,0.6428571428571429,1.0959280090672925,0.0,3.0,1.3333333333333333,0,146.23,0.0,0.0,False,False,False,True,False,False,False,False,False,True,False,False,False,False,False,False,False,False,False,False,False,False,False,False,False,False,False,False,False,False,False,False,False,False,True,False
UAE,Coffee Maker,2025-09-30,Home & Kitchen,0.0,146.23,,20.0,2.0,0.0,0.0,1,30,40,9,3,273,0,0.7818314824680298,0.6234898018587336,-1.0,-1.8369701987210297e-16,0.0,1,0.0,1,0.0,1,0.0,1,0.8571428571428571,1.2149857925879108,0.0,3.0,0.7857142857142857,0.6428571428571429,1.0959280090672925,0.0,3.0,1.3333333333333333,0,146.23,0.0,0.0,False,False,False,True,False,False,False,False,False,True,False,False,False,False,False,False,False,False,False,False,False,False,False,False,False,False,False,False,False,False,False,False,False,False,True,False
UAE,Coffee Maker,2025-10-01,Home & Kitchen,0.0,146.23,,20.0,2.0,0.0,0.0,2,1,40,10,4,274,0,0.9749279121818236,-0.22252093395631434,-0.8660254037844386,0.5000000000000001,0.0,1,3.0,1,3.0,1,0.0,1,0.8571428571428571,1.2149857925879108,0.0,3.0,0.7857142857142857,0.6428571428571429,1.0959280090672925,0.0,3.0,1.3333333333333333,0,146.23,0.0,0.0,False,False,False,True,False,False,False,False,False,True,False,False,False,False,False,False,False,False,False,False,False,False,False,False,False,False,False,False,False,False,False,False,False,False,True,False
UAE,Coffee Maker,2025-10-02,Home & Kitchen,0.0,146.23,,20.0,2.0,0.0,0.0,3,2,40,10,4,275,0,0.43388373911755823,-0.900968867902419,-0.8660254037844386,0.5000000000000001,0.0,1,2.0,1,0.0,1,0.0,1,0.42857142857142855,0.7867957924694418,0.0,2.0,0.5714285714285714,0.6428571428571429,1.0959280090672925,0.0,3.0,0.6666666666666666,0,146.23,0.0,0.0,False,False,False,True,False,False,False,False,False,True,False,False,False,False,False,False,False,False,False,False,False,False,False,False,False,False,False,False,False,False,False,False,False,False,True,False
UAE,Coffee Maker,2025-10-03,Home & Kitchen,0.0,146.23,,20.0,2.0,0.0,0.0,4,3,40,10,4,276,0,-0.433883739117558,-0.9009688679024191,-0.8660254037844386,0.5000000000000001,0.0,1,1.0,1,0.0,1,0.0,1,0.14285714285714285,0.37796447300922453,0.0,1.0,0.5714285714285714,0.6428571428571429,1.0959280090672925,0.0,3.0,0.22222222222222218,0,146.23,0.0,0.0,False,False,False,True,False,False,False,False,False,True,False,False,False,False,False,False,False,False,False,False,False,False,False,False,False,False,False,False,False,False,False,False,False,False,True,False
UAE,Coffee Maker,2025-10-04,Home & Kitchen,3.0,163.87,0.07,20.0,2.0,1.0,0.0,5,4,40,10,4,277,1,-0.9749279121818236,-0.2225209339563146,-0.8660254037844386,0.5000000000000001,0.0,1,0.0,1,0.0,1,0.0,1,0.0,0.0,0.0,0.0,0.5714285714285714,0.6428571428571429,1.0959280090672925,0.0,3.0,0.0,1,146.23,17.640000000000015,0.1206318812829106,False,False,False,True,False,False,False,False,False,True,False,False,False,False,False,False,False,False,False,False,False,False,False,False,False,False,False,False,False,False,False,False,False,False,True,False
UAE,Coffee Maker,2025-10-05,Home & Kitchen,0.0,163.87,,20.0,2.0,0.0,0.0,6,5,40,10,4,278,1,-0.7818314824680299,0.6234898018587334,-0.8660254037844386,0.5000000000000001,3.0,1,0.0,1,2.0,1,0.0,1,0.42857142857142855,1.1338934190276808,0.0,3.0,0.7857142857142857,0.75,1.1745763617703313,0.0,3.0,0.5714285714285714,0,163.87,0.0,0.0,False,False,False,True,False,False,False,False,False,True,False,False,False,False,False,False,False,False,False,False,False,False,False,False,False,False,False,False,False,False,False,False,False,False,True,False
UAE,Coffee Maker,2025-10-06,Home & Kitchen,0.0,163.87,,20.0,2.0,0.0,0.0,0,6,41,10,4,279,0,0.0,1.0,-0.8660254037844386,0.5000000000000001,0.0,1,0.0,1,0.0,1,0.0,1,0.42857142857142855,1.1338934190276808,0.0,3.0,0.6428571428571429,0.75,1.1745763617703313,0.0,3.0,0.5714285714285714,0,163.87,0.0,0.0,False,False,False,True,False,False,False,False,False,True,False,False,False,False,False,False,False,False,False,False,False,False,False,False,False,False,False,False,False,False,False,False,False,False,True,False
UAE,Coffee Maker,2025-10-07,Home & Kitchen,0.0,163.87,,20.0,2.0,0.0,0.0,1,7,41,10,4,280,0,0.7818314824680298,0.6234898018587336,-0.8660254037844386,0.5000000000000001,0.0,1,0.0,1,0.0,1,0.0,1,0.42857142857142855,1.1338934190276808,0.0,3.0,0.6428571428571429,0.75,1.1745763617703313,0.0,3.0,0.5714285714285714,0,163.87,0.0,0.0,False,False,False,True,False,False,False,False,False,True,False,False,False,False,False,False,False,False,False,False,False,False,False,False,False,False,False,False,False,False,False,False,False,False,True,False
UAE,Coffee Maker,2025-10-08,Home & Kitchen,0.0,163.87,,20.0,2.0,0.0,0.0,2,8,41,10,4,281,0,0.9749279121818236,-0.22252093395631434,-0.8660254037844386,0.5000000000000001,0.0,1,0.0,1,3.0,1,2.0,1,0.42857142857142855,1.1338934190276808,0.0,3.0,0.6428571428571429,0.75,1.1745763617703313,0.0,3.0,0.5714285714285714,0,163.87,0.0,0.0,False,False,False,True,False,False,False,False,False,True,False,False,False,False,False,False,False,False,False,False,False,False,False,False,False,False,False,False,False,False,False,False,False,False,True,False
UAE,Coffee Maker,2025-10-09,Home & Kitchen,0.0,163.87,,20.0,2.0,0.0,0.0,3,9,41,10,4,282,0,0.43388373911755823,-0.900968867902419,-0.8660254037844386,0.5000000000000001,0.0,1,0.0,1,2.0,1,0.0,1,0.42857142857142855,1.1338934190276808,0.0,3.0,0.42857142857142855,0.6785714285714286,1.1564175661505605,0.0,3.0,0.631578947368421,0,163.87,0.0,0.0,False,False,False,True,False,False,False,False,False,True,False,False,False,False,False,False,False,False,False,False,False,False,False,False,False,False,False,False,False,False,False,False,False,False,True,False
UAE,Coffee Maker,2025-10-10,Home & Kitchen,0.0,163.87,,20.0,2.0,0.0,0.0,4,10,41,10,4,283,0,-0.433883739117558,-0.9009688679024191,-0.8660254037844386,0.5000000000000001,0.0,1,0.0,1,1.0,1,0.0,1,0.42857142857142855,1.1338934190276808,0.0,3.0,0.2857142857142857,0.6785714285714286,1.1564175661505605,0.0,3.0,0.631578947368421,0,163.87,0.0,0.0,False,False,False,True,False,False,False,False,False,True,False,False,False,False,False,False,False,False,False,False,False,False,False,False,False,False,False,False,False,False,False,False,False,False,True,False
UAE,Coffee Maker,2025-10-11,Home & Kitchen,0.0,163.87,,20.0,2.0,0.0,0.0,5,11,41,10,4,284,1,-0.9749279121818236,-0.2225209339563146,-0.8660254037844386,0.5000000000000001,0.0,1,3.0,1,0.0,1,2.0,1,0.42857142857142855,1.1338934190276808,0.0,3.0,0.21428571428571427,0.6785714285714286,1.1564175661505605,0.0,3.0,0.631578947368421,0,163.87,0.0,0.0,False,False,False,True,False,False,False,False,False,True,False,False,False,False,False,False,False,False,False,False,False,False,False,False,False,False,False,False,False,False,False,False,False,False,True,False
UAE,Coffee Maker,2025-10-12,Home & Kitchen,0.0,163.87,,20.0,2.0,0.0,0.0,6,12,41,10,4,285,1,-0.7818314824680299,0.6234898018587334,-0.8660254037844386,0.5000000000000001,0.0,1,0.0,1,0.0,1,0.0,1,0.0,0.0,0.0,0.0,0.21428571428571427,0.6071428571428571,1.1333099904225379,0.0,3.0,0.0,0,163.87,0.0,0.0,False,False,False,True,False,False,False,False,False,True,False,False,False,False,False,False,False,False,False,False,False,False,False,False,False,False,False,False,False,False,False,False,False,False,True,False
UAE,Coffee Maker,2025-10-13,Home & Kitchen,0.0,163.87,,20.0,2.0,0.0,0.0,0,13,42,10,4,286,0,0.0,1.0,-0.8660254037844386,0.5000000000000001,0.0,1,0.0,1,0.0,1,3.0,1,0.0,0.0,0.0,0.0,0.21428571428571427,0.6071428571428571,1.1333099904225379,0.0,3.0,0.0,0,163.87,0.0,0.0,False,False,False,True,False,False,False,False,False,True,False,False,False,False,False,False,False,False,False,False,False,False,False,False,False,False,False,False,False,False,False,False,False,False,True,False
UAE,Coffee Maker,2025-10-14,Home & Kitchen,0.0,163.87,,20.0,2.0,0.0,0.0,1,14,42,10,4,287,0,0.7818314824680298,0.6234898018587336,-0.8660254037844386,0.5000000000000001,0.0,1,0.0,1,0.0,1,0.0,1,0.0,0.0,0.0,0.0,0.21428571428571427,0.5,1.036375450343201,0.0,3.0,0.0,0,163.87,0.0,0.0,False,False,False,True,False,False,False,False,False,True,False,False,False,False,False,False,False,False,False,False,False,False,False,False,False,False,False,False,False,False,False,False,False,False,True,False
UAE,Coffee Maker,2025-10-15,Home & Kitchen,0.0,163.87,,20.0,2.0,0.0,0.0,2,15,42,10,4,288,0,0.9749279121818236,-0.22252093395631434,-0.8660254037844386,0.5000000000000001,0.0,1,0.0,1,0.0,1,3.0,1,0.0,0.0,0.0,0.0,0.21428571428571427,0.5,1.036375450343201,0.0,3.0,0.0,0,163.87,0.0,0.0,False,False,False,True,False,False,False,False,False,True,False,False,False,False,False,False,False,False,False,False,False,False,False,False,False,False,False,False,False,False,False,False,False,False,True,False
UAE,Coffee Maker,2025-10-16,Home & Kitchen,0.0,163.87,,20.0,2.0,0.0,0.0,3,16,42,10,4,289,0,0.43388373911755823,-0.900968867902419,-0.8660254037844386,0.5000000000000001,0.0,1,0.0,1,0.0,1,0.0,1,0.0,0.0,0.0,0.0,0.21428571428571427,0.39285714285714285,0.9164862737363221,0.0,3.0,0.0,0,163.87,0.0,0.0,False,False,False,True,False,False,False,False,False,True,False,False,False,False,False,False,False,False,False,False,False,False,False,False,False,False,False,False,False,False,False,False,False,False,True,False
UAE,Coffee Maker,2025-10-17,Home & Kitchen,0.0,163.87,,20.0,2.0,0.0,0.0,4,17,42,10,4,290,0,-0.433883739117558,-0.9009688679024191,-0.8660254037844386,0.5000000000000001,0.0,1,0.0,1,0.0,1,0.0,1,0.0,0.0,0.0,0.0,0.21428571428571427,0.39285714285714285,0.9164862737363221,0.0,3.0,0.0,0,163.87,0.0,0.0,False,False,False,True,False,False,False,False,False,True,False,False,False,False,False,False,False,False,False,False,False,False,False,False,False,False,False,False,False,False,False,False,False,False,True,False
UAE,Coffee Maker,2025-10-18,Home & Kitchen,0.0,163.87,,20.0,2.0,0.0,0.0,5,18,42,10,4,291,1,-0.9749279121818236,-0.2225209339563146,-0.8660254037844386,0.5000000000000001,0.0,1,0.0,1,3.0,1,0.0,1,0.0,0.0,0.0,0.0,0.21428571428571427,0.39285714285714285,0.9164862737363221,0.0,3.0,0.0,0,163.87,0.0,0.0,False,False,False,True,False,False,False,False,False,True,False,False,False,False,False,False,False,False,False,False,False,False,False,False,False,False,False,False,False,False,False,False,False,False,True,False
UAE,Coffee Maker,2025-10-19,Home & Kitchen,0.0,163.87,,20.0,2.0,0.0,0.0,6,19,42,10,4,292,1,-0.7818314824680299,0.6234898018587334,-0.8660254037844386,0.5000000000000001,0.0,1,0.0,1,0.0,1,2.0,1,0.0,0.0,0.0,0.0,0.0,0.39285714285714285,0.9164862737363221,0.0,3.0,0.0,0,163.87,0.0,0.0,False,False,False,True,False,False,False,False,False,True,False,False,False,False,False,False,False,False,False,False,False,False,False,False,False,False,False,False,False,False,False,False,False,False,True,False
UAE,Coffee Maker,2025-10-20,Home & Kitchen,0.0,163.87,,20.0,2.0,0.0,0.0,0,20,43,10,4,293,0,0.0,1.0,-0.8660254037844386,0.5000000000000001,0.0,1,0.0,1,0.0,1,0.0,1,0.0,0.0,0.0,0.0,0.0,0.32142857142857145,0.8629652337776961,0.0,3.0,0.0,0,163.87,0.0,0.0,False,False,False,True,False,False,False,False,False,True,False,False,False,False,False,False,False,False,False,False,False,False,False,False,False,False,False,False,False,False,False,False,False,False,True,False
UAE,Coffee Maker,2025-10-21,Home & Kitchen,0.0,163.87,,20.0,2.0,0.0,0.0,1,21,43,10,4,294,0,0.7818314824680298,0.6234898018587336,-0.8660254037844386,0.5000000000000001,0.0,1,0.0,1,0.0,1,0.0,1,0.0,0.0,0.0,0.0,0.0,0.32142857142857145,0.8629652337776961,0.0,3.0,0.0,0,163.87,0.0,0.0,False,False,False,True,False,False,False,False,False,True,False,False,False,False,False,False,False,False,False,False,False,False,False,False,False,False,False,False,False,False,False,False,False,False,True,False
UAE,Coffee Maker,2025-10-22,Home & Kitchen,0.0,163.87,,20.0,2.0,0.0,0.0,2,22,43,10,4,295,0,0.9749279121818236,-0.22252093395631434,-0.8660254037844386,0.5000000000000001,0.0,1,0.0,1,0.0,1,3.0,1,0.0,0.0,0.0,0.0,0.0,0.32142857142857145,0.8629652337776961,0.0,3.0,0.0,0,163.87,0.0,0.0,False,False,False,True,False,False,False,False,False,True,False,False,False,False,False,False,False,False,False,False,False,False,False,False,False,False,False,False,False,False,False,False,False,False,True,False
UAE,Coffee Maker,2025-10-23,Home & Kitchen,0.0,163.87,,20.0,2.0,0.0,0.0,3,23,43,10,4,296,0,0.43388373911755823,-0.900968867902419,-0.8660254037844386,0.5000000000000001,0.0,1,0.0,1,0.0,1,2.0,1,0.0,0.0,0.0,0.0,0.0,0.21428571428571427,0.6862211530545163,0.0,3.0,0.0,0,163.87,0.0,0.0,False,False,False,True,False,False,False,False,False,True,False,False,False,False,False,False,False,False,False,False,False,False,False,False,False,False,False,False,False,False,False,False,False,False,True,False
UAE,Coffee Maker,2025-10-24,Home & Kitchen,0.0,163.87,,20.0,2.0,0.0,0.0,4,24,43,10,4,297,0,-0.433883739117558,-0.9009688679024191,-0.8660254037844386,0.5000000000000001,0.0,1,0.0,1,0.0,1,1.0,1,0.0,0.0,0.0,0.0,0.0,0.14285714285714285,0.5909368402852779,0.0,3.0,0.0,0,163.87,0.0,0.0,False,False,False,True,False,False,False,False,False,True,False,False,False,False,False,False,False,False,False,False,False,False,False,False,False,False,False,False,False,False,False,False,False,False,True,False
UAE,Coffee Maker,2025-10-25,Home & Kitchen,1.0,248.4,0.01,20.0,2.0,1.0,0.0,5,25,43,10,4,298,1,-0.9749279121818236,-0.2225209339563146,-0.8660254037844386,0.5000000000000001,0.0,1,0.0,1,0.0,1,0.0,1,0.0,0.0,0.0,0.0,0.0,0.10714285714285714,0.56694670951384,0.0,3.0,0.0,1,163.87,84.53,0.5158357234393116,False,False,False,True,False,False,False,False,False,True,False,False,False,False,False,False,False,False,False,False,False,False,False,False,False,False,False,False,False,False,False,False,False,False,True,False
UAE,Coffee Maker,2025-10-26,Home & Kitchen,0.0,248.4,,20.0,2.0,0.0,0.0,6,26,43,10,4,299,1,-0.7818314824680299,0.6234898018587334,-0.8660254037844386,0.5000000000000001,1.0,1,0.0,1,0.0,1,0.0,1,0.14285714285714285,0.37796447300922437,0.0,1.0,0.07142857142857142,0.14285714285714285,0.5909368402852779,0.0,3.0,1.0,0,248.4,0.0,0.0,False,False,False,True,False,False,False,False,False,True,False,False,False,False,False,False,False,False,False,False,False,False,False,False,False,False,False,False,False,False,False,False,False,False,True,False
UAE,Coffee Maker,2025-10-27,Home & Kitchen,0.0,248.4,,20.0,2.0,0.0,0.0,0,27,44,10,4,300,0,0.0,1.0,-0.8660254037844386,0.5000000000000001,0.0,1,0.0,1,0.0,1,0.0,1,0.14285714285714285,0.37796447300922437,0.0,1.0,0.07142857142857142,0.14285714285714285,0.5909368402852779,0.0,3.0,1.0,0,248.4,0.0,0.0,False,False,False,True,False,False,False,False,False,True,False,False,False,False,False,False,False,False,False,False,False,False,False,False,False,False,False,False,False,False,False,False,False,False,True,False
UAE,Coffee Maker,2025-10-28,Home & Kitchen,0.0,248.4,,20.0,2.0,0.0,0.0,1,28,44,10,4,301,0,0.7818314824680298,0.6234898018587336,-0.8660254037844386,0.5000000000000001,0.0,1,0.0,1,0.0,1,0.0,1,0.14285714285714285,0.37796447300922437,0.0,1.0,0.07142857142857142,0.14285714285714285,0.5909368402852779,0.0,3.0,1.0,0,248.4,0.0,0.0,False,False,False,True,False,False,False,False,False,True,False,False,False,False,False,False,False,False,False,False,False,False,False,False,False,False,False,False,False,False,False,False,False,False,True,False
UAE,Coffee Maker,2025-10-29,Home & Kitchen,0.0,248.4,,20.0,2.0,0.0,0.0,2,29,44,10,4,302,0,0.9749279121818236,-0.22252093395631434,-0.8660254037844386,0.5000000000000001,0.0,1,0.0,1,0.0,1,0.0,1,0.14285714285714285,0.37796447300922437,0.0,1.0,0.07142857142857142,0.14285714285714285,0.5909368402852779,0.0,3.0,1.0,0,248.4,0.0,0.0,False,False,False,True,False,False,False,False,False,True,False,False,False,False,False,False,False,False,False,False,False,False,False,False,False,False,False,False,False,False,False,False,False,False,True,False
UAE,Coffee Maker,2025-10-30,Home & Kitchen,1.0,38.48,0.01,20.0,2.0,1.0,0.0,3,30,44,10,4,303,0,0.43388373911755823,-0.900968867902419,-0.8660254037844386,0.5000000000000001,0.0,1,0.0,1,0.0,1,0.0,1,0.14285714285714285,0.37796447300922437,0.0,1.0,0.07142857142857142,0.14285714285714285,0.5909368402852779,0.0,3.0,1.0,1,248.4,-209.92000000000002,-0.8450885668276973,False,False,False,True,False,False,False,False,False,True,False,False,False,False,False,False,False,False,False,False,False,False,False,False,False,False,False,False,False,False,False,False,False,False,True,False
UAE,Coffee Maker,2025-10-31,Home & Kitchen,0.0,38.48,,20.0,2.0,0.0,0.0,4,31,44,10,4,304,0,-0.433883739117558,-0.9009688679024191,-0.8660254037844386,0.5000000000000001,1.0,1,0.0,1,0.0,1,0.0,1,0.2857142857142857,0.4879500364742644,0.0,1.0,0.14285714285714285,0.17857142857142858,0.6118321864193018,0.0,3.0,1.5999999999999999,0,38.48,0.0,0.0,False,False,False,True,False,False,False,False,False,True,False,False,False,False,False,False,False,False,False,False,False,False,False,False,False,False,False,False,False,False,False,False,False,False,True,False
UAE,Coffee Maker,2025-11-01,Home & Kitchen,0.0,38.48,,20.0,2.0,0.0,0.0,5,1,44,11,4,305,1,-0.9749279121818236,-0.2225209339563146,-0.5000000000000004,0.8660254037844384,0.0,1,1.0,1,0.0,1,3.0,1,0.2857142857142857,0.4879500364742644,0.0,1.0,0.14285714285714285,0.17857142857142858,0.6118321864193018,0.0,3.0,1.5999999999999999,0,38.48,0.0,0.0,False,False,False,True,False,False,False,False,False,True,False,False,False,False,False,False,False,False,False,False,False,False,False,False,False,False,False,False,False,False,False,False,False,False,True,False
UAE,Coffee Maker,2025-11-02,Home & Kitchen,0.0,38.48,,20.0,2.0,0.0,0.0,6,2,44,11,4,306,1,-0.7818314824680299,0.6234898018587334,-0.5000000000000004,0.8660254037844384,0.0,1,0.0,1,0.0,1,0.0,1,0.14285714285714285,0.3779644730092244,0.0,1.0,0.14285714285714285,0.07142857142857142,0.26226526415647916,0.0,1.0,2.0,0,38.48,0.0,0.0,False,False,False,True,False,False,False,False,False,True,False,False,False,False,False,False,False,False,False,False,False,False,False,False,False,False,False,False,False,False,False,False,False,False,True,False
UAE,Coffee Maker,2025-11-03,Home & Kitchen,0.0,38.48,,20.0,2.0,0.0,0.0,0,3,45,11,4,307,0,0.0,1.0,-0.5000000000000004,0.8660254037844384,0.0,1,0.0,1,0.0,1,0.0,1,0.14285714285714285,0.3779644730092244,0.0,1.0,0.14285714285714285,0.07142857142857142,0.26226526415647916,0.0,1.0,2.0,0,38.48,0.0,0.0,False,False,False,True,False,False,False,False,False,True,False,False,False,False,False,False,False,False,False,False,False,False,False,False,False,False,False,False,False,False,False,False,False,False,True,False
UAE,Coffee Maker,2025-11-04,Home & Kitchen,0.0,38.48,,20.0,2.0,0.0,0.0,1,4,45,11,4,308,0,0.7818314824680298,0.6234898018587336,-0.5000000000000004,0.8660254037844384,0.0,1,0.0,1,0.0,1,0.0,1,0.14285714285714285,0.3779644730092244,0.0,1.0,0.14285714285714285,0.07142857142857142,0.26226526415647916,0.0,1.0,2.0,0,38.48,0.0,0.0,False,False,False,True,False,False,False,False,False,True,False,False,False,False,False,False,False,False,False,False,False,False,False,False,False,False,False,False,False,False,False,False,False,False,True,False
UAE,Coffee Maker,2025-11-05,Home & Kitchen,2.0,52.27,0.22,20.0,2.0,1.0,0.0,2,5,45,11,4,309,0,0.9749279121818236,-0.22252093395631434,-0.5000000000000004,0.8660254037844384,0.0,1,0.0,1,0.0,1,0.0,1,0.14285714285714285,0.3779644730092244,0.0,1.0,0.14285714285714285,0.07142857142857142,0.26226526415647916,0.0,1.0,2.0,1,38.48,13.790000000000006,0.35836798336798353,False,False,False,True,False,False,False,False,False,True,False,False,False,False,False,False,False,False,False,False,False,False,False,False,False,False,False,False,False,False,False,False,False,False,True,False
UAE,Coffee Maker,2025-11-06,Home & Kitchen,0.0,52.27,,20.0,2.0,0.0,0.0,3,6,45,11,4,310,0,0.43388373911755823,-0.900968867902419,-0.5000000000000004,0.8660254037844384,2.0,1,1.0,1,0.0,1,0.0,1,0.42857142857142855,0.7867957924694416,0.0,2.0,0.2857142857142857,0.14285714285714285,0.44839513942303166,0.0,2.0,3.0,0,52.27,0.0,0.0,False,False,False,True,False,False,False,False,False,True,False,False,False,False,False,False,False,False,False,False,False,False,False,False,False,False,False,False,False,False,False,False,False,False,True,False
UAE,Coffee Maker,2025-11-07,Home & Kitchen,2.0,94.18,0.27,20.0,2.0,1.0,0.0,4,7,45,11,4,311,0,-0.433883739117558,-0.9009688679024191,-0.5000000000000004,0.8660254037844384,0.0,1,0.0,1,0.0,1,0.0,1,0.2857142857142857,0.7559289460184531,0.0,2.0,0.2857142857142857,0.14285714285714285,0.44839513942303166,0.0,2.0,2.0,1,52.27,41.910000000000004,0.8017983546967669,False,False,False,True,False,False,False,False,False,True,False,False,False,False,False,False,False,False,False,False,False,False,False,False,False,False,False,False,False,False,False,False,False,False,True,False
UAE,Coffee Maker,2025-11-08,Home & Kitchen,10.0,124.84,0.22,20.0,2.0,1.0,1.0,5,8,45,11,4,312,1,-0.9749279121818236,-0.2225209339563146,-0.5000000000000004,0.8660254037844384,2.0,1,0.0,1,1.0,1,0.0,1,0.5714285714285714,0.9759000729485321,0.0,2.0,0.42857142857142855,0.21428571428571427,0.5681120688308968,0.0,2.0,2.6666666666666665,1,94.18,30.659999999999997,0.3255468252282862,False,False,False,True,False,False,False,False,False,True,False,False,False,False,False,False,False,False,False,False,False,False,False,False,False,False,False,False,False,False,False,False,False,False,True,False
UAE,Coffee Maker,2025-11-09,Home & Kitchen,0.0,124.84,,20.0,2.0,0.0,0.0,6,9,45,11,4,313,1,-0.7818314824680299,0.6234898018587334,-0.5000000000000004,0.8660254037844384,10.0,1,0.0,1,0.0,1,0.0,1,2.0,3.651483716701107,0.0,10.0,1.0714285714285714,0.5714285714285714,1.932731159641644,0.0,10.0,3.5,0,124.84,0.0,0.0,False,False,False,True,False,False,False,False,False,True,False,False,False,False,False,False,False,False,False,False,False,False,False,False,False,False,False,False,False,False,False,False,False,False,True,False
UAE,Coffee Maker,2025-11-10,Home & Kitchen,0.0,124.84,,20.0,2.0,0.0,0.0,0,10,46,11,4,314,0,0.0,1.0,-0.5000000000000004,0.8660254037844384,0.0,1,0.0,1,0.0,1,0.0,1,2.0,3.651483716701107,0.0,10.0,1.0714285714285714,0.5714285714285714,1.932731159641644,0.0,10.0,3.5,0,124.84,0.0,0.0,False,False,False,True,False,False,False,False,False,True,False,False,False,False,False,False,False,False,False,False,False,False,False,False,False,False,False,False,False,False,False,False,False,False,True,False
UAE,Coffee Maker,2025-11-11,Home & Kitchen,0.0,124.84,,20.0,2.0,0.0,0.0,1,11,46,11,4,315,0,0.7818314824680298,0.6234898018587336,-0.5000000000000004,0.8660254037844384,0.0,1,0.0,1,0.0,1,0.0,1,2.0,3.651483716701107,0.0,10.0,1.0714285714285714,0.5714285714285714,1.932731159641644,0.0,10.0,3.5,0,124.84,0.0,0.0,False,False,False,True,False,False,False,False,False,True,False,False,False,False,False,False,False,False,False,False,False,False,False,False,False,False,False,False,False,False,False,False,False,False,True,False
UAE,Coffee Maker,2025-11-12,Home & Kitchen,0.0,124.84,,20.0,2.0,0.0,0.0,2,12,46,11,4,316,0,0.9749279121818236,-0.22252093395631434,-0.5000000000000004,0.8660254037844384,0.0,1,2.0,1,0.0,1,0.0,1,2.0,3.651483716701107,0.0,10.0,1.0714285714285714,0.5714285714285714,1.932731159641644,0.0,10.0,3.5,0,124.84,0.0,0.0,False,False,False,True,False,False,False,False,False,True,False,False,False,False,False,False,False,False,False,False,False,False,False,False,False,False,False,False,False,False,False,False,False,False,True,False
UAE,Coffee Maker,2025-11-13,Home & Kitchen,4.0,179.56,0.23,20.0,2.0,1.0,0.0,3,13,46,11,4,317,0,0.43388373911755823,-0.900968867902419,-0.5000000000000004,0.8660254037844384,0.0,1,0.0,1,1.0,1,0.0,1,1.7142857142857142,3.7289089429432174,0.0,10.0,1.0714285714285714,0.5714285714285714,1.932731159641644,0.0,10.0,3.0,1,124.84,54.72,0.43832105094520984,False,False,False,True,False,False,False,False,False,True,False,False,False,False,False,False,False,False,False,False,False,False,False,False,False,False,False,False,False,False,False,False,False,False,True,False
UAE,Coffee Maker,2025-11-14,Home & Kitchen,0.0,179.56,,20.0,2.0,0.0,0.0,4,14,46,11,4,318,0,-0.433883739117558,-0.9009688679024191,-0.5000000000000004,0.8660254037844384,4.0,1,2.0,1,0.0,1,0.0,1,2.2857142857142856,3.7289089429432174,0.0,10.0,1.2857142857142858,0.7142857142857143,2.0341008179453977,0.0,10.0,3.1999999999999997,0,179.56,0.0,0.0,False,False,False,True,False,False,False,False,False,True,False,False,False,False,False,False,False,False,False,False,False,False,False,False,False,False,False,False,False,False,False,False,False,False,True,False
UAE,Coffee Maker,2025-11-15,Home & Kitchen,9.0,182.495,0.2,20.0,2.0,1.0,1.0,5,15,46,11,4,319,1,-0.9749279121818236,-0.2225209339563146,-0.5000000000000004,0.8660254037844384,0.0,1,10.0,1,0.0,1,0.0,1,2.0,3.829708431025352,0.0,10.0,1.2857142857142858,0.7142857142857143,2.0341008179453977,0.0,10.0,2.8,1,179.56,2.9350000000000023,0.016345511249721553,False,False,False,True,False,False,False,False,False,True,False,False,False,False,False,False,False,False,False,False,False,False,False,False,False,False,False,False,False,False,False,False,False,False,True,False
UAE,Coffee Maker,2025-11-16,Home & Kitchen,0.0,182.495,,20.0,2.0,0.0,0.0,6,16,46,11,4,320,1,-0.7818314824680299,0.6234898018587334,-0.5000000000000004,0.8660254037844384,9.0,1,0.0,1,0.0,1,0.0,1,1.8571428571428572,3.4846602621858476,0.0,9.0,1.9285714285714286,1.0357142857142858,2.560123591593344,0.0,10.0,1.7931034482758619,0,182.495,0.0,0.0,False,False,False,True,False,False,False,False,False,True,False,False,False,False,False,False,False,False,False,False,False,False,False,False,False,False,False,False,False,False,False,False,False,False,True,False
UAE,Coffee Maker,2025-11-17,Home & Kitchen,0.0,182.495,,20.0,2.0,0.0,0.0,0,17,47,11,4,321,0,0.0,1.0,-0.5000000000000004,0.8660254037844384,0.0,1,0.0,1,0.0,1,0.0,1,1.8571428571428572,3.4846602621858476,0.0,9.0,1.9285714285714286,1.0357142857142858,2.560123591593344,0.0,10.0,1.7931034482758619,0,182.495,0.0,0.0,False,False,False,True,False,False,False,False,False,True,False,False,False,False,False,False,False,False,False,False,False,False,False,False,False,False,False,False,False,False,False,False,False,False,True,False
UAE,Coffee Maker,2025-11-18,Home & Kitchen,0.0,182.495,,20.0,2.0,0.0,0.0,1,18,47,11,4,322,0,0.7818314824680298,0.6234898018587336,-0.5000000000000004,0.8660254037844384,0.0,1,0.0,1,0.0,1,0.0,1,1.8571428571428572,3.4846602621858476,0.0,9.0,1.9285714285714286,1.0357142857142858,2.560123591593344,0.0,10.0,1.7931034482758619,0,182.495,0.0,0.0,False,False,False,True,False,False,False,False,False,True,False,False,False,False,False,False,False,False,False,False,False,False,False,False,False,False,False,False,False,False,False,False,False,False,True,False
UAE,Coffee Maker,2025-11-19,Home & Kitchen,0.0,182.495,,20.0,2.0,0.0,0.0,2,19,47,11,4,323,0,0.9749279121818236,-0.22252093395631434,-0.5000000000000004,0.8660254037844384,0.0,1,0.0,1,2.0,1,0.0,1,1.8571428571428572,3.4846602621858476,0.0,9.0,1.9285714285714286,1.0357142857142858,2.560123591593344,0.0,10.0,1.7931034482758619,0,182.495,0.0,0.0,False,False,False,True,False,False,False,False,False,True,False,False,False,False,False,False,False,False,False,False,False,False,False,False,False,False,False,False,False,False,False,False,False,False,True,False
UAE,Coffee Maker,2025-11-20,Home & Kitchen,4.0,266.51,0.16,20.0,2.0,1.0,0.0,3,20,47,11,4,324,0,0.43388373911755823,-0.900968867902419,-0.5000000000000004,0.8660254037844384,0.0,1,4.0,1,0.0,1,0.0,1,1.8571428571428572,3.4846602621858476,0.0,9.0,1.7857142857142858,1.0357142857142858,2.560123591593344,0.0,10.0,1.7931034482758619,1,182.495,84.01499999999999,0.4603687772267733,False,False,False,True,False,False,False,False,False,True,False,False,False,False,False,False,False,False,False,False,False,False,False,False,False,False,False,False,False,False,False,False,False,False,True,False
UAE,Coffee Maker,2025-11-21,Home & Kitchen,0.0,266.51,,20.0,2.0,0.0,0.0,4,21,47,11,4,325,0,-0.433883739117558,-0.9009688679024191,-0.5000000000000004,0.8660254037844384,4.0,1,0.0,1,2.0,1,0.0,1,1.8571428571428572,3.4846602621858476,0.0,9.0,2.0714285714285716,1.1785714285714286,2.6112799675222624,0.0,10.0,1.5757575757575757,0,266.51,0.0,0.0,False,False,False,True,False,False,False,False,False,True,False,False,False,False,False,False,False,False,False,False,False,False,False,False,False,False,False,False,False,False,False,False,False,False,True,False
UAE,Coffee Maker,2025-11-22,Home & Kitchen,0.0,266.51,,20.0,2.0,0.0,0.0,5,22,47,11,4,326,1,-0.9749279121818236,-0.2225209339563146,-0.5000000000000004,0.8660254037844384,0.0,1,9.0,1,10.0,1,1.0,1,1.8571428571428572,3.4846602621858476,0.0,9.0,1.9285714285714286,1.1785714285714286,2.6112799675222624,0.0,10.0,1.5757575757575757,0,266.51,0.0,0.0,False,False,False,True,False,False,False,False,False,True,False,False,False,False,False,False,False,False,False,False,False,False,False,False,False,False,False,False,False,False,False,False,False,False,True,False
UAE,Coffee Maker,2025-11-23,Home & Kitchen,7.0,106.53,0.28,20.0,2.0,1.0,1.0,6,23,47,11,4,327,1,-0.7818314824680299,0.6234898018587334,-0.5000000000000004,0.8660254037844384,0.0,1,0.0,1,0.0,1,0.0,1,0.5714285714285714,1.5118578920369083,0.0,4.0,1.2142857142857142,1.1428571428571428,2.620634439925734,0.0,10.0,0.5,1,266.51,-159.98,-0.6002776631270872,False,False,False,True,False,False,False,False,False,True,False,False,False,False,False,False,False,False,False,False,False,False,False,False,False,False,False,False,False,False,False,False,False,False,True,False
UAE,Coffee Maker,2025-11-24,Home & Kitchen,0.0,106.53,,20.0,2.0,0.0,0.0,0,24,48,11,4,328,0,0.0,1.0,-0.5000000000000004,0.8660254037844384,7.0,1,0.0,1,0.0,1,0.0,1,1.5714285714285714,2.8199966227605575,0.0,7.0,1.7142857142857142,1.3928571428571428,2.832866441456828,0.0,10.0,1.1282051282051282,0,106.53,0.0,0.0,False,False,False,True,False,False,False,False,False,True,False,False,False,False,False,False,False,False,False,False,False,False,False,False,False,False,False,False,False,False,False,False,False,False,True,False
UAE,Coffee Maker,2025-11-25,Home & Kitchen,0.0,106.53,,20.0,2.0,0.0,0.0,1,25,48,11,4,329,0,0.7818314824680298,0.6234898018587336,-0.5000000000000004,0.8660254037844384,0.0,1,0.0,1,0.0,1,0.0,1,1.5714285714285714,2.8199966227605575,0.0,7.0,1.7142857142857142,1.3928571428571428,2.832866441456828,0.0,10.0,1.1282051282051282,0,106.53,0.0,0.0,False,False,False,True,False,False,False,False,False,True,False,False,False,False,False,False,False,False,False,False,False,False,False,False,False,False,False,False,False,False,False,False,False,False,True,False
