store_id,product_id,date,category,sales,price,Discount_Applied,safety_stock,lead_time_days,promotion,is_outlier,day_of_week,day_of_month,week_of_year,month,quarter,day_of_year,is_weekend,sin_day_of_week,cos_day_of_week,sin_month,cos_month,lag_1,has_lag_1,lag_7,has_lag_7,lag_14,has_lag_14,lag_28,has_lag_28,rolling_mean_7,rolling_std_7,rolling_min_7,rolling_max_7,rolling_mean_14,rolling_mean_28,rolling_std_28,rolling_min_28,rolling_max_28,trend_ratio,is_promotion,previous_price,price_change,price_change_pct,store_id_Germany,store_id_India,store_id_Pakistan,store_id_UAE,store_id_UK,store_id_USA,product_id_4K Smart TV,product_id_Air Fryer,product_id_Blender,product_id_Coffee Maker,product_id_Cotton T-Shirt,product_id_Cycling Helmet,product_id_Denim Jeans,product_id_Dumbbell Set,product_id_Face Wash,product_id_Football,product_id_Formal Shirt,product_id_Gaming Laptop,product_id_Hair Serum,product_id_Lipstick Set,product_id_Microwave Oven,product_id_Moisturizing Cream,product_id_Perfume,product_id_Running Shoes,product_id_Smartphone 128GB,product_id_Smartwatch,product_id_Tennis Racket,product_id_Vacuum Cleaner,product_id_Winter Jacket,product_id_Wireless Noise-Canceling Headphones,product_id_Yoga Mat,category_Apparel,category_Beauty,category_Electronics,category_Home & Kitchen,category_Sports
UK,Coffee Maker,2025-05-23,Home & Kitchen,0.0,171.18,,20.0,2.0,0.0,0.0,4,23,21,5,2,143,0,-0.433883739117558,-0.9009688679024191,0.49999999999999994,-0.8660254037844387,0.0,1,0.0,1,0.0,1,0.0,1,0.0,0.0,0.0,0.0,0.14285714285714285,0.32142857142857145,0.98332660745615,0.0,4.0,0.0,0,171.18,0.0,0.0,False,False,False,False,True,False,False,False,False,True,False,False,False,False,False,False,False,False,False,False,False,False,False,False,False,False,False,False,False,False,False,False,False,False,True,False
UK,Coffee Maker,2025-05-24,Home & Kitchen,1.0,89.67,0.13,20.0,2.0,1.0,0.0,5,24,21,5,2,144,1,-0.9749279121818236,-0.2225209339563146,0.49999999999999994,-0.8660254037844387,0.0,1,0.0,1,0.0,1,0.0,1,0.0,0.0,0.0,0.0,0.14285714285714285,0.32142857142857145,0.98332660745615,0.0,4.0,0.0,1,171.18,-81.51,-0.4761654398878374,False,False,False,False,True,False,False,False,False,True,False,False,False,False,False,False,False,False,False,False,False,False,False,False,False,False,False,False,False,False,False,False,False,False,True,False
UK,Coffee Maker,2025-05-25,Home & Kitchen,0.0,89.67,,20.0,2.0,0.0,0.0,6,25,21,5,2,145,1,-0.7818314824680299,0.6234898018587334,0.49999999999999994,-0.8660254037844387,1.0,1,0.0,1,0.0,1,0.0,1,0.14285714285714285,0.377964473009236,0.0,1.0,0.21428571428571427,0.35714285714285715,0.989361399507775,0.0,4.0,0.39999999999999997,0,89.67,0.0,0.0,False,False,False,False,True,False,False,False,False,True,False,False,False,False,False,False,False,False,False,False,False,False,False,False,False,False,False,False,False,False,False,False,False,False,True,False
UK,Coffee Maker,2025-05-26,Home & Kitchen,0.0,89.67,,20.0,2.0,0.0,0.0,0,26,22,5,2,146,0,0.0,1.0,0.49999999999999994,-0.8660254037844387,0.0,1,0.0,1,0.0,1,4.0,1,0.14285714285714285,0.377964473009236,0.0,1.0,0.21428571428571427,0.35714285714285715,0.989361399507775,0.0,4.0,0.39999999999999997,0,89.67,0.0,0.0,False,False,False,False,True,False,False,False,False,True,False,False,False,False,False,False,False,False,False,False,False,False,False,False,False,False,False,False,False,False,False,False,False,False,True,False
UK,Coffee Maker,2025-05-27,Home & Kitchen,0.0,89.67,,20.0,2.0,0.0,0.0,1,27,22,5,2,147,0,0.7818314824680298,0.6234898018587336,0.49999999999999994,-0.8660254037844387,0.0,1,0.0,1,0.0,1,0.0,1,0.14285714285714285,0.377964473009236,0.0,1.0,0.21428571428571427,0.21428571428571427,0.6862211530545202,0.0,3.0,0.6666666666666666,0,89.67,0.0,0.0,False,False,False,False,True,False,False,False,False,True,False,False,False,False,False,False,False,False,False,False,False,False,False,False,False,False,False,False,False,False,False,False,False,False,True,False
UK,Coffee Maker,2025-05-28,Home & Kitchen,0.0,89.67,,20.0,2.0,0.0,0.0,2,28,22,5,2,148,0,0.9749279121818236,-0.22252093395631434,0.49999999999999994,-0.8660254037844387,0.0,1,0.0,1,0.0,1,0.0,1,0.14285714285714285,0.377964473009236,0.0,1.0,0.21428571428571427,0.21428571428571427,0.6862211530545202,0.0,3.0,0.6666666666666666,0,89.67,0.0,0.0,False,False,False,False,True,False,False,False,False,True,False,False,False,False,False,False,False,False,False,False,False,False,False,False,False,False,False,False,False,False,False,False,False,False,True,False
UK,Coffee Maker,2025-05-29,Home & Kitchen,2.0,137.88,0.06,20.0,2.0,1.0,0.0,3,29,22,5,2,149,0,0.43388373911755823,-0.900968867902419,0.49999999999999994,-0.8660254037844387,0.0,1,0.0,1,2.0,1,0.0,1,0.14285714285714285,0.377964473009236,0.0,1.0,0.21428571428571427,0.21428571428571427,0.6862211530545202,0.0,3.0,0.6666666666666666,1,89.67,48.209999999999994,0.5376380060220809,False,False,False,False,True,False,False,False,False,True,False,False,False,False,False,False,False,False,False,False,False,False,False,False,False,False,False,False,False,False,False,False,False,False,True,False
UK,Coffee Maker,2025-05-30,Home & Kitchen,0.0,137.88,,20.0,2.0,0.0,0.0,4,30,22,5,2,150,0,-0.433883739117558,-0.9009688679024191,0.49999999999999994,-0.8660254037844387,2.0,1,0.0,1,0.0,1,0.0,1,0.42857142857142855,0.7867957924694469,0.0,2.0,0.21428571428571427,0.2857142857142857,0.7628961803617753,0.0,3.0,1.5,0,137.88,0.0,0.0,False,False,False,False,True,False,False,False,False,True,False,False,False,False,False,False,False,False,False,False,False,False,False,False,False,False,False,False,False,False,False,False,False,False,True,False
UK,Coffee Maker,2025-05-31,Home & Kitchen,2.0,52.93,0.1,20.0,2.0,1.0,0.0,5,31,22,5,2,151,1,-0.9749279121818236,-0.2225209339563146,0.49999999999999994,-0.8660254037844387,0.0,1,1.0,1,0.0,1,0.0,1,0.42857142857142855,0.7867957924694469,0.0,2.0,0.21428571428571427,0.2857142857142857,0.7628961803617753,0.0,3.0,1.5,1,137.88,-84.94999999999999,-0.6161154627212068,False,False,False,False,True,False,False,False,False,True,False,False,False,False,False,False,False,False,False,False,False,False,False,False,False,False,False,False,False,False,False,False,False,False,True,False
UK,Coffee Maker,2025-06-01,Home & Kitchen,0.0,52.93,,20.0,2.0,0.0,0.0,6,1,22,6,2,152,1,-0.7818314824680299,0.6234898018587334,1.2246467991473532e-16,-1.0,2.0,1,0.0,1,0.0,1,0.0,1,0.5714285714285714,0.975900072948536,0.0,2.0,0.35714285714285715,0.35714285714285715,0.826159598709406,0.0,3.0,1.5999999999999999,0,52.93,0.0,0.0,False,False,False,False,True,False,False,False,False,True,False,False,False,False,False,False,False,False,False,False,False,False,False,False,False,False,False,False,False,False,False,False,False,False,True,False
UK,Coffee Maker,2025-06-02,Home & Kitchen,0.0,52.93,,20.0,2.0,0.0,0.0,0,2,23,6,2,153,0,0.0,1.0,1.2246467991473532e-16,-1.0,0.0,1,0.0,1,0.0,1,3.0,1,0.5714285714285714,0.975900072948536,0.0,2.0,0.35714285714285715,0.35714285714285715,0.826159598709406,0.0,3.0,1.5999999999999999,0,52.93,0.0,0.0,False,False,False,False,True,False,False,False,False,True,False,False,False,False,False,False,False,False,False,False,False,False,False,False,False,False,False,False,False,False,False,False,False,False,True,False
UK,Coffee Maker,2025-06-03,Home & Kitchen,0.0,52.93,,20.0,2.0,0.0,0.0,1,3,23,6,2,154,0,0.7818314824680298,0.6234898018587336,1.2246467991473532e-16,-1.0,0.0,1,0.0,1,0.0,1,0.0,1,0.5714285714285714,0.975900072948536,0.0,2.0,0.35714285714285715,0.25,0.6454972243679062,0.0,2.0,2.2857142857142856,0,52.93,0.0,0.0,False,False,False,False,True,False,False,False,False,True,False,False,False,False,False,False,False,False,False,False,False,False,False,False,False,False,False,False,False,False,False,False,False,False,True,False
UK,Coffee Maker,2025-06-04,Home & Kitchen,0.0,52.93,,20.0,2.0,0.0,0.0,2,4,23,6,2,155,0,0.9749279121818236,-0.22252093395631434,1.2246467991473532e-16,-1.0,0.0,1,0.0,1,0.0,1,0.0,1,0.5714285714285714,0.975900072948536,0.0,2.0,0.35714285714285715,0.25,0.6454972243679062,0.0,2.0,2.2857142857142856,0,52.93,0.0,0.0,False,False,False,False,True,False,False,False,False,True,False,False,False,False,False,False,False,False,False,False,False,False,False,False,False,False,False,False,False,False,False,False,False,False,True,False
UK,Coffee Maker,2025-06-05,Home & Kitchen,0.0,52.93,,20.0,2.0,0.0,0.0,3,5,23,6,2,156,0,0.43388373911755823,-0.900968867902419,1.2246467991473532e-16,-1.0,0.0,1,2.0,1,0.0,1,0.0,1,0.5714285714285714,0.975900072948536,0.0,2.0,0.35714285714285715,0.25,0.6454972243679062,0.0,2.0,2.2857142857142856,0,52.93,0.0,0.0,False,False,False,False,True,False,False,False,False,True,False,False,False,False,False,False,False,False,False,False,False,False,False,False,False,False,False,False,False,False,False,False,False,False,True,False
UK,Coffee Maker,2025-06-06,Home & Kitchen,2.0,99.08,0.13,20.0,2.0,1.0,0.0,4,6,23,6,2,157,0,-0.433883739117558,-0.9009688679024191,1.2246467991473532e-16,-1.0,0.0,1,0.0,1,0.0,1,0.0,1,0.2857142857142857,0.7559289460184585,0.0,2.0,0.35714285714285715,0.25,0.6454972243679062,0.0,2.0,1.1428571428571428,1,52.93,46.15,0.8719062913281692,False,False,False,False,True,False,False,False,False,True,False,False,False,False,False,False,False,False,False,False,False,False,False,False,False,False,False,False,False,False,False,False,False,False,True,False
UK,Coffee Maker,2025-06-07,Home & Kitchen,0.0,99.08,,20.0,2.0,0.0,0.0,5,7,23,6,2,158,1,-0.9749279121818236,-0.2225209339563146,1.2246467991473532e-16,-1.0,2.0,1,2.0,1,1.0,1,0.0,1,0.5714285714285714,0.975900072948536,0.0,2.0,0.5,0.32142857142857145,0.722832465019922,0.0,2.0,1.7777777777777775,0,99.08,0.0,0.0,False,False,False,False,True,False,False,False,False,True,False,False,False,False,False,False,False,False,False,False,False,False,False,False,False,False,False,False,False,False,False,False,False,False,True,False
UK,Coffee Maker,2025-06-08,Home & Kitchen,0.0,99.08,,20.0,2.0,0.0,0.0,6,8,23,6,2,159,1,-0.7818314824680299,0.6234898018587334,1.2246467991473532e-16,-1.0,0.0,1,0.0,1,0.0,1,0.0,1,0.2857142857142857,0.7559289460184585,0.0,2.0,0.42857142857142855,0.32142857142857145,0.722832465019922,0.0,2.0,0.8888888888888887,0,99.08,0.0,0.0,False,False,False,False,True,False,False,False,False,True,False,False,False,False,False,False,False,False,False,False,False,False,False,False,False,False,False,False,False,False,False,False,False,False,True,False
UK,Coffee Maker,2025-06-09,Home & Kitchen,0.0,99.08,,20.0,2.0,0.0,0.0,0,9,24,6,2,160,0,0.0,1.0,1.2246467991473532e-16,-1.0,0.0,1,0.0,1,0.0,1,0.0,1,0.2857142857142857,0.7559289460184585,0.0,2.0,0.42857142857142855,0.32142857142857145,0.722832465019922,0.0,2.0,0.8888888888888887,0,99.08,0.0,0.0,False,False,False,False,True,False,False,False,False,True,False,False,False,False,False,False,False,False,False,False,False,False,False,False,False,False,False,False,False,False,False,False,False,False,True,False
UK,Coffee Maker,2025-06-10,Home & Kitchen,0.0,99.08,,20.0,2.0,0.0,0.0,1,10,24,6,2,161,0,0.7818314824680298,0.6234898018587336,1.2246467991473532e-16,-1.0,0.0,1,0.0,1,0.0,1,0.0,1,0.2857142857142857,0.7559289460184585,0.0,2.0,0.42857142857142855,0.32142857142857145,0.722832465019922,0.0,2.0,0.8888888888888887,0,99.08,0.0,0.0,False,False,False,False,True,False,False,False,False,True,False,False,False,False,False,False,False,False,False,False,False,False,False,False,False,False,False,False,False,False,False,False,False,False,True,False
UK,Coffee Maker,2025-06-11,Home & Kitchen,0.0,99.08,,20.0,2.0,0.0,0.0,2,11,24,6,2,162,0,0.9749279121818236,-0.22252093395631434,1.2246467991473532e-16,-1.0,0.0,1,0.0,1,0.0,1,0.0,1,0.2857142857142857,0.7559289460184585,0.0,2.0,0.42857142857142855,0.32142857142857145,0.722832465019922,0.0,2.0,0.8888888888888887,0,99.08,0.0,0.0,False,False,False,False,True,False,False,False,False,True,False,False,False,False,False,False,False,False,False,False,False,False,False,False,False,False,False,False,False,False,False,False,False,False,True,False
UK,Coffee Maker,2025-06-12,Home & Kitchen,0.0,99.08,,20.0,2.0,0.0,0.0,3,12,24,6,2,163,0,0.43388373911755823,-0.900968867902419,1.2246467991473532e-16,-1.0,0.0,1,0.0,1,2.0,1,2.0,1,0.2857142857142857,0.7559289460184585,0.0,2.0,0.42857142857142855,0.32142857142857145,0.722832465019922,0.0,2.0,0.8888888888888887,0,99.08,0.0,0.0,False,False,False,False,True,False,False,False,False,True,False,False,False,False,False,False,False,False,False,False,False,False,False,False,False,False,False,False,False,False,False,False,False,False,True,False
UK,Coffee Maker,2025-06-13,Home & Kitchen,0.0,99.08,,20.0,2.0,0.0,0.0,4,13,24,6,2,164,0,-0.433883739117558,-0.9009688679024191,1.2246467991473532e-16,-1.0,0.0,1,2.0,1,0.0,1,0.0,1,0.2857142857142857,0.7559289460184585,0.0,2.0,0.2857142857142857,0.25,0.6454972243679062,0.0,2.0,1.1428571428571428,0,99.08,0.0,0.0,False,False,False,False,True,False,False,False,False,True,False,False,False,False,False,False,False,False,False,False,False,False,False,False,False,False,False,False,False,False,False,False,False,False,True,False
UK,Coffee Maker,2025-06-14,Home & Kitchen,3.0,229.52,0.07,20.0,2.0,1.0,0.0,5,14,24,6,2,165,1,-0.9749279121818236,-0.2225209339563146,1.2246467991473532e-16,-1.0,0.0,1,0.0,1,2.0,1,0.0,1,0.0,0.0,0.0,0.0,0.2857142857142857,0.25,0.6454972243679062,0.0,2.0,0.0,1,99.08,130.44,1.3165119095680258,False,False,False,False,True,False,False,False,False,True,False,False,False,False,False,False,False,False,False,False,False,False,False,False,False,False,False,False,False,False,False,False,False,False,True,False
UK,Coffee Maker,2025-06-15,Home & Kitchen,0.0,229.52,,20.0,2.0,0.0,0.0,6,15,24,6,2,166,1,-0.7818314824680299,0.6234898018587334,1.2246467991473532e-16,-1.0,3.0,1,0.0,1,0.0,1,0.0,1,0.42857142857142855,1.1338934190276844,0.0,3.0,0.35714285714285715,0.35714285714285715,0.826159598709406,0.0,3.0,1.2,0,229.52,0.0,0.0,False,False,False,False,True,False,False,False,False,True,False,False,False,False,False,False,False,False,False,False,False,False,False,False,False,False,False,False,False,False,False,False,False,False,True,False
UK,Coffee Maker,2025-06-16,Home & Kitchen,0.0,229.52,,20.0,2.0,0.0,0.0,0,16,25,6,2,167,0,0.0,1.0,1.2246467991473532e-16,-1.0,0.0,1,0.0,1,0.0,1,0.0,1,0.42857142857142855,1.1338934190276844,0.0,3.0,0.35714285714285715,0.35714285714285715,0.826159598709406,0.0,3.0,1.2,0,229.52,0.0,0.0,False,False,False,False,True,False,False,False,False,True,False,False,False,False,False,False,False,False,False,False,False,False,False,False,False,False,False,False,False,False,False,False,False,False,True,False
UK,Coffee Maker,2025-06-17,Home & Kitchen,0.0,229.52,,20.0,2.0,0.0,0.0,1,17,25,6,2,168,0,0.7818314824680298,0.6234898018587336,1.2246467991473532e-16,-1.0,0.0,1,0.0,1,0.0,1,0.0,1,0.42857142857142855,1.1338934190276844,0.0,3.0,0.35714285714285715,0.35714285714285715,0.826159598709406,0.0,3.0,1.2,0,229.52,0.0,0.0,False,False,False,False,True,False,False,False,False,True,False,False,False,False,False,False,False,False,False,False,False,False,False,False,False,False,False,False,False,False,False,False,False,False,True,False
UK,Coffee Maker,2025-06-18,Home & Kitchen,0.0,229.52,,20.0,2.0,0.0,0.0,2,18,25,6,2,169,0,0.9749279121818236,-0.22252093395631434,1.2246467991473532e-16,-1.0,0.0,1,0.0,1,0.0,1,0.0,1,0.42857142857142855,1.1338934190276844,0.0,3.0,0.35714285714285715,0.35714285714285715,0.826159598709406,0.0,3.0,1.2,0,229.52,0.0,0.0,False,False,False,False,True,False,False,False,False,True,False,False,False,False,False,False,False,False,False,False,False,False,False,False,False,False,False,False,False,False,False,False,False,False,True,False
UK,Coffee Maker,2025-06-19,Home & Kitchen,3.0,104.5,0.06,20.0,2.0,1.0,0.0,3,19,25,6,2,170,0,0.43388373911755823,-0.900968867902419,1.2246467991473532e-16,-1.0,0.0,1,0.0,1,0.0,1,0.0,1,0.42857142857142855,1.1338934190276844,0.0,3.0,0.35714285714285715,0.35714285714285715,0.826159598709406,0.0,3.0,1.2,1,229.52,-125.02000000000001,-0.544701986754967,False,False,False,False,True,False,False,False,False,True,False,False,False,False,False,False,False,False,False,False,False,False,False,False,False,False,False,False,False,False,False,False,False,False,True,False
UK,Coffee Maker,2025-06-20,Home & Kitchen,0.0,104.5,,20.0,2.0,0.0,0.0,4,20,25,6,2,171,0,-0.433883739117558,-0.9009688679024191,1.2246467991473532e-16,-1.0,3.0,1,0.0,1,2.0,1,0.0,1,0.8571428571428571,1.4638501094228014,0.0,3.0,0.5714285714285714,0.4642857142857143,0.9615628812527961,0.0,3.0,1.846153846153846,0,104.5,0.0,0.0,False,False,False,False,True,False,False,False,False,True,False,False,False,False,False,False,False,False,False,False,False,False,False,False,False,False,False,False,False,False,False,False,False,False,True,False
UK,Coffee Maker,2025-06-21,Home & Kitchen,0.0,104.5,,20.0,2.0,0.0,0.0,5,21,25,6,2,172,1,-0.9749279121818236,-0.2225209339563146,1.2246467991473532e-16,-1.0,0.0,1,3.0,1,0.0,1,1.0,1,0.8571428571428571,1.4638501094228014,0.0,3.0,0.42857142857142855,0.4642857142857143,0.9615628812527961,0.0,3.0,1.846153846153846,0,104.5,0.0,0.0,False,False,False,False,True,False,False,False,False,True,False,False,False,False,False,False,False,False,False,False,False,False,False,False,False,False,False,False,False,False,False,False,False,False,True,False
UK,Coffee Maker,2025-06-22,Home & Kitchen,0.0,104.5,,20.0,2.0,0.0,0.0,6,22,25,6,2,173,1,-0.7818314824680299,0.6234898018587334,1.2246467991473532e-16,-1.0,0.0,1,0.0,1,0.0,1,0.0,1,0.42857142857142855,1.1338934190276841,0.0,3.0,0.42857142857142855,0.42857142857142855,0.9594972228385682,0.0,3.0,1.0,0,104.5,0.0,0.0,False,False,False,False,True,False,False,False,False,True,False,False,False,False,False,False,False,False,False,False,False,False,False,False,False,False,False,False,False,False,False,False,False,False,True,False
UK,Coffee Maker,2025-06-23,Home & Kitchen,0.0,104.5,,20.0,2.0,0.0,0.0,0,23,26,6,2,174,0,0.0,1.0,1.2246467991473532e-16,-1.0,0.0,1,0.0,1,0.0,1,0.0,1,0.42857142857142855,1.1338934190276841,0.0,3.0,0.42857142857142855,0.42857142857142855,0.9594972228385682,0.0,3.0,1.0,0,104.5,0.0,0.0,False,False,False,False,True,False,False,False,False,True,False,False,False,False,False,False,False,False,False,False,False,False,False,False,False,False,False,False,False,False,False,False,False,False,True,False
UK,Coffee Maker,2025-06-24,Home & Kitchen,3.0,217.04,0.14,20.0,2.0,1.0,0.0,1,24,26,6,2,175,0,0.7818314824680298,0.6234898018587336,1.2246467991473532e-16,-1.0,0.0,1,0.0,1,0.0,1,0.0,1,0.42857142857142855,1.1338934190276841,0.0,3.0,0.42857142857142855,0.42857142857142855,0.9594972228385682,0.0,3.0,1.0,1,104.5,112.53999999999999,1.0769377990430622,False,False,False,False,True,False,False,False,False,True,False,False,False,False,False,False,False,False,False,False,False,False,False,False,False,False,False,False,False,False,False,False,False,False,True,False
UK,Coffee Maker,2025-06-25,Home & Kitchen,2.0,84.89,0.09,20.0,2.0,1.0,0.0,2,25,26,6,2,176,0,0.9749279121818236,-0.22252093395631434,1.2246467991473532e-16,-1.0,3.0,1,0.0,1,0.0,1,0.0,1,0.8571428571428571,1.4638501094228014,0.0,3.0,0.6428571428571429,0.5357142857142857,1.0708993401928124,0.0,3.0,1.5999999999999999,1,217.04,-132.14999999999998,-0.6088739402875045,False,False,False,False,True,False,False,False,False,True,False,False,False,False,False,False,False,False,False,False,False,False,False,False,False,False,False,False,False,False,False,False,False,False,True,False
UK,Coffee Maker,2025-06-26,Home & Kitchen,2.0,291.23,0.09,20.0,2.0,1.0,0.0,3,26,26,6,2,177,0,0.43388373911755823,-0.900968867902419,1.2246467991473532e-16,-1.0,2.0,1,3.0,1,0.0,1,2.0,1,1.1428571428571428,1.4638501094228014,0.0,3.0,0.7857142857142857,0.6071428571428571,1.1001442906807564,0.0,3.0,1.8823529411764706,1,84.89,206.34000000000003,2.4306749911650374,False,False,False,False,True,False,False,False,False,True,False,False,False,False,False,False,False,False,False,False,False,False,False,False,False,False,False,False,False,False,False,False,False,False,True,False
UK,Coffee Maker,2025-06-27,Home & Kitchen,0.0,291.23,,20.0,2.0,0.0,0.0,4,27,26,6,2,178,0,-0.433883739117558,-0.9009688679024191,1.2246467991473532e-16,-1.0,2.0,1,0.0,1,0.0,1,0.0,1,1.0,1.2909944487358074,0.0,3.0,0.9285714285714286,0.6071428571428571,1.1001442906807564,0.0,3.0,1.647058823529412,0,291.23,0.0,0.0,False,False,False,False,True,False,False,False,False,True,False,False,False,False,False,False,False,False,False,False,False,False,False,False,False,False,False,False,False,False,False,False,False,False,True,False
UK,Coffee Maker,2025-06-28,Home & Kitchen,0.0,291.23,,20.0,2.0,0.0,0.0,5,28,26,6,2,179,1,-0.9749279121818236,-0.2225209339563146,1.2246467991473532e-16,-1.0,0.0,1,0.0,1,3.0,1,2.0,1,1.0,1.2909944487358074,0.0,3.0,0.9285714285714286,0.6071428571428571,1.1001442906807564,0.0,3.0,1.647058823529412,0,291.23,0.0,0.0,False,False,False,False,True,False,False,False,False,True,False,False,False,False,False,False,False,False,False,False,False,False,False,False,False,False,False,False,False,False,False,False,False,False,True,False
UK,Coffee Maker,2025-06-29,Home & Kitchen,0.0,291.23,,20.0,2.0,0.0,0.0,6,29,26,6,2,180,1,-0.7818314824680299,0.6234898018587334,1.2246467991473532e-16,-1.0,0.0,1,0.0,1,0.0,1,0.0,1,1.0,1.2909944487358074,0.0,3.0,0.7142857142857143,0.5357142857142857,1.0708993401928124,0.0,3.0,1.8666666666666667,0,291.23,0.0,0.0,False,False,False,False,True,False,False,False,False,True,False,False,False,False,False,False,False,False,False,False,False,False,False,False,False,False,False,False,False,False,False,False,False,False,True,False
UK,Coffee Maker,2025-06-30,Home & Kitchen,0.0,291.23,,20.0,2.0,0.0,0.0,0,30,27,6,2,181,0,0.0,1.0,1.2246467991473532e-16,-1.0,0.0,1,0.0,1,0.0,1,0.0,1,1.0,1.2909944487358074,0.0,3.0,0.7142857142857143,0.5357142857142857,1.0708993401928124,0.0,3.0,1.8666666666666667,0,291.23,0.0,0.0,False,False,False,False,True,False,False,False,False,True,False,False,False,False,False,False,False,False,False,False,False,False,False,False,False,False,False,False,False,False,False,False,False,False,True,False
UK,Coffee Maker,2025-07-01,Home & Kitchen,0.0,291.23,,20.0,2.0,0.0,0.0,1,1,27,7,3,182,0,0.7818314824680298,0.6234898018587336,-0.4999999999999997,-0.8660254037844388,0.0,1,3.0,1,0.0,1,0.0,1,1.0,1.2909944487358074,0.0,3.0,0.7142857142857143,0.5357142857142857,1.0708993401928124,0.0,3.0,1.8666666666666667,0,291.23,0.0,0.0,False,False,False,False,True,False,False,False,False,True,False,False,False,False,False,False,False,False,False,False,False,False,False,False,False,False,False,False,False,False,False,False,False,False,True,False
UK,Coffee Maker,2025-07-02,Home & Kitchen,0.0,291.23,,20.0,2.0,0.0,0.0,2,2,27,7,3,183,0,0.9749279121818236,-0.22252093395631434,-0.4999999999999997,-0.8660254037844388,0.0,1,2.0,1,0.0,1,0.0,1,0.5714285714285714,0.9759000729485362,0.0,2.0,0.7142857142857143,0.5357142857142857,1.0708993401928124,0.0,3.0,1.0666666666666667,0,291.23,0.0,0.0,False,False,False,False,True,False,False,False,False,True,False,False,False,False,False,False,False,False,False,False,False,False,False,False,False,False,False,False,False,False,False,False,False,False,True,False
UK,Coffee Maker,2025-07-03,Home & Kitchen,0.0,291.23,,20.0,2.0,0.0,0.0,3,3,27,7,3,184,0,0.43388373911755823,-0.900968867902419,-0.4999999999999997,-0.8660254037844388,0.0,1,2.0,1,3.0,1,0.0,1,0.2857142857142857,0.7559289460184587,0.0,2.0,0.7142857142857143,0.5357142857142857,1.0708993401928124,0.0,3.0,0.5333333333333333,0,291.23,0.0,0.0,False,False,False,False,True,False,False,False,False,True,False,False,False,False,False,False,False,False,False,False,False,False,False,False,False,False,False,False,False,False,False,False,False,False,True,False
UK,Coffee Maker,2025-07-04,Home & Kitchen,0.0,291.23,,20.0,2.0,0.0,0.0,4,4,27,7,3,185,0,-0.433883739117558,-0.9009688679024191,-0.4999999999999997,-0.8660254037844388,0.0,1,0.0,1,0.0,1,2.0,1,0.0,0.0,0.0,0.0,0.5,0.5357142857142857,1.0708993401928124,0.0,3.0,0.0,0,291.23,0.0,0.0,False,False,False,False,True,False,False,False,False,True,False,False,False,False,False,False,False,False,False,False,False,False,False,False,False,False,False,False,False,False,False,False,False,False,True,False
UK,Coffee Maker,2025-07-05,Home & Kitchen,0.0,291.23,,20.0,2.0,0.0,0.0,5,5,27,7,3,186,1,-0.9749279121818236,-0.2225209339563146,-0.4999999999999997,-0.8660254037844388,0.0,1,0.0,1,0.0,1,0.0,1,0.0,0.0,0.0,0.0,0.5,0.4642857142857143,1.0357370915204915,0.0,3.0,0.0,0,291.23,0.0,0.0,False,False,False,False,True,False,False,False,False,True,False,False,False,False,False,False,False,False,False,False,False,False,False,False,False,False,False,False,False,False,False,False,False,False,True,False
UK,Coffee Maker,2025-07-06,Home & Kitchen,0.0,291.23,,20.0,2.0,0.0,0.0,6,6,27,7,3,187,1,-0.7818314824680299,0.6234898018587334,-0.4999999999999997,-0.8660254037844388,0.0,1,0.0,1,0.0,1,0.0,1,0.0,0.0,0.0,0.0,0.5,0.4642857142857143,1.0357370915204915,0.0,3.0,0.0,0,291.23,0.0,0.0,False,False,False,False,True,False,False,False,False,True,False,False,False,False,False,False,False,False,False,False,False,False,False,False,False,False,False,False,False,False,False,False,False,False,True,False
UK,Coffee Maker,2025-07-07,Home & Kitchen,0.0,291.23,,20.0,2.0,0.0,0.0,0,7,28,7,3,188,0,0.0,1.0,-0.4999999999999997,-0.8660254037844388,0.0,1,0.0,1,0.0,1,0.0,1,0.0,0.0,0.0,0.0,0.5,0.4642857142857143,1.0357370915204915,0.0,3.0,0.0,0,291.23,0.0,0.0,False,False,False,False,True,False,False,False,False,True,False,False,False,False,False,False,False,False,False,False,False,False,False,False,False,False,False,False,False,False,False,False,False,False,True,False
UK,Coffee Maker,2025-07-08,Home & Kitchen,2.0,212.55,0.13,20.0,2.0,1.0,0.0,1,8,28,7,3,189,0,0.7818314824680298,0.6234898018587336,-0.4999999999999997,-0.8660254037844388,0.0,1,0.0,1,3.0,1,0.0,1,0.0,0.0,0.0,0.0,0.5,0.4642857142857143,1.0357370915204915,0.0,3.0,0.0,1,291.23,-78.68,-0.27016447481372113,False,False,False,False,True,False,False,False,False,True,False,False,False,False,False,False,False,False,False,False,False,False,False,False,False,False,False,False,False,False,False,False,False,False,True,False
UK,Coffee Maker,2025-07-09,Home & Kitchen,3.0,115.88,0.08,20.0,2.0,1.0,0.0,2,9,28,7,3,190,0,0.9749279121818236,-0.22252093395631434,-0.4999999999999997,-0.8660254037844388,2.0,1,0.0,1,2.0,1,0.0,1,0.2857142857142857,0.7559289460184587,0.0,2.0,0.42857142857142855,0.5357142857142857,1.0708993401928124,0.0,3.0,0.5333333333333333,1,212.55,-96.67000000000002,-0.45481063279228423,False,False,False,False,True,False,False,False,False,True,False,False,False,False,False,False,False,False,False,False,False,False,False,False,False,False,False,False,False,False,False,False,False,False,True,False
UK,Coffee Maker,2025-07-10,Home & Kitchen,0.0,115.88,,20.0,2.0,0.0,0.0,3,10,28,7,3,191,0,0.43388373911755823,-0.900968867902419,-0.4999999999999997,-0.8660254037844388,3.0,1,0.0,1,2.0,1,0.0,1,0.7142857142857143,1.2535663410560196,0.0,3.0,0.5,0.6428571428571429,1.1615534207286178,0.0,3.0,1.1111111111111112,0,115.88,0.0,0.0,False,False,False,False,True,False,False,False,False,True,False,False,False,False,False,False,False,False,False,False,False,False,False,False,False,False,False,False,False,False,False,False,False,False,True,False
UK,Coffee Maker,2025-07-11,Home & Kitchen,0.0,115.88,,20.0,2.0,0.0,0.0,4,11,28,7,3,192,0,-0.433883739117558,-0.9009688679024191,-0.4999999999999997,-0.8660254037844388,0.0,1,0.0,1,0.0,1,0.0,1,0.7142857142857143,1.2535663410560196,0.0,3.0,0.35714285714285715,0.6428571428571429,1.1615534207286178,0.0,3.0,1.1111111111111112,0,115.88,0.0,0.0,False,False,False,False,True,False,False,False,False,True,False,False,False,False,False,False,False,False,False,False,False,False,False,False,False,False,False,False,False,False,False,False,False,False,True,False
UK,Coffee Maker,2025-07-12,Home & Kitchen,0.0,115.88,,20.0,2.0,0.0,0.0,5,12,28,7,3,193,1,-0.9749279121818236,-0.2225209339563146,-0.4999999999999997,-0.8660254037844388,0.0,1,0.0,1,0.0,1,3.0,1,0.7142857142857143,1.2535663410560196,0.0,3.0,0.35714285714285715,0.6428571428571429,1.1615534207286178,0.0,3.0,1.1111111111111112,0,115.88,0.0,0.0,False,False,False,False,True,False,False,False,False,True,False,False,False,False,False,False,False,False,False,False,False,False,False,False,False,False,False,False,False,False,False,False,False,False,True,False
UK,Coffee Maker,2025-07-13,Home & Kitchen,0.0,115.88,,20.0,2.0,0.0,0.0,6,13,28,7,3,194,1,-0.7818314824680299,0.6234898018587334,-0.4999999999999997,-0.8660254037844388,0.0,1,0.0,1,0.0,1,0.0,1,0.7142857142857143,1.2535663410560196,0.0,3.0,0.35714285714285715,0.5357142857142857,1.0708993401928124,0.0,3.0,1.3333333333333335,0,115.88,0.0,0.0,False,False,False,False,True,False,False,False,False,True,False,False,False,False,False,False,False,False,False,False,False,False,False,False,False,False,False,False,False,False,False,False,False,False,True,False
UK,Coffee Maker,2025-07-14,Home & Kitchen,3.0,125.13,0.14,20.0,2.0,1.0,0.0,0,14,29,7,3,195,0,0.0,1.0,-0.4999999999999997,-0.8660254037844388,0.0,1,0.0,1,0.0,1,0.0,1,0.7142857142857143,1.2535663410560196,0.0,3.0,0.35714285714285715,0.5357142857142857,1.0708993401928124,0.0,3.0,1.3333333333333335,1,115.88,9.25,0.07982395581636176,False,False,False,False,True,False,False,False,False,True,False,False,False,False,False,False,False,False,False,False,False,False,False,False,False,False,False,False,False,False,False,False,False,False,True,False
UK,Coffee Maker,2025-07-15,Home & Kitchen,0.0,125.13,,20.0,2.0,0.0,0.0,1,15,29,7,3,196,0,0.7818314824680298,0.6234898018587336,-0.4999999999999997,-0.8660254037844388,3.0,1,2.0,1,0.0,1,0.0,1,1.1428571428571428,1.4638501094228014,0.0,3.0,0.5714285714285714,0.6428571428571429,1.1615534207286178,0.0,3.0,1.7777777777777775,0,125.13,0.0,0.0,False,False,False,False,True,False,False,False,False,True,False,False,False,False,False,False,False,False,False,False,False,False,False,False,False,False,False,False,False,False,False,False,False,False,True,False
UK,Coffee Maker,2025-07-16,Home & Kitchen,0.0,125.13,,20.0,2.0,0.0,0.0,2,16,29,7,3,197,0,0.9749279121818236,-0.22252093395631434,-0.4999999999999997,-0.8660254037844388,0.0,1,3.0,1,0.0,1,0.0,1,0.8571428571428571,1.4638501094228016,0.0,3.0,0.5714285714285714,0.6428571428571429,1.1615534207286178,0.0,3.0,1.3333333333333333,0,125.13,0.0,0.0,False,False,False,False,True,False,False,False,False,True,False,False,False,False,False,False,False,False,False,False,False,False,False,False,False,False,False,False,False,False,False,False,False,False,True,False
UK,Coffee Maker,2025-07-17,Home & Kitchen,0.0,125.13,,20.0,2.0,0.0,0.0,3,17,29,7,3,198,0,0.43388373911755823,-0.900968867902419,-0.4999999999999997,-0.8660254037844388,0.0,1,0.0,1,0.0,1,3.0,1,0.42857142857142855,1.1338934190276844,0.0,3.0,0.5714285714285714,0.6428571428571429,1.1615534207286178,0.0,3.0,0.6666666666666666,0,125.13,0.0,0.0,False,False,False,False,True,False,False,False,False,True,False,False,False,False,False,False,False,False,False,False,False,False,False,False,False,False,False,False,False,False,False,False,False,False,True,False
UK,Coffee Maker,2025-07-18,Home & Kitchen,0.0,125.13,,20.0,2.0,0.0,0.0,4,18,29,7,3,199,0,-0.433883739117558,-0.9009688679024191,-0.4999999999999997,-0.8660254037844388,0.0,1,0.0,1,0.0,1,0.0,1,0.42857142857142855,1.1338934190276844,0.0,3.0,0.5714285714285714,0.5357142857142857,1.0708993401928124,0.0,3.0,0.7999999999999999,0,125.13,0.0,0.0,False,False,False,False,True,False,False,False,False,True,False,False,False,False,False,False,False,False,False,False,False,False,False,False,False,False,False,False,False,False,False,False,False,False,True,False
UK,Coffee Maker,2025-07-19,Home & Kitchen,0.0,125.13,,20.0,2.0,0.0,0.0,5,19,29,7,3,200,1,-0.9749279121818236,-0.2225209339563146,-0.4999999999999997,-0.8660254037844388,0.0,1,0.0,1,0.0,1,0.0,1,0.42857142857142855,1.1338934190276844,0.0,3.0,0.5714285714285714,0.5357142857142857,1.0708993401928124,0.0,3.0,0.7999999999999999,0,125.13,0.0,0.0,False,False,False,False,True,False,False,False,False,True,False,False,False,False,False,False,False,False,False,False,False,False,False,False,False,False,False,False,False,False,False,False,False,False,True,False
UK,Coffee Maker,2025-07-20,Home & Kitchen,0.0,125.13,,20.0,2.0,0.0,0.0,6,20,29,7,3,201,1,-0.7818314824680299,0.6234898018587334,-0.4999999999999997,-0.8660254037844388,0.0,1,0.0,1,0.0,1,0.0,1,0.42857142857142855,1.1338934190276844,0.0,3.0,0.5714285714285714,0.5357142857142857,1.0708993401928124,0.0,3.0,0.7999999999999999,0,125.13,0.0,0.0,False,False,False,False,True,False,False,False,False,True,False,False,False,False,False,False,False,False,False,False,False,False,False,False,False,False,False,False,False,False,False,False,False,False,True,False
UK,Coffee Maker,2025-07-21,Home & Kitchen,0.0,125.13,,20.0,2.0,0.0,0.0,0,21,30,7,3,202,0,0.0,1.0,-0.4999999999999997,-0.8660254037844388,0.0,1,3.0,1,0.0,1,0.0,1,0.42857142857142855,1.1338934190276844,0.0,3.0,0.5714285714285714,0.5357142857142857,1.0708993401928124,0.0,3.0,0.7999999999999999,0,125.13,0.0,0.0,False,False,False,False,True,False,False,False,False,True,False,False,False,False,False,False,False,False,False,False,False,False,False,False,False,False,False,False,False,False,False,False,False,False,True,False
UK,Coffee Maker,2025-07-22,Home & Kitchen,0.0,125.13,,20.0,2.0,0.0,0.0,1,22,30,7,3,203,0,0.7818314824680298,0.6234898018587336,-0.4999999999999997,-0.8660254037844388,0.0,1,0.0,1,2.0,1,3.0,1,0.0,0.0,0.0,0.0,0.5714285714285714,0.5357142857142857,1.0708993401928124,0.0,3.0,0.0,0,125.13,0.0,0.0,False,False,False,False,True,False,False,False,False,True,False,False,False,False,False,False,False,False,False,False,False,False,False,False,False,False,False,False,False,False,False,False,False,False,True,False
UK,Coffee Maker,2025-07-23,Home & Kitchen,0.0,125.13,,20.0,2.0,0.0,0.0,2,23,30,7,3,204,0,0.9749279121818236,-0.22252093395631434,-0.4999999999999997,-0.8660254037844388,0.0,1,0.0,1,3.0,1,2.0,1,0.0,0.0,0.0,0.0,0.42857142857142855,0.42857142857142855,0.9594972228385682,0.0,3.0,0.0,0,125.13,0.0,0.0,False,False,False,False,True,False,False,False,False,True,False,False,False,False,False,False,False,False,False,False,False,False,False,False,False,False,False,False,False,False,False,False,False,False,True,False
UK,Coffee Maker,2025-07-24,Home & Kitchen,0.0,125.13,,20.0,2.0,0.0,0.0,3,24,30,7,3,205,0,0.43388373911755823,-0.900968867902419,-0.4999999999999997,-0.8660254037844388,0.0,1,0.0,1,0.0,1,2.0,1,0.0,0.0,0.0,0.0,0.21428571428571427,0.35714285714285715,0.9114207758701988,0.0,3.0,0.0,0,125.13,0.0,0.0,False,False,False,False,True,False,False,False,False,True,False,False,False,False,False,False,False,False,False,False,False,False,False,False,False,False,False,False,False,False,False,False,False,False,True,False
UK,Coffee Maker,2025-07-25,Home & Kitchen,0.0,125.13,,20.0,2.0,0.0,0.0,4,25,30,7,3,206,0,-0.433883739117558,-0.9009688679024191,-0.4999999999999997,-0.8660254037844388,0.0,1,0.0,1,0.0,1,0.0,1,0.0,0.0,0.0,0.0,0.21428571428571427,0.2857142857142857,0.8544932592822103,0.0,3.0,0.0,0,125.13,0.0,0.0,False,False,False,False,True,False,False,False,False,True,False,False,False,False,False,False,False,False,False,False,False,False,False,False,False,False,False,False,False,False,False,False,False,False,True,False
UK,Coffee Maker,2025-07-26,Home & Kitchen,0.0,125.13,,20.0,2.0,0.0,0.0,5,26,30,7,3,207,1,-0.9749279121818236,-0.2225209339563146,-0.4999999999999997,-0.8660254037844388,0.0,1,0.0,1,0.0,1,0.0,1,0.0,0.0,0.0,0.0,0.21428571428571427,0.2857142857142857,0.8544932592822103,0.0,3.0,0.0,0,125.13,0.0,0.0,False,False,False,False,True,False,False,False,False,True,False,False,False,False,False,False,False,False,False,False,False,False,False,False,False,False,False,False,False,False,False,False,False,False,True,False
UK,Coffee Maker,2025-07-27,Home & Kitchen,0.0,125.13,,20.0,2.0,0.0,0.0,6,27,30,7,3,208,1,-0.7818314824680299,0.6234898018587334,-0.4999999999999997,-0.8660254037844388,0.0,1,0.0,1,0.0,1,0.0,1,0.0,0.0,0.0,0.0,0.21428571428571427,0.2857142857142857,0.8544932592822103,0.0,3.0,0.0,0,125.13,0.0,0.0,False,False,False,False,True,False,False,False,False,True,False,False,False,False,False,False,False,False,False,False,False,False,False,False,False,False,False,False,False,False,False,False,False,False,True,False
UK,Coffee Maker,2025-07-28,Home & Kitchen,0.0,125.13,,20.0,2.0,0.0,0.0,0,28,31,7,3,209,0,0.0,1.0,-0.4999999999999997,-0.8660254037844388,0.0,1,0.0,1,3.0,1,0.0,1,0.0,0.0,0.0,0.0,0.21428571428571427,0.2857142857142857,0.8544932592822103,0.0,3.0,0.0,0,125.13,0.0,0.0,False,False,False,False,True,False,False,False,False,True,False,False,False,False,False,False,False,False,False,False,False,False,False,False,False,False,False,False,False,False,False,False,False,False,True,False
UK,Coffee Maker,2025-07-29,Home & Kitchen,0.0,125.13,,20.0,2.0,0.0,0.0,1,29,31,7,3,210,0,0.7818314824680298,0.6234898018587336,-0.4999999999999997,-0.8660254037844388,0.0,1,0.0,1,0.0,1,0.0,1,0.0,0.0,0.0,0.0,0.0,0.2857142857142857,0.8544932592822103,0.0,3.0,0.0,0,125.13,0.0,0.0,False,False,False,False,True,False,False,False,False,True,False,False,False,False,False,False,False,False,False,False,False,False,False,False,False,False,False,False,False,False,False,False,False,False,True,False
UK,Coffee Maker,2025-07-30,Home & Kitchen,0.0,125.13,,20.0,2.0,0.0,0.0,2,30,31,7,3,211,0,0.9749279121818236,-0.22252093395631434,-0.4999999999999997,-0.8660254037844388,0.0,1,0.0,1,0.0,1,0.0,1,0.0,0.0,0.0,0.0,0.0,0.2857142857142857,0.8544932592822103,0.0,3.0,0.0,0,125.13,0.0,0.0,False,False,False,False,True,False,False,False,False,True,False,False,False,False,False,False,False,False,False,False,False,False,False,False,False,False,False,False,False,False,False,False,False,False,True,False
UK,Coffee Maker,2025-07-31,Home & Kitchen,0.0,125.13,,20.0,2.0,0.0,0.0,3,31,31,7,3,212,0,0.43388373911755823,-0.900968867902419,-0.4999999999999997,-0.8660254037844388,0.0,1,0.0,1,0.0,1,0.0,1,0.0,0.0,0.0,0.0,0.0,0.2857142857142857,0.8544932592822103,0.0,3.0,0.0,0,125.13,0.0,0.0,False,False,False,False,True,False,False,False,False,True,False,False,False,False,False,False,False,False,False,False,False,False,False,False,False,False,False,False,False,False,False,False,False,False,True,False
UK,Coffee Maker,2025-08-01,Home & Kitchen,0.0,125.13,,20.0,2.0,0.0,0.0,4,1,31,8,3,213,0,-0.433883739117558,-0.9009688679024191,-0.8660254037844385,-0.5000000000000004,0.0,1,0.0,1,0.0,1,0.0,1,0.0,0.0,0.0,0.0,0.0,0.2857142857142857,0.8544932592822103,0.0,3.0,0.0,0,125.13,0.0,0.0,False,False,False,False,True,False,False,False,False,True,False,False,False,False,False,False,False,False,False,False,False,False,False,False,False,False,False,False,False,False,False,False,False,False,True,False
UK,Coffee Maker,2025-08-02,Home & Kitchen,0.0,125.13,,20.0,2.0,0.0,0.0,5,2,31,8,3,214,1,-0.9749279121818236,-0.2225209339563146,-0.8660254037844385,-0.5000000000000004,0.0,1,0.0,1,0.0,1,0.0,1,0.0,0.0,0.0,0.0,0.0,0.2857142857142857,0.8544932592822103,0.0,3.0,0.0,0,125.13,0.0,0.0,False,False,False,False,True,False,False,False,False,True,False,False,False,False,False,False,False,False,False,False,False,False,False,False,False,False,False,False,False,False,False,False,False,False,True,False
UK,Coffee Maker,2025-08-03,Home & Kitchen,0.0,125.13,,20.0,2.0,0.0,0.0,6,3,31,8,3,215,1,-0.7818314824680299,0.6234898018587334,-0.8660254037844385,-0.5000000000000004,0.0,1,0.0,1,0.0,1,0.0,1,0.0,0.0,0.0,0.0,0.0,0.2857142857142857,0.8544932592822103,0.0,3.0,0.0,0,125.13,0.0,0.0,False,False,False,False,True,False,False,False,False,True,False,False,False,False,False,False,False,False,False,False,False,False,False,False,False,False,False,False,False,False,False,False,False,False,True,False
UK,Coffee Maker,2025-08-04,Home & Kitchen,0.0,125.13,,20.0,2.0,0.0,0.0,0,4,32,8,3,216,0,0.0,1.0,-0.8660254037844385,-0.5000000000000004,0.0,1,0.0,1,0.0,1,0.0,1,0.0,0.0,0.0,0.0,0.0,0.2857142857142857,0.8544932592822103,0.0,3.0,0.0,0,125.13,0.0,0.0,False,False,False,False,True,False,False,False,False,True,False,False,False,False,False,False,False,False,False,False,False,False,False,False,False,False,False,False,False,False,False,False,False,False,True,False
UK,Coffee Maker,2025-08-05,Home & Kitchen,3.0,138.835,0.11,20.0,2.0,1.0,0.0,1,5,32,8,3,217,0,0.7818314824680298,0.6234898018587336,-0.8660254037844385,-0.5000000000000004,0.0,1,0.0,1,0.0,1,2.0,1,0.0,0.0,0.0,0.0,0.0,0.2857142857142857,0.8544932592822103,0.0,3.0,0.0,1,125.13,13.705000000000013,0.10952609286342214,False,False,False,False,True,False,False,False,False,True,False,False,False,False,False,False,False,False,False,False,False,False,False,False,False,False,False,False,False,False,False,False,False,False,True,False
UK,Coffee Maker,2025-08-06,Home & Kitchen,0.0,138.835,,20.0,2.0,0.0,0.0,2,6,32,8,3,218,0,0.9749279121818236,-0.22252093395631434,-0.8660254037844385,-0.5000000000000004,3.0,1,0.0,1,0.0,1,3.0,1,0.42857142857142855,1.1338934190276844,0.0,3.0,0.21428571428571427,0.32142857142857145,0.9449111825230704,0.0,3.0,1.3333333333333333,0,138.835,0.0,0.0,False,False,False,False,True,False,False,False,False,True,False,False,False,False,False,False,False,False,False,False,False,False,False,False,False,False,False,False,False,False,False,False,False,False,True,False
UK,Coffee Maker,2025-08-07,Home & Kitchen,0.0,138.835,,20.0,2.0,0.0,0.0,3,7,32,8,3,219,0,0.43388373911755823,-0.900968867902419,-0.8660254037844385,-0.5000000000000004,0.0,1,0.0,1,0.0,1,0.0,1,0.42857142857142855,1.1338934190276844,0.0,3.0,0.21428571428571427,0.21428571428571427,0.786795792469446,0.0,3.0,2.0,0,138.835,0.0,0.0,False,False,False,False,True,False,False,False,False,True,False,False,False,False,False,False,False,False,False,False,False,False,False,False,False,False,False,False,False,False,False,False,False,False,True,False
UK,Coffee Maker,2025-08-08,Home & Kitchen,0.0,138.835,,20.0,2.0,0.0,0.0,4,8,32,8,3,220,0,-0.433883739117558,-0.9009688679024191,-0.8660254037844385,-0.5000000000000004,0.0,1,0.0,1,0.0,1,0.0,1,0.42857142857142855,1.1338934190276844,0.0,3.0,0.21428571428571427,0.21428571428571427,0.786795792469446,0.0,3.0,2.0,0,138.835,0.0,0.0,False,False,False,False,True,False,False,False,False,True,False,False,False,False,False,False,False,False,False,False,False,False,False,False,False,False,False,False,False,False,False,False,False,False,True,False
UK,Coffee Maker,2025-08-09,Home & Kitchen,0.0,138.835,,20.0,2.0,0.0,0.0,5,9,32,8,3,221,1,-0.9749279121818236,-0.2225209339563146,-0.8660254037844385,-0.5000000000000004,0.0,1,0.0,1,0.0,1,0.0,1,0.42857142857142855,1.1338934190276844,0.0,3.0,0.21428571428571427,0.21428571428571427,0.786795792469446,0.0,3.0,2.0,0,138.835,0.0,0.0,False,False,False,False,True,False,False,False,False,True,False,False,False,False,False,False,False,False,False,False,False,False,False,False,False,False,False,False,False,False,False,False,False,False,True,False
UK,Coffee Maker,2025-08-10,Home & Kitchen,0.0,138.835,,20.0,2.0,0.0,0.0,6,10,32,8,3,222,1,-0.7818314824680299,0.6234898018587334,-0.8660254037844385,-0.5000000000000004,0.0,1,0.0,1,0.0,1,0.0,1,0.42857142857142855,1.1338934190276844,0.0,3.0,0.21428571428571427,0.21428571428571427,0.786795792469446,0.0,3.0,2.0,0,138.835,0.0,0.0,False,False,False,False,True,False,False,False,False,True,False,False,False,False,False,False,False,False,False,False,False,False,False,False,False,False,False,False,False,False,False,False,False,False,True,False
UK,Coffee Maker,2025-08-11,Home & Kitchen,3.0,269.13,0.09,20.0,2.0,1.0,0.0,0,11,33,8,3,223,0,0.0,1.0,-0.8660254037844385,-0.5000000000000004,0.0,1,0.0,1,0.0,1,3.0,1,0.42857142857142855,1.1338934190276844,0.0,3.0,0.21428571428571427,0.21428571428571427,0.786795792469446,0.0,3.0,2.0,1,138.835,130.295,0.9384881333957574,False,False,False,False,True,False,False,False,False,True,False,False,False,False,False,False,False,False,False,False,False,False,False,False,False,False,False,False,False,False,False,False,False,False,True,False
UK,Coffee Maker,2025-08-12,Home & Kitchen,2.0,234.63,0.11,20.0,2.0,1.0,0.0,1,12,33,8,3,224,0,0.7818314824680298,0.6234898018587336,-0.8660254037844385,-0.5000000000000004,3.0,1,3.0,1,0.0,1,0.0,1,0.8571428571428571,1.4638501094228016,0.0,3.0,0.42857142857142855,0.21428571428571427,0.786795792469446,0.0,3.0,4.0,1,269.13,-34.5,-0.1281908371419017,False,False,False,False,True,False,False,False,False,True,False,False,False,False,False,False,False,False,False,False,False,False,False,False,False,False,False,False,False,False,False,False,False,False,True,False
UK,Coffee Maker,2025-08-13,Home & Kitchen,1.0,266.96,0.13,20.0,2.0,1.0,0.0,2,13,33,8,3,225,0,0.9749279121818236,-0.22252093395631434,-0.8660254037844385,-0.5000000000000004,2.0,1,0.0,1,0.0,1,0.0,1,0.7142857142857143,1.2535663410560198,0.0,3.0,0.5714285714285714,0.2857142857142857,0.8544932592822103,0.0,3.0,2.5,1,234.63,32.329999999999984,0.13779141627242886,False,False,False,False,True,False,False,False,False,True,False,False,False,False,False,False,False,False,False,False,False,False,False,False,False,False,False,False,False,False,False,False,False,False,True,False
UK,Coffee Maker,2025-08-14,Home & Kitchen,0.0,266.96,,20.0,2.0,0.0,0.0,3,14,33,8,3,226,0,0.43388373911755823,-0.900968867902419,-0.8660254037844385,-0.5000000000000004,1.0,1,0.0,1,0.0,1,0.0,1,0.8571428571428571,1.214985792587914,0.0,3.0,0.6428571428571429,0.32142857142857145,0.8629652337776993,0.0,3.0,2.6666666666666665,0,266.96,0.0,0.0,False,False,False,False,True,False,False,False,False,True,False,False,False,False,False,False,False,False,False,False,False,False,False,False,False,False,False,False,False,False,False,False,False,False,True,False
UK,Coffee Maker,2025-08-15,Home & Kitchen,0.0,266.96,,20.0,2.0,0.0,0.0,4,15,33,8,3,227,0,-0.433883739117558,-0.9009688679024191,-0.8660254037844385,-0.5000000000000004,0.0,1,0.0,1,0.0,1,0.0,1,0.8571428571428571,1.214985792587914,0.0,3.0,0.6428571428571429,0.32142857142857145,0.8629652337776993,0.0,3.0,2.6666666666666665,0,266.96,0.0,0.0,False,False,False,False,True,False,False,False,False,True,False,False,False,False,False,False,False,False,False,False,False,False,False,False,False,False,False,False,False,False,False,False,False,False,True,False
UK,Coffee Maker,2025-08-16,Home & Kitchen,2.0,187.77,0.0,20.0,2.0,0.0,0.0,5,16,33,8,3,228,1,-0.9749279121818236,-0.2225209339563146,-0.8660254037844385,-0.5000000000000004,0.0,1,0.0,1,0.0,1,0.0,1,0.8571428571428571,1.214985792587914,0.0,3.0,0.6428571428571429,0.32142857142857145,0.8629652337776993,0.0,3.0,2.6666666666666665,0,266.96,-79.18999999999997,-0.29663620017980213,False,False,False,False,True,False,False,False,False,True,False,False,False,False,False,False,False,False,False,False,False,False,False,False,False,False,False,False,False,False,False,False,False,False,True,False
UK,Coffee Maker,2025-08-17,Home & Kitchen,0.0,187.77,,20.0,2.0,0.0,0.0,6,17,33,8,3,229,1,-0.7818314824680299,0.6234898018587334,-0.8660254037844385,-0.5000000000000004,2.0,1,0.0,1,0.0,1,0.0,1,1.1428571428571428,1.2149857925879137,0.0,3.0,0.7857142857142857,0.39285714285714285,0.9164862737363252,0.0,3.0,2.909090909090909,0,187.77,0.0,0.0,False,False,False,False,True,False,False,False,False,True,False,False,False,False,False,False,False,False,False,False,False,False,False,False,False,False,False,False,False,False,False,False,False,False,True,False
UK,Coffee Maker,2025-08-18,Home & Kitchen,0.0,187.77,,20.0,2.0,0.0,0.0,0,18,34,8,3,230,0,0.0,1.0,-0.8660254037844385,-0.5000000000000004,0.0,1,3.0,1,0.0,1,0.0,1,1.1428571428571428,1.2149857925879137,0.0,3.0,0.7857142857142857,0.39285714285714285,0.9164862737363252,0.0,3.0,2.909090909090909,0,187.77,0.0,0.0,False,False,False,False,True,False,False,False,False,True,False,False,False,False,False,False,False,False,False,False,False,False,False,False,False,False,False,False,False,False,False,False,False,False,True,False
UK,Coffee Maker,2025-08-19,Home & Kitchen,0.0,187.77,,20.0,2.0,0.0,0.0,1,19,34,8,3,231,0,0.7818314824680298,0.6234898018587336,-0.8660254037844385,-0.5000000000000004,0.0,1,2.0,1,3.0,1,0.0,1,0.7142857142857143,0.951189731211345,0.0,2.0,0.7857142857142857,0.39285714285714285,0.9164862737363252,0.0,3.0,1.8181818181818183,0,187.77,0.0,0.0,False,False,False,False,True,False,False,False,False,True,False,False,False,False,False,False,False,False,False,False,False,False,False,False,False,False,False,False,False,False,False,False,False,False,True,False
UK,Coffee Maker,2025-08-20,Home & Kitchen,2.0,137.99,0.1,20.0,2.0,1.0,0.0,2,20,34,8,3,232,0,0.9749279121818236,-0.22252093395631434,-0.8660254037844385,-0.5000000000000004,0.0,1,1.0,1,0.0,1,0.0,1,0.42857142857142855,0.7867957924694474,0.0,2.0,0.5714285714285714,0.39285714285714285,0.9164862737363252,0.0,3.0,1.0909090909090908,1,187.77,-49.78,-0.2651115726686904,False,False,False,False,True,False,False,False,False,True,False,False,False,False,False,False,False,False,False,False,False,False,False,False,False,False,False,False,False,False,False,False,False,False,True,False
UK,Coffee Maker,2025-08-21,Home & Kitchen,0.0,137.99,,20.0,2.0,0.0,0.0,3,21,34,8,3,233,0,0.43388373911755823,-0.900968867902419,-0.8660254037844385,-0.5000000000000004,2.0,1,0.0,1,0.0,1,0.0,1,0.5714285714285714,0.9759000729485364,0.0,2.0,0.7142857142857143,0.4642857142857143,0.9615628812527961,0.0,3.0,1.2307692307692306,0,137.99,0.0,0.0,False,False,False,False,True,False,False,False,False,True,False,False,False,False,False,False,False,False,False,False,False,False,False,False,False,False,False,False,False,False,False,False,False,False,True,False
UK,Coffee Maker,2025-08-22,Home & Kitchen,0.0,137.99,,20.0,2.0,0.0,0.0,4,22,34,8,3,234,0,-0.433883739117558,-0.9009688679024191,-0.8660254037844385,-0.5000000000000004,0.0,1,0.0,1,0.0,1,0.0,1,0.5714285714285714,0.9759000729485364,0.0,2.0,0.7142857142857143,0.4642857142857143,0.9615628812527961,0.0,3.0,1.2307692307692306,0,137.99,0.0,0.0,False,False,False,False,True,False,False,False,False,True,False,False,False,False,False,False,False,False,False,False,False,False,False,False,False,False,False,False,False,False,False,False,False,False,True,False
UK,Coffee Maker,2025-08-23,Home & Kitchen,0.0,137.99,,20.0,2.0,0.0,0.0,5,23,34,8,3,235,1,-0.9749279121818236,-0.2225209339563146,-0.8660254037844385,-0.5000000000000004,0.0,1,2.0,1,0.0,1,0.0,1,0.5714285714285714,0.9759000729485364,0.0,2.0,0.7142857142857143,0.4642857142857143,0.9615628812527961,0.0,3.0,1.2307692307692306,0,137.99,0.0,0.0,False,False,False,False,True,False,False,False,False,True,False,False,False,False,False,False,False,False,False,False,False,False,False,False,False,False,False,False,False,False,False,False,False,False,True,False
UK,Coffee Maker,2025-08-24,Home & Kitchen,0.0,137.99,,20.0,2.0,0.0,0.0,6,24,34,8,3,236,1,-0.7818314824680299,0.6234898018587334,-0.8660254037844385,-0.5000000000000004,0.0,1,0.0,1,0.0,1,0.0,1,0.2857142857142857,0.7559289460184592,0.0,2.0,0.7142857142857143,0.4642857142857143,0.9615628812527961,0.0,3.0,0.6153846153846153,0,137.99,0.0,0.0,False,False,False,False,True,False,False,False,False,True,False,False,False,False,False,False,False,False,False,False,False,False,False,False,False,False,False,False,False,False,False,False,False,False,True,False
UK,Coffee Maker,2025-08-25,Home & Kitchen,0.0,137.99,,20.0,2.0,0.0,0.0,0,25,35,8,3,237,0,0.0,1.0,-0.8660254037844385,-0.5000000000000004,0.0,1,0.0,1,3.0,1,0.0,1,0.2857142857142857,0.7559289460184592,0.0,2.0,0.7142857142857143,0.4642857142857143,0.9615628812527961,0.0,3.0,0.6153846153846153,0,137.99,0.0,0.0,False,False,False,False,True,False,False,False,False,True,False,False,False,False,False,False,False,False,False,False,False,False,False,False,False,False,False,False,False,False,False,False,False,False,True,False
UK,Coffee Maker,2025-08-26,Home & Kitchen,0.0,137.99,,20.0,2.0,0.0,0.0,1,26,35,8,3,238,0,0.7818314824680298,0.6234898018587336,-0.8660254037844385,-0.5000000000000004,0.0,1,0.0,1,2.0,1,0.0,1,0.2857142857142857,0.7559289460184592,0.0,2.0,0.5,0.4642857142857143,0.9615628812527961,0.0,3.0,0.6153846153846153,0,137.99,0.0,0.0,False,False,False,False,True,False,False,False,False,True,False,False,False,False,False,False,False,False,False,False,False,False,False,False,False,False,False,False,False,False,False,False,False,False,True,False
UK,Coffee Maker,2025-08-27,Home & Kitchen,0.0,137.99,,20.0,2.0,0.0,0.0,2,27,35,8,3,239,0,0.9749279121818236,-0.22252093395631434,-0.8660254037844385,-0.5000000000000004,0.0,1,2.0,1,1.0,1,0.0,1,0.2857142857142857,0.7559289460184592,0.0,2.0,0.35714285714285715,0.4642857142857143,0.9615628812527961,0.0,3.0,0.6153846153846153,0,137.99,0.0,0.0,False,False,False,False,True,False,False,False,False,True,False,False,False,False,False,False,False,False,False,False,False,False,False,False,False,False,False,False,False,False,False,False,False,False,True,False
UK,Coffee Maker,2025-08-28,Home & Kitchen,0.0,137.99,,20.0,2.0,0.0,0.0,3,28,35,8,3,240,0,0.43388373911755823,-0.900968867902419,-0.8660254037844385,-0.5000000000000004,0.0,1,0.0,1,0.0,1,0.0,1,0.0,0.0,0.0,0.0,0.2857142857142857,0.4642857142857143,0.9615628812527961,0.0,3.0,0.0,0,137.99,0.0,0.0,False,False,False,False,True,False,False,False,False,True,False,False,False,False,False,False,False,False,False,False,False,False,False,False,False,False,False,False,False,False,False,False,False,False,True,False
UK,Coffee Maker,2025-08-29,Home & Kitchen,0.0,137.99,,20.0,2.0,0.0,0.0,4,29,35,8,3,241,0,-0.433883739117558,-0.9009688679024191,-0.8660254037844385,-0.5000000000000004,0.0,1,0.0,1,0.0,1,0.0,1,0.0,0.0,0.0,0.0,0.2857142857142857,0.4642857142857143,0.9615628812527961,0.0,3.0,0.0,0,137.99,0.0,0.0,False,False,False,False,True,False,False,False,False,True,False,False,False,False,False,False,False,False,False,False,False,False,False,False,False,False,False,False,False,False,False,False,False,False,True,False
UK,Coffee Maker,2025-08-30,Home & Kitchen,0.0,137.99,,20.0,2.0,0.0,0.0,5,30,35,8,3,242,1,-0.9749279121818236,-0.2225209339563146,-0.8660254037844385,-0.5000000000000004,0.0,1,0.0,1,2.0,1,0.0,1,0.0,0.0,0.0,0.0,0.2857142857142857,0.4642857142857143,0.9615628812527961,0.0,3.0,0.0,0,137.99,0.0,0.0,False,False,False,False,True,False,False,False,False,True,False,False,False,False,False,False,False,False,False,False,False,False,False,False,False,False,False,False,False,False,False,False,False,False,True,False
UK,Coffee Maker,2025-08-31,Home & Kitchen,0.0,137.99,,20.0,2.0,0.0,0.0,6,31,35,8,3,243,1,-0.7818314824680299,0.6234898018587334,-0.8660254037844385,-0.5000000000000004,0.0,1,0.0,1,0.0,1,0.0,1,0.0,0.0,0.0,0.0,0.14285714285714285,0.4642857142857143,0.9615628812527961,0.0,3.0,0.0,0,137.99,0.0,0.0,False,False,False,False,True,False,False,False,False,True,False,False,False,False,False,False,False,False,False,False,False,False,False,False,False,False,False,False,False,False,False,False,False,False,True,False
UK,Coffee Maker,2025-09-01,Home & Kitchen,0.0,137.99,,20.0,2.0,0.0,0.0,0,1,36,9,3,244,0,0.0,1.0,-1.0,-1.8369701987210297e-16,0.0,1,0.0,1,0.0,1,0.0,1,0.0,0.0,0.0,0.0,0.14285714285714285,0.4642857142857143,0.9615628812527961,0.0,3.0,0.0,0,137.99,0.0,0.0,False,False,False,False,True,False,False,False,False,True,False,False,False,False,False,False,False,False,False,False,False,False,False,False,False,False,False,False,False,False,False,False,False,False,True,False
UK,Coffee Maker,2025-09-02,Home & Kitchen,0.0,137.99,,20.0,2.0,0.0,0.0,1,2,36,9,3,245,0,0.7818314824680298,0.6234898018587336,-1.0,-1.8369701987210297e-16,0.0,1,0.0,1,0.0,1,3.0,1,0.0,0.0,0.0,0.0,0.14285714285714285,0.4642857142857143,0.9615628812527961,0.0,3.0,0.0,0,137.99,0.0,0.0,False,False,False,False,True,False,False,False,False,True,False,False,False,False,False,False,False,False,False,False,False,False,False,False,False,False,False,False,False,False,False,False,False,False,True,False
UK,Coffee Maker,2025-09-03,Home & Kitchen,0.0,137.99,,20.0,2.0,0.0,0.0,2,3,36,9,3,246,0,0.9749279121818236,-0.22252093395631434,-1.0,-1.8369701987210297e-16,0.0,1,0.0,1,2.0,1,0.0,1,0.0,0.0,0.0,0.0,0.14285714285714285,0.35714285714285715,0.826159598709406,0.0,3.0,0.0,0,137.99,0.0,0.0,False,False,False,False,True,False,False,False,False,True,False,False,False,False,False,False,False,False,False,False,False,False,False,False,False,False,False,False,False,False,False,False,False,False,True,False
UK,Coffee Maker,2025-09-04,Home & Kitchen,0.0,137.99,,20.0,2.0,0.0,0.0,3,4,36,9,3,247,0,0.43388373911755823,-0.900968867902419,-1.0,-1.8369701987210297e-16,0.0,1,0.0,1,0.0,1,0.0,1,0.0,0.0,0.0,0.0,0.0,0.35714285714285715,0.826159598709406,0.0,3.0,0.0,0,137.99,0.0,0.0,False,False,False,False,True,False,False,False,False,True,False,False,False,False,False,False,False,False,False,False,False,False,False,False,False,False,False,False,False,False,False,False,False,False,True,False
UK,Coffee Maker,2025-09-05,Home & Kitchen,0.0,137.99,,20.0,2.0,0.0,0.0,4,5,36,9,3,248,0,-0.433883739117558,-0.9009688679024191,-1.0,-1.8369701987210297e-16,0.0,1,0.0,1,0.0,1,0.0,1,0.0,0.0,0.0,0.0,0.0,0.35714285714285715,0.826159598709406,0.0,3.0,0.0,0,137.99,0.0,0.0,False,False,False,False,True,False,False,False,False,True,False,False,False,False,False,False,False,False,False,False,False,False,False,False,False,False,False,False,False,False,False,False,False,False,True,False
UK,Coffee Maker,2025-09-06,Home & Kitchen,3.0,155.06,0.12,20.0,2.0,1.0,0.0,5,6,36,9,3,249,1,-0.9749279121818236,-0.2225209339563146,-1.0,-1.8369701987210297e-16,0.0,1,0.0,1,0.0,1,0.0,1,0.0,0.0,0.0,0.0,0.0,0.35714285714285715,0.826159598709406,0.0,3.0,0.0,1,137.99,17.069999999999993,0.12370461627654172,False,False,False,False,True,False,False,False,False,True,False,False,False,False,False,False,False,False,False,False,False,False,False,False,False,False,False,False,False,False,False,False,False,False,True,False
UK,Coffee Maker,2025-09-07,Home & Kitchen,0.0,155.06,,20.0,2.0,0.0,0.0,6,7,36,9,3,250,1,-0.7818314824680299,0.6234898018587334,-1.0,-1.8369701987210297e-16,3.0,1,0.0,1,0.0,1,0.0,1,0.42857142857142855,1.1338934190276846,0.0,3.0,0.21428571428571427,0.4642857142857143,0.9615628812527961,0.0,3.0,0.923076923076923,0,155.06,0.0,0.0,False,False,False,False,True,False,False,False,False,True,False,False,False,False,False,False,False,False,False,False,False,False,False,False,False,False,False,False,False,False,False,False,False,False,True,False
UK,Coffee Maker,2025-09-08,Home & Kitchen,0.0,155.06,,20.0,2.0,0.0,0.0,0,8,37,9,3,251,0,0.0,1.0,-1.0,-1.8369701987210297e-16,0.0,1,0.0,1,0.0,1,3.0,1,0.42857142857142855,1.1338934190276846,0.0,3.0,0.21428571428571427,0.4642857142857143,0.9615628812527961,0.0,3.0,0.923076923076923,0,155.06,0.0,0.0,False,False,False,False,True,False,False,False,False,True,False,False,False,False,False,False,False,False,False,False,False,False,False,False,False,False,False,False,False,False,False,False,False,False,True,False
UK,Coffee Maker,2025-09-09,Home & Kitchen,3.0,243.42,0.09,20.0,2.0,1.0,0.0,1,9,37,9,3,252,0,0.7818314824680298,0.6234898018587336,-1.0,-1.8369701987210297e-16,0.0,1,0.0,1,0.0,1,2.0,1,0.42857142857142855,1.1338934190276846,0.0,3.0,0.21428571428571427,0.35714285714285715,0.826159598709406,0.0,3.0,1.2,1,155.06,88.35999999999999,0.5698439313814007,False,False,False,False,True,False,False,False,False,True,False,False,False,False,False,False,False,False,False,False,False,False,False,False,False,False,False,False,False,False,False,False,False,False,True,False
UK,Coffee Maker,2025-09-10,Home & Kitchen,3.0,251.37,0.12,20.0,2.0,1.0,0.0,2,10,37,9,3,253,0,0.9749279121818236,-0.22252093395631434,-1.0,-1.8369701987210297e-16,3.0,1,0.0,1,0.0,1,1.0,1,0.8571428571428571,1.4638501094228018,0.0,3.0,0.42857142857142855,0.39285714285714285,0.9164862737363251,0.0,3.0,2.1818181818181817,1,243.42,7.950000000000017,0.03265960069016522,False,False,False,False,True,False,False,False,False,True,False,False,False,False,False,False,False,False,False,False,False,False,False,False,False,False,False,False,False,False,False,False,False,False,True,False
UK,Coffee Maker,2025-09-11,Home & Kitchen,0.0,251.37,,20.0,2.0,0.0,0.0,3,11,37,9,3,254,0,0.43388373911755823,-0.900968867902419,-1.0,-1.8369701987210297e-16,3.0,1,0.0,1,0.0,1,0.0,1,1.2857142857142858,1.6035674514745477,0.0,3.0,0.6428571428571429,0.4642857142857143,1.0357370915204913,0.0,3.0,2.769230769230769,0,251.37,0.0,0.0,False,False,False,False,True,False,False,False,False,True,False,False,False,False,False,False,False,False,False,False,False,False,False,False,False,False,False,False,False,False,False,False,False,False,True,False
UK,Coffee Maker,2025-09-12,Home & Kitchen,0.0,251.37,,20.0,2.0,0.0,0.0,4,12,37,9,3,255,0,-0.433883739117558,-0.9009688679024191,-1.0,-1.8369701987210297e-16,0.0,1,0.0,1,0.0,1,0.0,1,1.2857142857142858,1.6035674514745477,0.0,3.0,0.6428571428571429,0.4642857142857143,1.0357370915204913,0.0,3.0,2.769230769230769,0,251.37,0.0,0.0,False,False,False,False,True,False,False,False,False,True,False,False,False,False,False,False,False,False,False,False,False,False,False,False,False,False,False,False,False,False,False,False,False,False,True,False
UK,Coffee Maker,2025-09-13,Home & Kitchen,0.0,251.37,,20.0,2.0,0.0,0.0,5,13,37,9,3,256,1,-0.9749279121818236,-0.2225209339563146,-1.0,-1.8369701987210297e-16,0.0,1,3.0,1,0.0,1,2.0,1,1.2857142857142858,1.6035674514745477,0.0,3.0,0.6428571428571429,0.4642857142857143,1.0357370915204913,0.0,3.0,2.769230769230769,0,251.37,0.0,0.0,False,False,False,False,True,False,False,False,False,True,False,False,False,False,False,False,False,False,False,False,False,False,False,False,False,False,False,False,False,False,False,False,False,False,True,False
UK,Coffee Maker,2025-09-14,Home & Kitchen,1.0,227.26,0.01,20.0,2.0,1.0,0.0,6,14,37,9,3,257,1,-0.7818314824680299,0.6234898018587334,-1.0,-1.8369701987210297e-16,0.0,1,0.0,1,0.0,1,0.0,1,0.8571428571428571,1.4638501094228016,0.0,3.0,0.6428571428571429,0.39285714285714285,0.994029797388007,0.0,3.0,2.1818181818181817,1,251.37,-24.110000000000014,-0.09591438914747191,False,False,False,False,True,False,False,False,False,True,False,False,False,False,False,False,False,False,False,False,False,False,False,False,False,False,False,False,False,False,False,False,False,False,True,False
UK,Coffee Maker,2025-09-15,Home & Kitchen,0.0,227.26,,20.0,2.0,0.0,0.0,0,15,38,9,3,258,0,0.0,1.0,-1.0,-1.8369701987210297e-16,1.0,1,0.0,1,0.0,1,0.0,1,1.0,1.4142135623730967,0.0,3.0,0.7142857142857143,0.42857142857142855,0.9973509887241296,0.0,3.0,2.3333333333333335,0,227.26,0.0,0.0,False,False,False,False,True,False,False,False,False,True,False,False,False,False,False,False,False,False,False,False,False,False,False,False,False,False,False,False,False,False,False,False,False,False,True,False
UK,Coffee Maker,2025-09-16,Home & Kitchen,0.0,227.26,,20.0,2.0,0.0,0.0,1,16,38,9,3,259,0,0.7818314824680298,0.6234898018587336,-1.0,-1.8369701987210297e-16,0.0,1,3.0,1,0.0,1,0.0,1,1.0,1.4142135623730967,0.0,3.0,0.7142857142857143,0.42857142857142855,0.9973509887241296,0.0,3.0,2.3333333333333335,0,227.26,0.0,0.0,False,False,False,False,True,False,False,False,False,True,False,False,False,False,False,False,False,False,False,False,False,False,False,False,False,False,False,False,False,False,False,False,False,False,True,False
UK,Coffee Maker,2025-09-17,Home & Kitchen,0.0,227.26,,20.0,2.0,0.0,0.0,2,17,38,9,3,260,0,0.9749279121818236,-0.22252093395631434,-1.0,-1.8369701987210297e-16,0.0,1,3.0,1,0.0,1,2.0,1,0.5714285714285714,1.1338934190276841,0.0,3.0,0.7142857142857143,0.42857142857142855,0.9973509887241296,0.0,3.0,1.3333333333333333,0,227.26,0.0,0.0,False,False,False,False,True,False,False,False,False,True,False,False,False,False,False,False,False,False,False,False,False,False,False,False,False,False,False,False,False,False,False,False,False,False,True,False
UK,Coffee Maker,2025-09-18,Home & Kitchen,0.0,227.26,,20.0,2.0,0.0,0.0,3,18,38,9,3,261,0,0.43388373911755823,-0.900968867902419,-1.0,-1.8369701987210297e-16,0.0,1,0.0,1,0.0,1,0.0,1,0.14285714285714285,0.37796447300923586,0.0,1.0,0.7142857142857143,0.35714285714285715,0.9511897312113441,0.0,3.0,0.39999999999999997,0,227.26,0.0,0.0,False,False,False,False,True,False,False,False,False,True,False,False,False,False,False,False,False,False,False,False,False,False,False,False,False,False,False,False,False,False,False,False,False,False,True,False
UK,Coffee Maker,2025-09-19,Home & Kitchen,0.0,227.26,,20.0,2.0,0.0,0.0,4,19,38,9,3,262,0,-0.433883739117558,-0.9009688679024191,-1.0,-1.8369701987210297e-16,0.0,1,0.0,1,0.0,1,0.0,1,0.14285714285714285,0.37796447300923586,0.0,1.0,0.7142857142857143,0.35714285714285715,0.9511897312113441,0.0,3.0,0.39999999999999997,0,227.26,0.0,0.0,False,False,False,False,True,False,False,False,False,True,False,False,False,False,False,False,False,False,False,False,False,False,False,False,False,False,False,False,False,False,False,False,False,False,True,False
UK,Coffee Maker,2025-09-20,Home & Kitchen,0.0,227.26,,20.0,2.0,0.0,0.0,5,20,38,9,3,263,1,-0.9749279121818236,-0.2225209339563146,-1.0,-1.8369701987210297e-16,0.0,1,0.0,1,3.0,1,0.0,1,0.14285714285714285,0.37796447300923586,0.0,1.0,0.7142857142857143,0.35714285714285715,0.9511897312113441,0.0,3.0,0.39999999999999997,0,227.26,0.0,0.0,False,False,False,False,True,False,False,False,False,True,False,False,False,False,False,False,False,False,False,False,False,False,False,False,False,False,False,False,False,False,False,False,False,False,True,False
UK,Coffee Maker,2025-09-21,Home & Kitchen,2.0,278.52,0.08,20.0,2.0,1.0,0.0,6,21,38,9,3,264,1,-0.7818314824680299,0.6234898018587334,-1.0,-1.8369701987210297e-16,0.0,1,1.0,1,0.0,1,0.0,1,0.14285714285714285,0.37796447300923586,0.0,1.0,0.5,0.35714285714285715,0.9511897312113441,0.0,3.0,0.39999999999999997,1,227.26,51.25999999999999,0.22555663117134556,False,False,False,False,True,False,False,False,False,True,False,False,False,False,False,False,False,False,False,False,False,False,False,False,False,False,False,False,False,False,False,False,False,False,True,False
UK,Coffee Maker,2025-09-22,Home & Kitchen,0.0,278.52,,20.0,2.0,0.0,0.0,0,22,39,9,3,265,0,0.0,1.0,-1.0,-1.8369701987210297e-16,2.0,1,0.0,1,0.0,1,0.0,1,0.2857142857142857,0.7559289460184586,0.0,2.0,0.6428571428571429,0.42857142857142855,0.9973509887241296,0.0,3.0,0.6666666666666666,0,278.52,0.0,0.0,False,False,False,False,True,False,False,False,False,True,False,False,False,False,False,False,False,False,False,False,False,False,False,False,False,False,False,False,False,False,False,False,False,False,True,False
UK,Coffee Maker,2025-09-23,Home & Kitchen,0.0,278.52,,20.0,2.0,0.0,0.0,1,23,39,9,3,266,0,0.7818314824680298,0.6234898018587336,-1.0,-1.8369701987210297e-16,0.0,1,0.0,1,3.0,1,0.0,1,0.2857142857142857,0.7559289460184586,0.0,2.0,0.6428571428571429,0.42857142857142855,0.9973509887241296,0.0,3.0,0.6666666666666666,0,278.52,0.0,0.0,False,False,False,False,True,False,False,False,False,True,False,False,False,False,False,False,False,False,False,False,False,False,False,False,False,False,False,False,False,False,False,False,False,False,True,False
UK,Coffee Maker,2025-09-24,Home & Kitchen,1.0,219.68,0.07,20.0,2.0,1.0,0.0,2,24,39,9,3,267,0,0.9749279121818236,-0.22252093395631434,-1.0,-1.8369701987210297e-16,0.0,1,0.0,1,3.0,1,0.0,1,0.2857142857142857,0.7559289460184586,0.0,2.0,0.42857142857142855,0.42857142857142855,0.9973509887241296,0.0,3.0,0.6666666666666666,1,278.52,-58.839999999999975,-0.21125951457705006,False,False,False,False,True,False,False,False,False,True,False,False,False,False,False,False,False,False,False,False,False,False,False,False,False,False,False,False,False,False,False,False,False,False,True,False
UK,Coffee Maker,2025-09-25,Home & Kitchen,3.0,118.25,0.03,20.0,2.0,1.0,0.0,3,25,39,9,3,268,0,0.43388373911755823,-0.900968867902419,-1.0,-1.8369701987210297e-16,1.0,1,0.0,1,0.0,1,0.0,1,0.42857142857142855,0.786795792469447,0.0,2.0,0.2857142857142857,0.4642857142857143,0.9993384054849753,0.0,3.0,0.923076923076923,1,219.68,-101.43,-0.46171704297159505,False,False,False,False,True,False,False,False,False,True,False,False,False,False,False,False,False,False,False,False,False,False,False,False,False,False,False,False,False,False,False,False,False,False,True,False
UK,Coffee Maker,2025-09-26,Home & Kitchen,2.0,123.93,0.01,20.0,2.0,1.0,0.0,4,26,39,9,3,269,0,-0.433883739117558,-0.9009688679024191,-1.0,-1.8369701987210297e-16,3.0,1,0.0,1,0.0,1,0.0,1,0.8571428571428571,1.214985792587914,0.0,3.0,0.5,0.5714285714285714,1.1031460542154974,0.0,3.0,1.5,1,118.25,5.680000000000007,0.048033826638477856,False,False,False,False,True,False,False,False,False,True,False,False,False,False,False,False,False,False,False,False,False,False,False,False,False,False,False,False,False,False,False,False,False,False,True,False
UK,Coffee Maker,2025-09-27,Home & Kitchen,0.0,123.93,,20.0,2.0,0.0,0.0,5,27,39,9,3,270,1,-0.9749279121818236,-0.2225209339563146,-1.0,-1.8369701987210297e-16,2.0,1,0.0,1,0.0,1,0.0,1,1.1428571428571428,1.2149857925879137,0.0,3.0,0.6428571428571429,0.6428571428571429,1.1292175499576151,0.0,3.0,1.7777777777777775,0,123.93,0.0,0.0,False,False,False,False,True,False,False,False,False,True,False,False,False,False,False,False,False,False,False,False,False,False,False,False,False,False,False,False,False,False,False,False,False,False,True,False
UK,Coffee Maker,2025-09-28,Home & Kitchen,3.0,140.16,0.11,20.0,2.0,1.0,0.0,6,28,39,9,3,271,1,-0.7818314824680299,0.6234898018587334,-1.0,-1.8369701987210297e-16,0.0,1,2.0,1,1.0,1,0.0,1,1.1428571428571428,1.2149857925879137,0.0,3.0,0.6428571428571429,0.6428571428571429,1.1292175499576151,0.0,3.0,1.7777777777777775,1,123.93,16.22999999999999,0.1309610263858629,False,False,False,False,True,False,False,False,False,True,False,False,False,False,False,False,False,False,False,False,False,False,False,False,False,False,False,False,False,False,False,False,False,False,True,False
UK,Coffee Maker,2025-09-29,Home & Kitchen,0.0,140.16,,20.0,2.0,0.0,0.0,0,29,40,9,3,272,0,0.0,1.0,-1.0,-1.8369701987210297e-16,3.0,1,0.0,1,0.0,1,0.0,1,1.2857142857142858,1.3801311186847098,0.0,3.0,0.7857142857142857,0.75,1.205696356345041,0.0,3.0,1.7142857142857144,0,140.16,0.0,0.0,False,False,False,False,True,False,False,False,False,True,False,False,False,False,False,False,False,False,False,False,False,False,False,False,False,False,False,False,False,False,False,False,False,False,True,False
UK,Coffee Maker,2025-09-30,Home & Kitchen,2.0,248.33,0.12,20.0,2.0,1.0,0.0,1,30,40,9,3,273,0,0.7818314824680298,0.6234898018587336,-1.0,-1.8369701987210297e-16,0.0,1,0.0,1,0.0,1,0.0,1,1.2857142857142858,1.3801311186847098,0.0,3.0,0.7857142857142857,0.75,1.205696356345041,0.0,3.0,1.7142857142857144,1,140.16,108.17000000000002,0.7717608447488585,False,False,False,False,True,False,False,False,False,True,False,False,False,False,False,False,False,False,False,False,False,False,False,False,False,False,False,False,False,False,False,False,False,False,True,False
UK,Coffee Maker,2025-10-01,Home & Kitchen,0.0,248.33,,20.0,2.0,0.0,0.0,2,1,40,10,4,274,0,0.9749279121818236,-0.22252093395631434,-0.8660254037844386,0.5000000000000001,2.0,1,1.0,1,0.0,1,0.0,1,1.5714285714285714,1.2724180205607047,0.0,3.0,0.9285714285714286,0.8214285714285714,1.2187902754164637,0.0,3.0,1.9130434782608696,0,248.33,0.0,0.0,False,False,False,False,True,False,False,False,False,True,False,False,False,False,False,False,False,False,False,False,False,False,False,False,False,False,False,False,False,False,False,False,False,False,True,False
UK,Coffee Maker,2025-10-02,Home & Kitchen,0.0,248.33,,20.0,2.0,0.0,0.0,3,2,40,10,4,275,0,0.43388373911755823,-0.900968867902419,-0.8660254037844386,0.5000000000000001,0.0,1,3.0,1,0.0,1,0.0,1,1.4285714285714286,1.3972762620115449,0.0,3.0,0.9285714285714286,0.8214285714285714,1.2187902754164637,0.0,3.0,1.7391304347826089,0,248.33,0.0,0.0,False,False,False,False,True,False,False,False,False,True,False,False,False,False,False,False,False,False,False,False,False,False,False,False,False,False,False,False,False,False,False,False,False,False,True,False
UK,Coffee Maker,2025-10-03,Home & Kitchen,0.0,248.33,,20.0,2.0,0.0,0.0,4,3,40,10,4,276,0,-0.433883739117558,-0.9009688679024191,-0.8660254037844386,0.5000000000000001,0.0,1,2.0,1,0.0,1,0.0,1,1.0,1.2909944487358072,0.0,3.0,0.9285714285714286,0.8214285714285714,1.2187902754164637,0.0,3.0,1.2173913043478262,0,248.33,0.0,0.0,False,False,False,False,True,False,False,False,False,True,False,False,False,False,False,False,False,False,False,False,False,False,False,False,False,False,False,False,False,False,False,False,False,False,True,False
UK,Coffee Maker,2025-10-04,Home & Kitchen,0.0,248.33,,20.0,2.0,0.0,0.0,5,4,40,10,4,277,1,-0.9749279121818236,-0.2225209339563146,-0.8660254037844386,0.5000000000000001,0.0,1,0.0,1,0.0,1,3.0,1,0.7142857142857143,1.2535663410560194,0.0,3.0,0.9285714285714286,0.8214285714285714,1.2187902754164637,0.0,3.0,0.8695652173913044,0,248.33,0.0,0.0,False,False,False,False,True,False,False,False,False,True,False,False,False,False,False,False,False,False,False,False,False,False,False,False,False,False,False,False,False,False,False,False,False,False,True,False
UK,Coffee Maker,2025-10-05,Home & Kitchen,0.0,248.33,,20.0,2.0,0.0,0.0,6,5,40,10,4,278,1,-0.7818314824680299,0.6234898018587334,-0.8660254037844386,0.5000000000000001,0.0,1,3.0,1,2.0,1,0.0,1,0.7142857142857143,1.2535663410560194,0.0,3.0,0.9285714285714286,0.7142857142857143,1.150109265570592,0.0,3.0,1.0,0,248.33,0.0,0.0,False,False,False,False,True,False,False,False,False,True,False,False,False,False,False,False,False,False,False,False,False,False,False,False,False,False,False,False,False,False,False,False,False,False,True,False
UK,Coffee Maker,2025-10-06,Home & Kitchen,0.0,248.33,,20.0,2.0,0.0,0.0,0,6,41,10,4,279,0,0.0,1.0,-0.8660254037844386,0.5000000000000001,0.0,1,0.0,1,0.0,1,0.0,1,0.2857142857142857,0.7559289460184583,0.0,2.0,0.7857142857142857,0.7142857142857143,1.150109265570592,0.0,3.0,0.39999999999999997,0,248.33,0.0,0.0,False,False,False,False,True,False,False,False,False,True,False,False,False,False,False,False,False,False,False,False,False,False,False,False,False,False,False,False,False,False,False,False,False,False,True,False
UK,Coffee Maker,2025-10-07,Home & Kitchen,0.0,248.33,,20.0,2.0,0.0,0.0,1,7,41,10,4,280,0,0.7818314824680298,0.6234898018587336,-0.8660254037844386,0.5000000000000001,0.0,1,2.0,1,0.0,1,3.0,1,0.2857142857142857,0.7559289460184583,0.0,2.0,0.7857142857142857,0.7142857142857143,1.150109265570592,0.0,3.0,0.39999999999999997,0,248.33,0.0,0.0,False,False,False,False,True,False,False,False,False,True,False,False,False,False,False,False,False,False,False,False,False,False,False,False,False,False,False,False,False,False,False,False,False,False,True,False
UK,Coffee Maker,2025-10-08,Home & Kitchen,0.0,248.33,,20.0,2.0,0.0,0.0,2,8,41,10,4,281,0,0.9749279121818236,-0.22252093395631434,-0.8660254037844386,0.5000000000000001,0.0,1,0.0,1,1.0,1,3.0,1,0.0,0.0,0.0,0.0,0.7857142857142857,0.6071428571428571,1.0659471779799365,0.0,3.0,0.0,0,248.33,0.0,0.0,False,False,False,False,True,False,False,False,False,True,False,False,False,False,False,False,False,False,False,False,False,False,False,False,False,False,False,False,False,False,False,False,False,False,True,False
UK,Coffee Maker,2025-10-09,Home & Kitchen,0.0,248.33,,20.0,2.0,0.0,0.0,3,9,41,10,4,282,0,0.43388373911755823,-0.900968867902419,-0.8660254037844386,0.5000000000000001,0.0,1,0.0,1,3.0,1,0.0,1,0.0,0.0,0.0,0.0,0.7142857142857143,0.5,0.9622504486493785,0.0,3.0,0.0,0,248.33,0.0,0.0,False,False,False,False,True,False,False,False,False,True,False,False,False,False,False,False,False,False,False,False,False,False,False,False,False,False,False,False,False,False,False,False,False,False,True,False
UK,Coffee Maker,2025-10-10,Home & Kitchen,0.0,248.33,,20.0,2.0,0.0,0.0,4,10,41,10,4,283,0,-0.433883739117558,-0.9009688679024191,-0.8660254037844386,0.5000000000000001,0.0,1,0.0,1,2.0,1,0.0,1,0.0,0.0,0.0,0.0,0.5,0.5,0.9622504486493785,0.0,3.0,0.0,0,248.33,0.0,0.0,False,False,False,False,True,False,False,False,False,True,False,False,False,False,False,False,False,False,False,False,False,False,False,False,False,False,False,False,False,False,False,False,False,False,True,False
UK,Coffee Maker,2025-10-11,Home & Kitchen,0.0,248.33,,20.0,2.0,0.0,0.0,5,11,41,10,4,284,1,-0.9749279121818236,-0.2225209339563146,-0.8660254037844386,0.5000000000000001,0.0,1,0.0,1,0.0,1,0.0,1,0.0,0.0,0.0,0.0,0.35714285714285715,0.5,0.9622504486493785,0.0,3.0,0.0,0,248.33,0.0,0.0,False,False,False,False,True,False,False,False,False,True,False,False,False,False,False,False,False,False,False,False,False,False,False,False,False,False,False,False,False,False,False,False,False,False,True,False
UK,Coffee Maker,2025-10-12,Home & Kitchen,0.0,248.33,,20.0,2.0,0.0,0.0,6,12,41,10,4,285,1,-0.7818314824680299,0.6234898018587334,-0.8660254037844386,0.5000000000000001,0.0,1,0.0,1,3.0,1,1.0,1,0.0,0.0,0.0,0.0,0.35714285714285715,0.5,0.9622504486493785,0.0,3.0,0.0,0,248.33,0.0,0.0,False,False,False,False,True,False,False,False,False,True,False,False,False,False,False,False,False,False,False,False,False,False,False,False,False,False,False,False,False,False,False,False,False,False,True,False
UK,Coffee Maker,2025-10-13,Home & Kitchen,0.0,248.33,,20.0,2.0,0.0,0.0,0,13,42,10,4,286,0,0.0,1.0,-0.8660254037844386,0.5000000000000001,0.0,1,0.0,1,0.0,1,0.0,1,0.0,0.0,0.0,0.0,0.14285714285714285,0.4642857142857143,0.9615628812527961,0.0,3.0,0.0,0,248.33,0.0,0.0,False,False,False,False,True,False,False,False,False,True,False,False,False,False,False,False,False,False,False,False,False,False,False,False,False,False,False,False,False,False,False,False,False,False,True,False
UK,Coffee Maker,2025-10-14,Home & Kitchen,0.0,248.33,,20.0,2.0,0.0,0.0,1,14,42,10,4,287,0,0.7818314824680298,0.6234898018587336,-0.8660254037844386,0.5000000000000001,0.0,1,0.0,1,2.0,1,0.0,1,0.0,0.0,0.0,0.0,0.14285714285714285,0.4642857142857143,0.9615628812527961,0.0,3.0,0.0,0,248.33,0.0,0.0,False,False,False,False,True,False,False,False,False,True,False,False,False,False,False,False,False,False,False,False,False,False,False,False,False,False,False,False,False,False,False,False,False,False,True,False
UK,Coffee Maker,2025-10-15,Home & Kitchen,0.0,248.33,,20.0,2.0,0.0,0.0,2,15,42,10,4,288,0,0.9749279121818236,-0.22252093395631434,-0.8660254037844386,0.5000000000000001,0.0,1,0.0,1,0.0,1,0.0,1,0.0,0.0,0.0,0.0,0.0,0.4642857142857143,0.9615628812527961,0.0,3.0,0.0,0,248.33,0.0,0.0,False,False,False,False,True,False,False,False,False,True,False,False,False,False,False,False,False,False,False,False,False,False,False,False,False,False,False,False,False,False,False,False,False,False,True,False
UK,Coffee Maker,2025-10-16,Home & Kitchen,0.0,248.33,,20.0,2.0,0.0,0.0,3,16,42,10,4,289,0,0.43388373911755823,-0.900968867902419,-0.8660254037844386,0.5000000000000001,0.0,1,0.0,1,0.0,1,0.0,1,0.0,0.0,0.0,0.0,0.0,0.4642857142857143,0.9615628812527961,0.0,3.0,0.0,0,248.33,0.0,0.0,False,False,False,False,True,False,False,False,False,True,False,False,False,False,False,False,False,False,False,False,False,False,False,False,False,False,False,False,False,False,False,False,False,False,True,False
UK,Coffee Maker,2025-10-17,Home & Kitchen,3.0,158.75,0.0,20.0,2.0,0.0,0.0,4,17,42,10,4,290,0,-0.433883739117558,-0.9009688679024191,-0.8660254037844386,0.5000000000000001,0.0,1,0.0,1,0.0,1,0.0,1,0.0,0.0,0.0,0.0,0.0,0.4642857142857143,0.9615628812527961,0.0,3.0,0.0,0,248.33,-89.58000000000001,-0.36072967422381513,False,False,False,False,True,False,False,False,False,True,False,False,False,False,False,False,False,False,False,False,False,False,False,False,False,False,False,False,False,False,False,False,False,False,True,False
UK,Coffee Maker,2025-10-18,Home & Kitchen,0.0,158.75,,20.0,2.0,0.0,0.0,5,18,42,10,4,291,1,-0.9749279121818236,-0.2225209339563146,-0.8660254037844386,0.5000000000000001,3.0,1,0.0,1,0.0,1,0.0,1,0.42857142857142855,1.1338934190276841,0.0,3.0,0.21428571428571427,0.5714285714285714,1.0690449676496996,0.0,3.0,0.75,0,158.75,0.0,0.0,False,False,False,False,True,False,False,False,False,True,False,False,False,False,False,False,False,False,False,False,False,False,False,False,False,False,False,False,False,False,False,False,False,False,True,False
UK,Coffee Maker,2025-10-19,Home & Kitchen,0.0,158.75,,20.0,2.0,0.0,0.0,6,19,42,10,4,292,1,-0.7818314824680299,0.6234898018587334,-0.8660254037844386,0.5000000000000001,0.0,1,0.0,1,0.0,1,2.0,1,0.42857142857142855,1.1338934190276841,0.0,3.0,0.21428571428571427,0.5714285714285714,1.0690449676496996,0.0,3.0,0.75,0,158.75,0.0,0.0,False,False,False,False,True,False,False,False,False,True,False,False,False,False,False,False,False,False,False,False,False,False,False,False,False,False,False,False,False,False,False,False,False,False,True,False
UK,Coffee Maker,2025-10-20,Home & Kitchen,0.0,158.75,,20.0,2.0,0.0,0.0,0,20,43,10,4,293,0,0.0,1.0,-0.8660254037844386,0.5000000000000001,0.0,1,0.0,1,0.0,1,0.0,1,0.42857142857142855,1.1338934190276841,0.0,3.0,0.21428571428571427,0.5,1.0363754503432037,0.0,3.0,0.8571428571428571,0,158.75,0.0,0.0,False,False,False,False,True,False,False,False,False,True,False,False,False,False,False,False,False,False,False,False,False,False,False,False,False,False,False,False,False,False,False,False,False,False,True,False
UK,Coffee Maker,2025-10-21,Home & Kitchen,0.0,158.75,,20.0,2.0,0.0,0.0,1,21,43,10,4,294,0,0.7818314824680298,0.6234898018587336,-0.8660254037844386,0.5000000000000001,0.0,1,0.0,1,0.0,1,0.0,1,0.42857142857142855,1.1338934190276841,0.0,3.0,0.21428571428571427,0.5,1.0363754503432037,0.0,3.0,0.8571428571428571,0,158.75,0.0,0.0,False,False,False,False,True,False,False,False,False,True,False,False,False,False,False,False,False,False,False,False,False,False,False,False,False,False,False,False,False,False,False,False,False,False,True,False
UK,Coffee Maker,2025-10-22,Home & Kitchen,1.0,202.87,0.12,20.0,2.0,1.0,0.0,2,22,43,10,4,295,0,0.9749279121818236,-0.22252093395631434,-0.8660254037844386,0.5000000000000001,0.0,1,0.0,1,0.0,1,1.0,1,0.42857142857142855,1.1338934190276841,0.0,3.0,0.21428571428571427,0.5,1.0363754503432037,0.0,3.0,0.8571428571428571,1,158.75,44.120000000000005,0.2779212598425197,False,False,False,False,True,False,False,False,False,True,False,False,False,False,False,False,False,False,False,False,False,False,False,False,False,False,False,False,False,False,False,False,False,False,True,False
UK,Coffee Maker,2025-10-23,Home & Kitchen,0.0,202.87,,20.0,2.0,0.0,0.0,3,23,43,10,4,296,0,0.43388373911755823,-0.900968867902419,-0.8660254037844386,0.5000000000000001,1.0,1,0.0,1,0.0,1,3.0,1,0.5714285714285714,1.133893419027684,0.0,3.0,0.2857142857142857,0.5,1.0363754503432037,0.0,3.0,1.1428571428571428,0,202.87,0.0,0.0,False,False,False,False,True,False,False,False,False,True,False,False,False,False,False,False,False,False,False,False,False,False,False,False,False,False,False,False,False,False,False,False,False,False,True,False
UK,Coffee Maker,2025-10-24,Home & Kitchen,0.0,202.87,,20.0,2.0,0.0,0.0,4,24,43,10,4,297,0,-0.433883739117558,-0.9009688679024191,-0.8660254037844386,0.5000000000000001,0.0,1,3.0,1,0.0,1,2.0,1,0.5714285714285714,1.133893419027684,0.0,3.0,0.2857142857142857,0.39285714285714285,0.9164862737363251,0.0,3.0,1.4545454545454546,0,202.87,0.0,0.0,False,False,False,False,True,False,False,False,False,True,False,False,False,False,False,False,False,False,False,False,False,False,False,False,False,False,False,False,False,False,False,False,False,False,True,False
UK,Coffee Maker,2025-10-25,Home & Kitchen,0.0,202.87,,20.0,2.0,0.0,0.0,5,25,43,10,4,298,1,-0.9749279121818236,-0.2225209339563146,-0.8660254037844386,0.5000000000000001,0.0,1,0.0,1,0.0,1,0.0,1,0.14285714285714285,0.37796447300923547,0.0,1.0,0.2857142857142857,0.32142857142857145,0.8629652337776992,0.0,3.0,0.44444444444444436,0,202.87,0.0,0.0,False,False,False,False,True,False,False,False,False,True,False,False,False,False,False,False,False,False,False,False,False,False,False,False,False,False,False,False,False,False,False,False,False,False,True,False
UK,Coffee Maker,2025-10-26,Home & Kitchen,0.0,202.87,,20.0,2.0,0.0,0.0,6,26,43,10,4,299,1,-0.7818314824680299,0.6234898018587334,-0.8660254037844386,0.5000000000000001,0.0,1,0.0,1,0.0,1,3.0,1,0.14285714285714285,0.37796447300923547,0.0,1.0,0.2857142857142857,0.32142857142857145,0.8629652337776992,0.0,3.0,0.44444444444444436,0,202.87,0.0,0.0,False,False,False,False,True,False,False,False,False,True,False,False,False,False,False,False,False,False,False,False,False,False,False,False,False,False,False,False,False,False,False,False,False,False,True,False
UK,Coffee Maker,2025-10-27,Home & Kitchen,0.0,202.87,,20.0,2.0,0.0,0.0,0,27,44,10,4,300,0,0.0,1.0,-0.8660254037844386,0.5000000000000001,0.0,1,0.0,1,0.0,1,0.0,1,0.14285714285714285,0.37796447300923547,0.0,1.0,0.2857142857142857,0.21428571428571427,0.6862211530545204,0.0,3.0,0.6666666666666666,0,202.87,0.0,0.0,False,False,False,False,True,False,False,False,False,True,False,False,False,False,False,False,False,False,False,False,False,False,False,False,False,False,False,False,False,False,False,False,False,False,True,False
UK,Coffee Maker,2025-10-28,Home & Kitchen,0.0,202.87,,20.0,2.0,0.0,0.0,1,28,44,10,4,301,0,0.7818314824680298,0.6234898018587336,-0.8660254037844386,0.5000000000000001,0.0,1,0.0,1,0.0,1,2.0,1,0.14285714285714285,0.37796447300923547,0.0,1.0,0.2857142857142857,0.21428571428571427,0.6862211530545204,0.0,3.0,0.6666666666666666,0,202.87,0.0,0.0,False,False,False,False,True,False,False,False,False,True,False,False,False,False,False,False,False,False,False,False,False,False,False,False,False,False,False,False,False,False,False,False,False,False,True,False
UK,Coffee Maker,2025-10-29,Home & Kitchen,3.0,184.0,0.01,20.0,2.0,1.0,0.0,2,29,44,10,4,302,0,0.9749279121818236,-0.22252093395631434,-0.8660254037844386,0.5000000000000001,0.0,1,1.0,1,0.0,1,0.0,1,0.14285714285714285,0.37796447300923547,0.0,1.0,0.2857142857142857,0.14285714285714285,0.5909368402852827,0.0,3.0,1.0,1,202.87,-18.870000000000005,-0.09301523142899396,False,False,False,False,True,False,False,False,False,True,False,False,False,False,False,False,False,False,False,False,False,False,False,False,False,False,False,False,False,False,False,False,False,False,True,False
UK,Coffee Maker,2025-10-30,Home & Kitchen,0.0,184.0,,20.0,2.0,0.0,0.0,3,30,44,10,4,303,0,0.43388373911755823,-0.900968867902419,-0.8660254037844386,0.5000000000000001,3.0,1,0.0,1,0.0,1,0.0,1,0.42857142857142855,1.1338934190276841,0.0,3.0,0.5,0.25,0.799305253885456,0.0,3.0,1.7142857142857142,0,184.0,0.0,0.0,False,False,False,False,True,False,False,False,False,True,False,False,False,False,False,False,False,False,False,False,False,False,False,False,False,False,False,False,False,False,False,False,False,False,True,False
UK,Coffee Maker,2025-10-31,Home & Kitchen,0.0,184.0,,20.0,2.0,0.0,0.0,4,31,44,10,4,304,0,-0.433883739117558,-0.9009688679024191,-0.8660254037844386,0.5000000000000001,0.0,1,0.0,1,3.0,1,0.0,1,0.42857142857142855,1.1338934190276841,0.0,3.0,0.5,0.25,0.799305253885456,0.0,3.0,1.7142857142857142,0,184.0,0.0,0.0,False,False,False,False,True,False,False,False,False,True,False,False,False,False,False,False,False,False,False,False,False,False,False,False,False,False,False,False,False,False,False,False,False,False,True,False
UK,Coffee Maker,2025-11-01,Home & Kitchen,2.0,290.0,0.22,20.0,2.0,1.0,0.0,5,1,44,11,4,305,1,-0.9749279121818236,-0.2225209339563146,-0.5000000000000004,0.8660254037844384,0.0,1,0.0,1,0.0,1,0.0,1,0.42857142857142855,1.1338934190276841,0.0,3.0,0.2857142857142857,0.25,0.799305253885456,0.0,3.0,1.7142857142857142,1,184.0,106.0,0.5760869565217391,False,False,False,False,True,False,False,False,False,True,False,False,False,False,False,False,False,False,False,False,False,False,False,False,False,False,False,False,False,False,False,False,False,False,True,False
UK,Coffee Maker,2025-11-02,Home & Kitchen,0.0,290.0,,20.0,2.0,0.0,0.0,6,2,44,11,4,306,1,-0.7818314824680299,0.6234898018587334,-0.5000000000000004,0.8660254037844384,2.0,1,0.0,1,0.0,1,0.0,1,0.7142857142857143,1.2535663410560194,0.0,3.0,0.42857142857142855,0.32142857142857145,0.8629652337776992,0.0,3.0,2.2222222222222223,0,290.0,0.0,0.0,False,False,False,False,True,False,False,False,False,True,False,False,False,False,False,False,False,False,False,False,False,False,False,False,False,False,False,False,False,False,False,False,False,False,True,False
UK,Coffee Maker,2025-11-03,Home & Kitchen,0.0,290.0,,20.0,2.0,0.0,0.0,0,3,45,11,4,307,0,0.0,1.0,-0.5000000000000004,0.8660254037844384,0.0,1,0.0,1,0.0,1,0.0,1,0.7142857142857143,1.2535663410560194,0.0,3.0,0.42857142857142855,0.32142857142857145,0.8629652337776992,0.0,3.0,2.2222222222222223,0,290.0,0.0,0.0,False,False,False,False,True,False,False,False,False,True,False,False,False,False,False,False,False,False,False,False,False,False,False,False,False,False,False,False,False,False,False,False,False,False,True,False
UK,Coffee Maker,2025-11-04,Home & Kitchen,0.0,290.0,,20.0,2.0,0.0,0.0,1,4,45,11,4,308,0,0.7818314824680298,0.6234898018587336,-0.5000000000000004,0.8660254037844384,0.0,1,0.0,1,0.0,1,0.0,1,0.7142857142857143,1.2535663410560194,0.0,3.0,0.42857142857142855,0.32142857142857145,0.8629652337776992,0.0,3.0,2.2222222222222223,0,290.0,0.0,0.0,False,False,False,False,True,False,False,False,False,True,False,False,False,False,False,False,False,False,False,False,False,False,False,False,False,False,False,False,False,False,False,False,False,False,True,False
UK,Coffee Maker,2025-11-05,Home & Kitchen,0.0,290.0,,20.0,2.0,0.0,0.0,2,5,45,11,4,309,0,0.9749279121818236,-0.22252093395631434,-0.5000000000000004,0.8660254037844384,0.0,1,3.0,1,1.0,1,0.0,1,0.7142857142857143,1.2535663410560194,0.0,3.0,0.42857142857142855,0.32142857142857145,0.8629652337776992,0.0,3.0,2.2222222222222223,0,290.0,0.0,0.0,False,False,False,False,True,False,False,False,False,True,False,False,False,False,False,False,False,False,False,False,False,False,False,False,False,False,False,False,False,False,False,False,False,False,True,False
UK,Coffee Maker,2025-11-06,Home & Kitchen,5.0,61.004999999999995,0.18,20.0,2.0,1.0,1.0,3,6,45,11,4,310,0,0.43388373911755823,-0.900968867902419,-0.5000000000000004,0.8660254037844384,0.0,1,0.0,1,0.0,1,0.0,1,0.2857142857142857,0.7559289460184583,0.0,2.0,0.35714285714285715,0.32142857142857145,0.8629652337776992,0.0,3.0,0.8888888888888887,1,290.0,-228.995,-0.7896379310344828,False,False,False,False,True,False,False,False,False,True,False,False,False,False,False,False,False,False,False,False,False,False,False,False,False,False,False,False,False,False,False,False,False,False,True,False
UK,Coffee Maker,2025-11-07,Home & Kitchen,0.0,61.004999999999995,,20.0,2.0,0.0,0.0,4,7,45,11,4,311,0,-0.433883739117558,-0.9009688679024191,-0.5000000000000004,0.8660254037844384,5.0,1,0.0,1,0.0,1,0.0,1,1.0,1.9148542155126773,0.0,5.0,0.7142857142857143,0.5,1.2322818340454926,0.0,5.0,2.0,0,61.004999999999995,0.0,0.0,False,False,False,False,True,False,False,False,False,True,False,False,False,False,False,False,False,False,False,False,False,False,False,False,False,False,False,False,False,False,False,False,False,False,True,False
UK,Coffee Maker,2025-11-08,Home & Kitchen,2.0,62.62,0.23,20.0,2.0,1.0,0.0,5,8,45,11,4,312,1,-0.9749279121818236,-0.2225209339563146,-0.5000000000000004,0.8660254037844384,0.0,1,2.0,1,0.0,1,0.0,1,1.0,1.9148542155126773,0.0,5.0,0.7142857142857143,0.5,1.2322818340454926,0.0,5.0,2.0,1,61.004999999999995,1.615000000000002,0.02647323989836902,False,False,False,False,True,False,False,False,False,True,False,False,False,False,False,False,False,False,False,False,False,False,False,False,False,False,False,False,False,False,False,False,False,False,True,False
UK,Coffee Maker,2025-11-09,Home & Kitchen,6.0,262.64,0.28,20.0,2.0,1.0,1.0,6,9,45,11,4,313,1,-0.7818314824680299,0.6234898018587334,-0.5000000000000004,0.8660254037844384,2.0,1,0.0,1,0.0,1,0.0,1,1.0,1.9148542155126773,0.0,5.0,0.8571428571428571,0.5714285714285714,1.2598815766974256,0.0,5.0,1.75,1,62.62,200.01999999999998,3.194187160651549,False,False,False,False,True,False,False,False,False,True,False,False,False,False,False,False,False,False,False,False,False,False,False,False,False,False,False,False,False,False,False,False,False,False,True,False
UK,Coffee Maker,2025-11-10,Home & Kitchen,0.0,262.64,,20.0,2.0,0.0,0.0,0,10,46,11,4,314,0,0.0,1.0,-0.5000000000000004,0.8660254037844384,6.0,1,0.0,1,0.0,1,0.0,1,1.8571428571428572,2.609506430251478,0.0,6.0,1.2857142857142858,0.7857142857142857,1.6183471874253752,0.0,6.0,2.3636363636363638,0,262.64,0.0,0.0,False,False,False,False,True,False,False,False,False,True,False,False,False,False,False,False,False,False,False,False,False,False,False,False,False,False,False,False,False,False,False,False,False,False,True,False
UK,Coffee Maker,2025-11-11,Home & Kitchen,0.0,262.64,,20.0,2.0,0.0,0.0,1,11,46,11,4,315,0,0.7818314824680298,0.6234898018587336,-0.5000000000000004,0.8660254037844384,0.0,1,0.0,1,0.0,1,0.0,1,1.8571428571428572,2.609506430251478,0.0,6.0,1.2857142857142858,0.7857142857142857,1.6183471874253752,0.0,6.0,2.3636363636363638,0,262.64,0.0,0.0,False,False,False,False,True,False,False,False,False,True,False,False,False,False,False,False,False,False,False,False,False,False,False,False,False,False,False,False,False,False,False,False,False,False,True,False
UK,Coffee Maker,2025-11-12,Home & Kitchen,5.0,158.98,0.2,20.0,2.0,1.0,1.0,2,12,46,11,4,316,0,0.9749279121818236,-0.22252093395631434,-0.5000000000000004,0.8660254037844384,0.0,1,0.0,1,3.0,1,0.0,1,1.8571428571428572,2.609506430251478,0.0,6.0,1.2857142857142858,0.7857142857142857,1.6183471874253752,0.0,6.0,2.3636363636363638,1,262.64,-103.66,-0.3946847395674688,False,False,False,False,True,False,False,False,False,True,False,False,False,False,False,False,False,False,False,False,False,False,False,False,False,False,False,False,False,False,False,False,False,False,True,False
UK,Coffee Maker,2025-11-13,Home & Kitchen,3.0,59.77,0.23,20.0,2.0,1.0,0.0,3,13,46,11,4,317,0,0.43388373911755823,-0.900968867902419,-0.5000000000000004,0.8660254037844384,5.0,1,5.0,1,0.0,1,0.0,1,2.5714285714285716,2.6992062325273123,0.0,6.0,1.4285714285714286,0.9642857142857143,1.7946864547601273,0.0,6.0,2.666666666666667,1,158.98,-99.20999999999998,-0.6240407598440054,False,False,False,False,True,False,False,False,False,True,False,False,False,False,False,False,False,False,False,False,False,False,False,False,False,False,False,False,False,False,False,False,False,False,True,False
UK,Coffee Maker,2025-11-14,Home & Kitchen,0.0,59.77,,20.0,2.0,0.0,0.0,4,14,46,11,4,318,0,-0.433883739117558,-0.9009688679024191,-0.5000000000000004,0.8660254037844384,3.0,1,0.0,1,0.0,1,3.0,1,2.2857142857142856,2.497617912751116,0.0,6.0,1.6428571428571428,1.0714285714285714,1.8242922814182851,0.0,6.0,2.1333333333333333,0,59.77,0.0,0.0,False,False,False,False,True,False,False,False,False,True,False,False,False,False,False,False,False,False,False,False,False,False,False,False,False,False,False,False,False,False,False,False,False,False,True,False
UK,Coffee Maker,2025-11-15,Home & Kitchen,0.0,59.77,,20.0,2.0,0.0,0.0,5,15,46,11,4,319,1,-0.9749279121818236,-0.2225209339563146,-0.5000000000000004,0.8660254037844384,0.0,1,2.0,1,2.0,1,0.0,1,2.2857142857142856,2.497617912751116,0.0,6.0,1.6428571428571428,0.9642857142857143,1.7946864547601273,0.0,6.0,2.3703703703703702,0,59.77,0.0,0.0,False,False,False,False,True,False,False,False,False,True,False,False,False,False,False,False,False,False,False,False,False,False,False,False,False,False,False,False,False,False,False,False,False,False,True,False
UK,Coffee Maker,2025-11-16,Home & Kitchen,3.0,30.34,0.16,20.0,2.0,1.0,0.0,6,16,46,11,4,320,1,-0.7818314824680299,0.6234898018587334,-0.5000000000000004,0.8660254037844384,0.0,1,6.0,1,0.0,1,0.0,1,2.0,2.645751311064591,0.0,6.0,1.5,0.9642857142857143,1.7946864547601273,0.0,6.0,2.074074074074074,1,59.77,-29.430000000000003,-0.4923874853605488,False,False,False,False,True,False,False,False,False,True,False,False,False,False,False,False,False,False,False,False,False,False,False,False,False,False,False,False,False,False,False,False,False,False,True,False
UK,Coffee Maker,2025-11-17,Home & Kitchen,4.0,53.32,0.19,20.0,2.0,1.0,0.0,0,17,47,11,4,321,0,0.0,1.0,-0.5000000000000004,0.8660254037844384,3.0,1,0.0,1,0.0,1,0.0,1,1.5714285714285714,2.070196678027064,0.0,5.0,1.7142857142857142,1.0714285714285714,1.8242922814182851,0.0,6.0,1.4666666666666668,1,30.34,22.98,0.7574159525379037,False,False,False,False,True,False,False,False,False,True,False,False,False,False,False,False,False,False,False,False,False,False,False,False,False,False,False,False,False,False,False,False,False,False,True,False
UK,Coffee Maker,2025-11-18,Home & Kitchen,0.0,53.32,,20.0,2.0,0.0,0.0,1,18,47,11,4,322,0,0.7818314824680298,0.6234898018587336,-0.5000000000000004,0.8660254037844384,4.0,1,0.0,1,0.0,1,0.0,1,2.142857142857143,2.115700942049816,0.0,5.0,2.0,1.2142857142857142,1.8926200310708394,0.0,6.0,1.7647058823529413,0,53.32,0.0,0.0,False,False,False,False,True,False,False,False,False,True,False,False,False,False,False,False,False,False,False,False,False,False,False,False,False,False,False,False,False,False,False,False,False,False,True,False
UK,Coffee Maker,2025-11-19,Home & Kitchen,4.0,272.81,0.27,20.0,2.0,1.0,0.0,2,19,47,11,4,323,0,0.9749279121818236,-0.22252093395631434,-0.5000000000000004,0.8660254037844384,0.0,1,5.0,1,0.0,1,1.0,1,2.142857142857143,2.115700942049816,0.0,5.0,2.0,1.2142857142857142,1.8926200310708394,0.0,6.0,1.7647058823529413,1,53.32,219.49,4.116466616654163,False,False,False,False,True,False,False,False,False,True,False,False,False,False,False,False,False,False,False,False,False,False,False,False,False,False,False,False,False,False,False,False,False,False,True,False
UK,Coffee Maker,2025-11-20,Home & Kitchen,5.0,60.76,0.18,20.0,2.0,1.0,1.0,3,20,47,11,4,324,0,0.43388373911755823,-0.900968867902419,-0.5000000000000004,0.8660254037844384,4.0,1,3.0,1,5.0,1,0.0,1,2.0,1.914854215512677,0.0,4.0,2.2857142857142856,1.3214285714285714,1.9636242272441307,0.0,6.0,1.5135135135135136,1,272.81,-212.05,-0.7772808914629229,False,False,False,False,True,False,False,False,False,True,False,False,False,False,False,False,False,False,False,False,False,False,False,False,False,False,False,False,False,False,False,False,False,False,True,False
UK,Coffee Maker,2025-11-21,Home & Kitchen,0.0,60.76,,20.0,2.0,0.0,0.0,4,21,47,11,4,325,0,-0.433883739117558,-0.9009688679024191,-0.5000000000000004,0.8660254037844384,5.0,1,0.0,1,0.0,1,0.0,1,2.2857142857142856,2.214669705568283,0.0,5.0,2.2857142857142856,1.5,2.0637972912229685,0.0,6.0,1.5238095238095237,0,60.76,0.0,0.0,False,False,False,False,True,False,False,False,False,True,False,False,False,False,False,False,False,False,False,False,False,False,False,False,False,False,False,False,False,False,False,False,False,False,True,False
UK,Coffee Maker,2025-11-22,Home & Kitchen,0.0,60.76,,20.0,2.0,0.0,0.0,5,22,47,11,4,326,1,-0.9749279121818236,-0.2225209339563146,-0.5000000000000004,0.8660254037844384,0.0,1,0.0,1,2.0,1,0.0,1,2.2857142857142856,2.214669705568283,0.0,5.0,2.2857142857142856,1.5,2.0637972912229685,0.0,6.0,1.5238095238095237,0,60.76,0.0,0.0,False,False,False,False,True,False,False,False,False,True,False,False,False,False,False,False,False,False,False,False,False,False,False,False,False,False,False,False,False,False,False,False,False,False,True,False
UK,Coffee Maker,2025-11-23,Home & Kitchen,0.0,60.76,,20.0,2.0,0.0,0.0,6,23,47,11,4,327,1,-0.7818314824680299,0.6234898018587334,-0.5000000000000004,0.8660254037844384,0.0,1,3.0,1,6.0,1,0.0,1,2.2857142857142856,2.214669705568283,0.0,5.0,2.142857142857143,1.5,2.0637972912229685,0.0,6.0,1.5238095238095237,0,60.76,0.0,0.0,False,False,False,False,True,False,False,False,False,True,False,False,False,False,False,False,False,False,False,False,False,False,False,False,False,False,False,False,False,False,False,False,False,False,True,False
UK,Coffee Maker,2025-11-24,Home & Kitchen,0.0,60.76,,20.0,2.0,0.0,0.0,0,24,48,11,4,328,0,0.0,1.0,-0.5000000000000004,0.8660254037844384,0.0,1,4.0,1,0.0,1,0.0,1,1.8571428571428572,2.3401261667248794,0.0,5.0,1.7142857142857142,1.5,2.0637972912229685,0.0,6.0,1.2380952380952381,0,60.76,0.0,0.0,False,False,False,False,True,False,False,False,False,True,False,False,False,False,False,False,False,False,False,False,False,False,False,False,False,False,False,False,False,False,False,False,False,False,True,False
UK,Coffee Maker,2025-11-25,Home & Kitchen,2.0,56.64,0.27,20.0,2.0,1.0,0.0,1,25,48,11,4,329,0,0.7818314824680298,0.6234898018587336,-0.5000000000000004,0.8660254037844384,0.0,1,0.0,1,0.0,1,0.0,1,1.2857142857142858,2.2146697055682836,0.0,5.0,1.7142857142857142,1.5,2.0637972912229685,0.0,6.0,0.8571428571428572,1,60.76,-4.119999999999997,-0.06780776826859772,False,False,False,False,True,False,False,False,False,True,False,False,False,False,False,False,False,False,False,False,False,False,False,False,False,False,False,False,False,False,False,False,False,False,True,False
