store_id,product_id,date,category,sales,price,Discount_Applied,safety_stock,lead_time_days,promotion,is_outlier,day_of_week,day_of_month,week_of_year,month,quarter,day_of_year,is_weekend,sin_day_of_week,cos_day_of_week,sin_month,cos_month,lag_1,has_lag_1,lag_7,has_lag_7,lag_14,has_lag_14,lag_28,has_lag_28,rolling_mean_7,rolling_std_7,rolling_min_7,rolling_max_7,rolling_mean_14,rolling_mean_28,rolling_std_28,rolling_min_28,rolling_max_28,trend_ratio,is_promotion,previous_price,price_change,price_change_pct,store_id_Germany,store_id_India,store_id_Pakistan,store_id_UAE,store_id_UK,store_id_USA,product_id_4K Smart TV,product_id_Air Fryer,product_id_Blender,product_id_Coffee Maker,product_id_Cotton T-Shirt,product_id_Cycling Helmet,product_id_Denim Jeans,product_id_Dumbbell Set,product_id_Face Wash,product_id_Football,product_id_Formal Shirt,product_id_Gaming Laptop,product_id_Hair Serum,product_id_Lipstick Set,product_id_Microwave Oven,product_id_Moisturizing Cream,product_id_Perfume,product_id_Running Shoes,product_id_Smartphone 128GB,product_id_Smartwatch,product_id_Tennis Racket,product_id_Vacuum Cleaner,product_id_Winter Jacket,product_id_Wireless Noise-Canceling Headphones,product_id_Yoga Mat,category_Apparel,category_Beauty,category_Electronics,category_Home & Kitchen,category_Sports
India,Smartwatch,2025-05-23,Electronics,3.0,1195.93,0.02,20.0,2.0,1.0,0.0,4,23,21,5,2,143,0,-0.433883739117558,-0.9009688679024191,0.49999999999999994,-0.8660254037844387,0.0,1,0.0,1,0.0,1,0.0,1,2.142857142857143,2.3401261667248785,0.0,6.0,1.2142857142857142,1.0,1.5869840952317464,0.0,6.0,2.142857142857143,1,1052.605,143.32500000000005,0.13616218809524944,False,True,False,False,False,False,False,False,False,False,False,False,False,False,False,False,False,False,False,False,False,False,False,False,False,True,False,False,False,False,False,False,False,True,False,False
India,Smartwatch,2025-05-24,Electronics,0.0,1195.93,,20.0,2.0,0.0,0.0,5,24,21,5,2,144,1,-0.9749279121818236,-0.2225209339563146,0.49999999999999994,-0.8660254037844387,3.0,1,0.0,1,0.0,1,0.0,1,2.5714285714285716,2.1491969707422385,0.0,6.0,1.4285714285714286,1.1071428571428572,1.61793846227997,0.0,6.0,2.3225806451612905,0,1195.93,0.0,0.0,False,True,False,False,False,False,False,False,False,False,False,False,False,False,False,False,False,False,False,False,False,False,False,False,False,True,False,False,False,False,False,False,False,True,False,False
India,Smartwatch,2025-05-25,Electronics,0.0,1195.93,,20.0,2.0,0.0,0.0,6,25,21,5,2,145,1,-0.7818314824680299,0.6234898018587334,0.49999999999999994,-0.8660254037844387,0.0,1,3.0,1,0.0,1,1.0,1,2.5714285714285716,2.1491969707422385,0.0,6.0,1.4285714285714286,1.1071428571428572,1.61793846227997,0.0,6.0,2.3225806451612905,0,1195.93,0.0,0.0,False,True,False,False,False,False,False,False,False,False,False,False,False,False,False,False,False,False,False,False,False,False,False,False,False,True,False,False,False,False,False,False,False,True,False,False
India,Smartwatch,2025-05-26,Electronics,0.0,1195.93,,20.0,2.0,0.0,0.0,0,26,22,5,2,146,0,0.0,1.0,0.49999999999999994,-0.8660254037844387,0.0,1,6.0,1,2.0,1,2.0,1,2.142857142857143,2.3401261667248785,0.0,6.0,1.4285714285714286,1.0714285714285714,1.6313723245708407,0.0,6.0,2.0,0,1195.93,0.0,0.0,False,True,False,False,False,False,False,False,False,False,False,False,False,False,False,False,False,False,False,False,False,False,False,False,False,True,False,False,False,False,False,False,False,True,False,False
India,Smartwatch,2025-05-27,Electronics,0.0,1195.93,,20.0,2.0,0.0,0.0,1,27,22,5,2,147,0,0.7818314824680298,0.6234898018587336,0.49999999999999994,-0.8660254037844387,0.0,1,2.0,1,0.0,1,3.0,1,1.2857142857142858,1.7043362064926941,0.0,4.0,1.2857142857142858,1.0,1.632993161855454,0.0,6.0,1.2857142857142858,0,1195.93,0.0,0.0,False,True,False,False,False,False,False,False,False,False,False,False,False,False,False,False,False,False,False,False,False,False,False,False,False,True,False,False,False,False,False,False,False,True,False,False
India,Smartwatch,2025-05-28,Electronics,0.0,1195.93,,20.0,2.0,0.0,0.0,2,28,22,5,2,148,0,0.9749279121818236,-0.22252093395631434,0.49999999999999994,-0.8660254037844387,0.0,1,4.0,1,0.0,1,0.0,1,1.0,1.7320508075688785,0.0,4.0,1.2857142857142858,0.8928571428571429,1.5948826896203996,0.0,6.0,1.1199999999999999,0,1195.93,0.0,0.0,False,True,False,False,False,False,False,False,False,False,False,False,False,False,False,False,False,False,False,False,False,False,False,False,False,True,False,False,False,False,False,False,False,True,False,False
India,Smartwatch,2025-05-29,Electronics,0.0,1195.93,,20.0,2.0,0.0,0.0,3,29,22,5,2,149,0,0.43388373911755823,-0.900968867902419,0.49999999999999994,-0.8660254037844387,0.0,1,0.0,1,0.0,1,3.0,1,0.42857142857142855,1.133893419027685,0.0,3.0,1.2857142857142858,0.8928571428571429,1.5948826896203996,0.0,6.0,0.4799999999999999,0,1195.93,0.0,0.0,False,True,False,False,False,False,False,False,False,False,False,False,False,False,False,False,False,False,False,False,False,False,False,False,False,True,False,False,False,False,False,False,False,True,False,False
India,Smartwatch,2025-05-30,Electronics,5.0,96.00999999999999,0.15,20.0,2.0,1.0,0.0,4,30,22,5,2,150,0,-0.433883739117558,-0.9009688679024191,0.49999999999999994,-0.8660254037844387,0.0,1,3.0,1,0.0,1,0.0,1,0.42857142857142855,1.133893419027685,0.0,3.0,1.2857142857142858,0.7857142857142857,1.5481684006675125,0.0,6.0,0.5454545454545454,1,1195.93,-1099.92,-0.9197193815691554,False,True,False,False,False,False,False,False,False,False,False,False,False,False,False,False,False,False,False,False,False,False,False,False,False,True,False,False,False,False,False,False,False,True,False,False
India,Smartwatch,2025-05-31,Electronics,0.0,96.00999999999999,,20.0,2.0,0.0,0.0,5,31,22,5,2,151,1,-0.9749279121818236,-0.2225209339563146,0.49999999999999994,-0.8660254037844387,5.0,1,0.0,1,0.0,1,2.0,1,0.7142857142857143,1.8898223650461377,0.0,5.0,1.6428571428571428,0.9642857142857143,1.7316689200529225,0.0,6.0,0.7407407407407407,0,96.00999999999999,0.0,0.0,False,True,False,False,False,False,False,False,False,False,False,False,False,False,False,False,False,False,False,False,False,False,False,False,False,True,False,False,False,False,False,False,False,True,False,False
India,Smartwatch,2025-06-01,Electronics,0.0,96.00999999999999,,20.0,2.0,0.0,0.0,6,1,22,6,2,152,1,-0.7818314824680299,0.6234898018587334,1.2246467991473532e-16,-1.0,0.0,1,0.0,1,3.0,1,0.0,1,0.7142857142857143,1.8898223650461377,0.0,5.0,1.6428571428571428,0.8928571428571429,1.7286107827082546,0.0,6.0,0.7999999999999999,0,96.00999999999999,0.0,0.0,False,True,False,False,False,False,False,False,False,False,False,False,False,False,False,False,False,False,False,False,False,False,False,False,False,True,False,False,False,False,False,False,False,True,False,False
India,Smartwatch,2025-06-02,Electronics,0.0,96.00999999999999,,20.0,2.0,0.0,0.0,0,2,23,6,2,153,0,0.0,1.0,1.2246467991473532e-16,-1.0,0.0,1,0.0,1,6.0,1,0.0,1,0.7142857142857143,1.8898223650461377,0.0,5.0,1.4285714285714286,0.8928571428571429,1.7286107827082546,0.0,6.0,0.7999999999999999,0,96.00999999999999,0.0,0.0,False,True,False,False,False,False,False,False,False,False,False,False,False,False,False,False,False,False,False,False,False,False,False,False,False,True,False,False,False,False,False,False,False,True,False,False
India,Smartwatch,2025-06-03,Electronics,0.0,96.00999999999999,,20.0,2.0,0.0,0.0,1,3,23,6,2,154,0,0.7818314824680298,0.6234898018587336,1.2246467991473532e-16,-1.0,0.0,1,0.0,1,2.0,1,0.0,1,0.7142857142857143,1.8898223650461377,0.0,5.0,1.0,0.8928571428571429,1.7286107827082546,0.0,6.0,0.7999999999999999,0,96.00999999999999,0.0,0.0,False,True,False,False,False,False,False,False,False,False,False,False,False,False,False,False,False,False,False,False,False,False,False,False,False,True,False,False,False,False,False,False,False,True,False,False
India,Smartwatch,2025-06-04,Electronics,0.0,96.00999999999999,,20.0,2.0,0.0,0.0,2,4,23,6,2,155,0,0.9749279121818236,-0.22252093395631434,1.2246467991473532e-16,-1.0,0.0,1,0.0,1,4.0,1,0.0,1,0.7142857142857143,1.8898223650461377,0.0,5.0,0.8571428571428571,0.8928571428571429,1.7286107827082546,0.0,6.0,0.7999999999999999,0,96.00999999999999,0.0,0.0,False,True,False,False,False,False,False,False,False,False,False,False,False,False,False,False,False,False,False,False,False,False,False,False,False,True,False,False,False,False,False,False,False,True,False,False
India,Smartwatch,2025-06-05,Electronics,0.0,96.00999999999999,,20.0,2.0,0.0,0.0,3,5,23,6,2,156,0,0.43388373911755823,-0.900968867902419,1.2246467991473532e-16,-1.0,0.0,1,0.0,1,0.0,1,0.0,1,0.7142857142857143,1.8898223650461377,0.0,5.0,0.5714285714285714,0.8928571428571429,1.7286107827082546,0.0,6.0,0.7999999999999999,0,96.00999999999999,0.0,0.0,False,True,False,False,False,False,False,False,False,False,False,False,False,False,False,False,False,False,False,False,False,False,False,False,False,True,False,False,False,False,False,False,False,True,False,False
India,Smartwatch,2025-06-06,Electronics,0.0,96.00999999999999,,20.0,2.0,0.0,0.0,4,6,23,6,2,157,0,-0.433883739117558,-0.9009688679024191,1.2246467991473532e-16,-1.0,0.0,1,5.0,1,3.0,1,0.0,1,0.7142857142857143,1.8898223650461377,0.0,5.0,0.5714285714285714,0.8928571428571429,1.7286107827082546,0.0,6.0,0.7999999999999999,0,96.00999999999999,0.0,0.0,False,True,False,False,False,False,False,False,False,False,False,False,False,False,False,False,False,False,False,False,False,False,False,False,False,True,False,False,False,False,False,False,False,True,False,False
India,Smartwatch,2025-06-07,Electronics,0.0,96.00999999999999,,20.0,2.0,0.0,0.0,5,7,23,6,2,158,1,-0.9749279121818236,-0.2225209339563146,1.2246467991473532e-16,-1.0,0.0,1,0.0,1,0.0,1,0.0,1,0.0,0.0,0.0,0.0,0.35714285714285715,0.8928571428571429,1.7286107827082546,0.0,6.0,0.0,0,96.00999999999999,0.0,0.0,False,True,False,False,False,False,False,False,False,False,False,False,False,False,False,False,False,False,False,False,False,False,False,False,False,True,False,False,False,False,False,False,False,True,False,False
India,Smartwatch,2025-06-08,Electronics,0.0,96.00999999999999,,20.0,2.0,0.0,0.0,6,8,23,6,2,159,1,-0.7818314824680299,0.6234898018587334,1.2246467991473532e-16,-1.0,0.0,1,0.0,1,0.0,1,0.0,1,0.0,0.0,0.0,0.0,0.35714285714285715,0.8928571428571429,1.7286107827082546,0.0,6.0,0.0,0,96.00999999999999,0.0,0.0,False,True,False,False,False,False,False,False,False,False,False,False,False,False,False,False,False,False,False,False,False,False,False,False,False,True,False,False,False,False,False,False,False,True,False,False
India,Smartwatch,2025-06-09,Electronics,2.0,609.48,0.01,20.0,2.0,1.0,0.0,0,9,24,6,2,160,0,0.0,1.0,1.2246467991473532e-16,-1.0,0.0,1,0.0,1,0.0,1,2.0,1,0.0,0.0,0.0,0.0,0.35714285714285715,0.8928571428571429,1.7286107827082546,0.0,6.0,0.0,1,96.00999999999999,513.47,5.348088740756172,False,True,False,False,False,False,False,False,False,False,False,False,False,False,False,False,False,False,False,False,False,False,False,False,False,True,False,False,False,False,False,False,False,True,False,False
India,Smartwatch,2025-06-10,Electronics,0.0,609.48,,20.0,2.0,0.0,0.0,1,10,24,6,2,161,0,0.7818314824680298,0.6234898018587336,1.2246467991473532e-16,-1.0,2.0,1,0.0,1,0.0,1,0.0,1,0.2857142857142857,0.7559289460184601,0.0,2.0,0.5,0.8928571428571429,1.7286107827082546,0.0,6.0,0.31999999999999995,0,609.48,0.0,0.0,False,True,False,False,False,False,False,False,False,False,False,False,False,False,False,False,False,False,False,False,False,False,False,False,False,True,False,False,False,False,False,False,False,True,False,False
India,Smartwatch,2025-06-11,Electronics,2.0,375.27,0.03,20.0,2.0,1.0,0.0,2,11,24,6,2,162,0,0.9749279121818236,-0.22252093395631434,1.2246467991473532e-16,-1.0,0.0,1,0.0,1,0.0,1,0.0,1,0.2857142857142857,0.75592894601846,0.0,2.0,0.5,0.8928571428571429,1.7286107827082546,0.0,6.0,0.31999999999999995,1,609.48,-234.21000000000004,-0.3842784012600906,False,True,False,False,False,False,False,False,False,False,False,False,False,False,False,False,False,False,False,False,False,False,False,False,False,True,False,False,False,False,False,False,False,True,False,False
India,Smartwatch,2025-06-12,Electronics,0.0,375.27,,20.0,2.0,0.0,0.0,3,12,24,6,2,163,0,0.43388373911755823,-0.900968867902419,1.2246467991473532e-16,-1.0,2.0,1,0.0,1,0.0,1,0.0,1,0.5714285714285714,0.9759000729485366,0.0,2.0,0.6428571428571429,0.9642857142857143,1.7316689200529225,0.0,6.0,0.5925925925925926,0,375.27,0.0,0.0,False,True,False,False,False,False,False,False,False,False,False,False,False,False,False,False,False,False,False,False,False,False,False,False,False,True,False,False,False,False,False,False,False,True,False,False
India,Smartwatch,2025-06-13,Electronics,0.0,375.27,,20.0,2.0,0.0,0.0,4,13,24,6,2,164,0,-0.433883739117558,-0.9009688679024191,1.2246467991473532e-16,-1.0,0.0,1,0.0,1,5.0,1,0.0,1,0.5714285714285714,0.9759000729485366,0.0,2.0,0.6428571428571429,0.9642857142857143,1.7316689200529225,0.0,6.0,0.5925925925925926,0,375.27,0.0,0.0,False,True,False,False,False,False,False,False,False,False,False,False,False,False,False,False,False,False,False,False,False,False,False,False,False,True,False,False,False,False,False,False,False,True,False,False
India,Smartwatch,2025-06-14,Electronics,0.0,375.27,,20.0,2.0,0.0,0.0,5,14,24,6,2,165,1,-0.9749279121818236,-0.2225209339563146,1.2246467991473532e-16,-1.0,0.0,1,0.0,1,0.0,1,0.0,1,0.5714285714285714,0.9759000729485366,0.0,2.0,0.2857142857142857,0.9642857142857143,1.7316689200529225,0.0,6.0,0.5925925925925926,0,375.27,0.0,0.0,False,True,False,False,False,False,False,False,False,False,False,False,False,False,False,False,False,False,False,False,False,False,False,False,False,True,False,False,False,False,False,False,False,True,False,False
India,Smartwatch,2025-06-15,Electronics,0.0,375.27,,20.0,2.0,0.0,0.0,6,15,24,6,2,166,1,-0.7818314824680299,0.6234898018587334,1.2246467991473532e-16,-1.0,0.0,1,0.0,1,0.0,1,3.0,1,0.5714285714285714,0.9759000729485366,0.0,2.0,0.2857142857142857,0.9642857142857143,1.7316689200529225,0.0,6.0,0.5925925925925926,0,375.27,0.0,0.0,False,True,False,False,False,False,False,False,False,False,False,False,False,False,False,False,False,False,False,False,False,False,False,False,False,True,False,False,False,False,False,False,False,True,False,False
India,Smartwatch,2025-06-16,Electronics,0.0,375.27,,20.0,2.0,0.0,0.0,0,16,25,6,2,167,0,0.0,1.0,1.2246467991473532e-16,-1.0,0.0,1,2.0,1,0.0,1,6.0,1,0.5714285714285714,0.9759000729485366,0.0,2.0,0.2857142857142857,0.8571428571428571,1.6934358174211603,0.0,6.0,0.6666666666666666,0,375.27,0.0,0.0,False,True,False,False,False,False,False,False,False,False,False,False,False,False,False,False,False,False,False,False,False,False,False,False,False,True,False,False,False,False,False,False,False,True,False,False
India,Smartwatch,2025-06-17,Electronics,2.0,1420.42,0.09,20.0,2.0,1.0,0.0,1,17,25,6,2,168,0,0.7818314824680298,0.6234898018587336,1.2246467991473532e-16,-1.0,0.0,1,0.0,1,0.0,1,2.0,1,0.2857142857142857,0.75592894601846,0.0,2.0,0.2857142857142857,0.6428571428571429,1.3666473091931488,0.0,5.0,0.44444444444444436,1,375.27,1045.15,2.7850614224425083,False,True,False,False,False,False,False,False,False,False,False,False,False,False,False,False,False,False,False,False,False,False,False,False,False,True,False,False,False,False,False,False,False,True,False,False
India,Smartwatch,2025-06-18,Electronics,1.0,198.94,0.09,20.0,2.0,1.0,0.0,2,18,25,6,2,169,0,0.9749279121818236,-0.22252093395631434,1.2246467991473532e-16,-1.0,2.0,1,2.0,1,0.0,1,4.0,1,0.5714285714285714,0.9759000729485366,0.0,2.0,0.42857142857142855,0.6428571428571429,1.3666473091931488,0.0,5.0,0.8888888888888887,1,1420.42,-1221.48,-0.8599428338097183,False,True,False,False,False,False,False,False,False,False,False,False,False,False,False,False,False,False,False,False,False,False,False,False,False,True,False,False,False,False,False,False,False,True,False,False
India,Smartwatch,2025-06-19,Electronics,0.0,198.94,,20.0,2.0,0.0,0.0,3,19,25,6,2,170,0,0.43388373911755823,-0.900968867902419,1.2246467991473532e-16,-1.0,1.0,1,0.0,1,0.0,1,0.0,1,0.42857142857142855,0.7867957924694479,0.0,2.0,0.5,0.5357142857142857,1.2013000012993005,0.0,5.0,0.7999999999999999,0,198.94,0.0,0.0,False,True,False,False,False,False,False,False,False,False,False,False,False,False,False,False,False,False,False,False,False,False,False,False,False,True,False,False,False,False,False,False,False,True,False,False
India,Smartwatch,2025-06-20,Electronics,0.0,198.94,,20.0,2.0,0.0,0.0,4,20,25,6,2,171,0,-0.433883739117558,-0.9009688679024191,1.2246467991473532e-16,-1.0,0.0,1,0.0,1,0.0,1,3.0,1,0.42857142857142855,0.7867957924694479,0.0,2.0,0.5,0.5357142857142857,1.2013000012993005,0.0,5.0,0.7999999999999999,0,198.94,0.0,0.0,False,True,False,False,False,False,False,False,False,False,False,False,False,False,False,False,False,False,False,False,False,False,False,False,False,True,False,False,False,False,False,False,False,True,False,False
India,Smartwatch,2025-06-21,Electronics,0.0,198.94,,20.0,2.0,0.0,0.0,5,21,25,6,2,172,1,-0.9749279121818236,-0.2225209339563146,1.2246467991473532e-16,-1.0,0.0,1,0.0,1,0.0,1,0.0,1,0.42857142857142855,0.7867957924694479,0.0,2.0,0.5,0.42857142857142855,1.1031460542154985,0.0,5.0,1.0,0,198.94,0.0,0.0,False,True,False,False,False,False,False,False,False,False,False,False,False,False,False,False,False,False,False,False,False,False,False,False,False,True,False,False,False,False,False,False,False,True,False,False
India,Smartwatch,2025-06-22,Electronics,0.0,198.94,,20.0,2.0,0.0,0.0,6,22,25,6,2,173,1,-0.7818314824680299,0.6234898018587334,1.2246467991473532e-16,-1.0,0.0,1,0.0,1,0.0,1,0.0,1,0.42857142857142855,0.7867957924694479,0.0,2.0,0.5,0.42857142857142855,1.1031460542154985,0.0,5.0,1.0,0,198.94,0.0,0.0,False,True,False,False,False,False,False,False,False,False,False,False,False,False,False,False,False,False,False,False,False,False,False,False,False,True,False,False,False,False,False,False,False,True,False,False
India,Smartwatch,2025-06-23,Electronics,0.0,198.94,,20.0,2.0,0.0,0.0,0,23,26,6,2,174,0,0.0,1.0,1.2246467991473532e-16,-1.0,0.0,1,0.0,1,2.0,1,0.0,1,0.42857142857142855,0.7867957924694479,0.0,2.0,0.5,0.42857142857142855,1.1031460542154985,0.0,5.0,1.0,0,198.94,0.0,0.0,False,True,False,False,False,False,False,False,False,False,False,False,False,False,False,False,False,False,False,False,False,False,False,False,False,True,False,False,False,False,False,False,False,True,False,False
India,Smartwatch,2025-06-24,Electronics,0.0,198.94,,20.0,2.0,0.0,0.0,1,24,26,6,2,175,0,0.7818314824680298,0.6234898018587336,1.2246467991473532e-16,-1.0,0.0,1,2.0,1,0.0,1,0.0,1,0.42857142857142855,0.7867957924694479,0.0,2.0,0.35714285714285715,0.42857142857142855,1.1031460542154985,0.0,5.0,1.0,0,198.94,0.0,0.0,False,True,False,False,False,False,False,False,False,False,False,False,False,False,False,False,False,False,False,False,False,False,False,False,False,True,False,False,False,False,False,False,False,True,False,False
India,Smartwatch,2025-06-25,Electronics,0.0,198.94,,20.0,2.0,0.0,0.0,2,25,26,6,2,176,0,0.9749279121818236,-0.22252093395631434,1.2246467991473532e-16,-1.0,0.0,1,1.0,1,2.0,1,0.0,1,0.14285714285714285,0.37796447300923935,0.0,1.0,0.35714285714285715,0.42857142857142855,1.1031460542154985,0.0,5.0,0.3333333333333333,0,198.94,0.0,0.0,False,True,False,False,False,False,False,False,False,False,False,False,False,False,False,False,False,False,False,False,False,False,False,False,False,True,False,False,False,False,False,False,False,True,False,False
India,Smartwatch,2025-06-26,Electronics,0.0,198.94,,20.0,2.0,0.0,0.0,3,26,26,6,2,177,0,0.43388373911755823,-0.900968867902419,1.2246467991473532e-16,-1.0,0.0,1,0.0,1,0.0,1,0.0,1,0.0,0.0,0.0,0.0,0.21428571428571427,0.42857142857142855,1.1031460542154985,0.0,5.0,0.0,0,198.94,0.0,0.0,False,True,False,False,False,False,False,False,False,False,False,False,False,False,False,False,False,False,False,False,False,False,False,False,False,True,False,False,False,False,False,False,False,True,False,False
India,Smartwatch,2025-06-27,Electronics,0.0,198.94,,20.0,2.0,0.0,0.0,4,27,26,6,2,178,0,-0.433883739117558,-0.9009688679024191,1.2246467991473532e-16,-1.0,0.0,1,0.0,1,0.0,1,5.0,1,0.0,0.0,0.0,0.0,0.21428571428571427,0.42857142857142855,1.1031460542154985,0.0,5.0,0.0,0,198.94,0.0,0.0,False,True,False,False,False,False,False,False,False,False,False,False,False,False,False,False,False,False,False,False,False,False,False,False,False,True,False,False,False,False,False,False,False,True,False,False
India,Smartwatch,2025-06-28,Electronics,0.0,198.94,,20.0,2.0,0.0,0.0,5,28,26,6,2,179,1,-0.9749279121818236,-0.2225209339563146,1.2246467991473532e-16,-1.0,0.0,1,0.0,1,0.0,1,0.0,1,0.0,0.0,0.0,0.0,0.21428571428571427,0.25,0.6454972243679079,0.0,2.0,0.0,0,198.94,0.0,0.0,False,True,False,False,False,False,False,False,False,False,False,False,False,False,False,False,False,False,False,False,False,False,False,False,False,True,False,False,False,False,False,False,False,True,False,False
India,Smartwatch,2025-06-29,Electronics,0.0,198.94,,20.0,2.0,0.0,0.0,6,29,26,6,2,180,1,-0.7818314824680299,0.6234898018587334,1.2246467991473532e-16,-1.0,0.0,1,0.0,1,0.0,1,0.0,1,0.0,0.0,0.0,0.0,0.21428571428571427,0.25,0.6454972243679079,0.0,2.0,0.0,0,198.94,0.0,0.0,False,True,False,False,False,False,False,False,False,False,False,False,False,False,False,False,False,False,False,False,False,False,False,False,False,True,False,False,False,False,False,False,False,True,False,False
India,Smartwatch,2025-06-30,Electronics,2.0,1213.24,0.01,20.0,2.0,1.0,0.0,0,30,27,6,2,181,0,0.0,1.0,1.2246467991473532e-16,-1.0,0.0,1,0.0,1,0.0,1,0.0,1,0.0,0.0,0.0,0.0,0.21428571428571427,0.25,0.6454972243679079,0.0,2.0,0.0,1,198.94,1014.3,5.098522167487684,False,True,False,False,False,False,False,False,False,False,False,False,False,False,False,False,False,False,False,False,False,False,False,False,False,True,False,False,False,False,False,False,False,True,False,False
India,Smartwatch,2025-07-01,Electronics,0.0,1213.24,,20.0,2.0,0.0,0.0,1,1,27,7,3,182,0,0.7818314824680298,0.6234898018587336,-0.4999999999999997,-0.8660254037844388,2.0,1,0.0,1,2.0,1,0.0,1,0.2857142857142857,0.75592894601846,0.0,2.0,0.35714285714285715,0.32142857142857145,0.7228324650199236,0.0,2.0,0.8888888888888887,0,1213.24,0.0,0.0,False,True,False,False,False,False,False,False,False,False,False,False,False,False,False,False,False,False,False,False,False,False,False,False,False,True,False,False,False,False,False,False,False,True,False,False
India,Smartwatch,2025-07-02,Electronics,8.0,910.8633333333333,0.12,20.0,2.0,1.0,1.0,2,2,27,7,3,183,0,0.9749279121818236,-0.22252093395631434,-0.4999999999999997,-0.8660254037844388,0.0,1,0.0,1,1.0,1,0.0,1,0.2857142857142857,0.75592894601846,0.0,2.0,0.21428571428571427,0.32142857142857145,0.7228324650199236,0.0,2.0,0.8888888888888887,1,1213.24,-302.37666666666667,-0.24923071005461958,False,True,False,False,False,False,False,False,False,False,False,False,False,False,False,False,False,False,False,False,False,False,False,False,False,True,False,False,False,False,False,False,False,True,False,False
India,Smartwatch,2025-07-03,Electronics,0.0,910.8633333333333,,20.0,2.0,0.0,0.0,3,3,27,7,3,184,0,0.43388373911755823,-0.900968867902419,-0.4999999999999997,-0.8660254037844388,8.0,1,0.0,1,0.0,1,0.0,1,1.4285714285714286,2.9920529661723827,0.0,8.0,0.7142857142857143,0.6071428571428571,1.61793846227997,0.0,8.0,2.3529411764705883,0,910.8633333333333,0.0,0.0,False,True,False,False,False,False,False,False,False,False,False,False,False,False,False,False,False,False,False,False,False,False,False,False,False,True,False,False,False,False,False,False,False,True,False,False
India,Smartwatch,2025-07-04,Electronics,0.0,910.8633333333333,,20.0,2.0,0.0,0.0,4,4,27,7,3,185,0,-0.433883739117558,-0.9009688679024191,-0.4999999999999997,-0.8660254037844388,0.0,1,0.0,1,0.0,1,0.0,1,1.4285714285714286,2.9920529661723827,0.0,8.0,0.7142857142857143,0.6071428571428571,1.61793846227997,0.0,8.0,2.3529411764705883,0,910.8633333333333,0.0,0.0,False,True,False,False,False,False,False,False,False,False,False,False,False,False,False,False,False,False,False,False,False,False,False,False,False,True,False,False,False,False,False,False,False,True,False,False
India,Smartwatch,2025-07-05,Electronics,1.0,1146.01,0.08,20.0,2.0,1.0,0.0,5,5,27,7,3,186,1,-0.9749279121818236,-0.2225209339563146,-0.4999999999999997,-0.8660254037844388,0.0,1,0.0,1,0.0,1,0.0,1,1.4285714285714286,2.9920529661723827,0.0,8.0,0.7142857142857143,0.6071428571428571,1.61793846227997,0.0,8.0,2.3529411764705883,1,910.8633333333333,235.14666666666665,0.25815801126403887,False,True,False,False,False,False,False,False,False,False,False,False,False,False,False,False,False,False,False,False,False,False,False,False,False,True,False,False,False,False,False,False,False,True,False,False
India,Smartwatch,2025-07-06,Electronics,3.0,285.06,0.0,20.0,2.0,0.0,0.0,6,6,27,7,3,187,1,-0.7818314824680299,0.6234898018587334,-0.4999999999999997,-0.8660254037844388,1.0,1,0.0,1,0.0,1,0.0,1,1.5714285714285714,2.935821455580639,0.0,8.0,0.7857142857142857,0.6428571428571429,1.6150744900671345,0.0,8.0,2.444444444444444,0,1146.01,-860.95,-0.7512587150199388,False,True,False,False,False,False,False,False,False,False,False,False,False,False,False,False,False,False,False,False,False,False,False,False,False,True,False,False,False,False,False,False,False,True,False,False
India,Smartwatch,2025-07-07,Electronics,0.0,285.06,,20.0,2.0,0.0,0.0,0,7,28,7,3,188,0,0.0,1.0,-0.4999999999999997,-0.8660254037844388,3.0,1,2.0,1,0.0,1,2.0,1,2.0,2.886751345948128,0.0,8.0,1.0,0.75,1.6694421334796374,0.0,8.0,2.6666666666666665,0,285.06,0.0,0.0,False,True,False,False,False,False,False,False,False,False,False,False,False,False,False,False,False,False,False,False,False,False,False,False,False,True,False,False,False,False,False,False,False,True,False,False
India,Smartwatch,2025-07-08,Electronics,3.0,839.76,0.12,20.0,2.0,1.0,0.0,1,8,28,7,3,189,0,0.7818314824680298,0.6234898018587336,-0.4999999999999997,-0.8660254037844388,0.0,1,0.0,1,0.0,1,0.0,1,1.7142857142857142,2.984084768360628,0.0,8.0,1.0,0.6785714285714286,1.6567163289800102,0.0,8.0,2.526315789473684,1,285.06,554.7,1.9459061250263103,False,True,False,False,False,False,False,False,False,False,False,False,False,False,False,False,False,False,False,False,False,False,False,False,False,True,False,False,False,False,False,False,False,True,False,False
India,Smartwatch,2025-07-09,Electronics,0.0,839.76,,20.0,2.0,0.0,0.0,2,9,28,7,3,190,0,0.9749279121818236,-0.22252093395631434,-0.4999999999999997,-0.8660254037844388,3.0,1,8.0,1,0.0,1,2.0,1,2.142857142857143,2.911389784311004,0.0,8.0,1.2142857142857142,0.7857142857142857,1.7074378218090174,0.0,8.0,2.727272727272727,0,839.76,0.0,0.0,False,True,False,False,False,False,False,False,False,False,False,False,False,False,False,False,False,False,False,False,False,False,False,False,False,True,False,False,False,False,False,False,False,True,False,False
India,Smartwatch,2025-07-10,Electronics,0.0,839.76,,20.0,2.0,0.0,0.0,3,10,28,7,3,191,0,0.43388373911755823,-0.900968867902419,-0.4999999999999997,-0.8660254037844388,0.0,1,0.0,1,0.0,1,0.0,1,1.0,1.4142135623730967,0.0,3.0,1.2142857142857142,0.7142857142857143,1.6965573607476068,0.0,8.0,1.4,0,839.76,0.0,0.0,False,True,False,False,False,False,False,False,False,False,False,False,False,False,False,False,False,False,False,False,False,False,False,False,False,True,False,False,False,False,False,False,False,True,False,False
India,Smartwatch,2025-07-11,Electronics,0.0,839.76,,20.0,2.0,0.0,0.0,4,11,28,7,3,192,0,-0.433883739117558,-0.9009688679024191,-0.4999999999999997,-0.8660254037844388,0.0,1,0.0,1,0.0,1,0.0,1,1.0,1.4142135623730967,0.0,3.0,1.2142857142857142,0.7142857142857143,1.6965573607476068,0.0,8.0,1.4,0,839.76,0.0,0.0,False,True,False,False,False,False,False,False,False,False,False,False,False,False,False,False,False,False,False,False,False,False,False,False,False,True,False,False,False,False,False,False,False,True,False,False
India,Smartwatch,2025-07-12,Electronics,0.0,839.76,,20.0,2.0,0.0,0.0,5,12,28,7,3,193,1,-0.9749279121818236,-0.2225209339563146,-0.4999999999999997,-0.8660254037844388,0.0,1,1.0,1,0.0,1,0.0,1,1.0,1.4142135623730967,0.0,3.0,1.2142857142857142,0.7142857142857143,1.6965573607476068,0.0,8.0,1.4,0,839.76,0.0,0.0,False,True,False,False,False,False,False,False,False,False,False,False,False,False,False,False,False,False,False,False,False,False,False,False,False,True,False,False,False,False,False,False,False,True,False,False
India,Smartwatch,2025-07-13,Electronics,6.0,440.28499999999997,0.04,20.0,2.0,1.0,0.0,6,13,28,7,3,194,1,-0.7818314824680299,0.6234898018587334,-0.4999999999999997,-0.8660254037844388,0.0,1,3.0,1,0.0,1,0.0,1,0.8571428571428571,1.4638501094228018,0.0,3.0,1.2142857142857142,0.7142857142857143,1.6965573607476068,0.0,8.0,1.2,1,839.76,-399.475,-0.475701390873583,False,True,False,False,False,False,False,False,False,False,False,False,False,False,False,False,False,False,False,False,False,False,False,False,False,True,False,False,False,False,False,False,False,True,False,False
India,Smartwatch,2025-07-14,Electronics,3.0,1261.2,0.09,20.0,2.0,1.0,0.0,0,14,29,7,3,195,0,0.0,1.0,-0.4999999999999997,-0.8660254037844388,6.0,1,0.0,1,2.0,1,0.0,1,1.2857142857142858,2.36038737740833,0.0,6.0,1.6428571428571428,0.9285714285714286,1.9612651137877442,0.0,8.0,1.3846153846153846,1,440.28499999999997,820.9150000000001,1.8645082162690079,False,True,False,False,False,False,False,False,False,False,False,False,False,False,False,False,False,False,False,False,False,False,False,False,False,True,False,False,False,False,False,False,False,True,False,False
India,Smartwatch,2025-07-15,Electronics,0.0,1261.2,,20.0,2.0,0.0,0.0,1,15,29,7,3,196,0,0.7818314824680298,0.6234898018587336,-0.4999999999999997,-0.8660254037844388,3.0,1,3.0,1,0.0,1,2.0,1,1.7142857142857142,2.3603873774083297,0.0,6.0,1.7142857142857142,1.0357142857142858,1.9903869502285776,0.0,8.0,1.6551724137931032,0,1261.2,0.0,0.0,False,True,False,False,False,False,False,False,False,False,False,False,False,False,False,False,False,False,False,False,False,False,False,False,False,True,False,False,False,False,False,False,False,True,False,False
India,Smartwatch,2025-07-16,Electronics,0.0,1261.2,,20.0,2.0,0.0,0.0,2,16,29,7,3,197,0,0.9749279121818236,-0.22252093395631434,-0.4999999999999997,-0.8660254037844388,0.0,1,0.0,1,8.0,1,1.0,1,1.2857142857142858,2.36038737740833,0.0,6.0,1.7142857142857142,0.9642857142857143,1.9903869502285776,0.0,8.0,1.3333333333333335,0,1261.2,0.0,0.0,False,True,False,False,False,False,False,False,False,False,False,False,False,False,False,False,False,False,False,False,False,False,False,False,False,True,False,False,False,False,False,False,False,True,False,False
India,Smartwatch,2025-07-17,Electronics,0.0,1261.2,,20.0,2.0,0.0,0.0,3,17,29,7,3,198,0,0.43388373911755823,-0.900968867902419,-0.4999999999999997,-0.8660254037844388,0.0,1,0.0,1,0.0,1,0.0,1,1.2857142857142858,2.36038737740833,0.0,6.0,1.1428571428571428,0.9285714285714286,1.998676810969948,0.0,8.0,1.3846153846153846,0,1261.2,0.0,0.0,False,True,False,False,False,False,False,False,False,False,False,False,False,False,False,False,False,False,False,False,False,False,False,False,False,True,False,False,False,False,False,False,False,True,False,False
India,Smartwatch,2025-07-18,Electronics,0.0,1261.2,,20.0,2.0,0.0,0.0,4,18,29,7,3,199,0,-0.433883739117558,-0.9009688679024191,-0.4999999999999997,-0.8660254037844388,0.0,1,0.0,1,0.0,1,0.0,1,1.2857142857142858,2.36038737740833,0.0,6.0,1.1428571428571428,0.9285714285714286,1.998676810969948,0.0,8.0,1.3846153846153846,0,1261.2,0.0,0.0,False,True,False,False,False,False,False,False,False,False,False,False,False,False,False,False,False,False,False,False,False,False,False,False,False,True,False,False,False,False,False,False,False,True,False,False
India,Smartwatch,2025-07-19,Electronics,0.0,1261.2,,20.0,2.0,0.0,0.0,5,19,29,7,3,200,1,-0.9749279121818236,-0.2225209339563146,-0.4999999999999997,-0.8660254037844388,0.0,1,0.0,1,1.0,1,0.0,1,1.2857142857142858,2.36038737740833,0.0,6.0,1.1428571428571428,0.9285714285714286,1.998676810969948,0.0,8.0,1.3846153846153846,0,1261.2,0.0,0.0,False,True,False,False,False,False,False,False,False,False,False,False,False,False,False,False,False,False,False,False,False,False,False,False,False,True,False,False,False,False,False,False,False,True,False,False
India,Smartwatch,2025-07-20,Electronics,2.0,1066.08,0.02,20.0,2.0,1.0,0.0,6,20,29,7,3,201,1,-0.7818314824680299,0.6234898018587334,-0.4999999999999997,-0.8660254037844388,0.0,1,6.0,1,3.0,1,0.0,1,1.2857142857142858,2.36038737740833,0.0,6.0,1.0714285714285714,0.9285714285714286,1.998676810969948,0.0,8.0,1.3846153846153846,1,1261.2,-195.12000000000012,-0.15470980019029504,False,True,False,False,False,False,False,False,False,False,False,False,False,False,False,False,False,False,False,False,False,False,False,False,False,True,False,False,False,False,False,False,False,True,False,False
India,Smartwatch,2025-07-21,Electronics,0.0,1066.08,,20.0,2.0,0.0,0.0,0,21,30,7,3,202,0,0.0,1.0,-0.4999999999999997,-0.8660254037844388,2.0,1,3.0,1,0.0,1,0.0,1,0.7142857142857143,1.2535663410560205,0.0,3.0,1.0,1.0,2.0000000000000018,0.0,8.0,0.7142857142857143,0,1066.08,0.0,0.0,False,True,False,False,False,False,False,False,False,False,False,False,False,False,False,False,False,False,False,False,False,False,False,False,False,True,False,False,False,False,False,False,False,True,False,False
India,Smartwatch,2025-07-22,Electronics,0.0,1066.08,,20.0,2.0,0.0,0.0,1,22,30,7,3,203,0,0.7818314824680298,0.6234898018587336,-0.4999999999999997,-0.8660254037844388,0.0,1,0.0,1,3.0,1,0.0,1,0.2857142857142857,0.7559289460184612,0.0,2.0,1.0,1.0,2.0000000000000018,0.0,8.0,0.2857142857142857,0,1066.08,0.0,0.0,False,True,False,False,False,False,False,False,False,False,False,False,False,False,False,False,False,False,False,False,False,False,False,False,False,True,False,False,False,False,False,False,False,True,False,False
India,Smartwatch,2025-07-23,Electronics,1.0,1431.77,0.02,20.0,2.0,1.0,0.0,2,23,30,7,3,204,0,0.9749279121818236,-0.22252093395631434,-0.4999999999999997,-0.8660254037844388,0.0,1,0.0,1,0.0,1,0.0,1,0.2857142857142857,0.7559289460184612,0.0,2.0,0.7857142857142857,1.0,2.0000000000000018,0.0,8.0,0.2857142857142857,1,1066.08,365.69000000000005,0.34302303767071896,False,True,False,False,False,False,False,False,False,False,False,False,False,False,False,False,False,False,False,False,False,False,False,False,False,True,False,False,False,False,False,False,False,True,False,False
India,Smartwatch,2025-07-24,Electronics,0.0,1431.77,,20.0,2.0,0.0,0.0,3,24,30,7,3,205,0,0.43388373911755823,-0.900968867902419,-0.4999999999999997,-0.8660254037844388,1.0,1,0.0,1,0.0,1,0.0,1,0.42857142857142855,0.786795792469449,0.0,2.0,0.8571428571428571,1.0357142857142858,1.9903869502285776,0.0,8.0,0.4137931034482758,0,1431.77,0.0,0.0,False,True,False,False,False,False,False,False,False,False,False,False,False,False,False,False,False,False,False,False,False,False,False,False,False,True,False,False,False,False,False,False,False,True,False,False
India,Smartwatch,2025-07-25,Electronics,2.0,277.02,0.0,20.0,2.0,0.0,0.0,4,25,30,7,3,206,0,-0.433883739117558,-0.9009688679024191,-0.4999999999999997,-0.8660254037844388,0.0,1,0.0,1,0.0,1,0.0,1,0.42857142857142855,0.786795792469449,0.0,2.0,0.8571428571428571,1.0357142857142858,1.9903869502285776,0.0,8.0,0.4137931034482758,0,1431.77,-1154.75,-0.806519203503356,False,True,False,False,False,False,False,False,False,False,False,False,False,False,False,False,False,False,False,False,False,False,False,False,False,True,False,False,False,False,False,False,False,True,False,False
India,Smartwatch,2025-07-26,Electronics,0.0,277.02,,20.0,2.0,0.0,0.0,5,26,30,7,3,207,1,-0.9749279121818236,-0.2225209339563146,-0.4999999999999997,-0.8660254037844388,2.0,1,0.0,1,0.0,1,0.0,1,0.7142857142857143,0.9511897312113458,0.0,2.0,1.0,1.1071428571428572,1.9877268929755434,0.0,8.0,0.6451612903225806,0,277.02,0.0,0.0,False,True,False,False,False,False,False,False,False,False,False,False,False,False,False,False,False,False,False,False,False,False,False,False,False,True,False,False,False,False,False,False,False,True,False,False
India,Smartwatch,2025-07-27,Electronics,2.0,1191.56,0.09,20.0,2.0,1.0,0.0,6,27,30,7,3,208,1,-0.7818314824680299,0.6234898018587334,-0.4999999999999997,-0.8660254037844388,0.0,1,2.0,1,6.0,1,0.0,1,0.7142857142857143,0.9511897312113458,0.0,2.0,1.0,1.1071428571428572,1.9877268929755434,0.0,8.0,0.6451612903225806,1,277.02,914.54,3.3013500830264966,False,True,False,False,False,False,False,False,False,False,False,False,False,False,False,False,False,False,False,False,False,False,False,False,False,True,False,False,False,False,False,False,False,True,False,False
India,Smartwatch,2025-07-28,Electronics,2.0,1360.65,0.1,20.0,2.0,1.0,0.0,0,28,31,7,3,209,0,0.0,1.0,-0.4999999999999997,-0.8660254037844388,2.0,1,0.0,1,3.0,1,2.0,1,0.7142857142857143,0.9511897312113458,0.0,2.0,0.7142857142857143,1.1785714285714286,1.9823960703891101,0.0,8.0,0.6060606060606061,1,1191.56,169.09000000000015,0.1419064084057875,False,True,False,False,False,False,False,False,False,False,False,False,False,False,False,False,False,False,False,False,False,False,False,False,False,True,False,False,False,False,False,False,False,True,False,False
India,Smartwatch,2025-07-29,Electronics,0.0,1360.65,,20.0,2.0,0.0,0.0,1,29,31,7,3,210,0,0.7818314824680298,0.6234898018587336,-0.4999999999999997,-0.8660254037844388,2.0,1,0.0,1,0.0,1,0.0,1,1.0,1.0000000000000027,0.0,2.0,0.6428571428571429,1.1785714285714286,1.9823960703891101,0.0,8.0,0.8484848484848485,0,1360.65,0.0,0.0,False,True,False,False,False,False,False,False,False,False,False,False,False,False,False,False,False,False,False,False,False,False,False,False,False,True,False,False,False,False,False,False,False,True,False,False
India,Smartwatch,2025-07-30,Electronics,0.0,1360.65,,20.0,2.0,0.0,0.0,2,30,31,7,3,211,0,0.9749279121818236,-0.22252093395631434,-0.4999999999999997,-0.8660254037844388,0.0,1,1.0,1,0.0,1,8.0,1,1.0,1.0000000000000027,0.0,2.0,0.6428571428571429,1.1785714285714286,1.9823960703891101,0.0,8.0,0.8484848484848485,0,1360.65,0.0,0.0,False,True,False,False,False,False,False,False,False,False,False,False,False,False,False,False,False,False,False,False,False,False,False,False,False,True,False,False,False,False,False,False,False,True,False,False
India,Smartwatch,2025-07-31,Electronics,1.0,831.69,0.13,20.0,2.0,1.0,0.0,3,31,31,7,3,212,0,0.43388373911755823,-0.900968867902419,-0.4999999999999997,-0.8660254037844388,0.0,1,0.0,1,0.0,1,0.0,1,0.8571428571428571,1.0690449676497005,0.0,2.0,0.6428571428571429,0.8928571428571429,1.474205013992433,0.0,6.0,0.9599999999999999,1,1360.65,-528.96,-0.3887553742696505,False,True,False,False,False,False,False,False,False,False,False,False,False,False,False,False,False,False,False,False,False,False,False,False,False,True,False,False,False,False,False,False,False,True,False,False
India,Smartwatch,2025-08-01,Electronics,0.0,831.69,,20.0,2.0,0.0,0.0,4,1,31,8,3,213,0,-0.433883739117558,-0.9009688679024191,-0.8660254037844385,-0.5000000000000004,1.0,1,2.0,1,0.0,1,0.0,1,1.0,1.0000000000000027,0.0,2.0,0.7142857142857143,0.9285714285714286,1.4638501094228018,0.0,6.0,1.0769230769230769,0,831.69,0.0,0.0,False,True,False,False,False,False,False,False,False,False,False,False,False,False,False,False,False,False,False,False,False,False,False,False,False,True,False,False,False,False,False,False,False,True,False,False
India,Smartwatch,2025-08-02,Electronics,0.0,831.69,,20.0,2.0,0.0,0.0,5,2,31,8,3,214,1,-0.9749279121818236,-0.2225209339563146,-0.8660254037844385,-0.5000000000000004,0.0,1,0.0,1,0.0,1,1.0,1,0.7142857142857143,0.9511897312113458,0.0,2.0,0.7142857142857143,0.9285714285714286,1.4638501094228018,0.0,6.0,0.7692307692307693,0,831.69,0.0,0.0,False,True,False,False,False,False,False,False,False,False,False,False,False,False,False,False,False,False,False,False,False,False,False,False,False,True,False,False,False,False,False,False,False,True,False,False
India,Smartwatch,2025-08-03,Electronics,0.0,831.69,,20.0,2.0,0.0,0.0,6,3,31,8,3,215,1,-0.7818314824680299,0.6234898018587334,-0.8660254037844385,-0.5000000000000004,0.0,1,2.0,1,2.0,1,3.0,1,0.7142857142857143,0.9511897312113458,0.0,2.0,0.7142857142857143,0.8928571428571429,1.474205013992433,0.0,6.0,0.7999999999999999,0,831.69,0.0,0.0,False,True,False,False,False,False,False,False,False,False,False,False,False,False,False,False,False,False,False,False,False,False,False,False,False,True,False,False,False,False,False,False,False,True,False,False
India,Smartwatch,2025-08-04,Electronics,1.0,788.68,0.15,20.0,2.0,1.0,0.0,0,4,32,8,3,216,0,0.0,1.0,-0.8660254037844385,-0.5000000000000004,0.0,1,2.0,1,0.0,1,0.0,1,0.42857142857142855,0.7867957924694491,0.0,2.0,0.5714285714285714,0.7857142857142857,1.4235360994562212,0.0,6.0,0.5454545454545454,1,831.69,-43.010000000000105,-0.051713979968498,False,True,False,False,False,False,False,False,False,False,False,False,False,False,False,False,False,False,False,False,False,False,False,False,False,True,False,False,False,False,False,False,False,True,False,False
India,Smartwatch,2025-08-05,Electronics,2.0,473.81,0.0,20.0,2.0,0.0,0.0,1,5,32,8,3,217,0,0.7818314824680298,0.6234898018587336,-0.8660254037844385,-0.5000000000000004,1.0,1,0.0,1,0.0,1,3.0,1,0.2857142857142857,0.4879500364742772,0.0,1.0,0.6428571428571429,0.8214285714285714,1.4156158567804544,0.0,6.0,0.34782608695652173,0,788.68,-314.86999999999995,-0.39923669929502453,False,True,False,False,False,False,False,False,False,False,False,False,False,False,False,False,False,False,False,False,False,False,False,False,False,True,False,False,False,False,False,False,False,True,False,False
India,Smartwatch,2025-08-06,Electronics,5.0,1110.575,0.12,20.0,2.0,1.0,0.0,2,6,32,8,3,218,0,0.9749279121818236,-0.22252093395631434,-0.8660254037844385,-0.5000000000000004,2.0,1,0.0,1,1.0,1,0.0,1,0.5714285714285714,0.7867957924694485,0.0,2.0,0.7857142857142857,0.7857142857142857,1.3705133630530146,0.0,6.0,0.7272727272727273,1,473.81,636.7650000000001,1.3439247799750957,False,True,False,False,False,False,False,False,False,False,False,False,False,False,False,False,False,False,False,False,False,False,False,False,False,True,False,False,False,False,False,False,False,True,False,False
India,Smartwatch,2025-08-07,Electronics,3.0,417.3,0.12,20.0,2.0,1.0,0.0,3,7,32,8,3,219,0,0.43388373911755823,-0.900968867902419,-0.8660254037844385,-0.5000000000000004,5.0,1,1.0,1,0.0,1,0.0,1,1.2857142857142858,1.7994708216848758,0.0,5.0,1.0714285714285714,0.9642857142857143,1.574851970871782,0.0,6.0,1.3333333333333335,1,1110.575,-693.2750000000001,-0.624248699997749,False,True,False,False,False,False,False,False,False,False,False,False,False,False,False,False,False,False,False,False,False,False,False,False,False,True,False,False,False,False,False,False,False,True,False,False
India,Smartwatch,2025-08-08,Electronics,0.0,417.3,,20.0,2.0,0.0,0.0,4,8,32,8,3,220,0,-0.433883739117558,-0.9009688679024191,-0.8660254037844385,-0.5000000000000004,3.0,1,0.0,1,2.0,1,0.0,1,1.5714285714285714,1.902379462422684,0.0,5.0,1.2857142857142858,1.0714285714285714,1.6085091194337673,0.0,6.0,1.4666666666666668,0,417.3,0.0,0.0,False,True,False,False,False,False,False,False,False,False,False,False,False,False,False,False,False,False,False,False,False,False,False,False,False,True,False,False,False,False,False,False,False,True,False,False
India,Smartwatch,2025-08-09,Electronics,0.0,417.3,,20.0,2.0,0.0,0.0,5,9,32,8,3,221,1,-0.9749279121818236,-0.2225209339563146,-0.8660254037844385,-0.5000000000000004,0.0,1,0.0,1,0.0,1,0.0,1,1.5714285714285714,1.902379462422684,0.0,5.0,1.1428571428571428,1.0714285714285714,1.6085091194337673,0.0,6.0,1.4666666666666668,0,417.3,0.0,0.0,False,True,False,False,False,False,False,False,False,False,False,False,False,False,False,False,False,False,False,False,False,False,False,False,False,True,False,False,False,False,False,False,False,True,False,False
India,Smartwatch,2025-08-10,Electronics,1.0,1185.85,0.07,20.0,2.0,1.0,0.0,6,10,32,8,3,222,1,-0.7818314824680299,0.6234898018587334,-0.8660254037844385,-0.5000000000000004,0.0,1,0.0,1,2.0,1,6.0,1,1.5714285714285714,1.902379462422684,0.0,5.0,1.1428571428571428,1.0714285714285714,1.6085091194337673,0.0,6.0,1.4666666666666668,1,417.3,768.55,1.8417205847112388,False,True,False,False,False,False,False,False,False,False,False,False,False,False,False,False,False,False,False,False,False,False,False,False,False,True,False,False,False,False,False,False,False,True,False,False
India,Smartwatch,2025-08-11,Electronics,1.0,1457.42,0.13,20.0,2.0,1.0,0.0,0,11,33,8,3,223,0,0.0,1.0,-0.8660254037844385,-0.5000000000000004,1.0,1,1.0,1,2.0,1,3.0,1,1.7142857142857142,1.799470821684875,0.0,5.0,1.0714285714285714,0.8928571428571429,1.2863754913562022,0.0,5.0,1.9199999999999997,1,1185.85,271.57000000000016,0.2290087279166844,False,True,False,False,False,False,False,False,False,False,False,False,False,False,False,False,False,False,False,False,False,False,False,False,False,True,False,False,False,False,False,False,False,True,False,False
India,Smartwatch,2025-08-12,Electronics,0.0,1457.42,,20.0,2.0,0.0,0.0,1,12,33,8,3,224,0,0.7818314824680298,0.6234898018587336,-0.8660254037844385,-0.5000000000000004,1.0,1,2.0,1,0.0,1,0.0,1,1.7142857142857142,1.799470821684875,0.0,5.0,1.0,0.8214285714285714,1.2187902754164646,0.0,5.0,2.0869565217391304,0,1457.42,0.0,0.0,False,True,False,False,False,False,False,False,False,False,False,False,False,False,False,False,False,False,False,False,False,False,False,False,False,True,False,False,False,False,False,False,False,True,False,False
India,Smartwatch,2025-08-13,Electronics,3.0,138.64,0.07,20.0,2.0,1.0,0.0,2,13,33,8,3,225,0,0.9749279121818236,-0.22252093395631434,-0.8660254037844385,-0.5000000000000004,0.0,1,5.0,1,0.0,1,0.0,1,1.4285714285714286,1.9023794624226846,0.0,5.0,1.0,0.8214285714285714,1.2187902754164646,0.0,5.0,1.7391304347826089,1,1457.42,-1318.7800000000002,-0.904872994744137,False,True,False,False,False,False,False,False,False,False,False,False,False,False,False,False,False,False,False,False,False,False,False,False,False,True,False,False,False,False,False,False,False,True,False,False
India,Smartwatch,2025-08-14,Electronics,0.0,138.64,,20.0,2.0,0.0,0.0,3,14,33,8,3,226,0,0.43388373911755823,-0.900968867902419,-0.8660254037844385,-0.5000000000000004,3.0,1,3.0,1,1.0,1,0.0,1,1.1428571428571428,1.3451854182691005,0.0,3.0,1.2142857142857142,0.9285714285714286,1.2744954391203722,0.0,5.0,1.2307692307692306,0,138.64,0.0,0.0,False,True,False,False,False,False,False,False,False,False,False,False,False,False,False,False,False,False,False,False,False,False,False,False,False,True,False,False,False,False,False,False,False,True,False,False
India,Smartwatch,2025-08-15,Electronics,3.0,1414.0,0.05,20.0,2.0,1.0,0.0,4,15,33,8,3,227,0,-0.433883739117558,-0.9009688679024191,-0.8660254037844385,-0.5000000000000004,0.0,1,0.0,1,0.0,1,0.0,1,0.7142857142857143,1.1126972805283777,0.0,3.0,1.1428571428571428,0.9285714285714286,1.2744954391203722,0.0,5.0,0.7692307692307693,1,138.64,1275.3600000000001,9.199076745527988,False,True,False,False,False,False,False,False,False,False,False,False,False,False,False,False,False,False,False,False,False,False,False,False,False,True,False,False,False,False,False,False,False,True,False,False
India,Smartwatch,2025-08-16,Electronics,0.0,1414.0,,20.0,2.0,0.0,0.0,5,16,33,8,3,228,1,-0.9749279121818236,-0.2225209339563146,-0.8660254037844385,-0.5000000000000004,3.0,1,0.0,1,0.0,1,0.0,1,1.1428571428571428,1.3451854182691005,0.0,3.0,1.3571428571428572,1.0357142857142858,1.318869966834485,0.0,5.0,1.1034482758620687,0,1414.0,0.0,0.0,False,True,False,False,False,False,False,False,False,False,False,False,False,False,False,False,False,False,False,False,False,False,False,False,False,True,False,False,False,False,False,False,False,True,False,False
India,Smartwatch,2025-08-17,Electronics,0.0,1414.0,,20.0,2.0,0.0,0.0,6,17,33,8,3,229,1,-0.7818314824680299,0.6234898018587334,-0.8660254037844385,-0.5000000000000004,0.0,1,1.0,1,0.0,1,2.0,1,1.1428571428571428,1.3451854182691005,0.0,3.0,1.3571428571428572,1.0357142857142858,1.3188699668344848,0.0,5.0,1.1034482758620687,0,1414.0,0.0,0.0,False,True,False,False,False,False,False,False,False,False,False,False,False,False,False,False,False,False,False,False,False,False,False,False,False,True,False,False,False,False,False,False,False,True,False,False
India,Smartwatch,2025-08-18,Electronics,0.0,1414.0,,20.0,2.0,0.0,0.0,0,18,34,8,3,230,0,0.0,1.0,-0.8660254037844385,-0.5000000000000004,0.0,1,1.0,1,1.0,1,0.0,1,1.0,1.4142135623730974,0.0,3.0,1.3571428571428572,0.9642857142857143,1.3188699668344848,0.0,5.0,1.037037037037037,0,1414.0,0.0,0.0,False,True,False,False,False,False,False,False,False,False,False,False,False,False,False,False,False,False,False,False,False,False,False,False,False,True,False,False,False,False,False,False,False,True,False,False
India,Smartwatch,2025-08-19,Electronics,0.0,1414.0,,20.0,2.0,0.0,0.0,1,19,34,8,3,231,0,0.7818314824680298,0.6234898018587336,-0.8660254037844385,-0.5000000000000004,0.0,1,0.0,1,2.0,1,0.0,1,0.8571428571428571,1.4638501094228025,0.0,3.0,1.2857142857142858,0.9642857142857143,1.3188699668344848,0.0,5.0,0.8888888888888888,0,1414.0,0.0,0.0,False,True,False,False,False,False,False,False,False,False,False,False,False,False,False,False,False,False,False,False,False,False,False,False,False,True,False,False,False,False,False,False,False,True,False,False
India,Smartwatch,2025-08-20,Electronics,1.0,956.5,0.1,20.0,2.0,1.0,0.0,2,20,34,8,3,232,0,0.9749279121818236,-0.22252093395631434,-0.8660254037844385,-0.5000000000000004,0.0,1,3.0,1,5.0,1,1.0,1,0.8571428571428571,1.4638501094228025,0.0,3.0,1.1428571428571428,0.9642857142857143,1.3188699668344848,0.0,5.0,0.8888888888888888,1,1414.0,-457.5,-0.32355021216407354,False,True,False,False,False,False,False,False,False,False,False,False,False,False,False,False,False,False,False,False,False,False,False,False,False,True,False,False,False,False,False,False,False,True,False,False
India,Smartwatch,2025-08-21,Electronics,0.0,956.5,,20.0,2.0,0.0,0.0,3,21,34,8,3,233,0,0.43388373911755823,-0.900968867902419,-0.8660254037844385,-0.5000000000000004,1.0,1,0.0,1,3.0,1,0.0,1,0.5714285714285714,1.1338934190276864,0.0,3.0,0.8571428571428571,0.9642857142857143,1.3188699668344848,0.0,5.0,0.5925925925925926,0,956.5,0.0,0.0,False,True,False,False,False,False,False,False,False,False,False,False,False,False,False,False,False,False,False,False,False,False,False,False,False,True,False,False,False,False,False,False,False,True,False,False
India,Smartwatch,2025-08-22,Electronics,3.0,963.56,0.08,20.0,2.0,1.0,0.0,4,22,34,8,3,234,0,-0.433883739117558,-0.9009688679024191,-0.8660254037844385,-0.5000000000000004,0.0,1,3.0,1,0.0,1,2.0,1,0.5714285714285714,1.1338934190276864,0.0,3.0,0.6428571428571429,0.9642857142857143,1.3188699668344848,0.0,5.0,0.5925925925925926,1,956.5,7.059999999999945,0.007381076842655458,False,True,False,False,False,False,False,False,False,False,False,False,False,False,False,False,False,False,False,False,False,False,False,False,False,True,False,False,False,False,False,False,False,True,False,False
India,Smartwatch,2025-08-23,Electronics,2.0,187.97,0.04,20.0,2.0,1.0,0.0,5,23,34,8,3,235,1,-0.9749279121818236,-0.2225209339563146,-0.8660254037844385,-0.5000000000000004,3.0,1,0.0,1,0.0,1,0.0,1,0.5714285714285714,1.1338934190276864,0.0,3.0,0.8571428571428571,1.0,1.3608276348795454,0.0,5.0,0.5714285714285714,1,963.56,-775.5899999999999,-0.8049213333886835,False,True,False,False,False,False,False,False,False,False,False,False,False,False,False,False,False,False,False,False,False,False,False,False,False,True,False,False,False,False,False,False,False,True,False,False
India,Smartwatch,2025-08-24,Electronics,0.0,187.97,,20.0,2.0,0.0,0.0,6,24,34,8,3,236,1,-0.7818314824680299,0.6234898018587334,-0.8660254037844385,-0.5000000000000004,2.0,1,0.0,1,1.0,1,2.0,1,0.8571428571428571,1.214985792587915,0.0,3.0,1.0,1.0714285714285714,1.3588822048142555,0.0,5.0,0.7999999999999999,0,187.97,0.0,0.0,False,True,False,False,False,False,False,False,False,False,False,False,False,False,False,False,False,False,False,False,False,False,False,False,False,True,False,False,False,False,False,False,False,True,False,False
India,Smartwatch,2025-08-25,Electronics,0.0,187.97,,20.0,2.0,0.0,0.0,0,25,35,8,3,237,0,0.0,1.0,-0.8660254037844385,-0.5000000000000004,0.0,1,0.0,1,1.0,1,2.0,1,0.8571428571428571,1.214985792587915,0.0,3.0,0.9285714285714286,1.0,1.3608276348795454,0.0,5.0,0.8571428571428571,0,187.97,0.0,0.0,False,True,False,False,False,False,False,False,False,False,False,False,False,False,False,False,False,False,False,False,False,False,False,False,False,True,False,False,False,False,False,False,False,True,False,False
India,Smartwatch,2025-08-26,Electronics,3.0,378.4,0.07,20.0,2.0,1.0,0.0,1,26,35,8,3,238,0,0.7818314824680298,0.6234898018587336,-0.8660254037844385,-0.5000000000000004,0.0,1,0.0,1,0.0,1,0.0,1,0.8571428571428571,1.214985792587915,0.0,3.0,0.8571428571428571,0.9285714285714286,1.3588822048142555,0.0,5.0,0.923076923076923,1,187.97,190.42999999999998,1.0130871947651219,False,True,False,False,False,False,False,False,False,False,False,False,False,False,False,False,False,False,False,False,False,False,False,False,False,True,False,False,False,False,False,False,False,True,False,False
India,Smartwatch,2025-08-27,Electronics,2.0,323.03,0.05,20.0,2.0,1.0,0.0,2,27,35,8,3,239,0,0.9749279121818236,-0.22252093395631434,-0.8660254037844385,-0.5000000000000004,3.0,1,1.0,1,3.0,1,0.0,1,1.2857142857142858,1.3801311186847098,0.0,3.0,1.0714285714285714,1.0357142857142858,1.4005856673692676,0.0,5.0,1.2413793103448276,1,378.4,-55.370000000000005,-0.14632663847780128,False,True,False,False,False,False,False,False,False,False,False,False,False,False,False,False,False,False,False,False,False,False,False,False,False,True,False,False,False,False,False,False,False,True,False,False
India,Smartwatch,2025-08-28,Electronics,0.0,323.03,,20.0,2.0,0.0,0.0,3,28,35,8,3,240,0,0.43388373911755823,-0.900968867902419,-0.8660254037844385,-0.5000000000000004,2.0,1,0.0,1,0.0,1,1.0,1,1.4285714285714286,1.3972762620115449,0.0,3.0,1.0,1.1071428571428572,1.396802849745878,0.0,5.0,1.2903225806451613,0,323.03,0.0,0.0,False,True,False,False,False,False,False,False,False,False,False,False,False,False,False,False,False,False,False,False,False,False,False,False,False,True,False,False,False,False,False,False,False,True,False,False
India,Smartwatch,2025-08-29,Electronics,0.0,323.03,,20.0,2.0,0.0,0.0,4,29,35,8,3,241,0,-0.433883739117558,-0.9009688679024191,-0.8660254037844385,-0.5000000000000004,0.0,1,3.0,1,3.0,1,0.0,1,1.4285714285714286,1.3972762620115449,0.0,3.0,1.0,1.0714285714285714,1.4123416706693177,0.0,5.0,1.3333333333333335,0,323.03,0.0,0.0,False,True,False,False,False,False,False,False,False,False,False,False,False,False,False,False,False,False,False,False,False,False,False,False,False,True,False,False,False,False,False,False,False,True,False,False
India,Smartwatch,2025-08-30,Electronics,0.0,323.03,,20.0,2.0,0.0,0.0,5,30,35,8,3,242,1,-0.9749279121818236,-0.2225209339563146,-0.8660254037844385,-0.5000000000000004,0.0,1,2.0,1,0.0,1,0.0,1,1.0,1.2909944487358083,0.0,3.0,0.7857142857142857,1.0714285714285714,1.4123416706693177,0.0,5.0,0.9333333333333333,0,323.03,0.0,0.0,False,True,False,False,False,False,False,False,False,False,False,False,False,False,False,False,False,False,False,False,False,False,False,False,False,True,False,False,False,False,False,False,False,True,False,False
India,Smartwatch,2025-08-31,Electronics,0.0,323.03,,20.0,2.0,0.0,0.0,6,31,35,8,3,243,1,-0.7818314824680299,0.6234898018587334,-0.8660254037844385,-0.5000000000000004,0.0,1,0.0,1,0.0,1,0.0,1,0.7142857142857143,1.2535663410560212,0.0,3.0,0.7857142857142857,1.0714285714285714,1.4123416706693177,0.0,5.0,0.6666666666666667,0,323.03,0.0,0.0,False,True,False,False,False,False,False,False,False,False,False,False,False,False,False,False,False,False,False,False,False,False,False,False,False,True,False,False,False,False,False,False,False,True,False,False
India,Smartwatch,2025-09-01,Electronics,0.0,323.03,,20.0,2.0,0.0,0.0,0,1,36,9,3,244,0,0.0,1.0,-1.0,-1.8369701987210297e-16,0.0,1,0.0,1,0.0,1,1.0,1,0.7142857142857143,1.2535663410560212,0.0,3.0,0.7857142857142857,1.0714285714285714,1.4123416706693177,0.0,5.0,0.6666666666666667,0,323.03,0.0,0.0,False,True,False,False,False,False,False,False,False,False,False,False,False,False,False,False,False,False,False,False,False,False,False,False,False,True,False,False,False,False,False,False,False,True,False,False
India,Smartwatch,2025-09-02,Electronics,0.0,323.03,,20.0,2.0,0.0,0.0,1,2,36,9,3,245,0,0.7818314824680298,0.6234898018587336,-1.0,-1.8369701987210297e-16,0.0,1,3.0,1,0.0,1,2.0,1,0.7142857142857143,1.2535663410560212,0.0,3.0,0.7857142857142857,1.0357142857142858,1.4267845968170145,0.0,5.0,0.689655172413793,0,323.03,0.0,0.0,False,True,False,False,False,False,False,False,False,False,False,False,False,False,False,False,False,False,False,False,False,False,False,False,False,True,False,False,False,False,False,False,False,True,False,False
India,Smartwatch,2025-09-03,Electronics,3.0,213.32,0.06,20.0,2.0,1.0,0.0,2,3,36,9,3,246,0,0.9749279121818236,-0.22252093395631434,-1.0,-1.8369701987210297e-16,0.0,1,2.0,1,1.0,1,5.0,1,0.2857142857142857,0.7559289460184635,0.0,2.0,0.7857142857142857,0.9642857142857143,1.4267845968170145,0.0,5.0,0.2962962962962963,1,323.03,-109.70999999999998,-0.33962789833761564,False,True,False,False,False,False,False,False,False,False,False,False,False,False,False,False,False,False,False,False,False,False,False,False,False,True,False,False,False,False,False,False,False,True,False,False
India,Smartwatch,2025-09-04,Electronics,3.0,417.21,0.0,20.0,2.0,0.0,0.0,3,4,36,9,3,247,0,0.43388373911755823,-0.900968867902419,-1.0,-1.8369701987210297e-16,3.0,1,0.0,1,0.0,1,3.0,1,0.42857142857142855,1.133893419027687,0.0,3.0,0.9285714285714286,0.8928571428571429,1.2572540835836787,0.0,3.0,0.4799999999999999,0,213.32,203.89,0.9557941121320083,False,True,False,False,False,False,False,False,False,False,False,False,False,False,False,False,False,False,False,False,False,False,False,False,False,True,False,False,False,False,False,False,False,True,False,False
India,Smartwatch,2025-09-05,Electronics,0.0,417.21,,20.0,2.0,0.0,0.0,4,5,36,9,3,248,0,-0.433883739117558,-0.9009688679024191,-1.0,-1.8369701987210297e-16,3.0,1,0.0,1,3.0,1,0.0,1,0.8571428571428571,1.4638501094228027,0.0,3.0,1.1428571428571428,0.8928571428571429,1.2572540835836787,0.0,3.0,0.9599999999999999,0,417.21,0.0,0.0,False,True,False,False,False,False,False,False,False,False,False,False,False,False,False,False,False,False,False,False,False,False,False,False,False,True,False,False,False,False,False,False,False,True,False,False
India,Smartwatch,2025-09-06,Electronics,3.0,1360.03,0.09,20.0,2.0,1.0,0.0,5,6,36,9,3,249,1,-0.9749279121818236,-0.2225209339563146,-1.0,-1.8369701987210297e-16,0.0,1,0.0,1,2.0,1,0.0,1,0.8571428571428571,1.4638501094228027,0.0,3.0,0.9285714285714286,0.8928571428571429,1.2572540835836787,0.0,3.0,0.9599999999999999,1,417.21,942.8199999999999,2.259821193164114,False,True,False,False,False,False,False,False,False,False,False,False,False,False,False,False,False,False,False,False,False,False,False,False,False,True,False,False,False,False,False,False,False,True,False,False
India,Smartwatch,2025-09-07,Electronics,3.0,874.83,0.13,20.0,2.0,1.0,0.0,6,7,36,9,3,250,1,-0.7818314824680299,0.6234898018587334,-1.0,-1.8369701987210297e-16,3.0,1,0.0,1,0.0,1,1.0,1,1.2857142857142858,1.6035674514745477,0.0,3.0,1.0,1.0,1.3052600138300832,0.0,3.0,1.2857142857142858,1,1360.03,-485.19999999999993,-0.35675683624625926,False,True,False,False,False,False,False,False,False,False,False,False,False,False,False,False,False,False,False,False,False,False,False,False,False,True,False,False,False,False,False,False,False,True,False,False
India,Smartwatch,2025-09-08,Electronics,2.0,786.24,0.04,20.0,2.0,1.0,0.0,0,8,37,9,3,251,0,0.0,1.0,-1.0,-1.8369701987210297e-16,3.0,1,0.0,1,0.0,1,1.0,1,1.7142857142857142,1.6035674514745466,0.0,3.0,1.2142857142857142,1.0714285714285714,1.3588822048142553,0.0,3.0,1.5999999999999999,1,874.83,-88.59000000000003,-0.10126538870409112,False,True,False,False,False,False,False,False,False,False,False,False,False,False,False,False,False,False,False,False,False,False,False,False,False,True,False,False,False,False,False,False,False,True,False,False
India,Smartwatch,2025-09-09,Electronics,1.0,812.7,0.08,20.0,2.0,1.0,0.0,1,9,37,9,3,252,0,0.7818314824680298,0.6234898018587336,-1.0,-1.8369701987210297e-16,2.0,1,0.0,1,3.0,1,0.0,1,2.0,1.4142135623730945,0.0,3.0,1.3571428571428572,1.1071428571428572,1.3700307029348402,0.0,3.0,1.8064516129032258,1,786.24,26.460000000000036,0.0336538461538462,False,True,False,False,False,False,False,False,False,False,False,False,False,False,False,False,False,False,False,False,False,False,False,False,False,True,False,False,False,False,False,False,False,True,False,False
India,Smartwatch,2025-09-10,Electronics,3.0,1414.16,0.0,20.0,2.0,0.0,0.0,2,10,37,9,3,253,0,0.9749279121818236,-0.22252093395631434,-1.0,-1.8369701987210297e-16,1.0,1,3.0,1,2.0,1,3.0,1,2.142857142857143,1.2149857925879104,0.0,3.0,1.2142857142857142,1.1428571428571428,1.3530291315000706,0.0,3.0,1.875,0,812.7,601.46,0.7400762889134982,False,True,False,False,False,False,False,False,False,False,False,False,False,False,False,False,False,False,False,False,False,False,False,False,False,True,False,False,False,False,False,False,False,True,False,False
India,Smartwatch,2025-09-11,Electronics,0.0,1414.16,,20.0,2.0,0.0,0.0,3,11,37,9,3,254,0,0.43388373911755823,-0.900968867902419,-1.0,-1.8369701987210297e-16,3.0,1,3.0,1,0.0,1,0.0,1,2.142857142857143,1.2149857925879104,0.0,3.0,1.2857142857142858,1.1428571428571428,1.3530291315000706,0.0,3.0,1.875,0,1414.16,0.0,0.0,False,True,False,False,False,False,False,False,False,False,False,False,False,False,False,False,False,False,False,False,False,False,False,False,False,True,False,False,False,False,False,False,False,True,False,False
India,Smartwatch,2025-09-12,Electronics,0.0,1414.16,,20.0,2.0,0.0,0.0,4,12,37,9,3,255,0,-0.433883739117558,-0.9009688679024191,-1.0,-1.8369701987210297e-16,0.0,1,0.0,1,0.0,1,3.0,1,1.7142857142857142,1.3801311186847087,0.0,3.0,1.2857142857142858,1.1428571428571428,1.3530291315000706,0.0,3.0,1.5,0,1414.16,0.0,0.0,False,True,False,False,False,False,False,False,False,False,False,False,False,False,False,False,False,False,False,False,False,False,False,False,False,True,False,False,False,False,False,False,False,True,False,False
India,Smartwatch,2025-09-13,Electronics,0.0,1414.16,,20.0,2.0,0.0,0.0,5,13,37,9,3,256,1,-0.9749279121818236,-0.2225209339563146,-1.0,-1.8369701987210297e-16,0.0,1,3.0,1,0.0,1,0.0,1,1.7142857142857142,1.3801311186847087,0.0,3.0,1.2857142857142858,1.0357142857142858,1.3188699668344845,0.0,3.0,1.6551724137931032,0,1414.16,0.0,0.0,False,True,False,False,False,False,False,False,False,False,False,False,False,False,False,False,False,False,False,False,False,False,False,False,False,True,False,False,False,False,False,False,False,True,False,False
India,Smartwatch,2025-09-14,Electronics,0.0,1414.16,,20.0,2.0,0.0,0.0,6,14,37,9,3,257,1,-0.7818314824680299,0.6234898018587334,-1.0,-1.8369701987210297e-16,0.0,1,3.0,1,0.0,1,0.0,1,1.2857142857142858,1.3801311186847098,0.0,3.0,1.2857142857142858,1.0357142857142858,1.3188699668344845,0.0,3.0,1.2413793103448276,0,1414.16,0.0,0.0,False,True,False,False,False,False,False,False,False,False,False,False,False,False,False,False,False,False,False,False,False,False,False,False,False,True,False,False,False,False,False,False,False,True,False,False
India,Smartwatch,2025-09-15,Electronics,1.0,493.57,0.12,20.0,2.0,1.0,0.0,0,15,38,9,3,258,0,0.0,1.0,-1.0,-1.8369701987210297e-16,0.0,1,2.0,1,0.0,1,0.0,1,0.8571428571428571,1.214985792587915,0.0,3.0,1.2857142857142858,1.0357142857142858,1.3188699668344845,0.0,3.0,0.8275862068965516,1,1414.16,-920.5900000000001,-0.650980087118855,False,True,False,False,False,False,False,False,False,False,False,False,False,False,False,False,False,False,False,False,False,False,False,False,False,True,False,False,False,False,False,False,False,True,False,False
India,Smartwatch,2025-09-16,Electronics,0.0,493.57,,20.0,2.0,0.0,0.0,1,16,38,9,3,259,0,0.7818314824680298,0.6234898018587336,-1.0,-1.8369701987210297e-16,1.0,1,1.0,1,0.0,1,0.0,1,0.7142857142857143,1.1126972805283777,0.0,3.0,1.3571428571428572,1.0714285714285714,1.3032316365146694,0.0,3.0,0.6666666666666667,0,493.57,0.0,0.0,False,True,False,False,False,False,False,False,False,False,False,False,False,False,False,False,False,False,False,False,False,False,False,False,False,True,False,False,False,False,False,False,False,True,False,False
India,Smartwatch,2025-09-17,Electronics,0.0,493.57,,20.0,2.0,0.0,0.0,2,17,38,9,3,260,0,0.9749279121818236,-0.22252093395631434,-1.0,-1.8369701987210297e-16,0.0,1,3.0,1,3.0,1,1.0,1,0.5714285714285714,1.1338934190276861,0.0,3.0,1.3571428571428572,1.0714285714285714,1.3032316365146694,0.0,3.0,0.5333333333333333,0,493.57,0.0,0.0,False,True,False,False,False,False,False,False,False,False,False,False,False,False,False,False,False,False,False,False,False,False,False,False,False,True,False,False,False,False,False,False,False,True,False,False
India,Smartwatch,2025-09-18,Electronics,2.0,1422.66,0.15,20.0,2.0,1.0,0.0,3,18,38,9,3,261,0,0.43388373911755823,-0.900968867902419,-1.0,-1.8369701987210297e-16,0.0,1,0.0,1,3.0,1,0.0,1,0.14285714285714285,0.3779644730092456,0.0,1.0,1.1428571428571428,1.0357142857142858,1.3188699668344845,0.0,3.0,0.1379310344827586,1,493.57,929.0900000000001,1.8823875032923398,False,True,False,False,False,False,False,False,False,False,False,False,False,False,False,False,False,False,False,False,False,False,False,False,False,True,False,False,False,False,False,False,False,True,False,False
India,Smartwatch,2025-09-19,Electronics,0.0,1422.66,,20.0,2.0,0.0,0.0,4,19,38,9,3,262,0,-0.433883739117558,-0.9009688679024191,-1.0,-1.8369701987210297e-16,2.0,1,0.0,1,0.0,1,3.0,1,0.42857142857142855,0.7867957924694504,0.0,2.0,1.0714285714285714,1.1071428571428572,1.3148520748875077,0.0,3.0,0.3870967741935483,0,1422.66,0.0,0.0,False,True,False,False,False,False,False,False,False,False,False,False,False,False,False,False,False,False,False,False,False,False,False,False,False,True,False,False,False,False,False,False,False,True,False,False
India,Smartwatch,2025-09-20,Electronics,1.0,68.74,0.11,20.0,2.0,1.0,0.0,5,20,38,9,3,263,1,-0.9749279121818236,-0.2225209339563146,-1.0,-1.8369701987210297e-16,0.0,1,0.0,1,3.0,1,2.0,1,0.42857142857142855,0.7867957924694504,0.0,2.0,1.0714285714285714,1.0,1.2765694770084528,0.0,3.0,0.42857142857142855,1,1422.66,-1353.92,-0.9516820603657936,False,True,False,False,False,False,False,False,False,False,False,False,False,False,False,False,False,False,False,False,False,False,False,False,False,True,False,False,False,False,False,False,False,True,False,False
India,Smartwatch,2025-09-21,Electronics,0.0,68.74,,20.0,2.0,0.0,0.0,6,21,38,9,3,264,1,-0.7818314824680299,0.6234898018587334,-1.0,-1.8369701987210297e-16,1.0,1,0.0,1,3.0,1,0.0,1,0.5714285714285714,0.7867957924694498,0.0,2.0,0.9285714285714286,0.9642857142857143,1.2614554456142504,0.0,3.0,0.5925925925925926,0,68.74,0.0,0.0,False,True,False,False,False,False,False,False,False,False,False,False,False,False,False,False,False,False,False,False,False,False,False,False,False,True,False,False,False,False,False,False,False,True,False,False
India,Smartwatch,2025-09-22,Electronics,0.0,68.74,,20.0,2.0,0.0,0.0,0,22,39,9,3,265,0,0.0,1.0,-1.0,-1.8369701987210297e-16,0.0,1,1.0,1,2.0,1,0.0,1,0.5714285714285714,0.7867957924694498,0.0,2.0,0.7142857142857143,0.9642857142857143,1.2614554456142504,0.0,3.0,0.5925925925925926,0,68.74,0.0,0.0,False,True,False,False,False,False,False,False,False,False,False,False,False,False,False,False,False,False,False,False,False,False,False,False,False,True,False,False,False,False,False,False,False,True,False,False
India,Smartwatch,2025-09-23,Electronics,0.0,68.74,,20.0,2.0,0.0,0.0,1,23,39,9,3,266,0,0.7818314824680298,0.6234898018587336,-1.0,-1.8369701987210297e-16,0.0,1,0.0,1,1.0,1,3.0,1,0.42857142857142855,0.7867957924694504,0.0,2.0,0.5714285714285714,0.9642857142857143,1.2614554456142504,0.0,3.0,0.4444444444444444,0,68.74,0.0,0.0,False,True,False,False,False,False,False,False,False,False,False,False,False,False,False,False,False,False,False,False,False,False,False,False,False,True,False,False,False,False,False,False,False,True,False,False
India,Smartwatch,2025-09-24,Electronics,0.0,68.74,,20.0,2.0,0.0,0.0,2,24,39,9,3,267,0,0.9749279121818236,-0.22252093395631434,-1.0,-1.8369701987210297e-16,0.0,1,0.0,1,3.0,1,2.0,1,0.42857142857142855,0.7867957924694504,0.0,2.0,0.5,0.8571428571428571,1.20843595623329,0.0,3.0,0.5,0,68.74,0.0,0.0,False,True,False,False,False,False,False,False,False,False,False,False,False,False,False,False,False,False,False,False,False,False,False,False,False,True,False,False,False,False,False,False,False,True,False,False
India,Smartwatch,2025-09-25,Electronics,0.0,68.74,,20.0,2.0,0.0,0.0,3,25,39,9,3,268,0,0.43388373911755823,-0.900968867902419,-1.0,-1.8369701987210297e-16,0.0,1,2.0,1,0.0,1,0.0,1,0.42857142857142855,0.7867957924694504,0.0,2.0,0.2857142857142857,0.7857142857142857,1.197439950002688,0.0,3.0,0.5454545454545454,0,68.74,0.0,0.0,False,True,False,False,False,False,False,False,False,False,False,False,False,False,False,False,False,False,False,False,False,False,False,False,False,True,False,False,False,False,False,False,False,True,False,False
India,Smartwatch,2025-09-26,Electronics,0.0,68.74,,20.0,2.0,0.0,0.0,4,26,39,9,3,269,0,-0.433883739117558,-0.9009688679024191,-1.0,-1.8369701987210297e-16,0.0,1,0.0,1,0.0,1,0.0,1,0.14285714285714285,0.3779644730092456,0.0,1.0,0.2857142857142857,0.7857142857142857,1.197439950002688,0.0,3.0,0.18181818181818182,0,68.74,0.0,0.0,False,True,False,False,False,False,False,False,False,False,False,False,False,False,False,False,False,False,False,False,False,False,False,False,False,True,False,False,False,False,False,False,False,True,False,False
India,Smartwatch,2025-09-27,Electronics,2.0,197.04,0.09,20.0,2.0,1.0,0.0,5,27,39,9,3,270,1,-0.9749279121818236,-0.2225209339563146,-1.0,-1.8369701987210297e-16,0.0,1,1.0,1,0.0,1,0.0,1,0.14285714285714285,0.3779644730092456,0.0,1.0,0.2857142857142857,0.7857142857142857,1.197439950002688,0.0,3.0,0.18181818181818182,1,68.74,128.3,1.8664533022985164,False,True,False,False,False,False,False,False,False,False,False,False,False,False,False,False,False,False,False,False,False,False,False,False,False,True,False,False,False,False,False,False,False,True,False,False
India,Smartwatch,2025-09-28,Electronics,3.0,1368.885,0.09,20.0,2.0,1.0,0.0,6,28,39,9,3,271,1,-0.7818314824680299,0.6234898018587334,-1.0,-1.8369701987210297e-16,2.0,1,0.0,1,0.0,1,0.0,1,0.2857142857142857,0.7559289460184628,0.0,2.0,0.42857142857142855,0.8571428571428571,1.20843595623329,0.0,3.0,0.3333333333333333,1,197.04,1171.845,5.947244214372716,False,True,False,False,False,False,False,False,False,False,False,False,False,False,False,False,False,False,False,False,False,False,False,False,False,True,False,False,False,False,False,False,False,True,False,False
India,Smartwatch,2025-09-29,Electronics,0.0,1368.885,,20.0,2.0,0.0,0.0,0,29,40,9,3,272,0,0.0,1.0,-1.0,-1.8369701987210297e-16,3.0,1,0.0,1,1.0,1,0.0,1,0.7142857142857143,1.2535663410560212,0.0,3.0,0.6428571428571429,0.9642857142857143,1.2614554456142504,0.0,3.0,0.7407407407407407,0,1368.885,0.0,0.0,False,True,False,False,False,False,False,False,False,False,False,False,False,False,False,False,False,False,False,False,False,False,False,False,False,True,False,False,False,False,False,False,False,True,False,False
India,Smartwatch,2025-09-30,Electronics,0.0,1368.885,,20.0,2.0,0.0,0.0,1,30,40,9,3,273,0,0.7818314824680298,0.6234898018587336,-1.0,-1.8369701987210297e-16,0.0,1,0.0,1,0.0,1,0.0,1,0.7142857142857143,1.2535663410560212,0.0,3.0,0.5714285714285714,0.9642857142857143,1.2614554456142504,0.0,3.0,0.7407407407407407,0,1368.885,0.0,0.0,False,True,False,False,False,False,False,False,False,False,False,False,False,False,False,False,False,False,False,False,False,False,False,False,False,True,False,False,False,False,False,False,False,True,False,False
India,Smartwatch,2025-10-01,Electronics,2.0,1399.12,0.09,20.0,2.0,1.0,0.0,2,1,40,10,4,274,0,0.9749279121818236,-0.22252093395631434,-0.8660254037844386,0.5000000000000001,0.0,1,0.0,1,0.0,1,3.0,1,0.7142857142857143,1.2535663410560212,0.0,3.0,0.5714285714285714,0.9642857142857143,1.2614554456142504,0.0,3.0,0.7407407407407407,1,1368.885,30.2349999999999,0.022087319241572447,False,True,False,False,False,False,False,False,False,False,False,False,False,False,False,False,False,False,False,False,False,False,False,False,False,True,False,False,False,False,False,False,False,True,False,False
India,Smartwatch,2025-10-02,Electronics,0.0,1399.12,,20.0,2.0,0.0,0.0,3,2,40,10,4,275,0,0.43388373911755823,-0.900968867902419,-0.8660254037844386,0.5000000000000001,2.0,1,0.0,1,2.0,1,3.0,1,1.0,1.2909944487358083,0.0,3.0,0.7142857142857143,0.9285714285714286,1.2149857925879142,0.0,3.0,1.0769230769230769,0,1399.12,0.0,0.0,False,True,False,False,False,False,False,False,False,False,False,False,False,False,False,False,False,False,False,False,False,False,False,False,False,True,False,False,False,False,False,False,False,True,False,False
India,Smartwatch,2025-10-03,Electronics,0.0,1399.12,,20.0,2.0,0.0,0.0,4,3,40,10,4,276,0,-0.433883739117558,-0.9009688679024191,-0.8660254037844386,0.5000000000000001,0.0,1,0.0,1,0.0,1,0.0,1,1.0,1.2909944487358083,0.0,3.0,0.5714285714285714,0.8214285714285714,1.1564175661505636,0.0,3.0,1.2173913043478262,0,1399.12,0.0,0.0,False,True,False,False,False,False,False,False,False,False,False,False,False,False,False,False,False,False,False,False,False,False,False,False,False,True,False,False,False,False,False,False,False,True,False,False
India,Smartwatch,2025-10-04,Electronics,1.0,529.64,0.1,20.0,2.0,1.0,0.0,5,4,40,10,4,277,1,-0.9749279121818236,-0.2225209339563146,-0.8660254037844386,0.5000000000000001,0.0,1,2.0,1,1.0,1,3.0,1,1.0,1.2909944487358083,0.0,3.0,0.5714285714285714,0.8214285714285714,1.1564175661505636,0.0,3.0,1.2173913043478262,1,1399.12,-869.4799999999999,-0.6214477671679342,False,True,False,False,False,False,False,False,False,False,False,False,False,False,False,False,False,False,False,False,False,False,False,False,False,True,False,False,False,False,False,False,False,True,False,False
India,Smartwatch,2025-10-05,Electronics,0.0,529.64,,20.0,2.0,0.0,0.0,6,5,40,10,4,278,1,-0.7818314824680299,0.6234898018587334,-0.8660254037844386,0.5000000000000001,1.0,1,3.0,1,0.0,1,3.0,1,0.8571428571428571,1.214985792587915,0.0,3.0,0.5714285714285714,0.75,1.075828707279841,0.0,3.0,1.1428571428571428,0,529.64,0.0,0.0,False,True,False,False,False,False,False,False,False,False,False,False,False,False,False,False,False,False,False,False,False,False,False,False,False,True,False,False,False,False,False,False,False,True,False,False
India,Smartwatch,2025-10-06,Electronics,0.0,529.64,,20.0,2.0,0.0,0.0,0,6,41,10,4,279,0,0.0,1.0,-0.8660254037844386,0.5000000000000001,0.0,1,0.0,1,0.0,1,2.0,1,0.42857142857142855,0.7867957924694503,0.0,2.0,0.5714285714285714,0.6428571428571429,0.989361399507776,0.0,3.0,0.6666666666666666,0,529.64,0.0,0.0,False,True,False,False,False,False,False,False,False,False,False,False,False,False,False,False,False,False,False,False,False,False,False,False,False,True,False,False,False,False,False,False,False,True,False,False
India,Smartwatch,2025-10-07,Electronics,0.0,529.64,,20.0,2.0,0.0,0.0,1,7,41,10,4,280,0,0.7818314824680298,0.6234898018587336,-0.8660254037844386,0.5000000000000001,0.0,1,0.0,1,0.0,1,1.0,1,0.42857142857142855,0.7867957924694503,0.0,2.0,0.5714285714285714,0.5714285714285714,0.9594972228385693,0.0,3.0,0.75,0,529.64,0.0,0.0,False,True,False,False,False,False,False,False,False,False,False,False,False,False,False,False,False,False,False,False,False,False,False,False,False,True,False,False,False,False,False,False,False,True,False,False
India,Smartwatch,2025-10-08,Electronics,1.0,655.1,0.13,20.0,2.0,1.0,0.0,2,8,41,10,4,281,0,0.9749279121818236,-0.22252093395631434,-0.8660254037844386,0.5000000000000001,0.0,1,2.0,1,0.0,1,3.0,1,0.42857142857142855,0.7867957924694503,0.0,2.0,0.5714285714285714,0.5357142857142857,0.9615628812527973,0.0,3.0,0.7999999999999999,1,529.64,125.46000000000004,0.23687787931425128,False,True,False,False,False,False,False,False,False,False,False,False,False,False,False,False,False,False,False,False,False,False,False,False,False,True,False,False,False,False,False,False,False,True,False,False
India,Smartwatch,2025-10-09,Electronics,2.0,727.3,0.09,20.0,2.0,1.0,0.0,3,9,41,10,4,282,0,0.43388373911755823,-0.900968867902419,-0.8660254037844386,0.5000000000000001,1.0,1,0.0,1,0.0,1,0.0,1,0.2857142857142857,0.48795003647427937,0.0,1.0,0.6428571428571429,0.4642857142857143,0.8380817098475298,0.0,3.0,0.6153846153846153,1,655.1,72.19999999999993,0.11021218134635923,False,True,False,False,False,False,False,False,False,False,False,False,False,False,False,False,False,False,False,False,False,False,False,False,False,True,False,False,False,False,False,False,False,True,False,False
India,Smartwatch,2025-10-10,Electronics,0.0,727.3,,20.0,2.0,0.0,0.0,4,10,41,10,4,283,0,-0.433883739117558,-0.9009688679024191,-0.8660254037844386,0.5000000000000001,2.0,1,0.0,1,0.0,1,0.0,1,0.5714285714285714,0.7867957924694495,0.0,2.0,0.7857142857142857,0.5357142857142857,0.8811668550592635,0.0,3.0,1.0666666666666667,0,727.3,0.0,0.0,False,True,False,False,False,False,False,False,False,False,False,False,False,False,False,False,False,False,False,False,False,False,False,False,False,True,False,False,False,False,False,False,False,True,False,False
India,Smartwatch,2025-10-11,Electronics,2.0,64.1,0.01,20.0,2.0,1.0,0.0,5,11,41,10,4,284,1,-0.9749279121818236,-0.2225209339563146,-0.8660254037844386,0.5000000000000001,0.0,1,1.0,1,2.0,1,0.0,1,0.5714285714285714,0.7867957924694495,0.0,2.0,0.7857142857142857,0.5357142857142857,0.8811668550592635,0.0,3.0,1.0666666666666667,1,727.3,-663.1999999999999,-0.9118658050323113,False,True,False,False,False,False,False,False,False,False,False,False,False,False,False,False,False,False,False,False,False,False,False,False,False,True,False,False,False,False,False,False,False,True,False,False
India,Smartwatch,2025-10-12,Electronics,0.0,64.1,,20.0,2.0,0.0,0.0,6,12,41,10,4,285,1,-0.7818314824680299,0.6234898018587334,-0.8660254037844386,0.5000000000000001,2.0,1,0.0,1,3.0,1,0.0,1,0.7142857142857143,0.9511897312113465,0.0,2.0,0.7857142857142857,0.6071428571428571,0.9164862737363263,0.0,3.0,1.1764705882352942,0,64.1,0.0,0.0,False,True,False,False,False,False,False,False,False,False,False,False,False,False,False,False,False,False,False,False,False,False,False,False,False,True,False,False,False,False,False,False,False,True,False,False
India,Smartwatch,2025-10-13,Electronics,4.0,501.66499999999996,0.13,20.0,2.0,1.0,0.0,0,13,42,10,4,286,0,0.0,1.0,-0.8660254037844386,0.5000000000000001,0.0,1,0.0,1,0.0,1,1.0,1,0.7142857142857143,0.9511897312113465,0.0,2.0,0.5714285714285714,0.6071428571428571,0.9164862737363263,0.0,3.0,1.1764705882352942,1,64.1,437.56499999999994,6.826287051482059,False,True,False,False,False,False,False,False,False,False,False,False,False,False,False,False,False,False,False,False,False,False,False,False,False,True,False,False,False,False,False,False,False,True,False,False
India,Smartwatch,2025-10-14,Electronics,0.0,501.66499999999996,,20.0,2.0,0.0,0.0,1,14,42,10,4,287,0,0.7818314824680298,0.6234898018587336,-0.8660254037844386,0.5000000000000001,4.0,1,0.0,1,0.0,1,0.0,1,1.2857142857142858,1.4960264830861927,0.0,4.0,0.8571428571428571,0.7142857142857143,1.1174422797967039,0.0,4.0,1.8,0,501.66499999999996,0.0,0.0,False,True,False,False,False,False,False,False,False,False,False,False,False,False,False,False,False,False,False,False,False,False,False,False,False,True,False,False,False,False,False,False,False,True,False,False
India,Smartwatch,2025-10-15,Electronics,3.0,1135.74,0.0,20.0,2.0,0.0,0.0,2,15,42,10,4,288,0,0.9749279121818236,-0.22252093395631434,-0.8660254037844386,0.5000000000000001,0.0,1,1.0,1,2.0,1,0.0,1,1.2857142857142858,1.4960264830861927,0.0,4.0,0.8571428571428571,0.7142857142857143,1.1174422797967039,0.0,4.0,1.8,0,501.66499999999996,634.075,1.2639410762162002,False,True,False,False,False,False,False,False,False,False,False,False,False,False,False,False,False,False,False,False,False,False,False,False,False,True,False,False,False,False,False,False,False,True,False,False
India,Smartwatch,2025-10-16,Electronics,0.0,1135.74,,20.0,2.0,0.0,0.0,3,16,42,10,4,289,0,0.43388373911755823,-0.900968867902419,-0.8660254037844386,0.5000000000000001,3.0,1,2.0,1,0.0,1,2.0,1,1.5714285714285714,1.618347187425375,0.0,4.0,0.9285714285714286,0.8214285714285714,1.1880133254200758,0.0,4.0,1.9130434782608696,0,1135.74,0.0,0.0,False,True,False,False,False,False,False,False,False,False,False,False,False,False,False,False,False,False,False,False,False,False,False,False,False,True,False,False,False,False,False,False,False,True,False,False
India,Smartwatch,2025-10-17,Electronics,0.0,1135.74,,20.0,2.0,0.0,0.0,4,17,42,10,4,290,0,-0.433883739117558,-0.9009688679024191,-0.8660254037844386,0.5000000000000001,0.0,1,0.0,1,0.0,1,0.0,1,1.2857142857142858,1.7043362064926946,0.0,4.0,0.9285714285714286,0.75,1.1745763617703344,0.0,4.0,1.7142857142857144,0,1135.74,0.0,0.0,False,True,False,False,False,False,False,False,False,False,False,False,False,False,False,False,False,False,False,False,False,False,False,False,False,True,False,False,False,False,False,False,False,True,False,False
India,Smartwatch,2025-10-18,Electronics,3.0,238.53,0.09,20.0,2.0,1.0,0.0,5,18,42,10,4,291,1,-0.9749279121818236,-0.2225209339563146,-0.8660254037844386,0.5000000000000001,0.0,1,2.0,1,1.0,1,1.0,1,1.2857142857142858,1.7043362064926946,0.0,4.0,0.9285714285714286,0.75,1.1745763617703344,0.0,4.0,1.7142857142857144,1,1135.74,-897.21,-0.7899783401130541,False,True,False,False,False,False,False,False,False,False,False,False,False,False,False,False,False,False,False,False,False,False,False,False,False,True,False,False,False,False,False,False,False,True,False,False
India,Smartwatch,2025-10-19,Electronics,0.0,238.53,,20.0,2.0,0.0,0.0,6,19,42,10,4,292,1,-0.7818314824680299,0.6234898018587334,-0.8660254037844386,0.5000000000000001,3.0,1,0.0,1,0.0,1,0.0,1,1.4285714285714286,1.8126539343499324,0.0,4.0,1.0714285714285714,0.8214285714285714,1.2488089563755598,0.0,4.0,1.7391304347826089,0,238.53,0.0,0.0,False,True,False,False,False,False,False,False,False,False,False,False,False,False,False,False,False,False,False,False,False,False,False,False,False,True,False,False,False,False,False,False,False,True,False,False
India,Smartwatch,2025-10-20,Electronics,0.0,238.53,,20.0,2.0,0.0,0.0,0,20,43,10,4,293,0,0.0,1.0,-0.8660254037844386,0.5000000000000001,0.0,1,4.0,1,0.0,1,0.0,1,1.4285714285714286,1.8126539343499326,0.0,4.0,1.0714285714285714,0.8214285714285714,1.2488089563755598,0.0,4.0,1.7391304347826089,0,238.53,0.0,0.0,False,True,False,False,False,False,False,False,False,False,False,False,False,False,False,False,False,False,False,False,False,False,False,False,False,True,False,False,False,False,False,False,False,True,False,False
India,Smartwatch,2025-10-21,Electronics,0.0,238.53,,20.0,2.0,0.0,0.0,1,21,43,10,4,294,0,0.7818314824680298,0.6234898018587336,-0.8660254037844386,0.5000000000000001,0.0,1,0.0,1,0.0,1,0.0,1,0.8571428571428571,1.4638501094228027,0.0,3.0,1.0714285714285714,0.8214285714285714,1.2488089563755598,0.0,4.0,1.0434782608695652,0,238.53,0.0,0.0,False,True,False,False,False,False,False,False,False,False,False,False,False,False,False,False,False,False,False,False,False,False,False,False,False,True,False,False,False,False,False,False,False,True,False,False
India,Smartwatch,2025-10-22,Electronics,0.0,238.53,,20.0,2.0,0.0,0.0,2,22,43,10,4,295,0,0.9749279121818236,-0.22252093395631434,-0.8660254037844386,0.5000000000000001,0.0,1,3.0,1,1.0,1,0.0,1,0.8571428571428571,1.4638501094228027,0.0,3.0,1.0714285714285714,0.8214285714285714,1.2488089563755598,0.0,4.0,1.0434782608695652,0,238.53,0.0,0.0,False,True,False,False,False,False,False,False,False,False,False,False,False,False,False,False,False,False,False,False,False,False,False,False,False,True,False,False,False,False,False,False,False,True,False,False
India,Smartwatch,2025-10-23,Electronics,0.0,238.53,,20.0,2.0,0.0,0.0,3,23,43,10,4,296,0,0.43388373911755823,-0.900968867902419,-0.8660254037844386,0.5000000000000001,0.0,1,0.0,1,2.0,1,0.0,1,0.42857142857142855,1.1338934190276868,0.0,3.0,1.0,0.8214285714285714,1.2488089563755598,0.0,4.0,0.5217391304347826,0,238.53,0.0,0.0,False,True,False,False,False,False,False,False,False,False,False,False,False,False,False,False,False,False,False,False,False,False,False,False,False,True,False,False,False,False,False,False,False,True,False,False
India,Smartwatch,2025-10-24,Electronics,0.0,238.53,,20.0,2.0,0.0,0.0,4,24,43,10,4,297,0,-0.433883739117558,-0.9009688679024191,-0.8660254037844386,0.5000000000000001,0.0,1,0.0,1,0.0,1,0.0,1,0.42857142857142855,1.1338934190276868,0.0,3.0,0.8571428571428571,0.8214285714285714,1.2488089563755598,0.0,4.0,0.5217391304347826,0,238.53,0.0,0.0,False,True,False,False,False,False,False,False,False,False,False,False,False,False,False,False,False,False,False,False,False,False,False,False,False,True,False,False,False,False,False,False,False,True,False,False
India,Smartwatch,2025-10-25,Electronics,2.0,52.7,0.07,20.0,2.0,1.0,0.0,5,25,43,10,4,298,1,-0.9749279121818236,-0.2225209339563146,-0.8660254037844386,0.5000000000000001,0.0,1,3.0,1,2.0,1,2.0,1,0.42857142857142855,1.1338934190276868,0.0,3.0,0.8571428571428571,0.8214285714285714,1.2488089563755598,0.0,4.0,0.5217391304347826,1,238.53,-185.82999999999998,-0.7790634301764976,False,True,False,False,False,False,False,False,False,False,False,False,False,False,False,False,False,False,False,False,False,False,False,False,False,True,False,False,False,False,False,False,False,True,False,False
India,Smartwatch,2025-10-26,Electronics,3.0,554.45,0.03,20.0,2.0,1.0,0.0,6,26,43,10,4,299,1,-0.7818314824680299,0.6234898018587334,-0.8660254037844386,0.5000000000000001,2.0,1,0.0,1,0.0,1,3.0,1,0.2857142857142857,0.7559289460184629,0.0,2.0,0.8571428571428571,0.8214285714285714,1.2488089563755598,0.0,4.0,0.34782608695652173,1,52.7,501.75000000000006,9.520872865275143,False,True,False,False,False,False,False,False,False,False,False,False,False,False,False,False,False,False,False,False,False,False,False,False,False,True,False,False,False,False,False,False,False,True,False,False
India,Smartwatch,2025-10-27,Electronics,2.0,1324.51,0.07,20.0,2.0,1.0,0.0,0,27,44,10,4,300,0,0.0,1.0,-0.8660254037844386,0.5000000000000001,3.0,1,0.0,1,4.0,1,0.0,1,0.7142857142857143,1.2535663410560212,0.0,3.0,1.0714285714285714,0.8214285714285714,1.2488089563755598,0.0,4.0,0.8695652173913044,1,554.45,770.06,1.3888718549914327,False,True,False,False,False,False,False,False,False,False,False,False,False,False,False,False,False,False,False,False,False,False,False,False,False,True,False,False,False,False,False,False,False,True,False,False
India,Smartwatch,2025-10-28,Electronics,0.0,1324.51,,20.0,2.0,0.0,0.0,1,28,44,10,4,301,0,0.7818314824680298,0.6234898018587336,-0.8660254037844386,0.5000000000000001,2.0,1,0.0,1,0.0,1,0.0,1,1.0,1.2909944487358085,0.0,3.0,0.9285714285714286,0.8928571428571429,1.2572540835836787,0.0,4.0,1.1199999999999999,0,1324.51,0.0,0.0,False,True,False,False,False,False,False,False,False,False,False,False,False,False,False,False,False,False,False,False,False,False,False,False,False,True,False,False,False,False,False,False,False,True,False,False
India,Smartwatch,2025-10-29,Electronics,0.0,1324.51,,20.0,2.0,0.0,0.0,2,29,44,10,4,302,0,0.9749279121818236,-0.22252093395631434,-0.8660254037844386,0.5000000000000001,0.0,1,0.0,1,3.0,1,2.0,1,1.0,1.2909944487358085,0.0,3.0,0.9285714285714286,0.8928571428571429,1.2572540835836787,0.0,4.0,1.1199999999999999,0,1324.51,0.0,0.0,False,True,False,False,False,False,False,False,False,False,False,False,False,False,False,False,False,False,False,False,False,False,False,False,False,True,False,False,False,False,False,False,False,True,False,False
India,Smartwatch,2025-10-30,Electronics,4.0,1107.26,0.13,20.0,2.0,1.0,0.0,3,30,44,10,4,303,0,0.43388373911755823,-0.900968867902419,-0.8660254037844386,0.5000000000000001,0.0,1,0.0,1,0.0,1,0.0,1,1.0,1.2909944487358085,0.0,3.0,0.7142857142857143,0.8214285714285714,1.2488089563755598,0.0,4.0,1.2173913043478262,1,1324.51,-217.25,-0.1640229216842455,False,True,False,False,False,False,False,False,False,False,False,False,False,False,False,False,False,False,False,False,False,False,False,False,False,True,False,False,False,False,False,False,False,True,False,False
India,Smartwatch,2025-10-31,Electronics,0.0,1107.26,,20.0,2.0,0.0,0.0,4,31,44,10,4,304,0,-0.433883739117558,-0.9009688679024191,-0.8660254037844386,0.5000000000000001,4.0,1,0.0,1,0.0,1,0.0,1,1.5714285714285714,1.618347187425375,0.0,4.0,1.0,0.9642857142857143,1.3738872361173395,0.0,4.0,1.6296296296296295,0,1107.26,0.0,0.0,False,True,False,False,False,False,False,False,False,False,False,False,False,False,False,False,False,False,False,False,False,False,False,False,False,True,False,False,False,False,False,False,False,True,False,False
India,Smartwatch,2025-11-01,Electronics,0.0,1107.26,,20.0,2.0,0.0,0.0,5,1,44,11,4,305,1,-0.9749279121818236,-0.2225209339563146,-0.5000000000000004,0.8660254037844384,0.0,1,2.0,1,3.0,1,1.0,1,1.5714285714285714,1.618347187425375,0.0,4.0,1.0,0.9642857142857143,1.3738872361173395,0.0,4.0,1.6296296296296295,0,1107.26,0.0,0.0,False,True,False,False,False,False,False,False,False,False,False,False,False,False,False,False,False,False,False,False,False,False,False,False,False,True,False,False,False,False,False,False,False,True,False,False
India,Smartwatch,2025-11-02,Electronics,8.0,585.54,0.28,20.0,2.0,1.0,1.0,6,2,44,11,4,306,1,-0.7818314824680299,0.6234898018587334,-0.5000000000000004,0.8660254037844384,0.0,1,3.0,1,0.0,1,0.0,1,1.2857142857142858,1.704336206492695,0.0,4.0,0.7857142857142857,0.9285714285714286,1.3858697343671684,0.0,4.0,1.3846153846153846,1,1107.26,-521.72,-0.47118111374022364,False,True,False,False,False,False,False,False,False,False,False,False,False,False,False,False,False,False,False,False,False,False,False,False,False,True,False,False,False,False,False,False,False,True,False,False
India,Smartwatch,2025-11-03,Electronics,2.0,1263.96,0.22,20.0,2.0,1.0,0.0,0,3,45,11,4,307,0,0.0,1.0,-0.5000000000000004,0.8660254037844384,8.0,1,2.0,1,0.0,1,0.0,1,2.0,3.0550504633038935,0.0,8.0,1.3571428571428572,1.2142857142857142,1.912089081628955,0.0,8.0,1.647058823529412,1,585.54,678.4200000000001,1.1586228097141102,False,True,False,False,False,False,False,False,False,False,False,False,False,False,False,False,False,False,False,False,False,False,False,False,False,True,False,False,False,False,False,False,False,True,False,False
India,Smartwatch,2025-11-04,Electronics,8.0,1459.115,0.24,20.0,2.0,1.0,1.0,1,4,45,11,4,308,0,0.7818314824680298,0.6234898018587336,-0.5000000000000004,0.8660254037844384,2.0,1,0.0,1,0.0,1,0.0,1,2.0,3.0550504633038935,0.0,8.0,1.5,1.2857142857142858,1.9023794624226849,0.0,8.0,1.5555555555555554,1,1263.96,195.15499999999997,0.15439966454634638,False,True,False,False,False,False,False,False,False,False,False,False,False,False,False,False,False,False,False,False,False,False,False,False,False,True,False,False,False,False,False,False,False,True,False,False
India,Smartwatch,2025-11-05,Electronics,2.0,498.95,0.24,20.0,2.0,1.0,0.0,2,5,45,11,4,309,0,0.9749279121818236,-0.22252093395631434,-0.5000000000000004,0.8660254037844384,8.0,1,0.0,1,0.0,1,1.0,1,3.142857142857143,3.6253078686998617,0.0,8.0,2.0714285714285716,1.5714285714285714,2.267786838055364,0.0,8.0,2.0,1,1459.115,-960.165,-0.6580461444094536,False,True,False,False,False,False,False,False,False,False,False,False,False,False,False,False,False,False,False,False,False,False,False,False,False,True,False,False,False,False,False,False,False,True,False,False
India,Smartwatch,2025-11-06,Electronics,0.0,498.95,,20.0,2.0,0.0,0.0,3,6,45,11,4,310,0,0.43388373911755823,-0.900968867902419,-0.5000000000000004,0.8660254037844384,2.0,1,4.0,1,0.0,1,2.0,1,3.4285714285714284,3.408672412985385,0.0,8.0,2.2142857142857144,1.6071428571428572,2.2663281726712463,0.0,8.0,2.1333333333333333,0,498.95,0.0,0.0,False,True,False,False,False,False,False,False,False,False,False,False,False,False,False,False,False,False,False,False,False,False,False,False,False,True,False,False,False,False,False,False,False,True,False,False
India,Smartwatch,2025-11-07,Electronics,3.0,266.67,0.25,20.0,2.0,1.0,0.0,4,7,45,11,4,311,0,-0.433883739117558,-0.9009688679024191,-0.5000000000000004,0.8660254037844384,0.0,1,0.0,1,0.0,1,0.0,1,2.857142857142857,3.625307868699862,0.0,8.0,2.2142857142857144,1.5357142857142858,2.2849287671390273,0.0,8.0,1.8604651162790697,1,498.95,-232.27999999999997,-0.4655376290209439,False,True,False,False,False,False,False,False,False,False,False,False,False,False,False,False,False,False,False,False,False,False,False,False,False,True,False,False,False,False,False,False,False,True,False,False
India,Smartwatch,2025-11-08,Electronics,0.0,266.67,,20.0,2.0,0.0,0.0,5,8,45,11,4,312,1,-0.9749279121818236,-0.2225209339563146,-0.5000000000000004,0.8660254037844384,3.0,1,0.0,1,2.0,1,2.0,1,3.2857142857142856,3.4016802570830436,0.0,8.0,2.4285714285714284,1.6428571428571428,2.2805828643261803,0.0,8.0,2.0,0,266.67,0.0,0.0,False,True,False,False,False,False,False,False,False,False,False,False,False,False,False,False,False,False,False,False,False,False,False,False,False,True,False,False,False,False,False,False,False,True,False,False
India,Smartwatch,2025-11-09,Electronics,2.0,741.59,0.19,20.0,2.0,1.0,0.0,6,9,45,11,4,313,1,-0.7818314824680299,0.6234898018587334,-0.5000000000000004,0.8660254037844384,0.0,1,8.0,1,3.0,1,0.0,1,3.2857142857142856,3.4016802570830436,0.0,8.0,2.2857142857142856,1.5714285714285714,2.3002185311411814,0.0,8.0,2.090909090909091,1,266.67,474.92,1.78092773840327,False,True,False,False,False,False,False,False,False,False,False,False,False,False,False,False,False,False,False,False,False,False,False,False,False,True,False,False,False,False,False,False,False,True,False,False
India,Smartwatch,2025-11-10,Electronics,3.0,129.36,0.2,20.0,2.0,1.0,0.0,0,10,46,11,4,314,0,0.0,1.0,-0.5000000000000004,0.8660254037844384,2.0,1,2.0,1,2.0,1,4.0,1,2.4285714285714284,2.699206232527312,0.0,8.0,2.2142857142857144,1.6428571428571428,2.2805828643261803,0.0,8.0,1.4782608695652173,1,741.59,-612.23,-0.825563990884451,False,True,False,False,False,False,False,False,False,False,False,False,False,False,False,False,False,False,False,False,False,False,False,False,False,True,False,False,False,False,False,False,False,True,False,False
India,Smartwatch,2025-11-11,Electronics,12.0,643.2466666666666,0.23,20.0,2.0,1.0,1.0,1,11,46,11,4,315,0,0.7818314824680298,0.6234898018587336,-0.5000000000000004,0.8660254037844384,3.0,1,8.0,1,0.0,1,0.0,1,2.5714285714285716,2.6992062325273114,0.0,8.0,2.2857142857142856,1.6071428571428572,2.249926512615316,0.0,8.0,1.6,1,129.36,513.8866666666665,3.9725314368171496,False,True,False,False,False,False,False,False,False,False,False,False,False,False,False,False,False,False,False,False,False,False,False,False,False,True,False,False,False,False,False,False,False,True,False,False
India,Smartwatch,2025-11-12,Electronics,0.0,643.2466666666666,,20.0,2.0,0.0,0.0,2,12,46,11,4,316,0,0.9749279121818236,-0.22252093395631434,-0.5000000000000004,0.8660254037844384,12.0,1,2.0,1,0.0,1,3.0,1,3.142857142857143,4.099941927579438,0.0,12.0,3.142857142857143,2.0357142857142856,2.962508232301647,0.0,12.0,1.5438596491228072,0,643.2466666666666,0.0,0.0,False,True,False,False,False,False,False,False,False,False,False,False,False,False,False,False,False,False,False,False,False,False,False,False,False,True,False,False,False,False,False,False,False,True,False,False
India,Smartwatch,2025-11-13,Electronics,4.0,1042.31,0.24,20.0,2.0,1.0,0.0,3,13,46,11,4,317,0,0.43388373911755823,-0.900968867902419,-0.5000000000000004,0.8660254037844384,0.0,1,0.0,1,4.0,1,0.0,1,2.857142857142857,4.2594432902501635,0.0,12.0,3.142857142857143,1.9285714285714286,2.980536509354966,0.0,12.0,1.4814814814814814,1,643.2466666666666,399.0633333333334,0.6203892752391515,False,True,False,False,False,False,False,False,False,False,False,False,False,False,False,False,False,False,False,False,False,False,False,False,False,True,False,False,False,False,False,False,False,True,False,False
India,Smartwatch,2025-11-14,Electronics,2.0,1239.49,0.17,20.0,2.0,1.0,0.0,4,14,46,11,4,318,0,-0.433883739117558,-0.9009688679024191,-0.5000000000000004,0.8660254037844384,4.0,1,3.0,1,0.0,1,0.0,1,3.4285714285714284,4.076646614442759,0.0,12.0,3.142857142857143,2.0714285714285716,2.980536509354966,0.0,12.0,1.6551724137931032,1,1042.31,197.18000000000006,0.18917596492406297,False,True,False,False,False,False,False,False,False,False,False,False,False,False,False,False,False,False,False,False,False,False,False,False,False,True,False,False,False,False,False,False,False,True,False,False
India,Smartwatch,2025-11-15,Electronics,5.0,1117.17,0.23,20.0,2.0,1.0,0.0,5,15,46,11,4,319,1,-0.9749279121818236,-0.2225209339563146,-0.5000000000000004,0.8660254037844384,2.0,1,0.0,1,0.0,1,3.0,1,3.2857142857142856,4.111540089159036,0.0,12.0,3.2857142857142856,2.142857142857143,2.9528929407577107,0.0,12.0,1.5333333333333332,1,1239.49,-122.31999999999994,-0.09868574978418537,False,True,False,False,False,False,False,False,False,False,False,False,False,False,False,False,False,False,False,False,False,False,False,False,False,True,False,False,False,False,False,False,False,True,False,False
India,Smartwatch,2025-11-16,Electronics,0.0,1117.17,,20.0,2.0,0.0,0.0,6,16,46,11,4,320,1,-0.7818314824680299,0.6234898018587334,-0.5000000000000004,0.8660254037844384,5.0,1,2.0,1,8.0,1,0.0,1,4.0,3.8729833462074152,0.0,12.0,3.642857142857143,2.2142857142857144,2.9982358128436113,0.0,12.0,1.8064516129032258,0,1117.17,0.0,0.0,False,True,False,False,False,False,False,False,False,False,False,False,False,False,False,False,False,False,False,False,False,False,False,False,False,True,False,False,False,False,False,False,False,True,False,False
India,Smartwatch,2025-11-17,Electronics,8.0,757.345,0.25,20.0,2.0,1.0,1.0,0,17,47,11,4,321,0,0.0,1.0,-0.5000000000000004,0.8660254037844384,0.0,1,3.0,1,2.0,1,0.0,1,3.7142857142857144,4.111540089159036,0.0,12.0,3.0714285714285716,2.2142857142857144,2.9982358128436113,0.0,12.0,1.6774193548387097,1,1117.17,-359.82500000000005,-0.32208616414690694,False,True,False,False,False,False,False,False,False,False,False,False,False,False,False,False,False,False,False,False,False,False,False,False,False,True,False,False,False,False,False,False,False,True,False,False
India,Smartwatch,2025-11-18,Electronics,0.0,757.345,,20.0,2.0,0.0,0.0,1,18,47,11,4,322,0,0.7818314824680298,0.6234898018587336,-0.5000000000000004,0.8660254037844384,8.0,1,12.0,1,8.0,1,0.0,1,4.428571428571429,4.391550328268397,0.0,12.0,3.5,2.5,3.1564161580759538,0.0,12.0,1.7714285714285716,0,757.345,0.0,0.0,False,True,False,False,False,False,False,False,False,False,False,False,False,False,False,False,False,False,False,False,False,False,False,False,False,True,False,False,False,False,False,False,False,True,False,False
India,Smartwatch,2025-11-19,Electronics,0.0,757.345,,20.0,2.0,0.0,0.0,2,19,47,11,4,323,0,0.9749279121818236,-0.22252093395631434,-0.5000000000000004,0.8660254037844384,0.0,1,0.0,1,2.0,1,0.0,1,2.7142857142857144,3.093772546815388,0.0,8.0,2.9285714285714284,2.5,3.1564161580759538,0.0,12.0,1.0857142857142859,0,757.345,0.0,0.0,False,True,False,False,False,False,False,False,False,False,False,False,False,False,False,False,False,False,False,False,False,False,False,False,False,True,False,False,False,False,False,False,False,True,False,False
India,Smartwatch,2025-11-20,Electronics,3.0,655.48,0.28,20.0,2.0,1.0,0.0,3,20,47,11,4,324,0,0.43388373911755823,-0.900968867902419,-0.5000000000000004,0.8660254037844384,0.0,1,4.0,1,0.0,1,0.0,1,2.7142857142857144,3.093772546815388,0.0,8.0,2.7857142857142856,2.5,3.1564161580759538,0.0,12.0,1.0857142857142859,1,757.345,-101.86500000000001,-0.134502769543603,False,True,False,False,False,False,False,False,False,False,False,False,False,False,False,False,False,False,False,False,False,False,False,False,False,True,False,False,False,False,False,False,False,True,False,False
India,Smartwatch,2025-11-21,Electronics,0.0,655.48,,20.0,2.0,0.0,0.0,4,21,47,11,4,325,0,-0.433883739117558,-0.9009688679024191,-0.5000000000000004,0.8660254037844384,3.0,1,2.0,1,3.0,1,0.0,1,2.5714285714285716,3.0472470011002204,0.0,8.0,3.0,2.607142857142857,3.1191082024892918,0.0,12.0,0.9863013698630138,0,655.48,0.0,0.0,False,True,False,False,False,False,False,False,False,False,False,False,False,False,False,False,False,False,False,False,False,False,False,False,False,True,False,False,False,False,False,False,False,True,False,False
India,Smartwatch,2025-11-22,Electronics,3.0,802.32,0.23,20.0,2.0,1.0,0.0,5,22,47,11,4,326,1,-0.9749279121818236,-0.2225209339563146,-0.5000000000000004,0.8660254037844384,0.0,1,5.0,1,0.0,1,2.0,1,2.2857142857142856,3.1997023671109224,0.0,8.0,2.7857142857142856,2.607142857142857,3.1191082024892918,0.0,12.0,0.8767123287671232,1,655.48,146.84000000000003,0.22401903948251667,False,True,False,False,False,False,False,False,False,False,False,False,False,False,False,False,False,False,False,False,False,False,False,False,False,True,False,False,False,False,False,False,False,True,False,False
India,Smartwatch,2025-11-23,Electronics,5.0,251.755,0.25,20.0,2.0,1.0,0.0,6,23,47,11,4,327,1,-0.7818314824680299,0.6234898018587334,-0.5000000000000004,0.8660254037844384,3.0,1,0.0,1,2.0,1,3.0,1,2.0,3.000000000000001,0.0,8.0,3.0,2.642857142857143,3.1176235692553904,0.0,12.0,0.7567567567567568,1,802.32,-550.565,-0.6862162229534351,False,True,False,False,False,False,False,False,False,False,False,False,False,False,False,False,False,False,False,False,False,False,False,False,False,True,False,False,False,False,False,False,False,True,False,False
India,Smartwatch,2025-11-24,Electronics,0.0,251.755,,20.0,2.0,0.0,0.0,0,24,48,11,4,328,0,0.0,1.0,-0.5000000000000004,0.8660254037844384,5.0,1,8.0,1,3.0,1,2.0,1,2.7142857142857144,3.0394235042348465,0.0,8.0,3.2142857142857144,2.7142857142857144,3.1488639086730816,0.0,12.0,1.0,0,251.755,0.0,0.0,False,True,False,False,False,False,False,False,False,False,False,False,False,False,False,False,False,False,False,False,False,False,False,False,False,True,False,False,False,False,False,False,False,True,False,False
India,Smartwatch,2025-11-25,Electronics,0.0,251.755,,20.0,2.0,0.0,0.0,1,25,48,11,4,329,0,0.7818314824680298,0.6234898018587336,-0.5000000000000004,0.8660254037844384,0.0,1,0.0,1,12.0,1,0.0,1,1.5714285714285714,2.0701966780270653,0.0,5.0,3.0,2.642857142857143,3.1881062033786085,0.0,12.0,0.5945945945945946,0,251.755,0.0,0.0,False,True,False,False,False,False,False,False,False,False,False,False,False,False,False,False,False,False,False,False,False,False,False,False,False,True,False,False,False,False,False,False,False,True,False,False
