store_id,product_id,date,category,sales,price,Discount_Applied,safety_stock,lead_time_days,promotion,is_outlier,day_of_week,day_of_month,week_of_year,month,quarter,day_of_year,is_weekend,sin_day_of_week,cos_day_of_week,sin_month,cos_month,lag_1,has_lag_1,lag_7,has_lag_7,lag_14,has_lag_14,lag_28,has_lag_28,rolling_mean_7,rolling_std_7,rolling_min_7,rolling_max_7,rolling_mean_14,rolling_mean_28,rolling_std_28,rolling_min_28,rolling_max_28,trend_ratio,is_promotion,previous_price,price_change,price_change_pct,store_id_Germany,store_id_India,store_id_Pakistan,store_id_UAE,store_id_UK,store_id_USA,product_id_4K Smart TV,product_id_Air Fryer,product_id_Blender,product_id_Coffee Maker,product_id_Cotton T-Shirt,product_id_Cycling Helmet,product_id_Denim Jeans,product_id_Dumbbell Set,product_id_Face Wash,product_id_Football,product_id_Formal Shirt,product_id_Gaming Laptop,product_id_Hair Serum,product_id_Lipstick Set,product_id_Microwave Oven,product_id_Moisturizing Cream,product_id_Perfume,product_id_Running Shoes,product_id_Smartphone 128GB,product_id_Smartwatch,product_id_Tennis Racket,product_id_Vacuum Cleaner,product_id_Winter Jacket,product_id_Wireless Noise-Canceling Headphones,product_id_Yoga Mat,category_Apparel,category_Beauty,category_Electronics,category_Home & Kitchen,category_Sports
Pakistan,Denim Jeans,2025-05-23,Apparel,1.0,64.5,0.03,20.0,2.0,1.0,0.0,4,23,21,5,2,143,0,-0.433883739117558,-0.9009688679024191,0.49999999999999994,-0.8660254037844387,3.0,1,0.0,1,0.0,1,0.0,1,0.42857142857142855,1.133893419027687,0.0,3.0,0.35714285714285715,0.35714285714285715,0.9114207758701954,0.0,3.0,1.2,1,79.33,-14.829999999999998,-0.18694062775746878,False,False,True,False,False,False,False,False,False,False,False,False,True,False,False,False,False,False,False,False,False,False,False,False,False,False,False,False,False,False,False,True,False,False,False,False
Pakistan,Denim Jeans,2025-05-24,Apparel,0.0,64.5,,20.0,2.0,0.0,0.0,5,24,21,5,2,144,1,-0.9749279121818236,-0.2225209339563146,0.49999999999999994,-0.8660254037844387,1.0,1,0.0,1,0.0,1,0.0,1,0.5714285714285714,1.1338934190276873,0.0,3.0,0.42857142857142855,0.39285714285714285,0.9164862737363219,0.0,3.0,1.4545454545454546,0,64.5,0.0,0.0,False,False,True,False,False,False,False,False,False,False,False,False,True,False,False,False,False,False,False,False,False,False,False,False,False,False,False,False,False,False,False,True,False,False,False,False
Pakistan,Denim Jeans,2025-05-25,Apparel,0.0,64.5,,20.0,2.0,0.0,0.0,6,25,21,5,2,145,1,-0.7818314824680299,0.6234898018587334,0.49999999999999994,-0.8660254037844387,0.0,1,0.0,1,0.0,1,0.0,1,0.5714285714285714,1.1338934190276873,0.0,3.0,0.42857142857142855,0.39285714285714285,0.9164862737363219,0.0,3.0,1.4545454545454546,0,64.5,0.0,0.0,False,False,True,False,False,False,False,False,False,False,False,False,True,False,False,False,False,False,False,False,False,False,False,False,False,False,False,False,False,False,False,True,False,False,False,False
Pakistan,Denim Jeans,2025-05-26,Apparel,0.0,64.5,,20.0,2.0,0.0,0.0,0,26,22,5,2,146,0,0.0,1.0,0.49999999999999994,-0.8660254037844387,0.0,1,0.0,1,0.0,1,0.0,1,0.5714285714285714,1.1338934190276873,0.0,3.0,0.42857142857142855,0.39285714285714285,0.9164862737363219,0.0,3.0,1.4545454545454546,0,64.5,0.0,0.0,False,False,True,False,False,False,False,False,False,False,False,False,True,False,False,False,False,False,False,False,False,False,False,False,False,False,False,False,False,False,False,True,False,False,False,False
Pakistan,Denim Jeans,2025-05-27,Apparel,0.0,64.5,,20.0,2.0,0.0,0.0,1,27,22,5,2,147,0,0.7818314824680298,0.6234898018587336,0.49999999999999994,-0.8660254037844387,0.0,1,0.0,1,2.0,1,0.0,1,0.5714285714285714,1.1338934190276873,0.0,3.0,0.42857142857142855,0.39285714285714285,0.9164862737363219,0.0,3.0,1.4545454545454546,0,64.5,0.0,0.0,False,False,True,False,False,False,False,False,False,False,False,False,True,False,False,False,False,False,False,False,False,False,False,False,False,False,False,False,False,False,False,True,False,False,False,False
Pakistan,Denim Jeans,2025-05-28,Apparel,3.0,74.21,0.02,20.0,2.0,1.0,0.0,2,28,22,5,2,148,0,0.9749279121818236,-0.22252093395631434,0.49999999999999994,-0.8660254037844387,0.0,1,0.0,1,0.0,1,3.0,1,0.5714285714285714,1.1338934190276873,0.0,3.0,0.2857142857142857,0.39285714285714285,0.9164862737363219,0.0,3.0,1.4545454545454546,1,64.5,9.709999999999994,0.15054263565891463,False,False,True,False,False,False,False,False,False,False,False,False,True,False,False,False,False,False,False,False,False,False,False,False,False,False,False,False,False,False,False,True,False,False,False,False
Pakistan,Denim Jeans,2025-05-29,Apparel,0.0,74.21,,20.0,2.0,0.0,0.0,3,29,22,5,2,149,0,0.43388373911755823,-0.900968867902419,0.49999999999999994,-0.8660254037844387,3.0,1,3.0,1,0.0,1,0.0,1,1.0,1.4142135623730996,0.0,3.0,0.5,0.39285714285714285,0.9164862737363219,0.0,3.0,2.5454545454545454,0,74.21,0.0,0.0,False,False,True,False,False,False,False,False,False,False,False,False,True,False,False,False,False,False,False,False,False,False,False,False,False,False,False,False,False,False,False,True,False,False,False,False
Pakistan,Denim Jeans,2025-05-30,Apparel,0.0,74.21,,20.0,2.0,0.0,0.0,4,30,22,5,2,150,0,-0.433883739117558,-0.9009688679024191,0.49999999999999994,-0.8660254037844387,0.0,1,1.0,1,0.0,1,0.0,1,0.5714285714285714,1.1338934190276873,0.0,3.0,0.5,0.39285714285714285,0.9164862737363219,0.0,3.0,1.4545454545454546,0,74.21,0.0,0.0,False,False,True,False,False,False,False,False,False,False,False,False,True,False,False,False,False,False,False,False,False,False,False,False,False,False,False,False,False,False,False,True,False,False,False,False
Pakistan,Denim Jeans,2025-05-31,Apparel,0.0,74.21,,20.0,2.0,0.0,0.0,5,31,22,5,2,151,1,-0.9749279121818236,-0.2225209339563146,0.49999999999999994,-0.8660254037844387,0.0,1,0.0,1,0.0,1,0.0,1,0.42857142857142855,1.1338934190276873,0.0,3.0,0.5,0.39285714285714285,0.9164862737363219,0.0,3.0,1.0909090909090908,0,74.21,0.0,0.0,False,False,True,False,False,False,False,False,False,False,False,False,True,False,False,False,False,False,False,False,False,False,False,False,False,False,False,False,False,False,False,True,False,False,False,False
Pakistan,Denim Jeans,2025-06-01,Apparel,3.0,63.16,0.11,20.0,2.0,1.0,0.0,6,1,22,6,2,152,1,-0.7818314824680299,0.6234898018587334,1.2246467991473532e-16,-1.0,0.0,1,0.0,1,0.0,1,0.0,1,0.42857142857142855,1.1338934190276873,0.0,3.0,0.5,0.39285714285714285,0.9164862737363219,0.0,3.0,1.0909090909090908,1,74.21,-11.049999999999997,-0.1489017652607465,False,False,True,False,False,False,False,False,False,False,False,False,True,False,False,False,False,False,False,False,False,False,False,False,False,False,False,False,False,False,False,True,False,False,False,False
Pakistan,Denim Jeans,2025-06-02,Apparel,0.0,63.16,,20.0,2.0,0.0,0.0,0,2,23,6,2,153,0,0.0,1.0,1.2246467991473532e-16,-1.0,3.0,1,0.0,1,0.0,1,0.0,1,0.8571428571428571,1.4638501094228042,0.0,3.0,0.7142857142857143,0.5,1.0363754503432008,0.0,3.0,1.7142857142857142,0,63.16,0.0,0.0,False,False,True,False,False,False,False,False,False,False,False,False,True,False,False,False,False,False,False,False,False,False,False,False,False,False,False,False,False,False,False,True,False,False,False,False
Pakistan,Denim Jeans,2025-06-03,Apparel,2.0,121.69,0.13,20.0,2.0,1.0,0.0,1,3,23,6,2,154,0,0.7818314824680298,0.6234898018587336,1.2246467991473532e-16,-1.0,0.0,1,0.0,1,0.0,1,0.0,1,0.8571428571428571,1.4638501094228042,0.0,3.0,0.7142857142857143,0.5,1.0363754503432008,0.0,3.0,1.7142857142857142,1,63.16,58.53,0.9266941101963269,False,False,True,False,False,False,False,False,False,False,False,False,True,False,False,False,False,False,False,False,False,False,False,False,False,False,False,False,False,False,False,True,False,False,False,False
Pakistan,Denim Jeans,2025-06-04,Apparel,3.0,112.95,0.15,20.0,2.0,1.0,0.0,2,4,23,6,2,155,0,0.9749279121818236,-0.22252093395631434,1.2246467991473532e-16,-1.0,2.0,1,3.0,1,0.0,1,2.0,1,1.1428571428571428,1.4638501094228042,0.0,3.0,0.8571428571428571,0.5714285714285714,1.0690449676496967,0.0,3.0,2.0,1,121.69,-8.739999999999995,-0.07182184238639161,False,False,True,False,False,False,False,False,False,False,False,False,True,False,False,False,False,False,False,False,False,False,False,False,False,False,False,False,False,False,False,True,False,False,False,False
Pakistan,Denim Jeans,2025-06-05,Apparel,0.0,112.95,,20.0,2.0,0.0,0.0,3,5,23,6,2,156,0,0.43388373911755823,-0.900968867902419,1.2246467991473532e-16,-1.0,3.0,1,0.0,1,3.0,1,0.0,1,1.1428571428571428,1.4638501094228042,0.0,3.0,1.0714285714285714,0.6071428571428571,1.1333099904225377,0.0,3.0,1.8823529411764706,0,112.95,0.0,0.0,False,False,True,False,False,False,False,False,False,False,False,False,True,False,False,False,False,False,False,False,False,False,False,False,False,False,False,False,False,False,False,True,False,False,False,False
Pakistan,Denim Jeans,2025-06-06,Apparel,2.0,116.78999999999999,0.1,20.0,2.0,1.0,0.0,4,6,23,6,2,157,0,-0.433883739117558,-0.9009688679024191,1.2246467991473532e-16,-1.0,0.0,1,0.0,1,1.0,1,0.0,1,1.1428571428571428,1.4638501094228042,0.0,3.0,0.8571428571428571,0.6071428571428571,1.1333099904225377,0.0,3.0,1.8823529411764706,1,112.95,3.839999999999989,0.03399734395750322,False,False,True,False,False,False,False,False,False,False,False,False,True,False,False,False,False,False,False,False,False,False,False,False,False,False,False,False,False,False,False,True,False,False,False,False
Pakistan,Denim Jeans,2025-06-07,Apparel,3.0,37.88,0.07,20.0,2.0,1.0,0.0,5,7,23,6,2,158,1,-0.9749279121818236,-0.2225209339563146,1.2246467991473532e-16,-1.0,2.0,1,0.0,1,0.0,1,0.0,1,1.4285714285714286,1.3972762620115486,0.0,3.0,0.9285714285714286,0.6785714285714286,1.1564175661505605,0.0,3.0,2.1052631578947367,1,116.78999999999999,-78.91,-0.6756571624282901,False,False,True,False,False,False,False,False,False,False,False,False,True,False,False,False,False,False,False,False,False,False,False,False,False,False,False,False,False,False,False,True,False,False,False,False
Pakistan,Denim Jeans,2025-06-08,Apparel,0.0,37.88,,20.0,2.0,0.0,0.0,6,8,23,6,2,159,1,-0.7818314824680299,0.6234898018587334,1.2246467991473532e-16,-1.0,3.0,1,3.0,1,0.0,1,0.0,1,1.8571428571428572,1.3451854182691039,0.0,3.0,1.1428571428571428,0.7857142857142857,1.2279806626883447,0.0,3.0,2.3636363636363638,0,37.88,0.0,0.0,False,False,True,False,False,False,False,False,False,False,False,False,True,False,False,False,False,False,False,False,False,False,False,False,False,False,False,False,False,False,False,True,False,False,False,False
Pakistan,Denim Jeans,2025-06-09,Apparel,0.0,37.88,,20.0,2.0,0.0,0.0,0,9,24,6,2,160,0,0.0,1.0,1.2246467991473532e-16,-1.0,0.0,1,0.0,1,0.0,1,0.0,1,1.4285714285714286,1.3972762620115486,0.0,3.0,1.1428571428571428,0.7857142857142857,1.2279806626883447,0.0,3.0,1.8181818181818183,0,37.88,0.0,0.0,False,False,True,False,False,False,False,False,False,False,False,False,True,False,False,False,False,False,False,False,False,False,False,False,False,False,False,False,False,False,False,True,False,False,False,False
Pakistan,Denim Jeans,2025-06-10,Apparel,0.0,37.88,,20.0,2.0,0.0,0.0,1,10,24,6,2,161,0,0.7818314824680298,0.6234898018587336,1.2246467991473532e-16,-1.0,0.0,1,2.0,1,0.0,1,2.0,1,1.4285714285714286,1.3972762620115486,0.0,3.0,1.1428571428571428,0.7857142857142857,1.2279806626883447,0.0,3.0,1.8181818181818183,0,37.88,0.0,0.0,False,False,True,False,False,False,False,False,False,False,False,False,True,False,False,False,False,False,False,False,False,False,False,False,False,False,False,False,False,False,False,True,False,False,False,False
Pakistan,Denim Jeans,2025-06-11,Apparel,0.0,37.88,,20.0,2.0,0.0,0.0,2,11,24,6,2,162,0,0.9749279121818236,-0.22252093395631434,1.2246467991473532e-16,-1.0,0.0,1,3.0,1,3.0,1,0.0,1,1.1428571428571428,1.4638501094228042,0.0,3.0,1.1428571428571428,0.7142857142857143,1.212806444120194,0.0,3.0,1.5999999999999999,0,37.88,0.0,0.0,False,False,True,False,False,False,False,False,False,False,False,False,True,False,False,False,False,False,False,False,False,False,False,False,False,False,False,False,False,False,False,True,False,False,False,False
Pakistan,Denim Jeans,2025-06-12,Apparel,3.0,84.37,0.01,20.0,2.0,1.0,0.0,3,12,24,6,2,163,0,0.43388373911755823,-0.900968867902419,1.2246467991473532e-16,-1.0,0.0,1,0.0,1,0.0,1,0.0,1,0.7142857142857143,1.2535663410560227,0.0,3.0,0.9285714285714286,0.7142857142857143,1.212806444120194,0.0,3.0,1.0,1,37.88,46.49,1.2272967265047519,False,False,True,False,False,False,False,False,False,False,False,False,True,False,False,False,False,False,False,False,False,False,False,False,False,False,False,False,False,False,False,True,False,False,False,False
Pakistan,Denim Jeans,2025-06-13,Apparel,0.0,84.37,,20.0,2.0,0.0,0.0,4,13,24,6,2,164,0,-0.433883739117558,-0.9009688679024191,1.2246467991473532e-16,-1.0,3.0,1,2.0,1,0.0,1,0.0,1,1.1428571428571428,1.4638501094228042,0.0,3.0,1.1428571428571428,0.8214285714285714,1.2781227967601085,0.0,3.0,1.391304347826087,0,84.37,0.0,0.0,False,False,True,False,False,False,False,False,False,False,False,False,True,False,False,False,False,False,False,False,False,False,False,False,False,False,False,False,False,False,False,True,False,False,False,False
Pakistan,Denim Jeans,2025-06-14,Apparel,0.0,84.37,,20.0,2.0,0.0,0.0,5,14,24,6,2,165,1,-0.9749279121818236,-0.2225209339563146,1.2246467991473532e-16,-1.0,0.0,1,3.0,1,0.0,1,0.0,1,0.8571428571428571,1.4638501094228042,0.0,3.0,1.1428571428571428,0.8214285714285714,1.2781227967601085,0.0,3.0,1.0434782608695652,0,84.37,0.0,0.0,False,False,True,False,False,False,False,False,False,False,False,False,True,False,False,False,False,False,False,False,False,False,False,False,False,False,False,False,False,False,False,True,False,False,False,False
Pakistan,Denim Jeans,2025-06-15,Apparel,0.0,84.37,,20.0,2.0,0.0,0.0,6,15,24,6,2,166,1,-0.7818314824680299,0.6234898018587334,1.2246467991473532e-16,-1.0,0.0,1,0.0,1,3.0,1,0.0,1,0.42857142857142855,1.1338934190276873,0.0,3.0,1.1428571428571428,0.8214285714285714,1.2781227967601085,0.0,3.0,0.5217391304347826,0,84.37,0.0,0.0,False,False,True,False,False,False,False,False,False,False,False,False,True,False,False,False,False,False,False,False,False,False,False,False,False,False,False,False,False,False,False,True,False,False,False,False
Pakistan,Denim Jeans,2025-06-16,Apparel,0.0,84.37,,20.0,2.0,0.0,0.0,0,16,25,6,2,167,0,0.0,1.0,1.2246467991473532e-16,-1.0,0.0,1,0.0,1,0.0,1,0.0,1,0.42857142857142855,1.1338934190276873,0.0,3.0,0.9285714285714286,0.8214285714285714,1.2781227967601085,0.0,3.0,0.5217391304347826,0,84.37,0.0,0.0,False,False,True,False,False,False,False,False,False,False,False,False,True,False,False,False,False,False,False,False,False,False,False,False,False,False,False,False,False,False,False,True,False,False,False,False
Pakistan,Denim Jeans,2025-06-17,Apparel,0.0,84.37,,20.0,2.0,0.0,0.0,1,17,25,6,2,168,0,0.7818314824680298,0.6234898018587336,1.2246467991473532e-16,-1.0,0.0,1,0.0,1,2.0,1,0.0,1,0.42857142857142855,1.1338934190276873,0.0,3.0,0.9285714285714286,0.8214285714285714,1.2781227967601085,0.0,3.0,0.5217391304347826,0,84.37,0.0,0.0,False,False,True,False,False,False,False,False,False,False,False,False,True,False,False,False,False,False,False,False,False,False,False,False,False,False,False,False,False,False,False,True,False,False,False,False
Pakistan,Denim Jeans,2025-06-18,Apparel,0.0,84.37,,20.0,2.0,0.0,0.0,2,18,25,6,2,169,0,0.9749279121818236,-0.22252093395631434,1.2246467991473532e-16,-1.0,0.0,1,0.0,1,3.0,1,0.0,1,0.42857142857142855,1.1338934190276873,0.0,3.0,0.7857142857142857,0.8214285714285714,1.2781227967601085,0.0,3.0,0.5217391304347826,0,84.37,0.0,0.0,False,False,True,False,False,False,False,False,False,False,False,False,True,False,False,False,False,False,False,False,False,False,False,False,False,False,False,False,False,False,False,True,False,False,False,False
Pakistan,Denim Jeans,2025-06-19,Apparel,3.0,100.19,0.05,20.0,2.0,1.0,0.0,3,19,25,6,2,170,0,0.43388373911755823,-0.900968867902419,1.2246467991473532e-16,-1.0,0.0,1,3.0,1,0.0,1,3.0,1,0.42857142857142855,1.1338934190276873,0.0,3.0,0.5714285714285714,0.8214285714285714,1.2781227967601085,0.0,3.0,0.5217391304347826,1,84.37,15.819999999999993,0.1875074078463908,False,False,True,False,False,False,False,False,False,False,False,False,True,False,False,False,False,False,False,False,False,False,False,False,False,False,False,False,False,False,False,True,False,False,False,False
Pakistan,Denim Jeans,2025-06-20,Apparel,0.0,100.19,,20.0,2.0,0.0,0.0,4,20,25,6,2,171,0,-0.433883739117558,-0.9009688679024191,1.2246467991473532e-16,-1.0,3.0,1,0.0,1,2.0,1,1.0,1,0.42857142857142855,1.1338934190276873,0.0,3.0,0.7857142857142857,0.8214285714285714,1.2781227967601085,0.0,3.0,0.5217391304347826,0,100.19,0.0,0.0,False,False,True,False,False,False,False,False,False,False,False,False,True,False,False,False,False,False,False,False,False,False,False,False,False,False,False,False,False,False,False,True,False,False,False,False
Pakistan,Denim Jeans,2025-06-21,Apparel,0.0,100.19,,20.0,2.0,0.0,0.0,5,21,25,6,2,172,1,-0.9749279121818236,-0.2225209339563146,1.2246467991473532e-16,-1.0,0.0,1,0.0,1,3.0,1,0.0,1,0.42857142857142855,1.1338934190276873,0.0,3.0,0.6428571428571429,0.7857142857142857,1.2868895275370975,0.0,3.0,0.5454545454545454,0,100.19,0.0,0.0,False,False,True,False,False,False,False,False,False,False,False,False,True,False,False,False,False,False,False,False,False,False,False,False,False,False,False,False,False,False,False,True,False,False,False,False
Pakistan,Denim Jeans,2025-06-22,Apparel,2.0,106.88,0.03,20.0,2.0,1.0,0.0,6,22,25,6,2,173,1,-0.7818314824680299,0.6234898018587334,1.2246467991473532e-16,-1.0,0.0,1,0.0,1,0.0,1,0.0,1,0.42857142857142855,1.1338934190276873,0.0,3.0,0.42857142857142855,0.7857142857142857,1.2868895275370975,0.0,3.0,0.5454545454545454,1,100.19,6.689999999999998,0.06677313105100308,False,False,True,False,False,False,False,False,False,False,False,False,True,False,False,False,False,False,False,False,False,False,False,False,False,False,False,False,False,False,False,True,False,False,False,False
Pakistan,Denim Jeans,2025-06-23,Apparel,0.0,106.88,,20.0,2.0,0.0,0.0,0,23,26,6,2,174,0,0.0,1.0,1.2246467991473532e-16,-1.0,2.0,1,0.0,1,0.0,1,0.0,1,0.7142857142857143,1.2535663410560227,0.0,3.0,0.5714285714285714,0.8571428571428571,1.2971274735120217,0.0,3.0,0.8333333333333334,0,106.88,0.0,0.0,False,False,True,False,False,False,False,False,False,False,False,False,True,False,False,False,False,False,False,False,False,False,False,False,False,False,False,False,False,False,False,True,False,False,False,False
Pakistan,Denim Jeans,2025-06-24,Apparel,3.0,100.0,0.02,20.0,2.0,1.0,0.0,1,24,26,6,2,175,0,0.7818314824680298,0.6234898018587336,1.2246467991473532e-16,-1.0,0.0,1,0.0,1,0.0,1,0.0,1,0.7142857142857143,1.2535663410560227,0.0,3.0,0.5714285714285714,0.8571428571428571,1.2971274735120217,0.0,3.0,0.8333333333333334,1,106.88,-6.8799999999999955,-0.0643712574850299,False,False,True,False,False,False,False,False,False,False,False,False,True,False,False,False,False,False,False,False,False,False,False,False,False,False,False,False,False,False,False,True,False,False,False,False
Pakistan,Denim Jeans,2025-06-25,Apparel,0.0,100.0,,20.0,2.0,0.0,0.0,2,25,26,6,2,176,0,0.9749279121818236,-0.22252093395631434,1.2246467991473532e-16,-1.0,3.0,1,0.0,1,0.0,1,3.0,1,1.1428571428571428,1.4638501094228045,0.0,3.0,0.7857142857142857,0.9642857142857143,1.346659594512311,0.0,3.0,1.1851851851851851,0,100.0,0.0,0.0,False,False,True,False,False,False,False,False,False,False,False,False,True,False,False,False,False,False,False,False,False,False,False,False,False,False,False,False,False,False,False,True,False,False,False,False
Pakistan,Denim Jeans,2025-06-26,Apparel,0.0,100.0,,20.0,2.0,0.0,0.0,3,26,26,6,2,177,0,0.43388373911755823,-0.900968867902419,1.2246467991473532e-16,-1.0,0.0,1,3.0,1,3.0,1,0.0,1,1.1428571428571428,1.4638501094228045,0.0,3.0,0.7857142857142857,0.8571428571428571,1.2971274735120217,0.0,3.0,1.3333333333333333,0,100.0,0.0,0.0,False,False,True,False,False,False,False,False,False,False,False,False,True,False,False,False,False,False,False,False,False,False,False,False,False,False,False,False,False,False,False,True,False,False,False,False
Pakistan,Denim Jeans,2025-06-27,Apparel,0.0,100.0,,20.0,2.0,0.0,0.0,4,27,26,6,2,178,0,-0.433883739117558,-0.9009688679024191,1.2246467991473532e-16,-1.0,0.0,1,0.0,1,0.0,1,0.0,1,0.7142857142857143,1.2535663410560227,0.0,3.0,0.5714285714285714,0.8571428571428571,1.2971274735120217,0.0,3.0,0.8333333333333334,0,100.0,0.0,0.0,False,False,True,False,False,False,False,False,False,False,False,False,True,False,False,False,False,False,False,False,False,False,False,False,False,False,False,False,False,False,False,True,False,False,False,False
Pakistan,Denim Jeans,2025-06-28,Apparel,0.0,100.0,,20.0,2.0,0.0,0.0,5,28,26,6,2,179,1,-0.9749279121818236,-0.2225209339563146,1.2246467991473532e-16,-1.0,0.0,1,0.0,1,0.0,1,0.0,1,0.7142857142857143,1.2535663410560227,0.0,3.0,0.5714285714285714,0.8571428571428571,1.2971274735120217,0.0,3.0,0.8333333333333334,0,100.0,0.0,0.0,False,False,True,False,False,False,False,False,False,False,False,False,True,False,False,False,False,False,False,False,False,False,False,False,False,False,False,False,False,False,False,True,False,False,False,False
Pakistan,Denim Jeans,2025-06-29,Apparel,0.0,100.0,,20.0,2.0,0.0,0.0,6,29,26,6,2,180,1,-0.7818314824680299,0.6234898018587334,1.2246467991473532e-16,-1.0,0.0,1,2.0,1,0.0,1,3.0,1,0.7142857142857143,1.2535663410560227,0.0,3.0,0.5714285714285714,0.8571428571428571,1.2971274735120217,0.0,3.0,0.8333333333333334,0,100.0,0.0,0.0,False,False,True,False,False,False,False,False,False,False,False,False,True,False,False,False,False,False,False,False,False,False,False,False,False,False,False,False,False,False,False,True,False,False,False,False
Pakistan,Denim Jeans,2025-06-30,Apparel,0.0,100.0,,20.0,2.0,0.0,0.0,0,30,27,6,2,181,0,0.0,1.0,1.2246467991473532e-16,-1.0,0.0,1,0.0,1,0.0,1,0.0,1,0.42857142857142855,1.1338934190276875,0.0,3.0,0.5714285714285714,0.75,1.2360330811826097,0.0,3.0,0.5714285714285714,0,100.0,0.0,0.0,False,False,True,False,False,False,False,False,False,False,False,False,True,False,False,False,False,False,False,False,False,False,False,False,False,False,False,False,False,False,False,True,False,False,False,False
Pakistan,Denim Jeans,2025-07-01,Apparel,3.0,91.74,0.09,20.0,2.0,1.0,0.0,1,1,27,7,3,182,0,0.7818314824680298,0.6234898018587336,-0.4999999999999997,-0.8660254037844388,0.0,1,3.0,1,0.0,1,2.0,1,0.42857142857142855,1.1338934190276875,0.0,3.0,0.5714285714285714,0.75,1.2360330811826097,0.0,3.0,0.5714285714285714,1,100.0,-8.260000000000005,-0.08260000000000005,False,False,True,False,False,False,False,False,False,False,False,False,True,False,False,False,False,False,False,False,False,False,False,False,False,False,False,False,False,False,False,True,False,False,False,False
Pakistan,Denim Jeans,2025-07-02,Apparel,0.0,91.74,,20.0,2.0,0.0,0.0,2,2,27,7,3,183,0,0.9749279121818236,-0.22252093395631434,-0.4999999999999997,-0.8660254037844388,3.0,1,0.0,1,0.0,1,3.0,1,0.42857142857142855,1.1338934190276875,0.0,3.0,0.7857142857142857,0.7857142857142857,1.2868895275370975,0.0,3.0,0.5454545454545454,0,91.74,0.0,0.0,False,False,True,False,False,False,False,False,False,False,False,False,True,False,False,False,False,False,False,False,False,False,False,False,False,False,False,False,False,False,False,True,False,False,False,False
Pakistan,Denim Jeans,2025-07-03,Apparel,3.0,85.6,0.07,20.0,2.0,1.0,0.0,3,3,27,7,3,184,0,0.43388373911755823,-0.900968867902419,-0.4999999999999997,-0.8660254037844388,0.0,1,0.0,1,3.0,1,0.0,1,0.42857142857142855,1.1338934190276875,0.0,3.0,0.7857142857142857,0.6785714285714286,1.2187902754164612,0.0,3.0,0.631578947368421,1,91.74,-6.140000000000001,-0.0669282755613691,False,False,True,False,False,False,False,False,False,False,False,False,True,False,False,False,False,False,False,False,False,False,False,False,False,False,False,False,False,False,False,True,False,False,False,False
Pakistan,Denim Jeans,2025-07-04,Apparel,0.0,85.6,,20.0,2.0,0.0,0.0,4,4,27,7,3,185,0,-0.433883739117558,-0.9009688679024191,-0.4999999999999997,-0.8660254037844388,3.0,1,0.0,1,0.0,1,2.0,1,0.8571428571428571,1.4638501094228045,0.0,3.0,0.7857142857142857,0.7857142857142857,1.2868895275370975,0.0,3.0,1.0909090909090908,0,85.6,0.0,0.0,False,False,True,False,False,False,False,False,False,False,False,False,True,False,False,False,False,False,False,False,False,False,False,False,False,False,False,False,False,False,False,True,False,False,False,False
Pakistan,Denim Jeans,2025-07-05,Apparel,0.0,85.6,,20.0,2.0,0.0,0.0,5,5,27,7,3,186,1,-0.9749279121818236,-0.2225209339563146,-0.4999999999999997,-0.8660254037844388,0.0,1,0.0,1,0.0,1,3.0,1,0.8571428571428571,1.4638501094228045,0.0,3.0,0.7857142857142857,0.7142857142857143,1.272418020560703,0.0,3.0,1.2,0,85.6,0.0,0.0,False,False,True,False,False,False,False,False,False,False,False,False,True,False,False,False,False,False,False,False,False,False,False,False,False,False,False,False,False,False,False,True,False,False,False,False
Pakistan,Denim Jeans,2025-07-06,Apparel,0.0,85.6,,20.0,2.0,0.0,0.0,6,6,27,7,3,187,1,-0.7818314824680299,0.6234898018587334,-0.4999999999999997,-0.8660254037844388,0.0,1,0.0,1,2.0,1,0.0,1,0.8571428571428571,1.4638501094228045,0.0,3.0,0.7857142857142857,0.6071428571428571,1.196887497862552,0.0,3.0,1.411764705882353,0,85.6,0.0,0.0,False,False,True,False,False,False,False,False,False,False,False,False,True,False,False,False,False,False,False,False,False,False,False,False,False,False,False,False,False,False,False,True,False,False,False,False
Pakistan,Denim Jeans,2025-07-07,Apparel,0.0,85.6,,20.0,2.0,0.0,0.0,0,7,28,7,3,188,0,0.0,1.0,-0.4999999999999997,-0.8660254037844388,0.0,1,0.0,1,0.0,1,0.0,1,0.8571428571428571,1.4638501094228045,0.0,3.0,0.6428571428571429,0.6071428571428571,1.196887497862552,0.0,3.0,1.411764705882353,0,85.6,0.0,0.0,False,False,True,False,False,False,False,False,False,False,False,False,True,False,False,False,False,False,False,False,False,False,False,False,False,False,False,False,False,False,False,True,False,False,False,False
Pakistan,Denim Jeans,2025-07-08,Apparel,0.0,85.6,,20.0,2.0,0.0,0.0,1,8,28,7,3,189,0,0.7818314824680298,0.6234898018587336,-0.4999999999999997,-0.8660254037844388,0.0,1,3.0,1,3.0,1,0.0,1,0.8571428571428571,1.4638501094228045,0.0,3.0,0.6428571428571429,0.6071428571428571,1.196887497862552,0.0,3.0,1.411764705882353,0,85.6,0.0,0.0,False,False,True,False,False,False,False,False,False,False,False,False,True,False,False,False,False,False,False,False,False,False,False,False,False,False,False,False,False,False,False,True,False,False,False,False
Pakistan,Denim Jeans,2025-07-09,Apparel,0.0,85.6,,20.0,2.0,0.0,0.0,2,9,28,7,3,190,0,0.9749279121818236,-0.22252093395631434,-0.4999999999999997,-0.8660254037844388,0.0,1,0.0,1,0.0,1,0.0,1,0.42857142857142855,1.1338934190276875,0.0,3.0,0.42857142857142855,0.6071428571428571,1.196887497862552,0.0,3.0,0.7058823529411765,0,85.6,0.0,0.0,False,False,True,False,False,False,False,False,False,False,False,False,True,False,False,False,False,False,False,False,False,False,False,False,False,False,False,False,False,False,False,True,False,False,False,False
Pakistan,Denim Jeans,2025-07-10,Apparel,0.0,85.6,,20.0,2.0,0.0,0.0,3,10,28,7,3,191,0,0.43388373911755823,-0.900968867902419,-0.4999999999999997,-0.8660254037844388,0.0,1,3.0,1,0.0,1,3.0,1,0.42857142857142855,1.1338934190276875,0.0,3.0,0.42857142857142855,0.6071428571428571,1.196887497862552,0.0,3.0,0.7058823529411765,0,85.6,0.0,0.0,False,False,True,False,False,False,False,False,False,False,False,False,True,False,False,False,False,False,False,False,False,False,False,False,False,False,False,False,False,False,False,True,False,False,False,False
Pakistan,Denim Jeans,2025-07-11,Apparel,0.0,85.6,,20.0,2.0,0.0,0.0,4,11,28,7,3,192,0,-0.433883739117558,-0.9009688679024191,-0.4999999999999997,-0.8660254037844388,0.0,1,0.0,1,0.0,1,0.0,1,0.0,0.0,0.0,0.0,0.42857142857142855,0.5,1.1055415967851325,0.0,3.0,0.0,0,85.6,0.0,0.0,False,False,True,False,False,False,False,False,False,False,False,False,True,False,False,False,False,False,False,False,False,False,False,False,False,False,False,False,False,False,False,True,False,False,False,False
Pakistan,Denim Jeans,2025-07-12,Apparel,2.0,15.09,0.14,20.0,2.0,1.0,0.0,5,12,28,7,3,193,1,-0.9749279121818236,-0.2225209339563146,-0.4999999999999997,-0.8660254037844388,0.0,1,0.0,1,0.0,1,0.0,1,0.0,0.0,0.0,0.0,0.42857142857142855,0.5,1.1055415967851325,0.0,3.0,0.0,1,85.6,-70.50999999999999,-0.823714953271028,False,False,True,False,False,False,False,False,False,False,False,False,True,False,False,False,False,False,False,False,False,False,False,False,False,False,False,False,False,False,False,True,False,False,False,False
Pakistan,Denim Jeans,2025-07-13,Apparel,2.0,147.83,0.08,20.0,2.0,1.0,0.0,6,13,28,7,3,194,1,-0.7818314824680299,0.6234898018587334,-0.4999999999999997,-0.8660254037844388,2.0,1,0.0,1,0.0,1,0.0,1,0.2857142857142857,0.755928946018463,0.0,2.0,0.5714285714285714,0.5714285714285714,1.1362241376617948,0.0,3.0,0.5,1,15.09,132.74,8.796554009277669,False,False,True,False,False,False,False,False,False,False,False,False,True,False,False,False,False,False,False,False,False,False,False,False,False,False,False,False,False,False,False,True,False,False,False,False
Pakistan,Denim Jeans,2025-07-14,Apparel,0.0,147.83,,20.0,2.0,0.0,0.0,0,14,29,7,3,195,0,0.0,1.0,-0.4999999999999997,-0.8660254037844388,2.0,1,0.0,1,0.0,1,0.0,1,0.5714285714285714,0.9759000729485401,0.0,2.0,0.7142857142857143,0.6428571428571429,1.1615534207286153,0.0,3.0,0.8888888888888887,0,147.83,0.0,0.0,False,False,True,False,False,False,False,False,False,False,False,False,True,False,False,False,False,False,False,False,False,False,False,False,False,False,False,False,False,False,False,True,False,False,False,False
Pakistan,Denim Jeans,2025-07-15,Apparel,0.0,147.83,,20.0,2.0,0.0,0.0,1,15,29,7,3,196,0,0.7818314824680298,0.6234898018587336,-0.4999999999999997,-0.8660254037844388,0.0,1,0.0,1,3.0,1,0.0,1,0.5714285714285714,0.9759000729485401,0.0,2.0,0.7142857142857143,0.6428571428571429,1.1615534207286153,0.0,3.0,0.8888888888888887,0,147.83,0.0,0.0,False,False,True,False,False,False,False,False,False,False,False,False,True,False,False,False,False,False,False,False,False,False,False,False,False,False,False,False,False,False,False,True,False,False,False,False
Pakistan,Denim Jeans,2025-07-16,Apparel,2.0,93.57,0.07,20.0,2.0,1.0,0.0,2,16,29,7,3,197,0,0.9749279121818236,-0.22252093395631434,-0.4999999999999997,-0.8660254037844388,0.0,1,0.0,1,0.0,1,0.0,1,0.5714285714285714,0.9759000729485401,0.0,2.0,0.5,0.6428571428571429,1.1615534207286153,0.0,3.0,0.8888888888888887,1,147.83,-54.26000000000002,-0.3670432253263885,False,False,True,False,False,False,False,False,False,False,False,False,True,False,False,False,False,False,False,False,False,False,False,False,False,False,False,False,False,False,False,True,False,False,False,False
Pakistan,Denim Jeans,2025-07-17,Apparel,0.0,93.57,,20.0,2.0,0.0,0.0,3,17,29,7,3,198,0,0.43388373911755823,-0.900968867902419,-0.4999999999999997,-0.8660254037844388,2.0,1,0.0,1,3.0,1,3.0,1,0.8571428571428571,1.069044967649704,0.0,2.0,0.6428571428571429,0.7142857142857143,1.181873680570557,0.0,3.0,1.2,0,93.57,0.0,0.0,False,False,True,False,False,False,False,False,False,False,False,False,True,False,False,False,False,False,False,False,False,False,False,False,False,False,False,False,False,False,False,True,False,False,False,False
Pakistan,Denim Jeans,2025-07-18,Apparel,1.0,106.4,0.14,20.0,2.0,1.0,0.0,4,18,29,7,3,199,0,-0.433883739117558,-0.9009688679024191,-0.4999999999999997,-0.8660254037844388,0.0,1,0.0,1,0.0,1,0.0,1,0.8571428571428571,1.069044967649704,0.0,2.0,0.42857142857142855,0.6071428571428571,1.1001442906807537,0.0,3.0,1.411764705882353,1,93.57,12.830000000000013,0.1371165971999574,False,False,True,False,False,False,False,False,False,False,False,False,True,False,False,False,False,False,False,False,False,False,False,False,False,False,False,False,False,False,False,True,False,False,False,False
Pakistan,Denim Jeans,2025-07-19,Apparel,0.0,106.4,,20.0,2.0,0.0,0.0,5,19,29,7,3,200,1,-0.9749279121818236,-0.2225209339563146,-0.4999999999999997,-0.8660254037844388,1.0,1,2.0,1,0.0,1,0.0,1,1.0,1.0000000000000069,0.0,2.0,0.5,0.6428571428571429,1.0959280090672925,0.0,3.0,1.5555555555555554,0,106.4,0.0,0.0,False,False,True,False,False,False,False,False,False,False,False,False,True,False,False,False,False,False,False,False,False,False,False,False,False,False,False,False,False,False,False,True,False,False,False,False
Pakistan,Denim Jeans,2025-07-20,Apparel,0.0,106.4,,20.0,2.0,0.0,0.0,6,20,29,7,3,201,1,-0.7818314824680299,0.6234898018587334,-0.4999999999999997,-0.8660254037844388,0.0,1,2.0,1,0.0,1,2.0,1,0.7142857142857143,0.9511897312113491,0.0,2.0,0.5,0.6428571428571429,1.0959280090672925,0.0,3.0,1.1111111111111112,0,106.4,0.0,0.0,False,False,True,False,False,False,False,False,False,False,False,False,True,False,False,False,False,False,False,False,False,False,False,False,False,False,False,False,False,False,False,True,False,False,False,False
Pakistan,Denim Jeans,2025-07-21,Apparel,0.0,106.4,,20.0,2.0,0.0,0.0,0,21,30,7,3,202,0,0.0,1.0,-0.4999999999999997,-0.8660254037844388,0.0,1,0.0,1,0.0,1,0.0,1,0.42857142857142855,0.7867957924694517,0.0,2.0,0.5,0.5714285714285714,1.0690449676496967,0.0,3.0,0.75,0,106.4,0.0,0.0,False,False,True,False,False,False,False,False,False,False,False,False,True,False,False,False,False,False,False,False,False,False,False,False,False,False,False,False,False,False,False,True,False,False,False,False
Pakistan,Denim Jeans,2025-07-22,Apparel,0.0,106.4,,20.0,2.0,0.0,0.0,1,22,30,7,3,203,0,0.7818314824680298,0.6234898018587336,-0.4999999999999997,-0.8660254037844388,0.0,1,0.0,1,0.0,1,3.0,1,0.42857142857142855,0.7867957924694517,0.0,2.0,0.5,0.5714285714285714,1.0690449676496967,0.0,3.0,0.75,0,106.4,0.0,0.0,False,False,True,False,False,False,False,False,False,False,False,False,True,False,False,False,False,False,False,False,False,False,False,False,False,False,False,False,False,False,False,True,False,False,False,False
Pakistan,Denim Jeans,2025-07-23,Apparel,3.0,60.6,0.14,20.0,2.0,1.0,0.0,2,23,30,7,3,204,0,0.9749279121818236,-0.22252093395631434,-0.4999999999999997,-0.8660254037844388,0.0,1,2.0,1,0.0,1,0.0,1,0.42857142857142855,0.7867957924694517,0.0,2.0,0.5,0.4642857142857143,0.9615628812527929,0.0,3.0,0.923076923076923,1,106.4,-45.800000000000004,-0.43045112781954886,False,False,True,False,False,False,False,False,False,False,False,False,True,False,False,False,False,False,False,False,False,False,False,False,False,False,False,False,False,False,False,True,False,False,False,False
Pakistan,Denim Jeans,2025-07-24,Apparel,0.0,60.6,,20.0,2.0,0.0,0.0,3,24,30,7,3,205,0,0.43388373911755823,-0.900968867902419,-0.4999999999999997,-0.8660254037844388,3.0,1,0.0,1,0.0,1,0.0,1,0.5714285714285714,1.1338934190276877,0.0,3.0,0.7142857142857143,0.5714285714285714,1.0690449676496967,0.0,3.0,1.0,0,60.6,0.0,0.0,False,False,True,False,False,False,False,False,False,False,False,False,True,False,False,False,False,False,False,False,False,False,False,False,False,False,False,False,False,False,False,True,False,False,False,False
Pakistan,Denim Jeans,2025-07-25,Apparel,2.0,111.86,0.04,20.0,2.0,1.0,0.0,4,25,30,7,3,206,0,-0.433883739117558,-0.9009688679024191,-0.4999999999999997,-0.8660254037844388,0.0,1,1.0,1,0.0,1,0.0,1,0.5714285714285714,1.1338934190276877,0.0,3.0,0.7142857142857143,0.5714285714285714,1.0690449676496967,0.0,3.0,1.0,1,60.6,51.26,0.8458745874587458,False,False,True,False,False,False,False,False,False,False,False,False,True,False,False,False,False,False,False,False,False,False,False,False,False,False,False,False,False,False,False,True,False,False,False,False
Pakistan,Denim Jeans,2025-07-26,Apparel,1.0,53.19,0.06,20.0,2.0,1.0,0.0,5,26,30,7,3,207,1,-0.9749279121818236,-0.2225209339563146,-0.4999999999999997,-0.8660254037844388,2.0,1,0.0,1,2.0,1,0.0,1,0.7142857142857143,1.253566341056023,0.0,3.0,0.8571428571428571,0.6428571428571429,1.0959280090672925,0.0,3.0,1.1111111111111112,1,111.86,-58.67,-0.5244949043447166,False,False,True,False,False,False,False,False,False,False,False,False,True,False,False,False,False,False,False,False,False,False,False,False,False,False,False,False,False,False,False,True,False,False,False,False
Pakistan,Denim Jeans,2025-07-27,Apparel,0.0,53.19,,20.0,2.0,0.0,0.0,6,27,30,7,3,208,1,-0.7818314824680299,0.6234898018587334,-0.4999999999999997,-0.8660254037844388,1.0,1,0.0,1,2.0,1,0.0,1,0.8571428571428571,1.2149857925879175,0.0,3.0,0.7857142857142857,0.6785714285714286,1.09048312190214,0.0,3.0,1.263157894736842,0,53.19,0.0,0.0,False,False,True,False,False,False,False,False,False,False,False,False,True,False,False,False,False,False,False,False,False,False,False,False,False,False,False,False,False,False,False,True,False,False,False,False
Pakistan,Denim Jeans,2025-07-28,Apparel,0.0,53.19,,20.0,2.0,0.0,0.0,0,28,31,7,3,209,0,0.0,1.0,-0.4999999999999997,-0.8660254037844388,0.0,1,0.0,1,0.0,1,0.0,1,0.8571428571428571,1.2149857925879175,0.0,3.0,0.6428571428571429,0.6785714285714286,1.09048312190214,0.0,3.0,1.263157894736842,0,53.19,0.0,0.0,False,False,True,False,False,False,False,False,False,False,False,False,True,False,False,False,False,False,False,False,False,False,False,False,False,False,False,False,False,False,False,True,False,False,False,False
Pakistan,Denim Jeans,2025-07-29,Apparel,0.0,53.19,,20.0,2.0,0.0,0.0,1,29,31,7,3,210,0,0.7818314824680298,0.6234898018587336,-0.4999999999999997,-0.8660254037844388,0.0,1,0.0,1,0.0,1,3.0,1,0.8571428571428571,1.2149857925879175,0.0,3.0,0.6428571428571429,0.6785714285714286,1.09048312190214,0.0,3.0,1.263157894736842,0,53.19,0.0,0.0,False,False,True,False,False,False,False,False,False,False,False,False,True,False,False,False,False,False,False,False,False,False,False,False,False,False,False,False,False,False,False,True,False,False,False,False
Pakistan,Denim Jeans,2025-07-30,Apparel,0.0,53.19,,20.0,2.0,0.0,0.0,2,30,31,7,3,211,0,0.9749279121818236,-0.22252093395631434,-0.4999999999999997,-0.8660254037844388,0.0,1,3.0,1,2.0,1,0.0,1,0.8571428571428571,1.2149857925879175,0.0,3.0,0.6428571428571429,0.5714285714285714,0.9973509887241266,0.0,3.0,1.5,0,53.19,0.0,0.0,False,False,True,False,False,False,False,False,False,False,False,False,True,False,False,False,False,False,False,False,False,False,False,False,False,False,False,False,False,False,False,True,False,False,False,False
Pakistan,Denim Jeans,2025-07-31,Apparel,3.0,103.25,0.14,20.0,2.0,1.0,0.0,3,31,31,7,3,212,0,0.43388373911755823,-0.900968867902419,-0.4999999999999997,-0.8660254037844388,0.0,1,0.0,1,0.0,1,3.0,1,0.42857142857142855,0.7867957924694515,0.0,2.0,0.5,0.5714285714285714,0.9973509887241266,0.0,3.0,0.75,1,53.19,50.06,0.9411543523218651,False,False,True,False,False,False,False,False,False,False,False,False,True,False,False,False,False,False,False,False,False,False,False,False,False,False,False,False,False,False,False,True,False,False,False,False
Pakistan,Denim Jeans,2025-08-01,Apparel,0.0,103.25,,20.0,2.0,0.0,0.0,4,1,31,8,3,213,0,-0.433883739117558,-0.9009688679024191,-0.8660254037844385,-0.5000000000000004,3.0,1,2.0,1,1.0,1,0.0,1,0.8571428571428571,1.2149857925879175,0.0,3.0,0.7142857142857143,0.5714285714285714,0.9973509887241266,0.0,3.0,1.5,0,103.25,0.0,0.0,False,False,True,False,False,False,False,False,False,False,False,False,True,False,False,False,False,False,False,False,False,False,False,False,False,False,False,False,False,False,False,True,False,False,False,False
Pakistan,Denim Jeans,2025-08-02,Apparel,0.0,103.25,,20.0,2.0,0.0,0.0,5,2,31,8,3,214,1,-0.9749279121818236,-0.2225209339563146,-0.8660254037844385,-0.5000000000000004,0.0,1,1.0,1,0.0,1,0.0,1,0.5714285714285714,1.1338934190276877,0.0,3.0,0.6428571428571429,0.5714285714285714,0.9973509887241266,0.0,3.0,1.0,0,103.25,0.0,0.0,False,False,True,False,False,False,False,False,False,False,False,False,True,False,False,False,False,False,False,False,False,False,False,False,False,False,False,False,False,False,False,True,False,False,False,False
Pakistan,Denim Jeans,2025-08-03,Apparel,3.0,119.45,0.11,20.0,2.0,1.0,0.0,6,3,31,8,3,215,1,-0.7818314824680299,0.6234898018587334,-0.8660254037844385,-0.5000000000000004,0.0,1,0.0,1,0.0,1,0.0,1,0.42857142857142855,1.1338934190276875,0.0,3.0,0.6428571428571429,0.5714285714285714,0.9973509887241266,0.0,3.0,0.75,1,103.25,16.200000000000003,0.15690072639225183,False,False,True,False,False,False,False,False,False,False,False,False,True,False,False,False,False,False,False,False,False,False,False,False,False,False,False,False,False,False,False,True,False,False,False,False
Pakistan,Denim Jeans,2025-08-04,Apparel,0.0,119.45,,20.0,2.0,0.0,0.0,0,4,32,8,3,216,0,0.0,1.0,-0.8660254037844385,-0.5000000000000004,3.0,1,0.0,1,0.0,1,0.0,1,0.8571428571428571,1.4638501094228045,0.0,3.0,0.8571428571428571,0.6785714285714286,1.09048312190214,0.0,3.0,1.263157894736842,0,119.45,0.0,0.0,False,False,True,False,False,False,False,False,False,False,False,False,True,False,False,False,False,False,False,False,False,False,False,False,False,False,False,False,False,False,False,True,False,False,False,False
Pakistan,Denim Jeans,2025-08-05,Apparel,4.0,34.644999999999996,0.11,20.0,2.0,1.0,0.0,1,5,32,8,3,217,0,0.7818314824680298,0.6234898018587336,-0.8660254037844385,-0.5000000000000004,0.0,1,0.0,1,0.0,1,0.0,1,0.8571428571428571,1.4638501094228045,0.0,3.0,0.8571428571428571,0.6785714285714286,1.09048312190214,0.0,3.0,1.263157894736842,1,119.45,-84.805,-0.7099623273336124,False,False,True,False,False,False,False,False,False,False,False,False,True,False,False,False,False,False,False,False,False,False,False,False,False,False,False,False,False,False,False,True,False,False,False,False
Pakistan,Denim Jeans,2025-08-06,Apparel,0.0,34.644999999999996,,20.0,2.0,0.0,0.0,2,6,32,8,3,218,0,0.9749279121818236,-0.22252093395631434,-0.8660254037844385,-0.5000000000000004,4.0,1,0.0,1,3.0,1,0.0,1,1.4285714285714286,1.8126539343499355,0.0,4.0,1.1428571428571428,0.8214285714285714,1.2488089563755569,0.0,4.0,1.7391304347826089,0,34.644999999999996,0.0,0.0,False,False,True,False,False,False,False,False,False,False,False,False,True,False,False,False,False,False,False,False,False,False,False,False,False,False,False,False,False,False,False,True,False,False,False,False
Pakistan,Denim Jeans,2025-08-07,Apparel,0.0,34.644999999999996,,20.0,2.0,0.0,0.0,3,7,32,8,3,219,0,0.43388373911755823,-0.900968867902419,-0.8660254037844385,-0.5000000000000004,0.0,1,3.0,1,0.0,1,0.0,1,1.4285714285714286,1.8126539343499355,0.0,4.0,0.9285714285714286,0.8214285714285714,1.2488089563755569,0.0,4.0,1.7391304347826089,0,34.644999999999996,0.0,0.0,False,False,True,False,False,False,False,False,False,False,False,False,True,False,False,False,False,False,False,False,False,False,False,False,False,False,False,False,False,False,False,True,False,False,False,False
Pakistan,Denim Jeans,2025-08-08,Apparel,0.0,34.644999999999996,,20.0,2.0,0.0,0.0,4,8,32,8,3,220,0,-0.433883739117558,-0.9009688679024191,-0.8660254037844385,-0.5000000000000004,0.0,1,0.0,1,2.0,1,0.0,1,1.0,1.7320508075688812,0.0,4.0,0.9285714285714286,0.8214285714285714,1.2488089563755569,0.0,4.0,1.2173913043478262,0,34.644999999999996,0.0,0.0,False,False,True,False,False,False,False,False,False,False,False,False,True,False,False,False,False,False,False,False,False,False,False,False,False,False,False,False,False,False,False,True,False,False,False,False
Pakistan,Denim Jeans,2025-08-09,Apparel,0.0,34.644999999999996,,20.0,2.0,0.0,0.0,5,9,32,8,3,221,1,-0.9749279121818236,-0.2225209339563146,-0.8660254037844385,-0.5000000000000004,0.0,1,0.0,1,1.0,1,2.0,1,1.0,1.7320508075688812,0.0,4.0,0.7857142857142857,0.8214285714285714,1.2488089563755569,0.0,4.0,1.2173913043478262,0,34.644999999999996,0.0,0.0,False,False,True,False,False,False,False,False,False,False,False,False,True,False,False,False,False,False,False,False,False,False,False,False,False,False,False,False,False,False,False,True,False,False,False,False
Pakistan,Denim Jeans,2025-08-10,Apparel,0.0,34.644999999999996,,20.0,2.0,0.0,0.0,6,10,32,8,3,222,1,-0.7818314824680299,0.6234898018587334,-0.8660254037844385,-0.5000000000000004,0.0,1,3.0,1,0.0,1,2.0,1,1.0,1.7320508075688812,0.0,4.0,0.7142857142857143,0.75,1.23603308118261,0.0,4.0,1.3333333333333333,0,34.644999999999996,0.0,0.0,False,False,True,False,False,False,False,False,False,False,False,False,True,False,False,False,False,False,False,False,False,False,False,False,False,False,False,False,False,False,False,True,False,False,False,False
Pakistan,Denim Jeans,2025-08-11,Apparel,0.0,34.644999999999996,,20.0,2.0,0.0,0.0,0,11,33,8,3,223,0,0.0,1.0,-0.8660254037844385,-0.5000000000000004,0.0,1,0.0,1,0.0,1,0.0,1,0.5714285714285714,1.5118578920369132,0.0,4.0,0.7142857142857143,0.6785714285714286,1.2187902754164615,0.0,4.0,0.8421052631578947,0,34.644999999999996,0.0,0.0,False,False,True,False,False,False,False,False,False,False,False,False,True,False,False,False,False,False,False,False,False,False,False,False,False,False,False,False,False,False,False,True,False,False,False,False
Pakistan,Denim Jeans,2025-08-12,Apparel,0.0,34.644999999999996,,20.0,2.0,0.0,0.0,1,12,33,8,3,224,0,0.7818314824680298,0.6234898018587336,-0.8660254037844385,-0.5000000000000004,0.0,1,4.0,1,0.0,1,0.0,1,0.5714285714285714,1.5118578920369132,0.0,4.0,0.7142857142857143,0.6785714285714286,1.2187902754164615,0.0,4.0,0.8421052631578947,0,34.644999999999996,0.0,0.0,False,False,True,False,False,False,False,False,False,False,False,False,True,False,False,False,False,False,False,False,False,False,False,False,False,False,False,False,False,False,False,True,False,False,False,False
Pakistan,Denim Jeans,2025-08-13,Apparel,0.0,34.644999999999996,,20.0,2.0,0.0,0.0,2,13,33,8,3,225,0,0.9749279121818236,-0.22252093395631434,-0.8660254037844385,-0.5000000000000004,0.0,1,0.0,1,0.0,1,2.0,1,0.0,0.0,0.0,0.0,0.7142857142857143,0.6785714285714286,1.2187902754164615,0.0,4.0,0.0,0,34.644999999999996,0.0,0.0,False,False,True,False,False,False,False,False,False,False,False,False,True,False,False,False,False,False,False,False,False,False,False,False,False,False,False,False,False,False,False,True,False,False,False,False
Pakistan,Denim Jeans,2025-08-14,Apparel,0.0,34.644999999999996,,20.0,2.0,0.0,0.0,3,14,33,8,3,226,0,0.43388373911755823,-0.900968867902419,-0.8660254037844385,-0.5000000000000004,0.0,1,0.0,1,3.0,1,0.0,1,0.0,0.0,0.0,0.0,0.7142857142857143,0.6071428571428571,1.196887497862552,0.0,4.0,0.0,0,34.644999999999996,0.0,0.0,False,False,True,False,False,False,False,False,False,False,False,False,True,False,False,False,False,False,False,False,False,False,False,False,False,False,False,False,False,False,False,True,False,False,False,False
Pakistan,Denim Jeans,2025-08-15,Apparel,2.0,62.71,0.07,20.0,2.0,1.0,0.0,4,15,33,8,3,227,0,-0.433883739117558,-0.9009688679024191,-0.8660254037844385,-0.5000000000000004,0.0,1,0.0,1,0.0,1,1.0,1,0.0,0.0,0.0,0.0,0.5,0.6071428571428571,1.196887497862552,0.0,4.0,0.0,1,34.644999999999996,28.065000000000005,0.810073603694617,False,False,True,False,False,False,False,False,False,False,False,False,True,False,False,False,False,False,False,False,False,False,False,False,False,False,False,False,False,False,False,True,False,False,False,False
Pakistan,Denim Jeans,2025-08-16,Apparel,0.0,62.71,,20.0,2.0,0.0,0.0,5,16,33,8,3,228,1,-0.9749279121818236,-0.2225209339563146,-0.8660254037844385,-0.5000000000000004,2.0,1,0.0,1,0.0,1,0.0,1,0.2857142857142857,0.7559289460184628,0.0,2.0,0.6428571428571429,0.6428571428571429,1.2236643728386047,0.0,4.0,0.44444444444444436,0,62.71,0.0,0.0,False,False,True,False,False,False,False,False,False,False,False,False,True,False,False,False,False,False,False,False,False,False,False,False,False,False,False,False,False,False,False,True,False,False,False,False
Pakistan,Denim Jeans,2025-08-17,Apparel,3.0,112.57,0.02,20.0,2.0,1.0,0.0,6,17,33,8,3,229,1,-0.7818314824680299,0.6234898018587334,-0.8660254037844385,-0.5000000000000004,0.0,1,0.0,1,3.0,1,0.0,1,0.2857142857142857,0.7559289460184628,0.0,2.0,0.6428571428571429,0.6428571428571429,1.2236643728386047,0.0,4.0,0.44444444444444436,1,62.71,49.85999999999999,0.7950885026311592,False,False,True,False,False,False,False,False,False,False,False,False,True,False,False,False,False,False,False,False,False,False,False,False,False,False,False,False,False,False,False,True,False,False,False,False
Pakistan,Denim Jeans,2025-08-18,Apparel,0.0,112.57,,20.0,2.0,0.0,0.0,0,18,34,8,3,230,0,0.0,1.0,-0.8660254037844385,-0.5000000000000004,3.0,1,0.0,1,0.0,1,0.0,1,0.7142857142857143,1.2535663410560227,0.0,3.0,0.6428571428571429,0.75,1.2945755775256709,0.0,4.0,0.9523809523809524,0,112.57,0.0,0.0,False,False,True,False,False,False,False,False,False,False,False,False,True,False,False,False,False,False,False,False,False,False,False,False,False,False,False,False,False,False,False,True,False,False,False,False
Pakistan,Denim Jeans,2025-08-19,Apparel,2.0,117.37,0.14,20.0,2.0,1.0,0.0,1,19,34,8,3,231,0,0.7818314824680298,0.6234898018587336,-0.8660254037844385,-0.5000000000000004,0.0,1,0.0,1,4.0,1,0.0,1,0.7142857142857143,1.2535663410560227,0.0,3.0,0.6428571428571429,0.75,1.2945755775256709,0.0,4.0,0.9523809523809524,1,112.57,4.800000000000011,0.04264013502709436,False,False,True,False,False,False,False,False,False,False,False,False,True,False,False,False,False,False,False,False,False,False,False,False,False,False,False,False,False,False,False,True,False,False,False,False
Pakistan,Denim Jeans,2025-08-20,Apparel,0.0,117.37,,20.0,2.0,0.0,0.0,2,20,34,8,3,232,0,0.9749279121818236,-0.22252093395631434,-0.8660254037844385,-0.5000000000000004,2.0,1,0.0,1,0.0,1,3.0,1,1.0,1.290994448735811,0.0,3.0,0.5,0.8214285714285714,1.306779230655261,0.0,4.0,1.2173913043478262,0,117.37,0.0,0.0,False,False,True,False,False,False,False,False,False,False,False,False,True,False,False,False,False,False,False,False,False,False,False,False,False,False,False,False,False,False,False,True,False,False,False,False
Pakistan,Denim Jeans,2025-08-21,Apparel,0.0,117.37,,20.0,2.0,0.0,0.0,3,21,34,8,3,233,0,0.43388373911755823,-0.900968867902419,-0.8660254037844385,-0.5000000000000004,0.0,1,0.0,1,0.0,1,0.0,1,1.0,1.290994448735811,0.0,3.0,0.5,0.7142857142857143,1.2429696476477385,0.0,4.0,1.4,0,117.37,0.0,0.0,False,False,True,False,False,False,False,False,False,False,False,False,True,False,False,False,False,False,False,False,False,False,False,False,False,False,False,False,False,False,False,True,False,False,False,False
Pakistan,Denim Jeans,2025-08-22,Apparel,0.0,117.37,,20.0,2.0,0.0,0.0,4,22,34,8,3,234,0,-0.433883739117558,-0.9009688679024191,-0.8660254037844385,-0.5000000000000004,0.0,1,2.0,1,0.0,1,2.0,1,1.0,1.290994448735811,0.0,3.0,0.5,0.7142857142857143,1.2429696476477385,0.0,4.0,1.4,0,117.37,0.0,0.0,False,False,True,False,False,False,False,False,False,False,False,False,True,False,False,False,False,False,False,False,False,False,False,False,False,False,False,False,False,False,False,True,False,False,False,False
Pakistan,Denim Jeans,2025-08-23,Apparel,0.0,117.37,,20.0,2.0,0.0,0.0,5,23,34,8,3,235,1,-0.9749279121818236,-0.2225209339563146,-0.8660254037844385,-0.5000000000000004,0.0,1,0.0,1,0.0,1,1.0,1,0.7142857142857143,1.2535663410560227,0.0,3.0,0.5,0.6428571428571429,1.2236643728386047,0.0,4.0,1.1111111111111112,0,117.37,0.0,0.0,False,False,True,False,False,False,False,False,False,False,False,False,True,False,False,False,False,False,False,False,False,False,False,False,False,False,False,False,False,False,False,True,False,False,False,False
Pakistan,Denim Jeans,2025-08-24,Apparel,0.0,117.37,,20.0,2.0,0.0,0.0,6,24,34,8,3,236,1,-0.7818314824680299,0.6234898018587334,-0.8660254037844385,-0.5000000000000004,0.0,1,3.0,1,0.0,1,0.0,1,0.7142857142857143,1.2535663410560227,0.0,3.0,0.5,0.6071428571428571,1.2274419565151562,0.0,4.0,1.1764705882352942,0,117.37,0.0,0.0,False,False,True,False,False,False,False,False,False,False,False,False,True,False,False,False,False,False,False,False,False,False,False,False,False,False,False,False,False,False,False,True,False,False,False,False
Pakistan,Denim Jeans,2025-08-25,Apparel,0.0,117.37,,20.0,2.0,0.0,0.0,0,25,35,8,3,237,0,0.0,1.0,-0.8660254037844385,-0.5000000000000004,0.0,1,0.0,1,0.0,1,0.0,1,0.2857142857142857,0.755928946018463,0.0,2.0,0.5,0.6071428571428571,1.2274419565151562,0.0,4.0,0.47058823529411764,0,117.37,0.0,0.0,False,False,True,False,False,False,False,False,False,False,False,False,True,False,False,False,False,False,False,False,False,False,False,False,False,False,False,False,False,False,False,True,False,False,False,False
Pakistan,Denim Jeans,2025-08-26,Apparel,0.0,117.37,,20.0,2.0,0.0,0.0,1,26,35,8,3,238,0,0.7818314824680298,0.6234898018587336,-0.8660254037844385,-0.5000000000000004,0.0,1,2.0,1,0.0,1,0.0,1,0.2857142857142857,0.755928946018463,0.0,2.0,0.5,0.6071428571428571,1.2274419565151562,0.0,4.0,0.47058823529411764,0,117.37,0.0,0.0,False,False,True,False,False,False,False,False,False,False,False,False,True,False,False,False,False,False,False,False,False,False,False,False,False,False,False,False,False,False,False,True,False,False,False,False
Pakistan,Denim Jeans,2025-08-27,Apparel,0.0,117.37,,20.0,2.0,0.0,0.0,2,27,35,8,3,239,0,0.9749279121818236,-0.22252093395631434,-0.8660254037844385,-0.5000000000000004,0.0,1,0.0,1,0.0,1,0.0,1,0.0,0.0,0.0,0.0,0.5,0.6071428571428571,1.2274419565151562,0.0,4.0,0.0,0,117.37,0.0,0.0,False,False,True,False,False,False,False,False,False,False,False,False,True,False,False,False,False,False,False,False,False,False,False,False,False,False,False,False,False,False,False,True,False,False,False,False
Pakistan,Denim Jeans,2025-08-28,Apparel,0.0,117.37,,20.0,2.0,0.0,0.0,3,28,35,8,3,240,0,0.43388373911755823,-0.900968867902419,-0.8660254037844385,-0.5000000000000004,0.0,1,0.0,1,0.0,1,3.0,1,0.0,0.0,0.0,0.0,0.5,0.6071428571428571,1.2274419565151562,0.0,4.0,0.0,0,117.37,0.0,0.0,False,False,True,False,False,False,False,False,False,False,False,False,True,False,False,False,False,False,False,False,False,False,False,False,False,False,False,False,False,False,False,True,False,False,False,False
Pakistan,Denim Jeans,2025-08-29,Apparel,0.0,117.37,,20.0,2.0,0.0,0.0,4,29,35,8,3,241,0,-0.433883739117558,-0.9009688679024191,-0.8660254037844385,-0.5000000000000004,0.0,1,0.0,1,2.0,1,0.0,1,0.0,0.0,0.0,0.0,0.5,0.5,1.1385500851066213,0.0,4.0,0.0,0,117.37,0.0,0.0,False,False,True,False,False,False,False,False,False,False,False,False,True,False,False,False,False,False,False,False,False,False,False,False,False,False,False,False,False,False,False,True,False,False,False,False
Pakistan,Denim Jeans,2025-08-30,Apparel,0.0,117.37,,20.0,2.0,0.0,0.0,5,30,35,8,3,242,1,-0.9749279121818236,-0.2225209339563146,-0.8660254037844385,-0.5000000000000004,0.0,1,0.0,1,0.0,1,0.0,1,0.0,0.0,0.0,0.0,0.35714285714285715,0.5,1.1385500851066213,0.0,4.0,0.0,0,117.37,0.0,0.0,False,False,True,False,False,False,False,False,False,False,False,False,True,False,False,False,False,False,False,False,False,False,False,False,False,False,False,False,False,False,False,True,False,False,False,False
Pakistan,Denim Jeans,2025-08-31,Apparel,3.0,117.74,0.06,20.0,2.0,1.0,0.0,6,31,35,8,3,243,1,-0.7818314824680299,0.6234898018587334,-0.8660254037844385,-0.5000000000000004,0.0,1,0.0,1,3.0,1,3.0,1,0.0,0.0,0.0,0.0,0.35714285714285715,0.5,1.1385500851066213,0.0,4.0,0.0,1,117.37,0.36999999999999034,0.0031524239584220016,False,False,True,False,False,False,False,False,False,False,False,False,True,False,False,False,False,False,False,False,False,False,False,False,False,False,False,False,False,False,False,True,False,False,False,False
Pakistan,Denim Jeans,2025-09-01,Apparel,2.0,87.69,0.08,20.0,2.0,1.0,0.0,0,1,36,9,3,244,0,0.0,1.0,-1.0,-1.8369701987210297e-16,3.0,1,0.0,1,0.0,1,0.0,1,0.42857142857142855,1.1338934190276875,0.0,3.0,0.35714285714285715,0.5,1.1385500851066213,0.0,4.0,0.8571428571428571,1,117.74,-30.049999999999997,-0.2552233735349074,False,False,True,False,False,False,False,False,False,False,False,False,True,False,False,False,False,False,False,False,False,False,False,False,False,False,False,False,False,False,False,True,False,False,False,False
Pakistan,Denim Jeans,2025-09-02,Apparel,0.0,87.69,,20.0,2.0,0.0,0.0,1,2,36,9,3,245,0,0.7818314824680298,0.6234898018587336,-1.0,-1.8369701987210297e-16,2.0,1,0.0,1,2.0,1,4.0,1,0.7142857142857143,1.2535663410560227,0.0,3.0,0.5,0.5714285714285714,1.1683661091795512,0.0,4.0,1.25,0,87.69,0.0,0.0,False,False,True,False,False,False,False,False,False,False,False,False,True,False,False,False,False,False,False,False,False,False,False,False,False,False,False,False,False,False,False,True,False,False,False,False
Pakistan,Denim Jeans,2025-09-03,Apparel,0.0,87.69,,20.0,2.0,0.0,0.0,2,3,36,9,3,246,0,0.9749279121818236,-0.22252093395631434,-1.0,-1.8369701987210297e-16,0.0,1,0.0,1,0.0,1,0.0,1,0.7142857142857143,1.2535663410560227,0.0,3.0,0.35714285714285715,0.42857142857142855,0.9594972228385649,0.0,3.0,1.6666666666666667,0,87.69,0.0,0.0,False,False,True,False,False,False,False,False,False,False,False,False,True,False,False,False,False,False,False,False,False,False,False,False,False,False,False,False,False,False,False,True,False,False,False,False
Pakistan,Denim Jeans,2025-09-04,Apparel,0.0,87.69,,20.0,2.0,0.0,0.0,3,4,36,9,3,247,0,0.43388373911755823,-0.900968867902419,-1.0,-1.8369701987210297e-16,0.0,1,0.0,1,0.0,1,0.0,1,0.7142857142857143,1.2535663410560227,0.0,3.0,0.35714285714285715,0.42857142857142855,0.9594972228385649,0.0,3.0,1.6666666666666667,0,87.69,0.0,0.0,False,False,True,False,False,False,False,False,False,False,False,False,True,False,False,False,False,False,False,False,False,False,False,False,False,False,False,False,False,False,False,True,False,False,False,False
Pakistan,Denim Jeans,2025-09-05,Apparel,0.0,87.69,,20.0,2.0,0.0,0.0,4,5,36,9,3,248,0,-0.433883739117558,-0.9009688679024191,-1.0,-1.8369701987210297e-16,0.0,1,0.0,1,0.0,1,0.0,1,0.7142857142857143,1.2535663410560227,0.0,3.0,0.35714285714285715,0.42857142857142855,0.9594972228385649,0.0,3.0,1.6666666666666667,0,87.69,0.0,0.0,False,False,True,False,False,False,False,False,False,False,False,False,True,False,False,False,False,False,False,False,False,False,False,False,False,False,False,False,False,False,False,True,False,False,False,False
Pakistan,Denim Jeans,2025-09-06,Apparel,2.0,76.25,0.02,20.0,2.0,1.0,0.0,5,6,36,9,3,249,1,-0.9749279121818236,-0.2225209339563146,-1.0,-1.8369701987210297e-16,0.0,1,0.0,1,0.0,1,0.0,1,0.7142857142857143,1.2535663410560227,0.0,3.0,0.35714285714285715,0.42857142857142855,0.9594972228385649,0.0,3.0,1.6666666666666667,1,87.69,-11.439999999999998,-0.13045957349754816,False,False,True,False,False,False,False,False,False,False,False,False,True,False,False,False,False,False,False,False,False,False,False,False,False,False,False,False,False,False,False,True,False,False,False,False
Pakistan,Denim Jeans,2025-09-07,Apparel,0.0,76.25,,20.0,2.0,0.0,0.0,6,7,36,9,3,250,1,-0.7818314824680299,0.6234898018587334,-1.0,-1.8369701987210297e-16,2.0,1,3.0,1,0.0,1,0.0,1,1.0,1.290994448735811,0.0,3.0,0.5,0.5,0.999999999999999,0.0,3.0,2.0,0,76.25,0.0,0.0,False,False,True,False,False,False,False,False,False,False,False,False,True,False,False,False,False,False,False,False,False,False,False,False,False,False,False,False,False,False,False,True,False,False,False,False
Pakistan,Denim Jeans,2025-09-08,Apparel,0.0,76.25,,20.0,2.0,0.0,0.0,0,8,37,9,3,251,0,0.0,1.0,-1.0,-1.8369701987210297e-16,0.0,1,2.0,1,0.0,1,0.0,1,0.5714285714285714,0.97590007294854,0.0,2.0,0.5,0.5,0.999999999999999,0.0,3.0,1.1428571428571428,0,76.25,0.0,0.0,False,False,True,False,False,False,False,False,False,False,False,False,True,False,False,False,False,False,False,False,False,False,False,False,False,False,False,False,False,False,False,True,False,False,False,False
Pakistan,Denim Jeans,2025-09-09,Apparel,0.0,76.25,,20.0,2.0,0.0,0.0,1,9,37,9,3,252,0,0.7818314824680298,0.6234898018587336,-1.0,-1.8369701987210297e-16,0.0,1,0.0,1,0.0,1,0.0,1,0.2857142857142857,0.755928946018463,0.0,2.0,0.5,0.5,0.999999999999999,0.0,3.0,0.5714285714285714,0,76.25,0.0,0.0,False,False,True,False,False,False,False,False,False,False,False,False,True,False,False,False,False,False,False,False,False,False,False,False,False,False,False,False,False,False,False,True,False,False,False,False
Pakistan,Denim Jeans,2025-09-10,Apparel,0.0,76.25,,20.0,2.0,0.0,0.0,2,10,37,9,3,253,0,0.9749279121818236,-0.22252093395631434,-1.0,-1.8369701987210297e-16,0.0,1,0.0,1,0.0,1,0.0,1,0.2857142857142857,0.755928946018463,0.0,2.0,0.5,0.5,0.999999999999999,0.0,3.0,0.5714285714285714,0,76.25,0.0,0.0,False,False,True,False,False,False,False,False,False,False,False,False,True,False,False,False,False,False,False,False,False,False,False,False,False,False,False,False,False,False,False,True,False,False,False,False
Pakistan,Denim Jeans,2025-09-11,Apparel,0.0,76.25,,20.0,2.0,0.0,0.0,3,11,37,9,3,254,0,0.43388373911755823,-0.900968867902419,-1.0,-1.8369701987210297e-16,0.0,1,0.0,1,0.0,1,0.0,1,0.2857142857142857,0.755928946018463,0.0,2.0,0.5,0.5,0.999999999999999,0.0,3.0,0.5714285714285714,0,76.25,0.0,0.0,False,False,True,False,False,False,False,False,False,False,False,False,True,False,False,False,False,False,False,False,False,False,False,False,False,False,False,False,False,False,False,True,False,False,False,False
Pakistan,Denim Jeans,2025-09-12,Apparel,0.0,76.25,,20.0,2.0,0.0,0.0,4,12,37,9,3,255,0,-0.433883739117558,-0.9009688679024191,-1.0,-1.8369701987210297e-16,0.0,1,0.0,1,0.0,1,2.0,1,0.2857142857142857,0.755928946018463,0.0,2.0,0.5,0.5,0.999999999999999,0.0,3.0,0.5714285714285714,0,76.25,0.0,0.0,False,False,True,False,False,False,False,False,False,False,False,False,True,False,False,False,False,False,False,False,False,False,False,False,False,False,False,False,False,False,False,True,False,False,False,False
Pakistan,Denim Jeans,2025-09-13,Apparel,0.0,76.25,,20.0,2.0,0.0,0.0,5,13,37,9,3,256,1,-0.9749279121818236,-0.2225209339563146,-1.0,-1.8369701987210297e-16,0.0,1,2.0,1,0.0,1,0.0,1,0.2857142857142857,0.755928946018463,0.0,2.0,0.5,0.42857142857142855,0.9594972228385649,0.0,3.0,0.6666666666666666,0,76.25,0.0,0.0,False,False,True,False,False,False,False,False,False,False,False,False,True,False,False,False,False,False,False,False,False,False,False,False,False,False,False,False,False,False,False,True,False,False,False,False
Pakistan,Denim Jeans,2025-09-14,Apparel,1.0,65.92,0.03,20.0,2.0,1.0,0.0,6,14,37,9,3,257,1,-0.7818314824680299,0.6234898018587334,-1.0,-1.8369701987210297e-16,0.0,1,0.0,1,3.0,1,3.0,1,0.0,0.0,0.0,0.0,0.5,0.42857142857142855,0.9594972228385649,0.0,3.0,0.0,1,76.25,-10.329999999999998,-0.13547540983606554,False,False,True,False,False,False,False,False,False,False,False,False,True,False,False,False,False,False,False,False,False,False,False,False,False,False,False,False,False,False,False,True,False,False,False,False
Pakistan,Denim Jeans,2025-09-15,Apparel,3.0,117.46,0.05,20.0,2.0,1.0,0.0,0,15,38,9,3,258,0,0.0,1.0,-1.0,-1.8369701987210297e-16,1.0,1,0.0,1,2.0,1,0.0,1,0.14285714285714285,0.37796447300924424,0.0,1.0,0.35714285714285715,0.35714285714285715,0.8261595987094024,0.0,3.0,0.39999999999999997,1,65.92,51.53999999999999,0.7818567961165047,False,False,True,False,False,False,False,False,False,False,False,False,True,False,False,False,False,False,False,False,False,False,False,False,False,False,False,False,False,False,False,True,False,False,False,False
Pakistan,Denim Jeans,2025-09-16,Apparel,1.0,21.19,0.01,20.0,2.0,1.0,0.0,1,16,38,9,3,259,0,0.7818314824680298,0.6234898018587336,-1.0,-1.8369701987210297e-16,3.0,1,0.0,1,0.0,1,2.0,1,0.5714285714285714,1.1338934190276875,0.0,3.0,0.42857142857142855,0.4642857142857143,0.9615628812527929,0.0,3.0,1.2307692307692306,1,117.46,-96.27,-0.819598161076111,False,False,True,False,False,False,False,False,False,False,False,False,True,False,False,False,False,False,False,False,False,False,False,False,False,False,False,False,False,False,False,True,False,False,False,False
Pakistan,Denim Jeans,2025-09-17,Apparel,0.0,21.19,,20.0,2.0,0.0,0.0,2,17,38,9,3,260,0,0.9749279121818236,-0.22252093395631434,-1.0,-1.8369701987210297e-16,1.0,1,0.0,1,0.0,1,0.0,1,0.7142857142857143,1.1126972805283797,0.0,3.0,0.5,0.42857142857142855,0.9200874124564713,0.0,3.0,1.6666666666666667,0,21.19,0.0,0.0,False,False,True,False,False,False,False,False,False,False,False,False,True,False,False,False,False,False,False,False,False,False,False,False,False,False,False,False,False,False,False,True,False,False,False,False
Pakistan,Denim Jeans,2025-09-18,Apparel,1.0,24.1,0.06,20.0,2.0,1.0,0.0,3,18,38,9,3,261,0,0.43388373911755823,-0.900968867902419,-1.0,-1.8369701987210297e-16,0.0,1,0.0,1,0.0,1,0.0,1,0.7142857142857143,1.1126972805283797,0.0,3.0,0.5,0.42857142857142855,0.9200874124564713,0.0,3.0,1.6666666666666667,1,21.19,2.91,0.13732892873997168,False,False,True,False,False,False,False,False,False,False,False,False,True,False,False,False,False,False,False,False,False,False,False,False,False,False,False,False,False,False,False,True,False,False,False,False
Pakistan,Denim Jeans,2025-09-19,Apparel,0.0,24.1,,20.0,2.0,0.0,0.0,4,19,38,9,3,262,0,-0.433883739117558,-0.9009688679024191,-1.0,-1.8369701987210297e-16,1.0,1,0.0,1,0.0,1,0.0,1,0.8571428571428571,1.0690449676497038,0.0,3.0,0.5714285714285714,0.4642857142857143,0.9222413461394466,0.0,3.0,1.846153846153846,0,24.1,0.0,0.0,False,False,True,False,False,False,False,False,False,False,False,False,True,False,False,False,False,False,False,False,False,False,False,False,False,False,False,False,False,False,False,True,False,False,False,False
Pakistan,Denim Jeans,2025-09-20,Apparel,0.0,24.1,,20.0,2.0,0.0,0.0,5,20,38,9,3,263,1,-0.9749279121818236,-0.2225209339563146,-1.0,-1.8369701987210297e-16,0.0,1,0.0,1,2.0,1,0.0,1,0.8571428571428571,1.0690449676497038,0.0,3.0,0.5714285714285714,0.4642857142857143,0.9222413461394466,0.0,3.0,1.846153846153846,0,24.1,0.0,0.0,False,False,True,False,False,False,False,False,False,False,False,False,True,False,False,False,False,False,False,False,False,False,False,False,False,False,False,False,False,False,False,True,False,False,False,False
Pakistan,Denim Jeans,2025-09-21,Apparel,0.0,24.1,,20.0,2.0,0.0,0.0,6,21,38,9,3,264,1,-0.7818314824680299,0.6234898018587334,-1.0,-1.8369701987210297e-16,0.0,1,1.0,1,0.0,1,0.0,1,0.8571428571428571,1.0690449676497038,0.0,3.0,0.42857142857142855,0.4642857142857143,0.9222413461394466,0.0,3.0,1.846153846153846,0,24.1,0.0,0.0,False,False,True,False,False,False,False,False,False,False,False,False,True,False,False,False,False,False,False,False,False,False,False,False,False,False,False,False,False,False,False,True,False,False,False,False
Pakistan,Denim Jeans,2025-09-22,Apparel,0.0,24.1,,20.0,2.0,0.0,0.0,0,22,39,9,3,265,0,0.0,1.0,-1.0,-1.8369701987210297e-16,0.0,1,3.0,1,0.0,1,0.0,1,0.7142857142857143,1.1126972805283797,0.0,3.0,0.42857142857142855,0.4642857142857143,0.9222413461394466,0.0,3.0,1.5384615384615385,0,24.1,0.0,0.0,False,False,True,False,False,False,False,False,False,False,False,False,True,False,False,False,False,False,False,False,False,False,False,False,False,False,False,False,False,False,False,True,False,False,False,False
Pakistan,Denim Jeans,2025-09-23,Apparel,1.0,111.29,0.03,20.0,2.0,1.0,0.0,1,23,39,9,3,266,0,0.7818314824680298,0.6234898018587336,-1.0,-1.8369701987210297e-16,0.0,1,1.0,1,0.0,1,0.0,1,0.2857142857142857,0.48795003647428004,0.0,1.0,0.42857142857142855,0.4642857142857143,0.9222413461394466,0.0,3.0,0.6153846153846153,1,24.1,87.19,3.617842323651452,False,False,True,False,False,False,False,False,False,False,False,False,True,False,False,False,False,False,False,False,False,False,False,False,False,False,False,False,False,False,False,True,False,False,False,False
Pakistan,Denim Jeans,2025-09-24,Apparel,3.0,13.33,0.13,20.0,2.0,1.0,0.0,2,24,39,9,3,267,0,0.9749279121818236,-0.22252093395631434,-1.0,-1.8369701987210297e-16,1.0,1,0.0,1,0.0,1,0.0,1,0.2857142857142857,0.48795003647428004,0.0,1.0,0.5,0.5,0.9229582069908961,0.0,3.0,0.5714285714285714,1,111.29,-97.96000000000001,-0.8802228412256268,False,False,True,False,False,False,False,False,False,False,False,False,True,False,False,False,False,False,False,False,False,False,False,False,False,False,False,False,False,False,False,True,False,False,False,False
Pakistan,Denim Jeans,2025-09-25,Apparel,0.0,13.33,,20.0,2.0,0.0,0.0,3,25,39,9,3,268,0,0.43388373911755823,-0.900968867902419,-1.0,-1.8369701987210297e-16,3.0,1,1.0,1,0.0,1,0.0,1,0.7142857142857143,1.1126972805283795,0.0,3.0,0.7142857142857143,0.6071428571428571,1.030615986761951,0.0,3.0,1.1764705882352942,0,13.33,0.0,0.0,False,False,True,False,False,False,False,False,False,False,False,False,True,False,False,False,False,False,False,False,False,False,False,False,False,False,False,False,False,False,False,True,False,False,False,False
Pakistan,Denim Jeans,2025-09-26,Apparel,3.0,71.22,0.1,20.0,2.0,1.0,0.0,4,26,39,9,3,269,0,-0.433883739117558,-0.9009688679024191,-1.0,-1.8369701987210297e-16,0.0,1,0.0,1,0.0,1,0.0,1,0.5714285714285714,1.1338934190276875,0.0,3.0,0.7142857142857143,0.6071428571428571,1.030615986761951,0.0,3.0,0.9411764705882353,1,13.33,57.89,4.342835708927232,False,False,True,False,False,False,False,False,False,False,False,False,True,False,False,False,False,False,False,False,False,False,False,False,False,False,False,False,False,False,False,True,False,False,False,False
Pakistan,Denim Jeans,2025-09-27,Apparel,0.0,71.22,,20.0,2.0,0.0,0.0,5,27,39,9,3,270,1,-0.9749279121818236,-0.2225209339563146,-1.0,-1.8369701987210297e-16,3.0,1,0.0,1,0.0,1,0.0,1,1.0,1.4142135623730998,0.0,3.0,0.9285714285714286,0.7142857142857143,1.1174422797967003,0.0,3.0,1.4,0,71.22,0.0,0.0,False,False,True,False,False,False,False,False,False,False,False,False,True,False,False,False,False,False,False,False,False,False,False,False,False,False,False,False,False,False,False,True,False,False,False,False
Pakistan,Denim Jeans,2025-09-28,Apparel,2.0,44.28,0.08,20.0,2.0,1.0,0.0,6,28,39,9,3,271,1,-0.7818314824680299,0.6234898018587334,-1.0,-1.8369701987210297e-16,0.0,1,0.0,1,1.0,1,3.0,1,1.0,1.4142135623730998,0.0,3.0,0.9285714285714286,0.7142857142857143,1.1174422797967003,0.0,3.0,1.4,1,71.22,-26.939999999999998,-0.3782645324347093,False,False,True,False,False,False,False,False,False,False,False,False,True,False,False,False,False,False,False,False,False,False,False,False,False,False,False,False,False,False,False,True,False,False,False,False
Pakistan,Denim Jeans,2025-09-29,Apparel,0.0,44.28,,20.0,2.0,0.0,0.0,0,29,40,9,3,272,0,0.0,1.0,-1.0,-1.8369701987210297e-16,2.0,1,0.0,1,3.0,1,2.0,1,1.2857142857142858,1.3801311186847134,0.0,3.0,1.0,0.6785714285714286,1.0559731838826985,0.0,3.0,1.8947368421052633,0,44.28,0.0,0.0,False,False,True,False,False,False,False,False,False,False,False,False,True,False,False,False,False,False,False,False,False,False,False,False,False,False,False,False,False,False,False,True,False,False,False,False
Pakistan,Denim Jeans,2025-09-30,Apparel,0.0,44.28,,20.0,2.0,0.0,0.0,1,30,40,9,3,273,0,0.7818314824680298,0.6234898018587336,-1.0,-1.8369701987210297e-16,0.0,1,1.0,1,1.0,1,0.0,1,1.2857142857142858,1.3801311186847134,0.0,3.0,0.7857142857142857,0.6071428571428571,1.030615986761951,0.0,3.0,2.11764705882353,0,44.28,0.0,0.0,False,False,True,False,False,False,False,False,False,False,False,False,True,False,False,False,False,False,False,False,False,False,False,False,False,False,False,False,False,False,False,True,False,False,False,False
Pakistan,Denim Jeans,2025-10-01,Apparel,0.0,44.28,,20.0,2.0,0.0,0.0,2,1,40,10,4,274,0,0.9749279121818236,-0.22252093395631434,-0.8660254037844386,0.5000000000000001,0.0,1,3.0,1,0.0,1,0.0,1,1.1428571428571428,1.4638501094228042,0.0,3.0,0.7142857142857143,0.6071428571428571,1.030615986761951,0.0,3.0,1.8823529411764706,0,44.28,0.0,0.0,False,False,True,False,False,False,False,False,False,False,False,False,True,False,False,False,False,False,False,False,False,False,False,False,False,False,False,False,False,False,False,True,False,False,False,False
Pakistan,Denim Jeans,2025-10-02,Apparel,0.0,44.28,,20.0,2.0,0.0,0.0,3,2,40,10,4,275,0,0.43388373911755823,-0.900968867902419,-0.8660254037844386,0.5000000000000001,0.0,1,0.0,1,1.0,1,0.0,1,0.7142857142857143,1.2535663410560227,0.0,3.0,0.7142857142857143,0.6071428571428571,1.030615986761951,0.0,3.0,1.1764705882352942,0,44.28,0.0,0.0,False,False,True,False,False,False,False,False,False,False,False,False,True,False,False,False,False,False,False,False,False,False,False,False,False,False,False,False,False,False,False,True,False,False,False,False
Pakistan,Denim Jeans,2025-10-03,Apparel,0.0,44.28,,20.0,2.0,0.0,0.0,4,3,40,10,4,276,0,-0.433883739117558,-0.9009688679024191,-0.8660254037844386,0.5000000000000001,0.0,1,3.0,1,0.0,1,0.0,1,0.7142857142857143,1.2535663410560227,0.0,3.0,0.6428571428571429,0.6071428571428571,1.030615986761951,0.0,3.0,1.1764705882352942,0,44.28,0.0,0.0,False,False,True,False,False,False,False,False,False,False,False,False,True,False,False,False,False,False,False,False,False,False,False,False,False,False,False,False,False,False,False,True,False,False,False,False
Pakistan,Denim Jeans,2025-10-04,Apparel,0.0,44.28,,20.0,2.0,0.0,0.0,5,4,40,10,4,277,1,-0.9749279121818236,-0.2225209339563146,-0.8660254037844386,0.5000000000000001,0.0,1,0.0,1,0.0,1,2.0,1,0.2857142857142857,0.7559289460184633,0.0,2.0,0.6428571428571429,0.6071428571428571,1.030615986761951,0.0,3.0,0.47058823529411764,0,44.28,0.0,0.0,False,False,True,False,False,False,False,False,False,False,False,False,True,False,False,False,False,False,False,False,False,False,False,False,False,False,False,False,False,False,False,True,False,False,False,False
Pakistan,Denim Jeans,2025-10-05,Apparel,0.0,44.28,,20.0,2.0,0.0,0.0,6,5,40,10,4,278,1,-0.7818314824680299,0.6234898018587334,-0.8660254037844386,0.5000000000000001,0.0,1,2.0,1,0.0,1,0.0,1,0.2857142857142857,0.7559289460184633,0.0,2.0,0.6428571428571429,0.5357142857142857,0.9993384054849722,0.0,3.0,0.5333333333333333,0,44.28,0.0,0.0,False,False,True,False,False,False,False,False,False,False,False,False,True,False,False,False,False,False,False,False,False,False,False,False,False,False,False,False,False,False,False,True,False,False,False,False
Pakistan,Denim Jeans,2025-10-06,Apparel,4.0,79.21,0.14,20.0,2.0,1.0,0.0,0,6,41,10,4,279,0,0.0,1.0,-0.8660254037844386,0.5000000000000001,0.0,1,0.0,1,0.0,1,0.0,1,0.0,0.0,0.0,0.0,0.6428571428571429,0.5357142857142857,0.9993384054849722,0.0,3.0,0.0,1,44.28,34.92999999999999,0.7888437217705508,False,False,True,False,False,False,False,False,False,False,False,False,True,False,False,False,False,False,False,False,False,False,False,False,False,False,False,False,False,False,False,True,False,False,False,False
Pakistan,Denim Jeans,2025-10-07,Apparel,0.0,79.21,,20.0,2.0,0.0,0.0,1,7,41,10,4,280,0,0.7818314824680298,0.6234898018587336,-0.8660254037844386,0.5000000000000001,4.0,1,0.0,1,1.0,1,0.0,1,0.5714285714285714,1.5118578920369135,0.0,4.0,0.9285714285714286,0.6785714285714286,1.1880133254200727,0.0,4.0,0.8421052631578947,0,79.21,0.0,0.0,False,False,True,False,False,False,False,False,False,False,False,False,True,False,False,False,False,False,False,False,False,False,False,False,False,False,False,False,False,False,False,True,False,False,False,False
Pakistan,Denim Jeans,2025-10-08,Apparel,0.0,79.21,,20.0,2.0,0.0,0.0,2,8,41,10,4,281,0,0.9749279121818236,-0.22252093395631434,-0.8660254037844386,0.5000000000000001,0.0,1,0.0,1,3.0,1,0.0,1,0.5714285714285714,1.5118578920369135,0.0,4.0,0.8571428571428571,0.6785714285714286,1.1880133254200727,0.0,4.0,0.8421052631578947,0,79.21,0.0,0.0,False,False,True,False,False,False,False,False,False,False,False,False,True,False,False,False,False,False,False,False,False,False,False,False,False,False,False,False,False,False,False,True,False,False,False,False
Pakistan,Denim Jeans,2025-10-09,Apparel,0.0,79.21,,20.0,2.0,0.0,0.0,3,9,41,10,4,282,0,0.43388373911755823,-0.900968867902419,-0.8660254037844386,0.5000000000000001,0.0,1,0.0,1,0.0,1,0.0,1,0.5714285714285714,1.5118578920369135,0.0,4.0,0.6428571428571429,0.6785714285714286,1.1880133254200727,0.0,4.0,0.8421052631578947,0,79.21,0.0,0.0,False,False,True,False,False,False,False,False,False,False,False,False,True,False,False,False,False,False,False,False,False,False,False,False,False,False,False,False,False,False,False,True,False,False,False,False
Pakistan,Denim Jeans,2025-10-10,Apparel,1.0,121.4,0.12,20.0,2.0,1.0,0.0,4,10,41,10,4,283,0,-0.433883739117558,-0.9009688679024191,-0.8660254037844386,0.5000000000000001,0.0,1,0.0,1,3.0,1,0.0,1,0.5714285714285714,1.5118578920369135,0.0,4.0,0.6428571428571429,0.6785714285714286,1.1880133254200727,0.0,4.0,0.8421052631578947,1,79.21,42.19000000000001,0.5326347683373314,False,False,True,False,False,False,False,False,False,False,False,False,True,False,False,False,False,False,False,False,False,False,False,False,False,False,False,False,False,False,False,True,False,False,False,False
Pakistan,Denim Jeans,2025-10-11,Apparel,0.0,121.4,,20.0,2.0,0.0,0.0,5,11,41,10,4,284,1,-0.9749279121818236,-0.2225209339563146,-0.8660254037844386,0.5000000000000001,1.0,1,0.0,1,0.0,1,0.0,1,0.7142857142857143,1.4960264830861958,0.0,4.0,0.5,0.7142857142857143,1.181873680570557,0.0,4.0,1.0,0,121.4,0.0,0.0,False,False,True,False,False,False,False,False,False,False,False,False,True,False,False,False,False,False,False,False,False,False,False,False,False,False,False,False,False,False,False,True,False,False,False,False
Pakistan,Denim Jeans,2025-10-12,Apparel,0.0,121.4,,20.0,2.0,0.0,0.0,6,12,41,10,4,285,1,-0.7818314824680299,0.6234898018587334,-0.8660254037844386,0.5000000000000001,0.0,1,0.0,1,2.0,1,1.0,1,0.7142857142857143,1.4960264830861958,0.0,4.0,0.5,0.7142857142857143,1.181873680570557,0.0,4.0,1.0,0,121.4,0.0,0.0,False,False,True,False,False,False,False,False,False,False,False,False,True,False,False,False,False,False,False,False,False,False,False,False,False,False,False,False,False,False,False,True,False,False,False,False
Pakistan,Denim Jeans,2025-10-13,Apparel,0.0,121.4,,20.0,2.0,0.0,0.0,0,13,42,10,4,286,0,0.0,1.0,-0.8660254037844386,0.5000000000000001,0.0,1,4.0,1,0.0,1,3.0,1,0.7142857142857143,1.4960264830861958,0.0,4.0,0.35714285714285715,0.6785714285714286,1.1880133254200727,0.0,4.0,1.0526315789473684,0,121.4,0.0,0.0,False,False,True,False,False,False,False,False,False,False,False,False,True,False,False,False,False,False,False,False,False,False,False,False,False,False,False,False,False,False,False,True,False,False,False,False
Pakistan,Denim Jeans,2025-10-14,Apparel,0.0,121.4,,20.0,2.0,0.0,0.0,1,14,42,10,4,287,0,0.7818314824680298,0.6234898018587336,-0.8660254037844386,0.5000000000000001,0.0,1,0.0,1,0.0,1,1.0,1,0.14285714285714285,0.37796447300924496,0.0,1.0,0.35714285714285715,0.5714285714285714,1.1031460542154947,0.0,4.0,0.25,0,121.4,0.0,0.0,False,False,True,False,False,False,False,False,False,False,False,False,True,False,False,False,False,False,False,False,False,False,False,False,False,False,False,False,False,False,False,True,False,False,False,False
Pakistan,Denim Jeans,2025-10-15,Apparel,0.0,121.4,,20.0,2.0,0.0,0.0,2,15,42,10,4,288,0,0.9749279121818236,-0.22252093395631434,-0.8660254037844386,0.5000000000000001,0.0,1,0.0,1,0.0,1,0.0,1,0.14285714285714285,0.37796447300924496,0.0,1.0,0.35714285714285715,0.5357142857142857,1.1049431980420843,0.0,4.0,0.26666666666666666,0,121.4,0.0,0.0,False,False,True,False,False,False,False,False,False,False,False,False,True,False,False,False,False,False,False,False,False,False,False,False,False,False,False,False,False,False,False,True,False,False,False,False
Pakistan,Denim Jeans,2025-10-16,Apparel,0.0,121.4,,20.0,2.0,0.0,0.0,3,16,42,10,4,289,0,0.43388373911755823,-0.900968867902419,-0.8660254037844386,0.5000000000000001,0.0,1,0.0,1,0.0,1,1.0,1,0.14285714285714285,0.37796447300924496,0.0,1.0,0.35714285714285715,0.5357142857142857,1.1049431980420843,0.0,4.0,0.26666666666666666,0,121.4,0.0,0.0,False,False,True,False,False,False,False,False,False,False,False,False,True,False,False,False,False,False,False,False,False,False,False,False,False,False,False,False,False,False,False,True,False,False,False,False
Pakistan,Denim Jeans,2025-10-17,Apparel,0.0,121.4,,20.0,2.0,0.0,0.0,4,17,42,10,4,290,0,-0.433883739117558,-0.9009688679024191,-0.8660254037844386,0.5000000000000001,0.0,1,1.0,1,0.0,1,0.0,1,0.14285714285714285,0.37796447300924496,0.0,1.0,0.35714285714285715,0.5,1.1055415967851323,0.0,4.0,0.2857142857142857,0,121.4,0.0,0.0,False,False,True,False,False,False,False,False,False,False,False,False,True,False,False,False,False,False,False,False,False,False,False,False,False,False,False,False,False,False,False,True,False,False,False,False
Pakistan,Denim Jeans,2025-10-18,Apparel,0.0,121.4,,20.0,2.0,0.0,0.0,5,18,42,10,4,291,1,-0.9749279121818236,-0.2225209339563146,-0.8660254037844386,0.5000000000000001,0.0,1,0.0,1,0.0,1,0.0,1,0.0,0.0,0.0,0.0,0.35714285714285715,0.5,1.1055415967851323,0.0,4.0,0.0,0,121.4,0.0,0.0,False,False,True,False,False,False,False,False,False,False,False,False,True,False,False,False,False,False,False,False,False,False,False,False,False,False,False,False,False,False,False,True,False,False,False,False
Pakistan,Denim Jeans,2025-10-19,Apparel,0.0,121.4,,20.0,2.0,0.0,0.0,6,19,42,10,4,292,1,-0.7818314824680299,0.6234898018587334,-0.8660254037844386,0.5000000000000001,0.0,1,0.0,1,0.0,1,0.0,1,0.0,0.0,0.0,0.0,0.35714285714285715,0.5,1.1055415967851323,0.0,4.0,0.0,0,121.4,0.0,0.0,False,False,True,False,False,False,False,False,False,False,False,False,True,False,False,False,False,False,False,False,False,False,False,False,False,False,False,False,False,False,False,True,False,False,False,False
Pakistan,Denim Jeans,2025-10-20,Apparel,2.0,132.18,0.13,20.0,2.0,1.0,0.0,0,20,43,10,4,293,0,0.0,1.0,-0.8660254037844386,0.5000000000000001,0.0,1,0.0,1,4.0,1,0.0,1,0.0,0.0,0.0,0.0,0.35714285714285715,0.5,1.1055415967851323,0.0,4.0,0.0,1,121.4,10.780000000000001,0.08879736408566723,False,False,True,False,False,False,False,False,False,False,False,False,True,False,False,False,False,False,False,False,False,False,False,False,False,False,False,False,False,False,False,True,False,False,False,False
Pakistan,Denim Jeans,2025-10-21,Apparel,0.0,132.18,,20.0,2.0,0.0,0.0,1,21,43,10,4,294,0,0.7818314824680298,0.6234898018587336,-0.8660254037844386,0.5000000000000001,2.0,1,0.0,1,0.0,1,1.0,1,0.2857142857142857,0.7559289460184633,0.0,2.0,0.21428571428571427,0.5714285714285714,1.1362241376617948,0.0,4.0,0.5,0,132.18,0.0,0.0,False,False,True,False,False,False,False,False,False,False,False,False,True,False,False,False,False,False,False,False,False,False,False,False,False,False,False,False,False,False,False,True,False,False,False,False
Pakistan,Denim Jeans,2025-10-22,Apparel,0.0,132.18,,20.0,2.0,0.0,0.0,2,22,43,10,4,295,0,0.9749279121818236,-0.22252093395631434,-0.8660254037844386,0.5000000000000001,0.0,1,0.0,1,0.0,1,3.0,1,0.2857142857142857,0.7559289460184633,0.0,2.0,0.21428571428571427,0.5357142857142857,1.1379690439434382,0.0,4.0,0.5333333333333333,0,132.18,0.0,0.0,False,False,True,False,False,False,False,False,False,False,False,False,True,False,False,False,False,False,False,False,False,False,False,False,False,False,False,False,False,False,False,True,False,False,False,False
Pakistan,Denim Jeans,2025-10-23,Apparel,0.0,132.18,,20.0,2.0,0.0,0.0,3,23,43,10,4,296,0,0.43388373911755823,-0.900968867902419,-0.8660254037844386,0.5000000000000001,0.0,1,0.0,1,0.0,1,0.0,1,0.2857142857142857,0.7559289460184633,0.0,2.0,0.21428571428571427,0.42857142857142855,1.0338196500275407,0.0,4.0,0.6666666666666666,0,132.18,0.0,0.0,False,False,True,False,False,False,False,False,False,False,False,False,True,False,False,False,False,False,False,False,False,False,False,False,False,False,False,False,False,False,False,True,False,False,False,False
Pakistan,Denim Jeans,2025-10-24,Apparel,0.0,132.18,,20.0,2.0,0.0,0.0,4,24,43,10,4,297,0,-0.433883739117558,-0.9009688679024191,-0.8660254037844386,0.5000000000000001,0.0,1,0.0,1,1.0,1,3.0,1,0.2857142857142857,0.7559289460184633,0.0,2.0,0.21428571428571427,0.42857142857142855,1.0338196500275407,0.0,4.0,0.6666666666666666,0,132.18,0.0,0.0,False,False,True,False,False,False,False,False,False,False,False,False,True,False,False,False,False,False,False,False,False,False,False,False,False,False,False,False,False,False,False,True,False,False,False,False
Pakistan,Denim Jeans,2025-10-25,Apparel,0.0,132.18,,20.0,2.0,0.0,0.0,5,25,43,10,4,298,1,-0.9749279121818236,-0.2225209339563146,-0.8660254037844386,0.5000000000000001,0.0,1,0.0,1,0.0,1,0.0,1,0.2857142857142857,0.7559289460184633,0.0,2.0,0.14285714285714285,0.32142857142857145,0.9048663264720744,0.0,4.0,0.8888888888888887,0,132.18,0.0,0.0,False,False,True,False,False,False,False,False,False,False,False,False,True,False,False,False,False,False,False,False,False,False,False,False,False,False,False,False,False,False,False,True,False,False,False,False
Pakistan,Denim Jeans,2025-10-26,Apparel,0.0,132.18,,20.0,2.0,0.0,0.0,6,26,43,10,4,299,1,-0.7818314824680299,0.6234898018587334,-0.8660254037844386,0.5000000000000001,0.0,1,0.0,1,0.0,1,2.0,1,0.2857142857142857,0.7559289460184633,0.0,2.0,0.14285714285714285,0.32142857142857145,0.9048663264720744,0.0,4.0,0.8888888888888887,0,132.18,0.0,0.0,False,False,True,False,False,False,False,False,False,False,False,False,True,False,False,False,False,False,False,False,False,False,False,False,False,False,False,False,False,False,False,True,False,False,False,False
Pakistan,Denim Jeans,2025-10-27,Apparel,0.0,132.18,,20.0,2.0,0.0,0.0,0,27,44,10,4,300,0,0.0,1.0,-0.8660254037844386,0.5000000000000001,0.0,1,2.0,1,0.0,1,0.0,1,0.2857142857142857,0.7559289460184633,0.0,2.0,0.14285714285714285,0.25,0.8443713418650355,0.0,4.0,1.1428571428571428,0,132.18,0.0,0.0,False,False,True,False,False,False,False,False,False,False,False,False,True,False,False,False,False,False,False,False,False,False,False,False,False,False,False,False,False,False,False,True,False,False,False,False
Pakistan,Denim Jeans,2025-10-28,Apparel,0.0,132.18,,20.0,2.0,0.0,0.0,1,28,44,10,4,301,0,0.7818314824680298,0.6234898018587336,-0.8660254037844386,0.5000000000000001,0.0,1,0.0,1,0.0,1,0.0,1,0.0,0.0,0.0,0.0,0.14285714285714285,0.25,0.8443713418650355,0.0,4.0,0.0,0,132.18,0.0,0.0,False,False,True,False,False,False,False,False,False,False,False,False,True,False,False,False,False,False,False,False,False,False,False,False,False,False,False,False,False,False,False,True,False,False,False,False
Pakistan,Denim Jeans,2025-10-29,Apparel,0.0,132.18,,20.0,2.0,0.0,0.0,2,29,44,10,4,302,0,0.9749279121818236,-0.22252093395631434,-0.8660254037844386,0.5000000000000001,0.0,1,0.0,1,0.0,1,0.0,1,0.0,0.0,0.0,0.0,0.14285714285714285,0.25,0.8443713418650355,0.0,4.0,0.0,0,132.18,0.0,0.0,False,False,True,False,False,False,False,False,False,False,False,False,True,False,False,False,False,False,False,False,False,False,False,False,False,False,False,False,False,False,False,True,False,False,False,False
Pakistan,Denim Jeans,2025-10-30,Apparel,1.0,78.6,0.01,20.0,2.0,1.0,0.0,3,30,44,10,4,303,0,0.43388373911755823,-0.900968867902419,-0.8660254037844386,0.5000000000000001,0.0,1,0.0,1,0.0,1,0.0,1,0.0,0.0,0.0,0.0,0.14285714285714285,0.25,0.8443713418650355,0.0,4.0,0.0,1,132.18,-53.58000000000001,-0.40535633227417167,False,False,True,False,False,False,False,False,False,False,False,False,True,False,False,False,False,False,False,False,False,False,False,False,False,False,False,False,False,False,False,True,False,False,False,False
Pakistan,Denim Jeans,2025-10-31,Apparel,0.0,78.6,,20.0,2.0,0.0,0.0,4,31,44,10,4,304,0,-0.433883739117558,-0.9009688679024191,-0.8660254037844386,0.5000000000000001,1.0,1,0.0,1,0.0,1,0.0,1,0.14285714285714285,0.37796447300924496,0.0,1.0,0.21428571428571427,0.2857142857142857,0.8544932592822064,0.0,4.0,0.5,0,78.6,0.0,0.0,False,False,True,False,False,False,False,False,False,False,False,False,True,False,False,False,False,False,False,False,False,False,False,False,False,False,False,False,False,False,False,True,False,False,False,False
Pakistan,Denim Jeans,2025-11-01,Apparel,4.0,97.655,0.23,20.0,2.0,1.0,0.0,5,1,44,11,4,305,1,-0.9749279121818236,-0.2225209339563146,-0.5000000000000004,0.8660254037844384,0.0,1,0.0,1,0.0,1,0.0,1,0.14285714285714285,0.37796447300924496,0.0,1.0,0.21428571428571427,0.2857142857142857,0.8544932592822064,0.0,4.0,0.5,1,78.6,19.055000000000007,0.2424300254452927,False,False,True,False,False,False,False,False,False,False,False,False,True,False,False,False,False,False,False,False,False,False,False,False,False,False,False,False,False,False,False,True,False,False,False,False
Pakistan,Denim Jeans,2025-11-02,Apparel,4.0,105.94,0.26,20.0,2.0,1.0,0.0,6,2,44,11,4,306,1,-0.7818314824680299,0.6234898018587334,-0.5000000000000004,0.8660254037844384,4.0,1,0.0,1,0.0,1,0.0,1,0.7142857142857143,1.4960264830861958,0.0,4.0,0.5,0.42857142857142855,1.1031460542154947,0.0,4.0,1.6666666666666667,1,97.655,8.284999999999997,0.08483948594542007,False,False,True,False,False,False,False,False,False,False,False,False,True,False,False,False,False,False,False,False,False,False,False,False,False,False,False,False,False,False,False,True,False,False,False,False
Pakistan,Denim Jeans,2025-11-03,Apparel,0.0,105.94,,20.0,2.0,0.0,0.0,0,3,45,11,4,307,0,0.0,1.0,-0.5000000000000004,0.8660254037844384,4.0,1,0.0,1,2.0,1,4.0,1,1.2857142857142858,1.8898223650461397,0.0,4.0,0.7857142857142857,0.5714285714285714,1.2889436222642399,0.0,4.0,2.2500000000000004,0,105.94,0.0,0.0,False,False,True,False,False,False,False,False,False,False,False,False,True,False,False,False,False,False,False,False,False,False,False,False,False,False,False,False,False,False,False,True,False,False,False,False
Pakistan,Denim Jeans,2025-11-04,Apparel,0.0,105.94,,20.0,2.0,0.0,0.0,1,4,45,11,4,308,0,0.7818314824680298,0.6234898018587336,-0.5000000000000004,0.8660254037844384,0.0,1,0.0,1,0.0,1,0.0,1,1.2857142857142858,1.8898223650461397,0.0,4.0,0.6428571428571429,0.42857142857142855,1.1031460542154947,0.0,4.0,3.0000000000000004,0,105.94,0.0,0.0,False,False,True,False,False,False,False,False,False,False,False,False,True,False,False,False,False,False,False,False,False,False,False,False,False,False,False,False,False,False,False,True,False,False,False,False
Pakistan,Denim Jeans,2025-11-05,Apparel,7.0,64.425,0.29,20.0,2.0,1.0,0.0,2,5,45,11,4,309,0,0.9749279121818236,-0.22252093395631434,-0.5000000000000004,0.8660254037844384,0.0,1,0.0,1,0.0,1,0.0,1,1.2857142857142858,1.8898223650461397,0.0,4.0,0.6428571428571429,0.42857142857142855,1.1031460542154947,0.0,4.0,3.0000000000000004,1,105.94,-41.515,-0.39187275816499906,False,False,True,False,False,False,False,False,False,False,False,False,True,False,False,False,False,False,False,False,False,False,False,False,False,False,False,False,False,False,False,True,False,False,False,False
Pakistan,Denim Jeans,2025-11-06,Apparel,0.0,64.425,,20.0,2.0,0.0,0.0,3,6,45,11,4,310,0,0.43388373911755823,-0.900968867902419,-0.5000000000000004,0.8660254037844384,7.0,1,1.0,1,0.0,1,0.0,1,2.2857142857142856,2.751622897751177,0.0,7.0,1.1428571428571428,0.6785714285714286,1.6567163289800075,0.0,7.0,3.3684210526315788,0,64.425,0.0,0.0,False,False,True,False,False,False,False,False,False,False,False,False,True,False,False,False,False,False,False,False,False,False,False,False,False,False,False,False,False,False,False,True,False,False,False,False
Pakistan,Denim Jeans,2025-11-07,Apparel,0.0,64.425,,20.0,2.0,0.0,0.0,4,7,45,11,4,311,0,-0.433883739117558,-0.9009688679024191,-0.5000000000000004,0.8660254037844384,0.0,1,0.0,1,0.0,1,1.0,1,2.142857142857143,2.853569193634028,0.0,7.0,1.1428571428571428,0.6785714285714286,1.6567163289800075,0.0,7.0,3.157894736842105,0,64.425,0.0,0.0,False,False,True,False,False,False,False,False,False,False,False,False,True,False,False,False,False,False,False,False,False,False,False,False,False,False,False,False,False,False,False,True,False,False,False,False
Pakistan,Denim Jeans,2025-11-08,Apparel,0.0,64.425,,20.0,2.0,0.0,0.0,5,8,45,11,4,312,1,-0.9749279121818236,-0.2225209339563146,-0.5000000000000004,0.8660254037844384,0.0,1,4.0,1,0.0,1,0.0,1,2.142857142857143,2.853569193634028,0.0,7.0,1.1428571428571428,0.6428571428571429,1.6603053202991775,0.0,7.0,3.333333333333333,0,64.425,0.0,0.0,False,False,True,False,False,False,False,False,False,False,False,False,True,False,False,False,False,False,False,False,False,False,False,False,False,False,False,False,False,False,False,True,False,False,False,False
Pakistan,Denim Jeans,2025-11-09,Apparel,13.0,47.13666666666666,0.3,20.0,2.0,1.0,1.0,6,9,45,11,4,313,1,-0.7818314824680299,0.6234898018587334,-0.5000000000000004,0.8660254037844384,0.0,1,4.0,1,0.0,1,0.0,1,1.5714285714285714,2.81999662276056,0.0,7.0,1.1428571428571428,0.6428571428571429,1.6603053202991775,0.0,7.0,2.444444444444444,1,64.425,-17.288333333333334,-0.26834820851118873,False,False,True,False,False,False,False,False,False,False,False,False,True,False,False,False,False,False,False,False,False,False,False,False,False,False,False,False,False,False,False,True,False,False,False,False
Pakistan,Denim Jeans,2025-11-10,Apparel,16.0,112.546,0.26,20.0,2.0,1.0,1.0,0,10,46,11,4,314,0,0.0,1.0,-0.5000000000000004,0.8660254037844384,13.0,1,0.0,1,0.0,1,0.0,1,2.857142857142857,5.177791402666181,0.0,13.0,2.0714285714285716,1.1071428571428572,2.858894965415907,0.0,13.0,2.5806451612903225,1,47.13666666666666,65.40933333333334,1.3876529241213493,False,False,True,False,False,False,False,False,False,False,False,False,True,False,False,False,False,False,False,False,False,False,False,False,False,False,False,False,False,False,False,True,False,False,False,False
Pakistan,Denim Jeans,2025-11-11,Apparel,4.0,50.97,0.24,20.0,2.0,1.0,0.0,1,11,46,11,4,315,0,0.7818314824680298,0.6234898018587336,-0.5000000000000004,0.8660254037844384,16.0,1,0.0,1,0.0,1,0.0,1,5.142857142857143,6.938505396903368,0.0,16.0,3.2142857142857144,1.6785714285714286,4.000496000993908,0.0,16.0,3.0638297872340425,1,112.546,-61.57600000000001,-0.5471185115419473,False,False,True,False,False,False,False,False,False,False,False,False,True,False,False,False,False,False,False,False,False,False,False,False,False,False,False,False,False,False,False,True,False,False,False,False
Pakistan,Denim Jeans,2025-11-12,Apparel,0.0,50.97,,20.0,2.0,0.0,0.0,2,12,46,11,4,316,0,0.9749279121818236,-0.22252093395631434,-0.5000000000000004,0.8660254037844384,4.0,1,7.0,1,0.0,1,0.0,1,5.714285714285714,6.600865744084529,0.0,16.0,3.5,1.8214285714285714,4.009743424215859,0.0,16.0,3.1372549019607843,0,50.97,0.0,0.0,False,False,True,False,False,False,False,False,False,False,False,False,True,False,False,False,False,False,False,False,False,False,False,False,False,False,False,False,False,False,False,True,False,False,False,False
Pakistan,Denim Jeans,2025-11-13,Apparel,2.0,144.14,0.2,20.0,2.0,1.0,0.0,3,13,46,11,4,317,0,0.43388373911755823,-0.900968867902419,-0.5000000000000004,0.8660254037844384,0.0,1,0.0,1,1.0,1,0.0,1,4.714285714285714,6.897204402613323,0.0,16.0,3.5,1.8214285714285714,4.009743424215859,0.0,16.0,2.588235294117647,1,50.97,93.16999999999999,1.8279380027467136,False,False,True,False,False,False,False,False,False,False,False,False,True,False,False,False,False,False,False,False,False,False,False,False,False,False,False,False,False,False,False,True,False,False,False,False
Pakistan,Denim Jeans,2025-11-14,Apparel,0.0,144.14,,20.0,2.0,0.0,0.0,4,14,46,11,4,318,0,-0.433883739117558,-0.9009688679024191,-0.5000000000000004,0.8660254037844384,2.0,1,0.0,1,0.0,1,0.0,1,5.0,6.708203932499371,0.0,16.0,3.5714285714285716,1.8928571428571428,3.993877589643703,0.0,16.0,2.6415094339622645,0,144.14,0.0,0.0,False,False,True,False,False,False,False,False,False,False,False,False,True,False,False,False,False,False,False,False,False,False,False,False,False,False,False,False,False,False,False,True,False,False,False,False
Pakistan,Denim Jeans,2025-11-15,Apparel,2.0,16.66,0.2,20.0,2.0,1.0,0.0,5,15,46,11,4,319,1,-0.9749279121818236,-0.2225209339563146,-0.5000000000000004,0.8660254037844384,0.0,1,0.0,1,4.0,1,0.0,1,5.0,6.708203932499371,0.0,16.0,3.5714285714285716,1.8928571428571428,3.993877589643703,0.0,16.0,2.6415094339622645,1,144.14,-127.47999999999999,-0.8844179270154017,False,False,True,False,False,False,False,False,False,False,False,False,True,False,False,False,False,False,False,False,False,False,False,False,False,False,False,False,False,False,False,True,False,False,False,False
Pakistan,Denim Jeans,2025-11-16,Apparel,3.0,142.74,0.18,20.0,2.0,1.0,0.0,6,16,46,11,4,320,1,-0.7818314824680299,0.6234898018587334,-0.5000000000000004,0.8660254037844384,2.0,1,13.0,1,4.0,1,0.0,1,5.285714285714286,6.499084184567489,0.0,16.0,3.4285714285714284,1.9642857142857142,3.9766181691849747,0.0,16.0,2.690909090909091,1,16.66,126.08000000000001,7.567827130852342,False,False,True,False,False,False,False,False,False,False,False,False,True,False,False,False,False,False,False,False,False,False,False,False,False,False,False,False,False,False,False,True,False,False,False,False
Pakistan,Denim Jeans,2025-11-17,Apparel,2.0,82.38,0.28,20.0,2.0,1.0,0.0,0,17,47,11,4,321,0,0.0,1.0,-0.5000000000000004,0.8660254037844384,3.0,1,16.0,1,0.0,1,2.0,1,3.857142857142857,5.550632739564368,0.0,16.0,3.357142857142857,2.0714285714285716,3.962122246777943,0.0,16.0,1.8620689655172413,1,142.74,-60.360000000000014,-0.42286675073560326,False,False,True,False,False,False,False,False,False,False,False,False,True,False,False,False,False,False,False,False,False,False,False,False,False,False,False,False,False,False,False,True,False,False,False,False
Pakistan,Denim Jeans,2025-11-18,Apparel,4.0,54.49,0.24,20.0,2.0,1.0,0.0,1,18,47,11,4,322,0,0.7818314824680298,0.6234898018587336,-0.5000000000000004,0.8660254037844384,2.0,1,4.0,1,0.0,1,0.0,1,1.8571428571428572,1.4638501094228085,0.0,4.0,3.5,2.0714285714285716,3.962122246777943,0.0,16.0,0.8965517241379309,1,82.38,-27.889999999999993,-0.33855304685603294,False,False,True,False,False,False,False,False,False,False,False,False,True,False,False,False,False,False,False,False,False,False,False,False,False,False,False,False,False,False,False,True,False,False,False,False
Pakistan,Denim Jeans,2025-11-19,Apparel,2.0,90.39,0.16,20.0,2.0,1.0,0.0,2,19,47,11,4,323,0,0.9749279121818236,-0.22252093395631434,-0.5000000000000004,0.8660254037844384,4.0,1,0.0,1,7.0,1,0.0,1,1.8571428571428572,1.4638501094228085,0.0,4.0,3.7857142857142856,2.2142857142857144,3.9567770541293648,0.0,16.0,0.8387096774193549,1,54.49,35.9,0.6588364837584878,False,False,True,False,False,False,False,False,False,False,False,False,True,False,False,False,False,False,False,False,False,False,False,False,False,False,False,False,False,False,False,True,False,False,False,False
Pakistan,Denim Jeans,2025-11-20,Apparel,5.0,30.7,0.19,20.0,2.0,1.0,0.0,3,20,47,11,4,324,0,0.43388373911755823,-0.900968867902419,-0.5000000000000004,0.8660254037844384,2.0,1,2.0,1,0.0,1,0.0,1,2.142857142857143,1.2149857925879226,0.0,4.0,3.4285714285714284,2.2857142857142856,3.933306429824591,0.0,16.0,0.9375,1,90.39,-59.69,-0.660360659364974,False,False,True,False,False,False,False,False,False,False,False,False,True,False,False,False,False,False,False,False,False,False,False,False,False,False,False,False,False,False,False,True,False,False,False,False
Pakistan,Denim Jeans,2025-11-21,Apparel,5.0,81.91,0.29,20.0,2.0,1.0,0.0,4,21,47,11,4,325,0,-0.433883739117558,-0.9009688679024191,-0.5000000000000004,0.8660254037844384,5.0,1,0.0,1,0.0,1,0.0,1,2.5714285714285716,1.6183471874253827,0.0,5.0,3.7857142857142856,2.4642857142857144,3.939187196262164,0.0,16.0,1.0434782608695652,1,30.7,51.209999999999994,1.6680781758957652,False,False,True,False,False,False,False,False,False,False,False,False,True,False,False,False,False,False,False,False,False,False,False,False,False,False,False,False,False,False,False,True,False,False,False,False
Pakistan,Denim Jeans,2025-11-22,Apparel,0.0,81.91,,20.0,2.0,0.0,0.0,5,22,47,11,4,326,1,-0.9749279121818236,-0.2225209339563146,-0.5000000000000004,0.8660254037844384,5.0,1,2.0,1,0.0,1,0.0,1,3.2857142857142856,1.380131118684719,2.0,5.0,4.142857142857143,2.642857142857143,3.9366679434966945,0.0,16.0,1.2432432432432432,0,81.91,0.0,0.0,False,False,True,False,False,False,False,False,False,False,False,False,True,False,False,False,False,False,False,False,False,False,False,False,False,False,False,False,False,False,False,True,False,False,False,False
Pakistan,Denim Jeans,2025-11-23,Apparel,0.0,81.91,,20.0,2.0,0.0,0.0,6,23,47,11,4,327,1,-0.7818314824680299,0.6234898018587334,-0.5000000000000004,0.8660254037844384,0.0,1,3.0,1,13.0,1,0.0,1,3.0,1.8257418583505616,0.0,5.0,4.142857142857143,2.642857142857143,3.9366679434966945,0.0,16.0,1.135135135135135,0,81.91,0.0,0.0,False,False,True,False,False,False,False,False,False,False,False,False,True,False,False,False,False,False,False,False,False,False,False,False,False,False,False,False,False,False,False,True,False,False,False,False
Pakistan,Denim Jeans,2025-11-24,Apparel,5.0,94.34,0.3,20.0,2.0,1.0,0.0,0,24,48,11,4,328,0,0.0,1.0,-0.5000000000000004,0.8660254037844384,0.0,1,2.0,1,16.0,1,0.0,1,2.5714285714285716,2.149196970742246,0.0,5.0,3.2142857142857144,2.642857142857143,3.9366679434966945,0.0,16.0,0.972972972972973,1,81.91,12.430000000000007,0.1517519228421439,False,False,True,False,False,False,False,False,False,False,False,False,True,False,False,False,False,False,False,False,False,False,False,False,False,False,False,False,False,False,False,True,False,False,False,False
Pakistan,Denim Jeans,2025-11-25,Apparel,0.0,94.34,,20.0,2.0,0.0,0.0,1,25,48,11,4,329,0,0.7818314824680298,0.6234898018587336,-0.5000000000000004,0.8660254037844384,5.0,1,4.0,1,4.0,1,0.0,1,3.0,2.309401076758509,0.0,5.0,2.4285714285714284,2.8214285714285716,3.9257324999769994,0.0,16.0,1.0632911392405062,0,94.34,0.0,0.0,False,False,True,False,False,False,False,False,False,False,False,False,True,False,False,False,False,False,False,False,False,False,False,False,False,False,False,False,False,False,False,True,False,False,False,False
