store_id,product_id,date,category,sales,price,Discount_Applied,safety_stock,lead_time_days,promotion,is_outlier,day_of_week,day_of_month,week_of_year,month,quarter,day_of_year,is_weekend,sin_day_of_week,cos_day_of_week,sin_month,cos_month,lag_1,has_lag_1,lag_7,has_lag_7,lag_14,has_lag_14,lag_28,has_lag_28,rolling_mean_7,rolling_std_7,rolling_min_7,rolling_max_7,rolling_mean_14,rolling_mean_28,rolling_std_28,rolling_min_28,rolling_max_28,trend_ratio,is_promotion,previous_price,price_change,price_change_pct,store_id_Germany,store_id_India,store_id_Pakistan,store_id_UAE,store_id_UK,store_id_USA,product_id_4K Smart TV,product_id_Air Fryer,product_id_Blender,product_id_Coffee Maker,product_id_Cotton T-Shirt,product_id_Cycling Helmet,product_id_Denim Jeans,product_id_Dumbbell Set,product_id_Face Wash,product_id_Football,product_id_Formal Shirt,product_id_Gaming Laptop,product_id_Hair Serum,product_id_Lipstick Set,product_id_Microwave Oven,product_id_Moisturizing Cream,product_id_Perfume,product_id_Running Shoes,product_id_Smartphone 128GB,product_id_Smartwatch,product_id_Tennis Racket,product_id_Vacuum Cleaner,product_id_Winter Jacket,product_id_Wireless Noise-Canceling Headphones,product_id_Yoga Mat,category_Apparel,category_Beauty,category_Electronics,category_Home & Kitchen,category_Sports
Germany,Formal Shirt,2025-05-23,Apparel,0.0,141.09,,20.0,2.0,0.0,0.0,4,23,21,5,2,143,0,-0.433883739117558,-0.9009688679024191,0.49999999999999994,-0.8660254037844387,0.0,1,0.0,1,0.0,1,0.0,1,0.14285714285714285,0.37796447300924063,0.0,1.0,0.9285714285714286,0.75,1.8383769008638104,0.0,9.0,0.19047619047619047,0,141.09,0.0,0.0,True,False,False,False,False,False,False,False,False,False,False,False,False,False,False,False,True,False,False,False,False,False,False,False,False,False,False,False,False,False,False,True,False,False,False,False
Germany,Formal Shirt,2025-05-24,Apparel,0.0,141.09,,20.0,2.0,0.0,0.0,5,24,21,5,2,144,1,-0.9749279121818236,-0.2225209339563146,0.49999999999999994,-0.8660254037844387,0.0,1,1.0,1,9.0,1,0.0,1,0.14285714285714285,0.37796447300924063,0.0,1.0,0.9285714285714286,0.75,1.8383769008638104,0.0,9.0,0.19047619047619047,0,141.09,0.0,0.0,True,False,False,False,False,False,False,False,False,False,False,False,False,False,False,False,True,False,False,False,False,False,False,False,False,False,False,False,False,False,False,True,False,False,False,False
Germany,Formal Shirt,2025-05-25,Apparel,0.0,141.09,,20.0,2.0,0.0,0.0,6,25,21,5,2,145,1,-0.7818314824680299,0.6234898018587334,0.49999999999999994,-0.8660254037844387,0.0,1,0.0,1,2.0,1,1.0,1,0.0,0.0,0.0,0.0,0.2857142857142857,0.75,1.8383769008638104,0.0,9.0,0.0,0,141.09,0.0,0.0,True,False,False,False,False,False,False,False,False,False,False,False,False,False,False,False,True,False,False,False,False,False,False,False,False,False,False,False,False,False,False,True,False,False,False,False
Germany,Formal Shirt,2025-05-26,Apparel,3.0,51.36,0.14,20.0,2.0,1.0,0.0,0,26,22,5,2,146,0,0.0,1.0,0.49999999999999994,-0.8660254037844387,0.0,1,0.0,1,0.0,1,0.0,1,0.0,0.0,0.0,0.0,0.14285714285714285,0.7142857142857143,1.843047855272726,0.0,9.0,0.0,1,141.09,-89.73,-0.6359770359345099,True,False,False,False,False,False,False,False,False,False,False,False,False,False,False,False,True,False,False,False,False,False,False,False,False,False,False,False,False,False,False,True,False,False,False,False
Germany,Formal Shirt,2025-05-27,Apparel,2.0,86.19,0.02,20.0,2.0,1.0,0.0,1,27,22,5,2,147,0,0.7818314824680298,0.6234898018587336,0.49999999999999994,-0.8660254037844387,3.0,1,0.0,1,0.0,1,0.0,1,0.42857142857142855,1.1338934190276864,0.0,3.0,0.35714285714285715,0.8214285714285714,1.8866700319673835,0.0,9.0,0.5217391304347826,1,51.36,34.83,0.6781542056074766,True,False,False,False,False,False,False,False,False,False,False,False,False,False,False,False,True,False,False,False,False,False,False,False,False,False,False,False,False,False,False,True,False,False,False,False
Germany,Formal Shirt,2025-05-28,Apparel,0.0,86.19,,20.0,2.0,0.0,0.0,2,28,22,5,2,148,0,0.9749279121818236,-0.22252093395631434,0.49999999999999994,-0.8660254037844387,2.0,1,0.0,1,0.0,1,3.0,1,0.7142857142857143,1.2535663410560218,0.0,3.0,0.5,0.8928571428571429,1.8922705490198355,0.0,9.0,0.7999999999999999,0,86.19,0.0,0.0,True,False,False,False,False,False,False,False,False,False,False,False,False,False,False,False,True,False,False,False,False,False,False,False,False,False,False,False,False,False,False,True,False,False,False,False
Germany,Formal Shirt,2025-05-29,Apparel,0.0,86.19,,20.0,2.0,0.0,0.0,3,29,22,5,2,149,0,0.43388373911755823,-0.900968867902419,0.49999999999999994,-0.8660254037844387,0.0,1,0.0,1,1.0,1,0.0,1,0.7142857142857143,1.2535663410560218,0.0,3.0,0.5,0.7857142857142857,1.8530683834824966,0.0,9.0,0.9090909090909092,0,86.19,0.0,0.0,True,False,False,False,False,False,False,False,False,False,False,False,False,False,False,False,True,False,False,False,False,False,False,False,False,False,False,False,False,False,False,True,False,False,False,False
Germany,Formal Shirt,2025-05-30,Apparel,0.0,86.19,,20.0,2.0,0.0,0.0,4,30,22,5,2,150,0,-0.433883739117558,-0.9009688679024191,0.49999999999999994,-0.8660254037844387,0.0,1,0.0,1,0.0,1,0.0,1,0.7142857142857143,1.2535663410560218,0.0,3.0,0.42857142857142855,0.7857142857142857,1.8530683834824966,0.0,9.0,0.9090909090909092,0,86.19,0.0,0.0,True,False,False,False,False,False,False,False,False,False,False,False,False,False,False,False,True,False,False,False,False,False,False,False,False,False,False,False,False,False,False,True,False,False,False,False
Germany,Formal Shirt,2025-05-31,Apparel,0.0,86.19,,20.0,2.0,0.0,0.0,5,31,22,5,2,151,1,-0.9749279121818236,-0.2225209339563146,0.49999999999999994,-0.8660254037844387,0.0,1,0.0,1,1.0,1,0.0,1,0.7142857142857143,1.2535663410560218,0.0,3.0,0.42857142857142855,0.7857142857142857,1.8530683834824966,0.0,9.0,0.9090909090909092,0,86.19,0.0,0.0,True,False,False,False,False,False,False,False,False,False,False,False,False,False,False,False,True,False,False,False,False,False,False,False,False,False,False,False,False,False,False,True,False,False,False,False
Germany,Formal Shirt,2025-06-01,Apparel,0.0,86.19,,20.0,2.0,0.0,0.0,6,1,22,6,2,152,1,-0.7818314824680299,0.6234898018587334,1.2246467991473532e-16,-1.0,0.0,1,0.0,1,0.0,1,0.0,1,0.7142857142857143,1.2535663410560218,0.0,3.0,0.35714285714285715,0.7857142857142857,1.8530683834824966,0.0,9.0,0.9090909090909092,0,86.19,0.0,0.0,True,False,False,False,False,False,False,False,False,False,False,False,False,False,False,False,True,False,False,False,False,False,False,False,False,False,False,False,False,False,False,True,False,False,False,False
Germany,Formal Shirt,2025-06-02,Apparel,0.0,86.19,,20.0,2.0,0.0,0.0,0,2,23,6,2,153,0,0.0,1.0,1.2246467991473532e-16,-1.0,0.0,1,3.0,1,0.0,1,3.0,1,0.7142857142857143,1.2535663410560218,0.0,3.0,0.35714285714285715,0.7857142857142857,1.8530683834824966,0.0,9.0,0.9090909090909092,0,86.19,0.0,0.0,True,False,False,False,False,False,False,False,False,False,False,False,False,False,False,False,True,False,False,False,False,False,False,False,False,False,False,False,False,False,False,True,False,False,False,False
Germany,Formal Shirt,2025-06-03,Apparel,0.0,86.19,,20.0,2.0,0.0,0.0,1,3,23,6,2,154,0,0.7818314824680298,0.6234898018587336,1.2246467991473532e-16,-1.0,0.0,1,2.0,1,0.0,1,1.0,1,0.2857142857142857,0.7559289460184613,0.0,2.0,0.35714285714285715,0.6785714285714286,1.8064405645432988,0.0,9.0,0.42105263157894735,0,86.19,0.0,0.0,True,False,False,False,False,False,False,False,False,False,False,False,False,False,False,False,True,False,False,False,False,False,False,False,False,False,False,False,False,False,False,True,False,False,False,False
Germany,Formal Shirt,2025-06-04,Apparel,3.0,84.315,0.07,20.0,2.0,1.0,0.0,2,4,23,6,2,155,0,0.9749279121818236,-0.22252093395631434,1.2246467991473532e-16,-1.0,0.0,1,0.0,1,0.0,1,0.0,1,0.0,0.0,0.0,0.0,0.35714285714285715,0.6428571428571429,1.8097326529441509,0.0,9.0,0.0,1,86.19,-1.875,-0.0217542638357118,True,False,False,False,False,False,False,False,False,False,False,False,False,False,False,False,True,False,False,False,False,False,False,False,False,False,False,False,False,False,False,True,False,False,False,False
Germany,Formal Shirt,2025-06-05,Apparel,0.0,84.315,,20.0,2.0,0.0,0.0,3,5,23,6,2,156,0,0.43388373911755823,-0.900968867902419,1.2246467991473532e-16,-1.0,3.0,1,0.0,1,0.0,1,0.0,1,0.42857142857142855,1.1338934190276864,0.0,3.0,0.5714285714285714,0.75,1.8584142981864142,0.0,9.0,0.5714285714285714,0,84.315,0.0,0.0,True,False,False,False,False,False,False,False,False,False,False,False,False,False,False,False,True,False,False,False,False,False,False,False,False,False,False,False,False,False,False,True,False,False,False,False
Germany,Formal Shirt,2025-06-06,Apparel,0.0,84.315,,20.0,2.0,0.0,0.0,4,6,23,6,2,157,0,-0.433883739117558,-0.9009688679024191,1.2246467991473532e-16,-1.0,0.0,1,0.0,1,0.0,1,0.0,1,0.42857142857142855,1.1338934190276864,0.0,3.0,0.5714285714285714,0.75,1.8584142981864142,0.0,9.0,0.5714285714285714,0,84.315,0.0,0.0,True,False,False,False,False,False,False,False,False,False,False,False,False,False,False,False,True,False,False,False,False,False,False,False,False,False,False,False,False,False,False,True,False,False,False,False
Germany,Formal Shirt,2025-06-07,Apparel,0.0,84.315,,20.0,2.0,0.0,0.0,5,7,23,6,2,158,1,-0.9749279121818236,-0.2225209339563146,1.2246467991473532e-16,-1.0,0.0,1,0.0,1,0.0,1,9.0,1,0.42857142857142855,1.1338934190276864,0.0,3.0,0.5714285714285714,0.75,1.8584142981864142,0.0,9.0,0.5714285714285714,0,84.315,0.0,0.0,True,False,False,False,False,False,False,False,False,False,False,False,False,False,False,False,True,False,False,False,False,False,False,False,False,False,False,False,False,False,False,True,False,False,False,False
Germany,Formal Shirt,2025-06-08,Apparel,0.0,84.315,,20.0,2.0,0.0,0.0,6,8,23,6,2,159,1,-0.7818314824680299,0.6234898018587334,1.2246467991473532e-16,-1.0,0.0,1,0.0,1,0.0,1,2.0,1,0.42857142857142855,1.1338934190276864,0.0,3.0,0.5714285714285714,0.42857142857142855,0.9200874124564717,0.0,3.0,1.0,0,84.315,0.0,0.0,True,False,False,False,False,False,False,False,False,False,False,False,False,False,False,False,True,False,False,False,False,False,False,False,False,False,False,False,False,False,False,True,False,False,False,False
Germany,Formal Shirt,2025-06-09,Apparel,0.0,84.315,,20.0,2.0,0.0,0.0,0,9,24,6,2,160,0,0.0,1.0,1.2246467991473532e-16,-1.0,0.0,1,0.0,1,3.0,1,0.0,1,0.42857142857142855,1.1338934190276864,0.0,3.0,0.5714285714285714,0.35714285714285715,0.869835476750492,0.0,3.0,1.2,0,84.315,0.0,0.0,True,False,False,False,False,False,False,False,False,False,False,False,False,False,False,False,True,False,False,False,False,False,False,False,False,False,False,False,False,False,False,True,False,False,False,False
Germany,Formal Shirt,2025-06-10,Apparel,3.0,45.43,0.05,20.0,2.0,1.0,0.0,1,10,24,6,2,161,0,0.7818314824680298,0.6234898018587336,1.2246467991473532e-16,-1.0,0.0,1,0.0,1,2.0,1,0.0,1,0.42857142857142855,1.1338934190276864,0.0,3.0,0.35714285714285715,0.35714285714285715,0.869835476750492,0.0,3.0,1.2,1,84.315,-38.885,-0.4611872146118721,True,False,False,False,False,False,False,False,False,False,False,False,False,False,False,False,True,False,False,False,False,False,False,False,False,False,False,False,False,False,False,True,False,False,False,False
Germany,Formal Shirt,2025-06-11,Apparel,0.0,45.43,,20.0,2.0,0.0,0.0,2,11,24,6,2,162,0,0.9749279121818236,-0.22252093395631434,1.2246467991473532e-16,-1.0,3.0,1,3.0,1,0.0,1,0.0,1,0.8571428571428571,1.4638501094228036,0.0,3.0,0.42857142857142855,0.4642857142857143,0.9993384054849727,0.0,3.0,1.846153846153846,0,45.43,0.0,0.0,True,False,False,False,False,False,False,False,False,False,False,False,False,False,False,False,True,False,False,False,False,False,False,False,False,False,False,False,False,False,False,True,False,False,False,False
Germany,Formal Shirt,2025-06-12,Apparel,0.0,45.43,,20.0,2.0,0.0,0.0,3,12,24,6,2,163,0,0.43388373911755823,-0.900968867902419,1.2246467991473532e-16,-1.0,0.0,1,0.0,1,0.0,1,1.0,1,0.42857142857142855,1.1338934190276861,0.0,3.0,0.42857142857142855,0.4642857142857143,0.9993384054849727,0.0,3.0,0.923076923076923,0,45.43,0.0,0.0,True,False,False,False,False,False,False,False,False,False,False,False,False,False,False,False,True,False,False,False,False,False,False,False,False,False,False,False,False,False,False,True,False,False,False,False
Germany,Formal Shirt,2025-06-13,Apparel,0.0,45.43,,20.0,2.0,0.0,0.0,4,13,24,6,2,164,0,-0.433883739117558,-0.9009688679024191,1.2246467991473532e-16,-1.0,0.0,1,0.0,1,0.0,1,0.0,1,0.42857142857142855,1.1338934190276861,0.0,3.0,0.42857142857142855,0.42857142857142855,0.997350988724127,0.0,3.0,1.0,0,45.43,0.0,0.0,True,False,False,False,False,False,False,False,False,False,False,False,False,False,False,False,True,False,False,False,False,False,False,False,False,False,False,False,False,False,False,True,False,False,False,False
Germany,Formal Shirt,2025-06-14,Apparel,0.0,45.43,,20.0,2.0,0.0,0.0,5,14,24,6,2,165,1,-0.9749279121818236,-0.2225209339563146,1.2246467991473532e-16,-1.0,0.0,1,0.0,1,0.0,1,1.0,1,0.42857142857142855,1.1338934190276861,0.0,3.0,0.42857142857142855,0.42857142857142855,0.997350988724127,0.0,3.0,1.0,0,45.43,0.0,0.0,True,False,False,False,False,False,False,False,False,False,False,False,False,False,False,False,True,False,False,False,False,False,False,False,False,False,False,False,False,False,False,True,False,False,False,False
Germany,Formal Shirt,2025-06-15,Apparel,0.0,45.43,,20.0,2.0,0.0,0.0,6,15,24,6,2,166,1,-0.7818314824680299,0.6234898018587334,1.2246467991473532e-16,-1.0,0.0,1,0.0,1,0.0,1,0.0,1,0.42857142857142855,1.1338934190276861,0.0,3.0,0.42857142857142855,0.39285714285714285,0.9940297973880045,0.0,3.0,1.0909090909090908,0,45.43,0.0,0.0,True,False,False,False,False,False,False,False,False,False,False,False,False,False,False,False,True,False,False,False,False,False,False,False,False,False,False,False,False,False,False,True,False,False,False,False
Germany,Formal Shirt,2025-06-16,Apparel,0.0,45.43,,20.0,2.0,0.0,0.0,0,16,25,6,2,167,0,0.0,1.0,1.2246467991473532e-16,-1.0,0.0,1,0.0,1,0.0,1,0.0,1,0.42857142857142855,1.1338934190276861,0.0,3.0,0.42857142857142855,0.39285714285714285,0.9940297973880045,0.0,3.0,1.0909090909090908,0,45.43,0.0,0.0,True,False,False,False,False,False,False,False,False,False,False,False,False,False,False,False,True,False,False,False,False,False,False,False,False,False,False,False,False,False,False,True,False,False,False,False
Germany,Formal Shirt,2025-06-17,Apparel,0.0,45.43,,20.0,2.0,0.0,0.0,1,17,25,6,2,168,0,0.7818314824680298,0.6234898018587336,1.2246467991473532e-16,-1.0,0.0,1,3.0,1,0.0,1,0.0,1,0.42857142857142855,1.1338934190276861,0.0,3.0,0.42857142857142855,0.39285714285714285,0.9940297973880045,0.0,3.0,1.0909090909090908,0,45.43,0.0,0.0,True,False,False,False,False,False,False,False,False,False,False,False,False,False,False,False,True,False,False,False,False,False,False,False,False,False,False,False,False,False,False,True,False,False,False,False
Germany,Formal Shirt,2025-06-18,Apparel,0.0,45.43,,20.0,2.0,0.0,0.0,2,18,25,6,2,169,0,0.9749279121818236,-0.22252093395631434,1.2246467991473532e-16,-1.0,0.0,1,0.0,1,3.0,1,0.0,1,0.0,0.0,0.0,0.0,0.42857142857142855,0.39285714285714285,0.9940297973880045,0.0,3.0,0.0,0,45.43,0.0,0.0,True,False,False,False,False,False,False,False,False,False,False,False,False,False,False,False,True,False,False,False,False,False,False,False,False,False,False,False,False,False,False,True,False,False,False,False
Germany,Formal Shirt,2025-06-19,Apparel,3.0,30.56,0.01,20.0,2.0,1.0,0.0,3,19,25,6,2,170,0,0.43388373911755823,-0.900968867902419,1.2246467991473532e-16,-1.0,0.0,1,0.0,1,0.0,1,0.0,1,0.0,0.0,0.0,0.0,0.21428571428571427,0.39285714285714285,0.9940297973880045,0.0,3.0,0.0,1,45.43,-14.870000000000001,-0.3273167510455646,True,False,False,False,False,False,False,False,False,False,False,False,False,False,False,False,True,False,False,False,False,False,False,False,False,False,False,False,False,False,False,True,False,False,False,False
Germany,Formal Shirt,2025-06-20,Apparel,1.0,101.79,0.14,20.0,2.0,1.0,0.0,4,20,25,6,2,171,0,-0.433883739117558,-0.9009688679024191,1.2246467991473532e-16,-1.0,3.0,1,0.0,1,0.0,1,0.0,1,0.42857142857142855,1.1338934190276861,0.0,3.0,0.42857142857142855,0.5,1.1055415967851328,0.0,3.0,0.8571428571428571,1,30.56,71.23,2.330824607329843,True,False,False,False,False,False,False,False,False,False,False,False,False,False,False,False,True,False,False,False,False,False,False,False,False,False,False,False,False,False,False,True,False,False,False,False
Germany,Formal Shirt,2025-06-21,Apparel,0.0,101.79,,20.0,2.0,0.0,0.0,5,21,25,6,2,172,1,-0.9749279121818236,-0.2225209339563146,1.2246467991473532e-16,-1.0,1.0,1,0.0,1,0.0,1,0.0,1,0.5714285714285714,1.1338934190276864,0.0,3.0,0.5,0.5357142857142857,1.1049431980420847,0.0,3.0,1.0666666666666667,0,101.79,0.0,0.0,True,False,False,False,False,False,False,False,False,False,False,False,False,False,False,False,True,False,False,False,False,False,False,False,False,False,False,False,False,False,False,True,False,False,False,False
Germany,Formal Shirt,2025-06-22,Apparel,0.0,101.79,,20.0,2.0,0.0,0.0,6,22,25,6,2,173,1,-0.7818314824680299,0.6234898018587334,1.2246467991473532e-16,-1.0,0.0,1,0.0,1,0.0,1,0.0,1,0.5714285714285714,1.1338934190276864,0.0,3.0,0.5,0.5357142857142857,1.1049431980420847,0.0,3.0,1.0666666666666667,0,101.79,0.0,0.0,True,False,False,False,False,False,False,False,False,False,False,False,False,False,False,False,True,False,False,False,False,False,False,False,False,False,False,False,False,False,False,True,False,False,False,False
Germany,Formal Shirt,2025-06-23,Apparel,0.0,101.79,,20.0,2.0,0.0,0.0,0,23,26,6,2,174,0,0.0,1.0,1.2246467991473532e-16,-1.0,0.0,1,0.0,1,0.0,1,3.0,1,0.5714285714285714,1.1338934190276864,0.0,3.0,0.5,0.5357142857142857,1.1049431980420847,0.0,3.0,1.0666666666666667,0,101.79,0.0,0.0,True,False,False,False,False,False,False,False,False,False,False,False,False,False,False,False,True,False,False,False,False,False,False,False,False,False,False,False,False,False,False,True,False,False,False,False
Germany,Formal Shirt,2025-06-24,Apparel,0.0,101.79,,20.0,2.0,0.0,0.0,1,24,26,6,2,175,0,0.7818314824680298,0.6234898018587336,1.2246467991473532e-16,-1.0,0.0,1,0.0,1,3.0,1,2.0,1,0.5714285714285714,1.1338934190276864,0.0,3.0,0.5,0.42857142857142855,0.997350988724127,0.0,3.0,1.3333333333333333,0,101.79,0.0,0.0,True,False,False,False,False,False,False,False,False,False,False,False,False,False,False,False,True,False,False,False,False,False,False,False,False,False,False,False,False,False,False,True,False,False,False,False
Germany,Formal Shirt,2025-06-25,Apparel,0.0,101.79,,20.0,2.0,0.0,0.0,2,25,26,6,2,176,0,0.9749279121818236,-0.22252093395631434,1.2246467991473532e-16,-1.0,0.0,1,0.0,1,0.0,1,0.0,1,0.5714285714285714,1.1338934190276864,0.0,3.0,0.2857142857142857,0.35714285714285715,0.9511897312113413,0.0,3.0,1.5999999999999999,0,101.79,0.0,0.0,True,False,False,False,False,False,False,False,False,False,False,False,False,False,False,False,True,False,False,False,False,False,False,False,False,False,False,False,False,False,False,True,False,False,False,False
Germany,Formal Shirt,2025-06-26,Apparel,0.0,101.79,,20.0,2.0,0.0,0.0,3,26,26,6,2,177,0,0.43388373911755823,-0.900968867902419,1.2246467991473532e-16,-1.0,0.0,1,3.0,1,0.0,1,0.0,1,0.5714285714285714,1.1338934190276864,0.0,3.0,0.2857142857142857,0.35714285714285715,0.9511897312113413,0.0,3.0,1.5999999999999999,0,101.79,0.0,0.0,True,False,False,False,False,False,False,False,False,False,False,False,False,False,False,False,True,False,False,False,False,False,False,False,False,False,False,False,False,False,False,True,False,False,False,False
Germany,Formal Shirt,2025-06-27,Apparel,0.0,101.79,,20.0,2.0,0.0,0.0,4,27,26,6,2,178,0,-0.433883739117558,-0.9009688679024191,1.2246467991473532e-16,-1.0,0.0,1,1.0,1,0.0,1,0.0,1,0.14285714285714285,0.37796447300924063,0.0,1.0,0.2857142857142857,0.35714285714285715,0.9511897312113413,0.0,3.0,0.39999999999999997,0,101.79,0.0,0.0,True,False,False,False,False,False,False,False,False,False,False,False,False,False,False,False,True,False,False,False,False,False,False,False,False,False,False,False,False,False,False,True,False,False,False,False
Germany,Formal Shirt,2025-06-28,Apparel,0.0,101.79,,20.0,2.0,0.0,0.0,5,28,26,6,2,179,1,-0.9749279121818236,-0.2225209339563146,1.2246467991473532e-16,-1.0,0.0,1,0.0,1,0.0,1,0.0,1,0.0,0.0,0.0,0.0,0.2857142857142857,0.35714285714285715,0.9511897312113413,0.0,3.0,0.0,0,101.79,0.0,0.0,True,False,False,False,False,False,False,False,False,False,False,False,False,False,False,False,True,False,False,False,False,False,False,False,False,False,False,False,False,False,False,True,False,False,False,False
Germany,Formal Shirt,2025-06-29,Apparel,0.0,101.79,,20.0,2.0,0.0,0.0,6,29,26,6,2,180,1,-0.7818314824680299,0.6234898018587334,1.2246467991473532e-16,-1.0,0.0,1,0.0,1,0.0,1,0.0,1,0.0,0.0,0.0,0.0,0.2857142857142857,0.35714285714285715,0.9511897312113413,0.0,3.0,0.0,0,101.79,0.0,0.0,True,False,False,False,False,False,False,False,False,False,False,False,False,False,False,False,True,False,False,False,False,False,False,False,False,False,False,False,False,False,False,True,False,False,False,False
Germany,Formal Shirt,2025-06-30,Apparel,0.0,101.79,,20.0,2.0,0.0,0.0,0,30,27,6,2,181,0,0.0,1.0,1.2246467991473532e-16,-1.0,0.0,1,0.0,1,0.0,1,0.0,1,0.0,0.0,0.0,0.0,0.2857142857142857,0.35714285714285715,0.9511897312113413,0.0,3.0,0.0,0,101.79,0.0,0.0,True,False,False,False,False,False,False,False,False,False,False,False,False,False,False,False,True,False,False,False,False,False,False,False,False,False,False,False,False,False,False,True,False,False,False,False
Germany,Formal Shirt,2025-07-01,Apparel,0.0,101.79,,20.0,2.0,0.0,0.0,1,1,27,7,3,182,0,0.7818314824680298,0.6234898018587336,-0.4999999999999997,-0.8660254037844388,0.0,1,0.0,1,0.0,1,0.0,1,0.0,0.0,0.0,0.0,0.2857142857142857,0.35714285714285715,0.9511897312113413,0.0,3.0,0.0,0,101.79,0.0,0.0,True,False,False,False,False,False,False,False,False,False,False,False,False,False,False,False,True,False,False,False,False,False,False,False,False,False,False,False,False,False,False,True,False,False,False,False
Germany,Formal Shirt,2025-07-02,Apparel,3.0,71.91,0.04,20.0,2.0,1.0,0.0,2,2,27,7,3,183,0,0.9749279121818236,-0.22252093395631434,-0.4999999999999997,-0.8660254037844388,0.0,1,0.0,1,0.0,1,3.0,1,0.0,0.0,0.0,0.0,0.2857142857142857,0.35714285714285715,0.9511897312113413,0.0,3.0,0.0,1,101.79,-29.88000000000001,-0.29354553492484536,True,False,False,False,False,False,False,False,False,False,False,False,False,False,False,False,True,False,False,False,False,False,False,False,False,False,False,False,False,False,False,True,False,False,False,False
Germany,Formal Shirt,2025-07-03,Apparel,0.0,71.91,,20.0,2.0,0.0,0.0,3,3,27,7,3,184,0,0.43388373911755823,-0.900968867902419,-0.4999999999999997,-0.8660254037844388,3.0,1,0.0,1,3.0,1,0.0,1,0.42857142857142855,1.1338934190276864,0.0,3.0,0.5,0.35714285714285715,0.9511897312113413,0.0,3.0,1.2,0,71.91,0.0,0.0,True,False,False,False,False,False,False,False,False,False,False,False,False,False,False,False,True,False,False,False,False,False,False,False,False,False,False,False,False,False,False,True,False,False,False,False
Germany,Formal Shirt,2025-07-04,Apparel,0.0,71.91,,20.0,2.0,0.0,0.0,4,4,27,7,3,185,0,-0.433883739117558,-0.9009688679024191,-0.4999999999999997,-0.8660254037844388,0.0,1,0.0,1,1.0,1,0.0,1,0.42857142857142855,1.1338934190276864,0.0,3.0,0.2857142857142857,0.35714285714285715,0.9511897312113413,0.0,3.0,1.2,0,71.91,0.0,0.0,True,False,False,False,False,False,False,False,False,False,False,False,False,False,False,False,True,False,False,False,False,False,False,False,False,False,False,False,False,False,False,True,False,False,False,False
Germany,Formal Shirt,2025-07-05,Apparel,3.0,60.13,0.04,20.0,2.0,1.0,0.0,5,5,27,7,3,186,1,-0.9749279121818236,-0.2225209339563146,-0.4999999999999997,-0.8660254037844388,0.0,1,0.0,1,0.0,1,0.0,1,0.42857142857142855,1.1338934190276864,0.0,3.0,0.21428571428571427,0.35714285714285715,0.9511897312113413,0.0,3.0,1.2,1,71.91,-11.779999999999994,-0.16381588096231392,True,False,False,False,False,False,False,False,False,False,False,False,False,False,False,False,True,False,False,False,False,False,False,False,False,False,False,False,False,False,False,True,False,False,False,False
Germany,Formal Shirt,2025-07-06,Apparel,1.0,144.87,0.11,20.0,2.0,1.0,0.0,6,6,27,7,3,187,1,-0.7818314824680299,0.6234898018587334,-0.4999999999999997,-0.8660254037844388,3.0,1,0.0,1,0.0,1,0.0,1,0.8571428571428571,1.4638501094228036,0.0,3.0,0.42857142857142855,0.4642857142857143,1.07089934019281,0.0,3.0,1.846153846153846,1,60.13,84.74000000000001,1.4092798935639448,True,False,False,False,False,False,False,False,False,False,False,False,False,False,False,False,True,False,False,False,False,False,False,False,False,False,False,False,False,False,False,True,False,False,False,False
Germany,Formal Shirt,2025-07-07,Apparel,0.0,144.87,,20.0,2.0,0.0,0.0,0,7,28,7,3,188,0,0.0,1.0,-0.4999999999999997,-0.8660254037844388,1.0,1,0.0,1,0.0,1,0.0,1,1.0,1.414213562373099,0.0,3.0,0.5,0.5,1.0715167512214387,0.0,3.0,2.0,0,144.87,0.0,0.0,True,False,False,False,False,False,False,False,False,False,False,False,False,False,False,False,True,False,False,False,False,False,False,False,False,False,False,False,False,False,False,True,False,False,False,False
Germany,Formal Shirt,2025-07-08,Apparel,0.0,144.87,,20.0,2.0,0.0,0.0,1,8,28,7,3,189,0,0.7818314824680298,0.6234898018587336,-0.4999999999999997,-0.8660254037844388,0.0,1,0.0,1,0.0,1,3.0,1,1.0,1.414213562373099,0.0,3.0,0.5,0.5,1.0715167512214387,0.0,3.0,2.0,0,144.87,0.0,0.0,True,False,False,False,False,False,False,False,False,False,False,False,False,False,False,False,True,False,False,False,False,False,False,False,False,False,False,False,False,False,False,True,False,False,False,False
Germany,Formal Shirt,2025-07-09,Apparel,0.0,144.87,,20.0,2.0,0.0,0.0,2,9,28,7,3,190,0,0.9749279121818236,-0.22252093395631434,-0.4999999999999997,-0.8660254037844388,0.0,1,3.0,1,0.0,1,0.0,1,1.0,1.414213562373099,0.0,3.0,0.5,0.39285714285714285,0.9560445408144763,0.0,3.0,2.5454545454545454,0,144.87,0.0,0.0,True,False,False,False,False,False,False,False,False,False,False,False,False,False,False,False,True,False,False,False,False,False,False,False,False,False,False,False,False,False,False,True,False,False,False,False
Germany,Formal Shirt,2025-07-10,Apparel,0.0,144.87,,20.0,2.0,0.0,0.0,3,10,28,7,3,191,0,0.43388373911755823,-0.900968867902419,-0.4999999999999997,-0.8660254037844388,0.0,1,0.0,1,0.0,1,0.0,1,0.5714285714285714,1.1338934190276864,0.0,3.0,0.5,0.39285714285714285,0.9560445408144763,0.0,3.0,1.4545454545454546,0,144.87,0.0,0.0,True,False,False,False,False,False,False,False,False,False,False,False,False,False,False,False,True,False,False,False,False,False,False,False,False,False,False,False,False,False,False,True,False,False,False,False
Germany,Formal Shirt,2025-07-11,Apparel,0.0,144.87,,20.0,2.0,0.0,0.0,4,11,28,7,3,192,0,-0.433883739117558,-0.9009688679024191,-0.4999999999999997,-0.8660254037844388,0.0,1,0.0,1,0.0,1,0.0,1,0.5714285714285714,1.1338934190276864,0.0,3.0,0.5,0.39285714285714285,0.9560445408144763,0.0,3.0,1.4545454545454546,0,144.87,0.0,0.0,True,False,False,False,False,False,False,False,False,False,False,False,False,False,False,False,True,False,False,False,False,False,False,False,False,False,False,False,False,False,False,True,False,False,False,False
Germany,Formal Shirt,2025-07-12,Apparel,0.0,144.87,,20.0,2.0,0.0,0.0,5,12,28,7,3,193,1,-0.9749279121818236,-0.2225209339563146,-0.4999999999999997,-0.8660254037844388,0.0,1,3.0,1,0.0,1,0.0,1,0.5714285714285714,1.1338934190276864,0.0,3.0,0.5,0.39285714285714285,0.9560445408144763,0.0,3.0,1.4545454545454546,0,144.87,0.0,0.0,True,False,False,False,False,False,False,False,False,False,False,False,False,False,False,False,True,False,False,False,False,False,False,False,False,False,False,False,False,False,False,True,False,False,False,False
Germany,Formal Shirt,2025-07-13,Apparel,0.0,144.87,,20.0,2.0,0.0,0.0,6,13,28,7,3,194,1,-0.7818314824680299,0.6234898018587334,-0.4999999999999997,-0.8660254037844388,0.0,1,1.0,1,0.0,1,0.0,1,0.14285714285714285,0.3779644730092411,0.0,1.0,0.5,0.39285714285714285,0.9560445408144763,0.0,3.0,0.36363636363636365,0,144.87,0.0,0.0,True,False,False,False,False,False,False,False,False,False,False,False,False,False,False,False,True,False,False,False,False,False,False,False,False,False,False,False,False,False,False,True,False,False,False,False
Germany,Formal Shirt,2025-07-14,Apparel,0.0,144.87,,20.0,2.0,0.0,0.0,0,14,29,7,3,195,0,0.0,1.0,-0.4999999999999997,-0.8660254037844388,0.0,1,0.0,1,0.0,1,0.0,1,0.0,0.0,0.0,0.0,0.5,0.39285714285714285,0.9560445408144763,0.0,3.0,0.0,0,144.87,0.0,0.0,True,False,False,False,False,False,False,False,False,False,False,False,False,False,False,False,True,False,False,False,False,False,False,False,False,False,False,False,False,False,False,True,False,False,False,False
Germany,Formal Shirt,2025-07-15,Apparel,0.0,144.87,,20.0,2.0,0.0,0.0,1,15,29,7,3,196,0,0.7818314824680298,0.6234898018587336,-0.4999999999999997,-0.8660254037844388,0.0,1,0.0,1,0.0,1,0.0,1,0.0,0.0,0.0,0.0,0.5,0.39285714285714285,0.9560445408144763,0.0,3.0,0.0,0,144.87,0.0,0.0,True,False,False,False,False,False,False,False,False,False,False,False,False,False,False,False,True,False,False,False,False,False,False,False,False,False,False,False,False,False,False,True,False,False,False,False
Germany,Formal Shirt,2025-07-16,Apparel,0.0,144.87,,20.0,2.0,0.0,0.0,2,16,29,7,3,197,0,0.9749279121818236,-0.22252093395631434,-0.4999999999999997,-0.8660254037844388,0.0,1,0.0,1,3.0,1,0.0,1,0.0,0.0,0.0,0.0,0.5,0.39285714285714285,0.9560445408144763,0.0,3.0,0.0,0,144.87,0.0,0.0,True,False,False,False,False,False,False,False,False,False,False,False,False,False,False,False,True,False,False,False,False,False,False,False,False,False,False,False,False,False,False,True,False,False,False,False
Germany,Formal Shirt,2025-07-17,Apparel,0.0,144.87,,20.0,2.0,0.0,0.0,3,17,29,7,3,198,0,0.43388373911755823,-0.900968867902419,-0.4999999999999997,-0.8660254037844388,0.0,1,0.0,1,0.0,1,3.0,1,0.0,0.0,0.0,0.0,0.2857142857142857,0.39285714285714285,0.9560445408144763,0.0,3.0,0.0,0,144.87,0.0,0.0,True,False,False,False,False,False,False,False,False,False,False,False,False,False,False,False,True,False,False,False,False,False,False,False,False,False,False,False,False,False,False,True,False,False,False,False
Germany,Formal Shirt,2025-07-18,Apparel,4.0,62.084999999999994,0.11,20.0,2.0,1.0,0.0,4,18,29,7,3,199,0,-0.433883739117558,-0.9009688679024191,-0.4999999999999997,-0.8660254037844388,0.0,1,0.0,1,0.0,1,1.0,1,0.0,0.0,0.0,0.0,0.2857142857142857,0.2857142857142857,0.8099905283919406,0.0,3.0,0.0,1,144.87,-82.78500000000001,-0.5714433630151171,True,False,False,False,False,False,False,False,False,False,False,False,False,False,False,False,True,False,False,False,False,False,False,False,False,False,False,False,False,False,False,True,False,False,False,False
Germany,Formal Shirt,2025-07-19,Apparel,2.0,132.8,0.02,20.0,2.0,1.0,0.0,5,19,29,7,3,200,1,-0.9749279121818236,-0.2225209339563146,-0.4999999999999997,-0.8660254037844388,4.0,1,0.0,1,3.0,1,0.0,1,0.5714285714285714,1.5118578920369123,0.0,4.0,0.5714285714285714,0.39285714285714285,1.065947177979934,0.0,4.0,1.4545454545454546,1,62.084999999999994,70.71500000000002,1.139002979785778,True,False,False,False,False,False,False,False,False,False,False,False,False,False,False,False,True,False,False,False,False,False,False,False,False,False,False,False,False,False,False,True,False,False,False,False
Germany,Formal Shirt,2025-07-20,Apparel,0.0,132.8,,20.0,2.0,0.0,0.0,6,20,29,7,3,201,1,-0.7818314824680299,0.6234898018587334,-0.4999999999999997,-0.8660254037844388,2.0,1,0.0,1,1.0,1,0.0,1,0.8571428571428571,1.5735915849388897,0.0,4.0,0.5,0.4642857142857143,1.1049431980420847,0.0,4.0,1.846153846153846,0,132.8,0.0,0.0,True,False,False,False,False,False,False,False,False,False,False,False,False,False,False,False,True,False,False,False,False,False,False,False,False,False,False,False,False,False,False,True,False,False,False,False
Germany,Formal Shirt,2025-07-21,Apparel,0.0,132.8,,20.0,2.0,0.0,0.0,0,21,30,7,3,202,0,0.0,1.0,-0.4999999999999997,-0.8660254037844388,0.0,1,0.0,1,0.0,1,0.0,1,0.8571428571428571,1.5735915849388897,0.0,4.0,0.42857142857142855,0.4642857142857143,1.1049431980420847,0.0,4.0,1.846153846153846,0,132.8,0.0,0.0,True,False,False,False,False,False,False,False,False,False,False,False,False,False,False,False,True,False,False,False,False,False,False,False,False,False,False,False,False,False,False,True,False,False,False,False
Germany,Formal Shirt,2025-07-22,Apparel,2.0,50.57,0.13,20.0,2.0,1.0,0.0,1,22,30,7,3,203,0,0.7818314824680298,0.6234898018587336,-0.4999999999999997,-0.8660254037844388,0.0,1,0.0,1,0.0,1,0.0,1,0.8571428571428571,1.5735915849388897,0.0,4.0,0.42857142857142855,0.4642857142857143,1.1049431980420847,0.0,4.0,1.846153846153846,1,132.8,-82.23000000000002,-0.6192018072289157,True,False,False,False,False,False,False,False,False,False,False,False,False,False,False,False,True,False,False,False,False,False,False,False,False,False,False,False,False,False,False,True,False,False,False,False
Germany,Formal Shirt,2025-07-23,Apparel,0.0,50.57,,20.0,2.0,0.0,0.0,2,23,30,7,3,204,0,0.9749279121818236,-0.22252093395631434,-0.4999999999999997,-0.8660254037844388,2.0,1,0.0,1,0.0,1,0.0,1,1.1428571428571428,1.57359158493889,0.0,4.0,0.5714285714285714,0.5357142857142857,1.1379690439434387,0.0,4.0,2.1333333333333333,0,50.57,0.0,0.0,True,False,False,False,False,False,False,False,False,False,False,False,False,False,False,False,True,False,False,False,False,False,False,False,False,False,False,False,False,False,False,True,False,False,False,False
Germany,Formal Shirt,2025-07-24,Apparel,0.0,50.57,,20.0,2.0,0.0,0.0,3,24,30,7,3,205,0,0.43388373911755823,-0.900968867902419,-0.4999999999999997,-0.8660254037844388,0.0,1,0.0,1,0.0,1,0.0,1,1.1428571428571428,1.57359158493889,0.0,4.0,0.5714285714285714,0.5357142857142857,1.1379690439434387,0.0,4.0,2.1333333333333333,0,50.57,0.0,0.0,True,False,False,False,False,False,False,False,False,False,False,False,False,False,False,False,True,False,False,False,False,False,False,False,False,False,False,False,False,False,False,True,False,False,False,False
Germany,Formal Shirt,2025-07-25,Apparel,0.0,50.57,,20.0,2.0,0.0,0.0,4,25,30,7,3,206,0,-0.433883739117558,-0.9009688679024191,-0.4999999999999997,-0.8660254037844388,0.0,1,4.0,1,0.0,1,0.0,1,1.1428571428571428,1.57359158493889,0.0,4.0,0.5714285714285714,0.5357142857142857,1.1379690439434387,0.0,4.0,2.1333333333333333,0,50.57,0.0,0.0,True,False,False,False,False,False,False,False,False,False,False,False,False,False,False,False,True,False,False,False,False,False,False,False,False,False,False,False,False,False,False,True,False,False,False,False
Germany,Formal Shirt,2025-07-26,Apparel,4.0,85.93,0.14,20.0,2.0,1.0,0.0,5,26,30,7,3,207,1,-0.9749279121818236,-0.2225209339563146,-0.4999999999999997,-0.8660254037844388,0.0,1,2.0,1,0.0,1,0.0,1,0.5714285714285714,0.9759000729485385,0.0,2.0,0.5714285714285714,0.5357142857142857,1.1379690439434387,0.0,4.0,1.0666666666666667,1,50.57,35.36000000000001,0.6992287917737791,True,False,False,False,False,False,False,False,False,False,False,False,False,False,False,False,True,False,False,False,False,False,False,False,False,False,False,False,False,False,False,True,False,False,False,False
Germany,Formal Shirt,2025-07-27,Apparel,0.0,85.93,,20.0,2.0,0.0,0.0,6,27,30,7,3,208,1,-0.7818314824680299,0.6234898018587334,-0.4999999999999997,-0.8660254037844388,4.0,1,0.0,1,0.0,1,0.0,1,0.8571428571428571,1.5735915849388895,0.0,4.0,0.8571428571428571,0.6785714285714286,1.3067792306552612,0.0,4.0,1.263157894736842,0,85.93,0.0,0.0,True,False,False,False,False,False,False,False,False,False,False,False,False,False,False,False,True,False,False,False,False,False,False,False,False,False,False,False,False,False,False,True,False,False,False,False
Germany,Formal Shirt,2025-07-28,Apparel,0.0,85.93,,20.0,2.0,0.0,0.0,0,28,31,7,3,209,0,0.0,1.0,-0.4999999999999997,-0.8660254037844388,0.0,1,0.0,1,0.0,1,0.0,1,0.8571428571428571,1.5735915849388895,0.0,4.0,0.8571428571428571,0.6785714285714286,1.3067792306552612,0.0,4.0,1.263157894736842,0,85.93,0.0,0.0,True,False,False,False,False,False,False,False,False,False,False,False,False,False,False,False,True,False,False,False,False,False,False,False,False,False,False,False,False,False,False,True,False,False,False,False
Germany,Formal Shirt,2025-07-29,Apparel,0.0,85.93,,20.0,2.0,0.0,0.0,1,29,31,7,3,210,0,0.7818314824680298,0.6234898018587336,-0.4999999999999997,-0.8660254037844388,0.0,1,2.0,1,0.0,1,0.0,1,0.8571428571428571,1.5735915849388895,0.0,4.0,0.8571428571428571,0.6785714285714286,1.3067792306552612,0.0,4.0,1.263157894736842,0,85.93,0.0,0.0,True,False,False,False,False,False,False,False,False,False,False,False,False,False,False,False,True,False,False,False,False,False,False,False,False,False,False,False,False,False,False,True,False,False,False,False
Germany,Formal Shirt,2025-07-30,Apparel,0.0,85.93,,20.0,2.0,0.0,0.0,2,30,31,7,3,211,0,0.9749279121818236,-0.22252093395631434,-0.4999999999999997,-0.8660254037844388,0.0,1,0.0,1,0.0,1,3.0,1,0.5714285714285714,1.5118578920369123,0.0,4.0,0.8571428571428571,0.6785714285714286,1.3067792306552612,0.0,4.0,0.8421052631578947,0,85.93,0.0,0.0,True,False,False,False,False,False,False,False,False,False,False,False,False,False,False,False,True,False,False,False,False,False,False,False,False,False,False,False,False,False,False,True,False,False,False,False
Germany,Formal Shirt,2025-07-31,Apparel,0.0,85.93,,20.0,2.0,0.0,0.0,3,31,31,7,3,212,0,0.43388373911755823,-0.900968867902419,-0.4999999999999997,-0.8660254037844388,0.0,1,0.0,1,0.0,1,0.0,1,0.5714285714285714,1.5118578920369121,0.0,4.0,0.8571428571428571,0.5714285714285714,1.230133128253813,0.0,4.0,1.0,0,85.93,0.0,0.0,True,False,False,False,False,False,False,False,False,False,False,False,False,False,False,False,True,False,False,False,False,False,False,False,False,False,False,False,False,False,False,True,False,False,False,False
Germany,Formal Shirt,2025-08-01,Apparel,0.0,85.93,,20.0,2.0,0.0,0.0,4,1,31,8,3,213,0,-0.433883739117558,-0.9009688679024191,-0.8660254037844385,-0.5000000000000004,0.0,1,0.0,1,4.0,1,0.0,1,0.5714285714285714,1.5118578920369121,0.0,4.0,0.8571428571428571,0.5714285714285714,1.230133128253813,0.0,4.0,1.0,0,85.93,0.0,0.0,True,False,False,False,False,False,False,False,False,False,False,False,False,False,False,False,True,False,False,False,False,False,False,False,False,False,False,False,False,False,False,True,False,False,False,False
Germany,Formal Shirt,2025-08-02,Apparel,0.0,85.93,,20.0,2.0,0.0,0.0,5,2,31,8,3,214,1,-0.9749279121818236,-0.2225209339563146,-0.8660254037844385,-0.5000000000000004,0.0,1,4.0,1,2.0,1,3.0,1,0.5714285714285714,1.5118578920369121,0.0,4.0,0.5714285714285714,0.5714285714285714,1.230133128253813,0.0,4.0,1.0,0,85.93,0.0,0.0,True,False,False,False,False,False,False,False,False,False,False,False,False,False,False,False,True,False,False,False,False,False,False,False,False,False,False,False,False,False,False,True,False,False,False,False
Germany,Formal Shirt,2025-08-03,Apparel,2.0,84.89,0.0,20.0,2.0,0.0,0.0,6,3,31,8,3,215,1,-0.7818314824680299,0.6234898018587334,-0.8660254037844385,-0.5000000000000004,0.0,1,0.0,1,0.0,1,1.0,1,0.0,0.0,0.0,0.0,0.42857142857142855,0.4642857142857143,1.1379690439434387,0.0,4.0,0.0,0,85.93,-1.0400000000000063,-0.012102874432677832,True,False,False,False,False,False,False,False,False,False,False,False,False,False,False,False,True,False,False,False,False,False,False,False,False,False,False,False,False,False,False,True,False,False,False,False
Germany,Formal Shirt,2025-08-04,Apparel,0.0,84.89,,20.0,2.0,0.0,0.0,0,4,32,8,3,216,0,0.0,1.0,-0.8660254037844385,-0.5000000000000004,2.0,1,0.0,1,0.0,1,0.0,1,0.2857142857142857,0.755928946018461,0.0,2.0,0.5714285714285714,0.5,1.170628194761415,0.0,4.0,0.5714285714285714,0,84.89,0.0,0.0,True,False,False,False,False,False,False,False,False,False,False,False,False,False,False,False,True,False,False,False,False,False,False,False,False,False,False,False,False,False,False,True,False,False,False,False
Germany,Formal Shirt,2025-08-05,Apparel,0.0,84.89,,20.0,2.0,0.0,0.0,1,5,32,8,3,217,0,0.7818314824680298,0.6234898018587336,-0.8660254037844385,-0.5000000000000004,0.0,1,0.0,1,2.0,1,0.0,1,0.2857142857142857,0.755928946018461,0.0,2.0,0.5714285714285714,0.5,1.170628194761415,0.0,4.0,0.5714285714285714,0,84.89,0.0,0.0,True,False,False,False,False,False,False,False,False,False,False,False,False,False,False,False,True,False,False,False,False,False,False,False,False,False,False,False,False,False,False,True,False,False,False,False
Germany,Formal Shirt,2025-08-06,Apparel,0.0,84.89,,20.0,2.0,0.0,0.0,2,6,32,8,3,218,0,0.9749279121818236,-0.22252093395631434,-0.8660254037844385,-0.5000000000000004,0.0,1,0.0,1,0.0,1,0.0,1,0.2857142857142857,0.755928946018461,0.0,2.0,0.42857142857142855,0.5,1.170628194761415,0.0,4.0,0.5714285714285714,0,84.89,0.0,0.0,True,False,False,False,False,False,False,False,False,False,False,False,False,False,False,False,True,False,False,False,False,False,False,False,False,False,False,False,False,False,False,True,False,False,False,False
Germany,Formal Shirt,2025-08-07,Apparel,0.0,84.89,,20.0,2.0,0.0,0.0,3,7,32,8,3,219,0,0.43388373911755823,-0.900968867902419,-0.8660254037844385,-0.5000000000000004,0.0,1,0.0,1,0.0,1,0.0,1,0.2857142857142857,0.755928946018461,0.0,2.0,0.42857142857142855,0.5,1.170628194761415,0.0,4.0,0.5714285714285714,0,84.89,0.0,0.0,True,False,False,False,False,False,False,False,False,False,False,False,False,False,False,False,True,False,False,False,False,False,False,False,False,False,False,False,False,False,False,True,False,False,False,False
Germany,Formal Shirt,2025-08-08,Apparel,0.0,84.89,,20.0,2.0,0.0,0.0,4,8,32,8,3,220,0,-0.433883739117558,-0.9009688679024191,-0.8660254037844385,-0.5000000000000004,0.0,1,0.0,1,0.0,1,0.0,1,0.2857142857142857,0.755928946018461,0.0,2.0,0.42857142857142855,0.5,1.170628194761415,0.0,4.0,0.5714285714285714,0,84.89,0.0,0.0,True,False,False,False,False,False,False,False,False,False,False,False,False,False,False,False,True,False,False,False,False,False,False,False,False,False,False,False,False,False,False,True,False,False,False,False
Germany,Formal Shirt,2025-08-09,Apparel,0.0,84.89,,20.0,2.0,0.0,0.0,5,9,32,8,3,221,1,-0.9749279121818236,-0.2225209339563146,-0.8660254037844385,-0.5000000000000004,0.0,1,0.0,1,4.0,1,0.0,1,0.2857142857142857,0.755928946018461,0.0,2.0,0.42857142857142855,0.5,1.170628194761415,0.0,4.0,0.5714285714285714,0,84.89,0.0,0.0,True,False,False,False,False,False,False,False,False,False,False,False,False,False,False,False,True,False,False,False,False,False,False,False,False,False,False,False,False,False,False,True,False,False,False,False
Germany,Formal Shirt,2025-08-10,Apparel,0.0,84.89,,20.0,2.0,0.0,0.0,6,10,32,8,3,222,1,-0.7818314824680299,0.6234898018587334,-0.8660254037844385,-0.5000000000000004,0.0,1,2.0,1,0.0,1,0.0,1,0.2857142857142857,0.755928946018461,0.0,2.0,0.14285714285714285,0.5,1.170628194761415,0.0,4.0,0.5714285714285714,0,84.89,0.0,0.0,True,False,False,False,False,False,False,False,False,False,False,False,False,False,False,False,True,False,False,False,False,False,False,False,False,False,False,False,False,False,False,True,False,False,False,False
Germany,Formal Shirt,2025-08-11,Apparel,2.0,109.19,0.1,20.0,2.0,1.0,0.0,0,11,33,8,3,223,0,0.0,1.0,-0.8660254037844385,-0.5000000000000004,0.0,1,0.0,1,0.0,1,0.0,1,0.0,0.0,0.0,0.0,0.14285714285714285,0.5,1.170628194761415,0.0,4.0,0.0,1,84.89,24.299999999999997,0.28625279773824946,True,False,False,False,False,False,False,False,False,False,False,False,False,False,False,False,True,False,False,False,False,False,False,False,False,False,False,False,False,False,False,True,False,False,False,False
Germany,Formal Shirt,2025-08-12,Apparel,0.0,109.19,,20.0,2.0,0.0,0.0,1,12,33,8,3,224,0,0.7818314824680298,0.6234898018587336,-0.8660254037844385,-0.5000000000000004,2.0,1,0.0,1,0.0,1,0.0,1,0.2857142857142857,0.755928946018461,0.0,2.0,0.2857142857142857,0.5714285714285714,1.1996472144565826,0.0,4.0,0.5,0,109.19,0.0,0.0,True,False,False,False,False,False,False,False,False,False,False,False,False,False,False,False,True,False,False,False,False,False,False,False,False,False,False,False,False,False,False,True,False,False,False,False
Germany,Formal Shirt,2025-08-13,Apparel,2.0,118.29,0.06,20.0,2.0,1.0,0.0,2,13,33,8,3,225,0,0.9749279121818236,-0.22252093395631434,-0.8660254037844385,-0.5000000000000004,0.0,1,0.0,1,0.0,1,0.0,1,0.2857142857142857,0.755928946018461,0.0,2.0,0.2857142857142857,0.5714285714285714,1.1996472144565826,0.0,4.0,0.5,1,109.19,9.100000000000009,0.08334096528986179,True,False,False,False,False,False,False,False,False,False,False,False,False,False,False,False,True,False,False,False,False,False,False,False,False,False,False,False,False,False,False,True,False,False,False,False
Germany,Formal Shirt,2025-08-14,Apparel,0.0,118.29,,20.0,2.0,0.0,0.0,3,14,33,8,3,226,0,0.43388373911755823,-0.900968867902419,-0.8660254037844385,-0.5000000000000004,2.0,1,0.0,1,0.0,1,0.0,1,0.5714285714285714,0.9759000729485383,0.0,2.0,0.42857142857142855,0.6428571428571429,1.2236643728386047,0.0,4.0,0.8888888888888887,0,118.29,0.0,0.0,True,False,False,False,False,False,False,False,False,False,False,False,False,False,False,False,True,False,False,False,False,False,False,False,False,False,False,False,False,False,False,True,False,False,False,False
Germany,Formal Shirt,2025-08-15,Apparel,0.0,118.29,,20.0,2.0,0.0,0.0,4,15,33,8,3,227,0,-0.433883739117558,-0.9009688679024191,-0.8660254037844385,-0.5000000000000004,0.0,1,0.0,1,0.0,1,4.0,1,0.5714285714285714,0.9759000729485383,0.0,2.0,0.42857142857142855,0.6428571428571429,1.2236643728386047,0.0,4.0,0.8888888888888887,0,118.29,0.0,0.0,True,False,False,False,False,False,False,False,False,False,False,False,False,False,False,False,True,False,False,False,False,False,False,False,False,False,False,False,False,False,False,True,False,False,False,False
Germany,Formal Shirt,2025-08-16,Apparel,0.0,118.29,,20.0,2.0,0.0,0.0,5,16,33,8,3,228,1,-0.9749279121818236,-0.2225209339563146,-0.8660254037844385,-0.5000000000000004,0.0,1,0.0,1,0.0,1,2.0,1,0.5714285714285714,0.9759000729485383,0.0,2.0,0.42857142857142855,0.5,1.036375450343201,0.0,4.0,1.1428571428571428,0,118.29,0.0,0.0,True,False,False,False,False,False,False,False,False,False,False,False,False,False,False,False,True,False,False,False,False,False,False,False,False,False,False,False,False,False,False,True,False,False,False,False
Germany,Formal Shirt,2025-08-17,Apparel,0.0,118.29,,20.0,2.0,0.0,0.0,6,17,33,8,3,229,1,-0.7818314824680299,0.6234898018587334,-0.8660254037844385,-0.5000000000000004,0.0,1,0.0,1,2.0,1,0.0,1,0.5714285714285714,0.9759000729485383,0.0,2.0,0.42857142857142855,0.42857142857142855,0.9973509887241269,0.0,4.0,1.3333333333333333,0,118.29,0.0,0.0,True,False,False,False,False,False,False,False,False,False,False,False,False,False,False,False,True,False,False,False,False,False,False,False,False,False,False,False,False,False,False,True,False,False,False,False
Germany,Formal Shirt,2025-08-18,Apparel,0.0,118.29,,20.0,2.0,0.0,0.0,0,18,34,8,3,230,0,0.0,1.0,-0.8660254037844385,-0.5000000000000004,0.0,1,2.0,1,0.0,1,0.0,1,0.5714285714285714,0.9759000729485383,0.0,2.0,0.2857142857142857,0.42857142857142855,0.9973509887241269,0.0,4.0,1.3333333333333333,0,118.29,0.0,0.0,True,False,False,False,False,False,False,False,False,False,False,False,False,False,False,False,True,False,False,False,False,False,False,False,False,False,False,False,False,False,False,True,False,False,False,False
Germany,Formal Shirt,2025-08-19,Apparel,1.0,105.03,0.11,20.0,2.0,1.0,0.0,1,19,34,8,3,231,0,0.7818314824680298,0.6234898018587336,-0.8660254037844385,-0.5000000000000004,0.0,1,0.0,1,0.0,1,2.0,1,0.2857142857142857,0.755928946018461,0.0,2.0,0.2857142857142857,0.42857142857142855,0.9973509887241269,0.0,4.0,0.6666666666666666,1,118.29,-13.260000000000005,-0.11209738777580526,True,False,False,False,False,False,False,False,False,False,False,False,False,False,False,False,True,False,False,False,False,False,False,False,False,False,False,False,False,False,False,True,False,False,False,False
Germany,Formal Shirt,2025-08-20,Apparel,0.0,105.03,,20.0,2.0,0.0,0.0,2,20,34,8,3,232,0,0.9749279121818236,-0.22252093395631434,-0.8660254037844385,-0.5000000000000004,1.0,1,2.0,1,0.0,1,0.0,1,0.42857142857142855,0.7867957924694494,0.0,2.0,0.35714285714285715,0.39285714285714285,0.9560445408144762,0.0,4.0,1.0909090909090908,0,105.03,0.0,0.0,True,False,False,False,False,False,False,False,False,False,False,False,False,False,False,False,True,False,False,False,False,False,False,False,False,False,False,False,False,False,False,True,False,False,False,False
Germany,Formal Shirt,2025-08-21,Apparel,0.0,105.03,,20.0,2.0,0.0,0.0,3,21,34,8,3,233,0,0.43388373911755823,-0.900968867902419,-0.8660254037844385,-0.5000000000000004,0.0,1,0.0,1,0.0,1,0.0,1,0.14285714285714285,0.37796447300923997,0.0,1.0,0.35714285714285715,0.39285714285714285,0.9560445408144762,0.0,4.0,0.36363636363636365,0,105.03,0.0,0.0,True,False,False,False,False,False,False,False,False,False,False,False,False,False,False,False,True,False,False,False,False,False,False,False,False,False,False,False,False,False,False,True,False,False,False,False
Germany,Formal Shirt,2025-08-22,Apparel,0.0,105.03,,20.0,2.0,0.0,0.0,4,22,34,8,3,234,0,-0.433883739117558,-0.9009688679024191,-0.8660254037844385,-0.5000000000000004,0.0,1,0.0,1,0.0,1,0.0,1,0.14285714285714285,0.37796447300923997,0.0,1.0,0.35714285714285715,0.39285714285714285,0.9560445408144762,0.0,4.0,0.36363636363636365,0,105.03,0.0,0.0,True,False,False,False,False,False,False,False,False,False,False,False,False,False,False,False,True,False,False,False,False,False,False,False,False,False,False,False,False,False,False,True,False,False,False,False
Germany,Formal Shirt,2025-08-23,Apparel,0.0,105.03,,20.0,2.0,0.0,0.0,5,23,34,8,3,235,1,-0.9749279121818236,-0.2225209339563146,-0.8660254037844385,-0.5000000000000004,0.0,1,0.0,1,0.0,1,4.0,1,0.14285714285714285,0.37796447300923997,0.0,1.0,0.35714285714285715,0.39285714285714285,0.9560445408144762,0.0,4.0,0.36363636363636365,0,105.03,0.0,0.0,True,False,False,False,False,False,False,False,False,False,False,False,False,False,False,False,True,False,False,False,False,False,False,False,False,False,False,False,False,False,False,True,False,False,False,False
Germany,Formal Shirt,2025-08-24,Apparel,0.0,105.03,,20.0,2.0,0.0,0.0,6,24,34,8,3,236,1,-0.7818314824680299,0.6234898018587334,-0.8660254037844385,-0.5000000000000004,0.0,1,0.0,1,0.0,1,0.0,1,0.14285714285714285,0.37796447300923997,0.0,1.0,0.35714285714285715,0.25,0.645497224367902,0.0,2.0,0.5714285714285714,0,105.03,0.0,0.0,True,False,False,False,False,False,False,False,False,False,False,False,False,False,False,False,True,False,False,False,False,False,False,False,False,False,False,False,False,False,False,True,False,False,False,False
Germany,Formal Shirt,2025-08-25,Apparel,0.0,105.03,,20.0,2.0,0.0,0.0,0,25,35,8,3,237,0,0.0,1.0,-0.8660254037844385,-0.5000000000000004,0.0,1,0.0,1,2.0,1,0.0,1,0.14285714285714285,0.37796447300923997,0.0,1.0,0.35714285714285715,0.25,0.645497224367902,0.0,2.0,0.5714285714285714,0,105.03,0.0,0.0,True,False,False,False,False,False,False,False,False,False,False,False,False,False,False,False,True,False,False,False,False,False,False,False,False,False,False,False,False,False,False,True,False,False,False,False
Germany,Formal Shirt,2025-08-26,Apparel,0.0,105.03,,20.0,2.0,0.0,0.0,1,26,35,8,3,238,0,0.7818314824680298,0.6234898018587336,-0.8660254037844385,-0.5000000000000004,0.0,1,1.0,1,0.0,1,0.0,1,0.14285714285714285,0.37796447300923997,0.0,1.0,0.21428571428571427,0.25,0.645497224367902,0.0,2.0,0.5714285714285714,0,105.03,0.0,0.0,True,False,False,False,False,False,False,False,False,False,False,False,False,False,False,False,True,False,False,False,False,False,False,False,False,False,False,False,False,False,False,True,False,False,False,False
Germany,Formal Shirt,2025-08-27,Apparel,0.0,105.03,,20.0,2.0,0.0,0.0,2,27,35,8,3,239,0,0.9749279121818236,-0.22252093395631434,-0.8660254037844385,-0.5000000000000004,0.0,1,0.0,1,2.0,1,0.0,1,0.0,0.0,0.0,0.0,0.21428571428571427,0.25,0.645497224367902,0.0,2.0,0.0,0,105.03,0.0,0.0,True,False,False,False,False,False,False,False,False,False,False,False,False,False,False,False,True,False,False,False,False,False,False,False,False,False,False,False,False,False,False,True,False,False,False,False
Germany,Formal Shirt,2025-08-28,Apparel,2.0,67.44,0.1,20.0,2.0,1.0,0.0,3,28,35,8,3,240,0,0.43388373911755823,-0.900968867902419,-0.8660254037844385,-0.5000000000000004,0.0,1,0.0,1,0.0,1,0.0,1,0.0,0.0,0.0,0.0,0.07142857142857142,0.25,0.645497224367902,0.0,2.0,0.0,1,105.03,-37.59,-0.35789774350185666,True,False,False,False,False,False,False,False,False,False,False,False,False,False,False,False,True,False,False,False,False,False,False,False,False,False,False,False,False,False,False,True,False,False,False,False
Germany,Formal Shirt,2025-08-29,Apparel,3.0,37.89,0.14,20.0,2.0,1.0,0.0,4,29,35,8,3,241,0,-0.433883739117558,-0.9009688679024191,-0.8660254037844385,-0.5000000000000004,2.0,1,0.0,1,0.0,1,0.0,1,0.2857142857142857,0.755928946018461,0.0,2.0,0.21428571428571427,0.32142857142857145,0.7228324650199183,0.0,2.0,0.8888888888888887,1,67.44,-29.549999999999997,-0.43816725978647686,True,False,False,False,False,False,False,False,False,False,False,False,False,False,False,False,True,False,False,False,False,False,False,False,False,False,False,False,False,False,False,True,False,False,False,False
Germany,Formal Shirt,2025-08-30,Apparel,0.0,37.89,,20.0,2.0,0.0,0.0,5,30,35,8,3,242,1,-0.9749279121818236,-0.2225209339563146,-0.8660254037844385,-0.5000000000000004,3.0,1,0.0,1,0.0,1,0.0,1,0.7142857142857143,1.2535663410560216,0.0,3.0,0.42857142857142855,0.42857142857142855,0.8789122666607693,0.0,3.0,1.6666666666666667,0,37.89,0.0,0.0,True,False,False,False,False,False,False,False,False,False,False,False,False,False,False,False,True,False,False,False,False,False,False,False,False,False,False,False,False,False,False,True,False,False,False,False
Germany,Formal Shirt,2025-08-31,Apparel,0.0,37.89,,20.0,2.0,0.0,0.0,6,31,35,8,3,243,1,-0.7818314824680299,0.6234898018587334,-0.8660254037844385,-0.5000000000000004,0.0,1,0.0,1,0.0,1,2.0,1,0.7142857142857143,1.2535663410560216,0.0,3.0,0.42857142857142855,0.42857142857142855,0.8789122666607693,0.0,3.0,1.6666666666666667,0,37.89,0.0,0.0,True,False,False,False,False,False,False,False,False,False,False,False,False,False,False,False,True,False,False,False,False,False,False,False,False,False,False,False,False,False,False,True,False,False,False,False
Germany,Formal Shirt,2025-09-01,Apparel,2.0,148.09,0.06,20.0,2.0,1.0,0.0,0,1,36,9,3,244,0,0.0,1.0,-1.0,-1.8369701987210297e-16,0.0,1,0.0,1,0.0,1,0.0,1,0.7142857142857143,1.2535663410560216,0.0,3.0,0.42857142857142855,0.35714285714285715,0.8261595987094027,0.0,3.0,2.0,1,37.89,110.2,2.9084191079440487,True,False,False,False,False,False,False,False,False,False,False,False,False,False,False,False,True,False,False,False,False,False,False,False,False,False,False,False,False,False,False,True,False,False,False,False
Germany,Formal Shirt,2025-09-02,Apparel,0.0,148.09,,20.0,2.0,0.0,0.0,1,2,36,9,3,245,0,0.7818314824680298,0.6234898018587336,-1.0,-1.8369701987210297e-16,2.0,1,0.0,1,1.0,1,0.0,1,1.0,1.2909944487358096,0.0,3.0,0.5714285714285714,0.42857142857142855,0.8789122666607693,0.0,3.0,2.3333333333333335,0,148.09,0.0,0.0,True,False,False,False,False,False,False,False,False,False,False,False,False,False,False,False,True,False,False,False,False,False,False,False,False,False,False,False,False,False,False,True,False,False,False,False
Germany,Formal Shirt,2025-09-03,Apparel,1.0,25.75,0.05,20.0,2.0,1.0,0.0,2,3,36,9,3,246,0,0.9749279121818236,-0.22252093395631434,-1.0,-1.8369701987210297e-16,0.0,1,0.0,1,0.0,1,0.0,1,1.0,1.2909944487358096,0.0,3.0,0.5,0.42857142857142855,0.8789122666607693,0.0,3.0,2.3333333333333335,1,148.09,-122.34,-0.8261192518063339,True,False,False,False,False,False,False,False,False,False,False,False,False,False,False,False,True,False,False,False,False,False,False,False,False,False,False,False,False,False,False,True,False,False,False,False
Germany,Formal Shirt,2025-09-04,Apparel,0.0,25.75,,20.0,2.0,0.0,0.0,3,4,36,9,3,247,0,0.43388373911755823,-0.900968867902419,-1.0,-1.8369701987210297e-16,1.0,1,2.0,1,0.0,1,0.0,1,1.1428571428571428,1.2149857925879162,0.0,3.0,0.5714285714285714,0.4642857142857143,0.881166855059259,0.0,3.0,2.4615384615384612,0,25.75,0.0,0.0,True,False,False,False,False,False,False,False,False,False,False,False,False,False,False,False,True,False,False,False,False,False,False,False,False,False,False,False,False,False,False,True,False,False,False,False
Germany,Formal Shirt,2025-09-05,Apparel,0.0,25.75,,20.0,2.0,0.0,0.0,4,5,36,9,3,248,0,-0.433883739117558,-0.9009688679024191,-1.0,-1.8369701987210297e-16,0.0,1,3.0,1,0.0,1,0.0,1,0.8571428571428571,1.214985792587916,0.0,3.0,0.5714285714285714,0.4642857142857143,0.881166855059259,0.0,3.0,1.846153846153846,0,25.75,0.0,0.0,True,False,False,False,False,False,False,False,False,False,False,False,False,False,False,False,True,False,False,False,False,False,False,False,False,False,False,False,False,False,False,True,False,False,False,False
Germany,Formal Shirt,2025-09-06,Apparel,0.0,25.75,,20.0,2.0,0.0,0.0,5,6,36,9,3,249,1,-0.9749279121818236,-0.2225209339563146,-1.0,-1.8369701987210297e-16,0.0,1,0.0,1,0.0,1,0.0,1,0.42857142857142855,0.7867957924694493,0.0,2.0,0.5714285714285714,0.4642857142857143,0.881166855059259,0.0,3.0,0.923076923076923,0,25.75,0.0,0.0,True,False,False,False,False,False,False,False,False,False,False,False,False,False,False,False,True,False,False,False,False,False,False,False,False,False,False,False,False,False,False,True,False,False,False,False
Germany,Formal Shirt,2025-09-07,Apparel,6.0,91.20333333333333,0.14,20.0,2.0,1.0,1.0,6,7,36,9,3,250,1,-0.7818314824680299,0.6234898018587334,-1.0,-1.8369701987210297e-16,0.0,1,0.0,1,0.0,1,0.0,1,0.42857142857142855,0.7867957924694493,0.0,2.0,0.5714285714285714,0.4642857142857143,0.881166855059259,0.0,3.0,0.923076923076923,1,25.75,65.45333333333333,2.5418770226537215,True,False,False,False,False,False,False,False,False,False,False,False,False,False,False,False,True,False,False,False,False,False,False,False,False,False,False,False,False,False,False,True,False,False,False,False
Germany,Formal Shirt,2025-09-08,Apparel,0.0,91.20333333333333,,20.0,2.0,0.0,0.0,0,8,37,9,3,251,0,0.0,1.0,-1.0,-1.8369701987210297e-16,6.0,1,2.0,1,0.0,1,2.0,1,1.2857142857142858,2.2146697055682854,0.0,6.0,1.0,0.6785714285714286,1.3622848842368118,0.0,6.0,1.8947368421052633,0,91.20333333333333,0.0,0.0,True,False,False,False,False,False,False,False,False,False,False,False,False,False,False,False,True,False,False,False,False,False,False,False,False,False,False,False,False,False,False,True,False,False,False,False
Germany,Formal Shirt,2025-09-09,Apparel,0.0,91.20333333333333,,20.0,2.0,0.0,0.0,1,9,37,9,3,252,0,0.7818314824680298,0.6234898018587336,-1.0,-1.8369701987210297e-16,0.0,1,0.0,1,0.0,1,0.0,1,1.0,2.236067977499792,0.0,6.0,1.0,0.6071428571428571,1.3427248612094926,0.0,6.0,1.647058823529412,0,91.20333333333333,0.0,0.0,True,False,False,False,False,False,False,False,False,False,False,False,False,False,False,False,True,False,False,False,False,False,False,False,False,False,False,False,False,False,False,True,False,False,False,False
Germany,Formal Shirt,2025-09-10,Apparel,3.0,42.96,0.01,20.0,2.0,1.0,0.0,2,10,37,9,3,253,0,0.9749279121818236,-0.22252093395631434,-1.0,-1.8369701987210297e-16,0.0,1,1.0,1,0.0,1,2.0,1,1.0,2.236067977499792,0.0,6.0,1.0,0.6071428571428571,1.3427248612094926,0.0,6.0,1.647058823529412,1,91.20333333333333,-48.24333333333333,-0.5289645846277549,True,False,False,False,False,False,False,False,False,False,False,False,False,False,False,False,True,False,False,False,False,False,False,False,False,False,False,False,False,False,False,True,False,False,False,False
Germany,Formal Shirt,2025-09-11,Apparel,0.0,42.96,,20.0,2.0,0.0,0.0,3,11,37,9,3,254,0,0.43388373911755823,-0.900968867902419,-1.0,-1.8369701987210297e-16,3.0,1,0.0,1,2.0,1,0.0,1,1.2857142857142858,2.360387377408332,0.0,6.0,1.2142857142857142,0.6428571428571429,1.393484460551656,0.0,6.0,2.0,0,42.96,0.0,0.0,True,False,False,False,False,False,False,False,False,False,False,False,False,False,False,False,True,False,False,False,False,False,False,False,False,False,False,False,False,False,False,True,False,False,False,False
Germany,Formal Shirt,2025-09-12,Apparel,0.0,42.96,,20.0,2.0,0.0,0.0,4,12,37,9,3,255,0,-0.433883739117558,-0.9009688679024191,-1.0,-1.8369701987210297e-16,0.0,1,0.0,1,3.0,1,0.0,1,1.2857142857142858,2.360387377408332,0.0,6.0,1.0714285714285714,0.6428571428571429,1.393484460551656,0.0,6.0,2.0,0,42.96,0.0,0.0,True,False,False,False,False,False,False,False,False,False,False,False,False,False,False,False,True,False,False,False,False,False,False,False,False,False,False,False,False,False,False,True,False,False,False,False
Germany,Formal Shirt,2025-09-13,Apparel,1.0,109.39,0.13,20.0,2.0,1.0,0.0,5,13,37,9,3,256,1,-0.9749279121818236,-0.2225209339563146,-1.0,-1.8369701987210297e-16,0.0,1,0.0,1,0.0,1,0.0,1,1.2857142857142858,2.360387377408332,0.0,6.0,0.8571428571428571,0.6428571428571429,1.393484460551656,0.0,6.0,2.0,1,42.96,66.43,1.5463221601489758,True,False,False,False,False,False,False,False,False,False,False,False,False,False,False,False,True,False,False,False,False,False,False,False,False,False,False,False,False,False,False,True,False,False,False,False
Germany,Formal Shirt,2025-09-14,Apparel,0.0,109.39,,20.0,2.0,0.0,0.0,6,14,37,9,3,257,1,-0.7818314824680299,0.6234898018587334,-1.0,-1.8369701987210297e-16,1.0,1,6.0,1,0.0,1,0.0,1,1.4285714285714286,2.299068134204443,0.0,6.0,0.9285714285714286,0.6785714285714286,1.3892063129334598,0.0,6.0,2.1052631578947367,0,109.39,0.0,0.0,True,False,False,False,False,False,False,False,False,False,False,False,False,False,False,False,True,False,False,False,False,False,False,False,False,False,False,False,False,False,False,True,False,False,False,False
Germany,Formal Shirt,2025-09-15,Apparel,0.0,109.39,,20.0,2.0,0.0,0.0,0,15,38,9,3,258,0,0.0,1.0,-1.0,-1.8369701987210297e-16,0.0,1,0.0,1,2.0,1,0.0,1,0.5714285714285714,1.1338934190276861,0.0,3.0,0.9285714285714286,0.6785714285714286,1.3892063129334598,0.0,6.0,0.8421052631578947,0,109.39,0.0,0.0,True,False,False,False,False,False,False,False,False,False,False,False,False,False,False,False,True,False,False,False,False,False,False,False,False,False,False,False,False,False,False,True,False,False,False,False
Germany,Formal Shirt,2025-09-16,Apparel,0.0,109.39,,20.0,2.0,0.0,0.0,1,16,38,9,3,259,0,0.7818314824680298,0.6234898018587336,-1.0,-1.8369701987210297e-16,0.0,1,0.0,1,0.0,1,1.0,1,0.5714285714285714,1.1338934190276861,0.0,3.0,0.7857142857142857,0.6785714285714286,1.3892063129334598,0.0,6.0,0.8421052631578947,0,109.39,0.0,0.0,True,False,False,False,False,False,False,False,False,False,False,False,False,False,False,False,True,False,False,False,False,False,False,False,False,False,False,False,False,False,False,True,False,False,False,False
Germany,Formal Shirt,2025-09-17,Apparel,0.0,109.39,,20.0,2.0,0.0,0.0,2,17,38,9,3,260,0,0.9749279121818236,-0.22252093395631434,-1.0,-1.8369701987210297e-16,0.0,1,3.0,1,1.0,1,0.0,1,0.5714285714285714,1.1338934190276861,0.0,3.0,0.7857142857142857,0.6428571428571429,1.393484460551656,0.0,6.0,0.8888888888888887,0,109.39,0.0,0.0,True,False,False,False,False,False,False,False,False,False,False,False,False,False,False,False,True,False,False,False,False,False,False,False,False,False,False,False,False,False,False,True,False,False,False,False
Germany,Formal Shirt,2025-09-18,Apparel,0.0,109.39,,20.0,2.0,0.0,0.0,3,18,38,9,3,261,0,0.43388373911755823,-0.900968867902419,-1.0,-1.8369701987210297e-16,0.0,1,0.0,1,0.0,1,0.0,1,0.14285714285714285,0.37796447300924024,0.0,1.0,0.7142857142857143,0.6428571428571429,1.393484460551656,0.0,6.0,0.22222222222222218,0,109.39,0.0,0.0,True,False,False,False,False,False,False,False,False,False,False,False,False,False,False,False,True,False,False,False,False,False,False,False,False,False,False,False,False,False,False,True,False,False,False,False
Germany,Formal Shirt,2025-09-19,Apparel,0.0,109.39,,20.0,2.0,0.0,0.0,4,19,38,9,3,262,0,-0.433883739117558,-0.9009688679024191,-1.0,-1.8369701987210297e-16,0.0,1,0.0,1,0.0,1,0.0,1,0.14285714285714285,0.37796447300924024,0.0,1.0,0.7142857142857143,0.6428571428571429,1.393484460551656,0.0,6.0,0.22222222222222218,0,109.39,0.0,0.0,True,False,False,False,False,False,False,False,False,False,False,False,False,False,False,False,True,False,False,False,False,False,False,False,False,False,False,False,False,False,False,True,False,False,False,False
Germany,Formal Shirt,2025-09-20,Apparel,0.0,109.39,,20.0,2.0,0.0,0.0,5,20,38,9,3,263,1,-0.9749279121818236,-0.2225209339563146,-1.0,-1.8369701987210297e-16,0.0,1,1.0,1,0.0,1,0.0,1,0.14285714285714285,0.37796447300924024,0.0,1.0,0.7142857142857143,0.6428571428571429,1.393484460551656,0.0,6.0,0.22222222222222218,0,109.39,0.0,0.0,True,False,False,False,False,False,False,False,False,False,False,False,False,False,False,False,True,False,False,False,False,False,False,False,False,False,False,False,False,False,False,True,False,False,False,False
Germany,Formal Shirt,2025-09-21,Apparel,0.0,109.39,,20.0,2.0,0.0,0.0,6,21,38,9,3,264,1,-0.7818314824680299,0.6234898018587334,-1.0,-1.8369701987210297e-16,0.0,1,0.0,1,6.0,1,0.0,1,0.0,0.0,0.0,0.0,0.7142857142857143,0.6428571428571429,1.393484460551656,0.0,6.0,0.0,0,109.39,0.0,0.0,True,False,False,False,False,False,False,False,False,False,False,False,False,False,False,False,True,False,False,False,False,False,False,False,False,False,False,False,False,False,False,True,False,False,False,False
Germany,Formal Shirt,2025-09-22,Apparel,0.0,109.39,,20.0,2.0,0.0,0.0,0,22,39,9,3,265,0,0.0,1.0,-1.0,-1.8369701987210297e-16,0.0,1,0.0,1,0.0,1,0.0,1,0.0,0.0,0.0,0.0,0.2857142857142857,0.6428571428571429,1.393484460551656,0.0,6.0,0.0,0,109.39,0.0,0.0,True,False,False,False,False,False,False,False,False,False,False,False,False,False,False,False,True,False,False,False,False,False,False,False,False,False,False,False,False,False,False,True,False,False,False,False
Germany,Formal Shirt,2025-09-23,Apparel,2.0,68.13,0.04,20.0,2.0,1.0,0.0,1,23,39,9,3,266,0,0.7818314824680298,0.6234898018587336,-1.0,-1.8369701987210297e-16,0.0,1,0.0,1,0.0,1,0.0,1,0.0,0.0,0.0,0.0,0.2857142857142857,0.6428571428571429,1.393484460551656,0.0,6.0,0.0,1,109.39,-41.260000000000005,-0.3771825578206418,True,False,False,False,False,False,False,False,False,False,False,False,False,False,False,False,True,False,False,False,False,False,False,False,False,False,False,False,False,False,False,True,False,False,False,False
Germany,Formal Shirt,2025-09-24,Apparel,1.0,108.89,0.07,20.0,2.0,1.0,0.0,2,24,39,9,3,267,0,0.9749279121818236,-0.22252093395631434,-1.0,-1.8369701987210297e-16,2.0,1,0.0,1,3.0,1,0.0,1,0.2857142857142857,0.7559289460184612,0.0,2.0,0.42857142857142855,0.7142857142857143,1.4104672946998762,0.0,6.0,0.39999999999999997,1,68.13,40.760000000000005,0.5982680170262734,True,False,False,False,False,False,False,False,False,False,False,False,False,False,False,False,True,False,False,False,False,False,False,False,False,False,False,False,False,False,False,True,False,False,False,False
Germany,Formal Shirt,2025-09-25,Apparel,1.0,68.32,0.12,20.0,2.0,1.0,0.0,3,25,39,9,3,268,0,0.43388373911755823,-0.900968867902419,-1.0,-1.8369701987210297e-16,1.0,1,0.0,1,0.0,1,2.0,1,0.42857142857142855,0.7867957924694496,0.0,2.0,0.2857142857142857,0.75,1.4043582955293925,0.0,6.0,0.5714285714285714,1,108.89,-40.57000000000001,-0.3725778308384609,True,False,False,False,False,False,False,False,False,False,False,False,False,False,False,False,True,False,False,False,False,False,False,False,False,False,False,False,False,False,False,True,False,False,False,False
Germany,Formal Shirt,2025-09-26,Apparel,1.0,62.99,0.07,20.0,2.0,1.0,0.0,4,26,39,9,3,269,0,-0.433883739117558,-0.9009688679024191,-1.0,-1.8369701987210297e-16,1.0,1,0.0,1,0.0,1,3.0,1,0.5714285714285714,0.7867957924694498,0.0,2.0,0.35714285714285715,0.7142857142857143,1.3839595063960193,0.0,6.0,0.7999999999999999,1,68.32,-5.329999999999991,-0.07801522248243548,True,False,False,False,False,False,False,False,False,False,False,False,False,False,False,False,True,False,False,False,False,False,False,False,False,False,False,False,False,False,False,True,False,False,False,False
Germany,Formal Shirt,2025-09-27,Apparel,0.0,62.99,,20.0,2.0,0.0,0.0,5,27,39,9,3,270,1,-0.9749279121818236,-0.2225209339563146,-1.0,-1.8369701987210297e-16,1.0,1,0.0,1,1.0,1,0.0,1,0.7142857142857143,0.7559289460184616,0.0,2.0,0.42857142857142855,0.6428571428571429,1.3113263207824046,0.0,6.0,1.1111111111111112,0,62.99,0.0,0.0,True,False,False,False,False,False,False,False,False,False,False,False,False,False,False,False,True,False,False,False,False,False,False,False,False,False,False,False,False,False,False,True,False,False,False,False
Germany,Formal Shirt,2025-09-28,Apparel,0.0,62.99,,20.0,2.0,0.0,0.0,6,28,39,9,3,271,1,-0.7818314824680299,0.6234898018587334,-1.0,-1.8369701987210297e-16,0.0,1,0.0,1,0.0,1,0.0,1,0.7142857142857143,0.7559289460184616,0.0,2.0,0.35714285714285715,0.6428571428571429,1.3113263207824046,0.0,6.0,1.1111111111111112,0,62.99,0.0,0.0,True,False,False,False,False,False,False,False,False,False,False,False,False,False,False,False,True,False,False,False,False,False,False,False,False,False,False,False,False,False,False,True,False,False,False,False
Germany,Formal Shirt,2025-09-29,Apparel,0.0,62.99,,20.0,2.0,0.0,0.0,0,29,40,9,3,272,0,0.0,1.0,-1.0,-1.8369701987210297e-16,0.0,1,0.0,1,0.0,1,2.0,1,0.7142857142857143,0.7559289460184616,0.0,2.0,0.35714285714285715,0.6428571428571429,1.3113263207824046,0.0,6.0,1.1111111111111112,0,62.99,0.0,0.0,True,False,False,False,False,False,False,False,False,False,False,False,False,False,False,False,True,False,False,False,False,False,False,False,False,False,False,False,False,False,False,True,False,False,False,False
Germany,Formal Shirt,2025-09-30,Apparel,0.0,62.99,,20.0,2.0,0.0,0.0,1,30,40,9,3,273,0,0.7818314824680298,0.6234898018587336,-1.0,-1.8369701987210297e-16,0.0,1,2.0,1,0.0,1,0.0,1,0.7142857142857143,0.7559289460184616,0.0,2.0,0.35714285714285715,0.5714285714285714,1.28894362226424,0.0,6.0,1.25,0,62.99,0.0,0.0,True,False,False,False,False,False,False,False,False,False,False,False,False,False,False,False,True,False,False,False,False,False,False,False,False,False,False,False,False,False,False,True,False,False,False,False
Germany,Formal Shirt,2025-10-01,Apparel,0.0,62.99,,20.0,2.0,0.0,0.0,2,1,40,10,4,274,0,0.9749279121818236,-0.22252093395631434,-0.8660254037844386,0.5000000000000001,0.0,1,1.0,1,0.0,1,1.0,1,0.42857142857142855,0.5345224838248583,0.0,1.0,0.35714285714285715,0.5714285714285714,1.28894362226424,0.0,6.0,0.75,0,62.99,0.0,0.0,True,False,False,False,False,False,False,False,False,False,False,False,False,False,False,False,True,False,False,False,False,False,False,False,False,False,False,False,False,False,False,True,False,False,False,False
Germany,Formal Shirt,2025-10-02,Apparel,0.0,62.99,,20.0,2.0,0.0,0.0,3,2,40,10,4,275,0,0.43388373911755823,-0.900968867902419,-0.8660254037844386,0.5000000000000001,0.0,1,1.0,1,0.0,1,0.0,1,0.2857142857142857,0.48795003647427687,0.0,1.0,0.35714285714285715,0.5357142857142857,1.290482047664327,0.0,6.0,0.5333333333333333,0,62.99,0.0,0.0,True,False,False,False,False,False,False,False,False,False,False,False,False,False,False,False,True,False,False,False,False,False,False,False,False,False,False,False,False,False,False,True,False,False,False,False
Germany,Formal Shirt,2025-10-03,Apparel,0.0,62.99,,20.0,2.0,0.0,0.0,4,3,40,10,4,276,0,-0.433883739117558,-0.9009688679024191,-0.8660254037844386,0.5000000000000001,0.0,1,1.0,1,0.0,1,0.0,1,0.14285714285714285,0.37796447300924024,0.0,1.0,0.35714285714285715,0.5357142857142857,1.290482047664327,0.0,6.0,0.26666666666666666,0,62.99,0.0,0.0,True,False,False,False,False,False,False,False,False,False,False,False,False,False,False,False,True,False,False,False,False,False,False,False,False,False,False,False,False,False,False,True,False,False,False,False
Germany,Formal Shirt,2025-10-04,Apparel,0.0,62.99,,20.0,2.0,0.0,0.0,5,4,40,10,4,277,1,-0.9749279121818236,-0.2225209339563146,-0.8660254037844386,0.5000000000000001,0.0,1,0.0,1,0.0,1,0.0,1,0.0,0.0,0.0,0.0,0.35714285714285715,0.5357142857142857,1.290482047664327,0.0,6.0,0.0,0,62.99,0.0,0.0,True,False,False,False,False,False,False,False,False,False,False,False,False,False,False,False,True,False,False,False,False,False,False,False,False,False,False,False,False,False,False,True,False,False,False,False
Germany,Formal Shirt,2025-10-05,Apparel,0.0,62.99,,20.0,2.0,0.0,0.0,6,5,40,10,4,278,1,-0.7818314824680299,0.6234898018587334,-0.8660254037844386,0.5000000000000001,0.0,1,0.0,1,0.0,1,6.0,1,0.0,0.0,0.0,0.0,0.35714285714285715,0.5357142857142857,1.290482047664327,0.0,6.0,0.0,0,62.99,0.0,0.0,True,False,False,False,False,False,False,False,False,False,False,False,False,False,False,False,True,False,False,False,False,False,False,False,False,False,False,False,False,False,False,True,False,False,False,False
Germany,Formal Shirt,2025-10-06,Apparel,0.0,62.99,,20.0,2.0,0.0,0.0,0,6,41,10,4,279,0,0.0,1.0,-0.8660254037844386,0.5000000000000001,0.0,1,0.0,1,0.0,1,0.0,1,0.0,0.0,0.0,0.0,0.35714285714285715,0.32142857142857145,0.7228324650199185,0.0,3.0,0.0,0,62.99,0.0,0.0,True,False,False,False,False,False,False,False,False,False,False,False,False,False,False,False,True,False,False,False,False,False,False,False,False,False,False,False,False,False,False,True,False,False,False,False
Germany,Formal Shirt,2025-10-07,Apparel,0.0,62.99,,20.0,2.0,0.0,0.0,1,7,41,10,4,280,0,0.7818314824680298,0.6234898018587336,-0.8660254037844386,0.5000000000000001,0.0,1,0.0,1,2.0,1,0.0,1,0.0,0.0,0.0,0.0,0.35714285714285715,0.32142857142857145,0.7228324650199185,0.0,3.0,0.0,0,62.99,0.0,0.0,True,False,False,False,False,False,False,False,False,False,False,False,False,False,False,False,True,False,False,False,False,False,False,False,False,False,False,False,False,False,False,True,False,False,False,False
Germany,Formal Shirt,2025-10-08,Apparel,0.0,62.99,,20.0,2.0,0.0,0.0,2,8,41,10,4,281,0,0.9749279121818236,-0.22252093395631434,-0.8660254037844386,0.5000000000000001,0.0,1,0.0,1,1.0,1,3.0,1,0.0,0.0,0.0,0.0,0.21428571428571427,0.32142857142857145,0.7228324650199185,0.0,3.0,0.0,0,62.99,0.0,0.0,True,False,False,False,False,False,False,False,False,False,False,False,False,False,False,False,True,False,False,False,False,False,False,False,False,False,False,False,False,False,False,True,False,False,False,False
Germany,Formal Shirt,2025-10-09,Apparel,3.0,108.89,0.11,20.0,2.0,1.0,0.0,3,9,41,10,4,282,0,0.43388373911755823,-0.900968867902419,-0.8660254037844386,0.5000000000000001,0.0,1,0.0,1,1.0,1,0.0,1,0.0,0.0,0.0,0.0,0.14285714285714285,0.21428571428571427,0.49867549436206327,0.0,2.0,0.0,1,62.99,45.9,0.7286870931893951,True,False,False,False,False,False,False,False,False,False,False,False,False,False,False,False,True,False,False,False,False,False,False,False,False,False,False,False,False,False,False,True,False,False,False,False
Germany,Formal Shirt,2025-10-10,Apparel,0.0,108.89,,20.0,2.0,0.0,0.0,4,10,41,10,4,283,0,-0.433883739117558,-0.9009688679024191,-0.8660254037844386,0.5000000000000001,3.0,1,0.0,1,1.0,1,0.0,1,0.42857142857142855,1.1338934190276861,0.0,3.0,0.2857142857142857,0.32142857142857145,0.7228324650199185,0.0,3.0,1.3333333333333333,0,108.89,0.0,0.0,True,False,False,False,False,False,False,False,False,False,False,False,False,False,False,False,True,False,False,False,False,False,False,False,False,False,False,False,False,False,False,True,False,False,False,False
Germany,Formal Shirt,2025-10-11,Apparel,0.0,108.89,,20.0,2.0,0.0,0.0,5,11,41,10,4,284,1,-0.9749279121818236,-0.2225209339563146,-0.8660254037844386,0.5000000000000001,0.0,1,0.0,1,0.0,1,1.0,1,0.42857142857142855,1.1338934190276861,0.0,3.0,0.21428571428571427,0.32142857142857145,0.7228324650199185,0.0,3.0,1.3333333333333333,0,108.89,0.0,0.0,True,False,False,False,False,False,False,False,False,False,False,False,False,False,False,False,True,False,False,False,False,False,False,False,False,False,False,False,False,False,False,True,False,False,False,False
Germany,Formal Shirt,2025-10-12,Apparel,0.0,108.89,,20.0,2.0,0.0,0.0,6,12,41,10,4,285,1,-0.7818314824680299,0.6234898018587334,-0.8660254037844386,0.5000000000000001,0.0,1,0.0,1,0.0,1,0.0,1,0.42857142857142855,1.1338934190276861,0.0,3.0,0.21428571428571427,0.2857142857142857,0.7126966450997979,0.0,3.0,1.5,0,108.89,0.0,0.0,True,False,False,False,False,False,False,False,False,False,False,False,False,False,False,False,True,False,False,False,False,False,False,False,False,False,False,False,False,False,False,True,False,False,False,False
Germany,Formal Shirt,2025-10-13,Apparel,0.0,108.89,,20.0,2.0,0.0,0.0,0,13,42,10,4,286,0,0.0,1.0,-0.8660254037844386,0.5000000000000001,0.0,1,0.0,1,0.0,1,0.0,1,0.42857142857142855,1.1338934190276861,0.0,3.0,0.21428571428571427,0.2857142857142857,0.7126966450997979,0.0,3.0,1.5,0,108.89,0.0,0.0,True,False,False,False,False,False,False,False,False,False,False,False,False,False,False,False,True,False,False,False,False,False,False,False,False,False,False,False,False,False,False,True,False,False,False,False
Germany,Formal Shirt,2025-10-14,Apparel,0.0,108.89,,20.0,2.0,0.0,0.0,1,14,42,10,4,287,0,0.7818314824680298,0.6234898018587336,-0.8660254037844386,0.5000000000000001,0.0,1,0.0,1,0.0,1,0.0,1,0.42857142857142855,1.1338934190276861,0.0,3.0,0.21428571428571427,0.2857142857142857,0.7126966450997979,0.0,3.0,1.5,0,108.89,0.0,0.0,True,False,False,False,False,False,False,False,False,False,False,False,False,False,False,False,True,False,False,False,False,False,False,False,False,False,False,False,False,False,False,True,False,False,False,False
Germany,Formal Shirt,2025-10-15,Apparel,0.0,108.89,,20.0,2.0,0.0,0.0,2,15,42,10,4,288,0,0.9749279121818236,-0.22252093395631434,-0.8660254037844386,0.5000000000000001,0.0,1,0.0,1,0.0,1,0.0,1,0.42857142857142855,1.1338934190276861,0.0,3.0,0.21428571428571427,0.2857142857142857,0.7126966450997979,0.0,3.0,1.5,0,108.89,0.0,0.0,True,False,False,False,False,False,False,False,False,False,False,False,False,False,False,False,True,False,False,False,False,False,False,False,False,False,False,False,False,False,False,True,False,False,False,False
Germany,Formal Shirt,2025-10-16,Apparel,2.0,48.64,0.01,20.0,2.0,1.0,0.0,3,16,42,10,4,289,0,0.43388373911755823,-0.900968867902419,-0.8660254037844386,0.5000000000000001,0.0,1,3.0,1,0.0,1,0.0,1,0.42857142857142855,1.1338934190276861,0.0,3.0,0.21428571428571427,0.2857142857142857,0.7126966450997979,0.0,3.0,1.5,1,108.89,-60.25,-0.5533106805032602,True,False,False,False,False,False,False,False,False,False,False,False,False,False,False,False,True,False,False,False,False,False,False,False,False,False,False,False,False,False,False,True,False,False,False,False
Germany,Formal Shirt,2025-10-17,Apparel,0.0,48.64,,20.0,2.0,0.0,0.0,4,17,42,10,4,290,0,-0.433883739117558,-0.9009688679024191,-0.8660254037844386,0.5000000000000001,2.0,1,0.0,1,0.0,1,0.0,1,0.2857142857142857,0.7559289460184613,0.0,2.0,0.35714285714285715,0.35714285714285715,0.7800420555749591,0.0,3.0,0.7999999999999999,0,48.64,0.0,0.0,True,False,False,False,False,False,False,False,False,False,False,False,False,False,False,False,True,False,False,False,False,False,False,False,False,False,False,False,False,False,False,True,False,False,False,False
Germany,Formal Shirt,2025-10-18,Apparel,0.0,48.64,,20.0,2.0,0.0,0.0,5,18,42,10,4,291,1,-0.9749279121818236,-0.2225209339563146,-0.8660254037844386,0.5000000000000001,0.0,1,0.0,1,0.0,1,0.0,1,0.2857142857142857,0.7559289460184613,0.0,2.0,0.35714285714285715,0.35714285714285715,0.7800420555749591,0.0,3.0,0.7999999999999999,0,48.64,0.0,0.0,True,False,False,False,False,False,False,False,False,False,False,False,False,False,False,False,True,False,False,False,False,False,False,False,False,False,False,False,False,False,False,True,False,False,False,False
Germany,Formal Shirt,2025-10-19,Apparel,0.0,48.64,,20.0,2.0,0.0,0.0,6,19,42,10,4,292,1,-0.7818314824680299,0.6234898018587334,-0.8660254037844386,0.5000000000000001,0.0,1,0.0,1,0.0,1,0.0,1,0.2857142857142857,0.7559289460184613,0.0,2.0,0.35714285714285715,0.35714285714285715,0.7800420555749591,0.0,3.0,0.7999999999999999,0,48.64,0.0,0.0,True,False,False,False,False,False,False,False,False,False,False,False,False,False,False,False,True,False,False,False,False,False,False,False,False,False,False,False,False,False,False,True,False,False,False,False
Germany,Formal Shirt,2025-10-20,Apparel,0.0,48.64,,20.0,2.0,0.0,0.0,0,20,43,10,4,293,0,0.0,1.0,-0.8660254037844386,0.5000000000000001,0.0,1,0.0,1,0.0,1,0.0,1,0.2857142857142857,0.7559289460184613,0.0,2.0,0.35714285714285715,0.35714285714285715,0.7800420555749591,0.0,3.0,0.7999999999999999,0,48.64,0.0,0.0,True,False,False,False,False,False,False,False,False,False,False,False,False,False,False,False,True,False,False,False,False,False,False,False,False,False,False,False,False,False,False,True,False,False,False,False
Germany,Formal Shirt,2025-10-21,Apparel,2.0,121.06,0.09,20.0,2.0,1.0,0.0,1,21,43,10,4,294,0,0.7818314824680298,0.6234898018587336,-0.8660254037844386,0.5000000000000001,0.0,1,0.0,1,0.0,1,2.0,1,0.2857142857142857,0.7559289460184613,0.0,2.0,0.35714285714285715,0.35714285714285715,0.7800420555749591,0.0,3.0,0.7999999999999999,1,48.64,72.42,1.4888980263157896,True,False,False,False,False,False,False,False,False,False,False,False,False,False,False,False,True,False,False,False,False,False,False,False,False,False,False,False,False,False,False,True,False,False,False,False
Germany,Formal Shirt,2025-10-22,Apparel,0.0,121.06,,20.0,2.0,0.0,0.0,2,22,43,10,4,295,0,0.9749279121818236,-0.22252093395631434,-0.8660254037844386,0.5000000000000001,2.0,1,0.0,1,0.0,1,1.0,1,0.5714285714285714,0.9759000729485386,0.0,2.0,0.5,0.35714285714285715,0.7800420555749591,0.0,3.0,1.5999999999999999,0,121.06,0.0,0.0,True,False,False,False,False,False,False,False,False,False,False,False,False,False,False,False,True,False,False,False,False,False,False,False,False,False,False,False,False,False,False,True,False,False,False,False
Germany,Formal Shirt,2025-10-23,Apparel,0.0,121.06,,20.0,2.0,0.0,0.0,3,23,43,10,4,296,0,0.43388373911755823,-0.900968867902419,-0.8660254037844386,0.5000000000000001,0.0,1,2.0,1,3.0,1,1.0,1,0.5714285714285714,0.9759000729485386,0.0,2.0,0.5,0.32142857142857145,0.7723735149271017,0.0,3.0,1.7777777777777775,0,121.06,0.0,0.0,True,False,False,False,False,False,False,False,False,False,False,False,False,False,False,False,True,False,False,False,False,False,False,False,False,False,False,False,False,False,False,True,False,False,False,False
Germany,Formal Shirt,2025-10-24,Apparel,0.0,121.06,,20.0,2.0,0.0,0.0,4,24,43,10,4,297,0,-0.433883739117558,-0.9009688679024191,-0.8660254037844386,0.5000000000000001,0.0,1,0.0,1,0.0,1,1.0,1,0.2857142857142857,0.7559289460184613,0.0,2.0,0.2857142857142857,0.2857142857142857,0.762896180361772,0.0,3.0,1.0,0,121.06,0.0,0.0,True,False,False,False,False,False,False,False,False,False,False,False,False,False,False,False,True,False,False,False,False,False,False,False,False,False,False,False,False,False,False,True,False,False,False,False
Germany,Formal Shirt,2025-10-25,Apparel,0.0,121.06,,20.0,2.0,0.0,0.0,5,25,43,10,4,298,1,-0.9749279121818236,-0.2225209339563146,-0.8660254037844386,0.5000000000000001,0.0,1,0.0,1,0.0,1,0.0,1,0.2857142857142857,0.7559289460184613,0.0,2.0,0.2857142857142857,0.25,0.7515416254704819,0.0,3.0,1.1428571428571428,0,121.06,0.0,0.0,True,False,False,False,False,False,False,False,False,False,False,False,False,False,False,False,True,False,False,False,False,False,False,False,False,False,False,False,False,False,False,True,False,False,False,False
Germany,Formal Shirt,2025-10-26,Apparel,0.0,121.06,,20.0,2.0,0.0,0.0,6,26,43,10,4,299,1,-0.7818314824680299,0.6234898018587334,-0.8660254037844386,0.5000000000000001,0.0,1,0.0,1,0.0,1,0.0,1,0.2857142857142857,0.7559289460184613,0.0,2.0,0.2857142857142857,0.25,0.7515416254704819,0.0,3.0,1.1428571428571428,0,121.06,0.0,0.0,True,False,False,False,False,False,False,False,False,False,False,False,False,False,False,False,True,False,False,False,False,False,False,False,False,False,False,False,False,False,False,True,False,False,False,False
Germany,Formal Shirt,2025-10-27,Apparel,0.0,121.06,,20.0,2.0,0.0,0.0,0,27,44,10,4,300,0,0.0,1.0,-0.8660254037844386,0.5000000000000001,0.0,1,0.0,1,0.0,1,0.0,1,0.2857142857142857,0.7559289460184613,0.0,2.0,0.2857142857142857,0.25,0.7515416254704819,0.0,3.0,1.1428571428571428,0,121.06,0.0,0.0,True,False,False,False,False,False,False,False,False,False,False,False,False,False,False,False,True,False,False,False,False,False,False,False,False,False,False,False,False,False,False,True,False,False,False,False
Germany,Formal Shirt,2025-10-28,Apparel,0.0,121.06,,20.0,2.0,0.0,0.0,1,28,44,10,4,301,0,0.7818314824680298,0.6234898018587336,-0.8660254037844386,0.5000000000000001,0.0,1,2.0,1,0.0,1,0.0,1,0.2857142857142857,0.7559289460184613,0.0,2.0,0.2857142857142857,0.25,0.7515416254704819,0.0,3.0,1.1428571428571428,0,121.06,0.0,0.0,True,False,False,False,False,False,False,False,False,False,False,False,False,False,False,False,True,False,False,False,False,False,False,False,False,False,False,False,False,False,False,True,False,False,False,False
Germany,Formal Shirt,2025-10-29,Apparel,1.0,95.9,0.06,20.0,2.0,1.0,0.0,2,29,44,10,4,302,0,0.9749279121818236,-0.22252093395631434,-0.8660254037844386,0.5000000000000001,0.0,1,0.0,1,0.0,1,0.0,1,0.0,0.0,0.0,0.0,0.2857142857142857,0.25,0.7515416254704819,0.0,3.0,0.0,1,121.06,-25.159999999999997,-0.20783082768874936,True,False,False,False,False,False,False,False,False,False,False,False,False,False,False,False,True,False,False,False,False,False,False,False,False,False,False,False,False,False,False,True,False,False,False,False
Germany,Formal Shirt,2025-10-30,Apparel,0.0,95.9,,20.0,2.0,0.0,0.0,3,30,44,10,4,303,0,0.43388373911755823,-0.900968867902419,-0.8660254037844386,0.5000000000000001,1.0,1,0.0,1,2.0,1,0.0,1,0.14285714285714285,0.3779644730092405,0.0,1.0,0.35714285714285715,0.2857142857142857,0.762896180361772,0.0,3.0,0.5,0,95.9,0.0,0.0,True,False,False,False,False,False,False,False,False,False,False,False,False,False,False,False,True,False,False,False,False,False,False,False,False,False,False,False,False,False,False,True,False,False,False,False
Germany,Formal Shirt,2025-10-31,Apparel,0.0,95.9,,20.0,2.0,0.0,0.0,4,31,44,10,4,304,0,-0.433883739117558,-0.9009688679024191,-0.8660254037844386,0.5000000000000001,0.0,1,0.0,1,0.0,1,0.0,1,0.14285714285714285,0.3779644730092405,0.0,1.0,0.21428571428571427,0.2857142857142857,0.762896180361772,0.0,3.0,0.5,0,95.9,0.0,0.0,True,False,False,False,False,False,False,False,False,False,False,False,False,False,False,False,True,False,False,False,False,False,False,False,False,False,False,False,False,False,False,True,False,False,False,False
Germany,Formal Shirt,2025-11-01,Apparel,0.0,95.9,,20.0,2.0,0.0,0.0,5,1,44,11,4,305,1,-0.9749279121818236,-0.2225209339563146,-0.5000000000000004,0.8660254037844384,0.0,1,0.0,1,0.0,1,0.0,1,0.14285714285714285,0.3779644730092405,0.0,1.0,0.21428571428571427,0.2857142857142857,0.762896180361772,0.0,3.0,0.5,0,95.9,0.0,0.0,True,False,False,False,False,False,False,False,False,False,False,False,False,False,False,False,True,False,False,False,False,False,False,False,False,False,False,False,False,False,False,True,False,False,False,False
Germany,Formal Shirt,2025-11-02,Apparel,15.0,80.5125,0.3,20.0,2.0,1.0,1.0,6,2,44,11,4,306,1,-0.7818314824680299,0.6234898018587334,-0.5000000000000004,0.8660254037844384,0.0,1,0.0,1,0.0,1,0.0,1,0.14285714285714285,0.3779644730092405,0.0,1.0,0.21428571428571427,0.2857142857142857,0.762896180361772,0.0,3.0,0.5,1,95.9,-15.387500000000003,-0.16045359749739313,True,False,False,False,False,False,False,False,False,False,False,False,False,False,False,False,True,False,False,False,False,False,False,False,False,False,False,False,False,False,False,True,False,False,False,False
Germany,Formal Shirt,2025-11-03,Apparel,7.0,93.585,0.23,20.0,2.0,1.0,1.0,0,3,45,11,4,307,0,0.0,1.0,-0.5000000000000004,0.8660254037844384,15.0,1,0.0,1,0.0,1,0.0,1,2.2857142857142856,5.618845839799183,0.0,15.0,1.2857142857142858,0.8214285714285714,2.881017971180421,0.0,15.0,2.782608695652174,1,80.5125,13.072499999999991,0.1623660922217046,True,False,False,False,False,False,False,False,False,False,False,False,False,False,False,False,True,False,False,False,False,False,False,False,False,False,False,False,False,False,False,True,False,False,False,False
Germany,Formal Shirt,2025-11-04,Apparel,0.0,93.585,,20.0,2.0,0.0,0.0,1,4,45,11,4,308,0,0.7818314824680298,0.6234898018587336,-0.5000000000000004,0.8660254037844384,7.0,1,0.0,1,2.0,1,0.0,1,3.2857142857142856,5.7652489311473145,0.0,15.0,1.7857142857142858,1.0714285714285714,3.1023118193274226,0.0,15.0,3.0666666666666664,0,93.585,0.0,0.0,True,False,False,False,False,False,False,False,False,False,False,False,False,False,False,False,True,False,False,False,False,False,False,False,False,False,False,False,False,False,False,True,False,False,False,False
Germany,Formal Shirt,2025-11-05,Apparel,0.0,93.585,,20.0,2.0,0.0,0.0,2,5,45,11,4,309,0,0.9749279121818236,-0.22252093395631434,-0.5000000000000004,0.8660254037844384,0.0,1,1.0,1,0.0,1,0.0,1,3.2857142857142856,5.7652489311473145,0.0,15.0,1.6428571428571428,1.0714285714285714,3.1023118193274226,0.0,15.0,3.0666666666666664,0,93.585,0.0,0.0,True,False,False,False,False,False,False,False,False,False,False,False,False,False,False,False,True,False,False,False,False,False,False,False,False,False,False,False,False,False,False,True,False,False,False,False
Germany,Formal Shirt,2025-11-06,Apparel,0.0,93.585,,20.0,2.0,0.0,0.0,3,6,45,11,4,310,0,0.43388373911755823,-0.900968867902419,-0.5000000000000004,0.8660254037844384,0.0,1,0.0,1,0.0,1,3.0,1,3.142857142857143,5.8431889532050185,0.0,15.0,1.6428571428571428,1.0714285714285714,3.1023118193274226,0.0,15.0,2.9333333333333336,0,93.585,0.0,0.0,True,False,False,False,False,False,False,False,False,False,False,False,False,False,False,False,True,False,False,False,False,False,False,False,False,False,False,False,False,False,False,True,False,False,False,False
Germany,Formal Shirt,2025-11-07,Apparel,8.0,101.005,0.26,20.0,2.0,1.0,1.0,4,7,45,11,4,311,0,-0.433883739117558,-0.9009688679024191,-0.5000000000000004,0.8660254037844384,0.0,1,0.0,1,0.0,1,0.0,1,3.142857142857143,5.8431889532050185,0.0,15.0,1.6428571428571428,0.9642857142857143,3.0849952621026446,0.0,15.0,3.259259259259259,1,93.585,7.420000000000002,0.07928621039696535,True,False,False,False,False,False,False,False,False,False,False,False,False,False,False,False,True,False,False,False,False,False,False,False,False,False,False,False,False,False,False,True,False,False,False,False
Germany,Formal Shirt,2025-11-08,Apparel,0.0,101.005,,20.0,2.0,0.0,0.0,5,8,45,11,4,312,1,-0.9749279121818236,-0.2225209339563146,-0.5000000000000004,0.8660254037844384,8.0,1,0.0,1,0.0,1,0.0,1,4.285714285714286,5.908025211926733,0.0,15.0,2.2142857142857144,1.25,3.3513402515234825,0.0,15.0,3.4285714285714284,0,101.005,0.0,0.0,True,False,False,False,False,False,False,False,False,False,False,False,False,False,False,False,True,False,False,False,False,False,False,False,False,False,False,False,False,False,False,True,False,False,False,False
Germany,Formal Shirt,2025-11-09,Apparel,2.0,10.78,0.17,20.0,2.0,1.0,0.0,6,9,45,11,4,313,1,-0.7818314824680299,0.6234898018587334,-0.5000000000000004,0.8660254037844384,0.0,1,15.0,1,0.0,1,0.0,1,4.285714285714286,5.908025211926733,0.0,15.0,2.2142857142857144,1.25,3.3513402515234825,0.0,15.0,3.4285714285714284,1,101.005,-90.225,-0.8932726102668185,True,False,False,False,False,False,False,False,False,False,False,False,False,False,False,False,True,False,False,False,False,False,False,False,False,False,False,False,False,False,False,True,False,False,False,False
Germany,Formal Shirt,2025-11-10,Apparel,5.0,97.84,0.23,20.0,2.0,1.0,0.0,0,10,46,11,4,314,0,0.0,1.0,-0.5000000000000004,0.8660254037844384,2.0,1,7.0,1,0.0,1,0.0,1,2.4285714285714284,3.5523298860111,0.0,8.0,2.357142857142857,1.3214285714285714,3.3450191986225484,0.0,15.0,1.8378378378378377,1,10.78,87.06,8.076066790352506,True,False,False,False,False,False,False,False,False,False,False,False,False,False,False,False,True,False,False,False,False,False,False,False,False,False,False,False,False,False,False,True,False,False,False,False
Germany,Formal Shirt,2025-11-11,Apparel,8.0,112.87,0.24,20.0,2.0,1.0,1.0,1,11,46,11,4,315,0,0.7818314824680298,0.6234898018587336,-0.5000000000000004,0.8660254037844384,5.0,1,0.0,1,0.0,1,0.0,1,2.142857142857143,3.184785258515424,0.0,8.0,2.7142857142857144,1.5,3.4047896546765686,0.0,15.0,1.4285714285714286,1,97.84,15.030000000000001,0.1536181520850368,True,False,False,False,False,False,False,False,False,False,False,False,False,False,False,False,True,False,False,False,False,False,False,False,False,False,False,False,False,False,False,True,False,False,False,False
Germany,Formal Shirt,2025-11-12,Apparel,0.0,112.87,,20.0,2.0,0.0,0.0,2,12,46,11,4,316,0,0.9749279121818236,-0.22252093395631434,-0.5000000000000004,0.8660254037844384,8.0,1,0.0,1,1.0,1,0.0,1,3.2857142857142856,3.683941988065038,0.0,8.0,3.2857142857142856,1.7857142857142858,3.6040835158772313,0.0,15.0,1.8399999999999999,0,112.87,0.0,0.0,True,False,False,False,False,False,False,False,False,False,False,False,False,False,False,False,True,False,False,False,False,False,False,False,False,False,False,False,False,False,False,True,False,False,False,False
Germany,Formal Shirt,2025-11-13,Apparel,9.0,85.9,0.28,20.0,2.0,1.0,1.0,3,13,46,11,4,317,0,0.43388373911755823,-0.900968867902419,-0.5000000000000004,0.8660254037844384,0.0,1,0.0,1,0.0,1,2.0,1,3.2857142857142856,3.683941988065038,0.0,8.0,3.2142857142857144,1.7857142857142858,3.6040835158772313,0.0,15.0,1.8399999999999999,1,112.87,-26.97,-0.23894746168158057,True,False,False,False,False,False,False,False,False,False,False,False,False,False,False,False,True,False,False,False,False,False,False,False,False,False,False,False,False,False,False,True,False,False,False,False
Germany,Formal Shirt,2025-11-14,Apparel,0.0,85.9,,20.0,2.0,0.0,0.0,4,14,46,11,4,318,0,-0.433883739117558,-0.9009688679024191,-0.5000000000000004,0.8660254037844384,9.0,1,8.0,1,0.0,1,0.0,1,4.571428571428571,3.9096949095440046,0.0,9.0,3.857142857142857,2.0357142857142856,3.853638423688592,0.0,15.0,2.245614035087719,0,85.9,0.0,0.0,True,False,False,False,False,False,False,False,False,False,False,False,False,False,False,False,True,False,False,False,False,False,False,False,False,False,False,False,False,False,False,True,False,False,False,False
Germany,Formal Shirt,2025-11-15,Apparel,3.0,132.08,0.18,20.0,2.0,1.0,0.0,5,15,46,11,4,319,1,-0.9749279121818236,-0.2225209339563146,-0.5000000000000004,0.8660254037844384,0.0,1,0.0,1,0.0,1,0.0,1,3.4285714285714284,3.909694909544004,0.0,9.0,3.857142857142857,2.0357142857142856,3.853638423688592,0.0,15.0,1.6842105263157894,1,85.9,46.18000000000001,0.5376018626309663,True,False,False,False,False,False,False,False,False,False,False,False,False,False,False,False,True,False,False,False,False,False,False,False,False,False,False,False,False,False,False,True,False,False,False,False
Germany,Formal Shirt,2025-11-16,Apparel,3.0,88.84,0.27,20.0,2.0,1.0,0.0,6,16,46,11,4,320,1,-0.7818314824680299,0.6234898018587334,-0.5000000000000004,0.8660254037844384,3.0,1,2.0,1,15.0,1,0.0,1,3.857142857142857,3.625307868699865,0.0,9.0,4.071428571428571,2.142857142857143,3.836610055710212,0.0,15.0,1.8,1,132.08,-43.24000000000001,-0.32737734706238647,True,False,False,False,False,False,False,False,False,False,False,False,False,False,False,False,True,False,False,False,False,False,False,False,False,False,False,False,False,False,False,True,False,False,False,False
Germany,Formal Shirt,2025-11-17,Apparel,6.0,34.964999999999996,0.16,20.0,2.0,1.0,1.0,0,17,47,11,4,321,0,0.0,1.0,-0.5000000000000004,0.8660254037844384,3.0,1,5.0,1,7.0,1,0.0,1,4.0,3.5590260840104393,0.0,9.0,3.2142857142857144,2.25,3.816387665687909,0.0,15.0,1.7777777777777777,1,88.84,-53.87500000000001,-0.6064272850067538,True,False,False,False,False,False,False,False,False,False,False,False,False,False,False,False,True,False,False,False,False,False,False,False,False,False,False,False,False,False,False,True,False,False,False,False
Germany,Formal Shirt,2025-11-18,Apparel,0.0,34.964999999999996,,20.0,2.0,0.0,0.0,1,18,47,11,4,322,0,0.7818314824680298,0.6234898018587336,-0.5000000000000004,0.8660254037844384,6.0,1,8.0,1,0.0,1,2.0,1,4.142857142857143,3.625307868699865,0.0,9.0,3.142857142857143,2.4642857142857144,3.853638423688592,0.0,15.0,1.6811594202898552,0,34.964999999999996,0.0,0.0,True,False,False,False,False,False,False,False,False,False,False,False,False,False,False,False,True,False,False,False,False,False,False,False,False,False,False,False,False,False,False,True,False,False,False,False
Germany,Formal Shirt,2025-11-19,Apparel,0.0,34.964999999999996,,20.0,2.0,0.0,0.0,2,19,47,11,4,323,0,0.9749279121818236,-0.22252093395631434,-0.5000000000000004,0.8660254037844384,0.0,1,0.0,1,0.0,1,0.0,1,3.0,3.4641016151377566,0.0,9.0,3.142857142857143,2.392857142857143,3.881001070879691,0.0,15.0,1.2537313432835822,0,34.964999999999996,0.0,0.0,True,False,False,False,False,False,False,False,False,False,False,False,False,False,False,False,True,False,False,False,False,False,False,False,False,False,False,False,False,False,False,True,False,False,False,False
Germany,Formal Shirt,2025-11-20,Apparel,4.0,17.24,0.24,20.0,2.0,1.0,0.0,3,20,47,11,4,324,0,0.43388373911755823,-0.900968867902419,-0.5000000000000004,0.8660254037844384,0.0,1,9.0,1,0.0,1,0.0,1,3.0,3.4641016151377566,0.0,9.0,3.142857142857143,2.392857142857143,3.881001070879691,0.0,15.0,1.2537313432835822,1,34.964999999999996,-17.724999999999998,-0.5069355069355069,True,False,False,False,False,False,False,False,False,False,False,False,False,False,False,False,True,False,False,False,False,False,False,False,False,False,False,False,False,False,False,True,False,False,False,False
Germany,Formal Shirt,2025-11-21,Apparel,5.0,23.3,0.16,20.0,2.0,1.0,0.0,4,21,47,11,4,325,0,-0.433883739117558,-0.9009688679024191,-0.5000000000000004,0.8660254037844384,4.0,1,0.0,1,8.0,1,0.0,1,2.2857142857142856,2.3603873774083324,0.0,6.0,3.4285714285714284,2.5357142857142856,3.863237395579408,0.0,15.0,0.9014084507042254,1,17.24,6.060000000000002,0.35150812064965214,True,False,False,False,False,False,False,False,False,False,False,False,False,False,False,False,True,False,False,False,False,False,False,False,False,False,False,False,False,False,False,True,False,False,False,False
Germany,Formal Shirt,2025-11-22,Apparel,3.0,28.56,0.3,20.0,2.0,1.0,0.0,5,22,47,11,4,326,1,-0.9749279121818236,-0.2225209339563146,-0.5000000000000004,0.8660254037844384,5.0,1,3.0,1,0.0,1,0.0,1,3.0,2.3094010767585065,0.0,6.0,3.2142857142857144,2.7142857142857144,3.857240837477856,0.0,15.0,1.1052631578947367,1,23.3,5.259999999999998,0.2257510729613733,True,False,False,False,False,False,False,False,False,False,False,False,False,False,False,False,True,False,False,False,False,False,False,False,False,False,False,False,False,False,False,True,False,False,False,False
Germany,Formal Shirt,2025-11-23,Apparel,0.0,28.56,,20.0,2.0,0.0,0.0,6,23,47,11,4,327,1,-0.7818314824680299,0.6234898018587334,-0.5000000000000004,0.8660254037844384,3.0,1,3.0,1,2.0,1,0.0,1,3.0,2.3094010767585065,0.0,6.0,3.4285714285714284,2.8214285714285716,3.820544574607243,0.0,15.0,1.0632911392405062,0,28.56,0.0,0.0,True,False,False,False,False,False,False,False,False,False,False,False,False,False,False,False,True,False,False,False,False,False,False,False,False,False,False,False,False,False,False,True,False,False,False,False
Germany,Formal Shirt,2025-11-24,Apparel,2.0,65.83,0.24,20.0,2.0,1.0,0.0,0,24,48,11,4,328,0,0.0,1.0,-0.5000000000000004,0.8660254037844384,0.0,1,6.0,1,5.0,1,0.0,1,2.5714285714285716,2.5727509827124027,0.0,6.0,3.2857142857142856,2.8214285714285716,3.820544574607243,0.0,15.0,0.9113924050632911,1,28.56,37.269999999999996,1.3049719887955182,True,False,False,False,False,False,False,False,False,False,False,False,False,False,False,False,True,False,False,False,False,False,False,False,False,False,False,False,False,False,False,True,False,False,False,False
Germany,Formal Shirt,2025-11-25,Apparel,0.0,65.83,,20.0,2.0,0.0,0.0,1,25,48,11,4,329,0,0.7818314824680298,0.6234898018587336,-0.5000000000000004,0.8660254037844384,2.0,1,0.0,1,8.0,1,0.0,1,2.0,2.0816659994661366,0.0,5.0,3.0714285714285716,2.892857142857143,3.7843663368427434,0.0,15.0,0.691358024691358,0,65.83,0.0,0.0,True,False,False,False,False,False,False,False,False,False,False,False,False,False,False,False,True,False,False,False,False,False,False,False,False,False,False,False,False,False,False,True,False,False,False,False
