store_id,product_id,date,category,sales,price,Discount_Applied,safety_stock,lead_time_days,promotion,is_outlier,day_of_week,day_of_month,week_of_year,month,quarter,day_of_year,is_weekend,sin_day_of_week,cos_day_of_week,sin_month,cos_month,lag_1,has_lag_1,lag_7,has_lag_7,lag_14,has_lag_14,lag_28,has_lag_28,rolling_mean_7,rolling_std_7,rolling_min_7,rolling_max_7,rolling_mean_14,rolling_mean_28,rolling_std_28,rolling_min_28,rolling_max_28,trend_ratio,is_promotion,previous_price,price_change,price_change_pct,store_id_Germany,store_id_India,store_id_Pakistan,store_id_UAE,store_id_UK,store_id_USA,product_id_4K Smart TV,product_id_Air Fryer,product_id_Blender,product_id_Coffee Maker,product_id_Cotton T-Shirt,product_id_Cycling Helmet,product_id_Denim Jeans,product_id_Dumbbell Set,product_id_Face Wash,product_id_Football,product_id_Formal Shirt,product_id_Gaming Laptop,product_id_Hair Serum,product_id_Lipstick Set,product_id_Microwave Oven,product_id_Moisturizing Cream,product_id_Perfume,product_id_Running Shoes,product_id_Smartphone 128GB,product_id_Smartwatch,product_id_Tennis Racket,product_id_Vacuum Cleaner,product_id_Winter Jacket,product_id_Wireless Noise-Canceling Headphones,product_id_Yoga Mat,category_Apparel,category_Beauty,category_Electronics,category_Home & Kitchen,category_Sports
USA,Wireless Noise-Canceling Headphones,2025-05-23,Electronics,0.0,1290.08,,20.0,2.0,0.0,0.0,4,23,21,5,2,143,0,-0.433883739117558,-0.9009688679024191,0.49999999999999994,-0.8660254037844387,0.0,1,0.0,1,6.0,1,0.0,1,0.14285714285714285,0.37796447300922503,0.0,1.0,0.7857142857142857,0.8571428571428571,1.6934358174211606,0.0,6.0,0.16666666666666666,0,1290.08,0.0,0.0,False,False,False,False,False,True,False,False,False,False,False,False,False,False,False,False,False,False,False,False,False,False,False,False,False,False,False,False,False,True,False,False,False,True,False,False
USA,Wireless Noise-Canceling Headphones,2025-05-24,Electronics,0.0,1290.08,,20.0,2.0,0.0,0.0,5,24,21,5,2,144,1,-0.9749279121818236,-0.2225209339563146,0.49999999999999994,-0.8660254037844387,0.0,1,0.0,1,0.0,1,0.0,1,0.14285714285714285,0.37796447300922503,0.0,1.0,0.35714285714285715,0.8571428571428571,1.6934358174211606,0.0,6.0,0.16666666666666666,0,1290.08,0.0,0.0,False,False,False,False,False,True,False,False,False,False,False,False,False,False,False,False,False,False,False,False,False,False,False,False,False,False,False,False,False,True,False,False,False,True,False,False
USA,Wireless Noise-Canceling Headphones,2025-05-25,Electronics,1.0,1465.01,0.08,20.0,2.0,1.0,0.0,6,25,21,5,2,145,1,-0.7818314824680299,0.6234898018587334,0.49999999999999994,-0.8660254037844387,0.0,1,0.0,1,1.0,1,6.0,1,0.14285714285714285,0.37796447300922503,0.0,1.0,0.35714285714285715,0.8571428571428571,1.6934358174211606,0.0,6.0,0.16666666666666666,1,1290.08,174.93000000000006,0.13559624209351365,False,False,False,False,False,True,False,False,False,False,False,False,False,False,False,False,False,False,False,False,False,False,False,False,False,False,False,False,False,True,False,False,False,True,False,False
USA,Wireless Noise-Canceling Headphones,2025-05-26,Electronics,0.0,1465.01,,20.0,2.0,0.0,0.0,0,26,22,5,2,146,0,0.0,1.0,0.49999999999999994,-0.8660254037844387,1.0,1,0.0,1,0.0,1,0.0,1,0.2857142857142857,0.4879500364742641,0.0,1.0,0.35714285714285715,0.6785714285714286,1.3622848842368152,0.0,6.0,0.42105263157894735,0,1465.01,0.0,0.0,False,False,False,False,False,True,False,False,False,False,False,False,False,False,False,False,False,False,False,False,False,False,False,False,False,False,False,False,False,True,False,False,False,True,False,False
USA,Wireless Noise-Canceling Headphones,2025-05-27,Electronics,0.0,1465.01,,20.0,2.0,0.0,0.0,1,27,22,5,2,147,0,0.7818314824680298,0.6234898018587336,0.49999999999999994,-0.8660254037844387,0.0,1,0.0,1,3.0,1,0.0,1,0.2857142857142857,0.4879500364742641,0.0,1.0,0.35714285714285715,0.6785714285714286,1.3622848842368152,0.0,6.0,0.42105263157894735,0,1465.01,0.0,0.0,False,False,False,False,False,True,False,False,False,False,False,False,False,False,False,False,False,False,False,False,False,False,False,False,False,False,False,False,False,True,False,False,False,True,False,False
USA,Wireless Noise-Canceling Headphones,2025-05-28,Electronics,2.0,918.92,0.01,20.0,2.0,1.0,0.0,2,28,22,5,2,148,0,0.9749279121818236,-0.22252093395631434,0.49999999999999994,-0.8660254037844387,0.0,1,1.0,1,0.0,1,2.0,1,0.2857142857142857,0.4879500364742641,0.0,1.0,0.14285714285714285,0.6785714285714286,1.3622848842368152,0.0,6.0,0.42105263157894735,1,1465.01,-546.09,-0.37275513477723704,False,False,False,False,False,True,False,False,False,False,False,False,False,False,False,False,False,False,False,False,False,False,False,False,False,False,False,False,False,True,False,False,False,True,False,False
USA,Wireless Noise-Canceling Headphones,2025-05-29,Electronics,0.0,918.92,,20.0,2.0,0.0,0.0,3,29,22,5,2,149,0,0.43388373911755823,-0.900968867902419,0.49999999999999994,-0.8660254037844387,2.0,1,0.0,1,0.0,1,0.0,1,0.42857142857142855,0.7867957924694412,0.0,2.0,0.2857142857142857,0.6785714285714286,1.3622848842368152,0.0,6.0,0.631578947368421,0,918.92,0.0,0.0,False,False,False,False,False,True,False,False,False,False,False,False,False,False,False,False,False,False,False,False,False,False,False,False,False,False,False,False,False,True,False,False,False,True,False,False
USA,Wireless Noise-Canceling Headphones,2025-05-30,Electronics,1.0,1263.13,0.01,20.0,2.0,1.0,0.0,4,30,22,5,2,150,0,-0.433883739117558,-0.9009688679024191,0.49999999999999994,-0.8660254037844387,0.0,1,0.0,1,0.0,1,0.0,1,0.42857142857142855,0.7867957924694412,0.0,2.0,0.2857142857142857,0.6785714285714286,1.3622848842368152,0.0,6.0,0.631578947368421,1,918.92,344.21000000000015,0.3745810299046709,False,False,False,False,False,True,False,False,False,False,False,False,False,False,False,False,False,False,False,False,False,False,False,False,False,False,False,False,False,True,False,False,False,True,False,False
USA,Wireless Noise-Canceling Headphones,2025-05-31,Electronics,0.0,1263.13,,20.0,2.0,0.0,0.0,5,31,22,5,2,151,1,-0.9749279121818236,-0.2225209339563146,0.49999999999999994,-0.8660254037844387,1.0,1,0.0,1,0.0,1,1.0,1,0.5714285714285714,0.7867957924694406,0.0,2.0,0.35714285714285715,0.7142857142857143,1.3569339855976223,0.0,6.0,0.7999999999999999,0,1263.13,0.0,0.0,False,False,False,False,False,True,False,False,False,False,False,False,False,False,False,False,False,False,False,False,False,False,False,False,False,False,False,False,False,True,False,False,False,True,False,False
USA,Wireless Noise-Canceling Headphones,2025-06-01,Electronics,3.0,113.33,0.0,20.0,2.0,0.0,0.0,6,1,22,6,2,152,1,-0.7818314824680299,0.6234898018587334,1.2246467991473532e-16,-1.0,0.0,1,1.0,1,0.0,1,0.0,1,0.5714285714285714,0.7867957924694406,0.0,2.0,0.35714285714285715,0.6785714285714286,1.3622848842368152,0.0,6.0,0.8421052631578947,0,1263.13,-1149.8000000000002,-0.9102784353154466,False,False,False,False,False,True,False,False,False,False,False,False,False,False,False,False,False,False,False,False,False,False,False,False,False,False,False,False,False,True,False,False,False,True,False,False
USA,Wireless Noise-Canceling Headphones,2025-06-02,Electronics,0.0,113.33,,20.0,2.0,0.0,0.0,0,2,23,6,2,153,0,0.0,1.0,1.2246467991473532e-16,-1.0,3.0,1,0.0,1,0.0,1,0.0,1,0.8571428571428571,1.2149857925879097,0.0,3.0,0.5714285714285714,0.7857142857142857,1.4235360994562214,0.0,6.0,1.0909090909090908,0,113.33,0.0,0.0,False,False,False,False,False,True,False,False,False,False,False,False,False,False,False,False,False,False,False,False,False,False,False,False,False,False,False,False,False,True,False,False,False,True,False,False
USA,Wireless Noise-Canceling Headphones,2025-06-03,Electronics,0.0,113.33,,20.0,2.0,0.0,0.0,1,3,23,6,2,154,0,0.7818314824680298,0.6234898018587336,1.2246467991473532e-16,-1.0,0.0,1,0.0,1,0.0,1,0.0,1,0.8571428571428571,1.2149857925879097,0.0,3.0,0.5714285714285714,0.7857142857142857,1.4235360994562214,0.0,6.0,1.0909090909090908,0,113.33,0.0,0.0,False,False,False,False,False,True,False,False,False,False,False,False,False,False,False,False,False,False,False,False,False,False,False,False,False,False,False,False,False,True,False,False,False,True,False,False
USA,Wireless Noise-Canceling Headphones,2025-06-04,Electronics,0.0,113.33,,20.0,2.0,0.0,0.0,2,4,23,6,2,155,0,0.9749279121818236,-0.22252093395631434,1.2246467991473532e-16,-1.0,0.0,1,2.0,1,1.0,1,3.0,1,0.8571428571428571,1.2149857925879097,0.0,3.0,0.5714285714285714,0.7857142857142857,1.4235360994562214,0.0,6.0,1.0909090909090908,0,113.33,0.0,0.0,False,False,False,False,False,True,False,False,False,False,False,False,False,False,False,False,False,False,False,False,False,False,False,False,False,False,False,False,False,True,False,False,False,True,False,False
USA,Wireless Noise-Canceling Headphones,2025-06-05,Electronics,0.0,113.33,,20.0,2.0,0.0,0.0,3,5,23,6,2,156,0,0.43388373911755823,-0.900968867902419,1.2246467991473532e-16,-1.0,0.0,1,0.0,1,0.0,1,1.0,1,0.5714285714285714,1.13389341902768,0.0,3.0,0.5,0.6785714285714286,1.3622848842368152,0.0,6.0,0.8421052631578947,0,113.33,0.0,0.0,False,False,False,False,False,True,False,False,False,False,False,False,False,False,False,False,False,False,False,False,False,False,False,False,False,False,False,False,False,True,False,False,False,True,False,False
USA,Wireless Noise-Canceling Headphones,2025-06-06,Electronics,3.0,311.8,0.03,20.0,2.0,1.0,0.0,4,6,23,6,2,157,0,-0.433883739117558,-0.9009688679024191,1.2246467991473532e-16,-1.0,0.0,1,1.0,1,0.0,1,6.0,1,0.5714285714285714,1.13389341902768,0.0,3.0,0.5,0.6428571428571429,1.3666473091931493,0.0,6.0,0.8888888888888887,1,113.33,198.47000000000003,1.7512573899232333,False,False,False,False,False,True,False,False,False,False,False,False,False,False,False,False,False,False,False,False,False,False,False,False,False,False,False,False,False,True,False,False,False,True,False,False
USA,Wireless Noise-Canceling Headphones,2025-06-07,Electronics,0.0,311.8,,20.0,2.0,0.0,0.0,5,7,23,6,2,158,1,-0.9749279121818236,-0.2225209339563146,1.2246467991473532e-16,-1.0,3.0,1,0.0,1,0.0,1,0.0,1,0.8571428571428571,1.463850109422798,0.0,3.0,0.7142857142857143,0.5357142857142857,0.999338405484977,0.0,3.0,1.5999999999999999,0,311.8,0.0,0.0,False,False,False,False,False,True,False,False,False,False,False,False,False,False,False,False,False,False,False,False,False,False,False,False,False,False,False,False,False,True,False,False,False,True,False,False
USA,Wireless Noise-Canceling Headphones,2025-06-08,Electronics,0.0,311.8,,20.0,2.0,0.0,0.0,6,8,23,6,2,159,1,-0.7818314824680299,0.6234898018587334,1.2246467991473532e-16,-1.0,0.0,1,3.0,1,1.0,1,1.0,1,0.8571428571428571,1.463850109422798,0.0,3.0,0.7142857142857143,0.5357142857142857,0.999338405484977,0.0,3.0,1.5999999999999999,0,311.8,0.0,0.0,False,False,False,False,False,True,False,False,False,False,False,False,False,False,False,False,False,False,False,False,False,False,False,False,False,False,False,False,False,True,False,False,False,True,False,False
USA,Wireless Noise-Canceling Headphones,2025-06-09,Electronics,0.0,311.8,,20.0,2.0,0.0,0.0,0,9,24,6,2,160,0,0.0,1.0,1.2246467991473532e-16,-1.0,0.0,1,0.0,1,0.0,1,0.0,1,0.42857142857142855,1.1338934190276804,0.0,3.0,0.6428571428571429,0.5,1.0000000000000038,0.0,3.0,0.8571428571428571,0,311.8,0.0,0.0,False,False,False,False,False,True,False,False,False,False,False,False,False,False,False,False,False,False,False,False,False,False,False,False,False,False,False,False,False,True,False,False,False,True,False,False
USA,Wireless Noise-Canceling Headphones,2025-06-10,Electronics,4.0,898.62,0.11,20.0,2.0,1.0,0.0,1,10,24,6,2,161,0,0.7818314824680298,0.6234898018587336,1.2246467991473532e-16,-1.0,0.0,1,0.0,1,0.0,1,3.0,1,0.42857142857142855,1.1338934190276804,0.0,3.0,0.6428571428571429,0.5,1.0000000000000038,0.0,3.0,0.8571428571428571,1,311.8,586.8199999999999,1.882039769082745,False,False,False,False,False,True,False,False,False,False,False,False,False,False,False,False,False,False,False,False,False,False,False,False,False,False,False,False,False,True,False,False,False,True,False,False
USA,Wireless Noise-Canceling Headphones,2025-06-11,Electronics,0.0,898.62,,20.0,2.0,0.0,0.0,2,11,24,6,2,162,0,0.9749279121818236,-0.22252093395631434,1.2246467991473532e-16,-1.0,4.0,1,0.0,1,2.0,1,0.0,1,1.0,1.7320508075688756,0.0,4.0,0.9285714285714286,0.5357142857142857,1.1049431980420887,0.0,4.0,1.8666666666666667,0,898.62,0.0,0.0,False,False,False,False,False,True,False,False,False,False,False,False,False,False,False,False,False,False,False,False,False,False,False,False,False,False,False,False,False,True,False,False,False,True,False,False
USA,Wireless Noise-Canceling Headphones,2025-06-12,Electronics,3.0,706.55,0.04,20.0,2.0,1.0,0.0,3,12,24,6,2,163,0,0.43388373911755823,-0.900968867902419,1.2246467991473532e-16,-1.0,0.0,1,0.0,1,0.0,1,0.0,1,1.0,1.7320508075688756,0.0,4.0,0.7857142857142857,0.5357142857142857,1.1049431980420887,0.0,4.0,1.8666666666666667,1,898.62,-192.07000000000005,-0.21373884400525256,False,False,False,False,False,True,False,False,False,False,False,False,False,False,False,False,False,False,False,False,False,False,False,False,False,False,False,False,False,True,False,False,False,True,False,False
USA,Wireless Noise-Canceling Headphones,2025-06-13,Electronics,3.0,869.98,0.09,20.0,2.0,1.0,0.0,4,13,24,6,2,164,0,-0.433883739117558,-0.9009688679024191,1.2246467991473532e-16,-1.0,3.0,1,3.0,1,1.0,1,0.0,1,1.4285714285714286,1.8126539343499293,0.0,4.0,1.0,0.6428571428571429,1.1930131697849904,0.0,4.0,2.2222222222222223,1,706.55,163.43000000000006,0.2313070554100914,False,False,False,False,False,True,False,False,False,False,False,False,False,False,False,False,False,False,False,False,False,False,False,False,False,False,False,False,False,True,False,False,False,True,False,False
USA,Wireless Noise-Canceling Headphones,2025-06-14,Electronics,2.0,906.65,0.12,20.0,2.0,1.0,0.0,5,14,24,6,2,165,1,-0.9749279121818236,-0.2225209339563146,1.2246467991473532e-16,-1.0,3.0,1,0.0,1,0.0,1,0.0,1,1.4285714285714286,1.8126539343499293,0.0,4.0,1.1428571428571428,0.75,1.2656428610993935,0.0,4.0,1.9047619047619049,1,869.98,36.66999999999996,0.04215039426193701,False,False,False,False,False,True,False,False,False,False,False,False,False,False,False,False,False,False,False,False,False,False,False,False,False,False,False,False,False,True,False,False,False,True,False,False
USA,Wireless Noise-Canceling Headphones,2025-06-15,Electronics,0.0,906.65,,20.0,2.0,0.0,0.0,6,15,24,6,2,166,1,-0.7818314824680299,0.6234898018587334,1.2246467991473532e-16,-1.0,2.0,1,0.0,1,3.0,1,0.0,1,1.7142857142857142,1.7043362064926908,0.0,4.0,1.2857142857142858,0.8214285714285714,1.2781227967601119,0.0,4.0,2.0869565217391304,0,906.65,0.0,0.0,False,False,False,False,False,True,False,False,False,False,False,False,False,False,False,False,False,False,False,False,False,False,False,False,False,False,False,False,False,True,False,False,False,True,False,False
USA,Wireless Noise-Canceling Headphones,2025-06-16,Electronics,0.0,906.65,,20.0,2.0,0.0,0.0,0,16,25,6,2,167,0,0.0,1.0,1.2246467991473532e-16,-1.0,0.0,1,0.0,1,0.0,1,0.0,1,1.7142857142857142,1.7043362064926908,0.0,4.0,1.0714285714285714,0.8214285714285714,1.2781227967601119,0.0,4.0,2.0869565217391304,0,906.65,0.0,0.0,False,False,False,False,False,True,False,False,False,False,False,False,False,False,False,False,False,False,False,False,False,False,False,False,False,False,False,False,False,True,False,False,False,True,False,False
USA,Wireless Noise-Canceling Headphones,2025-06-17,Electronics,3.0,1249.56,0.07,20.0,2.0,1.0,0.0,1,17,25,6,2,168,0,0.7818314824680298,0.6234898018587336,1.2246467991473532e-16,-1.0,0.0,1,4.0,1,0.0,1,0.0,1,1.7142857142857142,1.7043362064926908,0.0,4.0,1.0714285714285714,0.8214285714285714,1.2781227967601119,0.0,4.0,2.0869565217391304,1,906.65,342.90999999999997,0.3782165113329289,False,False,False,False,False,True,False,False,False,False,False,False,False,False,False,False,False,False,False,False,False,False,False,False,False,False,False,False,False,True,False,False,False,True,False,False
USA,Wireless Noise-Canceling Headphones,2025-06-18,Electronics,3.0,1230.23,0.05,20.0,2.0,1.0,0.0,2,18,25,6,2,169,0,0.9749279121818236,-0.22252093395631434,1.2246467991473532e-16,-1.0,3.0,1,0.0,1,0.0,1,1.0,1,1.5714285714285714,1.5118578920369061,0.0,3.0,1.2857142857142858,0.9285714285714286,1.3313477278633028,0.0,4.0,1.6923076923076923,1,1249.56,-19.329999999999927,-0.015469445244726087,False,False,False,False,False,True,False,False,False,False,False,False,False,False,False,False,False,False,False,False,False,False,False,False,False,False,False,False,False,True,False,False,False,True,False,False
USA,Wireless Noise-Canceling Headphones,2025-06-19,Electronics,2.0,1243.46,0.11,20.0,2.0,1.0,0.0,3,19,25,6,2,170,0,0.43388373911755823,-0.900968867902419,1.2246467991473532e-16,-1.0,3.0,1,3.0,1,0.0,1,0.0,1,2.0,1.4142135623730916,0.0,3.0,1.5,1.0,1.3877773329774241,0.0,4.0,2.0,1,1230.23,13.230000000000018,0.010754086634206626,False,False,False,False,False,True,False,False,False,False,False,False,False,False,False,False,False,False,False,False,False,False,False,False,False,False,False,False,False,True,False,False,False,True,False,False
USA,Wireless Noise-Canceling Headphones,2025-06-20,Electronics,0.0,1243.46,,20.0,2.0,0.0,0.0,4,20,25,6,2,171,0,-0.433883739117558,-0.9009688679024191,1.2246467991473532e-16,-1.0,2.0,1,3.0,1,3.0,1,0.0,1,1.8571428571428572,1.3451854182690952,0.0,3.0,1.6428571428571428,1.0714285714285714,1.3858697343671689,0.0,4.0,1.7333333333333334,0,1243.46,0.0,0.0,False,False,False,False,False,True,False,False,False,False,False,False,False,False,False,False,False,False,False,False,False,False,False,False,False,False,False,False,False,True,False,False,False,True,False,False
USA,Wireless Noise-Canceling Headphones,2025-06-21,Electronics,2.0,902.52,0.01,20.0,2.0,1.0,0.0,5,21,25,6,2,172,1,-0.9749279121818236,-0.2225209339563146,1.2246467991473532e-16,-1.0,0.0,1,2.0,1,0.0,1,0.0,1,1.4285714285714286,1.3972762620115413,0.0,3.0,1.4285714285714286,1.0714285714285714,1.3858697343671689,0.0,4.0,1.3333333333333335,1,1243.46,-340.94000000000005,-0.2741865439981986,False,False,False,False,False,True,False,False,False,False,False,False,False,False,False,False,False,False,False,False,False,False,False,False,False,False,False,False,False,True,False,False,False,True,False,False
USA,Wireless Noise-Canceling Headphones,2025-06-22,Electronics,3.0,857.03,0.13,20.0,2.0,1.0,0.0,6,22,25,6,2,173,1,-0.7818314824680299,0.6234898018587334,1.2246467991473532e-16,-1.0,2.0,1,0.0,1,0.0,1,1.0,1,1.4285714285714286,1.3972762620115413,0.0,3.0,1.5714285714285714,1.1428571428571428,1.3801311186847107,0.0,4.0,1.25,1,902.52,-45.49000000000001,-0.05040331516199088,False,False,False,False,False,True,False,False,False,False,False,False,False,False,False,False,False,False,False,False,False,False,False,False,False,False,False,False,False,True,False,False,False,True,False,False
USA,Wireless Noise-Canceling Headphones,2025-06-23,Electronics,2.0,261.33,0.01,20.0,2.0,1.0,0.0,0,23,26,6,2,174,0,0.0,1.0,1.2246467991473532e-16,-1.0,3.0,1,0.0,1,0.0,1,0.0,1,1.8571428571428572,1.3451854182690952,0.0,3.0,1.7857142857142858,1.2142857142857142,1.4235360994562212,0.0,4.0,1.5294117647058825,1,857.03,-595.7,-0.6950748515221171,False,False,False,False,False,True,False,False,False,False,False,False,False,False,False,False,False,False,False,False,False,False,False,False,False,False,False,False,False,True,False,False,False,True,False,False
USA,Wireless Noise-Canceling Headphones,2025-06-24,Electronics,0.0,261.33,,20.0,2.0,0.0,0.0,1,24,26,6,2,175,0,0.7818314824680298,0.6234898018587336,1.2246467991473532e-16,-1.0,2.0,1,3.0,1,4.0,1,0.0,1,2.142857142857143,1.0690449676496927,0.0,3.0,1.9285714285714286,1.2857142857142858,1.410467294699879,0.0,4.0,1.6666666666666665,0,261.33,0.0,0.0,False,False,False,False,False,True,False,False,False,False,False,False,False,False,False,False,False,False,False,False,False,False,False,False,False,False,False,False,False,True,False,False,False,True,False,False
USA,Wireless Noise-Canceling Headphones,2025-06-25,Electronics,1.0,1264.38,0.09,20.0,2.0,1.0,0.0,2,25,26,6,2,176,0,0.9749279121818236,-0.22252093395631434,1.2246467991473532e-16,-1.0,0.0,1,3.0,1,0.0,1,2.0,1,1.7142857142857142,1.2535663410560138,0.0,3.0,1.6428571428571428,1.2857142857142858,1.410467294699879,0.0,4.0,1.3333333333333333,1,261.33,1003.0500000000002,3.8382504878888772,False,False,False,False,False,True,False,False,False,False,False,False,False,False,False,False,False,False,False,False,False,False,False,False,False,False,False,False,False,True,False,False,False,True,False,False
USA,Wireless Noise-Canceling Headphones,2025-06-26,Electronics,0.0,1264.38,,20.0,2.0,0.0,0.0,3,26,26,6,2,177,0,0.43388373911755823,-0.900968867902419,1.2246467991473532e-16,-1.0,1.0,1,2.0,1,3.0,1,0.0,1,1.4285714285714286,1.1338934190276782,0.0,3.0,1.7142857142857142,1.25,1.4043582955293952,0.0,4.0,1.1428571428571428,0,1264.38,0.0,0.0,False,False,False,False,False,True,False,False,False,False,False,False,False,False,False,False,False,False,False,False,False,False,False,False,False,False,False,False,False,True,False,False,False,True,False,False
USA,Wireless Noise-Canceling Headphones,2025-06-27,Electronics,0.0,1264.38,,20.0,2.0,0.0,0.0,4,27,26,6,2,178,0,-0.433883739117558,-0.9009688679024191,1.2246467991473532e-16,-1.0,0.0,1,0.0,1,3.0,1,1.0,1,1.1428571428571428,1.214985792587909,0.0,3.0,1.5,1.25,1.4043582955293952,0.0,4.0,0.9142857142857143,0,1264.38,0.0,0.0,False,False,False,False,False,True,False,False,False,False,False,False,False,False,False,False,False,False,False,False,False,False,False,False,False,False,False,False,False,True,False,False,False,True,False,False
USA,Wireless Noise-Canceling Headphones,2025-06-28,Electronics,0.0,1264.38,,20.0,2.0,0.0,0.0,5,28,26,6,2,179,1,-0.9749279121818236,-0.2225209339563146,1.2246467991473532e-16,-1.0,0.0,1,2.0,1,2.0,1,0.0,1,1.1428571428571428,1.214985792587909,0.0,3.0,1.2857142857142858,1.2142857142857142,1.4235360994562212,0.0,4.0,0.9411764705882353,0,1264.38,0.0,0.0,False,False,False,False,False,True,False,False,False,False,False,False,False,False,False,False,False,False,False,False,False,False,False,False,False,False,False,False,False,True,False,False,False,True,False,False
USA,Wireless Noise-Canceling Headphones,2025-06-29,Electronics,0.0,1264.38,,20.0,2.0,0.0,0.0,6,29,26,6,2,180,1,-0.7818314824680299,0.6234898018587334,1.2246467991473532e-16,-1.0,0.0,1,3.0,1,0.0,1,3.0,1,0.8571428571428571,1.2149857925879095,0.0,3.0,1.1428571428571428,1.2142857142857142,1.4235360994562212,0.0,4.0,0.7058823529411765,0,1264.38,0.0,0.0,False,False,False,False,False,True,False,False,False,False,False,False,False,False,False,False,False,False,False,False,False,False,False,False,False,False,False,False,False,True,False,False,False,True,False,False
USA,Wireless Noise-Canceling Headphones,2025-06-30,Electronics,0.0,1264.38,,20.0,2.0,0.0,0.0,0,30,27,6,2,181,0,0.0,1.0,1.2246467991473532e-16,-1.0,0.0,1,2.0,1,0.0,1,0.0,1,0.42857142857142855,0.7867957924694406,0.0,2.0,1.1428571428571428,1.1071428571428572,1.3968028497458786,0.0,4.0,0.3870967741935483,0,1264.38,0.0,0.0,False,False,False,False,False,True,False,False,False,False,False,False,False,False,False,False,False,False,False,False,False,False,False,False,False,False,False,False,False,True,False,False,False,True,False,False
USA,Wireless Noise-Canceling Headphones,2025-07-01,Electronics,1.0,362.92,0.13,20.0,2.0,1.0,0.0,1,1,27,7,3,182,0,0.7818314824680298,0.6234898018587336,-0.4999999999999997,-0.8660254037844388,0.0,1,0.0,1,3.0,1,0.0,1,0.14285714285714285,0.37796447300922364,0.0,1.0,1.1428571428571428,1.1071428571428572,1.3968028497458786,0.0,4.0,0.12903225806451613,1,1264.38,-901.46,-0.7129660386908998,False,False,False,False,False,True,False,False,False,False,False,False,False,False,False,False,False,False,False,False,False,False,False,False,False,False,False,False,False,True,False,False,False,True,False,False
USA,Wireless Noise-Canceling Headphones,2025-07-02,Electronics,0.0,362.92,,20.0,2.0,0.0,0.0,2,2,27,7,3,183,0,0.9749279121818236,-0.22252093395631434,-0.4999999999999997,-0.8660254037844388,1.0,1,1.0,1,3.0,1,0.0,1,0.2857142857142857,0.48795003647426327,0.0,1.0,1.0,1.1428571428571428,1.3801311186847107,0.0,4.0,0.25,0,362.92,0.0,0.0,False,False,False,False,False,True,False,False,False,False,False,False,False,False,False,False,False,False,False,False,False,False,False,False,False,False,False,False,False,True,False,False,False,True,False,False
USA,Wireless Noise-Canceling Headphones,2025-07-03,Electronics,1.0,763.96,0.12,20.0,2.0,1.0,0.0,3,3,27,7,3,184,0,0.43388373911755823,-0.900968867902419,-0.4999999999999997,-0.8660254037844388,0.0,1,0.0,1,2.0,1,0.0,1,0.14285714285714285,0.37796447300922364,0.0,1.0,0.7857142857142857,1.1428571428571428,1.3801311186847107,0.0,4.0,0.125,1,362.92,401.04,1.1050369227377934,False,False,False,False,False,True,False,False,False,False,False,False,False,False,False,False,False,False,False,False,False,False,False,False,False,False,False,False,False,True,False,False,False,True,False,False
USA,Wireless Noise-Canceling Headphones,2025-07-04,Electronics,0.0,763.96,,20.0,2.0,0.0,0.0,4,4,27,7,3,185,0,-0.433883739117558,-0.9009688679024191,-0.4999999999999997,-0.8660254037844388,1.0,1,0.0,1,0.0,1,3.0,1,0.2857142857142857,0.48795003647426327,0.0,1.0,0.7142857142857143,1.1785714285714286,1.362284884236815,0.0,4.0,0.2424242424242424,0,763.96,0.0,0.0,False,False,False,False,False,True,False,False,False,False,False,False,False,False,False,False,False,False,False,False,False,False,False,False,False,False,False,False,False,True,False,False,False,True,False,False
USA,Wireless Noise-Canceling Headphones,2025-07-05,Electronics,0.0,763.96,,20.0,2.0,0.0,0.0,5,5,27,7,3,186,1,-0.9749279121818236,-0.2225209339563146,-0.4999999999999997,-0.8660254037844388,0.0,1,0.0,1,2.0,1,0.0,1,0.2857142857142857,0.4879500364742632,0.0,1.0,0.7142857142857143,1.0714285714285714,1.3313477278633028,0.0,4.0,0.26666666666666666,0,763.96,0.0,0.0,False,False,False,False,False,True,False,False,False,False,False,False,False,False,False,False,False,False,False,False,False,False,False,False,False,False,False,False,False,True,False,False,False,True,False,False
USA,Wireless Noise-Canceling Headphones,2025-07-06,Electronics,0.0,763.96,,20.0,2.0,0.0,0.0,6,6,27,7,3,187,1,-0.7818314824680299,0.6234898018587334,-0.4999999999999997,-0.8660254037844388,0.0,1,0.0,1,3.0,1,0.0,1,0.2857142857142857,0.4879500364742632,0.0,1.0,0.5714285714285714,1.0714285714285714,1.3313477278633028,0.0,4.0,0.26666666666666666,0,763.96,0.0,0.0,False,False,False,False,False,True,False,False,False,False,False,False,False,False,False,False,False,False,False,False,False,False,False,False,False,False,False,False,False,True,False,False,False,True,False,False
USA,Wireless Noise-Canceling Headphones,2025-07-07,Electronics,0.0,763.96,,20.0,2.0,0.0,0.0,0,7,28,7,3,188,0,0.0,1.0,-0.4999999999999997,-0.8660254037844388,0.0,1,0.0,1,2.0,1,0.0,1,0.2857142857142857,0.4879500364742632,0.0,1.0,0.35714285714285715,1.0714285714285714,1.3313477278633028,0.0,4.0,0.26666666666666666,0,763.96,0.0,0.0,False,False,False,False,False,True,False,False,False,False,False,False,False,False,False,False,False,False,False,False,False,False,False,False,False,False,False,False,False,True,False,False,False,True,False,False
USA,Wireless Noise-Canceling Headphones,2025-07-08,Electronics,1.0,430.03,0.1,20.0,2.0,1.0,0.0,1,8,28,7,3,189,0,0.7818314824680298,0.6234898018587336,-0.4999999999999997,-0.8660254037844388,0.0,1,1.0,1,0.0,1,4.0,1,0.2857142857142857,0.4879500364742632,0.0,1.0,0.21428571428571427,1.0714285714285714,1.3313477278633028,0.0,4.0,0.26666666666666666,1,763.96,-333.93000000000006,-0.4371040368605687,False,False,False,False,False,True,False,False,False,False,False,False,False,False,False,False,False,False,False,False,False,False,False,False,False,False,False,False,False,True,False,False,False,True,False,False
USA,Wireless Noise-Canceling Headphones,2025-07-09,Electronics,0.0,430.03,,20.0,2.0,0.0,0.0,2,9,28,7,3,190,0,0.9749279121818236,-0.22252093395631434,-0.4999999999999997,-0.8660254037844388,1.0,1,0.0,1,1.0,1,0.0,1,0.2857142857142857,0.4879500364742632,0.0,1.0,0.2857142857142857,0.9642857142857143,1.2013000012993005,0.0,3.0,0.2962962962962963,0,430.03,0.0,0.0,False,False,False,False,False,True,False,False,False,False,False,False,False,False,False,False,False,False,False,False,False,False,False,False,False,False,False,False,False,True,False,False,False,True,False,False
USA,Wireless Noise-Canceling Headphones,2025-07-10,Electronics,0.0,430.03,,20.0,2.0,0.0,0.0,3,10,28,7,3,191,0,0.43388373911755823,-0.900968867902419,-0.4999999999999997,-0.8660254037844388,0.0,1,1.0,1,0.0,1,3.0,1,0.2857142857142857,0.4879500364742632,0.0,1.0,0.21428571428571427,0.9642857142857143,1.2013000012993005,0.0,3.0,0.2962962962962963,0,430.03,0.0,0.0,False,False,False,False,False,True,False,False,False,False,False,False,False,False,False,False,False,False,False,False,False,False,False,False,False,False,False,False,False,True,False,False,False,True,False,False
USA,Wireless Noise-Canceling Headphones,2025-07-11,Electronics,2.0,1480.99,0.0,20.0,2.0,0.0,0.0,4,11,28,7,3,192,0,-0.433883739117558,-0.9009688679024191,-0.4999999999999997,-0.8660254037844388,0.0,1,0.0,1,0.0,1,3.0,1,0.14285714285714285,0.3779644730092236,0.0,1.0,0.21428571428571427,0.8571428571428571,1.1454995906456356,0.0,3.0,0.16666666666666666,0,430.03,1050.96,2.4439225170336956,False,False,False,False,False,True,False,False,False,False,False,False,False,False,False,False,False,False,False,False,False,False,False,False,False,False,False,False,False,True,False,False,False,True,False,False
USA,Wireless Noise-Canceling Headphones,2025-07-12,Electronics,0.0,1480.99,,20.0,2.0,0.0,0.0,5,12,28,7,3,193,1,-0.9749279121818236,-0.2225209339563146,-0.4999999999999997,-0.8660254037844388,2.0,1,0.0,1,0.0,1,2.0,1,0.42857142857142855,0.7867957924694406,0.0,2.0,0.35714285714285715,0.8214285714285714,1.0904831219021438,0.0,3.0,0.5217391304347826,0,1480.99,0.0,0.0,False,False,False,False,False,True,False,False,False,False,False,False,False,False,False,False,False,False,False,False,False,False,False,False,False,False,False,False,False,True,False,False,False,True,False,False
USA,Wireless Noise-Canceling Headphones,2025-07-13,Electronics,2.0,602.89,0.11,20.0,2.0,1.0,0.0,6,13,28,7,3,194,1,-0.7818314824680299,0.6234898018587334,-0.4999999999999997,-0.8660254037844388,0.0,1,0.0,1,0.0,1,0.0,1,0.42857142857142855,0.7867957924694406,0.0,2.0,0.35714285714285715,0.75,1.0758287072798411,0.0,3.0,0.5714285714285714,1,1480.99,-878.1,-0.5929141992856131,False,False,False,False,False,True,False,False,False,False,False,False,False,False,False,False,False,False,False,False,False,False,False,False,False,False,False,False,False,True,False,False,False,True,False,False
USA,Wireless Noise-Canceling Headphones,2025-07-14,Electronics,1.0,439.11,0.02,20.0,2.0,1.0,0.0,0,14,29,7,3,195,0,0.0,1.0,-0.4999999999999997,-0.8660254037844388,2.0,1,0.0,1,0.0,1,0.0,1,0.7142857142857143,0.9511897312113393,0.0,2.0,0.5,0.8214285714285714,1.0904831219021438,0.0,3.0,0.8695652173913044,1,602.89,-163.77999999999997,-0.2716581797674534,False,False,False,False,False,True,False,False,False,False,False,False,False,False,False,False,False,False,False,False,False,False,False,False,False,False,False,False,False,True,False,False,False,True,False,False
USA,Wireless Noise-Canceling Headphones,2025-07-15,Electronics,0.0,439.11,,20.0,2.0,0.0,0.0,1,15,29,7,3,196,0,0.7818314824680298,0.6234898018587336,-0.4999999999999997,-0.8660254037844388,1.0,1,1.0,1,1.0,1,3.0,1,0.8571428571428571,0.8997354108424344,0.0,2.0,0.5714285714285714,0.8571428571428571,1.0788981249502525,0.0,3.0,1.0,0,439.11,0.0,0.0,False,False,False,False,False,True,False,False,False,False,False,False,False,False,False,False,False,False,False,False,False,False,False,False,False,False,False,False,False,True,False,False,False,True,False,False
USA,Wireless Noise-Canceling Headphones,2025-07-16,Electronics,0.0,439.11,,20.0,2.0,0.0,0.0,2,16,29,7,3,197,0,0.9749279121818236,-0.22252093395631434,-0.4999999999999997,-0.8660254037844388,0.0,1,0.0,1,0.0,1,3.0,1,0.7142857142857143,0.9511897312113394,0.0,2.0,0.5,0.75,1.0046189622236215,0.0,3.0,0.9523809523809524,0,439.11,0.0,0.0,False,False,False,False,False,True,False,False,False,False,False,False,False,False,False,False,False,False,False,False,False,False,False,False,False,False,False,False,False,True,False,False,False,True,False,False
USA,Wireless Noise-Canceling Headphones,2025-07-17,Electronics,0.0,439.11,,20.0,2.0,0.0,0.0,3,17,29,7,3,198,0,0.43388373911755823,-0.900968867902419,-0.4999999999999997,-0.8660254037844388,0.0,1,0.0,1,1.0,1,2.0,1,0.7142857142857143,0.9511897312113394,0.0,2.0,0.5,0.6428571428571429,0.9114207758702003,0.0,3.0,1.1111111111111112,0,439.11,0.0,0.0,False,False,False,False,False,True,False,False,False,False,False,False,False,False,False,False,False,False,False,False,False,False,False,False,False,False,False,False,False,True,False,False,False,True,False,False
USA,Wireless Noise-Canceling Headphones,2025-07-18,Electronics,0.0,439.11,,20.0,2.0,0.0,0.0,4,18,29,7,3,199,0,-0.433883739117558,-0.9009688679024191,-0.4999999999999997,-0.8660254037844388,0.0,1,2.0,1,0.0,1,0.0,1,0.7142857142857143,0.9511897312113394,0.0,2.0,0.42857142857142855,0.5714285714285714,0.8789122666607742,0.0,3.0,1.25,0,439.11,0.0,0.0,False,False,False,False,False,True,False,False,False,False,False,False,False,False,False,False,False,False,False,False,False,False,False,False,False,False,False,False,False,True,False,False,False,True,False,False
USA,Wireless Noise-Canceling Headphones,2025-07-19,Electronics,0.0,439.11,,20.0,2.0,0.0,0.0,5,19,29,7,3,200,1,-0.9749279121818236,-0.2225209339563146,-0.4999999999999997,-0.8660254037844388,0.0,1,0.0,1,0.0,1,2.0,1,0.42857142857142855,0.7867957924694409,0.0,2.0,0.42857142857142855,0.5714285714285714,0.8789122666607742,0.0,3.0,0.75,0,439.11,0.0,0.0,False,False,False,False,False,True,False,False,False,False,False,False,False,False,False,False,False,False,False,False,False,False,False,False,False,False,False,False,False,True,False,False,False,True,False,False
USA,Wireless Noise-Canceling Headphones,2025-07-20,Electronics,1.0,386.57,0.09,20.0,2.0,1.0,0.0,6,20,29,7,3,201,1,-0.7818314824680299,0.6234898018587334,-0.4999999999999997,-0.8660254037844388,0.0,1,2.0,1,0.0,1,3.0,1,0.42857142857142855,0.7867957924694409,0.0,2.0,0.42857142857142855,0.5,0.8388704928078654,0.0,3.0,0.8571428571428571,1,439.11,-52.54000000000002,-0.11965111247751137,False,False,False,False,False,True,False,False,False,False,False,False,False,False,False,False,False,False,False,False,False,False,False,False,False,False,False,False,False,True,False,False,False,True,False,False
USA,Wireless Noise-Canceling Headphones,2025-07-21,Electronics,0.0,386.57,,20.0,2.0,0.0,0.0,0,21,30,7,3,202,0,0.0,1.0,-0.4999999999999997,-0.8660254037844388,1.0,1,1.0,1,0.0,1,2.0,1,0.2857142857142857,0.48795003647426355,0.0,1.0,0.5,0.42857142857142855,0.6900655593423596,0.0,2.0,0.6666666666666666,0,386.57,0.0,0.0,False,False,False,False,False,True,False,False,False,False,False,False,False,False,False,False,False,False,False,False,False,False,False,False,False,False,False,False,False,True,False,False,False,True,False,False
USA,Wireless Noise-Canceling Headphones,2025-07-22,Electronics,0.0,386.57,,20.0,2.0,0.0,0.0,1,22,30,7,3,203,0,0.7818314824680298,0.6234898018587336,-0.4999999999999997,-0.8660254037844388,0.0,1,0.0,1,1.0,1,0.0,1,0.14285714285714285,0.37796447300922403,0.0,1.0,0.5,0.35714285714285715,0.6214848238238757,0.0,2.0,0.39999999999999997,0,386.57,0.0,0.0,False,False,False,False,False,True,False,False,False,False,False,False,False,False,False,False,False,False,False,False,False,False,False,False,False,False,False,False,False,True,False,False,False,True,False,False
USA,Wireless Noise-Canceling Headphones,2025-07-23,Electronics,0.0,386.57,,20.0,2.0,0.0,0.0,2,23,30,7,3,204,0,0.9749279121818236,-0.22252093395631434,-0.4999999999999997,-0.8660254037844388,0.0,1,0.0,1,0.0,1,1.0,1,0.14285714285714285,0.37796447300922403,0.0,1.0,0.42857142857142855,0.35714285714285715,0.6214848238238757,0.0,2.0,0.39999999999999997,0,386.57,0.0,0.0,False,False,False,False,False,True,False,False,False,False,False,False,False,False,False,False,False,False,False,False,False,False,False,False,False,False,False,False,False,True,False,False,False,True,False,False
USA,Wireless Noise-Canceling Headphones,2025-07-24,Electronics,1.0,283.27,0.15,20.0,2.0,1.0,0.0,3,24,30,7,3,205,0,0.43388373911755823,-0.900968867902419,-0.4999999999999997,-0.8660254037844388,0.0,1,0.0,1,0.0,1,0.0,1,0.14285714285714285,0.37796447300922403,0.0,1.0,0.42857142857142855,0.32142857142857145,0.6118321864193089,0.0,2.0,0.44444444444444436,1,386.57,-103.30000000000001,-0.2672219779082702,False,False,False,False,False,True,False,False,False,False,False,False,False,False,False,False,False,False,False,False,False,False,False,False,False,False,False,False,False,True,False,False,False,True,False,False
USA,Wireless Noise-Canceling Headphones,2025-07-25,Electronics,3.0,253.94,0.06,20.0,2.0,1.0,0.0,4,25,30,7,3,206,0,-0.433883739117558,-0.9009688679024191,-0.4999999999999997,-0.8660254037844388,1.0,1,0.0,1,2.0,1,0.0,1,0.2857142857142857,0.48795003647426355,0.0,1.0,0.5,0.35714285714285715,0.6214848238238757,0.0,2.0,0.7999999999999999,1,283.27,-29.329999999999984,-0.10354079147103465,False,False,False,False,False,True,False,False,False,False,False,False,False,False,False,False,False,False,False,False,False,False,False,False,False,False,False,False,False,True,False,False,False,True,False,False
USA,Wireless Noise-Canceling Headphones,2025-07-26,Electronics,0.0,253.94,,20.0,2.0,0.0,0.0,5,26,30,7,3,207,1,-0.9749279121818236,-0.2225209339563146,-0.4999999999999997,-0.8660254037844388,3.0,1,0.0,1,0.0,1,0.0,1,0.7142857142857143,1.1126972805283715,0.0,3.0,0.5714285714285714,0.4642857142857143,0.7926581093427896,0.0,3.0,1.5384615384615385,0,253.94,0.0,0.0,False,False,False,False,False,True,False,False,False,False,False,False,False,False,False,False,False,False,False,False,False,False,False,False,False,False,False,False,False,True,False,False,False,True,False,False
USA,Wireless Noise-Canceling Headphones,2025-07-27,Electronics,0.0,253.94,,20.0,2.0,0.0,0.0,6,27,30,7,3,208,1,-0.7818314824680299,0.6234898018587334,-0.4999999999999997,-0.8660254037844388,0.0,1,1.0,1,2.0,1,0.0,1,0.7142857142857143,1.1126972805283715,0.0,3.0,0.5714285714285714,0.4642857142857143,0.7926581093427896,0.0,3.0,1.5384615384615385,0,253.94,0.0,0.0,False,False,False,False,False,True,False,False,False,False,False,False,False,False,False,False,False,False,False,False,False,False,False,False,False,False,False,False,False,True,False,False,False,True,False,False
USA,Wireless Noise-Canceling Headphones,2025-07-28,Electronics,0.0,253.94,,20.0,2.0,0.0,0.0,0,28,31,7,3,209,0,0.0,1.0,-0.4999999999999997,-0.8660254037844388,0.0,1,0.0,1,1.0,1,0.0,1,0.5714285714285714,1.13389341902768,0.0,3.0,0.42857142857142855,0.4642857142857143,0.7926581093427896,0.0,3.0,1.2307692307692306,0,253.94,0.0,0.0,False,False,False,False,False,True,False,False,False,False,False,False,False,False,False,False,False,False,False,False,False,False,False,False,False,False,False,False,False,True,False,False,False,True,False,False
USA,Wireless Noise-Canceling Headphones,2025-07-29,Electronics,1.0,1334.13,0.06,20.0,2.0,1.0,0.0,1,29,31,7,3,210,0,0.7818314824680298,0.6234898018587336,-0.4999999999999997,-0.8660254037844388,0.0,1,0.0,1,0.0,1,1.0,1,0.5714285714285714,1.13389341902768,0.0,3.0,0.35714285714285715,0.4642857142857143,0.7926581093427896,0.0,3.0,1.2307692307692306,1,253.94,1080.19,4.253721351500355,False,False,False,False,False,True,False,False,False,False,False,False,False,False,False,False,False,False,False,False,False,False,False,False,False,False,False,False,False,True,False,False,False,True,False,False
USA,Wireless Noise-Canceling Headphones,2025-07-30,Electronics,0.0,1334.13,,20.0,2.0,0.0,0.0,2,30,31,7,3,211,0,0.9749279121818236,-0.22252093395631434,-0.4999999999999997,-0.8660254037844388,1.0,1,0.0,1,0.0,1,0.0,1,0.7142857142857143,1.1126972805283715,0.0,3.0,0.42857142857142855,0.4642857142857143,0.7926581093427896,0.0,3.0,1.5384615384615385,0,1334.13,0.0,0.0,False,False,False,False,False,True,False,False,False,False,False,False,False,False,False,False,False,False,False,False,False,False,False,False,False,False,False,False,False,True,False,False,False,True,False,False
USA,Wireless Noise-Canceling Headphones,2025-07-31,Electronics,0.0,1334.13,,20.0,2.0,0.0,0.0,3,31,31,7,3,212,0,0.43388373911755823,-0.900968867902419,-0.4999999999999997,-0.8660254037844388,0.0,1,1.0,1,0.0,1,1.0,1,0.7142857142857143,1.1126972805283715,0.0,3.0,0.42857142857142855,0.4642857142857143,0.7926581093427896,0.0,3.0,1.5384615384615385,0,1334.13,0.0,0.0,False,False,False,False,False,True,False,False,False,False,False,False,False,False,False,False,False,False,False,False,False,False,False,False,False,False,False,False,False,True,False,False,False,True,False,False
USA,Wireless Noise-Canceling Headphones,2025-08-01,Electronics,0.0,1334.13,,20.0,2.0,0.0,0.0,4,1,31,8,3,213,0,-0.433883739117558,-0.9009688679024191,-0.8660254037844385,-0.5000000000000004,0.0,1,3.0,1,0.0,1,0.0,1,0.5714285714285714,1.13389341902768,0.0,3.0,0.42857142857142855,0.42857142857142855,0.7901510136288074,0.0,3.0,1.3333333333333333,0,1334.13,0.0,0.0,False,False,False,False,False,True,False,False,False,False,False,False,False,False,False,False,False,False,False,False,False,False,False,False,False,False,False,False,False,True,False,False,False,True,False,False
USA,Wireless Noise-Canceling Headphones,2025-08-02,Electronics,5.0,1014.1850000000001,0.09,20.0,2.0,1.0,1.0,5,2,31,8,3,214,1,-0.9749279121818236,-0.2225209339563146,-0.8660254037844385,-0.5000000000000004,0.0,1,0.0,1,0.0,1,0.0,1,0.14285714285714285,0.3779644730092239,0.0,1.0,0.42857142857142855,0.42857142857142855,0.7901510136288074,0.0,3.0,0.3333333333333333,1,1334.13,-319.94500000000005,-0.23981546026249317,False,False,False,False,False,True,False,False,False,False,False,False,False,False,False,False,False,False,False,False,False,False,False,False,False,False,False,False,False,True,False,False,False,True,False,False
USA,Wireless Noise-Canceling Headphones,2025-08-03,Electronics,0.0,1014.1850000000001,,20.0,2.0,0.0,0.0,6,3,31,8,3,215,1,-0.7818314824680299,0.6234898018587334,-0.8660254037844385,-0.5000000000000004,5.0,1,0.0,1,1.0,1,0.0,1,0.8571428571428571,1.8644544714716074,0.0,5.0,0.7857142857142857,0.6071428571428571,1.1655323283657197,0.0,5.0,1.411764705882353,0,1014.1850000000001,0.0,0.0,False,False,False,False,False,True,False,False,False,False,False,False,False,False,False,False,False,False,False,False,False,False,False,False,False,False,False,False,False,True,False,False,False,True,False,False
USA,Wireless Noise-Canceling Headphones,2025-08-04,Electronics,0.0,1014.1850000000001,,20.0,2.0,0.0,0.0,0,4,32,8,3,216,0,0.0,1.0,-0.8660254037844385,-0.5000000000000004,0.0,1,0.0,1,0.0,1,0.0,1,0.8571428571428571,1.8644544714716074,0.0,5.0,0.7142857142857143,0.6071428571428571,1.1655323283657197,0.0,5.0,1.411764705882353,0,1014.1850000000001,0.0,0.0,False,False,False,False,False,True,False,False,False,False,False,False,False,False,False,False,False,False,False,False,False,False,False,False,False,False,False,False,False,True,False,False,False,True,False,False
USA,Wireless Noise-Canceling Headphones,2025-08-05,Electronics,0.0,1014.1850000000001,,20.0,2.0,0.0,0.0,1,5,32,8,3,217,0,0.7818314824680298,0.6234898018587336,-0.8660254037844385,-0.5000000000000004,0.0,1,1.0,1,0.0,1,1.0,1,0.8571428571428571,1.8644544714716074,0.0,5.0,0.7142857142857143,0.6071428571428571,1.1655323283657197,0.0,5.0,1.411764705882353,0,1014.1850000000001,0.0,0.0,False,False,False,False,False,True,False,False,False,False,False,False,False,False,False,False,False,False,False,False,False,False,False,False,False,False,False,False,False,True,False,False,False,True,False,False
USA,Wireless Noise-Canceling Headphones,2025-08-06,Electronics,0.0,1014.1850000000001,,20.0,2.0,0.0,0.0,2,6,32,8,3,218,0,0.9749279121818236,-0.22252093395631434,-0.8660254037844385,-0.5000000000000004,0.0,1,0.0,1,0.0,1,0.0,1,0.7142857142857143,1.889822365046135,0.0,5.0,0.7142857142857143,0.5714285714285714,1.1683661091795552,0.0,5.0,1.25,0,1014.1850000000001,0.0,0.0,False,False,False,False,False,True,False,False,False,False,False,False,False,False,False,False,False,False,False,False,False,False,False,False,False,False,False,False,False,True,False,False,False,True,False,False
USA,Wireless Noise-Canceling Headphones,2025-08-07,Electronics,0.0,1014.1850000000001,,20.0,2.0,0.0,0.0,3,7,32,8,3,219,0,0.43388373911755823,-0.900968867902419,-0.8660254037844385,-0.5000000000000004,0.0,1,0.0,1,1.0,1,0.0,1,0.7142857142857143,1.889822365046135,0.0,5.0,0.7142857142857143,0.5714285714285714,1.1683661091795552,0.0,5.0,1.25,0,1014.1850000000001,0.0,0.0,False,False,False,False,False,True,False,False,False,False,False,False,False,False,False,False,False,False,False,False,False,False,False,False,False,False,False,False,False,True,False,False,False,True,False,False
USA,Wireless Noise-Canceling Headphones,2025-08-08,Electronics,0.0,1014.1850000000001,,20.0,2.0,0.0,0.0,4,8,32,8,3,220,0,-0.433883739117558,-0.9009688679024191,-0.8660254037844385,-0.5000000000000004,0.0,1,0.0,1,3.0,1,2.0,1,0.7142857142857143,1.889822365046135,0.0,5.0,0.6428571428571429,0.5714285714285714,1.1683661091795552,0.0,5.0,1.25,0,1014.1850000000001,0.0,0.0,False,False,False,False,False,True,False,False,False,False,False,False,False,False,False,False,False,False,False,False,False,False,False,False,False,False,False,False,False,True,False,False,False,True,False,False
USA,Wireless Noise-Canceling Headphones,2025-08-09,Electronics,0.0,1014.1850000000001,,20.0,2.0,0.0,0.0,5,9,32,8,3,221,1,-0.9749279121818236,-0.2225209339563146,-0.8660254037844385,-0.5000000000000004,0.0,1,5.0,1,0.0,1,0.0,1,0.7142857142857143,1.889822365046135,0.0,5.0,0.42857142857142855,0.5,1.1385500851066253,0.0,5.0,1.4285714285714286,0,1014.1850000000001,0.0,0.0,False,False,False,False,False,True,False,False,False,False,False,False,False,False,False,False,False,False,False,False,False,False,False,False,False,False,False,False,False,True,False,False,False,True,False,False
USA,Wireless Noise-Canceling Headphones,2025-08-10,Electronics,0.0,1014.1850000000001,,20.0,2.0,0.0,0.0,6,10,32,8,3,222,1,-0.7818314824680299,0.6234898018587334,-0.8660254037844385,-0.5000000000000004,0.0,1,0.0,1,0.0,1,2.0,1,0.0,0.0,0.0,0.0,0.42857142857142855,0.5,1.1385500851066253,0.0,5.0,0.0,0,1014.1850000000001,0.0,0.0,False,False,False,False,False,True,False,False,False,False,False,False,False,False,False,False,False,False,False,False,False,False,False,False,False,False,False,False,False,True,False,False,False,True,False,False
USA,Wireless Noise-Canceling Headphones,2025-08-11,Electronics,4.0,746.46,0.06,20.0,2.0,1.0,0.0,0,11,33,8,3,223,0,0.0,1.0,-0.8660254037844385,-0.5000000000000004,0.0,1,0.0,1,0.0,1,1.0,1,0.0,0.0,0.0,0.0,0.42857142857142855,0.42857142857142855,1.103146054215499,0.0,5.0,0.0,1,1014.1850000000001,-267.725,-0.26398043749414557,False,False,False,False,False,True,False,False,False,False,False,False,False,False,False,False,False,False,False,False,False,False,False,False,False,False,False,False,False,True,False,False,False,True,False,False
USA,Wireless Noise-Canceling Headphones,2025-08-12,Electronics,0.0,746.46,,20.0,2.0,0.0,0.0,1,12,33,8,3,224,0,0.7818314824680298,0.6234898018587336,-0.8660254037844385,-0.5000000000000004,4.0,1,0.0,1,1.0,1,0.0,1,0.5714285714285714,1.5118578920369075,0.0,4.0,0.7142857142857143,0.5357142857142857,1.2904820476643302,0.0,5.0,1.0666666666666667,0,746.46,0.0,0.0,False,False,False,False,False,True,False,False,False,False,False,False,False,False,False,False,False,False,False,False,False,False,False,False,False,False,False,False,False,True,False,False,False,True,False,False
USA,Wireless Noise-Canceling Headphones,2025-08-13,Electronics,3.0,1241.055,0.08,20.0,2.0,1.0,0.0,2,13,33,8,3,225,0,0.9749279121818236,-0.22252093395631434,-0.8660254037844385,-0.5000000000000004,0.0,1,0.0,1,0.0,1,0.0,1,0.5714285714285714,1.5118578920369075,0.0,4.0,0.6428571428571429,0.5357142857142857,1.2904820476643302,0.0,5.0,1.0666666666666667,1,746.46,494.595,0.6625874125874126,False,False,False,False,False,True,False,False,False,False,False,False,False,False,False,False,False,False,False,False,False,False,False,False,False,False,False,False,False,True,False,False,False,True,False,False
USA,Wireless Noise-Canceling Headphones,2025-08-14,Electronics,0.0,1241.055,,20.0,2.0,0.0,0.0,3,14,33,8,3,226,0,0.43388373911755823,-0.900968867902419,-0.8660254037844385,-0.5000000000000004,3.0,1,0.0,1,0.0,1,0.0,1,1.0,1.7320508075688756,0.0,4.0,0.8571428571428571,0.6428571428571429,1.3666473091931493,0.0,5.0,1.5555555555555554,0,1241.055,0.0,0.0,False,False,False,False,False,True,False,False,False,False,False,False,False,False,False,False,False,False,False,False,False,False,False,False,False,False,False,False,False,True,False,False,False,True,False,False
USA,Wireless Noise-Canceling Headphones,2025-08-15,Electronics,0.0,1241.055,,20.0,2.0,0.0,0.0,4,15,33,8,3,227,0,-0.433883739117558,-0.9009688679024191,-0.8660254037844385,-0.5000000000000004,0.0,1,0.0,1,0.0,1,0.0,1,1.0,1.7320508075688756,0.0,4.0,0.8571428571428571,0.6428571428571429,1.3666473091931493,0.0,5.0,1.5555555555555554,0,1241.055,0.0,0.0,False,False,False,False,False,True,False,False,False,False,False,False,False,False,False,False,False,False,False,False,False,False,False,False,False,False,False,False,False,True,False,False,False,True,False,False
USA,Wireless Noise-Canceling Headphones,2025-08-16,Electronics,0.0,1241.055,,20.0,2.0,0.0,0.0,5,16,33,8,3,228,1,-0.9749279121818236,-0.2225209339563146,-0.8660254037844385,-0.5000000000000004,0.0,1,0.0,1,5.0,1,0.0,1,1.0,1.7320508075688756,0.0,4.0,0.8571428571428571,0.6428571428571429,1.3666473091931493,0.0,5.0,1.5555555555555554,0,1241.055,0.0,0.0,False,False,False,False,False,True,False,False,False,False,False,False,False,False,False,False,False,False,False,False,False,False,False,False,False,False,False,False,False,True,False,False,False,True,False,False
USA,Wireless Noise-Canceling Headphones,2025-08-17,Electronics,0.0,1241.055,,20.0,2.0,0.0,0.0,6,17,33,8,3,229,1,-0.7818314824680299,0.6234898018587334,-0.8660254037844385,-0.5000000000000004,0.0,1,0.0,1,0.0,1,1.0,1,1.0,1.7320508075688756,0.0,4.0,0.5,0.6428571428571429,1.3666473091931493,0.0,5.0,1.5555555555555554,0,1241.055,0.0,0.0,False,False,False,False,False,True,False,False,False,False,False,False,False,False,False,False,False,False,False,False,False,False,False,False,False,False,False,False,False,True,False,False,False,True,False,False
USA,Wireless Noise-Canceling Headphones,2025-08-18,Electronics,0.0,1241.055,,20.0,2.0,0.0,0.0,0,18,34,8,3,230,0,0.0,1.0,-0.8660254037844385,-0.5000000000000004,0.0,1,4.0,1,0.0,1,0.0,1,1.0,1.7320508075688756,0.0,4.0,0.5,0.6071428571428571,1.3700307029348409,0.0,5.0,1.647058823529412,0,1241.055,0.0,0.0,False,False,False,False,False,True,False,False,False,False,False,False,False,False,False,False,False,False,False,False,False,False,False,False,False,False,False,False,False,True,False,False,False,True,False,False
USA,Wireless Noise-Canceling Headphones,2025-08-19,Electronics,0.0,1241.055,,20.0,2.0,0.0,0.0,1,19,34,8,3,231,0,0.7818314824680298,0.6234898018587336,-0.8660254037844385,-0.5000000000000004,0.0,1,0.0,1,0.0,1,0.0,1,0.42857142857142855,1.13389341902768,0.0,3.0,0.5,0.6071428571428571,1.3700307029348409,0.0,5.0,0.7058823529411765,0,1241.055,0.0,0.0,False,False,False,False,False,True,False,False,False,False,False,False,False,False,False,False,False,False,False,False,False,False,False,False,False,False,False,False,False,True,False,False,False,True,False,False
USA,Wireless Noise-Canceling Headphones,2025-08-20,Electronics,0.0,1241.055,,20.0,2.0,0.0,0.0,2,20,34,8,3,232,0,0.9749279121818236,-0.22252093395631434,-0.8660254037844385,-0.5000000000000004,0.0,1,3.0,1,0.0,1,0.0,1,0.42857142857142855,1.13389341902768,0.0,3.0,0.5,0.6071428571428571,1.3700307029348409,0.0,5.0,0.7058823529411765,0,1241.055,0.0,0.0,False,False,False,False,False,True,False,False,False,False,False,False,False,False,False,False,False,False,False,False,False,False,False,False,False,False,False,False,False,True,False,False,False,True,False,False
USA,Wireless Noise-Canceling Headphones,2025-08-21,Electronics,1.0,870.44,0.14,20.0,2.0,1.0,0.0,3,21,34,8,3,233,0,0.43388373911755823,-0.900968867902419,-0.8660254037844385,-0.5000000000000004,0.0,1,0.0,1,0.0,1,1.0,1,0.0,0.0,0.0,0.0,0.5,0.6071428571428571,1.3700307029348409,0.0,5.0,0.0,1,1241.055,-370.615,-0.29862898904561036,False,False,False,False,False,True,False,False,False,False,False,False,False,False,False,False,False,False,False,False,False,False,False,False,False,False,False,False,False,True,False,False,False,True,False,False
USA,Wireless Noise-Canceling Headphones,2025-08-22,Electronics,1.0,483.21,0.0,20.0,2.0,0.0,0.0,4,22,34,8,3,234,0,-0.433883739117558,-0.9009688679024191,-0.8660254037844385,-0.5000000000000004,1.0,1,0.0,1,0.0,1,3.0,1,0.14285714285714285,0.37796447300922315,0.0,1.0,0.5714285714285714,0.6071428571428571,1.3700307029348409,0.0,5.0,0.23529411764705882,0,870.44,-387.2300000000001,-0.4448669638343827,False,False,False,False,False,True,False,False,False,False,False,False,False,False,False,False,False,False,False,False,False,False,False,False,False,False,False,False,False,True,False,False,False,True,False,False
USA,Wireless Noise-Canceling Headphones,2025-08-23,Electronics,0.0,483.21,,20.0,2.0,0.0,0.0,5,23,34,8,3,235,1,-0.9749279121818236,-0.2225209339563146,-0.8660254037844385,-0.5000000000000004,1.0,1,0.0,1,0.0,1,0.0,1,0.2857142857142857,0.48795003647426294,0.0,1.0,0.6428571428571429,0.5357142857142857,1.2904820476643302,0.0,5.0,0.5333333333333333,0,483.21,0.0,0.0,False,False,False,False,False,True,False,False,False,False,False,False,False,False,False,False,False,False,False,False,False,False,False,False,False,False,False,False,False,True,False,False,False,True,False,False
USA,Wireless Noise-Canceling Headphones,2025-08-24,Electronics,3.0,566.39,0.14,20.0,2.0,1.0,0.0,6,24,34,8,3,236,1,-0.7818314824680299,0.6234898018587334,-0.8660254037844385,-0.5000000000000004,0.0,1,0.0,1,0.0,1,0.0,1,0.2857142857142857,0.487950036474263,0.0,1.0,0.6428571428571429,0.5357142857142857,1.2904820476643302,0.0,5.0,0.5333333333333333,1,483.21,83.18,0.17214047722522302,False,False,False,False,False,True,False,False,False,False,False,False,False,False,False,False,False,False,False,False,False,False,False,False,False,False,False,False,False,True,False,False,False,True,False,False
USA,Wireless Noise-Canceling Headphones,2025-08-25,Electronics,0.0,566.39,,20.0,2.0,0.0,0.0,0,25,35,8,3,237,0,0.0,1.0,-0.8660254037844385,-0.5000000000000004,3.0,1,0.0,1,4.0,1,0.0,1,0.7142857142857143,1.1126972805283712,0.0,3.0,0.8571428571428571,0.6428571428571429,1.3666473091931493,0.0,5.0,1.1111111111111112,0,566.39,0.0,0.0,False,False,False,False,False,True,False,False,False,False,False,False,False,False,False,False,False,False,False,False,False,False,False,False,False,False,False,False,False,True,False,False,False,True,False,False
USA,Wireless Noise-Canceling Headphones,2025-08-26,Electronics,3.0,761.08,0.08,20.0,2.0,1.0,0.0,1,26,35,8,3,238,0,0.7818314824680298,0.6234898018587336,-0.8660254037844385,-0.5000000000000004,0.0,1,0.0,1,0.0,1,1.0,1,0.7142857142857143,1.1126972805283712,0.0,3.0,0.5714285714285714,0.6428571428571429,1.3666473091931493,0.0,5.0,1.1111111111111112,1,566.39,194.69000000000005,0.34373841346068973,False,False,False,False,False,True,False,False,False,False,False,False,False,False,False,False,False,False,False,False,False,False,False,False,False,False,False,False,False,True,False,False,False,True,False,False
USA,Wireless Noise-Canceling Headphones,2025-08-27,Electronics,3.0,504.23,0.03,20.0,2.0,1.0,0.0,2,27,35,8,3,239,0,0.9749279121818236,-0.22252093395631434,-0.8660254037844385,-0.5000000000000004,3.0,1,0.0,1,3.0,1,0.0,1,1.1428571428571428,1.345185418269096,0.0,3.0,0.7857142857142857,0.7142857142857143,1.4364860122855603,0.0,5.0,1.5999999999999999,1,761.08,-256.85,-0.33748094812634677,False,False,False,False,False,True,False,False,False,False,False,False,False,False,False,False,False,False,False,False,False,False,False,False,False,False,False,False,False,True,False,False,False,True,False,False
USA,Wireless Noise-Canceling Headphones,2025-08-28,Electronics,3.0,920.95,0.02,20.0,2.0,1.0,0.0,3,28,35,8,3,240,0,0.43388373911755823,-0.900968867902419,-0.8660254037844385,-0.5000000000000004,3.0,1,1.0,1,0.0,1,0.0,1,1.5714285714285714,1.397276262011541,0.0,3.0,0.7857142857142857,0.8214285714285714,1.4920423841803165,0.0,5.0,1.9130434782608696,1,504.23,416.72,0.826448247823414,False,False,False,False,False,True,False,False,False,False,False,False,False,False,False,False,False,False,False,False,False,False,False,False,False,False,False,False,False,True,False,False,False,True,False,False
USA,Wireless Noise-Canceling Headphones,2025-08-29,Electronics,3.0,997.73,0.15,20.0,2.0,1.0,0.0,4,29,35,8,3,241,0,-0.433883739117558,-0.9009688679024191,-0.8660254037844385,-0.5000000000000004,3.0,1,1.0,1,0.0,1,0.0,1,1.8571428571428572,1.4638501094227967,0.0,3.0,1.0,0.9285714285714286,1.5378814535195398,0.0,5.0,2.0,1,920.95,76.77999999999997,0.08337043270535856,False,False,False,False,False,True,False,False,False,False,False,False,False,False,False,False,False,False,False,False,False,False,False,False,False,False,False,False,False,True,False,False,False,True,False,False
USA,Wireless Noise-Canceling Headphones,2025-08-30,Electronics,0.0,997.73,,20.0,2.0,0.0,0.0,5,30,35,8,3,242,1,-0.9749279121818236,-0.2225209339563146,-0.8660254037844385,-0.5000000000000004,3.0,1,0.0,1,0.0,1,5.0,1,2.142857142857143,1.4638501094227965,0.0,3.0,1.2142857142857142,1.0357142857142858,1.5748519708717823,0.0,5.0,2.068965517241379,0,997.73,0.0,0.0,False,False,False,False,False,True,False,False,False,False,False,False,False,False,False,False,False,False,False,False,False,False,False,False,False,False,False,False,False,True,False,False,False,True,False,False
USA,Wireless Noise-Canceling Headphones,2025-08-31,Electronics,3.0,1029.33,0.11,20.0,2.0,1.0,0.0,6,31,35,8,3,243,1,-0.7818314824680299,0.6234898018587334,-0.8660254037844385,-0.5000000000000004,0.0,1,3.0,1,0.0,1,0.0,1,2.142857142857143,1.4638501094227965,0.0,3.0,1.2142857142857142,0.8571428571428571,1.380131118684711,0.0,4.0,2.5,1,997.73,31.59999999999991,0.031671895202108696,False,False,False,False,False,True,False,False,False,False,False,False,False,False,False,False,False,False,False,False,False,False,False,False,False,False,False,False,False,True,False,False,False,True,False,False
USA,Wireless Noise-Canceling Headphones,2025-09-01,Electronics,0.0,1029.33,,20.0,2.0,0.0,0.0,0,1,36,9,3,244,0,0.0,1.0,-1.0,-1.8369701987210297e-16,3.0,1,0.0,1,0.0,1,0.0,1,2.142857142857143,1.4638501094227965,0.0,3.0,1.4285714285714286,0.9642857142857143,1.426784596817015,0.0,4.0,2.2222222222222223,0,1029.33,0.0,0.0,False,False,False,False,False,True,False,False,False,False,False,False,False,False,False,False,False,False,False,False,False,False,False,False,False,False,False,False,False,True,False,False,False,True,False,False
USA,Wireless Noise-Canceling Headphones,2025-09-02,Electronics,2.0,495.37,0.07,20.0,2.0,1.0,0.0,1,2,36,9,3,245,0,0.7818314824680298,0.6234898018587336,-1.0,-1.8369701987210297e-16,0.0,1,3.0,1,0.0,1,0.0,1,2.142857142857143,1.4638501094227965,0.0,3.0,1.4285714285714286,0.9642857142857143,1.426784596817015,0.0,4.0,2.2222222222222223,1,1029.33,-533.9599999999999,-0.5187452031904248,False,False,False,False,False,True,False,False,False,False,False,False,False,False,False,False,False,False,False,False,False,False,False,False,False,False,False,False,False,True,False,False,False,True,False,False
USA,Wireless Noise-Canceling Headphones,2025-09-03,Electronics,0.0,495.37,,20.0,2.0,0.0,0.0,2,3,36,9,3,246,0,0.9749279121818236,-0.22252093395631434,-1.0,-1.8369701987210297e-16,2.0,1,3.0,1,0.0,1,0.0,1,2.0,1.4142135623730918,0.0,3.0,1.5714285714285714,1.0357142857142858,1.426784596817015,0.0,4.0,1.9310344827586206,0,495.37,0.0,0.0,False,False,False,False,False,True,False,False,False,False,False,False,False,False,False,False,False,False,False,False,False,False,False,False,False,False,False,False,False,True,False,False,False,True,False,False
USA,Wireless Noise-Canceling Headphones,2025-09-04,Electronics,0.0,495.37,,20.0,2.0,0.0,0.0,3,4,36,9,3,247,0,0.43388373911755823,-0.900968867902419,-1.0,-1.8369701987210297e-16,0.0,1,3.0,1,1.0,1,0.0,1,1.5714285714285714,1.5118578920369061,0.0,3.0,1.5714285714285714,1.0357142857142858,1.426784596817015,0.0,4.0,1.5172413793103448,0,495.37,0.0,0.0,False,False,False,False,False,True,False,False,False,False,False,False,False,False,False,False,False,False,False,False,False,False,False,False,False,False,False,False,False,True,False,False,False,True,False,False
USA,Wireless Noise-Canceling Headphones,2025-09-05,Electronics,0.0,495.37,,20.0,2.0,0.0,0.0,4,5,36,9,3,248,0,-0.433883739117558,-0.9009688679024191,-1.0,-1.8369701987210297e-16,0.0,1,3.0,1,1.0,1,0.0,1,1.1428571428571428,1.4638501094227974,0.0,3.0,1.5,1.0357142857142858,1.426784596817015,0.0,4.0,1.1034482758620687,0,495.37,0.0,0.0,False,False,False,False,False,True,False,False,False,False,False,False,False,False,False,False,False,False,False,False,False,False,False,False,False,False,False,False,False,True,False,False,False,True,False,False
USA,Wireless Noise-Canceling Headphones,2025-09-06,Electronics,0.0,495.37,,20.0,2.0,0.0,0.0,5,6,36,9,3,249,1,-0.9749279121818236,-0.2225209339563146,-1.0,-1.8369701987210297e-16,0.0,1,0.0,1,0.0,1,0.0,1,0.7142857142857143,1.2535663410560152,0.0,3.0,1.4285714285714286,1.0357142857142858,1.426784596817015,0.0,4.0,0.689655172413793,0,495.37,0.0,0.0,False,False,False,False,False,True,False,False,False,False,False,False,False,False,False,False,False,False,False,False,False,False,False,False,False,False,False,False,False,True,False,False,False,True,False,False
USA,Wireless Noise-Canceling Headphones,2025-09-07,Electronics,5.0,375.15,0.14,20.0,2.0,1.0,1.0,6,7,36,9,3,250,1,-0.7818314824680299,0.6234898018587334,-1.0,-1.8369701987210297e-16,0.0,1,3.0,1,3.0,1,0.0,1,0.7142857142857143,1.2535663410560152,0.0,3.0,1.4285714285714286,1.0357142857142858,1.426784596817015,0.0,4.0,0.689655172413793,1,495.37,-120.22000000000003,-0.2426872842521752,False,False,False,False,False,True,False,False,False,False,False,False,False,False,False,False,False,False,False,False,False,False,False,False,False,False,False,False,False,True,False,False,False,True,False,False
USA,Wireless Noise-Canceling Headphones,2025-09-08,Electronics,3.0,1168.3,0.13,20.0,2.0,1.0,0.0,0,8,37,9,3,251,0,0.0,1.0,-1.0,-1.8369701987210297e-16,5.0,1,0.0,1,0.0,1,4.0,1,1.0,1.9148542155126747,0.0,5.0,1.5714285714285714,1.2142857142857142,1.5952973218098099,0.0,5.0,0.823529411764706,1,375.15,793.15,2.1142209782753567,False,False,False,False,False,True,False,False,False,False,False,False,False,False,False,False,False,False,False,False,False,False,False,False,False,False,False,False,False,True,False,False,False,True,False,False
USA,Wireless Noise-Canceling Headphones,2025-09-09,Electronics,1.0,948.04,0.06,20.0,2.0,1.0,0.0,1,9,37,9,3,252,0,0.7818314824680298,0.6234898018587336,-1.0,-1.8369701987210297e-16,3.0,1,2.0,1,3.0,1,0.0,1,1.4285714285714286,1.988059594776008,0.0,5.0,1.7857142857142858,1.1785714285714286,1.5408889072021483,0.0,5.0,1.2121212121212122,1,1168.3,-220.26,-0.18853034323375845,False,False,False,False,False,True,False,False,False,False,False,False,False,False,False,False,False,False,False,False,False,False,False,False,False,False,False,False,False,True,False,False,False,True,False,False
USA,Wireless Noise-Canceling Headphones,2025-09-10,Electronics,2.0,412.43,0.08,20.0,2.0,1.0,0.0,2,10,37,9,3,253,0,0.9749279121818236,-0.22252093395631434,-1.0,-1.8369701987210297e-16,1.0,1,0.0,1,3.0,1,3.0,1,1.2857142857142858,1.9760470401187058,0.0,5.0,1.6428571428571428,1.2142857142857142,1.5240575195022428,0.0,5.0,1.058823529411765,1,948.04,-535.6099999999999,-0.564965613265263,False,False,False,False,False,True,False,False,False,False,False,False,False,False,False,False,False,False,False,False,False,False,False,False,False,False,False,False,False,True,False,False,False,True,False,False
USA,Wireless Noise-Canceling Headphones,2025-09-11,Electronics,3.0,777.84,0.14,20.0,2.0,1.0,0.0,3,11,37,9,3,254,0,0.43388373911755823,-0.900968867902419,-1.0,-1.8369701987210297e-16,2.0,1,0.0,1,3.0,1,0.0,1,1.5714285714285714,1.9023794624226817,0.0,5.0,1.5714285714285714,1.1785714285714286,1.4920423841803163,0.0,5.0,1.3333333333333333,1,412.43,365.41,0.8859927745314357,False,False,False,False,False,True,False,False,False,False,False,False,False,False,False,False,False,False,False,False,False,False,False,False,False,False,False,False,False,True,False,False,False,True,False,False
USA,Wireless Noise-Canceling Headphones,2025-09-12,Electronics,2.0,941.5,0.07,20.0,2.0,1.0,0.0,4,12,37,9,3,255,0,-0.433883739117558,-0.9009688679024191,-1.0,-1.8369701987210297e-16,3.0,1,0.0,1,3.0,1,0.0,1,2.0,1.8257418583505514,0.0,5.0,1.5714285714285714,1.2857142857142858,1.511857892036911,0.0,5.0,1.5555555555555554,1,777.84,163.65999999999997,0.21040316774658022,False,False,False,False,False,True,False,False,False,False,False,False,False,False,False,False,False,False,False,False,False,False,False,False,False,False,False,False,False,True,False,False,False,True,False,False
USA,Wireless Noise-Canceling Headphones,2025-09-13,Electronics,2.0,1388.6,0.1,20.0,2.0,1.0,0.0,5,13,37,9,3,256,1,-0.9749279121818236,-0.2225209339563146,-1.0,-1.8369701987210297e-16,2.0,1,0.0,1,0.0,1,0.0,1,2.2857142857142856,1.6035674514745435,0.0,5.0,1.5,1.3571428571428572,1.4960264830861933,0.0,5.0,1.6842105263157894,1,941.5,447.0999999999999,0.47488050982474767,False,False,False,False,False,True,False,False,False,False,False,False,False,False,False,False,False,False,False,False,False,False,False,False,False,False,False,False,False,True,False,False,False,True,False,False
USA,Wireless Noise-Canceling Headphones,2025-09-14,Electronics,8.0,916.9025,0.14,20.0,2.0,1.0,1.0,6,14,37,9,3,257,1,-0.7818314824680299,0.6234898018587334,-1.0,-1.8369701987210297e-16,2.0,1,5.0,1,3.0,1,0.0,1,2.5714285714285716,1.2724180205606999,1.0,5.0,1.6428571428571428,1.4285714285714286,1.4764464703788573,0.0,5.0,1.8,1,1388.6,-471.6974999999999,-0.3396928561140717,False,False,False,False,False,True,False,False,False,False,False,False,False,False,False,False,False,False,False,False,False,False,False,False,False,False,False,False,False,True,False,False,False,True,False,False
USA,Wireless Noise-Canceling Headphones,2025-09-15,Electronics,1.0,1328.56,0.05,20.0,2.0,1.0,0.0,0,15,38,9,3,258,0,0.0,1.0,-1.0,-1.8369701987210297e-16,8.0,1,3.0,1,0.0,1,0.0,1,3.0,2.3094010767585007,1.0,8.0,2.0,1.7142857142857142,1.902379462422685,0.0,8.0,1.75,1,916.9025,411.6574999999999,0.4489654025373471,False,False,False,False,False,True,False,False,False,False,False,False,False,False,False,False,False,False,False,False,False,False,False,False,False,False,False,False,False,True,False,False,False,True,False,False
USA,Wireless Noise-Canceling Headphones,2025-09-16,Electronics,0.0,1328.56,,20.0,2.0,0.0,0.0,1,16,38,9,3,259,0,0.7818314824680298,0.6234898018587336,-1.0,-1.8369701987210297e-16,1.0,1,1.0,1,2.0,1,0.0,1,2.7142857142857144,2.4299715851758217,1.0,8.0,2.0714285714285716,1.75,1.8782379449307756,0.0,8.0,1.5510204081632655,0,1328.56,0.0,0.0,False,False,False,False,False,True,False,False,False,False,False,False,False,False,False,False,False,False,False,False,False,False,False,False,False,False,False,False,False,True,False,False,False,True,False,False
USA,Wireless Noise-Canceling Headphones,2025-09-17,Electronics,0.0,1328.56,,20.0,2.0,0.0,0.0,2,17,38,9,3,260,0,0.9749279121818236,-0.22252093395631434,-1.0,-1.8369701987210297e-16,0.0,1,2.0,1,0.0,1,0.0,1,2.5714285714285716,2.572750982712398,0.0,8.0,1.9285714285714286,1.75,1.8782379449307756,0.0,8.0,1.469387755102041,0,1328.56,0.0,0.0,False,False,False,False,False,True,False,False,False,False,False,False,False,False,False,False,False,False,False,False,False,False,False,False,False,False,False,False,False,True,False,False,False,True,False,False
USA,Wireless Noise-Canceling Headphones,2025-09-18,Electronics,0.0,1328.56,,20.0,2.0,0.0,0.0,3,18,38,9,3,261,0,0.43388373911755823,-0.900968867902419,-1.0,-1.8369701987210297e-16,0.0,1,3.0,1,0.0,1,1.0,1,2.2857142857142856,2.7516228977511736,0.0,8.0,1.9285714285714286,1.75,1.8782379449307756,0.0,8.0,1.3061224489795917,0,1328.56,0.0,0.0,False,False,False,False,False,True,False,False,False,False,False,False,False,False,False,False,False,False,False,False,False,False,False,False,False,False,False,False,False,True,False,False,False,True,False,False
USA,Wireless Noise-Canceling Headphones,2025-09-19,Electronics,0.0,1328.56,,20.0,2.0,0.0,0.0,4,19,38,9,3,262,0,-0.433883739117558,-0.9009688679024191,-1.0,-1.8369701987210297e-16,0.0,1,2.0,1,0.0,1,1.0,1,1.8571428571428572,2.8535691936340246,0.0,8.0,1.9285714285714286,1.7142857142857142,1.902379462422685,0.0,8.0,1.0833333333333335,0,1328.56,0.0,0.0,False,False,False,False,False,True,False,False,False,False,False,False,False,False,False,False,False,False,False,False,False,False,False,False,False,False,False,False,False,True,False,False,False,True,False,False
USA,Wireless Noise-Canceling Headphones,2025-09-20,Electronics,3.0,561.07,0.04,20.0,2.0,1.0,0.0,5,20,38,9,3,263,1,-0.9749279121818236,-0.2225209339563146,-1.0,-1.8369701987210297e-16,0.0,1,2.0,1,0.0,1,0.0,1,1.5714285714285714,2.9358214555806375,0.0,8.0,1.9285714285714286,1.6785714285714286,1.9255316039140886,0.0,8.0,0.9361702127659575,1,1328.56,-767.4899999999999,-0.5776856144999096,False,False,False,False,False,True,False,False,False,False,False,False,False,False,False,False,False,False,False,False,False,False,False,False,False,False,False,False,False,True,False,False,False,True,False,False
USA,Wireless Noise-Canceling Headphones,2025-09-21,Electronics,3.0,198.02,0.0,20.0,2.0,0.0,0.0,6,21,38,9,3,264,1,-0.7818314824680299,0.6234898018587334,-1.0,-1.8369701987210297e-16,3.0,1,8.0,1,5.0,1,3.0,1,1.7142857142857142,2.9840847683606273,0.0,8.0,2.142857142857143,1.7857142857142858,1.9120890816289553,0.0,8.0,0.9599999999999999,0,561.07,-363.05000000000007,-0.6470672108649546,False,False,False,False,False,True,False,False,False,False,False,False,False,False,False,False,False,False,False,False,False,False,False,False,False,False,False,False,False,True,False,False,False,True,False,False
USA,Wireless Noise-Canceling Headphones,2025-09-22,Electronics,0.0,198.02,,20.0,2.0,0.0,0.0,0,22,39,9,3,265,0,0.0,1.0,-1.0,-1.8369701987210297e-16,3.0,1,1.0,1,3.0,1,0.0,1,1.0,1.4142135623730934,0.0,3.0,2.0,1.7857142857142858,1.9120890816289553,0.0,8.0,0.5599999999999999,0,198.02,0.0,0.0,False,False,False,False,False,True,False,False,False,False,False,False,False,False,False,False,False,False,False,False,False,False,False,False,False,False,False,False,False,True,False,False,False,True,False,False
USA,Wireless Noise-Canceling Headphones,2025-09-23,Electronics,0.0,198.02,,20.0,2.0,0.0,0.0,1,23,39,9,3,266,0,0.7818314824680298,0.6234898018587336,-1.0,-1.8369701987210297e-16,0.0,1,0.0,1,1.0,1,3.0,1,0.8571428571428571,1.4638501094227983,0.0,3.0,1.7857142857142858,1.7857142857142858,1.9120890816289553,0.0,8.0,0.4799999999999999,0,198.02,0.0,0.0,False,False,False,False,False,True,False,False,False,False,False,False,False,False,False,False,False,False,False,False,False,False,False,False,False,False,False,False,False,True,False,False,False,True,False,False
USA,Wireless Noise-Canceling Headphones,2025-09-24,Electronics,0.0,198.02,,20.0,2.0,0.0,0.0,2,24,39,9,3,267,0,0.9749279121818236,-0.22252093395631434,-1.0,-1.8369701987210297e-16,0.0,1,0.0,1,2.0,1,3.0,1,0.8571428571428571,1.4638501094227983,0.0,3.0,1.7142857142857142,1.6785714285714286,1.9255316039140886,0.0,8.0,0.5106382978723404,0,198.02,0.0,0.0,False,False,False,False,False,True,False,False,False,False,False,False,False,False,False,False,False,False,False,False,False,False,False,False,False,False,False,False,False,True,False,False,False,True,False,False
USA,Wireless Noise-Canceling Headphones,2025-09-25,Electronics,0.0,198.02,,20.0,2.0,0.0,0.0,3,25,39,9,3,268,0,0.43388373911755823,-0.900968867902419,-1.0,-1.8369701987210297e-16,0.0,1,0.0,1,3.0,1,3.0,1,0.8571428571428571,1.4638501094227983,0.0,3.0,1.5714285714285714,1.5714285714285714,1.9327311596416459,0.0,8.0,0.5454545454545454,0,198.02,0.0,0.0,False,False,False,False,False,True,False,False,False,False,False,False,False,False,False,False,False,False,False,False,False,False,False,False,False,False,False,False,False,True,False,False,False,True,False,False
USA,Wireless Noise-Canceling Headphones,2025-09-26,Electronics,0.0,198.02,,20.0,2.0,0.0,0.0,4,26,39,9,3,269,0,-0.433883739117558,-0.9009688679024191,-1.0,-1.8369701987210297e-16,0.0,1,0.0,1,2.0,1,3.0,1,0.8571428571428571,1.4638501094227983,0.0,3.0,1.3571428571428572,1.4642857142857142,1.9337574794730583,0.0,8.0,0.5853658536585366,0,198.02,0.0,0.0,False,False,False,False,False,True,False,False,False,False,False,False,False,False,False,False,False,False,False,False,False,False,False,False,False,False,False,False,False,True,False,False,False,True,False,False
USA,Wireless Noise-Canceling Headphones,2025-09-27,Electronics,4.0,1267.33,0.14,20.0,2.0,1.0,0.0,5,27,39,9,3,270,1,-0.9749279121818236,-0.2225209339563146,-1.0,-1.8369701987210297e-16,0.0,1,3.0,1,2.0,1,0.0,1,0.8571428571428571,1.4638501094227983,0.0,3.0,1.2142857142857142,1.3571428571428572,1.92862041873893,0.0,8.0,0.631578947368421,1,198.02,1069.31,5.4000100999899,False,False,False,False,False,True,False,False,False,False,False,False,False,False,False,False,False,False,False,False,False,False,False,False,False,False,False,False,False,True,False,False,False,True,False,False
USA,Wireless Noise-Canceling Headphones,2025-09-28,Electronics,0.0,1267.33,,20.0,2.0,0.0,0.0,6,28,39,9,3,271,1,-0.7818314824680299,0.6234898018587334,-1.0,-1.8369701987210297e-16,4.0,1,3.0,1,8.0,1,3.0,1,1.0,1.7320508075688759,0.0,4.0,1.3571428571428572,1.5,1.97202659436654,0.0,8.0,0.6666666666666666,0,1267.33,0.0,0.0,False,False,False,False,False,True,False,False,False,False,False,False,False,False,False,False,False,False,False,False,False,False,False,False,False,False,False,False,False,True,False,False,False,True,False,False
USA,Wireless Noise-Canceling Headphones,2025-09-29,Electronics,0.0,1267.33,,20.0,2.0,0.0,0.0,0,29,40,9,3,272,0,0.0,1.0,-1.0,-1.8369701987210297e-16,0.0,1,0.0,1,1.0,1,0.0,1,0.5714285714285714,1.5118578920369075,0.0,4.0,0.7857142857142857,1.3928571428571428,1.9690058727652726,0.0,8.0,0.41025641025641024,0,1267.33,0.0,0.0,False,False,False,False,False,True,False,False,False,False,False,False,False,False,False,False,False,False,False,False,False,False,False,False,False,False,False,False,False,True,False,False,False,True,False,False
USA,Wireless Noise-Canceling Headphones,2025-09-30,Electronics,0.0,1267.33,,20.0,2.0,0.0,0.0,1,30,40,9,3,273,0,0.7818314824680298,0.6234898018587336,-1.0,-1.8369701987210297e-16,0.0,1,0.0,1,0.0,1,2.0,1,0.5714285714285714,1.5118578920369075,0.0,4.0,0.7142857142857143,1.3928571428571428,1.9690058727652726,0.0,8.0,0.41025641025641024,0,1267.33,0.0,0.0,False,False,False,False,False,True,False,False,False,False,False,False,False,False,False,False,False,False,False,False,False,False,False,False,False,False,False,False,False,True,False,False,False,True,False,False
USA,Wireless Noise-Canceling Headphones,2025-10-01,Electronics,2.0,1051.77,0.02,20.0,2.0,1.0,0.0,2,1,40,10,4,274,0,0.9749279121818236,-0.22252093395631434,-0.8660254037844386,0.5000000000000001,0.0,1,0.0,1,0.0,1,0.0,1,0.5714285714285714,1.5118578920369075,0.0,4.0,0.7142857142857143,1.3214285714285714,1.9823960703891104,0.0,8.0,0.4324324324324324,1,1267.33,-215.55999999999995,-0.1700898739870436,False,False,False,False,False,True,False,False,False,False,False,False,False,False,False,False,False,False,False,False,False,False,False,False,False,False,False,False,False,True,False,False,False,True,False,False
USA,Wireless Noise-Canceling Headphones,2025-10-02,Electronics,0.0,1051.77,,20.0,2.0,0.0,0.0,3,2,40,10,4,275,0,0.43388373911755823,-0.900968867902419,-0.8660254037844386,0.5000000000000001,2.0,1,0.0,1,0.0,1,0.0,1,0.8571428571428571,1.5735915849388848,0.0,4.0,0.8571428571428571,1.3928571428571428,1.9690058727652726,0.0,8.0,0.6153846153846154,0,1051.77,0.0,0.0,False,False,False,False,False,True,False,False,False,False,False,False,False,False,False,False,False,False,False,False,False,False,False,False,False,False,False,False,False,True,False,False,False,True,False,False
USA,Wireless Noise-Canceling Headphones,2025-10-03,Electronics,0.0,1051.77,,20.0,2.0,0.0,0.0,4,3,40,10,4,276,0,-0.433883739117558,-0.9009688679024191,-0.8660254037844386,0.5000000000000001,0.0,1,0.0,1,0.0,1,0.0,1,0.8571428571428571,1.5735915849388848,0.0,4.0,0.8571428571428571,1.3928571428571428,1.9690058727652726,0.0,8.0,0.6153846153846154,0,1051.77,0.0,0.0,False,False,False,False,False,True,False,False,False,False,False,False,False,False,False,False,False,False,False,False,False,False,False,False,False,False,False,False,False,True,False,False,False,True,False,False
USA,Wireless Noise-Canceling Headphones,2025-10-04,Electronics,2.0,304.84,0.05,20.0,2.0,1.0,0.0,5,4,40,10,4,277,1,-0.9749279121818236,-0.2225209339563146,-0.8660254037844386,0.5000000000000001,0.0,1,4.0,1,3.0,1,0.0,1,0.8571428571428571,1.5735915849388848,0.0,4.0,0.8571428571428571,1.3928571428571428,1.9690058727652726,0.0,8.0,0.6153846153846154,1,1051.77,-746.9300000000001,-0.7101647698641339,False,False,False,False,False,True,False,False,False,False,False,False,False,False,False,False,False,False,False,False,False,False,False,False,False,False,False,False,False,True,False,False,False,True,False,False
USA,Wireless Noise-Canceling Headphones,2025-10-05,Electronics,0.0,304.84,,20.0,2.0,0.0,0.0,6,5,40,10,4,278,1,-0.7818314824680299,0.6234898018587334,-0.8660254037844386,0.5000000000000001,2.0,1,0.0,1,3.0,1,5.0,1,0.5714285714285714,0.9759000729485311,0.0,2.0,0.7857142857142857,1.4642857142857142,1.952816443881009,0.0,8.0,0.3902439024390244,0,304.84,0.0,0.0,False,False,False,False,False,True,False,False,False,False,False,False,False,False,False,False,False,False,False,False,False,False,False,False,False,False,False,False,False,True,False,False,False,True,False,False
USA,Wireless Noise-Canceling Headphones,2025-10-06,Electronics,0.0,304.84,,20.0,2.0,0.0,0.0,0,6,41,10,4,279,0,0.0,1.0,-0.8660254037844386,0.5000000000000001,0.0,1,0.0,1,0.0,1,3.0,1,0.5714285714285714,0.975900072948531,0.0,2.0,0.5714285714285714,1.2857142857142858,1.8430478552727283,0.0,8.0,0.44444444444444436,0,304.84,0.0,0.0,False,False,False,False,False,True,False,False,False,False,False,False,False,False,False,False,False,False,False,False,False,False,False,False,False,False,False,False,False,True,False,False,False,True,False,False
USA,Wireless Noise-Canceling Headphones,2025-10-07,Electronics,0.0,304.84,,20.0,2.0,0.0,0.0,1,7,41,10,4,280,0,0.7818314824680298,0.6234898018587336,-0.8660254037844386,0.5000000000000001,0.0,1,0.0,1,0.0,1,1.0,1,0.5714285714285714,0.975900072948531,0.0,2.0,0.5714285714285714,1.1785714285714286,1.8268282862112668,0.0,8.0,0.4848484848484848,0,304.84,0.0,0.0,False,False,False,False,False,True,False,False,False,False,False,False,False,False,False,False,False,False,False,False,False,False,False,False,False,False,False,False,False,True,False,False,False,True,False,False
USA,Wireless Noise-Canceling Headphones,2025-10-08,Electronics,0.0,304.84,,20.0,2.0,0.0,0.0,2,8,41,10,4,281,0,0.9749279121818236,-0.22252093395631434,-0.8660254037844386,0.5000000000000001,0.0,1,2.0,1,0.0,1,2.0,1,0.5714285714285714,0.975900072948531,0.0,2.0,0.5714285714285714,1.1428571428571428,1.8401748249129464,0.0,8.0,0.5,0,304.84,0.0,0.0,False,False,False,False,False,True,False,False,False,False,False,False,False,False,False,False,False,False,False,False,False,False,False,False,False,False,False,False,False,True,False,False,False,True,False,False
USA,Wireless Noise-Canceling Headphones,2025-10-09,Electronics,0.0,304.84,,20.0,2.0,0.0,0.0,3,9,41,10,4,282,0,0.43388373911755823,-0.900968867902419,-0.8660254037844386,0.5000000000000001,0.0,1,0.0,1,0.0,1,3.0,1,0.2857142857142857,0.7559289460184518,0.0,2.0,0.5714285714285714,1.0714285714285714,1.8444826922788973,0.0,8.0,0.26666666666666666,0,304.84,0.0,0.0,False,False,False,False,False,True,False,False,False,False,False,False,False,False,False,False,False,False,False,False,False,False,False,False,False,False,False,False,False,True,False,False,False,True,False,False
USA,Wireless Noise-Canceling Headphones,2025-10-10,Electronics,3.0,336.51,0.12,20.0,2.0,1.0,0.0,4,10,41,10,4,283,0,-0.433883739117558,-0.9009688679024191,-0.8660254037844386,0.5000000000000001,0.0,1,0.0,1,0.0,1,2.0,1,0.2857142857142857,0.7559289460184518,0.0,2.0,0.5714285714285714,0.9642857142857143,1.815206199023558,0.0,8.0,0.2962962962962963,1,304.84,31.670000000000016,0.10389056554257978,False,False,False,False,False,True,False,False,False,False,False,False,False,False,False,False,False,False,False,False,False,False,False,False,False,False,False,False,False,True,False,False,False,True,False,False
USA,Wireless Noise-Canceling Headphones,2025-10-11,Electronics,0.0,336.51,,20.0,2.0,0.0,0.0,5,11,41,10,4,284,1,-0.9749279121818236,-0.2225209339563146,-0.8660254037844386,0.5000000000000001,3.0,1,2.0,1,4.0,1,2.0,1,0.7142857142857143,1.2535663410560156,0.0,3.0,0.7857142857142857,1.0,1.8459164139817965,0.0,8.0,0.7142857142857143,0,336.51,0.0,0.0,False,False,False,False,False,True,False,False,False,False,False,False,False,False,False,False,False,False,False,False,False,False,False,False,False,False,False,False,False,True,False,False,False,True,False,False
USA,Wireless Noise-Canceling Headphones,2025-10-12,Electronics,0.0,336.51,,20.0,2.0,0.0,0.0,6,12,41,10,4,285,1,-0.7818314824680299,0.6234898018587334,-0.8660254037844386,0.5000000000000001,0.0,1,0.0,1,0.0,1,8.0,1,0.42857142857142855,1.13389341902768,0.0,3.0,0.5,0.9285714285714286,1.8444826922788973,0.0,8.0,0.4615384615384615,0,336.51,0.0,0.0,False,False,False,False,False,True,False,False,False,False,False,False,False,False,False,False,False,False,False,False,False,False,False,False,False,False,False,False,False,True,False,False,False,True,False,False
USA,Wireless Noise-Canceling Headphones,2025-10-13,Electronics,0.0,336.51,,20.0,2.0,0.0,0.0,0,13,42,10,4,286,0,0.0,1.0,-0.8660254037844386,0.5000000000000001,0.0,1,0.0,1,0.0,1,1.0,1,0.42857142857142855,1.13389341902768,0.0,3.0,0.5,0.6428571428571429,1.2236643728386087,0.0,4.0,0.6666666666666666,0,336.51,0.0,0.0,False,False,False,False,False,True,False,False,False,False,False,False,False,False,False,False,False,False,False,False,False,False,False,False,False,False,False,False,False,True,False,False,False,True,False,False
USA,Wireless Noise-Canceling Headphones,2025-10-14,Electronics,0.0,336.51,,20.0,2.0,0.0,0.0,1,14,42,10,4,287,0,0.7818314824680298,0.6234898018587336,-0.8660254037844386,0.5000000000000001,0.0,1,0.0,1,0.0,1,0.0,1,0.42857142857142855,1.13389341902768,0.0,3.0,0.5,0.6071428571428571,1.2274419565151604,0.0,4.0,0.7058823529411765,0,336.51,0.0,0.0,False,False,False,False,False,True,False,False,False,False,False,False,False,False,False,False,False,False,False,False,False,False,False,False,False,False,False,False,False,True,False,False,False,True,False,False
USA,Wireless Noise-Canceling Headphones,2025-10-15,Electronics,0.0,336.51,,20.0,2.0,0.0,0.0,2,15,42,10,4,288,0,0.9749279121818236,-0.22252093395631434,-0.8660254037844386,0.5000000000000001,0.0,1,0.0,1,2.0,1,0.0,1,0.42857142857142855,1.13389341902768,0.0,3.0,0.5,0.6071428571428571,1.2274419565151604,0.0,4.0,0.7058823529411765,0,336.51,0.0,0.0,False,False,False,False,False,True,False,False,False,False,False,False,False,False,False,False,False,False,False,False,False,False,False,False,False,False,False,False,False,True,False,False,False,True,False,False
USA,Wireless Noise-Canceling Headphones,2025-10-16,Electronics,2.0,920.28,0.02,20.0,2.0,1.0,0.0,3,16,42,10,4,289,0,0.43388373911755823,-0.900968867902419,-0.8660254037844386,0.5000000000000001,0.0,1,0.0,1,0.0,1,0.0,1,0.42857142857142855,1.13389341902768,0.0,3.0,0.35714285714285715,0.6071428571428571,1.2274419565151604,0.0,4.0,0.7058823529411765,1,336.51,583.77,1.7347775697601855,False,False,False,False,False,True,False,False,False,False,False,False,False,False,False,False,False,False,False,False,False,False,False,False,False,False,False,False,False,True,False,False,False,True,False,False
USA,Wireless Noise-Canceling Headphones,2025-10-17,Electronics,1.0,1285.51,0.14,20.0,2.0,1.0,0.0,4,17,42,10,4,290,0,-0.433883739117558,-0.9009688679024191,-0.8660254037844386,0.5000000000000001,2.0,1,3.0,1,0.0,1,0.0,1,0.7142857142857143,1.2535663410560156,0.0,3.0,0.5,0.6785714285714286,1.2488089563755609,0.0,4.0,1.0526315789473684,1,920.28,365.23,0.3968683444169166,False,False,False,False,False,True,False,False,False,False,False,False,False,False,False,False,False,False,False,False,False,False,False,False,False,False,False,False,False,True,False,False,False,True,False,False
USA,Wireless Noise-Canceling Headphones,2025-10-18,Electronics,0.0,1285.51,,20.0,2.0,0.0,0.0,5,18,42,10,4,291,1,-0.9749279121818236,-0.2225209339563146,-0.8660254037844386,0.5000000000000001,1.0,1,0.0,1,2.0,1,3.0,1,0.42857142857142855,0.7867957924694405,0.0,2.0,0.5714285714285714,0.7142857142857143,1.2429696476477425,0.0,4.0,0.6,0,1285.51,0.0,0.0,False,False,False,False,False,True,False,False,False,False,False,False,False,False,False,False,False,False,False,False,False,False,False,False,False,False,False,False,False,True,False,False,False,True,False,False
USA,Wireless Noise-Canceling Headphones,2025-10-19,Electronics,2.0,619.45,0.13,20.0,2.0,1.0,0.0,6,19,42,10,4,292,1,-0.7818314824680299,0.6234898018587334,-0.8660254037844386,0.5000000000000001,0.0,1,0.0,1,0.0,1,3.0,1,0.42857142857142855,0.7867957924694405,0.0,2.0,0.42857142857142855,0.6071428571428571,1.1655323283657202,0.0,4.0,0.7058823529411765,1,1285.51,-666.06,-0.5181289916064441,False,False,False,False,False,True,False,False,False,False,False,False,False,False,False,False,False,False,False,False,False,False,False,False,False,False,False,False,False,True,False,False,False,True,False,False
USA,Wireless Noise-Canceling Headphones,2025-10-20,Electronics,0.0,619.45,,20.0,2.0,0.0,0.0,0,20,43,10,4,293,0,0.0,1.0,-0.8660254037844386,0.5000000000000001,2.0,1,0.0,1,0.0,1,0.0,1,0.7142857142857143,0.9511897312113395,0.0,2.0,0.5714285714285714,0.5714285714285714,1.1031460542154994,0.0,4.0,1.25,0,619.45,0.0,0.0,False,False,False,False,False,True,False,False,False,False,False,False,False,False,False,False,False,False,False,False,False,False,False,False,False,False,False,False,False,True,False,False,False,True,False,False
USA,Wireless Noise-Canceling Headphones,2025-10-21,Electronics,0.0,619.45,,20.0,2.0,0.0,0.0,1,21,43,10,4,294,0,0.7818314824680298,0.6234898018587336,-0.8660254037844386,0.5000000000000001,0.0,1,0.0,1,0.0,1,0.0,1,0.7142857142857143,0.9511897312113395,0.0,2.0,0.5714285714285714,0.5714285714285714,1.1031460542154994,0.0,4.0,1.25,0,619.45,0.0,0.0,False,False,False,False,False,True,False,False,False,False,False,False,False,False,False,False,False,False,False,False,False,False,False,False,False,False,False,False,False,True,False,False,False,True,False,False
USA,Wireless Noise-Canceling Headphones,2025-10-22,Electronics,0.0,619.45,,20.0,2.0,0.0,0.0,2,22,43,10,4,295,0,0.9749279121818236,-0.22252093395631434,-0.8660254037844386,0.5000000000000001,0.0,1,0.0,1,0.0,1,0.0,1,0.7142857142857143,0.9511897312113395,0.0,2.0,0.5714285714285714,0.5714285714285714,1.1031460542154994,0.0,4.0,1.25,0,619.45,0.0,0.0,False,False,False,False,False,True,False,False,False,False,False,False,False,False,False,False,False,False,False,False,False,False,False,False,False,False,False,False,False,True,False,False,False,True,False,False
USA,Wireless Noise-Canceling Headphones,2025-10-23,Electronics,0.0,619.45,,20.0,2.0,0.0,0.0,3,23,43,10,4,296,0,0.43388373911755823,-0.900968867902419,-0.8660254037844386,0.5000000000000001,0.0,1,2.0,1,0.0,1,0.0,1,0.7142857142857143,0.9511897312113395,0.0,2.0,0.5714285714285714,0.5714285714285714,1.1031460542154994,0.0,4.0,1.25,0,619.45,0.0,0.0,False,False,False,False,False,True,False,False,False,False,False,False,False,False,False,False,False,False,False,False,False,False,False,False,False,False,False,False,False,True,False,False,False,True,False,False
USA,Wireless Noise-Canceling Headphones,2025-10-24,Electronics,0.0,619.45,,20.0,2.0,0.0,0.0,4,24,43,10,4,297,0,-0.433883739117558,-0.9009688679024191,-0.8660254037844386,0.5000000000000001,0.0,1,1.0,1,3.0,1,0.0,1,0.42857142857142855,0.7867957924694405,0.0,2.0,0.5714285714285714,0.5714285714285714,1.1031460542154994,0.0,4.0,0.75,0,619.45,0.0,0.0,False,False,False,False,False,True,False,False,False,False,False,False,False,False,False,False,False,False,False,False,False,False,False,False,False,False,False,False,False,True,False,False,False,True,False,False
USA,Wireless Noise-Canceling Headphones,2025-10-25,Electronics,1.0,951.29,0.03,20.0,2.0,1.0,0.0,5,25,43,10,4,298,1,-0.9749279121818236,-0.2225209339563146,-0.8660254037844386,0.5000000000000001,0.0,1,0.0,1,0.0,1,4.0,1,0.2857142857142857,0.755928946018452,0.0,2.0,0.35714285714285715,0.5714285714285714,1.1031460542154994,0.0,4.0,0.5,1,619.45,331.8399999999999,0.5357010251029137,False,False,False,False,False,True,False,False,False,False,False,False,False,False,False,False,False,False,False,False,False,False,False,False,False,False,False,False,False,True,False,False,False,True,False,False
USA,Wireless Noise-Canceling Headphones,2025-10-26,Electronics,0.0,951.29,,20.0,2.0,0.0,0.0,6,26,43,10,4,299,1,-0.7818314824680299,0.6234898018587334,-0.8660254037844386,0.5000000000000001,1.0,1,2.0,1,0.0,1,0.0,1,0.42857142857142855,0.7867957924694405,0.0,2.0,0.42857142857142855,0.4642857142857143,0.8811668550592648,0.0,3.0,0.923076923076923,0,951.29,0.0,0.0,False,False,False,False,False,True,False,False,False,False,False,False,False,False,False,False,False,False,False,False,False,False,False,False,False,False,False,False,False,True,False,False,False,True,False,False
USA,Wireless Noise-Canceling Headphones,2025-10-27,Electronics,3.0,646.92,0.14,20.0,2.0,1.0,0.0,0,27,44,10,4,300,0,0.0,1.0,-0.8660254037844386,0.5000000000000001,0.0,1,0.0,1,0.0,1,0.0,1,0.14285714285714285,0.3779644730092224,0.0,1.0,0.42857142857142855,0.4642857142857143,0.8811668550592648,0.0,3.0,0.30769230769230765,1,951.29,-304.37,-0.31995500846219344,False,False,False,False,False,True,False,False,False,False,False,False,False,False,False,False,False,False,False,False,False,False,False,False,False,False,False,False,False,True,False,False,False,True,False,False
USA,Wireless Noise-Canceling Headphones,2025-10-28,Electronics,0.0,646.92,,20.0,2.0,0.0,0.0,1,28,44,10,4,301,0,0.7818314824680298,0.6234898018587336,-0.8660254037844386,0.5000000000000001,3.0,1,0.0,1,0.0,1,0.0,1,0.5714285714285714,1.1338934190276797,0.0,3.0,0.6428571428571429,0.5714285714285714,0.9973509887241319,0.0,3.0,1.0,0,646.92,0.0,0.0,False,False,False,False,False,True,False,False,False,False,False,False,False,False,False,False,False,False,False,False,False,False,False,False,False,False,False,False,False,True,False,False,False,True,False,False
USA,Wireless Noise-Canceling Headphones,2025-10-29,Electronics,2.0,87.88,0.12,20.0,2.0,1.0,0.0,2,29,44,10,4,302,0,0.9749279121818236,-0.22252093395631434,-0.8660254037844386,0.5000000000000001,0.0,1,0.0,1,0.0,1,2.0,1,0.5714285714285714,1.1338934190276797,0.0,3.0,0.6428571428571429,0.5714285714285714,0.9973509887241319,0.0,3.0,1.0,1,646.92,-559.04,-0.8641563098992148,False,False,False,False,False,True,False,False,False,False,False,False,False,False,False,False,False,False,False,False,False,False,False,False,False,False,False,False,False,True,False,False,False,True,False,False
USA,Wireless Noise-Canceling Headphones,2025-10-30,Electronics,0.0,87.88,,20.0,2.0,0.0,0.0,3,30,44,10,4,303,0,0.43388373911755823,-0.900968867902419,-0.8660254037844386,0.5000000000000001,2.0,1,0.0,1,2.0,1,0.0,1,0.8571428571428571,1.21498579258791,0.0,3.0,0.7857142857142857,0.5714285714285714,0.9973509887241319,0.0,3.0,1.5,0,87.88,0.0,0.0,False,False,False,False,False,True,False,False,False,False,False,False,False,False,False,False,False,False,False,False,False,False,False,False,False,False,False,False,False,True,False,False,False,True,False,False
USA,Wireless Noise-Canceling Headphones,2025-10-31,Electronics,0.0,87.88,,20.0,2.0,0.0,0.0,4,31,44,10,4,304,0,-0.433883739117558,-0.9009688679024191,-0.8660254037844386,0.5000000000000001,0.0,1,0.0,1,1.0,1,0.0,1,0.8571428571428571,1.21498579258791,0.0,3.0,0.6428571428571429,0.5714285714285714,0.9973509887241319,0.0,3.0,1.5,0,87.88,0.0,0.0,False,False,False,False,False,True,False,False,False,False,False,False,False,False,False,False,False,False,False,False,False,False,False,False,False,False,False,False,False,True,False,False,False,True,False,False
USA,Wireless Noise-Canceling Headphones,2025-11-01,Electronics,0.0,87.88,,20.0,2.0,0.0,0.0,5,1,44,11,4,305,1,-0.9749279121818236,-0.2225209339563146,-0.5000000000000004,0.8660254037844384,0.0,1,1.0,1,0.0,1,2.0,1,0.8571428571428571,1.21498579258791,0.0,3.0,0.5714285714285714,0.5714285714285714,0.9973509887241319,0.0,3.0,1.5,0,87.88,0.0,0.0,False,False,False,False,False,True,False,False,False,False,False,False,False,False,False,False,False,False,False,False,False,False,False,False,False,False,False,False,False,True,False,False,False,True,False,False
USA,Wireless Noise-Canceling Headphones,2025-11-02,Electronics,8.0,849.2066666666666,0.25,20.0,2.0,1.0,1.0,6,2,44,11,4,306,1,-0.7818314824680299,0.6234898018587334,-0.5000000000000004,0.8660254037844384,0.0,1,0.0,1,2.0,1,0.0,1,0.7142857142857143,1.2535663410560156,0.0,3.0,0.5714285714285714,0.5,0.9622504486493808,0.0,3.0,1.4285714285714286,1,87.88,761.3266666666666,8.66325292064937,False,False,False,False,False,True,False,False,False,False,False,False,False,False,False,False,False,False,False,False,False,False,False,False,False,False,False,False,False,True,False,False,False,True,False,False
USA,Wireless Noise-Canceling Headphones,2025-11-03,Electronics,5.0,572.755,0.22,20.0,2.0,1.0,1.0,0,3,45,11,4,307,0,0.0,1.0,-0.5000000000000004,0.8660254037844384,8.0,1,3.0,1,0.0,1,0.0,1,1.8571428571428572,2.9680841985233175,0.0,8.0,1.0,0.7857142857142857,1.7074378218090176,0.0,8.0,2.3636363636363638,1,849.2066666666666,-276.4516666666666,-0.325541093255666,False,False,False,False,False,True,False,False,False,False,False,False,False,False,False,False,False,False,False,False,False,False,False,False,False,False,False,False,False,True,False,False,False,True,False,False
USA,Wireless Noise-Canceling Headphones,2025-11-04,Electronics,0.0,572.755,,20.0,2.0,0.0,0.0,1,4,45,11,4,308,0,0.7818314824680298,0.6234898018587336,-0.5000000000000004,0.8660254037844384,5.0,1,0.0,1,0.0,1,0.0,1,2.142857142857143,3.184785258515421,0.0,8.0,1.3571428571428572,0.9642857142857143,1.8754188244751553,0.0,8.0,2.2222222222222223,0,572.755,0.0,0.0,False,False,False,False,False,True,False,False,False,False,False,False,False,False,False,False,False,False,False,False,False,False,False,False,False,False,False,False,False,True,False,False,False,True,False,False
USA,Wireless Noise-Canceling Headphones,2025-11-05,Electronics,0.0,572.755,,20.0,2.0,0.0,0.0,2,5,45,11,4,309,0,0.9749279121818236,-0.22252093395631434,-0.5000000000000004,0.8660254037844384,0.0,1,2.0,1,0.0,1,0.0,1,2.142857142857143,3.184785258515421,0.0,8.0,1.3571428571428572,0.9642857142857143,1.8754188244751553,0.0,8.0,2.2222222222222223,0,572.755,0.0,0.0,False,False,False,False,False,True,False,False,False,False,False,False,False,False,False,False,False,False,False,False,False,False,False,False,False,False,False,False,False,True,False,False,False,True,False,False
USA,Wireless Noise-Canceling Headphones,2025-11-06,Electronics,7.0,729.87,0.19,20.0,2.0,1.0,1.0,3,6,45,11,4,310,0,0.43388373911755823,-0.900968867902419,-0.5000000000000004,0.8660254037844384,0.0,1,0.0,1,0.0,1,0.0,1,1.8571428571428572,3.287784027201879,0.0,8.0,1.3571428571428572,0.9642857142857143,1.8754188244751553,0.0,8.0,1.925925925925926,1,572.755,157.115,0.2743144974727414,False,False,False,False,False,True,False,False,False,False,False,False,False,False,False,False,False,False,False,False,False,False,False,False,False,False,False,False,False,True,False,False,False,True,False,False
USA,Wireless Noise-Canceling Headphones,2025-11-07,Electronics,2.0,902.56,0.15,20.0,2.0,1.0,0.0,4,7,45,11,4,311,0,-0.433883739117558,-0.9009688679024191,-0.5000000000000004,0.8660254037844384,7.0,1,0.0,1,0.0,1,3.0,1,2.857142857142857,3.6709931185158147,0.0,8.0,1.8571428571428572,1.2142857142857142,2.183390887403301,0.0,8.0,2.3529411764705883,1,729.87,172.68999999999994,0.2366037787551207,False,False,False,False,False,True,False,False,False,False,False,False,False,False,False,False,False,False,False,False,False,False,False,False,False,False,False,False,False,True,False,False,False,True,False,False
USA,Wireless Noise-Canceling Headphones,2025-11-08,Electronics,0.0,902.56,,20.0,2.0,0.0,0.0,5,8,45,11,4,312,1,-0.9749279121818236,-0.2225209339563146,-0.5000000000000004,0.8660254037844384,2.0,1,0.0,1,1.0,1,0.0,1,3.142857142857143,3.4846602621858462,0.0,8.0,2.0,1.1785714285714286,2.1611651766199933,0.0,8.0,2.6666666666666665,0,902.56,0.0,0.0,False,False,False,False,False,True,False,False,False,False,False,False,False,False,False,False,False,False,False,False,False,False,False,False,False,False,False,False,False,True,False,False,False,True,False,False
USA,Wireless Noise-Canceling Headphones,2025-11-09,Electronics,2.0,214.18,0.26,20.0,2.0,1.0,0.0,6,9,45,11,4,313,1,-0.7818314824680299,0.6234898018587334,-0.5000000000000004,0.8660254037844384,0.0,1,8.0,1,0.0,1,0.0,1,3.142857142857143,3.4846602621858462,0.0,8.0,1.9285714285714286,1.1785714285714286,2.1611651766199933,0.0,8.0,2.6666666666666665,1,902.56,-688.3799999999999,-0.7626972168055308,False,False,False,False,False,True,False,False,False,False,False,False,False,False,False,False,False,False,False,False,False,False,False,False,False,False,False,False,False,True,False,False,False,True,False,False
USA,Wireless Noise-Canceling Headphones,2025-11-10,Electronics,4.0,1460.21,0.22,20.0,2.0,1.0,0.0,0,10,46,11,4,314,0,0.0,1.0,-0.5000000000000004,0.8660254037844384,2.0,1,5.0,1,3.0,1,0.0,1,2.2857142857142856,2.7516228977511727,0.0,7.0,2.0714285714285716,1.25,2.1538079972200155,0.0,8.0,1.8285714285714285,1,214.18,1246.03,5.817676720515454,False,False,False,False,False,True,False,False,False,False,False,False,False,False,False,False,False,False,False,False,False,False,False,False,False,False,False,False,False,True,False,False,False,True,False,False
USA,Wireless Noise-Canceling Headphones,2025-11-11,Electronics,4.0,457.075,0.24,20.0,2.0,1.0,0.0,1,11,46,11,4,315,0,0.7818314824680298,0.6234898018587336,-0.5000000000000004,0.8660254037844384,4.0,1,0.0,1,0.0,1,0.0,1,2.142857142857143,2.6095064302514754,0.0,7.0,2.142857142857143,1.3928571428571428,2.199987974955112,0.0,8.0,1.5384615384615385,1,1460.21,-1003.135,-0.6869799549379884,False,False,False,False,False,True,False,False,False,False,False,False,False,False,False,False,False,False,False,False,False,False,False,False,False,False,False,False,False,True,False,False,False,True,False,False
USA,Wireless Noise-Canceling Headphones,2025-11-12,Electronics,5.0,399.21,0.15,20.0,2.0,1.0,1.0,2,12,46,11,4,316,0,0.9749279121818236,-0.22252093395631434,-0.5000000000000004,0.8660254037844384,4.0,1,0.0,1,2.0,1,0.0,1,2.7142857142857144,2.497617912751113,0.0,7.0,2.4285714285714284,1.5357142857142858,2.2357721817477856,0.0,8.0,1.7674418604651163,1,457.075,-57.86500000000001,-0.12659847946179514,False,False,False,False,False,True,False,False,False,False,False,False,False,False,False,False,False,False,False,False,False,False,False,False,False,False,False,False,False,True,False,False,False,True,False,False
USA,Wireless Noise-Canceling Headphones,2025-11-13,Electronics,0.0,399.21,,20.0,2.0,0.0,0.0,3,13,46,11,4,317,0,0.43388373911755823,-0.900968867902419,-0.5000000000000004,0.8660254037844384,5.0,1,7.0,1,0.0,1,2.0,1,3.4285714285714284,2.2990681342044375,0.0,7.0,2.642857142857143,1.7142857142857142,2.307108866688204,0.0,8.0,2.0,0,399.21,0.0,0.0,False,False,False,False,False,True,False,False,False,False,False,False,False,False,False,False,False,False,False,False,False,False,False,False,False,False,False,False,False,True,False,False,False,True,False,False
USA,Wireless Noise-Canceling Headphones,2025-11-14,Electronics,15.0,667.4375,0.27,20.0,2.0,1.0,1.0,4,14,46,11,4,318,0,-0.433883739117558,-0.9009688679024191,-0.5000000000000004,0.8660254037844384,0.0,1,2.0,1,0.0,1,1.0,1,2.4285714285714284,1.9880595947760071,0.0,5.0,2.642857142857143,1.6428571428571428,2.3287937700192405,0.0,8.0,1.4782608695652173,1,399.21,268.2275,0.6718957440945869,False,False,False,False,False,True,False,False,False,False,False,False,False,False,False,False,False,False,False,False,False,False,False,False,False,False,False,False,False,True,False,False,False,True,False,False
USA,Wireless Noise-Canceling Headphones,2025-11-15,Electronics,4.0,224.96,0.21,20.0,2.0,1.0,0.0,5,15,46,11,4,319,1,-0.9749279121818236,-0.2225209339563146,-0.5000000000000004,0.8660254037844384,15.0,1,0.0,1,0.0,1,0.0,1,4.285714285714286,5.1223134654270455,0.0,15.0,3.7142857142857144,2.142857142857143,3.4287918800378887,0.0,15.0,2.0,1,667.4375,-442.47749999999996,-0.6629497143927333,False,False,False,False,False,True,False,False,False,False,False,False,False,False,False,False,False,False,False,False,False,False,False,False,False,False,False,False,False,True,False,False,False,True,False,False
USA,Wireless Noise-Canceling Headphones,2025-11-16,Electronics,3.0,365.7,0.19,20.0,2.0,1.0,0.0,6,16,46,11,4,320,1,-0.7818314824680299,0.6234898018587334,-0.5000000000000004,0.8660254037844384,4.0,1,2.0,1,8.0,1,2.0,1,4.857142857142857,4.7759317216145165,0.0,15.0,4.0,2.2857142857142856,3.419520681780079,0.0,15.0,2.125,1,224.96,140.73999999999998,0.6256223328591749,False,False,False,False,False,True,False,False,False,False,False,False,False,False,False,False,False,False,False,False,False,False,False,False,False,False,False,False,False,True,False,False,False,True,False,False
USA,Wireless Noise-Canceling Headphones,2025-11-17,Electronics,0.0,365.7,,20.0,2.0,0.0,0.0,0,17,47,11,4,321,0,0.0,1.0,-0.5000000000000004,0.8660254037844384,3.0,1,4.0,1,5.0,1,0.0,1,5.0,4.690415759823428,0.0,15.0,3.642857142857143,2.3214285714285716,3.4216475501828003,0.0,15.0,2.1538461538461537,0,365.7,0.0,0.0,False,False,False,False,False,True,False,False,False,False,False,False,False,False,False,False,False,False,False,False,False,False,False,False,False,False,False,False,False,True,False,False,False,True,False,False
USA,Wireless Noise-Canceling Headphones,2025-11-18,Electronics,3.0,1183.3,0.27,20.0,2.0,1.0,0.0,1,18,47,11,4,322,0,0.7818314824680298,0.6234898018587336,-0.5000000000000004,0.8660254037844384,0.0,1,4.0,1,0.0,1,0.0,1,4.428571428571429,5.061526214398935,0.0,15.0,3.2857142857142856,2.3214285714285716,3.4216475501828003,0.0,15.0,1.9076923076923076,1,365.7,817.5999999999999,2.2357123325129886,False,False,False,False,False,True,False,False,False,False,False,False,False,False,False,False,False,False,False,False,False,False,False,False,False,False,False,False,False,True,False,False,False,True,False,False
USA,Wireless Noise-Canceling Headphones,2025-11-19,Electronics,0.0,1183.3,,20.0,2.0,0.0,0.0,2,19,47,11,4,323,0,0.9749279121818236,-0.22252093395631434,-0.5000000000000004,0.8660254037844384,3.0,1,5.0,1,0.0,1,0.0,1,4.285714285714286,5.089672082242814,0.0,15.0,3.5,2.4285714285714284,3.3931147214952095,0.0,15.0,1.7647058823529413,0,1183.3,0.0,0.0,False,False,False,False,False,True,False,False,False,False,False,False,False,False,False,False,False,False,False,False,False,False,False,False,False,False,False,False,False,True,False,False,False,True,False,False
USA,Wireless Noise-Canceling Headphones,2025-11-20,Electronics,3.0,64.11,0.22,20.0,2.0,1.0,0.0,3,20,47,11,4,324,0,0.43388373911755823,-0.900968867902419,-0.5000000000000004,0.8660254037844384,0.0,1,0.0,1,7.0,1,0.0,1,3.5714285714285716,5.318431562567509,0.0,15.0,3.5,2.4285714285714284,3.3931147214952095,0.0,15.0,1.4705882352941178,1,1183.3,-1119.19,-0.9458210090425083,False,False,False,False,False,True,False,False,False,False,False,False,False,False,False,False,False,False,False,False,False,False,False,False,False,False,False,False,False,True,False,False,False,True,False,False
USA,Wireless Noise-Canceling Headphones,2025-11-21,Electronics,11.0,670.5500000000001,0.27,20.0,2.0,1.0,1.0,4,21,47,11,4,325,0,-0.433883739117558,-0.9009688679024191,-0.5000000000000004,0.8660254037844384,3.0,1,15.0,1,2.0,1,0.0,1,4.0,5.099019513592784,0.0,15.0,3.2142857142857144,2.5357142857142856,3.360799539540189,0.0,15.0,1.5774647887323945,1,64.11,606.44,9.45936671346124,False,False,False,False,False,True,False,False,False,False,False,False,False,False,False,False,False,False,False,False,False,False,False,False,False,False,False,False,False,True,False,False,False,True,False,False
USA,Wireless Noise-Canceling Headphones,2025-11-22,Electronics,2.0,536.22,0.29,20.0,2.0,1.0,0.0,5,22,47,11,4,326,1,-0.9749279121818236,-0.2225209339563146,-0.5000000000000004,0.8660254037844384,11.0,1,4.0,1,0.0,1,1.0,1,3.4285714285714284,3.6903993847614394,0.0,11.0,3.857142857142857,2.9285714285714284,3.6810683979334793,0.0,15.0,1.170731707317073,1,670.5500000000001,-134.33000000000004,-0.20032808888226086,False,False,False,False,False,True,False,False,False,False,False,False,False,False,False,False,False,False,False,False,False,False,False,False,False,False,False,False,False,True,False,False,False,True,False,False
USA,Wireless Noise-Canceling Headphones,2025-11-23,Electronics,2.0,452.31,0.24,20.0,2.0,1.0,0.0,6,23,47,11,4,327,1,-0.7818314824680299,0.6234898018587334,-0.5000000000000004,0.8660254037844384,2.0,1,3.0,1,2.0,1,0.0,1,3.142857142857143,3.716116764786032,0.0,11.0,4.0,2.9642857142857144,3.6664862870494543,0.0,15.0,1.0602409638554215,1,536.22,-83.91000000000003,-0.15648427884077434,False,False,False,False,False,True,False,False,False,False,False,False,False,False,False,False,False,False,False,False,False,False,False,False,False,False,False,False,False,True,False,False,False,True,False,False
USA,Wireless Noise-Canceling Headphones,2025-11-24,Electronics,4.0,356.28,0.28,20.0,2.0,1.0,0.0,0,24,48,11,4,328,0,0.0,1.0,-0.5000000000000004,0.8660254037844384,2.0,1,0.0,1,4.0,1,3.0,1,3.0,3.741657386773941,0.0,11.0,4.0,3.0357142857142856,3.6258551262875076,0.0,15.0,0.9882352941176471,1,452.31,-96.03000000000003,-0.21231014127478948,False,False,False,False,False,True,False,False,False,False,False,False,False,False,False,False,False,False,False,False,False,False,False,False,False,False,False,False,False,True,False,False,False,True,False,False
USA,Wireless Noise-Canceling Headphones,2025-11-25,Electronics,3.0,1300.83,0.25,20.0,2.0,1.0,0.0,1,25,48,11,4,329,0,0.7818314824680298,0.6234898018587336,-0.5000000000000004,0.8660254037844384,4.0,1,3.0,1,4.0,1,0.0,1,3.5714285714285716,3.505098327538655,0.0,11.0,4.0,3.0714285714285716,3.6304123980471124,0.0,15.0,1.1627906976744187,1,356.28,944.55,2.6511451667228023,False,False,False,False,False,True,False,False,False,False,False,False,False,False,False,False,False,False,False,False,False,False,False,False,False,False,False,False,False,True,False,False,False,True,False,False
