store_id,product_id,date,category,sales,price,Discount_Applied,safety_stock,lead_time_days,promotion,is_outlier,day_of_week,day_of_month,week_of_year,month,quarter,day_of_year,is_weekend,sin_day_of_week,cos_day_of_week,sin_month,cos_month,lag_1,has_lag_1,lag_7,has_lag_7,lag_14,has_lag_14,lag_28,has_lag_28,rolling_mean_7,rolling_std_7,rolling_min_7,rolling_max_7,rolling_mean_14,rolling_mean_28,rolling_std_28,rolling_min_28,rolling_max_28,trend_ratio,is_promotion,previous_price,price_change,price_change_pct,store_id_Germany,store_id_India,store_id_Pakistan,store_id_UAE,store_id_UK,store_id_USA,product_id_4K Smart TV,product_id_Air Fryer,product_id_Blender,product_id_Coffee Maker,product_id_Cotton T-Shirt,product_id_Cycling Helmet,product_id_Denim Jeans,product_id_Dumbbell Set,product_id_Face Wash,product_id_Football,product_id_Formal Shirt,product_id_Gaming Laptop,product_id_Hair Serum,product_id_Lipstick Set,product_id_Microwave Oven,product_id_Moisturizing Cream,product_id_Perfume,product_id_Running Shoes,product_id_Smartphone 128GB,product_id_Smartwatch,product_id_Tennis Racket,product_id_Vacuum Cleaner,product_id_Winter Jacket,product_id_Wireless Noise-Canceling Headphones,product_id_Yoga Mat,category_Apparel,category_Beauty,category_Electronics,category_Home & Kitchen,category_Sports
Pakistan,Cotton T-Shirt,2025-05-23,Apparel,0.0,129.17,,20.0,2.0,0.0,0.0,4,23,21,5,2,143,0,-0.433883739117558,-0.9009688679024191,0.49999999999999994,-0.8660254037844387,2.0,1,0.0,1,0.0,1,0.0,1,0.2857142857142857,0.7559289460184596,0.0,2.0,0.14285714285714285,0.2857142857142857,0.7628961803617692,0.0,3.0,1.0,0,129.17,0.0,0.0,False,False,True,False,False,False,False,False,False,False,True,False,False,False,False,False,False,False,False,False,False,False,False,False,False,False,False,False,False,False,False,True,False,False,False,False
Pakistan,Cotton T-Shirt,2025-05-24,Apparel,0.0,129.17,,20.0,2.0,0.0,0.0,5,24,21,5,2,144,1,-0.9749279121818236,-0.2225209339563146,0.49999999999999994,-0.8660254037844387,0.0,1,0.0,1,0.0,1,2.0,1,0.2857142857142857,0.7559289460184596,0.0,2.0,0.14285714285714285,0.2857142857142857,0.7628961803617692,0.0,3.0,1.0,0,129.17,0.0,0.0,False,False,True,False,False,False,False,False,False,False,True,False,False,False,False,False,False,False,False,False,False,False,False,False,False,False,False,False,False,False,False,True,False,False,False,False
Pakistan,Cotton T-Shirt,2025-05-25,Apparel,3.0,119.2,0.06,20.0,2.0,1.0,0.0,6,25,21,5,2,145,1,-0.7818314824680299,0.6234898018587334,0.49999999999999994,-0.8660254037844387,0.0,1,0.0,1,0.0,1,0.0,1,0.2857142857142857,0.7559289460184596,0.0,2.0,0.14285714285714285,0.21428571428571427,0.6862211530545134,0.0,3.0,1.3333333333333333,1,129.17,-9.969999999999985,-0.07718510490051858,False,False,True,False,False,False,False,False,False,False,True,False,False,False,False,False,False,False,False,False,False,False,False,False,False,False,False,False,False,False,False,True,False,False,False,False
Pakistan,Cotton T-Shirt,2025-05-26,Apparel,0.0,119.2,,20.0,2.0,0.0,0.0,0,26,22,5,2,146,0,0.0,1.0,0.49999999999999994,-0.8660254037844387,3.0,1,0.0,1,0.0,1,0.0,1,0.7142857142857143,1.253566341056021,0.0,3.0,0.35714285714285715,0.32142857142857145,0.8629652337776939,0.0,3.0,2.2222222222222223,0,119.2,0.0,0.0,False,False,True,False,False,False,False,False,False,False,True,False,False,False,False,False,False,False,False,False,False,False,False,False,False,False,False,False,False,False,False,True,False,False,False,False
Pakistan,Cotton T-Shirt,2025-05-27,Apparel,0.0,119.2,,20.0,2.0,0.0,0.0,1,27,22,5,2,147,0,0.7818314824680298,0.6234898018587336,0.49999999999999994,-0.8660254037844387,0.0,1,0.0,1,0.0,1,0.0,1,0.7142857142857143,1.253566341056021,0.0,3.0,0.35714285714285715,0.32142857142857145,0.8629652337776939,0.0,3.0,2.2222222222222223,0,119.2,0.0,0.0,False,False,True,False,False,False,False,False,False,False,True,False,False,False,False,False,False,False,False,False,False,False,False,False,False,False,False,False,False,False,False,True,False,False,False,False
Pakistan,Cotton T-Shirt,2025-05-28,Apparel,0.0,119.2,,20.0,2.0,0.0,0.0,2,28,22,5,2,148,0,0.9749279121818236,-0.22252093395631434,0.49999999999999994,-0.8660254037844387,0.0,1,0.0,1,0.0,1,0.0,1,0.7142857142857143,1.253566341056021,0.0,3.0,0.35714285714285715,0.32142857142857145,0.8629652337776939,0.0,3.0,2.2222222222222223,0,119.2,0.0,0.0,False,False,True,False,False,False,False,False,False,False,True,False,False,False,False,False,False,False,False,False,False,False,False,False,False,False,False,False,False,False,False,True,False,False,False,False
Pakistan,Cotton T-Shirt,2025-05-29,Apparel,0.0,119.2,,20.0,2.0,0.0,0.0,3,29,22,5,2,149,0,0.43388373911755823,-0.900968867902419,0.49999999999999994,-0.8660254037844387,0.0,1,2.0,1,0.0,1,1.0,1,0.7142857142857143,1.253566341056021,0.0,3.0,0.35714285714285715,0.32142857142857145,0.8629652337776939,0.0,3.0,2.2222222222222223,0,119.2,0.0,0.0,False,False,True,False,False,False,False,False,False,False,True,False,False,False,False,False,False,False,False,False,False,False,False,False,False,False,False,False,False,False,False,True,False,False,False,False
Pakistan,Cotton T-Shirt,2025-05-30,Apparel,1.0,40.16,0.04,20.0,2.0,1.0,0.0,4,30,22,5,2,150,0,-0.433883739117558,-0.9009688679024191,0.49999999999999994,-0.8660254037844387,0.0,1,0.0,1,0.0,1,0.0,1,0.42857142857142855,1.1338934190276853,0.0,3.0,0.35714285714285715,0.2857142857142857,0.8544932592822049,0.0,3.0,1.5,1,119.2,-79.04,-0.6630872483221477,False,False,True,False,False,False,False,False,False,False,True,False,False,False,False,False,False,False,False,False,False,False,False,False,False,False,False,False,False,False,False,True,False,False,False,False
Pakistan,Cotton T-Shirt,2025-05-31,Apparel,0.0,40.16,,20.0,2.0,0.0,0.0,5,31,22,5,2,151,1,-0.9749279121818236,-0.2225209339563146,0.49999999999999994,-0.8660254037844387,1.0,1,0.0,1,0.0,1,0.0,1,0.5714285714285714,1.1338934190276855,0.0,3.0,0.42857142857142855,0.32142857142857145,0.8629652337776939,0.0,3.0,1.7777777777777775,0,40.16,0.0,0.0,False,False,True,False,False,False,False,False,False,False,True,False,False,False,False,False,False,False,False,False,False,False,False,False,False,False,False,False,False,False,False,True,False,False,False,False
Pakistan,Cotton T-Shirt,2025-06-01,Apparel,3.0,87.65,0.03,20.0,2.0,1.0,0.0,6,1,22,6,2,152,1,-0.7818314824680299,0.6234898018587334,1.2246467991473532e-16,-1.0,0.0,1,3.0,1,0.0,1,0.0,1,0.5714285714285714,1.1338934190276855,0.0,3.0,0.42857142857142855,0.32142857142857145,0.8629652337776939,0.0,3.0,1.7777777777777775,1,40.16,47.49000000000001,1.1825199203187253,False,False,True,False,False,False,False,False,False,False,True,False,False,False,False,False,False,False,False,False,False,False,False,False,False,False,False,False,False,False,False,True,False,False,False,False
Pakistan,Cotton T-Shirt,2025-06-02,Apparel,0.0,87.65,,20.0,2.0,0.0,0.0,0,2,23,6,2,153,0,0.0,1.0,1.2246467991473532e-16,-1.0,3.0,1,0.0,1,0.0,1,0.0,1,0.5714285714285714,1.1338934190276855,0.0,3.0,0.6428571428571429,0.42857142857142855,0.9973509887241251,0.0,3.0,1.3333333333333333,0,87.65,0.0,0.0,False,False,True,False,False,False,False,False,False,False,True,False,False,False,False,False,False,False,False,False,False,False,False,False,False,False,False,False,False,False,False,True,False,False,False,False
Pakistan,Cotton T-Shirt,2025-06-03,Apparel,0.0,87.65,,20.0,2.0,0.0,0.0,1,3,23,6,2,154,0,0.7818314824680298,0.6234898018587336,1.2246467991473532e-16,-1.0,0.0,1,0.0,1,0.0,1,0.0,1,0.5714285714285714,1.1338934190276855,0.0,3.0,0.6428571428571429,0.42857142857142855,0.9973509887241251,0.0,3.0,1.3333333333333333,0,87.65,0.0,0.0,False,False,True,False,False,False,False,False,False,False,True,False,False,False,False,False,False,False,False,False,False,False,False,False,False,False,False,False,False,False,False,True,False,False,False,False
Pakistan,Cotton T-Shirt,2025-06-04,Apparel,1.0,50.47,0.03,20.0,2.0,1.0,0.0,2,4,23,6,2,155,0,0.9749279121818236,-0.22252093395631434,1.2246467991473532e-16,-1.0,0.0,1,0.0,1,0.0,1,3.0,1,0.5714285714285714,1.1338934190276855,0.0,3.0,0.6428571428571429,0.42857142857142855,0.9973509887241251,0.0,3.0,1.3333333333333333,1,87.65,-37.18000000000001,-0.42418710781517405,False,False,True,False,False,False,False,False,False,False,True,False,False,False,False,False,False,False,False,False,False,False,False,False,False,False,False,False,False,False,False,True,False,False,False,False
Pakistan,Cotton T-Shirt,2025-06-05,Apparel,0.0,50.47,,20.0,2.0,0.0,0.0,3,5,23,6,2,156,0,0.43388373911755823,-0.900968867902419,1.2246467991473532e-16,-1.0,1.0,1,0.0,1,2.0,1,0.0,1,0.7142857142857143,1.1126972805283775,0.0,3.0,0.7142857142857143,0.35714285714285715,0.8698354767504898,0.0,3.0,2.0,0,50.47,0.0,0.0,False,False,True,False,False,False,False,False,False,False,True,False,False,False,False,False,False,False,False,False,False,False,False,False,False,False,False,False,False,False,False,True,False,False,False,False
Pakistan,Cotton T-Shirt,2025-06-06,Apparel,1.0,68.01,0.06,20.0,2.0,1.0,0.0,4,6,23,6,2,157,0,-0.433883739117558,-0.9009688679024191,1.2246467991473532e-16,-1.0,0.0,1,1.0,1,0.0,1,0.0,1,0.7142857142857143,1.1126972805283775,0.0,3.0,0.5714285714285714,0.35714285714285715,0.8698354767504898,0.0,3.0,2.0,1,50.47,17.540000000000006,0.34753318803249467,False,False,True,False,False,False,False,False,False,False,True,False,False,False,False,False,False,False,False,False,False,False,False,False,False,False,False,False,False,False,False,True,False,False,False,False
Pakistan,Cotton T-Shirt,2025-06-07,Apparel,0.0,68.01,,20.0,2.0,0.0,0.0,5,7,23,6,2,158,1,-0.9749279121818236,-0.2225209339563146,1.2246467991473532e-16,-1.0,1.0,1,0.0,1,0.0,1,0.0,1,0.7142857142857143,1.1126972805283775,0.0,3.0,0.6428571428571429,0.39285714285714285,0.8751417118804309,0.0,3.0,1.8181818181818183,0,68.01,0.0,0.0,False,False,True,False,False,False,False,False,False,False,True,False,False,False,False,False,False,False,False,False,False,False,False,False,False,False,False,False,False,False,False,True,False,False,False,False
Pakistan,Cotton T-Shirt,2025-06-08,Apparel,0.0,68.01,,20.0,2.0,0.0,0.0,6,8,23,6,2,159,1,-0.7818314824680299,0.6234898018587334,1.2246467991473532e-16,-1.0,0.0,1,3.0,1,3.0,1,0.0,1,0.7142857142857143,1.1126972805283775,0.0,3.0,0.6428571428571429,0.39285714285714285,0.8751417118804309,0.0,3.0,1.8181818181818183,0,68.01,0.0,0.0,False,False,True,False,False,False,False,False,False,False,True,False,False,False,False,False,False,False,False,False,False,False,False,False,False,False,False,False,False,False,False,True,False,False,False,False
Pakistan,Cotton T-Shirt,2025-06-09,Apparel,0.0,68.01,,20.0,2.0,0.0,0.0,0,9,24,6,2,160,0,0.0,1.0,1.2246467991473532e-16,-1.0,0.0,1,0.0,1,0.0,1,0.0,1,0.2857142857142857,0.4879500364742748,0.0,1.0,0.42857142857142855,0.39285714285714285,0.8751417118804309,0.0,3.0,0.7272727272727273,0,68.01,0.0,0.0,False,False,True,False,False,False,False,False,False,False,True,False,False,False,False,False,False,False,False,False,False,False,False,False,False,False,False,False,False,False,False,True,False,False,False,False
Pakistan,Cotton T-Shirt,2025-06-10,Apparel,5.0,96.06,0.05,20.0,2.0,1.0,0.0,1,10,24,6,2,161,0,0.7818314824680298,0.6234898018587336,1.2246467991473532e-16,-1.0,0.0,1,0.0,1,0.0,1,0.0,1,0.2857142857142857,0.4879500364742748,0.0,1.0,0.42857142857142855,0.39285714285714285,0.8751417118804309,0.0,3.0,0.7272727272727273,1,68.01,28.049999999999997,0.4124393471548301,False,False,True,False,False,False,False,False,False,False,True,False,False,False,False,False,False,False,False,False,False,False,False,False,False,False,False,False,False,False,False,True,False,False,False,False
Pakistan,Cotton T-Shirt,2025-06-11,Apparel,2.0,133.94,0.14,20.0,2.0,1.0,0.0,2,11,24,6,2,162,0,0.9749279121818236,-0.22252093395631434,1.2246467991473532e-16,-1.0,5.0,1,1.0,1,0.0,1,0.0,1,1.0,1.8257418583505562,0.0,5.0,0.7857142857142857,0.5714285714285714,1.2301331282538117,0.0,5.0,1.75,1,96.06,37.879999999999995,0.39433687278784085,False,False,True,False,False,False,False,False,False,False,True,False,False,False,False,False,False,False,False,False,False,False,False,False,False,False,False,False,False,False,False,True,False,False,False,False
Pakistan,Cotton T-Shirt,2025-06-12,Apparel,0.0,133.94,,20.0,2.0,0.0,0.0,3,12,24,6,2,163,0,0.43388373911755823,-0.900968867902419,1.2246467991473532e-16,-1.0,2.0,1,0.0,1,0.0,1,0.0,1,1.1428571428571428,1.8644544714716114,0.0,5.0,0.9285714285714286,0.6428571428571429,1.2535663410560156,0.0,5.0,1.7777777777777775,0,133.94,0.0,0.0,False,False,True,False,False,False,False,False,False,False,True,False,False,False,False,False,False,False,False,False,False,False,False,False,False,False,False,False,False,False,False,True,False,False,False,False
Pakistan,Cotton T-Shirt,2025-06-13,Apparel,0.0,133.94,,20.0,2.0,0.0,0.0,4,13,24,6,2,164,0,-0.433883739117558,-0.9009688679024191,1.2246467991473532e-16,-1.0,0.0,1,1.0,1,1.0,1,0.0,1,1.1428571428571428,1.8644544714716114,0.0,5.0,0.9285714285714286,0.6428571428571429,1.2535663410560156,0.0,5.0,1.7777777777777775,0,133.94,0.0,0.0,False,False,True,False,False,False,False,False,False,False,True,False,False,False,False,False,False,False,False,False,False,False,False,False,False,False,False,False,False,False,False,True,False,False,False,False
Pakistan,Cotton T-Shirt,2025-06-14,Apparel,0.0,133.94,,20.0,2.0,0.0,0.0,5,14,24,6,2,165,1,-0.9749279121818236,-0.2225209339563146,1.2246467991473532e-16,-1.0,0.0,1,0.0,1,0.0,1,0.0,1,1.0,1.9148542155126786,0.0,5.0,0.8571428571428571,0.6428571428571429,1.2535663410560156,0.0,5.0,1.5555555555555554,0,133.94,0.0,0.0,False,False,True,False,False,False,False,False,False,False,True,False,False,False,False,False,False,False,False,False,False,False,False,False,False,False,False,False,False,False,False,True,False,False,False,False
Pakistan,Cotton T-Shirt,2025-06-15,Apparel,0.0,133.94,,20.0,2.0,0.0,0.0,6,15,24,6,2,166,1,-0.7818314824680299,0.6234898018587334,1.2246467991473532e-16,-1.0,0.0,1,0.0,1,3.0,1,0.0,1,1.0,1.9148542155126786,0.0,5.0,0.8571428571428571,0.6428571428571429,1.2535663410560156,0.0,5.0,1.5555555555555554,0,133.94,0.0,0.0,False,False,True,False,False,False,False,False,False,False,True,False,False,False,False,False,False,False,False,False,False,False,False,False,False,False,False,False,False,False,False,True,False,False,False,False
Pakistan,Cotton T-Shirt,2025-06-16,Apparel,0.0,133.94,,20.0,2.0,0.0,0.0,0,16,25,6,2,167,0,0.0,1.0,1.2246467991473532e-16,-1.0,0.0,1,0.0,1,0.0,1,0.0,1,1.0,1.9148542155126786,0.0,5.0,0.6428571428571429,0.6428571428571429,1.2535663410560156,0.0,5.0,1.5555555555555554,0,133.94,0.0,0.0,False,False,True,False,False,False,False,False,False,False,True,False,False,False,False,False,False,False,False,False,False,False,False,False,False,False,False,False,False,False,False,True,False,False,False,False
Pakistan,Cotton T-Shirt,2025-06-17,Apparel,1.0,134.34,0.14,20.0,2.0,1.0,0.0,1,17,25,6,2,168,0,0.7818314824680298,0.6234898018587336,1.2246467991473532e-16,-1.0,0.0,1,5.0,1,0.0,1,0.0,1,1.0,1.9148542155126786,0.0,5.0,0.6428571428571429,0.6428571428571429,1.2535663410560156,0.0,5.0,1.5555555555555554,1,133.94,0.4000000000000057,0.0029864118261908744,False,False,True,False,False,False,False,False,False,False,True,False,False,False,False,False,False,False,False,False,False,False,False,False,False,False,False,False,False,False,False,True,False,False,False,False
Pakistan,Cotton T-Shirt,2025-06-18,Apparel,0.0,134.34,,20.0,2.0,0.0,0.0,2,18,25,6,2,169,0,0.9749279121818236,-0.22252093395631434,1.2246467991473532e-16,-1.0,1.0,1,2.0,1,1.0,1,0.0,1,0.42857142857142855,0.7867957924694484,0.0,2.0,0.7142857142857143,0.6785714285714286,1.2488089563755558,0.0,5.0,0.631578947368421,0,134.34,0.0,0.0,False,False,True,False,False,False,False,False,False,False,True,False,False,False,False,False,False,False,False,False,False,False,False,False,False,False,False,False,False,False,False,True,False,False,False,False
Pakistan,Cotton T-Shirt,2025-06-19,Apparel,2.0,130.68,0.02,20.0,2.0,1.0,0.0,3,19,25,6,2,170,0,0.43388373911755823,-0.900968867902419,1.2246467991473532e-16,-1.0,0.0,1,0.0,1,0.0,1,2.0,1,0.14285714285714285,0.37796447300923747,0.0,1.0,0.6428571428571429,0.6785714285714286,1.2488089563755558,0.0,5.0,0.21052631578947367,1,134.34,-3.6599999999999966,-0.027244305493523868,False,False,True,False,False,False,False,False,False,False,True,False,False,False,False,False,False,False,False,False,False,False,False,False,False,False,False,False,False,False,False,True,False,False,False,False
Pakistan,Cotton T-Shirt,2025-06-20,Apparel,3.0,36.79,0.06,20.0,2.0,1.0,0.0,4,20,25,6,2,171,0,-0.433883739117558,-0.9009688679024191,1.2246467991473532e-16,-1.0,2.0,1,0.0,1,1.0,1,0.0,1,0.42857142857142855,0.7867957924694484,0.0,2.0,0.7857142857142857,0.6785714285714286,1.2488089563755558,0.0,5.0,0.631578947368421,1,130.68,-93.89000000000001,-0.7184726048362413,False,False,True,False,False,False,False,False,False,False,True,False,False,False,False,False,False,False,False,False,False,False,False,False,False,False,False,False,False,False,False,True,False,False,False,False
Pakistan,Cotton T-Shirt,2025-06-21,Apparel,0.0,36.79,,20.0,2.0,0.0,0.0,5,21,25,6,2,172,1,-0.9749279121818236,-0.2225209339563146,1.2246467991473532e-16,-1.0,3.0,1,0.0,1,0.0,1,0.0,1,0.8571428571428571,1.2149857925879155,0.0,3.0,0.9285714285714286,0.7857142857142857,1.3153549825650586,0.0,5.0,1.0909090909090908,0,36.79,0.0,0.0,False,False,True,False,False,False,False,False,False,False,True,False,False,False,False,False,False,False,False,False,False,False,False,False,False,False,False,False,False,False,False,True,False,False,False,False
Pakistan,Cotton T-Shirt,2025-06-22,Apparel,0.0,36.79,,20.0,2.0,0.0,0.0,6,22,25,6,2,173,1,-0.7818314824680299,0.6234898018587334,1.2246467991473532e-16,-1.0,0.0,1,0.0,1,0.0,1,3.0,1,0.8571428571428571,1.2149857925879155,0.0,3.0,0.9285714285714286,0.7857142857142857,1.3153549825650586,0.0,5.0,1.0909090909090908,0,36.79,0.0,0.0,False,False,True,False,False,False,False,False,False,False,True,False,False,False,False,False,False,False,False,False,False,False,False,False,False,False,False,False,False,False,False,True,False,False,False,False
Pakistan,Cotton T-Shirt,2025-06-23,Apparel,0.0,36.79,,20.0,2.0,0.0,0.0,0,23,26,6,2,174,0,0.0,1.0,1.2246467991473532e-16,-1.0,0.0,1,0.0,1,0.0,1,0.0,1,0.8571428571428571,1.2149857925879155,0.0,3.0,0.9285714285714286,0.6785714285714286,1.2488089563755558,0.0,5.0,1.263157894736842,0,36.79,0.0,0.0,False,False,True,False,False,False,False,False,False,False,True,False,False,False,False,False,False,False,False,False,False,False,False,False,False,False,False,False,False,False,False,True,False,False,False,False
Pakistan,Cotton T-Shirt,2025-06-24,Apparel,2.0,65.39,0.1,20.0,2.0,1.0,0.0,1,24,26,6,2,175,0,0.7818314824680298,0.6234898018587336,1.2246467991473532e-16,-1.0,0.0,1,1.0,1,5.0,1,0.0,1,0.8571428571428571,1.2149857925879155,0.0,3.0,0.9285714285714286,0.6785714285714286,1.2488089563755558,0.0,5.0,1.263157894736842,1,36.79,28.6,0.7773851590106008,False,False,True,False,False,False,False,False,False,False,True,False,False,False,False,False,False,False,False,False,False,False,False,False,False,False,False,False,False,False,False,True,False,False,False,False
Pakistan,Cotton T-Shirt,2025-06-25,Apparel,0.0,65.39,,20.0,2.0,0.0,0.0,2,25,26,6,2,176,0,0.9749279121818236,-0.22252093395631434,1.2246467991473532e-16,-1.0,2.0,1,0.0,1,2.0,1,0.0,1,1.0,1.2909944487358094,0.0,3.0,0.7142857142857143,0.75,1.265642861099389,0.0,5.0,1.3333333333333333,0,65.39,0.0,0.0,False,False,True,False,False,False,False,False,False,False,True,False,False,False,False,False,False,False,False,False,False,False,False,False,False,False,False,False,False,False,False,True,False,False,False,False
Pakistan,Cotton T-Shirt,2025-06-26,Apparel,0.0,65.39,,20.0,2.0,0.0,0.0,3,26,26,6,2,177,0,0.43388373911755823,-0.900968867902419,1.2246467991473532e-16,-1.0,0.0,1,2.0,1,0.0,1,0.0,1,1.0,1.2909944487358094,0.0,3.0,0.5714285714285714,0.75,1.265642861099389,0.0,5.0,1.3333333333333333,0,65.39,0.0,0.0,False,False,True,False,False,False,False,False,False,False,True,False,False,False,False,False,False,False,False,False,False,False,False,False,False,False,False,False,False,False,False,True,False,False,False,False
Pakistan,Cotton T-Shirt,2025-06-27,Apparel,0.0,65.39,,20.0,2.0,0.0,0.0,4,27,26,6,2,178,0,-0.433883739117558,-0.9009688679024191,1.2246467991473532e-16,-1.0,0.0,1,3.0,1,0.0,1,1.0,1,0.7142857142857143,1.253566341056021,0.0,3.0,0.5714285714285714,0.75,1.265642861099389,0.0,5.0,0.9523809523809524,0,65.39,0.0,0.0,False,False,True,False,False,False,False,False,False,False,True,False,False,False,False,False,False,False,False,False,False,False,False,False,False,False,False,False,False,False,False,True,False,False,False,False
Pakistan,Cotton T-Shirt,2025-06-28,Apparel,0.0,65.39,,20.0,2.0,0.0,0.0,5,28,26,6,2,179,1,-0.9749279121818236,-0.2225209339563146,1.2246467991473532e-16,-1.0,0.0,1,0.0,1,0.0,1,0.0,1,0.2857142857142857,0.7559289460184595,0.0,2.0,0.5714285714285714,0.7142857142857143,1.2724180205607016,0.0,5.0,0.39999999999999997,0,65.39,0.0,0.0,False,False,True,False,False,False,False,False,False,False,True,False,False,False,False,False,False,False,False,False,False,False,False,False,False,False,False,False,False,False,False,True,False,False,False,False
Pakistan,Cotton T-Shirt,2025-06-29,Apparel,0.0,65.39,,20.0,2.0,0.0,0.0,6,29,26,6,2,180,1,-0.7818314824680299,0.6234898018587334,1.2246467991473532e-16,-1.0,0.0,1,0.0,1,0.0,1,3.0,1,0.2857142857142857,0.7559289460184596,0.0,2.0,0.5714285714285714,0.7142857142857143,1.2724180205607016,0.0,5.0,0.39999999999999997,0,65.39,0.0,0.0,False,False,True,False,False,False,False,False,False,False,True,False,False,False,False,False,False,False,False,False,False,False,False,False,False,False,False,False,False,False,False,True,False,False,False,False
Pakistan,Cotton T-Shirt,2025-06-30,Apparel,0.0,65.39,,20.0,2.0,0.0,0.0,0,30,27,6,2,181,0,0.0,1.0,1.2246467991473532e-16,-1.0,0.0,1,0.0,1,0.0,1,0.0,1,0.2857142857142857,0.7559289460184596,0.0,2.0,0.5714285714285714,0.6071428571428571,1.1968874978625508,0.0,5.0,0.47058823529411764,0,65.39,0.0,0.0,False,False,True,False,False,False,False,False,False,False,True,False,False,False,False,False,False,False,False,False,False,False,False,False,False,False,False,False,False,False,False,True,False,False,False,False
Pakistan,Cotton T-Shirt,2025-07-01,Apparel,0.0,65.39,,20.0,2.0,0.0,0.0,1,1,27,7,3,182,0,0.7818314824680298,0.6234898018587336,-0.4999999999999997,-0.8660254037844388,0.0,1,2.0,1,1.0,1,0.0,1,0.2857142857142857,0.7559289460184596,0.0,2.0,0.5714285714285714,0.6071428571428571,1.1968874978625508,0.0,5.0,0.47058823529411764,0,65.39,0.0,0.0,False,False,True,False,False,False,False,False,False,False,True,False,False,False,False,False,False,False,False,False,False,False,False,False,False,False,False,False,False,False,False,True,False,False,False,False
Pakistan,Cotton T-Shirt,2025-07-02,Apparel,3.0,73.41,0.0,20.0,2.0,0.0,0.0,2,2,27,7,3,183,0,0.9749279121818236,-0.22252093395631434,-0.4999999999999997,-0.8660254037844388,0.0,1,0.0,1,0.0,1,1.0,1,0.0,0.0,0.0,0.0,0.5,0.6071428571428571,1.1968874978625508,0.0,5.0,0.0,0,65.39,8.019999999999996,0.1226487230463373,False,False,True,False,False,False,False,False,False,False,True,False,False,False,False,False,False,False,False,False,False,False,False,False,False,False,False,False,False,False,False,True,False,False,False,False
Pakistan,Cotton T-Shirt,2025-07-03,Apparel,0.0,73.41,,20.0,2.0,0.0,0.0,3,3,27,7,3,184,0,0.43388373911755823,-0.900968867902419,-0.4999999999999997,-0.8660254037844388,3.0,1,0.0,1,2.0,1,0.0,1,0.42857142857142855,1.1338934190276853,0.0,3.0,0.7142857142857143,0.6785714285714286,1.2781227967601074,0.0,5.0,0.631578947368421,0,73.41,0.0,0.0,False,False,True,False,False,False,False,False,False,False,True,False,False,False,False,False,False,False,False,False,False,False,False,False,False,False,False,False,False,False,False,True,False,False,False,False
Pakistan,Cotton T-Shirt,2025-07-04,Apparel,3.0,125.5,0.1,20.0,2.0,1.0,0.0,4,4,27,7,3,185,0,-0.433883739117558,-0.9009688679024191,-0.4999999999999997,-0.8660254037844388,0.0,1,0.0,1,3.0,1,1.0,1,0.42857142857142855,1.1338934190276853,0.0,3.0,0.5714285714285714,0.6785714285714286,1.2781227967601074,0.0,5.0,0.631578947368421,1,73.41,52.09,0.709576351995641,False,False,True,False,False,False,False,False,False,False,True,False,False,False,False,False,False,False,False,False,False,False,False,False,False,False,False,False,False,False,False,True,False,False,False,False
Pakistan,Cotton T-Shirt,2025-07-05,Apparel,0.0,125.5,,20.0,2.0,0.0,0.0,5,5,27,7,3,186,1,-0.9749279121818236,-0.2225209339563146,-0.4999999999999997,-0.8660254037844388,3.0,1,0.0,1,0.0,1,0.0,1,0.8571428571428571,1.4638501094228027,0.0,3.0,0.5714285714285714,0.75,1.3505828645714668,0.0,5.0,1.1428571428571428,0,125.5,0.0,0.0,False,False,True,False,False,False,False,False,False,False,True,False,False,False,False,False,False,False,False,False,False,False,False,False,False,False,False,False,False,False,False,True,False,False,False,False
Pakistan,Cotton T-Shirt,2025-07-06,Apparel,0.0,125.5,,20.0,2.0,0.0,0.0,6,6,27,7,3,187,1,-0.7818314824680299,0.6234898018587334,-0.4999999999999997,-0.8660254037844388,0.0,1,0.0,1,0.0,1,0.0,1,0.8571428571428571,1.4638501094228027,0.0,3.0,0.5714285714285714,0.75,1.3505828645714668,0.0,5.0,1.1428571428571428,0,125.5,0.0,0.0,False,False,True,False,False,False,False,False,False,False,True,False,False,False,False,False,False,False,False,False,False,False,False,False,False,False,False,False,False,False,False,True,False,False,False,False
Pakistan,Cotton T-Shirt,2025-07-07,Apparel,2.0,66.25,0.15,20.0,2.0,1.0,0.0,0,7,28,7,3,188,0,0.0,1.0,-0.4999999999999997,-0.8660254037844388,0.0,1,0.0,1,0.0,1,0.0,1,0.8571428571428571,1.4638501094228027,0.0,3.0,0.5714285714285714,0.75,1.3505828645714668,0.0,5.0,1.1428571428571428,1,125.5,-59.25,-0.4721115537848606,False,False,True,False,False,False,False,False,False,False,True,False,False,False,False,False,False,False,False,False,False,False,False,False,False,False,False,False,False,False,False,True,False,False,False,False
Pakistan,Cotton T-Shirt,2025-07-08,Apparel,0.0,66.25,,20.0,2.0,0.0,0.0,1,8,28,7,3,189,0,0.7818314824680298,0.6234898018587336,-0.4999999999999997,-0.8660254037844388,2.0,1,0.0,1,2.0,1,5.0,1,1.1428571428571428,1.4638501094228031,0.0,3.0,0.7142857142857143,0.8214285714285714,1.3622848842368107,0.0,5.0,1.391304347826087,0,66.25,0.0,0.0,False,False,True,False,False,False,False,False,False,False,True,False,False,False,False,False,False,False,False,False,False,False,False,False,False,False,False,False,False,False,False,True,False,False,False,False
Pakistan,Cotton T-Shirt,2025-07-09,Apparel,0.0,66.25,,20.0,2.0,0.0,0.0,2,9,28,7,3,190,0,0.9749279121818236,-0.22252093395631434,-0.4999999999999997,-0.8660254037844388,0.0,1,3.0,1,0.0,1,2.0,1,1.1428571428571428,1.4638501094228031,0.0,3.0,0.5714285714285714,0.6428571428571429,1.095928009067291,0.0,3.0,1.7777777777777775,0,66.25,0.0,0.0,False,False,True,False,False,False,False,False,False,False,True,False,False,False,False,False,False,False,False,False,False,False,False,False,False,False,False,False,False,False,False,True,False,False,False,False
Pakistan,Cotton T-Shirt,2025-07-10,Apparel,0.0,66.25,,20.0,2.0,0.0,0.0,3,10,28,7,3,191,0,0.43388373911755823,-0.900968867902419,-0.4999999999999997,-0.8660254037844388,0.0,1,0.0,1,0.0,1,0.0,1,0.7142857142857143,1.2535663410560207,0.0,3.0,0.5714285714285714,0.5714285714285714,1.0690449676496951,0.0,3.0,1.25,0,66.25,0.0,0.0,False,False,True,False,False,False,False,False,False,False,True,False,False,False,False,False,False,False,False,False,False,False,False,False,False,False,False,False,False,False,False,True,False,False,False,False
Pakistan,Cotton T-Shirt,2025-07-11,Apparel,0.0,66.25,,20.0,2.0,0.0,0.0,4,11,28,7,3,192,0,-0.433883739117558,-0.9009688679024191,-0.4999999999999997,-0.8660254037844388,0.0,1,3.0,1,0.0,1,0.0,1,0.7142857142857143,1.2535663410560207,0.0,3.0,0.5714285714285714,0.5714285714285714,1.0690449676496951,0.0,3.0,1.25,0,66.25,0.0,0.0,False,False,True,False,False,False,False,False,False,False,True,False,False,False,False,False,False,False,False,False,False,False,False,False,False,False,False,False,False,False,False,True,False,False,False,False
Pakistan,Cotton T-Shirt,2025-07-12,Apparel,0.0,66.25,,20.0,2.0,0.0,0.0,5,12,28,7,3,193,1,-0.9749279121818236,-0.2225209339563146,-0.4999999999999997,-0.8660254037844388,0.0,1,0.0,1,0.0,1,0.0,1,0.2857142857142857,0.7559289460184594,0.0,2.0,0.5714285714285714,0.5714285714285714,1.0690449676496951,0.0,3.0,0.5,0,66.25,0.0,0.0,False,False,True,False,False,False,False,False,False,False,True,False,False,False,False,False,False,False,False,False,False,False,False,False,False,False,False,False,False,False,False,True,False,False,False,False
Pakistan,Cotton T-Shirt,2025-07-13,Apparel,0.0,66.25,,20.0,2.0,0.0,0.0,6,13,28,7,3,194,1,-0.7818314824680299,0.6234898018587334,-0.4999999999999997,-0.8660254037844388,0.0,1,0.0,1,0.0,1,0.0,1,0.2857142857142857,0.7559289460184594,0.0,2.0,0.5714285714285714,0.5714285714285714,1.0690449676496951,0.0,3.0,0.5,0,66.25,0.0,0.0,False,False,True,False,False,False,False,False,False,False,True,False,False,False,False,False,False,False,False,False,False,False,False,False,False,False,False,False,False,False,False,True,False,False,False,False
Pakistan,Cotton T-Shirt,2025-07-14,Apparel,0.0,66.25,,20.0,2.0,0.0,0.0,0,14,29,7,3,195,0,0.0,1.0,-0.4999999999999997,-0.8660254037844388,0.0,1,2.0,1,0.0,1,0.0,1,0.2857142857142857,0.7559289460184594,0.0,2.0,0.5714285714285714,0.5714285714285714,1.0690449676496951,0.0,3.0,0.5,0,66.25,0.0,0.0,False,False,True,False,False,False,False,False,False,False,True,False,False,False,False,False,False,False,False,False,False,False,False,False,False,False,False,False,False,False,False,True,False,False,False,False
Pakistan,Cotton T-Shirt,2025-07-15,Apparel,0.0,66.25,,20.0,2.0,0.0,0.0,1,15,29,7,3,196,0,0.7818314824680298,0.6234898018587336,-0.4999999999999997,-0.8660254037844388,0.0,1,0.0,1,0.0,1,1.0,1,0.0,0.0,0.0,0.0,0.5714285714285714,0.5714285714285714,1.0690449676496951,0.0,3.0,0.0,0,66.25,0.0,0.0,False,False,True,False,False,False,False,False,False,False,True,False,False,False,False,False,False,False,False,False,False,False,False,False,False,False,False,False,False,False,False,True,False,False,False,False
Pakistan,Cotton T-Shirt,2025-07-16,Apparel,0.0,66.25,,20.0,2.0,0.0,0.0,2,16,29,7,3,197,0,0.9749279121818236,-0.22252093395631434,-0.4999999999999997,-0.8660254037844388,0.0,1,0.0,1,3.0,1,0.0,1,0.0,0.0,0.0,0.0,0.5714285714285714,0.5357142857142857,1.0708993401928082,0.0,3.0,0.0,0,66.25,0.0,0.0,False,False,True,False,False,False,False,False,False,False,True,False,False,False,False,False,False,False,False,False,False,False,False,False,False,False,False,False,False,False,False,True,False,False,False,False
Pakistan,Cotton T-Shirt,2025-07-17,Apparel,0.0,66.25,,20.0,2.0,0.0,0.0,3,17,29,7,3,198,0,0.43388373911755823,-0.900968867902419,-0.4999999999999997,-0.8660254037844388,0.0,1,0.0,1,0.0,1,2.0,1,0.0,0.0,0.0,0.0,0.35714285714285715,0.5357142857142857,1.0708993401928082,0.0,3.0,0.0,0,66.25,0.0,0.0,False,False,True,False,False,False,False,False,False,False,True,False,False,False,False,False,False,False,False,False,False,False,False,False,False,False,False,False,False,False,False,True,False,False,False,False
Pakistan,Cotton T-Shirt,2025-07-18,Apparel,1.0,51.02,0.02,20.0,2.0,1.0,0.0,4,18,29,7,3,199,0,-0.433883739117558,-0.9009688679024191,-0.4999999999999997,-0.8660254037844388,0.0,1,0.0,1,3.0,1,3.0,1,0.0,0.0,0.0,0.0,0.35714285714285715,0.4642857142857143,1.035737091520487,0.0,3.0,0.0,1,66.25,-15.229999999999997,-0.22988679245283014,False,False,True,False,False,False,False,False,False,False,True,False,False,False,False,False,False,False,False,False,False,False,False,False,False,False,False,False,False,False,False,True,False,False,False,False
Pakistan,Cotton T-Shirt,2025-07-19,Apparel,0.0,51.02,,20.0,2.0,0.0,0.0,5,19,29,7,3,200,1,-0.9749279121818236,-0.2225209339563146,-0.4999999999999997,-0.8660254037844388,1.0,1,0.0,1,0.0,1,0.0,1,0.14285714285714285,0.37796447300923663,0.0,1.0,0.21428571428571427,0.39285714285714285,0.91648627373632,0.0,3.0,0.36363636363636365,0,51.02,0.0,0.0,False,False,True,False,False,False,False,False,False,False,True,False,False,False,False,False,False,False,False,False,False,False,False,False,False,False,False,False,False,False,False,True,False,False,False,False
Pakistan,Cotton T-Shirt,2025-07-20,Apparel,0.0,51.02,,20.0,2.0,0.0,0.0,6,20,29,7,3,201,1,-0.7818314824680299,0.6234898018587334,-0.4999999999999997,-0.8660254037844388,0.0,1,0.0,1,0.0,1,0.0,1,0.14285714285714285,0.37796447300923663,0.0,1.0,0.21428571428571427,0.39285714285714285,0.91648627373632,0.0,3.0,0.36363636363636365,0,51.02,0.0,0.0,False,False,True,False,False,False,False,False,False,False,True,False,False,False,False,False,False,False,False,False,False,False,False,False,False,False,False,False,False,False,False,True,False,False,False,False
Pakistan,Cotton T-Shirt,2025-07-21,Apparel,0.0,51.02,,20.0,2.0,0.0,0.0,0,21,30,7,3,202,0,0.0,1.0,-0.4999999999999997,-0.8660254037844388,0.0,1,0.0,1,2.0,1,0.0,1,0.14285714285714285,0.37796447300923663,0.0,1.0,0.21428571428571427,0.39285714285714285,0.91648627373632,0.0,3.0,0.36363636363636365,0,51.02,0.0,0.0,False,False,True,False,False,False,False,False,False,False,True,False,False,False,False,False,False,False,False,False,False,False,False,False,False,False,False,False,False,False,False,True,False,False,False,False
Pakistan,Cotton T-Shirt,2025-07-22,Apparel,0.0,51.02,,20.0,2.0,0.0,0.0,1,22,30,7,3,203,0,0.7818314824680298,0.6234898018587336,-0.4999999999999997,-0.8660254037844388,0.0,1,0.0,1,0.0,1,2.0,1,0.14285714285714285,0.37796447300923663,0.0,1.0,0.07142857142857142,0.39285714285714285,0.91648627373632,0.0,3.0,0.36363636363636365,0,51.02,0.0,0.0,False,False,True,False,False,False,False,False,False,False,True,False,False,False,False,False,False,False,False,False,False,False,False,False,False,False,False,False,False,False,False,True,False,False,False,False
Pakistan,Cotton T-Shirt,2025-07-23,Apparel,0.0,51.02,,20.0,2.0,0.0,0.0,2,23,30,7,3,204,0,0.9749279121818236,-0.22252093395631434,-0.4999999999999997,-0.8660254037844388,0.0,1,0.0,1,0.0,1,0.0,1,0.14285714285714285,0.37796447300923663,0.0,1.0,0.07142857142857142,0.32142857142857145,0.8629652337776937,0.0,3.0,0.44444444444444436,0,51.02,0.0,0.0,False,False,True,False,False,False,False,False,False,False,True,False,False,False,False,False,False,False,False,False,False,False,False,False,False,False,False,False,False,False,False,True,False,False,False,False
Pakistan,Cotton T-Shirt,2025-07-24,Apparel,0.0,51.02,,20.0,2.0,0.0,0.0,3,24,30,7,3,205,0,0.43388373911755823,-0.900968867902419,-0.4999999999999997,-0.8660254037844388,0.0,1,0.0,1,0.0,1,0.0,1,0.14285714285714285,0.37796447300923663,0.0,1.0,0.07142857142857142,0.32142857142857145,0.8629652337776937,0.0,3.0,0.44444444444444436,0,51.02,0.0,0.0,False,False,True,False,False,False,False,False,False,False,True,False,False,False,False,False,False,False,False,False,False,False,False,False,False,False,False,False,False,False,False,True,False,False,False,False
Pakistan,Cotton T-Shirt,2025-07-25,Apparel,0.0,51.02,,20.0,2.0,0.0,0.0,4,25,30,7,3,206,0,-0.433883739117558,-0.9009688679024191,-0.4999999999999997,-0.8660254037844388,0.0,1,1.0,1,0.0,1,0.0,1,0.14285714285714285,0.37796447300923663,0.0,1.0,0.07142857142857142,0.32142857142857145,0.8629652337776937,0.0,3.0,0.44444444444444436,0,51.02,0.0,0.0,False,False,True,False,False,False,False,False,False,False,True,False,False,False,False,False,False,False,False,False,False,False,False,False,False,False,False,False,False,False,False,True,False,False,False,False
Pakistan,Cotton T-Shirt,2025-07-26,Apparel,0.0,51.02,,20.0,2.0,0.0,0.0,5,26,30,7,3,207,1,-0.9749279121818236,-0.2225209339563146,-0.4999999999999997,-0.8660254037844388,0.0,1,0.0,1,0.0,1,0.0,1,0.0,0.0,0.0,0.0,0.07142857142857142,0.32142857142857145,0.8629652337776937,0.0,3.0,0.0,0,51.02,0.0,0.0,False,False,True,False,False,False,False,False,False,False,True,False,False,False,False,False,False,False,False,False,False,False,False,False,False,False,False,False,False,False,False,True,False,False,False,False
Pakistan,Cotton T-Shirt,2025-07-27,Apparel,0.0,51.02,,20.0,2.0,0.0,0.0,6,27,30,7,3,208,1,-0.7818314824680299,0.6234898018587334,-0.4999999999999997,-0.8660254037844388,0.0,1,0.0,1,0.0,1,0.0,1,0.0,0.0,0.0,0.0,0.07142857142857142,0.32142857142857145,0.8629652337776937,0.0,3.0,0.0,0,51.02,0.0,0.0,False,False,True,False,False,False,False,False,False,False,True,False,False,False,False,False,False,False,False,False,False,False,False,False,False,False,False,False,False,False,False,True,False,False,False,False
Pakistan,Cotton T-Shirt,2025-07-28,Apparel,0.0,51.02,,20.0,2.0,0.0,0.0,0,28,31,7,3,209,0,0.0,1.0,-0.4999999999999997,-0.8660254037844388,0.0,1,0.0,1,0.0,1,0.0,1,0.0,0.0,0.0,0.0,0.07142857142857142,0.32142857142857145,0.8629652337776937,0.0,3.0,0.0,0,51.02,0.0,0.0,False,False,True,False,False,False,False,False,False,False,True,False,False,False,False,False,False,False,False,False,False,False,False,False,False,False,False,False,False,False,False,True,False,False,False,False
Pakistan,Cotton T-Shirt,2025-07-29,Apparel,0.0,51.02,,20.0,2.0,0.0,0.0,1,29,31,7,3,210,0,0.7818314824680298,0.6234898018587336,-0.4999999999999997,-0.8660254037844388,0.0,1,0.0,1,0.0,1,0.0,1,0.0,0.0,0.0,0.0,0.07142857142857142,0.32142857142857145,0.8629652337776937,0.0,3.0,0.0,0,51.02,0.0,0.0,False,False,True,False,False,False,False,False,False,False,True,False,False,False,False,False,False,False,False,False,False,False,False,False,False,False,False,False,False,False,False,True,False,False,False,False
Pakistan,Cotton T-Shirt,2025-07-30,Apparel,0.0,51.02,,20.0,2.0,0.0,0.0,2,30,31,7,3,211,0,0.9749279121818236,-0.22252093395631434,-0.4999999999999997,-0.8660254037844388,0.0,1,0.0,1,0.0,1,3.0,1,0.0,0.0,0.0,0.0,0.07142857142857142,0.32142857142857145,0.8629652337776937,0.0,3.0,0.0,0,51.02,0.0,0.0,False,False,True,False,False,False,False,False,False,False,True,False,False,False,False,False,False,False,False,False,False,False,False,False,False,False,False,False,False,False,False,True,False,False,False,False
Pakistan,Cotton T-Shirt,2025-07-31,Apparel,2.0,55.83,0.15,20.0,2.0,1.0,0.0,3,31,31,7,3,212,0,0.43388373911755823,-0.900968867902419,-0.4999999999999997,-0.8660254037844388,0.0,1,0.0,1,0.0,1,0.0,1,0.0,0.0,0.0,0.0,0.07142857142857142,0.21428571428571427,0.6862211530545133,0.0,3.0,0.0,1,51.02,4.809999999999995,0.09427675421403361,False,False,True,False,False,False,False,False,False,False,True,False,False,False,False,False,False,False,False,False,False,False,False,False,False,False,False,False,False,False,False,True,False,False,False,False
Pakistan,Cotton T-Shirt,2025-08-01,Apparel,0.0,55.83,,20.0,2.0,0.0,0.0,4,1,31,8,3,213,0,-0.433883739117558,-0.9009688679024191,-0.8660254037844385,-0.5000000000000004,2.0,1,0.0,1,1.0,1,3.0,1,0.2857142857142857,0.7559289460184594,0.0,2.0,0.21428571428571427,0.2857142857142857,0.7628961803617691,0.0,3.0,1.0,0,55.83,0.0,0.0,False,False,True,False,False,False,False,False,False,False,True,False,False,False,False,False,False,False,False,False,False,False,False,False,False,False,False,False,False,False,False,True,False,False,False,False
Pakistan,Cotton T-Shirt,2025-08-02,Apparel,0.0,55.83,,20.0,2.0,0.0,0.0,5,2,31,8,3,214,1,-0.9749279121818236,-0.2225209339563146,-0.8660254037844385,-0.5000000000000004,0.0,1,0.0,1,0.0,1,0.0,1,0.2857142857142857,0.7559289460184594,0.0,2.0,0.14285714285714285,0.17857142857142858,0.5479640045336418,0.0,2.0,1.5999999999999999,0,55.83,0.0,0.0,False,False,True,False,False,False,False,False,False,False,True,False,False,False,False,False,False,False,False,False,False,False,False,False,False,False,False,False,False,False,False,True,False,False,False,False
Pakistan,Cotton T-Shirt,2025-08-03,Apparel,0.0,55.83,,20.0,2.0,0.0,0.0,6,3,31,8,3,215,1,-0.7818314824680299,0.6234898018587334,-0.8660254037844385,-0.5000000000000004,0.0,1,0.0,1,0.0,1,0.0,1,0.2857142857142857,0.7559289460184594,0.0,2.0,0.14285714285714285,0.17857142857142858,0.5479640045336418,0.0,2.0,1.5999999999999999,0,55.83,0.0,0.0,False,False,True,False,False,False,False,False,False,False,True,False,False,False,False,False,False,False,False,False,False,False,False,False,False,False,False,False,False,False,False,True,False,False,False,False
Pakistan,Cotton T-Shirt,2025-08-04,Apparel,0.0,55.83,,20.0,2.0,0.0,0.0,0,4,32,8,3,216,0,0.0,1.0,-0.8660254037844385,-0.5000000000000004,0.0,1,0.0,1,0.0,1,2.0,1,0.2857142857142857,0.7559289460184594,0.0,2.0,0.14285714285714285,0.17857142857142858,0.5479640045336418,0.0,2.0,1.5999999999999999,0,55.83,0.0,0.0,False,False,True,False,False,False,False,False,False,False,True,False,False,False,False,False,False,False,False,False,False,False,False,False,False,False,False,False,False,False,False,True,False,False,False,False
Pakistan,Cotton T-Shirt,2025-08-05,Apparel,0.0,55.83,,20.0,2.0,0.0,0.0,1,5,32,8,3,217,0,0.7818314824680298,0.6234898018587336,-0.8660254037844385,-0.5000000000000004,0.0,1,0.0,1,0.0,1,0.0,1,0.2857142857142857,0.7559289460184594,0.0,2.0,0.14285714285714285,0.10714285714285714,0.41626965212517947,0.0,2.0,2.6666666666666665,0,55.83,0.0,0.0,False,False,True,False,False,False,False,False,False,False,True,False,False,False,False,False,False,False,False,False,False,False,False,False,False,False,False,False,False,False,False,True,False,False,False,False
Pakistan,Cotton T-Shirt,2025-08-06,Apparel,0.0,55.83,,20.0,2.0,0.0,0.0,2,6,32,8,3,218,0,0.9749279121818236,-0.22252093395631434,-0.8660254037844385,-0.5000000000000004,0.0,1,0.0,1,0.0,1,0.0,1,0.2857142857142857,0.7559289460184594,0.0,2.0,0.14285714285714285,0.10714285714285714,0.41626965212517947,0.0,2.0,2.6666666666666665,0,55.83,0.0,0.0,False,False,True,False,False,False,False,False,False,False,True,False,False,False,False,False,False,False,False,False,False,False,False,False,False,False,False,False,False,False,False,True,False,False,False,False
Pakistan,Cotton T-Shirt,2025-08-07,Apparel,3.0,141.29,0.01,20.0,2.0,1.0,0.0,3,7,32,8,3,219,0,0.43388373911755823,-0.900968867902419,-0.8660254037844385,-0.5000000000000004,0.0,1,2.0,1,0.0,1,0.0,1,0.2857142857142857,0.7559289460184594,0.0,2.0,0.14285714285714285,0.10714285714285714,0.41626965212517947,0.0,2.0,2.6666666666666665,1,55.83,85.46,1.5307182518359304,False,False,True,False,False,False,False,False,False,False,True,False,False,False,False,False,False,False,False,False,False,False,False,False,False,False,False,False,False,False,False,True,False,False,False,False
Pakistan,Cotton T-Shirt,2025-08-08,Apparel,0.0,141.29,,20.0,2.0,0.0,0.0,4,8,32,8,3,220,0,-0.433883739117558,-0.9009688679024191,-0.8660254037844385,-0.5000000000000004,3.0,1,0.0,1,0.0,1,0.0,1,0.42857142857142855,1.133893419027685,0.0,3.0,0.35714285714285715,0.21428571428571427,0.6862211530545131,0.0,3.0,2.0,0,141.29,0.0,0.0,False,False,True,False,False,False,False,False,False,False,True,False,False,False,False,False,False,False,False,False,False,False,False,False,False,False,False,False,False,False,False,True,False,False,False,False
Pakistan,Cotton T-Shirt,2025-08-09,Apparel,1.0,145.36,0.07,20.0,2.0,1.0,0.0,5,9,32,8,3,221,1,-0.9749279121818236,-0.2225209339563146,-0.8660254037844385,-0.5000000000000004,0.0,1,0.0,1,0.0,1,0.0,1,0.42857142857142855,1.133893419027685,0.0,3.0,0.35714285714285715,0.21428571428571427,0.6862211530545131,0.0,3.0,2.0,1,141.29,4.070000000000022,0.028806001840187005,False,False,True,False,False,False,False,False,False,False,True,False,False,False,False,False,False,False,False,False,False,False,False,False,False,False,False,False,False,False,False,True,False,False,False,False
Pakistan,Cotton T-Shirt,2025-08-10,Apparel,0.0,145.36,,20.0,2.0,0.0,0.0,6,10,32,8,3,222,1,-0.7818314824680299,0.6234898018587334,-0.8660254037844385,-0.5000000000000004,1.0,1,0.0,1,0.0,1,0.0,1,0.5714285714285714,1.1338934190276853,0.0,3.0,0.42857142857142855,0.25,0.7005289007176903,0.0,3.0,2.2857142857142856,0,145.36,0.0,0.0,False,False,True,False,False,False,False,False,False,False,True,False,False,False,False,False,False,False,False,False,False,False,False,False,False,False,False,False,False,False,False,True,False,False,False,False
Pakistan,Cotton T-Shirt,2025-08-11,Apparel,0.0,145.36,,20.0,2.0,0.0,0.0,0,11,33,8,3,223,0,0.0,1.0,-0.8660254037844385,-0.5000000000000004,0.0,1,0.0,1,0.0,1,0.0,1,0.5714285714285714,1.1338934190276853,0.0,3.0,0.42857142857142855,0.25,0.7005289007176903,0.0,3.0,2.2857142857142856,0,145.36,0.0,0.0,False,False,True,False,False,False,False,False,False,False,True,False,False,False,False,False,False,False,False,False,False,False,False,False,False,False,False,False,False,False,False,True,False,False,False,False
Pakistan,Cotton T-Shirt,2025-08-12,Apparel,0.0,145.36,,20.0,2.0,0.0,0.0,1,12,33,8,3,224,0,0.7818314824680298,0.6234898018587336,-0.8660254037844385,-0.5000000000000004,0.0,1,0.0,1,0.0,1,0.0,1,0.5714285714285714,1.1338934190276853,0.0,3.0,0.42857142857142855,0.25,0.7005289007176903,0.0,3.0,2.2857142857142856,0,145.36,0.0,0.0,False,False,True,False,False,False,False,False,False,False,True,False,False,False,False,False,False,False,False,False,False,False,False,False,False,False,False,False,False,False,False,True,False,False,False,False
Pakistan,Cotton T-Shirt,2025-08-13,Apparel,0.0,145.36,,20.0,2.0,0.0,0.0,2,13,33,8,3,225,0,0.9749279121818236,-0.22252093395631434,-0.8660254037844385,-0.5000000000000004,0.0,1,0.0,1,0.0,1,0.0,1,0.5714285714285714,1.1338934190276853,0.0,3.0,0.42857142857142855,0.25,0.7005289007176903,0.0,3.0,2.2857142857142856,0,145.36,0.0,0.0,False,False,True,False,False,False,False,False,False,False,True,False,False,False,False,False,False,False,False,False,False,False,False,False,False,False,False,False,False,False,False,True,False,False,False,False
Pakistan,Cotton T-Shirt,2025-08-14,Apparel,0.0,145.36,,20.0,2.0,0.0,0.0,3,14,33,8,3,226,0,0.43388373911755823,-0.900968867902419,-0.8660254037844385,-0.5000000000000004,0.0,1,3.0,1,2.0,1,0.0,1,0.5714285714285714,1.1338934190276853,0.0,3.0,0.42857142857142855,0.25,0.7005289007176903,0.0,3.0,2.2857142857142856,0,145.36,0.0,0.0,False,False,True,False,False,False,False,False,False,False,True,False,False,False,False,False,False,False,False,False,False,False,False,False,False,False,False,False,False,False,False,True,False,False,False,False
Pakistan,Cotton T-Shirt,2025-08-15,Apparel,0.0,145.36,,20.0,2.0,0.0,0.0,4,15,33,8,3,227,0,-0.433883739117558,-0.9009688679024191,-0.8660254037844385,-0.5000000000000004,0.0,1,0.0,1,0.0,1,1.0,1,0.14285714285714285,0.3779644730092365,0.0,1.0,0.2857142857142857,0.25,0.7005289007176903,0.0,3.0,0.5714285714285714,0,145.36,0.0,0.0,False,False,True,False,False,False,False,False,False,False,True,False,False,False,False,False,False,False,False,False,False,False,False,False,False,False,False,False,False,False,False,True,False,False,False,False
Pakistan,Cotton T-Shirt,2025-08-16,Apparel,0.0,145.36,,20.0,2.0,0.0,0.0,5,16,33,8,3,228,1,-0.9749279121818236,-0.2225209339563146,-0.8660254037844385,-0.5000000000000004,0.0,1,1.0,1,0.0,1,0.0,1,0.14285714285714285,0.3779644730092365,0.0,1.0,0.2857142857142857,0.21428571428571427,0.6862211530545131,0.0,3.0,0.6666666666666666,0,145.36,0.0,0.0,False,False,True,False,False,False,False,False,False,False,True,False,False,False,False,False,False,False,False,False,False,False,False,False,False,False,False,False,False,False,False,True,False,False,False,False
Pakistan,Cotton T-Shirt,2025-08-17,Apparel,0.0,145.36,,20.0,2.0,0.0,0.0,6,17,33,8,3,229,1,-0.7818314824680299,0.6234898018587334,-0.8660254037844385,-0.5000000000000004,0.0,1,0.0,1,0.0,1,0.0,1,0.0,0.0,0.0,0.0,0.2857142857142857,0.21428571428571427,0.6862211530545131,0.0,3.0,0.0,0,145.36,0.0,0.0,False,False,True,False,False,False,False,False,False,False,True,False,False,False,False,False,False,False,False,False,False,False,False,False,False,False,False,False,False,False,False,True,False,False,False,False
Pakistan,Cotton T-Shirt,2025-08-18,Apparel,0.0,145.36,,20.0,2.0,0.0,0.0,0,18,34,8,3,230,0,0.0,1.0,-0.8660254037844385,-0.5000000000000004,0.0,1,0.0,1,0.0,1,0.0,1,0.0,0.0,0.0,0.0,0.2857142857142857,0.21428571428571427,0.6862211530545131,0.0,3.0,0.0,0,145.36,0.0,0.0,False,False,True,False,False,False,False,False,False,False,True,False,False,False,False,False,False,False,False,False,False,False,False,False,False,False,False,False,False,False,False,True,False,False,False,False
Pakistan,Cotton T-Shirt,2025-08-19,Apparel,3.0,53.2,0.07,20.0,2.0,1.0,0.0,1,19,34,8,3,231,0,0.7818314824680298,0.6234898018587336,-0.8660254037844385,-0.5000000000000004,0.0,1,0.0,1,0.0,1,0.0,1,0.0,0.0,0.0,0.0,0.2857142857142857,0.21428571428571427,0.6862211530545131,0.0,3.0,0.0,1,145.36,-92.16000000000001,-0.6340121078701156,False,False,True,False,False,False,False,False,False,False,True,False,False,False,False,False,False,False,False,False,False,False,False,False,False,False,False,False,False,False,False,True,False,False,False,False
Pakistan,Cotton T-Shirt,2025-08-20,Apparel,0.0,53.2,,20.0,2.0,0.0,0.0,2,20,34,8,3,232,0,0.9749279121818236,-0.22252093395631434,-0.8660254037844385,-0.5000000000000004,3.0,1,0.0,1,0.0,1,0.0,1,0.42857142857142855,1.133893419027685,0.0,3.0,0.5,0.32142857142857145,0.8629652337776936,0.0,3.0,1.3333333333333333,0,53.2,0.0,0.0,False,False,True,False,False,False,False,False,False,False,True,False,False,False,False,False,False,False,False,False,False,False,False,False,False,False,False,False,False,False,False,True,False,False,False,False
Pakistan,Cotton T-Shirt,2025-08-21,Apparel,0.0,53.2,,20.0,2.0,0.0,0.0,3,21,34,8,3,233,0,0.43388373911755823,-0.900968867902419,-0.8660254037844385,-0.5000000000000004,0.0,1,0.0,1,3.0,1,0.0,1,0.42857142857142855,1.133893419027685,0.0,3.0,0.5,0.32142857142857145,0.8629652337776936,0.0,3.0,1.3333333333333333,0,53.2,0.0,0.0,False,False,True,False,False,False,False,False,False,False,True,False,False,False,False,False,False,False,False,False,False,False,False,False,False,False,False,False,False,False,False,True,False,False,False,False
Pakistan,Cotton T-Shirt,2025-08-22,Apparel,0.0,53.2,,20.0,2.0,0.0,0.0,4,22,34,8,3,234,0,-0.433883739117558,-0.9009688679024191,-0.8660254037844385,-0.5000000000000004,0.0,1,0.0,1,0.0,1,0.0,1,0.42857142857142855,1.133893419027685,0.0,3.0,0.2857142857142857,0.32142857142857145,0.8629652337776936,0.0,3.0,1.3333333333333333,0,53.2,0.0,0.0,False,False,True,False,False,False,False,False,False,False,True,False,False,False,False,False,False,False,False,False,False,False,False,False,False,False,False,False,False,False,False,True,False,False,False,False
Pakistan,Cotton T-Shirt,2025-08-23,Apparel,0.0,53.2,,20.0,2.0,0.0,0.0,5,23,34,8,3,235,1,-0.9749279121818236,-0.2225209339563146,-0.8660254037844385,-0.5000000000000004,0.0,1,0.0,1,1.0,1,0.0,1,0.42857142857142855,1.133893419027685,0.0,3.0,0.2857142857142857,0.32142857142857145,0.8629652337776936,0.0,3.0,1.3333333333333333,0,53.2,0.0,0.0,False,False,True,False,False,False,False,False,False,False,True,False,False,False,False,False,False,False,False,False,False,False,False,False,False,False,False,False,False,False,False,True,False,False,False,False
Pakistan,Cotton T-Shirt,2025-08-24,Apparel,0.0,53.2,,20.0,2.0,0.0,0.0,6,24,34,8,3,236,1,-0.7818314824680299,0.6234898018587334,-0.8660254037844385,-0.5000000000000004,0.0,1,0.0,1,0.0,1,0.0,1,0.42857142857142855,1.133893419027685,0.0,3.0,0.21428571428571427,0.32142857142857145,0.8629652337776936,0.0,3.0,1.3333333333333333,0,53.2,0.0,0.0,False,False,True,False,False,False,False,False,False,False,True,False,False,False,False,False,False,False,False,False,False,False,False,False,False,False,False,False,False,False,False,True,False,False,False,False
Pakistan,Cotton T-Shirt,2025-08-25,Apparel,0.0,53.2,,20.0,2.0,0.0,0.0,0,25,35,8,3,237,0,0.0,1.0,-0.8660254037844385,-0.5000000000000004,0.0,1,0.0,1,0.0,1,0.0,1,0.42857142857142855,1.133893419027685,0.0,3.0,0.21428571428571427,0.32142857142857145,0.8629652337776936,0.0,3.0,1.3333333333333333,0,53.2,0.0,0.0,False,False,True,False,False,False,False,False,False,False,True,False,False,False,False,False,False,False,False,False,False,False,False,False,False,False,False,False,False,False,False,True,False,False,False,False
Pakistan,Cotton T-Shirt,2025-08-26,Apparel,3.0,124.01,0.04,20.0,2.0,1.0,0.0,1,26,35,8,3,238,0,0.7818314824680298,0.6234898018587336,-0.8660254037844385,-0.5000000000000004,0.0,1,3.0,1,0.0,1,0.0,1,0.42857142857142855,1.133893419027685,0.0,3.0,0.21428571428571427,0.32142857142857145,0.8629652337776936,0.0,3.0,1.3333333333333333,1,53.2,70.81,1.3310150375939849,False,False,True,False,False,False,False,False,False,False,True,False,False,False,False,False,False,False,False,False,False,False,False,False,False,False,False,False,False,False,False,True,False,False,False,False
Pakistan,Cotton T-Shirt,2025-08-27,Apparel,0.0,124.01,,20.0,2.0,0.0,0.0,2,27,35,8,3,239,0,0.9749279121818236,-0.22252093395631434,-0.8660254037844385,-0.5000000000000004,3.0,1,0.0,1,0.0,1,0.0,1,0.42857142857142855,1.133893419027685,0.0,3.0,0.42857142857142855,0.42857142857142855,0.9973509887241249,0.0,3.0,1.0,0,124.01,0.0,0.0,False,False,True,False,False,False,False,False,False,False,True,False,False,False,False,False,False,False,False,False,False,False,False,False,False,False,False,False,False,False,False,True,False,False,False,False
Pakistan,Cotton T-Shirt,2025-08-28,Apparel,0.0,124.01,,20.0,2.0,0.0,0.0,3,28,35,8,3,240,0,0.43388373911755823,-0.900968867902419,-0.8660254037844385,-0.5000000000000004,0.0,1,0.0,1,0.0,1,2.0,1,0.42857142857142855,1.133893419027685,0.0,3.0,0.42857142857142855,0.42857142857142855,0.9973509887241249,0.0,3.0,1.0,0,124.01,0.0,0.0,False,False,True,False,False,False,False,False,False,False,True,False,False,False,False,False,False,False,False,False,False,False,False,False,False,False,False,False,False,False,False,True,False,False,False,False
Pakistan,Cotton T-Shirt,2025-08-29,Apparel,3.0,139.59,0.07,20.0,2.0,1.0,0.0,4,29,35,8,3,241,0,-0.433883739117558,-0.9009688679024191,-0.8660254037844385,-0.5000000000000004,0.0,1,0.0,1,0.0,1,0.0,1,0.42857142857142855,1.133893419027685,0.0,3.0,0.42857142857142855,0.35714285714285715,0.9511897312113391,0.0,3.0,1.2,1,124.01,15.579999999999998,0.12563502943311022,False,False,True,False,False,False,False,False,False,False,True,False,False,False,False,False,False,False,False,False,False,False,False,False,False,False,False,False,False,False,False,True,False,False,False,False
Pakistan,Cotton T-Shirt,2025-08-30,Apparel,0.0,139.59,,20.0,2.0,0.0,0.0,5,30,35,8,3,242,1,-0.9749279121818236,-0.2225209339563146,-0.8660254037844385,-0.5000000000000004,3.0,1,0.0,1,0.0,1,0.0,1,0.8571428571428571,1.4638501094228027,0.0,3.0,0.6428571428571429,0.4642857142857143,1.070899340192808,0.0,3.0,1.846153846153846,0,139.59,0.0,0.0,False,False,True,False,False,False,False,False,False,False,True,False,False,False,False,False,False,False,False,False,False,False,False,False,False,False,False,False,False,False,False,True,False,False,False,False
Pakistan,Cotton T-Shirt,2025-08-31,Apparel,0.0,139.59,,20.0,2.0,0.0,0.0,6,31,35,8,3,243,1,-0.7818314824680299,0.6234898018587334,-0.8660254037844385,-0.5000000000000004,0.0,1,0.0,1,0.0,1,0.0,1,0.8571428571428571,1.4638501094228027,0.0,3.0,0.6428571428571429,0.4642857142857143,1.070899340192808,0.0,3.0,1.846153846153846,0,139.59,0.0,0.0,False,False,True,False,False,False,False,False,False,False,True,False,False,False,False,False,False,False,False,False,False,False,False,False,False,False,False,False,False,False,False,True,False,False,False,False
Pakistan,Cotton T-Shirt,2025-09-01,Apparel,0.0,139.59,,20.0,2.0,0.0,0.0,0,1,36,9,3,244,0,0.0,1.0,-1.0,-1.8369701987210297e-16,0.0,1,0.0,1,0.0,1,0.0,1,0.8571428571428571,1.4638501094228027,0.0,3.0,0.6428571428571429,0.4642857142857143,1.070899340192808,0.0,3.0,1.846153846153846,0,139.59,0.0,0.0,False,False,True,False,False,False,False,False,False,False,True,False,False,False,False,False,False,False,False,False,False,False,False,False,False,False,False,False,False,False,False,True,False,False,False,False
Pakistan,Cotton T-Shirt,2025-09-02,Apparel,0.0,139.59,,20.0,2.0,0.0,0.0,1,2,36,9,3,245,0,0.7818314824680298,0.6234898018587336,-1.0,-1.8369701987210297e-16,0.0,1,3.0,1,3.0,1,0.0,1,0.8571428571428571,1.4638501094228027,0.0,3.0,0.6428571428571429,0.4642857142857143,1.070899340192808,0.0,3.0,1.846153846153846,0,139.59,0.0,0.0,False,False,True,False,False,False,False,False,False,False,True,False,False,False,False,False,False,False,False,False,False,False,False,False,False,False,False,False,False,False,False,True,False,False,False,False
Pakistan,Cotton T-Shirt,2025-09-03,Apparel,1.0,145.37,0.01,20.0,2.0,1.0,0.0,2,3,36,9,3,246,0,0.9749279121818236,-0.22252093395631434,-1.0,-1.8369701987210297e-16,0.0,1,0.0,1,0.0,1,0.0,1,0.42857142857142855,1.1338934190276848,0.0,3.0,0.42857142857142855,0.4642857142857143,1.070899340192808,0.0,3.0,0.923076923076923,1,139.59,5.780000000000001,0.04140697757719035,False,False,True,False,False,False,False,False,False,False,True,False,False,False,False,False,False,False,False,False,False,False,False,False,False,False,False,False,False,False,False,True,False,False,False,False
Pakistan,Cotton T-Shirt,2025-09-04,Apparel,3.0,78.96,0.1,20.0,2.0,1.0,0.0,3,4,36,9,3,247,0,0.43388373911755823,-0.900968867902419,-1.0,-1.8369701987210297e-16,1.0,1,0.0,1,0.0,1,3.0,1,0.5714285714285714,1.133893419027685,0.0,3.0,0.5,0.5,1.0715167512214372,0.0,3.0,1.1428571428571428,1,145.37,-66.41000000000001,-0.4568342849281145,False,False,True,False,False,False,False,False,False,False,True,False,False,False,False,False,False,False,False,False,False,False,False,False,False,False,False,False,False,False,False,True,False,False,False,False
Pakistan,Cotton T-Shirt,2025-09-05,Apparel,0.0,78.96,,20.0,2.0,0.0,0.0,4,5,36,9,3,248,0,-0.433883739117558,-0.9009688679024191,-1.0,-1.8369701987210297e-16,3.0,1,3.0,1,0.0,1,0.0,1,1.0,1.414213562373098,0.0,3.0,0.7142857142857143,0.5,1.0715167512214372,0.0,3.0,2.0,0,78.96,0.0,0.0,False,False,True,False,False,False,False,False,False,False,True,False,False,False,False,False,False,False,False,False,False,False,False,False,False,False,False,False,False,False,False,True,False,False,False,False
Pakistan,Cotton T-Shirt,2025-09-06,Apparel,0.0,78.96,,20.0,2.0,0.0,0.0,5,6,36,9,3,249,1,-0.9749279121818236,-0.2225209339563146,-1.0,-1.8369701987210297e-16,0.0,1,0.0,1,0.0,1,1.0,1,0.5714285714285714,1.133893419027685,0.0,3.0,0.7142857142857143,0.5,1.0715167512214372,0.0,3.0,1.1428571428571428,0,78.96,0.0,0.0,False,False,True,False,False,False,False,False,False,False,True,False,False,False,False,False,False,False,False,False,False,False,False,False,False,False,False,False,False,False,False,True,False,False,False,False
Pakistan,Cotton T-Shirt,2025-09-07,Apparel,0.0,78.96,,20.0,2.0,0.0,0.0,6,7,36,9,3,250,1,-0.7818314824680299,0.6234898018587334,-1.0,-1.8369701987210297e-16,0.0,1,0.0,1,0.0,1,0.0,1,0.5714285714285714,1.133893419027685,0.0,3.0,0.7142857142857143,0.4642857142857143,1.070899340192808,0.0,3.0,1.2307692307692306,0,78.96,0.0,0.0,False,False,True,False,False,False,False,False,False,False,True,False,False,False,False,False,False,False,False,False,False,False,False,False,False,False,False,False,False,False,False,True,False,False,False,False
Pakistan,Cotton T-Shirt,2025-09-08,Apparel,2.0,13.61,0.06,20.0,2.0,1.0,0.0,0,8,37,9,3,251,0,0.0,1.0,-1.0,-1.8369701987210297e-16,0.0,1,0.0,1,0.0,1,0.0,1,0.5714285714285714,1.133893419027685,0.0,3.0,0.7142857142857143,0.4642857142857143,1.070899340192808,0.0,3.0,1.2307692307692306,1,78.96,-65.35,-0.8276342451874367,False,False,True,False,False,False,False,False,False,False,True,False,False,False,False,False,False,False,False,False,False,False,False,False,False,False,False,False,False,False,False,True,False,False,False,False
Pakistan,Cotton T-Shirt,2025-09-09,Apparel,0.0,13.61,,20.0,2.0,0.0,0.0,1,9,37,9,3,252,0,0.7818314824680298,0.6234898018587336,-1.0,-1.8369701987210297e-16,2.0,1,0.0,1,3.0,1,0.0,1,0.8571428571428571,1.2149857925879153,0.0,3.0,0.8571428571428571,0.5357142857142857,1.1049431980420832,0.0,3.0,1.5999999999999999,0,13.61,0.0,0.0,False,False,True,False,False,False,False,False,False,False,True,False,False,False,False,False,False,False,False,False,False,False,False,False,False,False,False,False,False,False,False,True,False,False,False,False
Pakistan,Cotton T-Shirt,2025-09-10,Apparel,3.0,94.72,0.03,20.0,2.0,1.0,0.0,2,10,37,9,3,253,0,0.9749279121818236,-0.22252093395631434,-1.0,-1.8369701987210297e-16,0.0,1,1.0,1,0.0,1,0.0,1,0.8571428571428571,1.2149857925879153,0.0,3.0,0.6428571428571429,0.5357142857142857,1.1049431980420832,0.0,3.0,1.5999999999999999,1,13.61,81.11,5.9595885378398235,False,False,True,False,False,False,False,False,False,False,True,False,False,False,False,False,False,False,False,False,False,False,False,False,False,False,False,False,False,False,False,True,False,False,False,False
Pakistan,Cotton T-Shirt,2025-09-11,Apparel,0.0,94.72,,20.0,2.0,0.0,0.0,3,11,37,9,3,254,0,0.43388373911755823,-0.900968867902419,-1.0,-1.8369701987210297e-16,3.0,1,3.0,1,0.0,1,0.0,1,1.1428571428571428,1.4638501094228027,0.0,3.0,0.8571428571428571,0.6428571428571429,1.1930131697849855,0.0,3.0,1.7777777777777775,0,94.72,0.0,0.0,False,False,True,False,False,False,False,False,False,False,True,False,False,False,False,False,False,False,False,False,False,False,False,False,False,False,False,False,False,False,False,True,False,False,False,False
Pakistan,Cotton T-Shirt,2025-09-12,Apparel,0.0,94.72,,20.0,2.0,0.0,0.0,4,12,37,9,3,255,0,-0.433883739117558,-0.9009688679024191,-1.0,-1.8369701987210297e-16,0.0,1,0.0,1,3.0,1,0.0,1,0.7142857142857143,1.2535663410560205,0.0,3.0,0.8571428571428571,0.6428571428571429,1.1930131697849855,0.0,3.0,1.1111111111111112,0,94.72,0.0,0.0,False,False,True,False,False,False,False,False,False,False,True,False,False,False,False,False,False,False,False,False,False,False,False,False,False,False,False,False,False,False,False,True,False,False,False,False
Pakistan,Cotton T-Shirt,2025-09-13,Apparel,0.0,94.72,,20.0,2.0,0.0,0.0,5,13,37,9,3,256,1,-0.9749279121818236,-0.2225209339563146,-1.0,-1.8369701987210297e-16,0.0,1,0.0,1,0.0,1,0.0,1,0.7142857142857143,1.2535663410560205,0.0,3.0,0.6428571428571429,0.6428571428571429,1.1930131697849855,0.0,3.0,1.1111111111111112,0,94.72,0.0,0.0,False,False,True,False,False,False,False,False,False,False,True,False,False,False,False,False,False,False,False,False,False,False,False,False,False,False,False,False,False,False,False,True,False,False,False,False
Pakistan,Cotton T-Shirt,2025-09-14,Apparel,1.0,64.18,0.1,20.0,2.0,1.0,0.0,6,14,37,9,3,257,1,-0.7818314824680299,0.6234898018587334,-1.0,-1.8369701987210297e-16,0.0,1,0.0,1,0.0,1,0.0,1,0.7142857142857143,1.2535663410560205,0.0,3.0,0.6428571428571429,0.6428571428571429,1.1930131697849855,0.0,3.0,1.1111111111111112,1,94.72,-30.539999999999992,-0.3224239864864864,False,False,True,False,False,False,False,False,False,False,True,False,False,False,False,False,False,False,False,False,False,False,False,False,False,False,False,False,False,False,False,True,False,False,False,False
Pakistan,Cotton T-Shirt,2025-09-15,Apparel,0.0,64.18,,20.0,2.0,0.0,0.0,0,15,38,9,3,258,0,0.0,1.0,-1.0,-1.8369701987210297e-16,1.0,1,2.0,1,0.0,1,0.0,1,0.8571428571428571,1.214985792587915,0.0,3.0,0.7142857142857143,0.6785714285714286,1.1880133254200713,0.0,3.0,1.263157894736842,0,64.18,0.0,0.0,False,False,True,False,False,False,False,False,False,False,True,False,False,False,False,False,False,False,False,False,False,False,False,False,False,False,False,False,False,False,False,True,False,False,False,False
Pakistan,Cotton T-Shirt,2025-09-16,Apparel,2.0,122.46,0.08,20.0,2.0,1.0,0.0,1,16,38,9,3,259,0,0.7818314824680298,0.6234898018587336,-1.0,-1.8369701987210297e-16,0.0,1,0.0,1,0.0,1,3.0,1,0.5714285714285714,1.133893419027685,0.0,3.0,0.7142857142857143,0.6785714285714286,1.1880133254200713,0.0,3.0,0.8421052631578947,1,64.18,58.27999999999999,0.9080710501713927,False,False,True,False,False,False,False,False,False,False,True,False,False,False,False,False,False,False,False,False,False,False,False,False,False,False,False,False,False,False,False,True,False,False,False,False
Pakistan,Cotton T-Shirt,2025-09-17,Apparel,1.0,106.64,0.14,20.0,2.0,1.0,0.0,2,17,38,9,3,260,0,0.9749279121818236,-0.22252093395631434,-1.0,-1.8369701987210297e-16,2.0,1,3.0,1,1.0,1,0.0,1,0.8571428571428571,1.214985792587915,0.0,3.0,0.8571428571428571,0.6428571428571429,1.1292175499576111,0.0,3.0,1.3333333333333333,1,122.46,-15.819999999999993,-0.12918504001306544,False,False,True,False,False,False,False,False,False,False,True,False,False,False,False,False,False,False,False,False,False,False,False,False,False,False,False,False,False,False,False,True,False,False,False,False
Pakistan,Cotton T-Shirt,2025-09-18,Apparel,0.0,106.64,,20.0,2.0,0.0,0.0,3,18,38,9,3,261,0,0.43388373911755823,-0.900968867902419,-1.0,-1.8369701987210297e-16,1.0,1,0.0,1,3.0,1,0.0,1,0.5714285714285714,0.7867957924694478,0.0,2.0,0.8571428571428571,0.6785714285714286,1.1239339452243216,0.0,3.0,0.8421052631578947,0,106.64,0.0,0.0,False,False,True,False,False,False,False,False,False,False,True,False,False,False,False,False,False,False,False,False,False,False,False,False,False,False,False,False,False,False,False,True,False,False,False,False
Pakistan,Cotton T-Shirt,2025-09-19,Apparel,0.0,106.64,,20.0,2.0,0.0,0.0,4,19,38,9,3,262,0,-0.433883739117558,-0.9009688679024191,-1.0,-1.8369701987210297e-16,0.0,1,0.0,1,0.0,1,0.0,1,0.5714285714285714,0.7867957924694478,0.0,2.0,0.6428571428571429,0.6785714285714286,1.1239339452243216,0.0,3.0,0.8421052631578947,0,106.64,0.0,0.0,False,False,True,False,False,False,False,False,False,False,True,False,False,False,False,False,False,False,False,False,False,False,False,False,False,False,False,False,False,False,False,True,False,False,False,False
Pakistan,Cotton T-Shirt,2025-09-20,Apparel,0.0,106.64,,20.0,2.0,0.0,0.0,5,20,38,9,3,263,1,-0.9749279121818236,-0.2225209339563146,-1.0,-1.8369701987210297e-16,0.0,1,0.0,1,0.0,1,0.0,1,0.5714285714285714,0.7867957924694478,0.0,2.0,0.6428571428571429,0.6785714285714286,1.1239339452243216,0.0,3.0,0.8421052631578947,0,106.64,0.0,0.0,False,False,True,False,False,False,False,False,False,False,True,False,False,False,False,False,False,False,False,False,False,False,False,False,False,False,False,False,False,False,False,True,False,False,False,False
Pakistan,Cotton T-Shirt,2025-09-21,Apparel,0.0,106.64,,20.0,2.0,0.0,0.0,6,21,38,9,3,264,1,-0.7818314824680299,0.6234898018587334,-1.0,-1.8369701987210297e-16,0.0,1,1.0,1,0.0,1,0.0,1,0.5714285714285714,0.7867957924694478,0.0,2.0,0.6428571428571429,0.6785714285714286,1.1239339452243216,0.0,3.0,0.8421052631578947,0,106.64,0.0,0.0,False,False,True,False,False,False,False,False,False,False,True,False,False,False,False,False,False,False,False,False,False,False,False,False,False,False,False,False,False,False,False,True,False,False,False,False
Pakistan,Cotton T-Shirt,2025-09-22,Apparel,0.0,106.64,,20.0,2.0,0.0,0.0,0,22,39,9,3,265,0,0.0,1.0,-1.0,-1.8369701987210297e-16,0.0,1,0.0,1,2.0,1,0.0,1,0.42857142857142855,0.7867957924694475,0.0,2.0,0.6428571428571429,0.6785714285714286,1.1239339452243216,0.0,3.0,0.631578947368421,0,106.64,0.0,0.0,False,False,True,False,False,False,False,False,False,False,True,False,False,False,False,False,False,False,False,False,False,False,False,False,False,False,False,False,False,False,False,True,False,False,False,False
Pakistan,Cotton T-Shirt,2025-09-23,Apparel,0.0,106.64,,20.0,2.0,0.0,0.0,1,23,39,9,3,266,0,0.7818314824680298,0.6234898018587336,-1.0,-1.8369701987210297e-16,0.0,1,2.0,1,0.0,1,3.0,1,0.42857142857142855,0.7867957924694475,0.0,2.0,0.5,0.6785714285714286,1.1239339452243216,0.0,3.0,0.631578947368421,0,106.64,0.0,0.0,False,False,True,False,False,False,False,False,False,False,True,False,False,False,False,False,False,False,False,False,False,False,False,False,False,False,False,False,False,False,False,True,False,False,False,False
Pakistan,Cotton T-Shirt,2025-09-24,Apparel,0.0,106.64,,20.0,2.0,0.0,0.0,2,24,39,9,3,267,0,0.9749279121818236,-0.22252093395631434,-1.0,-1.8369701987210297e-16,0.0,1,1.0,1,3.0,1,0.0,1,0.14285714285714285,0.3779644730092354,0.0,1.0,0.5,0.5714285714285714,1.0338196500275392,0.0,3.0,0.25,0,106.64,0.0,0.0,False,False,True,False,False,False,False,False,False,False,True,False,False,False,False,False,False,False,False,False,False,False,False,False,False,False,False,False,False,False,False,True,False,False,False,False
Pakistan,Cotton T-Shirt,2025-09-25,Apparel,1.0,114.64,0.04,20.0,2.0,1.0,0.0,3,25,39,9,3,268,0,0.43388373911755823,-0.900968867902419,-1.0,-1.8369701987210297e-16,0.0,1,0.0,1,0.0,1,0.0,1,0.0,0.0,0.0,0.0,0.2857142857142857,0.5714285714285714,1.0338196500275392,0.0,3.0,0.0,1,106.64,8.0,0.07501875468867217,False,False,True,False,False,False,False,False,False,False,True,False,False,False,False,False,False,False,False,False,False,False,False,False,False,False,False,False,False,False,False,True,False,False,False,False
Pakistan,Cotton T-Shirt,2025-09-26,Apparel,0.0,114.64,,20.0,2.0,0.0,0.0,4,26,39,9,3,269,0,-0.433883739117558,-0.9009688679024191,-1.0,-1.8369701987210297e-16,1.0,1,0.0,1,0.0,1,3.0,1,0.14285714285714285,0.3779644730092354,0.0,1.0,0.35714285714285715,0.6071428571428571,1.0306159867619495,0.0,3.0,0.23529411764705882,0,114.64,0.0,0.0,False,False,True,False,False,False,False,False,False,False,True,False,False,False,False,False,False,False,False,False,False,False,False,False,False,False,False,False,False,False,False,True,False,False,False,False
Pakistan,Cotton T-Shirt,2025-09-27,Apparel,0.0,114.64,,20.0,2.0,0.0,0.0,5,27,39,9,3,270,1,-0.9749279121818236,-0.2225209339563146,-1.0,-1.8369701987210297e-16,0.0,1,0.0,1,0.0,1,0.0,1,0.14285714285714285,0.3779644730092354,0.0,1.0,0.35714285714285715,0.5,0.9229582069908944,0.0,3.0,0.2857142857142857,0,114.64,0.0,0.0,False,False,True,False,False,False,False,False,False,False,True,False,False,False,False,False,False,False,False,False,False,False,False,False,False,False,False,False,False,False,False,True,False,False,False,False
Pakistan,Cotton T-Shirt,2025-09-28,Apparel,0.0,114.64,,20.0,2.0,0.0,0.0,6,28,39,9,3,271,1,-0.7818314824680299,0.6234898018587334,-1.0,-1.8369701987210297e-16,0.0,1,0.0,1,1.0,1,0.0,1,0.14285714285714285,0.3779644730092354,0.0,1.0,0.35714285714285715,0.5,0.9229582069908944,0.0,3.0,0.2857142857142857,0,114.64,0.0,0.0,False,False,True,False,False,False,False,False,False,False,True,False,False,False,False,False,False,False,False,False,False,False,False,False,False,False,False,False,False,False,False,True,False,False,False,False
Pakistan,Cotton T-Shirt,2025-09-29,Apparel,0.0,114.64,,20.0,2.0,0.0,0.0,0,29,40,9,3,272,0,0.0,1.0,-1.0,-1.8369701987210297e-16,0.0,1,0.0,1,0.0,1,0.0,1,0.14285714285714285,0.3779644730092354,0.0,1.0,0.2857142857142857,0.5,0.9229582069908944,0.0,3.0,0.2857142857142857,0,114.64,0.0,0.0,False,False,True,False,False,False,False,False,False,False,True,False,False,False,False,False,False,False,False,False,False,False,False,False,False,False,False,False,False,False,False,True,False,False,False,False
Pakistan,Cotton T-Shirt,2025-09-30,Apparel,0.0,114.64,,20.0,2.0,0.0,0.0,1,30,40,9,3,273,0,0.7818314824680298,0.6234898018587336,-1.0,-1.8369701987210297e-16,0.0,1,0.0,1,2.0,1,0.0,1,0.14285714285714285,0.3779644730092354,0.0,1.0,0.2857142857142857,0.5,0.9229582069908944,0.0,3.0,0.2857142857142857,0,114.64,0.0,0.0,False,False,True,False,False,False,False,False,False,False,True,False,False,False,False,False,False,False,False,False,False,False,False,False,False,False,False,False,False,False,False,True,False,False,False,False
Pakistan,Cotton T-Shirt,2025-10-01,Apparel,0.0,114.64,,20.0,2.0,0.0,0.0,2,1,40,10,4,274,0,0.9749279121818236,-0.22252093395631434,-0.8660254037844386,0.5000000000000001,0.0,1,0.0,1,1.0,1,1.0,1,0.14285714285714285,0.3779644730092354,0.0,1.0,0.14285714285714285,0.5,0.9229582069908944,0.0,3.0,0.2857142857142857,0,114.64,0.0,0.0,False,False,True,False,False,False,False,False,False,False,True,False,False,False,False,False,False,False,False,False,False,False,False,False,False,False,False,False,False,False,False,True,False,False,False,False
Pakistan,Cotton T-Shirt,2025-10-02,Apparel,0.0,114.64,,20.0,2.0,0.0,0.0,3,2,40,10,4,275,0,0.43388373911755823,-0.900968867902419,-0.8660254037844386,0.5000000000000001,0.0,1,1.0,1,0.0,1,3.0,1,0.14285714285714285,0.3779644730092354,0.0,1.0,0.07142857142857142,0.4642857142857143,0.9222413461394448,0.0,3.0,0.30769230769230765,0,114.64,0.0,0.0,False,False,True,False,False,False,False,False,False,False,True,False,False,False,False,False,False,False,False,False,False,False,False,False,False,False,False,False,False,False,False,True,False,False,False,False
Pakistan,Cotton T-Shirt,2025-10-03,Apparel,0.0,114.64,,20.0,2.0,0.0,0.0,4,3,40,10,4,276,0,-0.433883739117558,-0.9009688679024191,-0.8660254037844386,0.5000000000000001,0.0,1,0.0,1,0.0,1,0.0,1,0.0,0.0,0.0,0.0,0.07142857142857142,0.35714285714285715,0.7800420555749562,0.0,3.0,0.0,0,114.64,0.0,0.0,False,False,True,False,False,False,False,False,False,False,True,False,False,False,False,False,False,False,False,False,False,False,False,False,False,False,False,False,False,False,False,True,False,False,False,False
Pakistan,Cotton T-Shirt,2025-10-04,Apparel,2.0,109.02,0.0,20.0,2.0,0.0,0.0,5,4,40,10,4,277,1,-0.9749279121818236,-0.2225209339563146,-0.8660254037844386,0.5000000000000001,0.0,1,0.0,1,0.0,1,0.0,1,0.0,0.0,0.0,0.0,0.07142857142857142,0.35714285714285715,0.7800420555749562,0.0,3.0,0.0,0,114.64,-5.6200000000000045,-0.049023028611304996,False,False,True,False,False,False,False,False,False,False,True,False,False,False,False,False,False,False,False,False,False,False,False,False,False,False,False,False,False,False,False,True,False,False,False,False
Pakistan,Cotton T-Shirt,2025-10-05,Apparel,0.0,109.02,,20.0,2.0,0.0,0.0,6,5,40,10,4,278,1,-0.7818314824680299,0.6234898018587334,-0.8660254037844386,0.5000000000000001,2.0,1,0.0,1,0.0,1,0.0,1,0.2857142857142857,0.7559289460184587,0.0,2.0,0.21428571428571427,0.42857142857142855,0.8357108940373418,0.0,3.0,0.6666666666666666,0,109.02,0.0,0.0,False,False,True,False,False,False,False,False,False,False,True,False,False,False,False,False,False,False,False,False,False,False,False,False,False,False,False,False,False,False,False,True,False,False,False,False
Pakistan,Cotton T-Shirt,2025-10-06,Apparel,0.0,109.02,,20.0,2.0,0.0,0.0,0,6,41,10,4,279,0,0.0,1.0,-0.8660254037844386,0.5000000000000001,0.0,1,0.0,1,0.0,1,2.0,1,0.2857142857142857,0.7559289460184587,0.0,2.0,0.21428571428571427,0.42857142857142855,0.8357108940373418,0.0,3.0,0.6666666666666666,0,109.02,0.0,0.0,False,False,True,False,False,False,False,False,False,False,True,False,False,False,False,False,False,False,False,False,False,False,False,False,False,False,False,False,False,False,False,True,False,False,False,False
Pakistan,Cotton T-Shirt,2025-10-07,Apparel,0.0,109.02,,20.0,2.0,0.0,0.0,1,7,41,10,4,280,0,0.7818314824680298,0.6234898018587336,-0.8660254037844386,0.5000000000000001,0.0,1,0.0,1,0.0,1,0.0,1,0.2857142857142857,0.7559289460184587,0.0,2.0,0.21428571428571427,0.35714285714285715,0.7800420555749562,0.0,3.0,0.7999999999999999,0,109.02,0.0,0.0,False,False,True,False,False,False,False,False,False,False,True,False,False,False,False,False,False,False,False,False,False,False,False,False,False,False,False,False,False,False,False,True,False,False,False,False
Pakistan,Cotton T-Shirt,2025-10-08,Apparel,0.0,109.02,,20.0,2.0,0.0,0.0,2,8,41,10,4,281,0,0.9749279121818236,-0.22252093395631434,-0.8660254037844386,0.5000000000000001,0.0,1,0.0,1,0.0,1,3.0,1,0.2857142857142857,0.7559289460184587,0.0,2.0,0.21428571428571427,0.35714285714285715,0.7800420555749562,0.0,3.0,0.7999999999999999,0,109.02,0.0,0.0,False,False,True,False,False,False,False,False,False,False,True,False,False,False,False,False,False,False,False,False,False,False,False,False,False,False,False,False,False,False,False,True,False,False,False,False
Pakistan,Cotton T-Shirt,2025-10-09,Apparel,0.0,109.02,,20.0,2.0,0.0,0.0,3,9,41,10,4,282,0,0.43388373911755823,-0.900968867902419,-0.8660254037844386,0.5000000000000001,0.0,1,0.0,1,1.0,1,0.0,1,0.2857142857142857,0.7559289460184587,0.0,2.0,0.21428571428571427,0.25,0.585314097380703,0.0,2.0,1.1428571428571428,0,109.02,0.0,0.0,False,False,True,False,False,False,False,False,False,False,True,False,False,False,False,False,False,False,False,False,False,False,False,False,False,False,False,False,False,False,False,True,False,False,False,False
Pakistan,Cotton T-Shirt,2025-10-10,Apparel,0.0,109.02,,20.0,2.0,0.0,0.0,4,10,41,10,4,283,0,-0.433883739117558,-0.9009688679024191,-0.8660254037844386,0.5000000000000001,0.0,1,0.0,1,0.0,1,0.0,1,0.2857142857142857,0.7559289460184587,0.0,2.0,0.14285714285714285,0.25,0.585314097380703,0.0,2.0,1.1428571428571428,0,109.02,0.0,0.0,False,False,True,False,False,False,False,False,False,False,True,False,False,False,False,False,False,False,False,False,False,False,False,False,False,False,False,False,False,False,False,True,False,False,False,False
Pakistan,Cotton T-Shirt,2025-10-11,Apparel,2.0,55.95,0.12,20.0,2.0,1.0,0.0,5,11,41,10,4,284,1,-0.9749279121818236,-0.2225209339563146,-0.8660254037844386,0.5000000000000001,0.0,1,2.0,1,0.0,1,0.0,1,0.2857142857142857,0.7559289460184587,0.0,2.0,0.14285714285714285,0.25,0.585314097380703,0.0,2.0,1.1428571428571428,1,109.02,-53.06999999999999,-0.48679141441937257,False,False,True,False,False,False,False,False,False,False,True,False,False,False,False,False,False,False,False,False,False,False,False,False,False,False,False,False,False,False,False,True,False,False,False,False
Pakistan,Cotton T-Shirt,2025-10-12,Apparel,3.0,17.24,0.03,20.0,2.0,1.0,0.0,6,12,41,10,4,285,1,-0.7818314824680299,0.6234898018587334,-0.8660254037844386,0.5000000000000001,2.0,1,0.0,1,0.0,1,1.0,1,0.2857142857142857,0.7559289460184587,0.0,2.0,0.2857142857142857,0.32142857142857145,0.6696362433535784,0.0,2.0,0.8888888888888887,1,55.95,-38.71000000000001,-0.6918677390527258,False,False,True,False,False,False,False,False,False,False,True,False,False,False,False,False,False,False,False,False,False,False,False,False,False,False,False,False,False,False,False,True,False,False,False,False
Pakistan,Cotton T-Shirt,2025-10-13,Apparel,0.0,17.24,,20.0,2.0,0.0,0.0,0,13,42,10,4,286,0,0.0,1.0,-0.8660254037844386,0.5000000000000001,3.0,1,0.0,1,0.0,1,0.0,1,0.7142857142857143,1.2535663410560205,0.0,3.0,0.5,0.39285714285714285,0.8317445171438982,0.0,3.0,1.8181818181818183,0,17.24,0.0,0.0,False,False,True,False,False,False,False,False,False,False,True,False,False,False,False,False,False,False,False,False,False,False,False,False,False,False,False,False,False,False,False,True,False,False,False,False
Pakistan,Cotton T-Shirt,2025-10-14,Apparel,0.0,17.24,,20.0,2.0,0.0,0.0,1,14,42,10,4,287,0,0.7818314824680298,0.6234898018587336,-0.8660254037844386,0.5000000000000001,0.0,1,0.0,1,0.0,1,2.0,1,0.7142857142857143,1.2535663410560205,0.0,3.0,0.5,0.39285714285714285,0.8317445171438982,0.0,3.0,1.8181818181818183,0,17.24,0.0,0.0,False,False,True,False,False,False,False,False,False,False,True,False,False,False,False,False,False,False,False,False,False,False,False,False,False,False,False,False,False,False,False,True,False,False,False,False
Pakistan,Cotton T-Shirt,2025-10-15,Apparel,0.0,17.24,,20.0,2.0,0.0,0.0,2,15,42,10,4,288,0,0.9749279121818236,-0.22252093395631434,-0.8660254037844386,0.5000000000000001,0.0,1,0.0,1,0.0,1,1.0,1,0.7142857142857143,1.2535663410560205,0.0,3.0,0.5,0.32142857142857145,0.7723735149270986,0.0,3.0,2.2222222222222223,0,17.24,0.0,0.0,False,False,True,False,False,False,False,False,False,False,True,False,False,False,False,False,False,False,False,False,False,False,False,False,False,False,False,False,False,False,False,True,False,False,False,False
Pakistan,Cotton T-Shirt,2025-10-16,Apparel,0.0,17.24,,20.0,2.0,0.0,0.0,3,16,42,10,4,289,0,0.43388373911755823,-0.900968867902419,-0.8660254037844386,0.5000000000000001,0.0,1,0.0,1,0.0,1,0.0,1,0.7142857142857143,1.2535663410560205,0.0,3.0,0.5,0.2857142857142857,0.7628961803617688,0.0,3.0,2.5,0,17.24,0.0,0.0,False,False,True,False,False,False,False,False,False,False,True,False,False,False,False,False,False,False,False,False,False,False,False,False,False,False,False,False,False,False,False,True,False,False,False,False
Pakistan,Cotton T-Shirt,2025-10-17,Apparel,0.0,17.24,,20.0,2.0,0.0,0.0,4,17,42,10,4,290,0,-0.433883739117558,-0.9009688679024191,-0.8660254037844386,0.5000000000000001,0.0,1,0.0,1,0.0,1,0.0,1,0.7142857142857143,1.2535663410560205,0.0,3.0,0.5,0.2857142857142857,0.7628961803617688,0.0,3.0,2.5,0,17.24,0.0,0.0,False,False,True,False,False,False,False,False,False,False,True,False,False,False,False,False,False,False,False,False,False,False,False,False,False,False,False,False,False,False,False,True,False,False,False,False
Pakistan,Cotton T-Shirt,2025-10-18,Apparel,0.0,17.24,,20.0,2.0,0.0,0.0,5,18,42,10,4,291,1,-0.9749279121818236,-0.2225209339563146,-0.8660254037844386,0.5000000000000001,0.0,1,2.0,1,2.0,1,0.0,1,0.7142857142857143,1.2535663410560205,0.0,3.0,0.5,0.2857142857142857,0.7628961803617688,0.0,3.0,2.5,0,17.24,0.0,0.0,False,False,True,False,False,False,False,False,False,False,True,False,False,False,False,False,False,False,False,False,False,False,False,False,False,False,False,False,False,False,False,True,False,False,False,False
Pakistan,Cotton T-Shirt,2025-10-19,Apparel,0.0,17.24,,20.0,2.0,0.0,0.0,6,19,42,10,4,292,1,-0.7818314824680299,0.6234898018587334,-0.8660254037844386,0.5000000000000001,0.0,1,3.0,1,0.0,1,0.0,1,0.42857142857142855,1.1338934190276846,0.0,3.0,0.35714285714285715,0.2857142857142857,0.7628961803617688,0.0,3.0,1.5,0,17.24,0.0,0.0,False,False,True,False,False,False,False,False,False,False,True,False,False,False,False,False,False,False,False,False,False,False,False,False,False,False,False,False,False,False,False,True,False,False,False,False
Pakistan,Cotton T-Shirt,2025-10-20,Apparel,3.0,36.61,0.06,20.0,2.0,1.0,0.0,0,20,43,10,4,293,0,0.0,1.0,-0.8660254037844386,0.5000000000000001,0.0,1,0.0,1,0.0,1,0.0,1,0.0,0.0,0.0,0.0,0.35714285714285715,0.2857142857142857,0.7628961803617688,0.0,3.0,0.0,1,17.24,19.37,1.1235498839907194,False,False,True,False,False,False,False,False,False,False,True,False,False,False,False,False,False,False,False,False,False,False,False,False,False,False,False,False,False,False,False,True,False,False,False,False
Pakistan,Cotton T-Shirt,2025-10-21,Apparel,0.0,36.61,,20.0,2.0,0.0,0.0,1,21,43,10,4,294,0,0.7818314824680298,0.6234898018587336,-0.8660254037844386,0.5000000000000001,3.0,1,0.0,1,0.0,1,0.0,1,0.42857142857142855,1.1338934190276846,0.0,3.0,0.5714285714285714,0.39285714285714285,0.9164862737363197,0.0,3.0,1.0909090909090908,0,36.61,0.0,0.0,False,False,True,False,False,False,False,False,False,False,True,False,False,False,False,False,False,False,False,False,False,False,False,False,False,False,False,False,False,False,False,True,False,False,False,False
Pakistan,Cotton T-Shirt,2025-10-22,Apparel,0.0,36.61,,20.0,2.0,0.0,0.0,2,22,43,10,4,295,0,0.9749279121818236,-0.22252093395631434,-0.8660254037844386,0.5000000000000001,0.0,1,0.0,1,0.0,1,0.0,1,0.42857142857142855,1.1338934190276846,0.0,3.0,0.5714285714285714,0.39285714285714285,0.9164862737363197,0.0,3.0,1.0909090909090908,0,36.61,0.0,0.0,False,False,True,False,False,False,False,False,False,False,True,False,False,False,False,False,False,False,False,False,False,False,False,False,False,False,False,False,False,False,False,True,False,False,False,False
Pakistan,Cotton T-Shirt,2025-10-23,Apparel,0.0,36.61,,20.0,2.0,0.0,0.0,3,23,43,10,4,296,0,0.43388373911755823,-0.900968867902419,-0.8660254037844386,0.5000000000000001,0.0,1,0.0,1,0.0,1,1.0,1,0.42857142857142855,1.1338934190276846,0.0,3.0,0.5714285714285714,0.39285714285714285,0.9164862737363197,0.0,3.0,1.0909090909090908,0,36.61,0.0,0.0,False,False,True,False,False,False,False,False,False,False,True,False,False,False,False,False,False,False,False,False,False,False,False,False,False,False,False,False,False,False,False,True,False,False,False,False
Pakistan,Cotton T-Shirt,2025-10-24,Apparel,0.0,36.61,,20.0,2.0,0.0,0.0,4,24,43,10,4,297,0,-0.433883739117558,-0.9009688679024191,-0.8660254037844386,0.5000000000000001,0.0,1,0.0,1,0.0,1,0.0,1,0.42857142857142855,1.1338934190276846,0.0,3.0,0.5714285714285714,0.35714285714285715,0.9114207758701933,0.0,3.0,1.2,0,36.61,0.0,0.0,False,False,True,False,False,False,False,False,False,False,True,False,False,False,False,False,False,False,False,False,False,False,False,False,False,False,False,False,False,False,False,True,False,False,False,False
Pakistan,Cotton T-Shirt,2025-10-25,Apparel,0.0,36.61,,20.0,2.0,0.0,0.0,5,25,43,10,4,298,1,-0.9749279121818236,-0.2225209339563146,-0.8660254037844386,0.5000000000000001,0.0,1,0.0,1,2.0,1,0.0,1,0.42857142857142855,1.1338934190276846,0.0,3.0,0.5714285714285714,0.35714285714285715,0.9114207758701933,0.0,3.0,1.2,0,36.61,0.0,0.0,False,False,True,False,False,False,False,False,False,False,True,False,False,False,False,False,False,False,False,False,False,False,False,False,False,False,False,False,False,False,False,True,False,False,False,False
Pakistan,Cotton T-Shirt,2025-10-26,Apparel,0.0,36.61,,20.0,2.0,0.0,0.0,6,26,43,10,4,299,1,-0.7818314824680299,0.6234898018587334,-0.8660254037844386,0.5000000000000001,0.0,1,0.0,1,3.0,1,0.0,1,0.42857142857142855,1.1338934190276846,0.0,3.0,0.42857142857142855,0.35714285714285715,0.9114207758701933,0.0,3.0,1.2,0,36.61,0.0,0.0,False,False,True,False,False,False,False,False,False,False,True,False,False,False,False,False,False,False,False,False,False,False,False,False,False,False,False,False,False,False,False,True,False,False,False,False
Pakistan,Cotton T-Shirt,2025-10-27,Apparel,0.0,36.61,,20.0,2.0,0.0,0.0,0,27,44,10,4,300,0,0.0,1.0,-0.8660254037844386,0.5000000000000001,0.0,1,3.0,1,0.0,1,0.0,1,0.42857142857142855,1.1338934190276846,0.0,3.0,0.21428571428571427,0.35714285714285715,0.9114207758701933,0.0,3.0,1.2,0,36.61,0.0,0.0,False,False,True,False,False,False,False,False,False,False,True,False,False,False,False,False,False,False,False,False,False,False,False,False,False,False,False,False,False,False,False,True,False,False,False,False
Pakistan,Cotton T-Shirt,2025-10-28,Apparel,0.0,36.61,,20.0,2.0,0.0,0.0,1,28,44,10,4,301,0,0.7818314824680298,0.6234898018587336,-0.8660254037844386,0.5000000000000001,0.0,1,0.0,1,0.0,1,0.0,1,0.0,0.0,0.0,0.0,0.21428571428571427,0.35714285714285715,0.9114207758701933,0.0,3.0,0.0,0,36.61,0.0,0.0,False,False,True,False,False,False,False,False,False,False,True,False,False,False,False,False,False,False,False,False,False,False,False,False,False,False,False,False,False,False,False,True,False,False,False,False
Pakistan,Cotton T-Shirt,2025-10-29,Apparel,0.0,36.61,,20.0,2.0,0.0,0.0,2,29,44,10,4,302,0,0.9749279121818236,-0.22252093395631434,-0.8660254037844386,0.5000000000000001,0.0,1,0.0,1,0.0,1,0.0,1,0.0,0.0,0.0,0.0,0.21428571428571427,0.35714285714285715,0.9114207758701933,0.0,3.0,0.0,0,36.61,0.0,0.0,False,False,True,False,False,False,False,False,False,False,True,False,False,False,False,False,False,False,False,False,False,False,False,False,False,False,False,False,False,False,False,True,False,False,False,False
Pakistan,Cotton T-Shirt,2025-10-30,Apparel,0.0,36.61,,20.0,2.0,0.0,0.0,3,30,44,10,4,303,0,0.43388373911755823,-0.900968867902419,-0.8660254037844386,0.5000000000000001,0.0,1,0.0,1,0.0,1,0.0,1,0.0,0.0,0.0,0.0,0.21428571428571427,0.35714285714285715,0.9114207758701933,0.0,3.0,0.0,0,36.61,0.0,0.0,False,False,True,False,False,False,False,False,False,False,True,False,False,False,False,False,False,False,False,False,False,False,False,False,False,False,False,False,False,False,False,True,False,False,False,False
Pakistan,Cotton T-Shirt,2025-10-31,Apparel,0.0,36.61,,20.0,2.0,0.0,0.0,4,31,44,10,4,304,0,-0.433883739117558,-0.9009688679024191,-0.8660254037844386,0.5000000000000001,0.0,1,0.0,1,0.0,1,0.0,1,0.0,0.0,0.0,0.0,0.21428571428571427,0.35714285714285715,0.9114207758701933,0.0,3.0,0.0,0,36.61,0.0,0.0,False,False,True,False,False,False,False,False,False,False,True,False,False,False,False,False,False,False,False,False,False,False,False,False,False,False,False,False,False,False,False,True,False,False,False,False
Pakistan,Cotton T-Shirt,2025-11-01,Apparel,0.0,36.61,,20.0,2.0,0.0,0.0,5,1,44,11,4,305,1,-0.9749279121818236,-0.2225209339563146,-0.5000000000000004,0.8660254037844384,0.0,1,0.0,1,0.0,1,2.0,1,0.0,0.0,0.0,0.0,0.21428571428571427,0.35714285714285715,0.9114207758701933,0.0,3.0,0.0,0,36.61,0.0,0.0,False,False,True,False,False,False,False,False,False,False,True,False,False,False,False,False,False,False,False,False,False,False,False,False,False,False,False,False,False,False,False,True,False,False,False,False
Pakistan,Cotton T-Shirt,2025-11-02,Apparel,0.0,36.61,,20.0,2.0,0.0,0.0,6,2,44,11,4,306,1,-0.7818314824680299,0.6234898018587334,-0.5000000000000004,0.8660254037844384,0.0,1,0.0,1,0.0,1,0.0,1,0.0,0.0,0.0,0.0,0.21428571428571427,0.2857142857142857,0.8544932592822044,0.0,3.0,0.0,0,36.61,0.0,0.0,False,False,True,False,False,False,False,False,False,False,True,False,False,False,False,False,False,False,False,False,False,False,False,False,False,False,False,False,False,False,False,True,False,False,False,False
Pakistan,Cotton T-Shirt,2025-11-03,Apparel,0.0,36.61,,20.0,2.0,0.0,0.0,0,3,45,11,4,307,0,0.0,1.0,-0.5000000000000004,0.8660254037844384,0.0,1,0.0,1,3.0,1,0.0,1,0.0,0.0,0.0,0.0,0.21428571428571427,0.2857142857142857,0.8544932592822044,0.0,3.0,0.0,0,36.61,0.0,0.0,False,False,True,False,False,False,False,False,False,False,True,False,False,False,False,False,False,False,False,False,False,False,False,False,False,False,False,False,False,False,False,True,False,False,False,False
Pakistan,Cotton T-Shirt,2025-11-04,Apparel,5.0,27.2,0.16,20.0,2.0,1.0,0.0,1,4,45,11,4,308,0,0.7818314824680298,0.6234898018587336,-0.5000000000000004,0.8660254037844384,0.0,1,0.0,1,0.0,1,0.0,1,0.0,0.0,0.0,0.0,0.0,0.2857142857142857,0.8544932592822044,0.0,3.0,0.0,1,36.61,-9.41,-0.25703359737776565,False,False,True,False,False,False,False,False,False,False,True,False,False,False,False,False,False,False,False,False,False,False,False,False,False,False,False,False,False,False,False,True,False,False,False,False
Pakistan,Cotton T-Shirt,2025-11-05,Apparel,0.0,27.2,,20.0,2.0,0.0,0.0,2,5,45,11,4,309,0,0.9749279121818236,-0.22252093395631434,-0.5000000000000004,0.8660254037844384,5.0,1,0.0,1,0.0,1,0.0,1,0.7142857142857143,1.889822365046138,0.0,5.0,0.35714285714285715,0.4642857142857143,1.2317450089997368,0.0,5.0,1.5384615384615385,0,27.2,0.0,0.0,False,False,True,False,False,False,False,False,False,False,True,False,False,False,False,False,False,False,False,False,False,False,False,False,False,False,False,False,False,False,False,True,False,False,False,False
Pakistan,Cotton T-Shirt,2025-11-06,Apparel,5.0,92.74,0.18,20.0,2.0,1.0,0.0,3,6,45,11,4,310,0,0.43388373911755823,-0.900968867902419,-0.5000000000000004,0.8660254037844384,0.0,1,0.0,1,0.0,1,0.0,1,0.7142857142857143,1.889822365046138,0.0,5.0,0.35714285714285715,0.4642857142857143,1.2317450089997368,0.0,5.0,1.5384615384615385,1,27.2,65.53999999999999,2.4095588235294114,False,False,True,False,False,False,False,False,False,False,True,False,False,False,False,False,False,False,False,False,False,False,False,False,False,False,False,False,False,False,False,True,False,False,False,False
Pakistan,Cotton T-Shirt,2025-11-07,Apparel,4.0,87.04,0.21,20.0,2.0,1.0,0.0,4,7,45,11,4,311,0,-0.433883739117558,-0.9009688679024191,-0.5000000000000004,0.8660254037844384,5.0,1,0.0,1,0.0,1,0.0,1,1.4285714285714286,2.4397501823713346,0.0,5.0,0.7142857142857143,0.6428571428571429,1.4960264830861896,0.0,5.0,2.2222222222222223,1,92.74,-5.699999999999989,-0.06146215225361213,False,False,True,False,False,False,False,False,False,False,True,False,False,False,False,False,False,False,False,False,False,False,False,False,False,False,False,False,False,False,False,True,False,False,False,False
Pakistan,Cotton T-Shirt,2025-11-08,Apparel,0.0,87.04,,20.0,2.0,0.0,0.0,5,8,45,11,4,312,1,-0.9749279121818236,-0.2225209339563146,-0.5000000000000004,0.8660254037844384,4.0,1,0.0,1,0.0,1,2.0,1,2.0,2.516611478423585,0.0,5.0,1.0,0.7857142857142857,1.6183471874253725,0.0,5.0,2.5454545454545454,0,87.04,0.0,0.0,False,False,True,False,False,False,False,False,False,False,True,False,False,False,False,False,False,False,False,False,False,False,False,False,False,False,False,False,False,False,False,True,False,False,False,False
Pakistan,Cotton T-Shirt,2025-11-09,Apparel,0.0,87.04,,20.0,2.0,0.0,0.0,6,9,45,11,4,313,1,-0.7818314824680299,0.6234898018587334,-0.5000000000000004,0.8660254037844384,0.0,1,0.0,1,0.0,1,3.0,1,2.0,2.516611478423585,0.0,5.0,1.0,0.7142857142857143,1.6068635853769844,0.0,5.0,2.8,0,87.04,0.0,0.0,False,False,True,False,False,False,False,False,False,False,True,False,False,False,False,False,False,False,False,False,False,False,False,False,False,False,False,False,False,False,False,True,False,False,False,False
Pakistan,Cotton T-Shirt,2025-11-10,Apparel,4.0,110.59,0.21,20.0,2.0,1.0,0.0,0,10,46,11,4,314,0,0.0,1.0,-0.5000000000000004,0.8660254037844384,0.0,1,0.0,1,0.0,1,0.0,1,2.0,2.516611478423585,0.0,5.0,1.0,0.6071428571428571,1.5477411429249532,0.0,5.0,3.294117647058824,1,87.04,23.549999999999997,0.2705652573529411,False,False,True,False,False,False,False,False,False,False,True,False,False,False,False,False,False,False,False,False,False,False,False,False,False,False,False,False,False,False,False,True,False,False,False,False
Pakistan,Cotton T-Shirt,2025-11-11,Apparel,0.0,110.59,,20.0,2.0,0.0,0.0,1,11,46,11,4,315,0,0.7818314824680298,0.6234898018587336,-0.5000000000000004,0.8660254037844384,4.0,1,5.0,1,0.0,1,0.0,1,2.5714285714285716,2.439750182371335,0.0,5.0,1.2857142857142858,0.75,1.669442133479634,0.0,5.0,3.428571428571429,0,110.59,0.0,0.0,False,False,True,False,False,False,False,False,False,False,True,False,False,False,False,False,False,False,False,False,False,False,False,False,False,False,False,False,False,False,False,True,False,False,False,False
Pakistan,Cotton T-Shirt,2025-11-12,Apparel,0.0,110.59,,20.0,2.0,0.0,0.0,2,12,46,11,4,316,0,0.9749279121818236,-0.22252093395631434,-0.5000000000000004,0.8660254037844384,0.0,1,0.0,1,0.0,1,0.0,1,1.8571428571428572,2.3401261667248807,0.0,5.0,1.2857142857142858,0.75,1.669442133479634,0.0,5.0,2.4761904761904763,0,110.59,0.0,0.0,False,False,True,False,False,False,False,False,False,False,True,False,False,False,False,False,False,False,False,False,False,False,False,False,False,False,False,False,False,False,False,True,False,False,False,False
Pakistan,Cotton T-Shirt,2025-11-13,Apparel,0.0,110.59,,20.0,2.0,0.0,0.0,3,13,46,11,4,317,0,0.43388373911755823,-0.900968867902419,-0.5000000000000004,0.8660254037844384,0.0,1,5.0,1,0.0,1,0.0,1,1.8571428571428572,2.3401261667248807,0.0,5.0,1.2857142857142858,0.75,1.669442133479634,0.0,5.0,2.4761904761904763,0,110.59,0.0,0.0,False,False,True,False,False,False,False,False,False,False,True,False,False,False,False,False,False,False,False,False,False,False,False,False,False,False,False,False,False,False,False,True,False,False,False,False
Pakistan,Cotton T-Shirt,2025-11-14,Apparel,4.0,23.5,0.18,20.0,2.0,1.0,0.0,4,14,46,11,4,318,0,-0.433883739117558,-0.9009688679024191,-0.5000000000000004,0.8660254037844384,0.0,1,4.0,1,0.0,1,0.0,1,1.1428571428571428,1.951800145897068,0.0,4.0,1.2857142857142858,0.75,1.669442133479634,0.0,5.0,1.5238095238095237,1,110.59,-87.09,-0.7875033909033367,False,False,True,False,False,False,False,False,False,False,True,False,False,False,False,False,False,False,False,False,False,False,False,False,False,False,False,False,False,False,False,True,False,False,False,False
Pakistan,Cotton T-Shirt,2025-11-15,Apparel,3.0,58.28,0.28,20.0,2.0,1.0,0.0,5,15,46,11,4,319,1,-0.9749279121818236,-0.2225209339563146,-0.5000000000000004,0.8660254037844384,4.0,1,0.0,1,0.0,1,0.0,1,1.1428571428571428,1.951800145897068,0.0,4.0,1.5714285714285714,0.8928571428571429,1.7709442075467487,0.0,5.0,1.2799999999999998,1,23.5,34.78,1.48,False,False,True,False,False,False,False,False,False,False,True,False,False,False,False,False,False,False,False,False,False,False,False,False,False,False,False,False,False,False,False,True,False,False,False,False
Pakistan,Cotton T-Shirt,2025-11-16,Apparel,0.0,58.28,,20.0,2.0,0.0,0.0,6,16,46,11,4,320,1,-0.7818314824680299,0.6234898018587334,-0.5000000000000004,0.8660254037844384,3.0,1,0.0,1,0.0,1,0.0,1,1.5714285714285714,1.988059594776012,0.0,4.0,1.7857142857142858,1.0,1.8053418676968789,0.0,5.0,1.5714285714285714,0,58.28,0.0,0.0,False,False,True,False,False,False,False,False,False,False,True,False,False,False,False,False,False,False,False,False,False,False,False,False,False,False,False,False,False,False,False,True,False,False,False,False
Pakistan,Cotton T-Shirt,2025-11-17,Apparel,9.0,75.14,0.25,20.0,2.0,1.0,1.0,0,17,47,11,4,321,0,0.0,1.0,-0.5000000000000004,0.8660254037844384,0.0,1,4.0,1,0.0,1,3.0,1,1.5714285714285714,1.988059594776012,0.0,4.0,1.7857142857142858,1.0,1.8053418676968789,0.0,5.0,1.5714285714285714,1,58.28,16.86,0.289293067947838,False,False,True,False,False,False,False,False,False,False,True,False,False,False,False,False,False,False,False,False,False,False,False,False,False,False,False,False,False,False,False,True,False,False,False,False
Pakistan,Cotton T-Shirt,2025-11-18,Apparel,4.0,50.334999999999994,0.24,20.0,2.0,1.0,0.0,1,18,47,11,4,322,0,0.7818314824680298,0.6234898018587336,-0.5000000000000004,0.8660254037844384,9.0,1,0.0,1,5.0,1,0.0,1,2.2857142857142856,3.4016802570830467,0.0,9.0,2.4285714285714284,1.2142857142857142,2.331064656731432,0.0,9.0,1.8823529411764706,1,75.14,-24.805000000000007,-0.3301171147191909,False,False,True,False,False,False,False,False,False,False,True,False,False,False,False,False,False,False,False,False,False,False,False,False,False,False,False,False,False,False,False,True,False,False,False,False
Pakistan,Cotton T-Shirt,2025-11-19,Apparel,0.0,50.334999999999994,,20.0,2.0,0.0,0.0,2,19,47,11,4,323,0,0.9749279121818236,-0.22252093395631434,-0.5000000000000004,0.8660254037844384,4.0,1,0.0,1,0.0,1,0.0,1,2.857142857142857,3.287784027201882,0.0,9.0,2.357142857142857,1.3571428571428572,2.376026650840146,0.0,9.0,2.1052631578947367,0,50.334999999999994,0.0,0.0,False,False,True,False,False,False,False,False,False,False,True,False,False,False,False,False,False,False,False,False,False,False,False,False,False,False,False,False,False,False,False,True,False,False,False,False
Pakistan,Cotton T-Shirt,2025-11-20,Apparel,7.0,68.895,0.27,20.0,2.0,1.0,0.0,3,20,47,11,4,324,0,0.43388373911755823,-0.900968867902419,-0.5000000000000004,0.8660254037844384,0.0,1,0.0,1,5.0,1,0.0,1,2.857142857142857,3.287784027201882,0.0,9.0,2.357142857142857,1.3571428571428572,2.376026650840146,0.0,9.0,2.1052631578947367,1,50.334999999999994,18.560000000000002,0.3687295122678058,False,False,True,False,False,False,False,False,False,False,True,False,False,False,False,False,False,False,False,False,False,False,False,False,False,False,False,False,False,False,False,True,False,False,False,False
Pakistan,Cotton T-Shirt,2025-11-21,Apparel,0.0,68.895,,20.0,2.0,0.0,0.0,4,21,47,11,4,325,0,-0.433883739117558,-0.9009688679024191,-0.5000000000000004,0.8660254037844384,7.0,1,4.0,1,4.0,1,0.0,1,3.857142857142857,3.3380918415851233,0.0,9.0,2.5,1.6071428571428572,2.586851163441557,0.0,9.0,2.4,0,68.895,0.0,0.0,False,False,True,False,False,False,False,False,False,False,True,False,False,False,False,False,False,False,False,False,False,False,False,False,False,False,False,False,False,False,False,True,False,False,False,False
Pakistan,Cotton T-Shirt,2025-11-22,Apparel,0.0,68.895,,20.0,2.0,0.0,0.0,5,22,47,11,4,326,1,-0.9749279121818236,-0.2225209339563146,-0.5000000000000004,0.8660254037844384,0.0,1,3.0,1,0.0,1,0.0,1,3.2857142857142856,3.6384193323605865,0.0,9.0,2.2142857142857144,1.6071428571428572,2.586851163441557,0.0,9.0,2.0444444444444443,0,68.895,0.0,0.0,False,False,True,False,False,False,False,False,False,False,True,False,False,False,False,False,False,False,False,False,False,False,False,False,False,False,False,False,False,False,False,True,False,False,False,False
Pakistan,Cotton T-Shirt,2025-11-23,Apparel,0.0,68.895,,20.0,2.0,0.0,0.0,6,23,47,11,4,327,1,-0.7818314824680299,0.6234898018587334,-0.5000000000000004,0.8660254037844384,0.0,1,0.0,1,0.0,1,0.0,1,2.857142857142857,3.848314411469498,0.0,9.0,2.2142857142857144,1.6071428571428572,2.586851163441557,0.0,9.0,1.7777777777777777,0,68.895,0.0,0.0,False,False,True,False,False,False,False,False,False,False,True,False,False,False,False,False,False,False,False,False,False,False,False,False,False,False,False,False,False,False,False,True,False,False,False,False
Pakistan,Cotton T-Shirt,2025-11-24,Apparel,13.0,86.39666666666666,0.25,20.0,2.0,1.0,1.0,0,24,48,11,4,328,0,0.0,1.0,-0.5000000000000004,0.8660254037844384,0.0,1,9.0,1,4.0,1,0.0,1,2.857142857142857,3.848314411469498,0.0,9.0,2.2142857142857144,1.6071428571428572,2.586851163441557,0.0,9.0,1.7777777777777777,1,68.895,17.501666666666665,0.2540339163461306,False,False,True,False,False,False,False,False,False,False,True,False,False,False,False,False,False,False,False,False,False,False,False,False,False,False,False,False,False,False,False,True,False,False,False,False
Pakistan,Cotton T-Shirt,2025-11-25,Apparel,3.0,89.38,0.26,20.0,2.0,1.0,0.0,1,25,48,11,4,329,0,0.7818314824680298,0.6234898018587336,-0.5000000000000004,0.8660254037844384,13.0,1,4.0,1,0.0,1,0.0,1,3.4285714285714284,5.028490259085157,0.0,13.0,2.857142857142857,2.0714285714285716,3.3436348753854954,0.0,13.0,1.6551724137931032,1,86.39666666666666,2.9833333333333343,0.034530653188780444,False,False,True,False,False,False,False,False,False,False,True,False,False,False,False,False,False,False,False,False,False,False,False,False,False,False,False,False,False,False,False,True,False,False,False,False
