store_id,product_id,date,category,sales,price,Discount_Applied,safety_stock,lead_time_days,promotion,is_outlier,day_of_week,day_of_month,week_of_year,month,quarter,day_of_year,is_weekend,sin_day_of_week,cos_day_of_week,sin_month,cos_month,lag_1,has_lag_1,lag_7,has_lag_7,lag_14,has_lag_14,lag_28,has_lag_28,rolling_mean_7,rolling_std_7,rolling_min_7,rolling_max_7,rolling_mean_14,rolling_mean_28,rolling_std_28,rolling_min_28,rolling_max_28,trend_ratio,is_promotion,previous_price,price_change,price_change_pct,store_id_Germany,store_id_India,store_id_Pakistan,store_id_UAE,store_id_UK,store_id_USA,product_id_4K Smart TV,product_id_Air Fryer,product_id_Blender,product_id_Coffee Maker,product_id_Cotton T-Shirt,product_id_Cycling Helmet,product_id_Denim Jeans,product_id_Dumbbell Set,product_id_Face Wash,product_id_Football,product_id_Formal Shirt,product_id_Gaming Laptop,product_id_Hair Serum,product_id_Lipstick Set,product_id_Microwave Oven,product_id_Moisturizing Cream,product_id_Perfume,product_id_Running Shoes,product_id_Smartphone 128GB,product_id_Smartwatch,product_id_Tennis Racket,product_id_Vacuum Cleaner,product_id_Winter Jacket,product_id_Wireless Noise-Canceling Headphones,product_id_Yoga Mat,category_Apparel,category_Beauty,category_Electronics,category_Home & Kitchen,category_Sports
Germany,Gaming Laptop,2025-05-23,Electronics,0.0,911.47,,20.0,2.0,0.0,0.0,4,23,21,5,2,143,0,-0.433883739117558,-0.9009688679024191,0.49999999999999994,-0.8660254037844387,1.0,1,3.0,1,0.0,1,0.0,1,1.2857142857142858,1.3801311186847058,0.0,3.0,1.0,0.75,1.1426091000668466,0.0,3.0,1.7142857142857144,0,911.47,0.0,0.0,True,False,False,False,False,False,False,False,False,False,False,False,False,False,False,False,False,True,False,False,False,False,False,False,False,False,False,False,False,False,False,False,False,True,False,False
Germany,Gaming Laptop,2025-05-24,Electronics,6.0,1150.03,0.13,20.0,2.0,1.0,0.0,5,24,21,5,2,144,1,-0.9749279121818236,-0.2225209339563146,0.49999999999999994,-0.8660254037844387,0.0,1,2.0,1,0.0,1,2.0,1,0.8571428571428571,1.214985792587909,0.0,3.0,1.0,0.75,1.1426091000668466,0.0,3.0,1.1428571428571428,1,911.47,238.55999999999995,0.26173104984256196,True,False,False,False,False,False,False,False,False,False,False,False,False,False,False,False,False,True,False,False,False,False,False,False,False,False,False,False,False,False,False,False,False,True,False,False
Germany,Gaming Laptop,2025-05-25,Electronics,0.0,1150.03,,20.0,2.0,0.0,0.0,6,25,21,5,2,145,1,-0.7818314824680299,0.6234898018587334,0.49999999999999994,-0.8660254037844387,6.0,1,0.0,1,2.0,1,1.0,1,1.4285714285714286,2.2990681342044383,0.0,6.0,1.4285714285714286,0.8928571428571429,1.4991179064218099,0.0,6.0,1.5999999999999999,0,1150.03,0.0,0.0,True,False,False,False,False,False,False,False,False,False,False,False,False,False,False,False,False,True,False,False,False,False,False,False,False,False,False,False,False,False,False,False,False,True,False,False
Germany,Gaming Laptop,2025-05-26,Electronics,2.0,135.59,0.02,20.0,2.0,1.0,0.0,0,26,22,5,2,146,0,0.0,1.0,0.49999999999999994,-0.8660254037844387,0.0,1,0.0,1,0.0,1,0.0,1,1.4285714285714286,2.2990681342044383,0.0,6.0,1.2857142857142858,0.8571428571428571,1.5083541610418583,0.0,6.0,1.6666666666666667,1,1150.03,-1014.4399999999999,-0.8820987278592732,True,False,False,False,False,False,False,False,False,False,False,False,False,False,False,False,False,True,False,False,False,False,False,False,False,False,False,False,False,False,False,False,False,True,False,False
Germany,Gaming Laptop,2025-05-27,Electronics,0.0,135.59,,20.0,2.0,0.0,0.0,1,27,22,5,2,147,0,0.7818314824680298,0.6234898018587336,0.49999999999999994,-0.8660254037844387,2.0,1,0.0,1,3.0,1,0.0,1,1.7142857142857142,2.214669705568281,0.0,6.0,1.4285714285714286,0.9285714285714286,1.5136067160941455,0.0,6.0,1.846153846153846,0,135.59,0.0,0.0,True,False,False,False,False,False,False,False,False,False,False,False,False,False,False,False,False,True,False,False,False,False,False,False,False,False,False,False,False,False,False,False,False,True,False,False
Germany,Gaming Laptop,2025-05-28,Electronics,2.0,623.22,0.1,20.0,2.0,1.0,0.0,2,28,22,5,2,148,0,0.9749279121818236,-0.22252093395631434,0.49999999999999994,-0.8660254037844387,0.0,1,3.0,1,0.0,1,0.0,1,1.7142857142857142,2.214669705568281,0.0,6.0,1.2142857142857142,0.9285714285714286,1.5136067160941455,0.0,6.0,1.846153846153846,1,135.59,487.63,3.596356663470757,True,False,False,False,False,False,False,False,False,False,False,False,False,False,False,False,False,True,False,False,False,False,False,False,False,False,False,False,False,False,False,False,False,True,False,False
Germany,Gaming Laptop,2025-05-29,Electronics,2.0,1013.22,0.1,20.0,2.0,1.0,0.0,3,29,22,5,2,149,0,0.43388373911755823,-0.900968867902419,0.49999999999999994,-0.8660254037844387,2.0,1,1.0,1,0.0,1,0.0,1,1.5714285714285714,2.1491969707422376,0.0,6.0,1.3571428571428572,1.0,1.5153535218873213,0.0,6.0,1.5714285714285714,1,623.22,390.0,0.6257822277847309,True,False,False,False,False,False,False,False,False,False,False,False,False,False,False,False,False,True,False,False,False,False,False,False,False,False,False,False,False,False,False,False,False,True,False,False
Germany,Gaming Laptop,2025-05-30,Electronics,1.0,871.53,0.04,20.0,2.0,1.0,0.0,4,30,22,5,2,150,0,-0.433883739117558,-0.9009688679024191,0.49999999999999994,-0.8660254037844387,2.0,1,0.0,1,3.0,1,0.0,1,1.7142857142857142,2.138089935299393,0.0,6.0,1.5,1.0714285714285714,1.513606716094145,0.0,6.0,1.5999999999999999,1,1013.22,-141.69000000000005,-0.1398412980399124,True,False,False,False,False,False,False,False,False,False,False,False,False,False,False,False,False,True,False,False,False,False,False,False,False,False,False,False,False,False,False,False,False,True,False,False
Germany,Gaming Laptop,2025-05-31,Electronics,0.0,871.53,,20.0,2.0,0.0,0.0,5,31,22,5,2,151,1,-0.9749279121818236,-0.2225209339563146,0.49999999999999994,-0.8660254037844387,1.0,1,6.0,1,2.0,1,1.0,1,1.8571428571428572,2.035400978396427,0.0,6.0,1.3571428571428572,1.1071428571428572,1.4991179064218092,0.0,6.0,1.6774193548387097,0,871.53,0.0,0.0,True,False,False,False,False,False,False,False,False,False,False,False,False,False,False,False,False,True,False,False,False,False,False,False,False,False,False,False,False,False,False,False,False,True,False,False
Germany,Gaming Laptop,2025-06-01,Electronics,0.0,871.53,,20.0,2.0,0.0,0.0,6,1,22,6,2,152,1,-0.7818314824680299,0.6234898018587334,1.2246467991473532e-16,-1.0,0.0,1,0.0,1,0.0,1,0.0,1,1.0,0.9999999999999961,0.0,2.0,1.2142857142857142,1.0714285714285714,1.513606716094145,0.0,6.0,0.9333333333333333,0,871.53,0.0,0.0,True,False,False,False,False,False,False,False,False,False,False,False,False,False,False,False,False,True,False,False,False,False,False,False,False,False,False,False,False,False,False,False,False,True,False,False
Germany,Gaming Laptop,2025-06-02,Electronics,0.0,871.53,,20.0,2.0,0.0,0.0,0,2,23,6,2,153,0,0.0,1.0,1.2246467991473532e-16,-1.0,0.0,1,2.0,1,0.0,1,0.0,1,1.0,0.9999999999999961,0.0,2.0,1.2142857142857142,1.0714285714285714,1.513606716094145,0.0,6.0,0.9333333333333333,0,871.53,0.0,0.0,True,False,False,False,False,False,False,False,False,False,False,False,False,False,False,False,False,True,False,False,False,False,False,False,False,False,False,False,False,False,False,False,False,True,False,False
Germany,Gaming Laptop,2025-06-03,Electronics,1.0,200.16,0.12,20.0,2.0,1.0,0.0,1,3,23,6,2,154,0,0.7818314824680298,0.6234898018587336,1.2246467991473532e-16,-1.0,0.0,1,0.0,1,0.0,1,3.0,1,0.7142857142857143,0.9511897312113381,0.0,2.0,1.2142857142857142,1.0714285714285714,1.513606716094145,0.0,6.0,0.6666666666666667,1,871.53,-671.37,-0.7703349282296651,True,False,False,False,False,False,False,False,False,False,False,False,False,False,False,False,False,True,False,False,False,False,False,False,False,False,False,False,False,False,False,False,False,True,False,False
Germany,Gaming Laptop,2025-06-04,Electronics,3.0,697.09,0.05,20.0,2.0,1.0,0.0,2,4,23,6,2,155,0,0.9749279121818236,-0.22252093395631434,1.2246467991473532e-16,-1.0,1.0,1,2.0,1,3.0,1,0.0,1,0.8571428571428571,0.8997354108424332,0.0,2.0,1.2857142857142858,1.0,1.4656562175858838,0.0,6.0,0.8571428571428571,1,200.16,496.93000000000006,2.4826638689048766,True,False,False,False,False,False,False,False,False,False,False,False,False,False,False,False,False,True,False,False,False,False,False,False,False,False,False,False,False,False,False,False,False,True,False,False
Germany,Gaming Laptop,2025-06-05,Electronics,1.0,1224.38,0.1,20.0,2.0,1.0,0.0,3,5,23,6,2,156,0,0.43388373911755823,-0.900968867902419,1.2246467991473532e-16,-1.0,3.0,1,2.0,1,1.0,1,0.0,1,1.0,1.1547005383792481,0.0,3.0,1.2857142857142858,1.1071428571428572,1.4991179064218092,0.0,6.0,0.9032258064516129,1,697.09,527.2900000000001,0.7564159577672898,True,False,False,False,False,False,False,False,False,False,False,False,False,False,False,False,False,True,False,False,False,False,False,False,False,False,False,False,False,False,False,False,False,True,False,False
Germany,Gaming Laptop,2025-06-06,Electronics,4.0,1364.355,0.07,20.0,2.0,1.0,0.0,4,6,23,6,2,157,0,-0.433883739117558,-0.9009688679024191,1.2246467991473532e-16,-1.0,1.0,1,1.0,1,0.0,1,0.0,1,0.8571428571428571,1.069044967649694,0.0,3.0,1.2857142857142858,1.1428571428571428,1.483596374037835,0.0,6.0,0.75,1,1224.38,139.9749999999999,0.114323167644032,True,False,False,False,False,False,False,False,False,False,False,False,False,False,False,False,False,True,False,False,False,False,False,False,False,False,False,False,False,False,False,False,False,True,False,False
Germany,Gaming Laptop,2025-06-07,Electronics,0.0,1364.355,,20.0,2.0,0.0,0.0,5,7,23,6,2,158,1,-0.9749279121818236,-0.2225209339563146,1.2246467991473532e-16,-1.0,4.0,1,0.0,1,6.0,1,0.0,1,1.2857142857142858,1.603567451474544,0.0,4.0,1.5714285714285714,1.2857142857142858,1.5600841111499224,0.0,6.0,1.0,0,1364.355,0.0,0.0,True,False,False,False,False,False,False,False,False,False,False,False,False,False,False,False,False,True,False,False,False,False,False,False,False,False,False,False,False,False,False,False,False,True,False,False
Germany,Gaming Laptop,2025-06-08,Electronics,0.0,1364.355,,20.0,2.0,0.0,0.0,6,8,23,6,2,159,1,-0.7818314824680299,0.6234898018587334,1.2246467991473532e-16,-1.0,0.0,1,0.0,1,0.0,1,2.0,1,1.2857142857142858,1.603567451474544,0.0,4.0,1.1428571428571428,1.2857142857142858,1.5600841111499224,0.0,6.0,1.0,0,1364.355,0.0,0.0,True,False,False,False,False,False,False,False,False,False,False,False,False,False,False,False,False,True,False,False,False,False,False,False,False,False,False,False,False,False,False,False,False,True,False,False
Germany,Gaming Laptop,2025-06-09,Electronics,0.0,1364.355,,20.0,2.0,0.0,0.0,0,9,24,6,2,160,0,0.0,1.0,1.2246467991473532e-16,-1.0,0.0,1,0.0,1,2.0,1,0.0,1,1.2857142857142858,1.603567451474544,0.0,4.0,1.1428571428571428,1.2142857142857142,1.5719094983170887,0.0,6.0,1.058823529411765,0,1364.355,0.0,0.0,True,False,False,False,False,False,False,False,False,False,False,False,False,False,False,False,False,True,False,False,False,False,False,False,False,False,False,False,False,False,False,False,False,True,False,False
Germany,Gaming Laptop,2025-06-10,Electronics,0.0,1364.355,,20.0,2.0,0.0,0.0,1,10,24,6,2,161,0,0.7818314824680298,0.6234898018587336,1.2246467991473532e-16,-1.0,0.0,1,1.0,1,0.0,1,3.0,1,1.2857142857142858,1.603567451474544,0.0,4.0,1.0,1.2142857142857142,1.5719094983170887,0.0,6.0,1.058823529411765,0,1364.355,0.0,0.0,True,False,False,False,False,False,False,False,False,False,False,False,False,False,False,False,False,True,False,False,False,False,False,False,False,False,False,False,False,False,False,False,False,True,False,False
Germany,Gaming Laptop,2025-06-11,Electronics,0.0,1364.355,,20.0,2.0,0.0,0.0,2,11,24,6,2,162,0,0.9749279121818236,-0.22252093395631434,1.2246467991473532e-16,-1.0,0.0,1,3.0,1,2.0,1,0.0,1,1.1428571428571428,1.6761634196950492,0.0,4.0,1.0,1.1071428571428572,1.5477411429249583,0.0,6.0,1.032258064516129,0,1364.355,0.0,0.0,True,False,False,False,False,False,False,False,False,False,False,False,False,False,False,False,False,True,False,False,False,False,False,False,False,False,False,False,False,False,False,False,False,True,False,False
Germany,Gaming Laptop,2025-06-12,Electronics,0.0,1364.355,,20.0,2.0,0.0,0.0,3,12,24,6,2,163,0,0.43388373911755823,-0.900968867902419,1.2246467991473532e-16,-1.0,0.0,1,1.0,1,2.0,1,0.0,1,0.7142857142857143,1.496026483086189,0.0,4.0,0.8571428571428571,1.1071428571428572,1.5477411429249583,0.0,6.0,0.6451612903225806,0,1364.355,0.0,0.0,True,False,False,False,False,False,False,False,False,False,False,False,False,False,False,False,False,True,False,False,False,False,False,False,False,False,False,False,False,False,False,False,False,True,False,False
Germany,Gaming Laptop,2025-06-13,Electronics,0.0,1364.355,,20.0,2.0,0.0,0.0,4,13,24,6,2,164,0,-0.433883739117558,-0.9009688679024191,1.2246467991473532e-16,-1.0,0.0,1,4.0,1,1.0,1,3.0,1,0.5714285714285714,1.5118578920369066,0.0,4.0,0.7142857142857143,1.1071428571428572,1.5477411429249583,0.0,6.0,0.5161290322580645,0,1364.355,0.0,0.0,True,False,False,False,False,False,False,False,False,False,False,False,False,False,False,False,False,True,False,False,False,False,False,False,False,False,False,False,False,False,False,False,False,True,False,False
Germany,Gaming Laptop,2025-06-14,Electronics,0.0,1364.355,,20.0,2.0,0.0,0.0,5,14,24,6,2,165,1,-0.9749279121818236,-0.2225209339563146,1.2246467991473532e-16,-1.0,0.0,1,0.0,1,0.0,1,2.0,1,0.0,0.0,0.0,0.0,0.6428571428571429,1.0,1.5153535218873213,0.0,6.0,0.0,0,1364.355,0.0,0.0,True,False,False,False,False,False,False,False,False,False,False,False,False,False,False,False,False,True,False,False,False,False,False,False,False,False,False,False,False,False,False,False,False,True,False,False
Germany,Gaming Laptop,2025-06-15,Electronics,0.0,1364.355,,20.0,2.0,0.0,0.0,6,15,24,6,2,166,1,-0.7818314824680299,0.6234898018587334,1.2246467991473532e-16,-1.0,0.0,1,0.0,1,0.0,1,0.0,1,0.0,0.0,0.0,0.0,0.6428571428571429,0.9285714285714286,1.5136067160941455,0.0,6.0,0.0,0,1364.355,0.0,0.0,True,False,False,False,False,False,False,False,False,False,False,False,False,False,False,False,False,True,False,False,False,False,False,False,False,False,False,False,False,False,False,False,False,True,False,False
Germany,Gaming Laptop,2025-06-16,Electronics,0.0,1364.355,,20.0,2.0,0.0,0.0,0,16,25,6,2,167,0,0.0,1.0,1.2246467991473532e-16,-1.0,0.0,1,0.0,1,0.0,1,0.0,1,0.0,0.0,0.0,0.0,0.6428571428571429,0.9285714285714286,1.5136067160941455,0.0,6.0,0.0,0,1364.355,0.0,0.0,True,False,False,False,False,False,False,False,False,False,False,False,False,False,False,False,False,True,False,False,False,False,False,False,False,False,False,False,False,False,False,False,False,True,False,False
Germany,Gaming Laptop,2025-06-17,Electronics,3.0,807.84,0.08,20.0,2.0,1.0,0.0,1,17,25,6,2,168,0,0.7818314824680298,0.6234898018587336,1.2246467991473532e-16,-1.0,0.0,1,0.0,1,1.0,1,0.0,1,0.0,0.0,0.0,0.0,0.6428571428571429,0.9285714285714286,1.5136067160941455,0.0,6.0,0.0,1,1364.355,-556.515,-0.4078960387875589,True,False,False,False,False,False,False,False,False,False,False,False,False,False,False,False,False,True,False,False,False,False,False,False,False,False,False,False,False,False,False,False,False,True,False,False
Germany,Gaming Laptop,2025-06-18,Electronics,0.0,807.84,,20.0,2.0,0.0,0.0,2,18,25,6,2,169,0,0.9749279121818236,-0.22252093395631434,1.2246467991473532e-16,-1.0,3.0,1,0.0,1,3.0,1,3.0,1,0.42857142857142855,1.1338934190276788,0.0,3.0,0.7857142857142857,1.0357142857142858,1.551155909663715,0.0,6.0,0.4137931034482758,0,807.84,0.0,0.0,True,False,False,False,False,False,False,False,False,False,False,False,False,False,False,False,False,True,False,False,False,False,False,False,False,False,False,False,False,False,False,False,False,True,False,False
Germany,Gaming Laptop,2025-06-19,Electronics,0.0,807.84,,20.0,2.0,0.0,0.0,3,19,25,6,2,170,0,0.43388373911755823,-0.900968867902419,1.2246467991473532e-16,-1.0,0.0,1,0.0,1,1.0,1,1.0,1,0.42857142857142855,1.1338934190276788,0.0,3.0,0.5714285714285714,0.9285714285714286,1.5136067160941455,0.0,6.0,0.4615384615384615,0,807.84,0.0,0.0,True,False,False,False,False,False,False,False,False,False,False,False,False,False,False,False,False,True,False,False,False,False,False,False,False,False,False,False,False,False,False,False,False,True,False,False
Germany,Gaming Laptop,2025-06-20,Electronics,3.0,410.09000000000003,0.14,20.0,2.0,1.0,0.0,4,20,25,6,2,171,0,-0.433883739117558,-0.9009688679024191,1.2246467991473532e-16,-1.0,0.0,1,0.0,1,4.0,1,0.0,1,0.42857142857142855,1.1338934190276788,0.0,3.0,0.5,0.8928571428571429,1.5236235005501142,0.0,6.0,0.4799999999999999,1,807.84,-397.75,-0.49236234897999603,True,False,False,False,False,False,False,False,False,False,False,False,False,False,False,False,False,True,False,False,False,False,False,False,False,False,False,False,False,False,False,False,False,True,False,False
Germany,Gaming Laptop,2025-06-21,Electronics,0.0,410.09000000000003,,20.0,2.0,0.0,0.0,5,21,25,6,2,172,1,-0.9749279121818236,-0.2225209339563146,1.2246467991473532e-16,-1.0,3.0,1,0.0,1,0.0,1,6.0,1,0.8571428571428571,1.4638501094227974,0.0,3.0,0.42857142857142855,1.0,1.5634719199411469,0.0,6.0,0.8571428571428571,0,410.09000000000003,0.0,0.0,True,False,False,False,False,False,False,False,False,False,False,False,False,False,False,False,False,True,False,False,False,False,False,False,False,False,False,False,False,False,False,False,False,True,False,False
Germany,Gaming Laptop,2025-06-22,Electronics,0.0,410.09000000000003,,20.0,2.0,0.0,0.0,6,22,25,6,2,173,1,-0.7818314824680299,0.6234898018587334,1.2246467991473532e-16,-1.0,0.0,1,0.0,1,0.0,1,0.0,1,0.8571428571428571,1.4638501094227974,0.0,3.0,0.42857142857142855,0.7857142857142857,1.2279806626883507,0.0,4.0,1.0909090909090908,0,410.09000000000003,0.0,0.0,True,False,False,False,False,False,False,False,False,False,False,False,False,False,False,False,False,True,False,False,False,False,False,False,False,False,False,False,False,False,False,False,False,True,False,False
Germany,Gaming Laptop,2025-06-23,Electronics,0.0,410.09000000000003,,20.0,2.0,0.0,0.0,0,23,26,6,2,174,0,0.0,1.0,1.2246467991473532e-16,-1.0,0.0,1,0.0,1,0.0,1,2.0,1,0.8571428571428571,1.4638501094227974,0.0,3.0,0.42857142857142855,0.7857142857142857,1.2279806626883507,0.0,4.0,1.0909090909090908,0,410.09000000000003,0.0,0.0,True,False,False,False,False,False,False,False,False,False,False,False,False,False,False,False,False,True,False,False,False,False,False,False,False,False,False,False,False,False,False,False,False,True,False,False
Germany,Gaming Laptop,2025-06-24,Electronics,2.0,316.58,0.09,20.0,2.0,1.0,0.0,1,24,26,6,2,175,0,0.7818314824680298,0.6234898018587336,1.2246467991473532e-16,-1.0,0.0,1,3.0,1,0.0,1,0.0,1,0.8571428571428571,1.4638501094227974,0.0,3.0,0.42857142857142855,0.7142857142857143,1.2128064441202004,0.0,4.0,1.2,1,410.09000000000003,-93.51000000000005,-0.22802311687678326,True,False,False,False,False,False,False,False,False,False,False,False,False,False,False,False,False,True,False,False,False,False,False,False,False,False,False,False,False,False,False,False,False,True,False,False
Germany,Gaming Laptop,2025-06-25,Electronics,0.0,316.58,,20.0,2.0,0.0,0.0,2,25,26,6,2,176,0,0.9749279121818236,-0.22252093395631434,1.2246467991473532e-16,-1.0,2.0,1,0.0,1,0.0,1,2.0,1,0.7142857142857143,1.2535663410560145,0.0,3.0,0.5714285714285714,0.7857142857142857,1.2279806626883507,0.0,4.0,0.9090909090909092,0,316.58,0.0,0.0,True,False,False,False,False,False,False,False,False,False,False,False,False,False,False,False,False,True,False,False,False,False,False,False,False,False,False,False,False,False,False,False,False,True,False,False
Germany,Gaming Laptop,2025-06-26,Electronics,0.0,316.58,,20.0,2.0,0.0,0.0,3,26,26,6,2,177,0,0.43388373911755823,-0.900968867902419,1.2246467991473532e-16,-1.0,0.0,1,0.0,1,0.0,1,2.0,1,0.7142857142857143,1.2535663410560145,0.0,3.0,0.5714285714285714,0.7142857142857143,1.2128064441202004,0.0,4.0,1.0,0,316.58,0.0,0.0,True,False,False,False,False,False,False,False,False,False,False,False,False,False,False,False,False,True,False,False,False,False,False,False,False,False,False,False,False,False,False,False,False,True,False,False
Germany,Gaming Laptop,2025-06-27,Electronics,2.0,275.5,0.04,20.0,2.0,1.0,0.0,4,27,26,6,2,178,0,-0.433883739117558,-0.9009688679024191,1.2246467991473532e-16,-1.0,0.0,1,3.0,1,0.0,1,1.0,1,0.7142857142857143,1.2535663410560145,0.0,3.0,0.5714285714285714,0.6428571428571429,1.1930131697849933,0.0,4.0,1.1111111111111112,1,316.58,-41.079999999999984,-0.1297618295533514,True,False,False,False,False,False,False,False,False,False,False,False,False,False,False,False,False,True,False,False,False,False,False,False,False,False,False,False,False,False,False,False,False,True,False,False
Germany,Gaming Laptop,2025-06-28,Electronics,0.0,275.5,,20.0,2.0,0.0,0.0,5,28,26,6,2,179,1,-0.9749279121818236,-0.2225209339563146,1.2246467991473532e-16,-1.0,2.0,1,0.0,1,0.0,1,0.0,1,0.5714285714285714,0.9759000729485297,0.0,2.0,0.7142857142857143,0.6785714285714286,1.2187902754164677,0.0,4.0,0.8421052631578947,0,275.5,0.0,0.0,True,False,False,False,False,False,False,False,False,False,False,False,False,False,False,False,False,True,False,False,False,False,False,False,False,False,False,False,False,False,False,False,False,True,False,False
Germany,Gaming Laptop,2025-06-29,Electronics,2.0,762.42,0.02,20.0,2.0,1.0,0.0,6,29,26,6,2,180,1,-0.7818314824680299,0.6234898018587334,1.2246467991473532e-16,-1.0,0.0,1,0.0,1,0.0,1,0.0,1,0.5714285714285714,0.9759000729485297,0.0,2.0,0.7142857142857143,0.6785714285714286,1.2187902754164677,0.0,4.0,0.8421052631578947,1,275.5,486.91999999999996,1.7674047186932849,True,False,False,False,False,False,False,False,False,False,False,False,False,False,False,False,False,True,False,False,False,False,False,False,False,False,False,False,False,False,False,False,False,True,False,False
Germany,Gaming Laptop,2025-06-30,Electronics,0.0,762.42,,20.0,2.0,0.0,0.0,0,30,27,6,2,181,0,0.0,1.0,1.2246467991473532e-16,-1.0,2.0,1,0.0,1,0.0,1,0.0,1,0.8571428571428571,1.069044967649694,0.0,2.0,0.8571428571428571,0.75,1.2360330811826157,0.0,4.0,1.1428571428571428,0,762.42,0.0,0.0,True,False,False,False,False,False,False,False,False,False,False,False,False,False,False,False,False,True,False,False,False,False,False,False,False,False,False,False,False,False,False,False,False,True,False,False
Germany,Gaming Laptop,2025-07-01,Electronics,0.0,762.42,,20.0,2.0,0.0,0.0,1,1,27,7,3,182,0,0.7818314824680298,0.6234898018587336,-0.4999999999999997,-0.8660254037844388,0.0,1,2.0,1,3.0,1,1.0,1,0.8571428571428571,1.069044967649694,0.0,2.0,0.8571428571428571,0.75,1.2360330811826157,0.0,4.0,1.1428571428571428,0,762.42,0.0,0.0,True,False,False,False,False,False,False,False,False,False,False,False,False,False,False,False,False,True,False,False,False,False,False,False,False,False,False,False,False,False,False,False,False,True,False,False
Germany,Gaming Laptop,2025-07-02,Electronics,3.0,415.76,0.11,20.0,2.0,1.0,0.0,2,2,27,7,3,183,0,0.9749279121818236,-0.22252093395631434,-0.4999999999999997,-0.8660254037844388,0.0,1,0.0,1,0.0,1,3.0,1,0.5714285714285714,0.9759000729485297,0.0,2.0,0.6428571428571429,0.7142857142857143,1.2429696476477445,0.0,4.0,0.7999999999999999,1,762.42,-346.65999999999997,-0.45468377010046956,True,False,False,False,False,False,False,False,False,False,False,False,False,False,False,False,False,True,False,False,False,False,False,False,False,False,False,False,False,False,False,False,False,True,False,False
Germany,Gaming Laptop,2025-07-03,Electronics,0.0,415.76,,20.0,2.0,0.0,0.0,3,3,27,7,3,184,0,0.43388373911755823,-0.900968867902419,-0.4999999999999997,-0.8660254037844388,3.0,1,0.0,1,0.0,1,1.0,1,1.0,1.2909944487358027,0.0,3.0,0.8571428571428571,0.7142857142857143,1.2429696476477445,0.0,4.0,1.4,0,415.76,0.0,0.0,True,False,False,False,False,False,False,False,False,False,False,False,False,False,False,False,False,True,False,False,False,False,False,False,False,False,False,False,False,False,False,False,False,True,False,False
Germany,Gaming Laptop,2025-07-04,Electronics,0.0,415.76,,20.0,2.0,0.0,0.0,4,4,27,7,3,185,0,-0.433883739117558,-0.9009688679024191,-0.4999999999999997,-0.8660254037844388,0.0,1,2.0,1,3.0,1,4.0,1,1.0,1.2909944487358027,0.0,3.0,0.8571428571428571,0.6785714285714286,1.248808956375563,0.0,4.0,1.4736842105263157,0,415.76,0.0,0.0,True,False,False,False,False,False,False,False,False,False,False,False,False,False,False,False,False,True,False,False,False,False,False,False,False,False,False,False,False,False,False,False,False,True,False,False
Germany,Gaming Laptop,2025-07-05,Electronics,3.0,704.44,0.12,20.0,2.0,1.0,0.0,5,5,27,7,3,186,1,-0.9749279121818236,-0.2225209339563146,-0.4999999999999997,-0.8660254037844388,0.0,1,0.0,1,0.0,1,0.0,1,0.7142857142857143,1.2535663410560145,0.0,3.0,0.6428571428571429,0.5357142857142857,1.070899340192817,0.0,3.0,1.3333333333333335,1,415.76,288.68000000000006,0.6943428901289207,True,False,False,False,False,False,False,False,False,False,False,False,False,False,False,False,False,True,False,False,False,False,False,False,False,False,False,False,False,False,False,False,False,True,False,False
Germany,Gaming Laptop,2025-07-06,Electronics,0.0,704.44,,20.0,2.0,0.0,0.0,6,6,27,7,3,187,1,-0.7818314824680299,0.6234898018587334,-0.4999999999999997,-0.8660254037844388,3.0,1,2.0,1,0.0,1,0.0,1,1.1428571428571428,1.4638501094227971,0.0,3.0,0.8571428571428571,0.6428571428571429,1.1615534207286218,0.0,3.0,1.7777777777777775,0,704.44,0.0,0.0,True,False,False,False,False,False,False,False,False,False,False,False,False,False,False,False,False,True,False,False,False,False,False,False,False,False,False,False,False,False,False,False,False,True,False,False
Germany,Gaming Laptop,2025-07-07,Electronics,0.0,704.44,,20.0,2.0,0.0,0.0,0,7,28,7,3,188,0,0.0,1.0,-0.4999999999999997,-0.8660254037844388,0.0,1,0.0,1,0.0,1,0.0,1,0.8571428571428571,1.4638501094227974,0.0,3.0,0.8571428571428571,0.6428571428571429,1.1615534207286218,0.0,3.0,1.3333333333333333,0,704.44,0.0,0.0,True,False,False,False,False,False,False,False,False,False,False,False,False,False,False,False,False,True,False,False,False,False,False,False,False,False,False,False,False,False,False,False,False,True,False,False
Germany,Gaming Laptop,2025-07-08,Electronics,0.0,704.44,,20.0,2.0,0.0,0.0,1,8,28,7,3,189,0,0.7818314824680298,0.6234898018587336,-0.4999999999999997,-0.8660254037844388,0.0,1,0.0,1,2.0,1,0.0,1,0.8571428571428571,1.4638501094227974,0.0,3.0,0.8571428571428571,0.6428571428571429,1.1615534207286218,0.0,3.0,1.3333333333333333,0,704.44,0.0,0.0,True,False,False,False,False,False,False,False,False,False,False,False,False,False,False,False,False,True,False,False,False,False,False,False,False,False,False,False,False,False,False,False,False,True,False,False
Germany,Gaming Laptop,2025-07-09,Electronics,0.0,704.44,,20.0,2.0,0.0,0.0,2,9,28,7,3,190,0,0.9749279121818236,-0.22252093395631434,-0.4999999999999997,-0.8660254037844388,0.0,1,3.0,1,0.0,1,0.0,1,0.8571428571428571,1.4638501094227974,0.0,3.0,0.7142857142857143,0.6428571428571429,1.1615534207286218,0.0,3.0,1.3333333333333333,0,704.44,0.0,0.0,True,False,False,False,False,False,False,False,False,False,False,False,False,False,False,False,False,True,False,False,False,False,False,False,False,False,False,False,False,False,False,False,False,True,False,False
Germany,Gaming Laptop,2025-07-10,Electronics,0.0,704.44,,20.0,2.0,0.0,0.0,3,10,28,7,3,191,0,0.43388373911755823,-0.900968867902419,-0.4999999999999997,-0.8660254037844388,0.0,1,0.0,1,0.0,1,0.0,1,0.42857142857142855,1.1338934190276786,0.0,3.0,0.7142857142857143,0.6428571428571429,1.1615534207286218,0.0,3.0,0.6666666666666666,0,704.44,0.0,0.0,True,False,False,False,False,False,False,False,False,False,False,False,False,False,False,False,False,True,False,False,False,False,False,False,False,False,False,False,False,False,False,False,False,True,False,False
Germany,Gaming Laptop,2025-07-11,Electronics,0.0,704.44,,20.0,2.0,0.0,0.0,4,11,28,7,3,192,0,-0.433883739117558,-0.9009688679024191,-0.4999999999999997,-0.8660254037844388,0.0,1,0.0,1,2.0,1,0.0,1,0.42857142857142855,1.1338934190276786,0.0,3.0,0.7142857142857143,0.6428571428571429,1.1615534207286218,0.0,3.0,0.6666666666666666,0,704.44,0.0,0.0,True,False,False,False,False,False,False,False,False,False,False,False,False,False,False,False,False,True,False,False,False,False,False,False,False,False,False,False,False,False,False,False,False,True,False,False
Germany,Gaming Laptop,2025-07-12,Electronics,0.0,704.44,,20.0,2.0,0.0,0.0,5,12,28,7,3,193,1,-0.9749279121818236,-0.2225209339563146,-0.4999999999999997,-0.8660254037844388,0.0,1,3.0,1,0.0,1,0.0,1,0.42857142857142855,1.1338934190276786,0.0,3.0,0.5714285714285714,0.6428571428571429,1.1615534207286218,0.0,3.0,0.6666666666666666,0,704.44,0.0,0.0,True,False,False,False,False,False,False,False,False,False,False,False,False,False,False,False,False,True,False,False,False,False,False,False,False,False,False,False,False,False,False,False,False,True,False,False
Germany,Gaming Laptop,2025-07-13,Electronics,0.0,704.44,,20.0,2.0,0.0,0.0,6,13,28,7,3,194,1,-0.7818314824680299,0.6234898018587334,-0.4999999999999997,-0.8660254037844388,0.0,1,0.0,1,2.0,1,0.0,1,0.0,0.0,0.0,0.0,0.5714285714285714,0.6428571428571429,1.1615534207286218,0.0,3.0,0.0,0,704.44,0.0,0.0,True,False,False,False,False,False,False,False,False,False,False,False,False,False,False,False,False,True,False,False,False,False,False,False,False,False,False,False,False,False,False,False,False,True,False,False
Germany,Gaming Laptop,2025-07-14,Electronics,0.0,704.44,,20.0,2.0,0.0,0.0,0,14,29,7,3,195,0,0.0,1.0,-0.4999999999999997,-0.8660254037844388,0.0,1,0.0,1,0.0,1,0.0,1,0.0,0.0,0.0,0.0,0.42857142857142855,0.6428571428571429,1.1615534207286218,0.0,3.0,0.0,0,704.44,0.0,0.0,True,False,False,False,False,False,False,False,False,False,False,False,False,False,False,False,False,True,False,False,False,False,False,False,False,False,False,False,False,False,False,False,False,True,False,False
Germany,Gaming Laptop,2025-07-15,Electronics,4.0,834.835,0.05,20.0,2.0,1.0,0.0,1,15,29,7,3,196,0,0.7818314824680298,0.6234898018587336,-0.4999999999999997,-0.8660254037844388,0.0,1,0.0,1,0.0,1,3.0,1,0.0,0.0,0.0,0.0,0.42857142857142855,0.6428571428571429,1.1615534207286218,0.0,3.0,0.0,1,704.44,130.39499999999998,0.18510448015444889,True,False,False,False,False,False,False,False,False,False,False,False,False,False,False,False,False,True,False,False,False,False,False,False,False,False,False,False,False,False,False,False,False,True,False,False
Germany,Gaming Laptop,2025-07-16,Electronics,0.0,834.835,,20.0,2.0,0.0,0.0,2,16,29,7,3,197,0,0.9749279121818236,-0.22252093395631434,-0.4999999999999997,-0.8660254037844388,4.0,1,0.0,1,3.0,1,0.0,1,0.5714285714285714,1.5118578920369063,0.0,4.0,0.7142857142857143,0.6785714285714286,1.248808956375563,0.0,4.0,0.8421052631578947,0,834.835,0.0,0.0,True,False,False,False,False,False,False,False,False,False,False,False,False,False,False,False,False,True,False,False,False,False,False,False,False,False,False,False,False,False,False,False,False,True,False,False
Germany,Gaming Laptop,2025-07-17,Electronics,0.0,834.835,,20.0,2.0,0.0,0.0,3,17,29,7,3,198,0,0.43388373911755823,-0.900968867902419,-0.4999999999999997,-0.8660254037844388,0.0,1,0.0,1,0.0,1,0.0,1,0.5714285714285714,1.5118578920369063,0.0,4.0,0.5,0.6785714285714286,1.248808956375563,0.0,4.0,0.8421052631578947,0,834.835,0.0,0.0,True,False,False,False,False,False,False,False,False,False,False,False,False,False,False,False,False,True,False,False,False,False,False,False,False,False,False,False,False,False,False,False,False,True,False,False
Germany,Gaming Laptop,2025-07-18,Electronics,0.0,834.835,,20.0,2.0,0.0,0.0,4,18,29,7,3,199,0,-0.433883739117558,-0.9009688679024191,-0.4999999999999997,-0.8660254037844388,0.0,1,0.0,1,0.0,1,3.0,1,0.5714285714285714,1.5118578920369063,0.0,4.0,0.5,0.6785714285714286,1.248808956375563,0.0,4.0,0.8421052631578947,0,834.835,0.0,0.0,True,False,False,False,False,False,False,False,False,False,False,False,False,False,False,False,False,True,False,False,False,False,False,False,False,False,False,False,False,False,False,False,False,True,False,False
Germany,Gaming Laptop,2025-07-19,Electronics,0.0,834.835,,20.0,2.0,0.0,0.0,5,19,29,7,3,200,1,-0.9749279121818236,-0.2225209339563146,-0.4999999999999997,-0.8660254037844388,0.0,1,0.0,1,3.0,1,0.0,1,0.5714285714285714,1.5118578920369063,0.0,4.0,0.5,0.5714285714285714,1.168366109179558,0.0,4.0,1.0,0,834.835,0.0,0.0,True,False,False,False,False,False,False,False,False,False,False,False,False,False,False,False,False,True,False,False,False,False,False,False,False,False,False,False,False,False,False,False,False,True,False,False
Germany,Gaming Laptop,2025-07-20,Electronics,0.0,834.835,,20.0,2.0,0.0,0.0,6,20,29,7,3,201,1,-0.7818314824680299,0.6234898018587334,-0.4999999999999997,-0.8660254037844388,0.0,1,0.0,1,0.0,1,0.0,1,0.5714285714285714,1.5118578920369063,0.0,4.0,0.2857142857142857,0.5714285714285714,1.168366109179558,0.0,4.0,1.0,0,834.835,0.0,0.0,True,False,False,False,False,False,False,False,False,False,False,False,False,False,False,False,False,True,False,False,False,False,False,False,False,False,False,False,False,False,False,False,False,True,False,False
Germany,Gaming Laptop,2025-07-21,Electronics,0.0,834.835,,20.0,2.0,0.0,0.0,0,21,30,7,3,202,0,0.0,1.0,-0.4999999999999997,-0.8660254037844388,0.0,1,0.0,1,0.0,1,0.0,1,0.5714285714285714,1.5118578920369063,0.0,4.0,0.2857142857142857,0.5714285714285714,1.168366109179558,0.0,4.0,1.0,0,834.835,0.0,0.0,True,False,False,False,False,False,False,False,False,False,False,False,False,False,False,False,False,True,False,False,False,False,False,False,False,False,False,False,False,False,False,False,False,True,False,False
Germany,Gaming Laptop,2025-07-22,Electronics,0.0,834.835,,20.0,2.0,0.0,0.0,1,22,30,7,3,203,0,0.7818314824680298,0.6234898018587336,-0.4999999999999997,-0.8660254037844388,0.0,1,4.0,1,0.0,1,2.0,1,0.5714285714285714,1.5118578920369063,0.0,4.0,0.2857142857142857,0.5714285714285714,1.168366109179558,0.0,4.0,1.0,0,834.835,0.0,0.0,True,False,False,False,False,False,False,False,False,False,False,False,False,False,False,False,False,True,False,False,False,False,False,False,False,False,False,False,False,False,False,False,False,True,False,False
Germany,Gaming Laptop,2025-07-23,Electronics,0.0,834.835,,20.0,2.0,0.0,0.0,2,23,30,7,3,204,0,0.9749279121818236,-0.22252093395631434,-0.4999999999999997,-0.8660254037844388,0.0,1,0.0,1,0.0,1,0.0,1,0.0,0.0,0.0,0.0,0.2857142857142857,0.5,1.1385500851066284,0.0,4.0,0.0,0,834.835,0.0,0.0,True,False,False,False,False,False,False,False,False,False,False,False,False,False,False,False,False,True,False,False,False,False,False,False,False,False,False,False,False,False,False,False,False,True,False,False
Germany,Gaming Laptop,2025-07-24,Electronics,3.0,1409.11,0.15,20.0,2.0,1.0,0.0,3,24,30,7,3,205,0,0.43388373911755823,-0.900968867902419,-0.4999999999999997,-0.8660254037844388,0.0,1,0.0,1,0.0,1,0.0,1,0.0,0.0,0.0,0.0,0.2857142857142857,0.5,1.1385500851066284,0.0,4.0,0.0,1,834.835,574.2749999999999,0.6878904214605279,True,False,False,False,False,False,False,False,False,False,False,False,False,False,False,False,False,True,False,False,False,False,False,False,False,False,False,False,False,False,False,False,False,True,False,False
Germany,Gaming Laptop,2025-07-25,Electronics,1.0,1356.09,0.12,20.0,2.0,1.0,0.0,4,25,30,7,3,206,0,-0.433883739117558,-0.9009688679024191,-0.4999999999999997,-0.8660254037844388,3.0,1,0.0,1,0.0,1,2.0,1,0.42857142857142855,1.1338934190276786,0.0,3.0,0.5,0.6071428571428571,1.2274419565151626,0.0,4.0,0.7058823529411765,1,1409.11,-53.01999999999998,-0.03762658699462781,True,False,False,False,False,False,False,False,False,False,False,False,False,False,False,False,False,True,False,False,False,False,False,False,False,False,False,False,False,False,False,False,False,True,False,False
Germany,Gaming Laptop,2025-07-26,Electronics,0.0,1356.09,,20.0,2.0,0.0,0.0,5,26,30,7,3,207,1,-0.9749279121818236,-0.2225209339563146,-0.4999999999999997,-0.8660254037844388,1.0,1,0.0,1,0.0,1,0.0,1,0.5714285714285714,1.1338934190276786,0.0,3.0,0.5714285714285714,0.5714285714285714,1.199647214456589,0.0,4.0,1.0,0,1356.09,0.0,0.0,True,False,False,False,False,False,False,False,False,False,False,False,False,False,False,False,False,True,False,False,False,False,False,False,False,False,False,False,False,False,False,False,False,True,False,False
Germany,Gaming Laptop,2025-07-27,Electronics,0.0,1356.09,,20.0,2.0,0.0,0.0,6,27,30,7,3,208,1,-0.7818314824680299,0.6234898018587334,-0.4999999999999997,-0.8660254037844388,0.0,1,0.0,1,0.0,1,2.0,1,0.5714285714285714,1.1338934190276786,0.0,3.0,0.5714285714285714,0.5714285714285714,1.199647214456589,0.0,4.0,1.0,0,1356.09,0.0,0.0,True,False,False,False,False,False,False,False,False,False,False,False,False,False,False,False,False,True,False,False,False,False,False,False,False,False,False,False,False,False,False,False,False,True,False,False
Germany,Gaming Laptop,2025-07-28,Electronics,0.0,1356.09,,20.0,2.0,0.0,0.0,0,28,31,7,3,209,0,0.0,1.0,-0.4999999999999997,-0.8660254037844388,0.0,1,0.0,1,0.0,1,0.0,1,0.5714285714285714,1.1338934190276786,0.0,3.0,0.5714285714285714,0.5,1.1706281947614217,0.0,4.0,1.1428571428571428,0,1356.09,0.0,0.0,True,False,False,False,False,False,False,False,False,False,False,False,False,False,False,False,False,True,False,False,False,False,False,False,False,False,False,False,False,False,False,False,False,True,False,False
Germany,Gaming Laptop,2025-07-29,Electronics,0.0,1356.09,,20.0,2.0,0.0,0.0,1,29,31,7,3,210,0,0.7818314824680298,0.6234898018587336,-0.4999999999999997,-0.8660254037844388,0.0,1,0.0,1,4.0,1,0.0,1,0.5714285714285714,1.1338934190276786,0.0,3.0,0.5714285714285714,0.5,1.1706281947614217,0.0,4.0,1.1428571428571428,0,1356.09,0.0,0.0,True,False,False,False,False,False,False,False,False,False,False,False,False,False,False,False,False,True,False,False,False,False,False,False,False,False,False,False,False,False,False,False,False,True,False,False
Germany,Gaming Laptop,2025-07-30,Electronics,0.0,1356.09,,20.0,2.0,0.0,0.0,2,30,31,7,3,211,0,0.9749279121818236,-0.22252093395631434,-0.4999999999999997,-0.8660254037844388,0.0,1,0.0,1,0.0,1,3.0,1,0.5714285714285714,1.1338934190276786,0.0,3.0,0.2857142857142857,0.5,1.1706281947614217,0.0,4.0,1.1428571428571428,0,1356.09,0.0,0.0,True,False,False,False,False,False,False,False,False,False,False,False,False,False,False,False,False,True,False,False,False,False,False,False,False,False,False,False,False,False,False,False,False,True,False,False
Germany,Gaming Laptop,2025-07-31,Electronics,0.0,1356.09,,20.0,2.0,0.0,0.0,3,31,31,7,3,212,0,0.43388373911755823,-0.900968867902419,-0.4999999999999997,-0.8660254037844388,0.0,1,3.0,1,0.0,1,0.0,1,0.5714285714285714,1.1338934190276786,0.0,3.0,0.2857142857142857,0.39285714285714285,1.0659471779799417,0.0,4.0,1.4545454545454546,0,1356.09,0.0,0.0,True,False,False,False,False,False,False,False,False,False,False,False,False,False,False,False,False,True,False,False,False,False,False,False,False,False,False,False,False,False,False,False,False,True,False,False
Germany,Gaming Laptop,2025-08-01,Electronics,0.0,1356.09,,20.0,2.0,0.0,0.0,4,1,31,8,3,213,0,-0.433883739117558,-0.9009688679024191,-0.8660254037844385,-0.5000000000000004,0.0,1,1.0,1,0.0,1,0.0,1,0.14285714285714285,0.3779644730092186,0.0,1.0,0.2857142857142857,0.39285714285714285,1.0659471779799417,0.0,4.0,0.36363636363636365,0,1356.09,0.0,0.0,True,False,False,False,False,False,False,False,False,False,False,False,False,False,False,False,False,True,False,False,False,False,False,False,False,False,False,False,False,False,False,False,False,True,False,False
Germany,Gaming Laptop,2025-08-02,Electronics,0.0,1356.09,,20.0,2.0,0.0,0.0,5,2,31,8,3,214,1,-0.9749279121818236,-0.2225209339563146,-0.8660254037844385,-0.5000000000000004,0.0,1,0.0,1,0.0,1,3.0,1,0.0,0.0,0.0,0.0,0.2857142857142857,0.39285714285714285,1.0659471779799417,0.0,4.0,0.0,0,1356.09,0.0,0.0,True,False,False,False,False,False,False,False,False,False,False,False,False,False,False,False,False,True,False,False,False,False,False,False,False,False,False,False,False,False,False,False,False,True,False,False
Germany,Gaming Laptop,2025-08-03,Electronics,3.0,978.59,0.07,20.0,2.0,1.0,0.0,6,3,31,8,3,215,1,-0.7818314824680299,0.6234898018587334,-0.8660254037844385,-0.5000000000000004,0.0,1,0.0,1,0.0,1,0.0,1,0.0,0.0,0.0,0.0,0.2857142857142857,0.2857142857142857,0.9371802805794059,0.0,4.0,0.0,1,1356.09,-377.4999999999999,-0.27837385424271244,True,False,False,False,False,False,False,False,False,False,False,False,False,False,False,False,False,True,False,False,False,False,False,False,False,False,False,False,False,False,False,False,False,True,False,False
Germany,Gaming Laptop,2025-08-04,Electronics,1.0,1044.42,0.13,20.0,2.0,1.0,0.0,0,4,32,8,3,216,0,0.0,1.0,-0.8660254037844385,-0.5000000000000004,3.0,1,0.0,1,0.0,1,0.0,1,0.42857142857142855,1.1338934190276786,0.0,3.0,0.5,0.39285714285714285,1.0659471779799417,0.0,4.0,1.0909090909090908,1,978.59,65.83000000000004,0.06727025618491916,True,False,False,False,False,False,False,False,False,False,False,False,False,False,False,False,False,True,False,False,False,False,False,False,False,False,False,False,False,False,False,False,False,True,False,False
Germany,Gaming Laptop,2025-08-05,Electronics,5.0,748.46,0.12,20.0,2.0,1.0,0.0,1,5,32,8,3,217,0,0.7818314824680298,0.6234898018587336,-0.8660254037844385,-0.5000000000000004,1.0,1,0.0,1,0.0,1,0.0,1,0.5714285714285714,1.1338934190276786,0.0,3.0,0.5714285714285714,0.42857142857142855,1.0690449676497045,0.0,4.0,1.3333333333333333,1,1044.42,-295.96000000000004,-0.2833725895712453,True,False,False,False,False,False,False,False,False,False,False,False,False,False,False,False,False,True,False,False,False,False,False,False,False,False,False,False,False,False,False,False,False,True,False,False
Germany,Gaming Laptop,2025-08-06,Electronics,0.0,748.46,,20.0,2.0,0.0,0.0,2,6,32,8,3,218,0,0.9749279121818236,-0.22252093395631434,-0.8660254037844385,-0.5000000000000004,5.0,1,0.0,1,0.0,1,0.0,1,1.2857142857142858,1.9760470401187054,0.0,5.0,0.9285714285714286,0.6071428571428571,1.3700307029348433,0.0,5.0,2.11764705882353,0,748.46,0.0,0.0,True,False,False,False,False,False,False,False,False,False,False,False,False,False,False,False,False,True,False,False,False,False,False,False,False,False,False,False,False,False,False,False,False,True,False,False
Germany,Gaming Laptop,2025-08-07,Electronics,0.0,748.46,,20.0,2.0,0.0,0.0,3,7,32,8,3,219,0,0.43388373911755823,-0.900968867902419,-0.8660254037844385,-0.5000000000000004,0.0,1,0.0,1,3.0,1,0.0,1,1.2857142857142858,1.9760470401187054,0.0,5.0,0.9285714285714286,0.6071428571428571,1.3700307029348433,0.0,5.0,2.11764705882353,0,748.46,0.0,0.0,True,False,False,False,False,False,False,False,False,False,False,False,False,False,False,False,False,True,False,False,False,False,False,False,False,False,False,False,False,False,False,False,False,True,False,False
Germany,Gaming Laptop,2025-08-08,Electronics,6.0,280.3966666666667,0.13,20.0,2.0,1.0,0.0,4,8,32,8,3,220,0,-0.433883739117558,-0.9009688679024191,-0.8660254037844385,-0.5000000000000004,0.0,1,0.0,1,1.0,1,0.0,1,1.2857142857142858,1.9760470401187054,0.0,5.0,0.7142857142857143,0.6071428571428571,1.3700307029348433,0.0,5.0,2.11764705882353,1,748.46,-468.06333333333333,-0.6253685345019551,True,False,False,False,False,False,False,False,False,False,False,False,False,False,False,False,False,True,False,False,False,False,False,False,False,False,False,False,False,False,False,False,False,True,False,False
Germany,Gaming Laptop,2025-08-09,Electronics,0.0,280.3966666666667,,20.0,2.0,0.0,0.0,5,9,32,8,3,221,1,-0.9749279121818236,-0.2225209339563146,-0.8660254037844385,-0.5000000000000004,6.0,1,0.0,1,0.0,1,0.0,1,2.142857142857143,2.5448360411214055,0.0,6.0,1.0714285714285714,0.8214285714285714,1.7008401285415262,0.0,6.0,2.608695652173913,0,280.3966666666667,0.0,0.0,True,False,False,False,False,False,False,False,False,False,False,False,False,False,False,False,False,True,False,False,False,False,False,False,False,False,False,False,False,False,False,False,False,True,False,False
Germany,Gaming Laptop,2025-08-10,Electronics,0.0,280.3966666666667,,20.0,2.0,0.0,0.0,6,10,32,8,3,222,1,-0.7818314824680299,0.6234898018587334,-0.8660254037844385,-0.5000000000000004,0.0,1,3.0,1,0.0,1,0.0,1,2.142857142857143,2.5448360411214055,0.0,6.0,1.0714285714285714,0.8214285714285714,1.7008401285415262,0.0,6.0,2.608695652173913,0,280.3966666666667,0.0,0.0,True,False,False,False,False,False,False,False,False,False,False,False,False,False,False,False,False,True,False,False,False,False,False,False,False,False,False,False,False,False,False,False,False,True,False,False
Germany,Gaming Laptop,2025-08-11,Electronics,0.0,280.3966666666667,,20.0,2.0,0.0,0.0,0,11,33,8,3,223,0,0.0,1.0,-0.8660254037844385,-0.5000000000000004,0.0,1,1.0,1,0.0,1,0.0,1,1.7142857142857142,2.6276913640612167,0.0,6.0,1.0714285714285714,0.8214285714285714,1.7008401285415262,0.0,6.0,2.0869565217391304,0,280.3966666666667,0.0,0.0,True,False,False,False,False,False,False,False,False,False,False,False,False,False,False,False,False,True,False,False,False,False,False,False,False,False,False,False,False,False,False,False,False,True,False,False
Germany,Gaming Laptop,2025-08-12,Electronics,2.0,155.09,0.06,20.0,2.0,1.0,0.0,1,12,33,8,3,224,0,0.7818314824680298,0.6234898018587336,-0.8660254037844385,-0.5000000000000004,0.0,1,5.0,1,0.0,1,4.0,1,1.5714285714285714,2.6992062325273105,0.0,6.0,1.0714285714285714,0.8214285714285714,1.7008401285415262,0.0,6.0,1.9130434782608696,1,280.3966666666667,-125.3066666666667,-0.4468907143451539,True,False,False,False,False,False,False,False,False,False,False,False,False,False,False,False,False,True,False,False,False,False,False,False,False,False,False,False,False,False,False,False,False,True,False,False
Germany,Gaming Laptop,2025-08-13,Electronics,0.0,155.09,,20.0,2.0,0.0,0.0,2,13,33,8,3,225,0,0.9749279121818236,-0.22252093395631434,-0.8660254037844385,-0.5000000000000004,2.0,1,0.0,1,0.0,1,0.0,1,1.1428571428571428,2.2677868380553616,0.0,6.0,1.2142857142857142,0.75,1.601503922822179,0.0,6.0,1.5238095238095237,0,155.09,0.0,0.0,True,False,False,False,False,False,False,False,False,False,False,False,False,False,False,False,False,True,False,False,False,False,False,False,False,False,False,False,False,False,False,False,False,True,False,False
Germany,Gaming Laptop,2025-08-14,Electronics,0.0,155.09,,20.0,2.0,0.0,0.0,3,14,33,8,3,226,0,0.43388373911755823,-0.900968867902419,-0.8660254037844385,-0.5000000000000004,0.0,1,0.0,1,0.0,1,0.0,1,1.1428571428571428,2.2677868380553616,0.0,6.0,1.2142857142857142,0.75,1.601503922822179,0.0,6.0,1.5238095238095237,0,155.09,0.0,0.0,True,False,False,False,False,False,False,False,False,False,False,False,False,False,False,False,False,True,False,False,False,False,False,False,False,False,False,False,False,False,False,False,False,True,False,False
Germany,Gaming Laptop,2025-08-15,Electronics,1.0,108.66,0.05,20.0,2.0,1.0,0.0,4,15,33,8,3,227,0,-0.433883739117558,-0.9009688679024191,-0.8660254037844385,-0.5000000000000004,0.0,1,6.0,1,0.0,1,0.0,1,1.1428571428571428,2.2677868380553616,0.0,6.0,1.2142857142857142,0.75,1.601503922822179,0.0,6.0,1.5238095238095237,1,155.09,-46.43000000000001,-0.2993745567090077,True,False,False,False,False,False,False,False,False,False,False,False,False,False,False,False,False,True,False,False,False,False,False,False,False,False,False,False,False,False,False,False,False,True,False,False
Germany,Gaming Laptop,2025-08-16,Electronics,0.0,108.66,,20.0,2.0,0.0,0.0,5,16,33,8,3,228,1,-0.9749279121818236,-0.2225209339563146,-0.8660254037844385,-0.5000000000000004,1.0,1,0.0,1,0.0,1,0.0,1,0.42857142857142855,0.7867957924694384,0.0,2.0,1.2857142857142858,0.7857142857142857,1.5952973218098117,0.0,6.0,0.5454545454545454,0,108.66,0.0,0.0,True,False,False,False,False,False,False,False,False,False,False,False,False,False,False,False,False,True,False,False,False,False,False,False,False,False,False,False,False,False,False,False,False,True,False,False
Germany,Gaming Laptop,2025-08-17,Electronics,2.0,235.06,0.01,20.0,2.0,1.0,0.0,6,17,33,8,3,229,1,-0.7818314824680299,0.6234898018587334,-0.8660254037844385,-0.5000000000000004,0.0,1,0.0,1,3.0,1,0.0,1,0.42857142857142855,0.7867957924694384,0.0,2.0,1.2857142857142858,0.7857142857142857,1.5952973218098117,0.0,6.0,0.5454545454545454,1,108.66,126.4,1.1632615497883307,True,False,False,False,False,False,False,False,False,False,False,False,False,False,False,False,False,True,False,False,False,False,False,False,False,False,False,False,False,False,False,False,False,True,False,False
Germany,Gaming Laptop,2025-08-18,Electronics,0.0,235.06,,20.0,2.0,0.0,0.0,0,18,34,8,3,230,0,0.0,1.0,-0.8660254037844385,-0.5000000000000004,2.0,1,0.0,1,1.0,1,0.0,1,0.7142857142857143,0.9511897312113379,0.0,2.0,1.2142857142857142,0.8571428571428571,1.6035674514745502,0.0,6.0,0.8333333333333334,0,235.06,0.0,0.0,True,False,False,False,False,False,False,False,False,False,False,False,False,False,False,False,False,True,False,False,False,False,False,False,False,False,False,False,False,False,False,False,False,True,False,False
Germany,Gaming Laptop,2025-08-19,Electronics,0.0,235.06,,20.0,2.0,0.0,0.0,1,19,34,8,3,231,0,0.7818314824680298,0.6234898018587336,-0.8660254037844385,-0.5000000000000004,0.0,1,2.0,1,5.0,1,0.0,1,0.7142857142857143,0.9511897312113379,0.0,2.0,1.1428571428571428,0.8571428571428571,1.6035674514745502,0.0,6.0,0.8333333333333334,0,235.06,0.0,0.0,True,False,False,False,False,False,False,False,False,False,False,False,False,False,False,False,False,True,False,False,False,False,False,False,False,False,False,False,False,False,False,False,False,True,False,False
Germany,Gaming Laptop,2025-08-20,Electronics,0.0,235.06,,20.0,2.0,0.0,0.0,2,20,34,8,3,232,0,0.9749279121818236,-0.22252093395631434,-0.8660254037844385,-0.5000000000000004,0.0,1,0.0,1,0.0,1,0.0,1,0.42857142857142855,0.7867957924694384,0.0,2.0,0.7857142857142857,0.8571428571428571,1.6035674514745502,0.0,6.0,0.5,0,235.06,0.0,0.0,True,False,False,False,False,False,False,False,False,False,False,False,False,False,False,False,False,True,False,False,False,False,False,False,False,False,False,False,False,False,False,False,False,True,False,False
Germany,Gaming Laptop,2025-08-21,Electronics,0.0,235.06,,20.0,2.0,0.0,0.0,3,21,34,8,3,233,0,0.43388373911755823,-0.900968867902419,-0.8660254037844385,-0.5000000000000004,0.0,1,0.0,1,0.0,1,3.0,1,0.42857142857142855,0.7867957924694384,0.0,2.0,0.7857142857142857,0.8571428571428571,1.6035674514745502,0.0,6.0,0.5,0,235.06,0.0,0.0,True,False,False,False,False,False,False,False,False,False,False,False,False,False,False,False,False,True,False,False,False,False,False,False,False,False,False,False,False,False,False,False,False,True,False,False
Germany,Gaming Laptop,2025-08-22,Electronics,2.0,1045.42,0.12,20.0,2.0,1.0,0.0,4,22,34,8,3,234,0,-0.433883739117558,-0.9009688679024191,-0.8660254037844385,-0.5000000000000004,0.0,1,1.0,1,6.0,1,1.0,1,0.42857142857142855,0.7867957924694384,0.0,2.0,0.7857142857142857,0.75,1.5545631755148068,0.0,6.0,0.5714285714285714,1,235.06,810.3600000000001,3.4474602229218076,True,False,False,False,False,False,False,False,False,False,False,False,False,False,False,False,False,True,False,False,False,False,False,False,False,False,False,False,False,False,False,False,False,True,False,False
Germany,Gaming Laptop,2025-08-23,Electronics,0.0,1045.42,,20.0,2.0,0.0,0.0,5,23,34,8,3,235,1,-0.9749279121818236,-0.2225209339563146,-0.8660254037844385,-0.5000000000000004,2.0,1,0.0,1,0.0,1,0.0,1,0.5714285714285714,0.9759000729485294,0.0,2.0,0.5,0.7857142857142857,1.5719094983170896,0.0,6.0,0.7272727272727273,0,1045.42,0.0,0.0,True,False,False,False,False,False,False,False,False,False,False,False,False,False,False,False,False,True,False,False,False,False,False,False,False,False,False,False,False,False,False,False,False,True,False,False
Germany,Gaming Laptop,2025-08-24,Electronics,0.0,1045.42,,20.0,2.0,0.0,0.0,6,24,34,8,3,236,1,-0.7818314824680299,0.6234898018587334,-0.8660254037844385,-0.5000000000000004,0.0,1,2.0,1,0.0,1,0.0,1,0.5714285714285714,0.9759000729485294,0.0,2.0,0.5,0.7857142857142857,1.5719094983170896,0.0,6.0,0.7272727272727273,0,1045.42,0.0,0.0,True,False,False,False,False,False,False,False,False,False,False,False,False,False,False,False,False,True,False,False,False,False,False,False,False,False,False,False,False,False,False,False,False,True,False,False
Germany,Gaming Laptop,2025-08-25,Electronics,0.0,1045.42,,20.0,2.0,0.0,0.0,0,25,35,8,3,237,0,0.0,1.0,-0.8660254037844385,-0.5000000000000004,0.0,1,0.0,1,0.0,1,0.0,1,0.2857142857142857,0.7559289460184496,0.0,2.0,0.5,0.7857142857142857,1.5719094983170896,0.0,6.0,0.36363636363636365,0,1045.42,0.0,0.0,True,False,False,False,False,False,False,False,False,False,False,False,False,False,False,False,False,True,False,False,False,False,False,False,False,False,False,False,False,False,False,False,False,True,False,False
Germany,Gaming Laptop,2025-08-26,Electronics,0.0,1045.42,,20.0,2.0,0.0,0.0,1,26,35,8,3,238,0,0.7818314824680298,0.6234898018587336,-0.8660254037844385,-0.5000000000000004,0.0,1,0.0,1,2.0,1,0.0,1,0.2857142857142857,0.7559289460184496,0.0,2.0,0.5,0.7857142857142857,1.5719094983170896,0.0,6.0,0.36363636363636365,0,1045.42,0.0,0.0,True,False,False,False,False,False,False,False,False,False,False,False,False,False,False,False,False,True,False,False,False,False,False,False,False,False,False,False,False,False,False,False,False,True,False,False
Germany,Gaming Laptop,2025-08-27,Electronics,0.0,1045.42,,20.0,2.0,0.0,0.0,2,27,35,8,3,239,0,0.9749279121818236,-0.22252093395631434,-0.8660254037844385,-0.5000000000000004,0.0,1,0.0,1,0.0,1,0.0,1,0.2857142857142857,0.7559289460184496,0.0,2.0,0.35714285714285715,0.7857142857142857,1.5719094983170896,0.0,6.0,0.36363636363636365,0,1045.42,0.0,0.0,True,False,False,False,False,False,False,False,False,False,False,False,False,False,False,False,False,True,False,False,False,False,False,False,False,False,False,False,False,False,False,False,False,True,False,False
Germany,Gaming Laptop,2025-08-28,Electronics,3.0,1425.31,0.04,20.0,2.0,1.0,0.0,3,28,35,8,3,240,0,0.43388373911755823,-0.900968867902419,-0.8660254037844385,-0.5000000000000004,0.0,1,0.0,1,0.0,1,0.0,1,0.2857142857142857,0.7559289460184496,0.0,2.0,0.35714285714285715,0.7857142857142857,1.5719094983170896,0.0,6.0,0.36363636363636365,1,1045.42,379.8899999999999,0.36338505098429325,True,False,False,False,False,False,False,False,False,False,False,False,False,False,False,False,False,True,False,False,False,False,False,False,False,False,False,False,False,False,False,False,False,True,False,False
Germany,Gaming Laptop,2025-08-29,Electronics,0.0,1425.31,,20.0,2.0,0.0,0.0,4,29,35,8,3,241,0,-0.433883739117558,-0.9009688679024191,-0.8660254037844385,-0.5000000000000004,3.0,1,2.0,1,1.0,1,0.0,1,0.7142857142857143,1.2535663410560145,0.0,3.0,0.5714285714285714,0.8928571428571429,1.617938462279972,0.0,6.0,0.7999999999999999,0,1425.31,0.0,0.0,True,False,False,False,False,False,False,False,False,False,False,False,False,False,False,False,False,True,False,False,False,False,False,False,False,False,False,False,False,False,False,False,False,True,False,False
Germany,Gaming Laptop,2025-08-30,Electronics,0.0,1425.31,,20.0,2.0,0.0,0.0,5,30,35,8,3,242,1,-0.9749279121818236,-0.2225209339563146,-0.8660254037844385,-0.5000000000000004,0.0,1,0.0,1,0.0,1,0.0,1,0.42857142857142855,1.1338934190276786,0.0,3.0,0.5,0.8928571428571429,1.617938462279972,0.0,6.0,0.4799999999999999,0,1425.31,0.0,0.0,True,False,False,False,False,False,False,False,False,False,False,False,False,False,False,False,False,True,False,False,False,False,False,False,False,False,False,False,False,False,False,False,False,True,False,False
Germany,Gaming Laptop,2025-08-31,Electronics,0.0,1425.31,,20.0,2.0,0.0,0.0,6,31,35,8,3,243,1,-0.7818314824680299,0.6234898018587334,-0.8660254037844385,-0.5000000000000004,0.0,1,0.0,1,2.0,1,3.0,1,0.42857142857142855,1.1338934190276786,0.0,3.0,0.5,0.8928571428571429,1.617938462279972,0.0,6.0,0.4799999999999999,0,1425.31,0.0,0.0,True,False,False,False,False,False,False,False,False,False,False,False,False,False,False,False,False,True,False,False,False,False,False,False,False,False,False,False,False,False,False,False,False,True,False,False
Germany,Gaming Laptop,2025-09-01,Electronics,0.0,1425.31,,20.0,2.0,0.0,0.0,0,1,36,9,3,244,0,0.0,1.0,-1.0,-1.8369701987210297e-16,0.0,1,0.0,1,0.0,1,1.0,1,0.42857142857142855,1.1338934190276786,0.0,3.0,0.35714285714285715,0.7857142857142857,1.5719094983170896,0.0,6.0,0.5454545454545454,0,1425.31,0.0,0.0,True,False,False,False,False,False,False,False,False,False,False,False,False,False,False,False,False,True,False,False,False,False,False,False,False,False,False,False,False,False,False,False,False,True,False,False
Germany,Gaming Laptop,2025-09-02,Electronics,0.0,1425.31,,20.0,2.0,0.0,0.0,1,2,36,9,3,245,0,0.7818314824680298,0.6234898018587336,-1.0,-1.8369701987210297e-16,0.0,1,0.0,1,0.0,1,5.0,1,0.42857142857142855,1.1338934190276786,0.0,3.0,0.35714285714285715,0.75,1.5782080790379809,0.0,6.0,0.5714285714285714,0,1425.31,0.0,0.0,True,False,False,False,False,False,False,False,False,False,False,False,False,False,False,False,False,True,False,False,False,False,False,False,False,False,False,False,False,False,False,False,False,True,False,False
Germany,Gaming Laptop,2025-09-03,Electronics,0.0,1425.31,,20.0,2.0,0.0,0.0,2,3,36,9,3,246,0,0.9749279121818236,-0.22252093395631434,-1.0,-1.8369701987210297e-16,0.0,1,0.0,1,0.0,1,0.0,1,0.42857142857142855,1.1338934190276786,0.0,3.0,0.35714285714285715,0.5714285714285714,1.3451854182691039,0.0,6.0,0.75,0,1425.31,0.0,0.0,True,False,False,False,False,False,False,False,False,False,False,False,False,False,False,False,False,True,False,False,False,False,False,False,False,False,False,False,False,False,False,False,False,True,False,False
Germany,Gaming Laptop,2025-09-04,Electronics,0.0,1425.31,,20.0,2.0,0.0,0.0,3,4,36,9,3,247,0,0.43388373911755823,-0.900968867902419,-1.0,-1.8369701987210297e-16,0.0,1,3.0,1,0.0,1,0.0,1,0.42857142857142855,1.1338934190276786,0.0,3.0,0.35714285714285715,0.5714285714285714,1.3451854182691039,0.0,6.0,0.75,0,1425.31,0.0,0.0,True,False,False,False,False,False,False,False,False,False,False,False,False,False,False,False,False,True,False,False,False,False,False,False,False,False,False,False,False,False,False,False,False,True,False,False
Germany,Gaming Laptop,2025-09-05,Electronics,0.0,1425.31,,20.0,2.0,0.0,0.0,4,5,36,9,3,248,0,-0.433883739117558,-0.9009688679024191,-1.0,-1.8369701987210297e-16,0.0,1,0.0,1,2.0,1,6.0,1,0.0,0.0,0.0,0.0,0.35714285714285715,0.5714285714285714,1.3451854182691039,0.0,6.0,0.0,0,1425.31,0.0,0.0,True,False,False,False,False,False,False,False,False,False,False,False,False,False,False,False,False,True,False,False,False,False,False,False,False,False,False,False,False,False,False,False,False,True,False,False
Germany,Gaming Laptop,2025-09-06,Electronics,0.0,1425.31,,20.0,2.0,0.0,0.0,5,6,36,9,3,249,1,-0.9749279121818236,-0.2225209339563146,-1.0,-1.8369701987210297e-16,0.0,1,0.0,1,0.0,1,0.0,1,0.0,0.0,0.0,0.0,0.21428571428571427,0.35714285714285715,0.826159598709413,0.0,3.0,0.0,0,1425.31,0.0,0.0,True,False,False,False,False,False,False,False,False,False,False,False,False,False,False,False,False,True,False,False,False,False,False,False,False,False,False,False,False,False,False,False,False,True,False,False
Germany,Gaming Laptop,2025-09-07,Electronics,0.0,1425.31,,20.0,2.0,0.0,0.0,6,7,36,9,3,250,1,-0.7818314824680299,0.6234898018587334,-1.0,-1.8369701987210297e-16,0.0,1,0.0,1,0.0,1,0.0,1,0.0,0.0,0.0,0.0,0.21428571428571427,0.35714285714285715,0.826159598709413,0.0,3.0,0.0,0,1425.31,0.0,0.0,True,False,False,False,False,False,False,False,False,False,False,False,False,False,False,False,False,True,False,False,False,False,False,False,False,False,False,False,False,False,False,False,False,True,False,False
Germany,Gaming Laptop,2025-09-08,Electronics,0.0,1425.31,,20.0,2.0,0.0,0.0,0,8,37,9,3,251,0,0.0,1.0,-1.0,-1.8369701987210297e-16,0.0,1,0.0,1,0.0,1,0.0,1,0.0,0.0,0.0,0.0,0.21428571428571427,0.35714285714285715,0.826159598709413,0.0,3.0,0.0,0,1425.31,0.0,0.0,True,False,False,False,False,False,False,False,False,False,False,False,False,False,False,False,False,True,False,False,False,False,False,False,False,False,False,False,False,False,False,False,False,True,False,False
Germany,Gaming Laptop,2025-09-09,Electronics,0.0,1425.31,,20.0,2.0,0.0,0.0,1,9,37,9,3,252,0,0.7818314824680298,0.6234898018587336,-1.0,-1.8369701987210297e-16,0.0,1,0.0,1,0.0,1,2.0,1,0.0,0.0,0.0,0.0,0.21428571428571427,0.35714285714285715,0.826159598709413,0.0,3.0,0.0,0,1425.31,0.0,0.0,True,False,False,False,False,False,False,False,False,False,False,False,False,False,False,False,False,True,False,False,False,False,False,False,False,False,False,False,False,False,False,False,False,True,False,False
Germany,Gaming Laptop,2025-09-10,Electronics,0.0,1425.31,,20.0,2.0,0.0,0.0,2,10,37,9,3,253,0,0.9749279121818236,-0.22252093395631434,-1.0,-1.8369701987210297e-16,0.0,1,0.0,1,0.0,1,0.0,1,0.0,0.0,0.0,0.0,0.21428571428571427,0.2857142857142857,0.7628961803617831,0.0,3.0,0.0,0,1425.31,0.0,0.0,True,False,False,False,False,False,False,False,False,False,False,False,False,False,False,False,False,True,False,False,False,False,False,False,False,False,False,False,False,False,False,False,False,True,False,False
Germany,Gaming Laptop,2025-09-11,Electronics,0.0,1425.31,,20.0,2.0,0.0,0.0,3,11,37,9,3,254,0,0.43388373911755823,-0.900968867902419,-1.0,-1.8369701987210297e-16,0.0,1,0.0,1,3.0,1,0.0,1,0.0,0.0,0.0,0.0,0.21428571428571427,0.2857142857142857,0.7628961803617831,0.0,3.0,0.0,0,1425.31,0.0,0.0,True,False,False,False,False,False,False,False,False,False,False,False,False,False,False,False,False,True,False,False,False,False,False,False,False,False,False,False,False,False,False,False,False,True,False,False
Germany,Gaming Laptop,2025-09-12,Electronics,2.0,816.89,0.05,20.0,2.0,1.0,0.0,4,12,37,9,3,255,0,-0.433883739117558,-0.9009688679024191,-1.0,-1.8369701987210297e-16,0.0,1,0.0,1,0.0,1,1.0,1,0.0,0.0,0.0,0.0,0.0,0.2857142857142857,0.7628961803617831,0.0,3.0,0.0,1,1425.31,-608.42,-0.42686854087882636,True,False,False,False,False,False,False,False,False,False,False,False,False,False,False,False,False,True,False,False,False,False,False,False,False,False,False,False,False,False,False,False,False,True,False,False
Germany,Gaming Laptop,2025-09-13,Electronics,0.0,816.89,,20.0,2.0,0.0,0.0,5,13,37,9,3,256,1,-0.9749279121818236,-0.2225209339563146,-1.0,-1.8369701987210297e-16,2.0,1,0.0,1,0.0,1,0.0,1,0.2857142857142857,0.7559289460184496,0.0,2.0,0.14285714285714285,0.32142857142857145,0.8189230248533353,0.0,3.0,0.8888888888888887,0,816.89,0.0,0.0,True,False,False,False,False,False,False,False,False,False,False,False,False,False,False,False,False,True,False,False,False,False,False,False,False,False,False,False,False,False,False,False,False,True,False,False
Germany,Gaming Laptop,2025-09-14,Electronics,0.0,816.89,,20.0,2.0,0.0,0.0,6,14,37,9,3,257,1,-0.7818314824680299,0.6234898018587334,-1.0,-1.8369701987210297e-16,0.0,1,0.0,1,0.0,1,2.0,1,0.2857142857142857,0.7559289460184496,0.0,2.0,0.14285714285714285,0.32142857142857145,0.8189230248533353,0.0,3.0,0.8888888888888887,0,816.89,0.0,0.0,True,False,False,False,False,False,False,False,False,False,False,False,False,False,False,False,False,True,False,False,False,False,False,False,False,False,False,False,False,False,False,False,False,True,False,False
Germany,Gaming Laptop,2025-09-15,Electronics,1.0,1297.28,0.04,20.0,2.0,1.0,0.0,0,15,38,9,3,258,0,0.0,1.0,-1.0,-1.8369701987210297e-16,0.0,1,0.0,1,0.0,1,0.0,1,0.2857142857142857,0.7559289460184496,0.0,2.0,0.14285714285714285,0.25,0.7515416254704934,0.0,3.0,1.1428571428571428,1,816.89,480.39,0.5880718334169839,True,False,False,False,False,False,False,False,False,False,False,False,False,False,False,False,False,True,False,False,False,False,False,False,False,False,False,False,False,False,False,False,False,True,False,False
Germany,Gaming Laptop,2025-09-16,Electronics,0.0,1297.28,,20.0,2.0,0.0,0.0,1,16,38,9,3,259,0,0.7818314824680298,0.6234898018587336,-1.0,-1.8369701987210297e-16,1.0,1,0.0,1,0.0,1,0.0,1,0.42857142857142855,0.7867957924694384,0.0,2.0,0.21428571428571427,0.2857142857142857,0.7628961803617831,0.0,3.0,1.5,0,1297.28,0.0,0.0,True,False,False,False,False,False,False,False,False,False,False,False,False,False,False,False,False,True,False,False,False,False,False,False,False,False,False,False,False,False,False,False,False,True,False,False
Germany,Gaming Laptop,2025-09-17,Electronics,0.0,1297.28,,20.0,2.0,0.0,0.0,2,17,38,9,3,260,0,0.9749279121818236,-0.22252093395631434,-1.0,-1.8369701987210297e-16,0.0,1,0.0,1,0.0,1,0.0,1,0.42857142857142855,0.7867957924694384,0.0,2.0,0.21428571428571427,0.2857142857142857,0.7628961803617831,0.0,3.0,1.5,0,1297.28,0.0,0.0,True,False,False,False,False,False,False,False,False,False,False,False,False,False,False,False,False,True,False,False,False,False,False,False,False,False,False,False,False,False,False,False,False,True,False,False
Germany,Gaming Laptop,2025-09-18,Electronics,1.0,1393.64,0.01,20.0,2.0,1.0,0.0,3,18,38,9,3,261,0,0.43388373911755823,-0.900968867902419,-1.0,-1.8369701987210297e-16,0.0,1,0.0,1,0.0,1,0.0,1,0.42857142857142855,0.7867957924694384,0.0,2.0,0.21428571428571427,0.2857142857142857,0.7628961803617831,0.0,3.0,1.5,1,1297.28,96.36000000000013,0.07427849037987183,True,False,False,False,False,False,False,False,False,False,False,False,False,False,False,False,False,True,False,False,False,False,False,False,False,False,False,False,False,False,False,False,False,True,False,False
Germany,Gaming Laptop,2025-09-19,Electronics,0.0,1393.64,,20.0,2.0,0.0,0.0,4,19,38,9,3,262,0,-0.433883739117558,-0.9009688679024191,-1.0,-1.8369701987210297e-16,1.0,1,2.0,1,0.0,1,2.0,1,0.5714285714285714,0.7867957924694384,0.0,2.0,0.2857142857142857,0.32142857142857145,0.7723735149271125,0.0,3.0,1.7777777777777775,0,1393.64,0.0,0.0,True,False,False,False,False,False,False,False,False,False,False,False,False,False,False,False,False,True,False,False,False,False,False,False,False,False,False,False,False,False,False,False,False,True,False,False
Germany,Gaming Laptop,2025-09-20,Electronics,0.0,1393.64,,20.0,2.0,0.0,0.0,5,20,38,9,3,263,1,-0.9749279121818236,-0.2225209339563146,-1.0,-1.8369701987210297e-16,0.0,1,0.0,1,0.0,1,0.0,1,0.2857142857142857,0.4879500364742591,0.0,1.0,0.2857142857142857,0.25,0.7005289007177057,0.0,3.0,1.1428571428571428,0,1393.64,0.0,0.0,True,False,False,False,False,False,False,False,False,False,False,False,False,False,False,False,False,True,False,False,False,False,False,False,False,False,False,False,False,False,False,False,False,True,False,False
Germany,Gaming Laptop,2025-09-21,Electronics,0.0,1393.64,,20.0,2.0,0.0,0.0,6,21,38,9,3,264,1,-0.7818314824680299,0.6234898018587334,-1.0,-1.8369701987210297e-16,0.0,1,0.0,1,0.0,1,0.0,1,0.2857142857142857,0.4879500364742591,0.0,1.0,0.2857142857142857,0.25,0.7005289007177057,0.0,3.0,1.1428571428571428,0,1393.64,0.0,0.0,True,False,False,False,False,False,False,False,False,False,False,False,False,False,False,False,False,True,False,False,False,False,False,False,False,False,False,False,False,False,False,False,False,True,False,False
Germany,Gaming Laptop,2025-09-22,Electronics,3.0,283.38,0.12,20.0,2.0,1.0,0.0,0,22,39,9,3,265,0,0.0,1.0,-1.0,-1.8369701987210297e-16,0.0,1,1.0,1,0.0,1,0.0,1,0.2857142857142857,0.4879500364742591,0.0,1.0,0.2857142857142857,0.25,0.7005289007177057,0.0,3.0,1.1428571428571428,1,1393.64,-1110.2600000000002,-0.7966619787032521,True,False,False,False,False,False,False,False,False,False,False,False,False,False,False,False,False,True,False,False,False,False,False,False,False,False,False,False,False,False,False,False,False,True,False,False
Germany,Gaming Laptop,2025-09-23,Electronics,0.0,283.38,,20.0,2.0,0.0,0.0,1,23,39,9,3,266,0,0.7818314824680298,0.6234898018587336,-1.0,-1.8369701987210297e-16,3.0,1,0.0,1,0.0,1,0.0,1,0.5714285714285714,1.1338934190276784,0.0,3.0,0.5,0.35714285714285715,0.8698354767505015,0.0,3.0,1.5999999999999999,0,283.38,0.0,0.0,True,False,False,False,False,False,False,False,False,False,False,False,False,False,False,False,False,True,False,False,False,False,False,False,False,False,False,False,False,False,False,False,False,True,False,False
Germany,Gaming Laptop,2025-09-24,Electronics,0.0,283.38,,20.0,2.0,0.0,0.0,2,24,39,9,3,267,0,0.9749279121818236,-0.22252093395631434,-1.0,-1.8369701987210297e-16,0.0,1,0.0,1,0.0,1,0.0,1,0.5714285714285714,1.1338934190276784,0.0,3.0,0.5,0.35714285714285715,0.8698354767505015,0.0,3.0,1.5999999999999999,0,283.38,0.0,0.0,True,False,False,False,False,False,False,False,False,False,False,False,False,False,False,False,False,True,False,False,False,False,False,False,False,False,False,False,False,False,False,False,False,True,False,False
Germany,Gaming Laptop,2025-09-25,Electronics,0.0,283.38,,20.0,2.0,0.0,0.0,3,25,39,9,3,268,0,0.43388373911755823,-0.900968867902419,-1.0,-1.8369701987210297e-16,0.0,1,1.0,1,0.0,1,3.0,1,0.5714285714285714,1.1338934190276784,0.0,3.0,0.5,0.35714285714285715,0.8698354767505015,0.0,3.0,1.5999999999999999,0,283.38,0.0,0.0,True,False,False,False,False,False,False,False,False,False,False,False,False,False,False,False,False,True,False,False,False,False,False,False,False,False,False,False,False,False,False,False,False,True,False,False
Germany,Gaming Laptop,2025-09-26,Electronics,4.0,530.15,0.14,20.0,2.0,1.0,0.0,4,26,39,9,3,269,0,-0.433883739117558,-0.9009688679024191,-1.0,-1.8369701987210297e-16,0.0,1,0.0,1,2.0,1,0.0,1,0.42857142857142855,1.1338934190276784,0.0,3.0,0.5,0.25,0.7005289007177057,0.0,3.0,1.7142857142857142,1,283.38,246.76999999999998,0.8708095137271508,True,False,False,False,False,False,False,False,False,False,False,False,False,False,False,False,False,True,False,False,False,False,False,False,False,False,False,False,False,False,False,False,False,True,False,False
Germany,Gaming Laptop,2025-09-27,Electronics,0.0,530.15,,20.0,2.0,0.0,0.0,5,27,39,9,3,270,1,-0.9749279121818236,-0.2225209339563146,-1.0,-1.8369701987210297e-16,4.0,1,0.0,1,0.0,1,0.0,1,1.0,1.7320508075688752,0.0,4.0,0.6428571428571429,0.39285714285714285,0.9940297973880128,0.0,4.0,2.5454545454545454,0,530.15,0.0,0.0,True,False,False,False,False,False,False,False,False,False,False,False,False,False,False,False,False,True,False,False,False,False,False,False,False,False,False,False,False,False,False,False,False,True,False,False
Germany,Gaming Laptop,2025-09-28,Electronics,4.0,591.0633333333334,0.14,20.0,2.0,1.0,0.0,6,28,39,9,3,271,1,-0.7818314824680299,0.6234898018587334,-1.0,-1.8369701987210297e-16,0.0,1,0.0,1,0.0,1,0.0,1,1.0,1.7320508075688752,0.0,4.0,0.6428571428571429,0.39285714285714285,0.9940297973880128,0.0,4.0,2.5454545454545454,1,530.15,60.91333333333341,0.11489829922349036,True,False,False,False,False,False,False,False,False,False,False,False,False,False,False,False,False,True,False,False,False,False,False,False,False,False,False,False,False,False,False,False,False,True,False,False
Germany,Gaming Laptop,2025-09-29,Electronics,0.0,591.0633333333334,,20.0,2.0,0.0,0.0,0,29,40,9,3,272,0,0.0,1.0,-1.0,-1.8369701987210297e-16,4.0,1,3.0,1,1.0,1,0.0,1,1.5714285714285714,1.9880595947760078,0.0,4.0,0.9285714285714286,0.5357142857142857,1.201300001299304,0.0,4.0,2.9333333333333336,0,591.0633333333334,0.0,0.0,True,False,False,False,False,False,False,False,False,False,False,False,False,False,False,False,False,True,False,False,False,False,False,False,False,False,False,False,False,False,False,False,False,True,False,False
Germany,Gaming Laptop,2025-09-30,Electronics,0.0,591.0633333333334,,20.0,2.0,0.0,0.0,1,30,40,9,3,273,0,0.7818314824680298,0.6234898018587336,-1.0,-1.8369701987210297e-16,0.0,1,0.0,1,0.0,1,0.0,1,1.1428571428571428,1.9518001458970644,0.0,4.0,0.8571428571428571,0.5357142857142857,1.201300001299304,0.0,4.0,2.1333333333333333,0,591.0633333333334,0.0,0.0,True,False,False,False,False,False,False,False,False,False,False,False,False,False,False,False,False,True,False,False,False,False,False,False,False,False,False,False,False,False,False,False,False,True,False,False
Germany,Gaming Laptop,2025-10-01,Electronics,3.0,478.87,0.11,20.0,2.0,1.0,0.0,2,1,40,10,4,274,0,0.9749279121818236,-0.22252093395631434,-0.8660254037844386,0.5000000000000001,0.0,1,0.0,1,0.0,1,0.0,1,1.1428571428571428,1.9518001458970644,0.0,4.0,0.8571428571428571,0.5357142857142857,1.201300001299304,0.0,4.0,2.1333333333333333,1,591.0633333333334,-112.19333333333338,-0.18981609415798653,True,False,False,False,False,False,False,False,False,False,False,False,False,False,False,False,False,True,False,False,False,False,False,False,False,False,False,False,False,False,False,False,False,True,False,False
Germany,Gaming Laptop,2025-10-02,Electronics,2.0,793.42,0.02,20.0,2.0,1.0,0.0,3,2,40,10,4,275,0,0.43388373911755823,-0.900968867902419,-0.8660254037844386,0.5000000000000001,3.0,1,0.0,1,1.0,1,0.0,1,1.5714285714285714,1.9880595947760078,0.0,4.0,1.0714285714285714,0.6428571428571429,1.2827714704898374,0.0,4.0,2.444444444444444,1,478.87,314.54999999999995,0.6568588552216675,True,False,False,False,False,False,False,False,False,False,False,False,False,False,False,False,False,True,False,False,False,False,False,False,False,False,False,False,False,False,False,False,False,True,False,False
Germany,Gaming Laptop,2025-10-03,Electronics,0.0,793.42,,20.0,2.0,0.0,0.0,4,3,40,10,4,276,0,-0.433883739117558,-0.9009688679024191,-0.8660254037844386,0.5000000000000001,2.0,1,4.0,1,0.0,1,0.0,1,1.8571428571428572,1.864454471471607,0.0,4.0,1.1428571428571428,0.7142857142857143,1.3012000972647162,0.0,4.0,2.6,0,793.42,0.0,0.0,True,False,False,False,False,False,False,False,False,False,False,False,False,False,False,False,False,True,False,False,False,False,False,False,False,False,False,False,False,False,False,False,False,True,False,False
Germany,Gaming Laptop,2025-10-04,Electronics,0.0,793.42,,20.0,2.0,0.0,0.0,5,4,40,10,4,277,1,-0.9749279121818236,-0.2225209339563146,-0.8660254037844386,0.5000000000000001,0.0,1,0.0,1,0.0,1,0.0,1,1.2857142857142858,1.704336206492691,0.0,4.0,1.1428571428571428,0.7142857142857143,1.3012000972647162,0.0,4.0,1.8,0,793.42,0.0,0.0,True,False,False,False,False,False,False,False,False,False,False,False,False,False,False,False,False,True,False,False,False,False,False,False,False,False,False,False,False,False,False,False,False,True,False,False
Germany,Gaming Laptop,2025-10-05,Electronics,0.0,793.42,,20.0,2.0,0.0,0.0,6,5,40,10,4,278,1,-0.7818314824680299,0.6234898018587334,-0.8660254037844386,0.5000000000000001,0.0,1,4.0,1,0.0,1,0.0,1,1.2857142857142858,1.704336206492691,0.0,4.0,1.1428571428571428,0.7142857142857143,1.3012000972647162,0.0,4.0,1.8,0,793.42,0.0,0.0,True,False,False,False,False,False,False,False,False,False,False,False,False,False,False,False,False,True,False,False,False,False,False,False,False,False,False,False,False,False,False,False,False,True,False,False
Germany,Gaming Laptop,2025-10-06,Electronics,0.0,793.42,,20.0,2.0,0.0,0.0,0,6,41,10,4,279,0,0.0,1.0,-0.8660254037844386,0.5000000000000001,0.0,1,0.0,1,3.0,1,0.0,1,0.7142857142857143,1.2535663410560143,0.0,3.0,1.1428571428571428,0.7142857142857143,1.3012000972647162,0.0,4.0,1.0,0,793.42,0.0,0.0,True,False,False,False,False,False,False,False,False,False,False,False,False,False,False,False,False,True,False,False,False,False,False,False,False,False,False,False,False,False,False,False,False,True,False,False
Germany,Gaming Laptop,2025-10-07,Electronics,0.0,793.42,,20.0,2.0,0.0,0.0,1,7,41,10,4,280,0,0.7818314824680298,0.6234898018587336,-0.8660254037844386,0.5000000000000001,0.0,1,0.0,1,0.0,1,0.0,1,0.7142857142857143,1.2535663410560143,0.0,3.0,0.9285714285714286,0.7142857142857143,1.3012000972647162,0.0,4.0,1.0,0,793.42,0.0,0.0,True,False,False,False,False,False,False,False,False,False,False,False,False,False,False,False,False,True,False,False,False,False,False,False,False,False,False,False,False,False,False,False,False,True,False,False
Germany,Gaming Laptop,2025-10-08,Electronics,0.0,793.42,,20.0,2.0,0.0,0.0,2,8,41,10,4,281,0,0.9749279121818236,-0.22252093395631434,-0.8660254037844386,0.5000000000000001,0.0,1,3.0,1,0.0,1,0.0,1,0.7142857142857143,1.2535663410560143,0.0,3.0,0.9285714285714286,0.7142857142857143,1.3012000972647162,0.0,4.0,1.0,0,793.42,0.0,0.0,True,False,False,False,False,False,False,False,False,False,False,False,False,False,False,False,False,True,False,False,False,False,False,False,False,False,False,False,False,False,False,False,False,True,False,False
Germany,Gaming Laptop,2025-10-09,Electronics,0.0,793.42,,20.0,2.0,0.0,0.0,3,9,41,10,4,282,0,0.43388373911755823,-0.900968867902419,-0.8660254037844386,0.5000000000000001,0.0,1,2.0,1,0.0,1,0.0,1,0.2857142857142857,0.7559289460184492,0.0,2.0,0.9285714285714286,0.7142857142857143,1.3012000972647162,0.0,4.0,0.39999999999999997,0,793.42,0.0,0.0,True,False,False,False,False,False,False,False,False,False,False,False,False,False,False,False,False,True,False,False,False,False,False,False,False,False,False,False,False,False,False,False,False,True,False,False
Germany,Gaming Laptop,2025-10-10,Electronics,3.0,82.34,0.1,20.0,2.0,1.0,0.0,4,10,41,10,4,283,0,-0.433883739117558,-0.9009688679024191,-0.8660254037844386,0.5000000000000001,0.0,1,0.0,1,4.0,1,2.0,1,0.0,0.0,0.0,0.0,0.9285714285714286,0.7142857142857143,1.3012000972647162,0.0,4.0,0.0,1,793.42,-711.0799999999999,-0.8962214211892818,True,False,False,False,False,False,False,False,False,False,False,False,False,False,False,False,False,True,False,False,False,False,False,False,False,False,False,False,False,False,False,False,False,True,False,False
Germany,Gaming Laptop,2025-10-11,Electronics,0.0,82.34,,20.0,2.0,0.0,0.0,5,11,41,10,4,284,1,-0.9749279121818236,-0.2225209339563146,-0.8660254037844386,0.5000000000000001,3.0,1,0.0,1,0.0,1,0.0,1,0.42857142857142855,1.1338934190276782,0.0,3.0,0.8571428571428571,0.75,1.3505828645714737,0.0,4.0,0.5714285714285714,0,82.34,0.0,0.0,True,False,False,False,False,False,False,False,False,False,False,False,False,False,False,False,False,True,False,False,False,False,False,False,False,False,False,False,False,False,False,False,False,True,False,False
Germany,Gaming Laptop,2025-10-12,Electronics,0.0,82.34,,20.0,2.0,0.0,0.0,6,12,41,10,4,285,1,-0.7818314824680299,0.6234898018587334,-0.8660254037844386,0.5000000000000001,0.0,1,0.0,1,4.0,1,0.0,1,0.42857142857142855,1.1338934190276782,0.0,3.0,0.8571428571428571,0.75,1.3505828645714737,0.0,4.0,0.5714285714285714,0,82.34,0.0,0.0,True,False,False,False,False,False,False,False,False,False,False,False,False,False,False,False,False,True,False,False,False,False,False,False,False,False,False,False,False,False,False,False,False,True,False,False
Germany,Gaming Laptop,2025-10-13,Electronics,2.0,1240.56,0.05,20.0,2.0,1.0,0.0,0,13,42,10,4,286,0,0.0,1.0,-0.8660254037844386,0.5000000000000001,0.0,1,0.0,1,0.0,1,1.0,1,0.42857142857142855,1.1338934190276782,0.0,3.0,0.5714285714285714,0.75,1.3505828645714737,0.0,4.0,0.5714285714285714,1,82.34,1158.22,14.06631042020889,True,False,False,False,False,False,False,False,False,False,False,False,False,False,False,False,False,True,False,False,False,False,False,False,False,False,False,False,False,False,False,False,False,True,False,False
Germany,Gaming Laptop,2025-10-14,Electronics,3.0,407.05,0.01,20.0,2.0,1.0,0.0,1,14,42,10,4,287,0,0.7818314824680298,0.6234898018587336,-0.8660254037844386,0.5000000000000001,2.0,1,0.0,1,0.0,1,0.0,1,0.7142857142857143,1.2535663410560143,0.0,3.0,0.7142857142857143,0.7857142857142857,1.370513363053017,0.0,4.0,0.9090909090909092,1,1240.56,-833.51,-0.6718820532662668,True,False,False,False,False,False,False,False,False,False,False,False,False,False,False,False,False,True,False,False,False,False,False,False,False,False,False,False,False,False,False,False,False,True,False,False
Germany,Gaming Laptop,2025-10-15,Electronics,0.0,407.05,,20.0,2.0,0.0,0.0,2,15,42,10,4,288,0,0.9749279121818236,-0.22252093395631434,-0.8660254037844386,0.5000000000000001,3.0,1,0.0,1,3.0,1,0.0,1,1.1428571428571428,1.463850109422797,0.0,3.0,0.9285714285714286,0.8928571428571429,1.4230714230607988,0.0,4.0,1.2799999999999998,0,407.05,0.0,0.0,True,False,False,False,False,False,False,False,False,False,False,False,False,False,False,False,False,True,False,False,False,False,False,False,False,False,False,False,False,False,False,False,False,True,False,False
Germany,Gaming Laptop,2025-10-16,Electronics,0.0,407.05,,20.0,2.0,0.0,0.0,3,16,42,10,4,289,0,0.43388373911755823,-0.900968867902419,-0.8660254037844386,0.5000000000000001,0.0,1,0.0,1,2.0,1,1.0,1,1.1428571428571428,1.463850109422797,0.0,3.0,0.7142857142857143,0.8928571428571429,1.4230714230607988,0.0,4.0,1.2799999999999998,0,407.05,0.0,0.0,True,False,False,False,False,False,False,False,False,False,False,False,False,False,False,False,False,True,False,False,False,False,False,False,False,False,False,False,False,False,False,False,False,True,False,False
Germany,Gaming Laptop,2025-10-17,Electronics,0.0,407.05,,20.0,2.0,0.0,0.0,4,17,42,10,4,290,0,-0.433883739117558,-0.9009688679024191,-0.8660254037844386,0.5000000000000001,0.0,1,3.0,1,0.0,1,0.0,1,1.1428571428571428,1.463850109422797,0.0,3.0,0.5714285714285714,0.8571428571428571,1.4327979804948308,0.0,4.0,1.3333333333333333,0,407.05,0.0,0.0,True,False,False,False,False,False,False,False,False,False,False,False,False,False,False,False,False,True,False,False,False,False,False,False,False,False,False,False,False,False,False,False,False,True,False,False
Germany,Gaming Laptop,2025-10-18,Electronics,0.0,407.05,,20.0,2.0,0.0,0.0,5,18,42,10,4,291,1,-0.9749279121818236,-0.2225209339563146,-0.8660254037844386,0.5000000000000001,0.0,1,0.0,1,0.0,1,0.0,1,0.7142857142857143,1.2535663410560143,0.0,3.0,0.5714285714285714,0.8571428571428571,1.4327979804948308,0.0,4.0,0.8333333333333334,0,407.05,0.0,0.0,True,False,False,False,False,False,False,False,False,False,False,False,False,False,False,False,False,True,False,False,False,False,False,False,False,False,False,False,False,False,False,False,False,True,False,False
Germany,Gaming Laptop,2025-10-19,Electronics,0.0,407.05,,20.0,2.0,0.0,0.0,6,19,42,10,4,292,1,-0.7818314824680299,0.6234898018587334,-0.8660254037844386,0.5000000000000001,0.0,1,0.0,1,0.0,1,0.0,1,0.7142857142857143,1.2535663410560143,0.0,3.0,0.5714285714285714,0.8571428571428571,1.4327979804948308,0.0,4.0,0.8333333333333334,0,407.05,0.0,0.0,True,False,False,False,False,False,False,False,False,False,False,False,False,False,False,False,False,True,False,False,False,False,False,False,False,False,False,False,False,False,False,False,False,True,False,False
Germany,Gaming Laptop,2025-10-20,Electronics,0.0,407.05,,20.0,2.0,0.0,0.0,0,20,43,10,4,293,0,0.0,1.0,-0.8660254037844386,0.5000000000000001,0.0,1,2.0,1,0.0,1,3.0,1,0.7142857142857143,1.2535663410560143,0.0,3.0,0.5714285714285714,0.8571428571428571,1.4327979804948308,0.0,4.0,0.8333333333333334,0,407.05,0.0,0.0,True,False,False,False,False,False,False,False,False,False,False,False,False,False,False,False,False,True,False,False,False,False,False,False,False,False,False,False,False,False,False,False,False,True,False,False
Germany,Gaming Laptop,2025-10-21,Electronics,0.0,407.05,,20.0,2.0,0.0,0.0,1,21,43,10,4,294,0,0.7818314824680298,0.6234898018587336,-0.8660254037844386,0.5000000000000001,0.0,1,3.0,1,0.0,1,0.0,1,0.42857142857142855,1.1338934190276782,0.0,3.0,0.5714285714285714,0.75,1.3777329741819209,0.0,4.0,0.5714285714285714,0,407.05,0.0,0.0,True,False,False,False,False,False,False,False,False,False,False,False,False,False,False,False,False,True,False,False,False,False,False,False,False,False,False,False,False,False,False,False,False,True,False,False
Germany,Gaming Laptop,2025-10-22,Electronics,1.0,1222.87,0.14,20.0,2.0,1.0,0.0,2,22,43,10,4,295,0,0.9749279121818236,-0.22252093395631434,-0.8660254037844386,0.5000000000000001,0.0,1,0.0,1,0.0,1,0.0,1,0.0,0.0,0.0,0.0,0.5714285714285714,0.75,1.3777329741819209,0.0,4.0,0.0,1,407.05,815.8199999999999,2.004225525119764,True,False,False,False,False,False,False,False,False,False,False,False,False,False,False,False,False,True,False,False,False,False,False,False,False,False,False,False,False,False,False,False,False,True,False,False
Germany,Gaming Laptop,2025-10-23,Electronics,3.0,592.25,0.15,20.0,2.0,1.0,0.0,3,23,43,10,4,296,0,0.43388373911755823,-0.900968867902419,-0.8660254037844386,0.5000000000000001,1.0,1,0.0,1,0.0,1,0.0,1,0.14285714285714285,0.37796447300921676,0.0,1.0,0.6428571428571429,0.7857142857142857,1.370513363053017,0.0,4.0,0.18181818181818182,1,1222.87,-630.6199999999999,-0.5156885032750823,True,False,False,False,False,False,False,False,False,False,False,False,False,False,False,False,False,True,False,False,False,False,False,False,False,False,False,False,False,False,False,False,False,True,False,False
Germany,Gaming Laptop,2025-10-24,Electronics,0.0,592.25,,20.0,2.0,0.0,0.0,4,24,43,10,4,297,0,-0.433883739117558,-0.9009688679024191,-0.8660254037844386,0.5000000000000001,3.0,1,0.0,1,3.0,1,4.0,1,0.5714285714285714,1.1338934190276782,0.0,3.0,0.8571428571428571,0.8928571428571429,1.4230714230607988,0.0,4.0,0.6399999999999999,0,592.25,0.0,0.0,True,False,False,False,False,False,False,False,False,False,False,False,False,False,False,False,False,True,False,False,False,False,False,False,False,False,False,False,False,False,False,False,False,True,False,False
Germany,Gaming Laptop,2025-10-25,Electronics,3.0,996.04,0.09,20.0,2.0,1.0,0.0,5,25,43,10,4,298,1,-0.9749279121818236,-0.2225209339563146,-0.8660254037844386,0.5000000000000001,0.0,1,0.0,1,0.0,1,0.0,1,0.5714285714285714,1.1338934190276782,0.0,3.0,0.6428571428571429,0.75,1.2945755775256764,0.0,4.0,0.7619047619047619,1,592.25,403.78999999999996,0.6817897847192907,True,False,False,False,False,False,False,False,False,False,False,False,False,False,False,False,False,True,False,False,False,False,False,False,False,False,False,False,False,False,False,False,False,True,False,False
Germany,Gaming Laptop,2025-10-26,Electronics,0.0,996.04,,20.0,2.0,0.0,0.0,6,26,43,10,4,299,1,-0.7818314824680299,0.6234898018587334,-0.8660254037844386,0.5000000000000001,3.0,1,0.0,1,0.0,1,4.0,1,1.0,1.414213562373092,0.0,3.0,0.8571428571428571,0.8571428571428571,1.3530291315000733,0.0,4.0,1.1666666666666667,0,996.04,0.0,0.0,True,False,False,False,False,False,False,False,False,False,False,False,False,False,False,False,False,True,False,False,False,False,False,False,False,False,False,False,False,False,False,False,False,True,False,False
Germany,Gaming Laptop,2025-10-27,Electronics,0.0,996.04,,20.0,2.0,0.0,0.0,0,27,44,10,4,300,0,0.0,1.0,-0.8660254037844386,0.5000000000000001,0.0,1,0.0,1,2.0,1,0.0,1,1.0,1.414213562373092,0.0,3.0,0.8571428571428571,0.7142857142857143,1.2128064441202,0.0,3.0,1.4,0,996.04,0.0,0.0,True,False,False,False,False,False,False,False,False,False,False,False,False,False,False,False,False,True,False,False,False,False,False,False,False,False,False,False,False,False,False,False,False,True,False,False
Germany,Gaming Laptop,2025-10-28,Electronics,2.0,815.25,0.02,20.0,2.0,1.0,0.0,1,28,44,10,4,301,0,0.7818314824680298,0.6234898018587336,-0.8660254037844386,0.5000000000000001,0.0,1,0.0,1,3.0,1,0.0,1,1.0,1.414213562373092,0.0,3.0,0.7142857142857143,0.7142857142857143,1.2128064441202,0.0,3.0,1.4,1,996.04,-180.78999999999996,-0.18150877474800206,True,False,False,False,False,False,False,False,False,False,False,False,False,False,False,False,False,True,False,False,False,False,False,False,False,False,False,False,False,False,False,False,False,True,False,False
Germany,Gaming Laptop,2025-10-29,Electronics,0.0,815.25,,20.0,2.0,0.0,0.0,2,29,44,10,4,302,0,0.9749279121818236,-0.22252093395631434,-0.8660254037844386,0.5000000000000001,2.0,1,1.0,1,0.0,1,3.0,1,1.2857142857142858,1.3801311186847054,0.0,3.0,0.6428571428571429,0.7857142857142857,1.2279806626883505,0.0,3.0,1.6363636363636365,0,815.25,0.0,0.0,True,False,False,False,False,False,False,False,False,False,False,False,False,False,False,False,False,True,False,False,False,False,False,False,False,False,False,False,False,False,False,False,False,True,False,False
Germany,Gaming Laptop,2025-10-30,Electronics,0.0,815.25,,20.0,2.0,0.0,0.0,3,30,44,10,4,303,0,0.43388373911755823,-0.900968867902419,-0.8660254037844386,0.5000000000000001,0.0,1,3.0,1,0.0,1,2.0,1,1.1428571428571428,1.463850109422797,0.0,3.0,0.6428571428571429,0.6785714285714286,1.156417566150567,0.0,3.0,1.6842105263157894,0,815.25,0.0,0.0,True,False,False,False,False,False,False,False,False,False,False,False,False,False,False,False,False,True,False,False,False,False,False,False,False,False,False,False,False,False,False,False,False,True,False,False
Germany,Gaming Laptop,2025-10-31,Electronics,0.0,815.25,,20.0,2.0,0.0,0.0,4,31,44,10,4,304,0,-0.433883739117558,-0.9009688679024191,-0.8660254037844386,0.5000000000000001,0.0,1,0.0,1,0.0,1,0.0,1,0.7142857142857143,1.2535663410560143,0.0,3.0,0.6428571428571429,0.6071428571428571,1.1333099904225445,0.0,3.0,1.1764705882352942,0,815.25,0.0,0.0,True,False,False,False,False,False,False,False,False,False,False,False,False,False,False,False,False,True,False,False,False,False,False,False,False,False,False,False,False,False,False,False,False,True,False,False
Germany,Gaming Laptop,2025-11-01,Electronics,0.0,815.25,,20.0,2.0,0.0,0.0,5,1,44,11,4,305,1,-0.9749279121818236,-0.2225209339563146,-0.5000000000000004,0.8660254037844384,0.0,1,3.0,1,0.0,1,0.0,1,0.7142857142857143,1.2535663410560143,0.0,3.0,0.6428571428571429,0.6071428571428571,1.1333099904225445,0.0,3.0,1.1764705882352942,0,815.25,0.0,0.0,True,False,False,False,False,False,False,False,False,False,False,False,False,False,False,False,False,True,False,False,False,False,False,False,False,False,False,False,False,False,False,False,False,True,False,False
Germany,Gaming Laptop,2025-11-02,Electronics,2.0,254.88,0.17,20.0,2.0,1.0,0.0,6,2,44,11,4,306,1,-0.7818314824680299,0.6234898018587334,-0.5000000000000004,0.8660254037844384,0.0,1,0.0,1,0.0,1,0.0,1,0.2857142857142857,0.7559289460184492,0.0,2.0,0.6428571428571429,0.6071428571428571,1.1333099904225445,0.0,3.0,0.47058823529411764,1,815.25,-560.37,-0.6873597056117755,True,False,False,False,False,False,False,False,False,False,False,False,False,False,False,False,False,True,False,False,False,False,False,False,False,False,False,False,False,False,False,False,False,True,False,False
Germany,Gaming Laptop,2025-11-03,Electronics,2.0,814.83,0.28,20.0,2.0,1.0,0.0,0,3,45,11,4,307,0,0.0,1.0,-0.5000000000000004,0.8660254037844384,2.0,1,0.0,1,0.0,1,0.0,1,0.5714285714285714,0.9759000729485291,0.0,2.0,0.7857142857142857,0.6785714285714286,1.156417566150567,0.0,3.0,0.8421052631578947,1,254.88,559.95,2.196916195856874,True,False,False,False,False,False,False,False,False,False,False,False,False,False,False,False,False,True,False,False,False,False,False,False,False,False,False,False,False,False,False,False,False,True,False,False
Germany,Gaming Laptop,2025-11-04,Electronics,2.0,846.55,0.26,20.0,2.0,1.0,0.0,1,4,45,11,4,308,0,0.7818314824680298,0.6234898018587336,-0.5000000000000004,0.8660254037844384,2.0,1,2.0,1,0.0,1,0.0,1,0.8571428571428571,1.0690449676496936,0.0,2.0,0.9285714285714286,0.75,1.1745763617703373,0.0,3.0,1.1428571428571428,1,814.83,31.719999999999914,0.038928365425916954,True,False,False,False,False,False,False,False,False,False,False,False,False,False,False,False,False,True,False,False,False,False,False,False,False,False,False,False,False,False,False,False,False,True,False,False
Germany,Gaming Laptop,2025-11-05,Electronics,7.0,766.465,0.28,20.0,2.0,1.0,0.0,2,5,45,11,4,309,0,0.9749279121818236,-0.22252093395631434,-0.5000000000000004,0.8660254037844384,2.0,1,0.0,1,1.0,1,0.0,1,0.8571428571428571,1.0690449676496936,0.0,2.0,1.0714285714285714,0.8214285714285714,1.1880133254200786,0.0,3.0,1.0434782608695652,1,846.55,-80.08499999999992,-0.09460161833323481,True,False,False,False,False,False,False,False,False,False,False,False,False,False,False,False,False,True,False,False,False,False,False,False,False,False,False,False,False,False,False,False,False,True,False,False
Germany,Gaming Laptop,2025-11-06,Electronics,21.0,910.2639999999999,0.29,20.0,2.0,1.0,1.0,3,6,45,11,4,310,0,0.43388373911755823,-0.900968867902419,-0.5000000000000004,0.8660254037844384,7.0,1,0.0,1,3.0,1,0.0,1,1.8571428571428572,2.4784787961282086,0.0,7.0,1.5,1.0714285714285714,1.6539195069439583,0.0,7.0,1.7333333333333334,1,766.465,143.79899999999986,0.18761326348887405,True,False,False,False,False,False,False,False,False,False,False,False,False,False,False,False,False,True,False,False,False,False,False,False,False,False,False,False,False,False,False,False,False,True,False,False
Germany,Gaming Laptop,2025-11-07,Electronics,5.0,241.24,0.28,20.0,2.0,1.0,0.0,4,7,45,11,4,311,0,-0.433883739117558,-0.9009688679024191,-0.5000000000000004,0.8660254037844384,21.0,1,0.0,1,0.0,1,3.0,1,4.857142857142857,7.492853738253346,0.0,21.0,2.7857142857142856,1.8214285714285714,4.1010709660749685,0.0,21.0,2.6666666666666665,1,910.2639999999999,-669.0239999999999,-0.7349779844089187,True,False,False,False,False,False,False,False,False,False,False,False,False,False,False,False,False,True,False,False,False,False,False,False,False,False,False,False,False,False,False,False,False,True,False,False
Germany,Gaming Laptop,2025-11-08,Electronics,0.0,241.24,,20.0,2.0,0.0,0.0,5,8,45,11,4,312,1,-0.9749279121818236,-0.2225209339563146,-0.5000000000000004,0.8660254037844384,5.0,1,0.0,1,3.0,1,0.0,1,5.571428571428571,7.184639700016112,0.0,21.0,3.142857142857143,1.8928571428571428,4.139594592015429,0.0,21.0,2.943396226415094,0,241.24,0.0,0.0,True,False,False,False,False,False,False,False,False,False,False,False,False,False,False,False,False,True,False,False,False,False,False,False,False,False,False,False,False,False,False,False,False,True,False,False
Germany,Gaming Laptop,2025-11-09,Electronics,4.0,347.48499999999996,0.29,20.0,2.0,1.0,0.0,6,9,45,11,4,313,1,-0.7818314824680299,0.6234898018587334,-0.5000000000000004,0.8660254037844384,0.0,1,2.0,1,0.0,1,0.0,1,5.571428571428571,7.184639700016112,0.0,21.0,2.9285714285714284,1.8928571428571428,4.139594592015429,0.0,21.0,2.943396226415094,1,241.24,106.24499999999995,0.4404120378046756,True,False,False,False,False,False,False,False,False,False,False,False,False,False,False,False,False,True,False,False,False,False,False,False,False,False,False,False,False,False,False,False,False,True,False,False
Germany,Gaming Laptop,2025-11-10,Electronics,5.0,950.66,0.15,20.0,2.0,1.0,0.0,0,10,46,11,4,314,0,0.0,1.0,-0.5000000000000004,0.8660254037844384,4.0,1,2.0,1,0.0,1,2.0,1,5.857142857142857,7.057586259446199,0.0,21.0,3.2142857142857144,2.0357142857142856,4.140872540519136,0.0,21.0,2.8771929824561404,1,347.48499999999996,603.175,1.7358303236110912,True,False,False,False,False,False,False,False,False,False,False,False,False,False,False,False,False,True,False,False,False,False,False,False,False,False,False,False,False,False,False,False,False,True,False,False
Germany,Gaming Laptop,2025-11-11,Electronics,0.0,950.66,,20.0,2.0,0.0,0.0,1,11,46,11,4,315,0,0.7818314824680298,0.6234898018587336,-0.5000000000000004,0.8660254037844384,5.0,1,2.0,1,2.0,1,3.0,1,6.285714285714286,6.872997543873795,0.0,21.0,3.5714285714285716,2.142857142857143,4.178554470186725,0.0,21.0,2.9333333333333336,0,950.66,0.0,0.0,True,False,False,False,False,False,False,False,False,False,False,False,False,False,False,False,False,True,False,False,False,False,False,False,False,False,False,False,False,False,False,False,False,True,False,False
Germany,Gaming Laptop,2025-11-12,Electronics,10.0,997.87,0.29,20.0,2.0,1.0,1.0,2,12,46,11,4,316,0,0.9749279121818236,-0.22252093395631434,-0.5000000000000004,0.8660254037844384,0.0,1,7.0,1,0.0,1,0.0,1,6.0,7.118052168020873,0.0,21.0,3.4285714285714284,2.0357142857142856,4.194194778651779,0.0,21.0,2.947368421052632,1,950.66,47.210000000000036,0.04966023604653613,True,False,False,False,False,False,False,False,False,False,False,False,False,False,False,False,False,True,False,False,False,False,False,False,False,False,False,False,False,False,False,False,False,True,False,False
Germany,Gaming Laptop,2025-11-13,Electronics,7.0,486.39,0.3,20.0,2.0,1.0,0.0,3,13,46,11,4,317,0,0.43388373911755823,-0.900968867902419,-0.5000000000000004,0.8660254037844384,10.0,1,21.0,1,0.0,1,0.0,1,6.428571428571429,7.276838664721167,0.0,21.0,4.142857142857143,2.392857142857143,4.433369136983961,0.0,21.0,2.6865671641791047,1,997.87,-511.48,-0.5125717778868991,True,False,False,False,False,False,False,False,False,False,False,False,False,False,False,False,False,True,False,False,False,False,False,False,False,False,False,False,False,False,False,False,False,True,False,False
Germany,Gaming Laptop,2025-11-14,Electronics,6.0,609.0350000000001,0.18,20.0,2.0,1.0,0.0,4,14,46,11,4,318,0,-0.433883739117558,-0.9009688679024191,-0.5000000000000004,0.8660254037844384,7.0,1,5.0,1,0.0,1,0.0,1,4.428571428571429,3.5989416433697468,0.0,10.0,4.642857142857143,2.642857142857143,4.490436634005781,0.0,21.0,1.6756756756756759,1,486.39,122.6450000000001,0.25215362157939125,True,False,False,False,False,False,False,False,False,False,False,False,False,False,False,False,False,True,False,False,False,False,False,False,False,False,False,False,False,False,False,False,False,True,False,False
Germany,Gaming Laptop,2025-11-15,Electronics,7.0,1061.105,0.23,20.0,2.0,1.0,0.0,5,15,46,11,4,319,1,-0.9749279121818236,-0.2225209339563146,-0.5000000000000004,0.8660254037844384,6.0,1,0.0,1,0.0,1,0.0,1,4.571428571428571,3.6449573777637325,0.0,10.0,5.071428571428571,2.857142857142857,4.502791609116757,0.0,21.0,1.5999999999999999,1,609.0350000000001,452.06999999999994,0.7422726115904666,True,False,False,False,False,False,False,False,False,False,False,False,False,False,False,False,False,True,False,False,False,False,False,False,False,False,False,False,False,False,False,False,False,True,False,False
Germany,Gaming Laptop,2025-11-16,Electronics,0.0,1061.105,,20.0,2.0,0.0,0.0,6,16,46,11,4,320,1,-0.7818314824680299,0.6234898018587334,-0.5000000000000004,0.8660254037844384,7.0,1,4.0,1,2.0,1,0.0,1,5.571428571428571,3.1014589500826215,0.0,10.0,5.571428571428571,3.107142857142857,4.532510429513736,0.0,21.0,1.7931034482758619,0,1061.105,0.0,0.0,True,False,False,False,False,False,False,False,False,False,False,False,False,False,False,False,False,True,False,False,False,False,False,False,False,False,False,False,False,False,False,False,False,True,False,False
Germany,Gaming Laptop,2025-11-17,Electronics,0.0,1061.105,,20.0,2.0,0.0,0.0,0,17,47,11,4,321,0,0.0,1.0,-0.5000000000000004,0.8660254037844384,0.0,1,5.0,1,2.0,1,0.0,1,5.0,3.7416573867739387,0.0,10.0,5.428571428571429,3.107142857142857,4.532510429513736,0.0,21.0,1.6091954022988506,0,1061.105,0.0,0.0,True,False,False,False,False,False,False,False,False,False,False,False,False,False,False,False,False,True,False,False,False,False,False,False,False,False,False,False,False,False,False,False,False,True,False,False
Germany,Gaming Laptop,2025-11-18,Electronics,0.0,1061.105,,20.0,2.0,0.0,0.0,1,18,47,11,4,322,0,0.7818314824680298,0.6234898018587336,-0.5000000000000004,0.8660254037844384,0.0,1,0.0,1,2.0,1,0.0,1,4.285714285714286,4.191828786034629,0.0,10.0,5.285714285714286,3.107142857142857,4.532510429513736,0.0,21.0,1.379310344827586,0,1061.105,0.0,0.0,True,False,False,False,False,False,False,False,False,False,False,False,False,False,False,False,False,True,False,False,False,False,False,False,False,False,False,False,False,False,False,False,False,True,False,False
Germany,Gaming Laptop,2025-11-19,Electronics,5.0,1171.405,0.22,20.0,2.0,1.0,0.0,2,19,47,11,4,323,0,0.9749279121818236,-0.22252093395631434,-0.5000000000000004,0.8660254037844384,0.0,1,10.0,1,7.0,1,1.0,1,4.285714285714286,4.191828786034629,0.0,10.0,5.142857142857143,3.107142857142857,4.532510429513736,0.0,21.0,1.379310344827586,1,1061.105,110.29999999999995,0.10394824263385806,True,False,False,False,False,False,False,False,False,False,False,False,False,False,False,False,False,True,False,False,False,False,False,False,False,False,False,False,False,False,False,False,False,True,False,False
Germany,Gaming Laptop,2025-11-20,Electronics,13.0,521.0766666666667,0.28,20.0,2.0,1.0,1.0,3,20,47,11,4,324,0,0.43388373911755823,-0.900968867902419,-0.5000000000000004,0.8660254037844384,5.0,1,7.0,1,21.0,1,3.0,1,3.5714285714285716,3.408672412985384,0.0,7.0,5.0,3.25,4.526669939452261,0.0,21.0,1.098901098901099,1,1171.405,-650.3283333333333,-0.55516950442702,True,False,False,False,False,False,False,False,False,False,False,False,False,False,False,False,False,True,False,False,False,False,False,False,False,False,False,False,False,False,False,False,False,True,False,False
Germany,Gaming Laptop,2025-11-21,Electronics,4.0,822.34,0.2,20.0,2.0,1.0,0.0,4,21,47,11,4,325,0,-0.433883739117558,-0.9009688679024191,-0.5000000000000004,0.8660254037844384,13.0,1,6.0,1,5.0,1,0.0,1,4.428571428571429,4.859943170351644,0.0,13.0,4.428571428571429,3.607142857142857,4.886408100740678,0.0,21.0,1.2277227722772277,1,521.0766666666667,301.2633333333333,0.5781554857570542,True,False,False,False,False,False,False,False,False,False,False,False,False,False,False,False,False,True,False,False,False,False,False,False,False,False,False,False,False,False,False,False,False,True,False,False
Germany,Gaming Laptop,2025-11-22,Electronics,0.0,822.34,,20.0,2.0,0.0,0.0,5,22,47,11,4,326,1,-0.9749279121818236,-0.2225209339563146,-0.5000000000000004,0.8660254037844384,4.0,1,7.0,1,0.0,1,3.0,1,4.142857142857143,4.810702354423636,0.0,13.0,4.357142857142857,3.75,4.835248662647002,0.0,21.0,1.1047619047619048,0,822.34,0.0,0.0,True,False,False,False,False,False,False,False,False,False,False,False,False,False,False,False,False,True,False,False,False,False,False,False,False,False,False,False,False,False,False,False,False,True,False,False
Germany,Gaming Laptop,2025-11-23,Electronics,5.0,605.92,0.26,20.0,2.0,1.0,0.0,6,23,47,11,4,327,1,-0.7818314824680299,0.6234898018587334,-0.5000000000000004,0.8660254037844384,0.0,1,0.0,1,4.0,1,0.0,1,3.142857142857143,4.845223470201396,0.0,13.0,4.357142857142857,3.642857142857143,4.885460558404382,0.0,21.0,0.8627450980392157,1,822.34,-216.42000000000007,-0.2631758153561788,True,False,False,False,False,False,False,False,False,False,False,False,False,False,False,False,False,True,False,False,False,False,False,False,False,False,False,False,False,False,False,False,False,True,False,False
Germany,Gaming Laptop,2025-11-24,Electronics,0.0,605.92,,20.0,2.0,0.0,0.0,0,24,48,11,4,328,0,0.0,1.0,-0.5000000000000004,0.8660254037844384,5.0,1,0.0,1,5.0,1,0.0,1,3.857142857142857,4.67006678855065,0.0,13.0,4.428571428571429,3.8214285714285716,4.838530320394371,0.0,21.0,1.0093457943925233,0,605.92,0.0,0.0,True,False,False,False,False,False,False,False,False,False,False,False,False,False,False,False,False,True,False,False,False,False,False,False,False,False,False,False,False,False,False,False,False,True,False,False
Germany,Gaming Laptop,2025-11-25,Electronics,0.0,605.92,,20.0,2.0,0.0,0.0,1,25,48,11,4,329,0,0.7818314824680298,0.6234898018587336,-0.5000000000000004,0.8660254037844384,0.0,1,0.0,1,0.0,1,2.0,1,3.857142857142857,4.67006678855065,0.0,13.0,4.071428571428571,3.8214285714285716,4.838530320394371,0.0,21.0,1.0093457943925233,0,605.92,0.0,0.0,True,False,False,False,False,False,False,False,False,False,False,False,False,False,False,False,False,True,False,False,False,False,False,False,False,False,False,False,False,False,False,False,False,True,False,False
