store_id,product_id,date,category,sales,price,Discount_Applied,safety_stock,lead_time_days,promotion,is_outlier,day_of_week,day_of_month,week_of_year,month,quarter,day_of_year,is_weekend,sin_day_of_week,cos_day_of_week,sin_month,cos_month,lag_1,has_lag_1,lag_7,has_lag_7,lag_14,has_lag_14,lag_28,has_lag_28,rolling_mean_7,rolling_std_7,rolling_min_7,rolling_max_7,rolling_mean_14,rolling_mean_28,rolling_std_28,rolling_min_28,rolling_max_28,trend_ratio,is_promotion,previous_price,price_change,price_change_pct,store_id_Germany,store_id_India,store_id_Pakistan,store_id_UAE,store_id_UK,store_id_USA,product_id_4K Smart TV,product_id_Air Fryer,product_id_Blender,product_id_Coffee Maker,product_id_Cotton T-Shirt,product_id_Cycling Helmet,product_id_Denim Jeans,product_id_Dumbbell Set,product_id_Face Wash,product_id_Football,product_id_Formal Shirt,product_id_Gaming Laptop,product_id_Hair Serum,product_id_Lipstick Set,product_id_Microwave Oven,product_id_Moisturizing Cream,product_id_Perfume,product_id_Running Shoes,product_id_Smartphone 128GB,product_id_Smartwatch,product_id_Tennis Racket,product_id_Vacuum Cleaner,product_id_Winter Jacket,product_id_Wireless Noise-Canceling Headphones,product_id_Yoga Mat,category_Apparel,category_Beauty,category_Electronics,category_Home & Kitchen,category_Sports
UK,Vacuum Cleaner,2025-05-23,Home & Kitchen,0.0,299.98,,20.0,2.0,0.0,0.0,4,23,21,5,2,143,0,-0.433883739117558,-0.9009688679024191,0.49999999999999994,-0.8660254037844387,0.0,1,3.0,1,0.0,1,0.0,1,0.42857142857142855,1.1338934190276808,0.0,3.0,0.21428571428571427,0.39285714285714285,1.0659471779799357,0.0,4.0,1.0909090909090908,0,299.98,0.0,0.0,False,False,False,False,True,False,False,False,False,False,False,False,False,False,False,False,False,False,False,False,False,False,False,False,False,False,False,True,False,False,False,False,False,False,True,False
UK,Vacuum Cleaner,2025-05-24,Home & Kitchen,0.0,299.98,,20.0,2.0,0.0,0.0,5,24,21,5,2,144,1,-0.9749279121818236,-0.2225209339563146,0.49999999999999994,-0.8660254037844387,0.0,1,0.0,1,0.0,1,0.0,1,0.0,0.0,0.0,0.0,0.21428571428571427,0.39285714285714285,1.0659471779799357,0.0,4.0,0.0,0,299.98,0.0,0.0,False,False,False,False,True,False,False,False,False,False,False,False,False,False,False,False,False,False,False,False,False,False,False,False,False,False,False,True,False,False,False,False,False,False,True,False
UK,Vacuum Cleaner,2025-05-25,Home & Kitchen,0.0,299.98,,20.0,2.0,0.0,0.0,6,25,21,5,2,145,1,-0.7818314824680299,0.6234898018587334,0.49999999999999994,-0.8660254037844387,0.0,1,0.0,1,0.0,1,4.0,1,0.0,0.0,0.0,0.0,0.21428571428571427,0.39285714285714285,1.0659471779799357,0.0,4.0,0.0,0,299.98,0.0,0.0,False,False,False,False,True,False,False,False,False,False,False,False,False,False,False,False,False,False,False,False,False,False,False,False,False,False,False,True,False,False,False,False,False,False,True,False
UK,Vacuum Cleaner,2025-05-26,Home & Kitchen,0.0,299.98,,20.0,2.0,0.0,0.0,0,26,22,5,2,146,0,0.0,1.0,0.49999999999999994,-0.8660254037844387,0.0,1,0.0,1,0.0,1,0.0,1,0.0,0.0,0.0,0.0,0.21428571428571427,0.25,0.7993052538854549,0.0,3.0,0.0,0,299.98,0.0,0.0,False,False,False,False,True,False,False,False,False,False,False,False,False,False,False,False,False,False,False,False,False,False,False,False,False,False,False,True,False,False,False,False,False,False,True,False
UK,Vacuum Cleaner,2025-05-27,Home & Kitchen,0.0,299.98,,20.0,2.0,0.0,0.0,1,27,22,5,2,147,0,0.7818314824680298,0.6234898018587336,0.49999999999999994,-0.8660254037844387,0.0,1,0.0,1,0.0,1,0.0,1,0.0,0.0,0.0,0.0,0.21428571428571427,0.25,0.7993052538854549,0.0,3.0,0.0,0,299.98,0.0,0.0,False,False,False,False,True,False,False,False,False,False,False,False,False,False,False,False,False,False,False,False,False,False,False,False,False,False,False,True,False,False,False,False,False,False,True,False
UK,Vacuum Cleaner,2025-05-28,Home & Kitchen,0.0,299.98,,20.0,2.0,0.0,0.0,2,28,22,5,2,148,0,0.9749279121818236,-0.22252093395631434,0.49999999999999994,-0.8660254037844387,0.0,1,0.0,1,0.0,1,0.0,1,0.0,0.0,0.0,0.0,0.21428571428571427,0.25,0.7993052538854549,0.0,3.0,0.0,0,299.98,0.0,0.0,False,False,False,False,True,False,False,False,False,False,False,False,False,False,False,False,False,False,False,False,False,False,False,False,False,False,False,True,False,False,False,False,False,False,True,False
UK,Vacuum Cleaner,2025-05-29,Home & Kitchen,0.0,299.98,,20.0,2.0,0.0,0.0,3,29,22,5,2,149,0,0.43388373911755823,-0.900968867902419,0.49999999999999994,-0.8660254037844387,0.0,1,0.0,1,0.0,1,1.0,1,0.0,0.0,0.0,0.0,0.21428571428571427,0.25,0.7993052538854549,0.0,3.0,0.0,0,299.98,0.0,0.0,False,False,False,False,True,False,False,False,False,False,False,False,False,False,False,False,False,False,False,False,False,False,False,False,False,False,False,True,False,False,False,False,False,False,True,False
UK,Vacuum Cleaner,2025-05-30,Home & Kitchen,0.0,299.98,,20.0,2.0,0.0,0.0,4,30,22,5,2,150,0,-0.433883739117558,-0.9009688679024191,0.49999999999999994,-0.8660254037844387,0.0,1,0.0,1,3.0,1,0.0,1,0.0,0.0,0.0,0.0,0.21428571428571427,0.21428571428571427,0.7867957924694449,0.0,3.0,0.0,0,299.98,0.0,0.0,False,False,False,False,True,False,False,False,False,False,False,False,False,False,False,False,False,False,False,False,False,False,False,False,False,False,False,True,False,False,False,False,False,False,True,False
UK,Vacuum Cleaner,2025-05-31,Home & Kitchen,0.0,299.98,,20.0,2.0,0.0,0.0,5,31,22,5,2,151,1,-0.9749279121818236,-0.2225209339563146,0.49999999999999994,-0.8660254037844387,0.0,1,0.0,1,0.0,1,0.0,1,0.0,0.0,0.0,0.0,0.0,0.21428571428571427,0.7867957924694449,0.0,3.0,0.0,0,299.98,0.0,0.0,False,False,False,False,True,False,False,False,False,False,False,False,False,False,False,False,False,False,False,False,False,False,False,False,False,False,False,True,False,False,False,False,False,False,True,False
UK,Vacuum Cleaner,2025-06-01,Home & Kitchen,0.0,299.98,,20.0,2.0,0.0,0.0,6,1,22,6,2,152,1,-0.7818314824680299,0.6234898018587334,1.2246467991473532e-16,-1.0,0.0,1,0.0,1,0.0,1,3.0,1,0.0,0.0,0.0,0.0,0.0,0.21428571428571427,0.7867957924694449,0.0,3.0,0.0,0,299.98,0.0,0.0,False,False,False,False,True,False,False,False,False,False,False,False,False,False,False,False,False,False,False,False,False,False,False,False,False,False,False,True,False,False,False,False,False,False,True,False
UK,Vacuum Cleaner,2025-06-02,Home & Kitchen,0.0,299.98,,20.0,2.0,0.0,0.0,0,2,23,6,2,153,0,0.0,1.0,1.2246467991473532e-16,-1.0,0.0,1,0.0,1,0.0,1,0.0,1,0.0,0.0,0.0,0.0,0.0,0.10714285714285714,0.5669467095138434,0.0,3.0,0.0,0,299.98,0.0,0.0,False,False,False,False,True,False,False,False,False,False,False,False,False,False,False,False,False,False,False,False,False,False,False,False,False,False,False,True,False,False,False,False,False,False,True,False
UK,Vacuum Cleaner,2025-06-03,Home & Kitchen,0.0,299.98,,20.0,2.0,0.0,0.0,1,3,23,6,2,154,0,0.7818314824680298,0.6234898018587336,1.2246467991473532e-16,-1.0,0.0,1,0.0,1,0.0,1,0.0,1,0.0,0.0,0.0,0.0,0.0,0.10714285714285714,0.5669467095138434,0.0,3.0,0.0,0,299.98,0.0,0.0,False,False,False,False,True,False,False,False,False,False,False,False,False,False,False,False,False,False,False,False,False,False,False,False,False,False,False,True,False,False,False,False,False,False,True,False
UK,Vacuum Cleaner,2025-06-04,Home & Kitchen,0.0,299.98,,20.0,2.0,0.0,0.0,2,4,23,6,2,155,0,0.9749279121818236,-0.22252093395631434,1.2246467991473532e-16,-1.0,0.0,1,0.0,1,0.0,1,0.0,1,0.0,0.0,0.0,0.0,0.0,0.10714285714285714,0.5669467095138434,0.0,3.0,0.0,0,299.98,0.0,0.0,False,False,False,False,True,False,False,False,False,False,False,False,False,False,False,False,False,False,False,False,False,False,False,False,False,False,False,True,False,False,False,False,False,False,True,False
UK,Vacuum Cleaner,2025-06-05,Home & Kitchen,0.0,299.98,,20.0,2.0,0.0,0.0,3,5,23,6,2,156,0,0.43388373911755823,-0.900968867902419,1.2246467991473532e-16,-1.0,0.0,1,0.0,1,0.0,1,0.0,1,0.0,0.0,0.0,0.0,0.0,0.10714285714285714,0.5669467095138434,0.0,3.0,0.0,0,299.98,0.0,0.0,False,False,False,False,True,False,False,False,False,False,False,False,False,False,False,False,False,False,False,False,False,False,False,False,False,False,False,True,False,False,False,False,False,False,True,False
UK,Vacuum Cleaner,2025-06-06,Home & Kitchen,0.0,299.98,,20.0,2.0,0.0,0.0,4,6,23,6,2,157,0,-0.433883739117558,-0.9009688679024191,1.2246467991473532e-16,-1.0,0.0,1,0.0,1,0.0,1,0.0,1,0.0,0.0,0.0,0.0,0.0,0.10714285714285714,0.5669467095138434,0.0,3.0,0.0,0,299.98,0.0,0.0,False,False,False,False,True,False,False,False,False,False,False,False,False,False,False,False,False,False,False,False,False,False,False,False,False,False,False,True,False,False,False,False,False,False,True,False
UK,Vacuum Cleaner,2025-06-07,Home & Kitchen,1.0,239.39,0.05,20.0,2.0,1.0,0.0,5,7,23,6,2,158,1,-0.9749279121818236,-0.2225209339563146,1.2246467991473532e-16,-1.0,0.0,1,0.0,1,0.0,1,0.0,1,0.0,0.0,0.0,0.0,0.0,0.10714285714285714,0.5669467095138434,0.0,3.0,0.0,1,299.98,-60.59000000000003,-0.2019801320088007,False,False,False,False,True,False,False,False,False,False,False,False,False,False,False,False,False,False,False,False,False,False,False,False,False,False,False,True,False,False,False,False,False,False,True,False
UK,Vacuum Cleaner,2025-06-08,Home & Kitchen,0.0,239.39,,20.0,2.0,0.0,0.0,6,8,23,6,2,159,1,-0.7818314824680299,0.6234898018587334,1.2246467991473532e-16,-1.0,1.0,1,0.0,1,0.0,1,0.0,1,0.14285714285714285,0.37796447300922437,0.0,1.0,0.07142857142857142,0.14285714285714285,0.5909368402852813,0.0,3.0,1.0,0,239.39,0.0,0.0,False,False,False,False,True,False,False,False,False,False,False,False,False,False,False,False,False,False,False,False,False,False,False,False,False,False,False,True,False,False,False,False,False,False,True,False
UK,Vacuum Cleaner,2025-06-09,Home & Kitchen,0.0,239.39,,20.0,2.0,0.0,0.0,0,9,24,6,2,160,0,0.0,1.0,1.2246467991473532e-16,-1.0,0.0,1,0.0,1,0.0,1,0.0,1,0.14285714285714285,0.37796447300922437,0.0,1.0,0.07142857142857142,0.14285714285714285,0.5909368402852813,0.0,3.0,1.0,0,239.39,0.0,0.0,False,False,False,False,True,False,False,False,False,False,False,False,False,False,False,False,False,False,False,False,False,False,False,False,False,False,False,True,False,False,False,False,False,False,True,False
UK,Vacuum Cleaner,2025-06-10,Home & Kitchen,0.0,239.39,,20.0,2.0,0.0,0.0,1,10,24,6,2,161,0,0.7818314824680298,0.6234898018587336,1.2246467991473532e-16,-1.0,0.0,1,0.0,1,0.0,1,0.0,1,0.14285714285714285,0.37796447300922437,0.0,1.0,0.07142857142857142,0.14285714285714285,0.5909368402852813,0.0,3.0,1.0,0,239.39,0.0,0.0,False,False,False,False,True,False,False,False,False,False,False,False,False,False,False,False,False,False,False,False,False,False,False,False,False,False,False,True,False,False,False,False,False,False,True,False
UK,Vacuum Cleaner,2025-06-11,Home & Kitchen,0.0,239.39,,20.0,2.0,0.0,0.0,2,11,24,6,2,162,0,0.9749279121818236,-0.22252093395631434,1.2246467991473532e-16,-1.0,0.0,1,0.0,1,0.0,1,0.0,1,0.14285714285714285,0.37796447300922437,0.0,1.0,0.07142857142857142,0.14285714285714285,0.5909368402852813,0.0,3.0,1.0,0,239.39,0.0,0.0,False,False,False,False,True,False,False,False,False,False,False,False,False,False,False,False,False,False,False,False,False,False,False,False,False,False,False,True,False,False,False,False,False,False,True,False
UK,Vacuum Cleaner,2025-06-12,Home & Kitchen,0.0,239.39,,20.0,2.0,0.0,0.0,3,12,24,6,2,163,0,0.43388373911755823,-0.900968867902419,1.2246467991473532e-16,-1.0,0.0,1,0.0,1,0.0,1,0.0,1,0.14285714285714285,0.37796447300922437,0.0,1.0,0.07142857142857142,0.14285714285714285,0.5909368402852813,0.0,3.0,1.0,0,239.39,0.0,0.0,False,False,False,False,True,False,False,False,False,False,False,False,False,False,False,False,False,False,False,False,False,False,False,False,False,False,False,True,False,False,False,False,False,False,True,False
UK,Vacuum Cleaner,2025-06-13,Home & Kitchen,0.0,239.39,,20.0,2.0,0.0,0.0,4,13,24,6,2,164,0,-0.433883739117558,-0.9009688679024191,1.2246467991473532e-16,-1.0,0.0,1,0.0,1,0.0,1,3.0,1,0.14285714285714285,0.37796447300922437,0.0,1.0,0.07142857142857142,0.14285714285714285,0.5909368402852813,0.0,3.0,1.0,0,239.39,0.0,0.0,False,False,False,False,True,False,False,False,False,False,False,False,False,False,False,False,False,False,False,False,False,False,False,False,False,False,False,True,False,False,False,False,False,False,True,False
UK,Vacuum Cleaner,2025-06-14,Home & Kitchen,0.0,239.39,,20.0,2.0,0.0,0.0,5,14,24,6,2,165,1,-0.9749279121818236,-0.2225209339563146,1.2246467991473532e-16,-1.0,0.0,1,1.0,1,0.0,1,0.0,1,0.14285714285714285,0.37796447300922437,0.0,1.0,0.07142857142857142,0.03571428571428571,0.1889822365046217,0.0,1.0,4.0,0,239.39,0.0,0.0,False,False,False,False,True,False,False,False,False,False,False,False,False,False,False,False,False,False,False,False,False,False,False,False,False,False,False,True,False,False,False,False,False,False,True,False
UK,Vacuum Cleaner,2025-06-15,Home & Kitchen,0.0,239.39,,20.0,2.0,0.0,0.0,6,15,24,6,2,166,1,-0.7818314824680299,0.6234898018587334,1.2246467991473532e-16,-1.0,0.0,1,0.0,1,0.0,1,0.0,1,0.0,0.0,0.0,0.0,0.07142857142857142,0.03571428571428571,0.1889822365046217,0.0,1.0,0.0,0,239.39,0.0,0.0,False,False,False,False,True,False,False,False,False,False,False,False,False,False,False,False,False,False,False,False,False,False,False,False,False,False,False,True,False,False,False,False,False,False,True,False
UK,Vacuum Cleaner,2025-06-16,Home & Kitchen,0.0,239.39,,20.0,2.0,0.0,0.0,0,16,25,6,2,167,0,0.0,1.0,1.2246467991473532e-16,-1.0,0.0,1,0.0,1,0.0,1,0.0,1,0.0,0.0,0.0,0.0,0.07142857142857142,0.03571428571428571,0.1889822365046217,0.0,1.0,0.0,0,239.39,0.0,0.0,False,False,False,False,True,False,False,False,False,False,False,False,False,False,False,False,False,False,False,False,False,False,False,False,False,False,False,True,False,False,False,False,False,False,True,False
UK,Vacuum Cleaner,2025-06-17,Home & Kitchen,0.0,239.39,,20.0,2.0,0.0,0.0,1,17,25,6,2,168,0,0.7818314824680298,0.6234898018587336,1.2246467991473532e-16,-1.0,0.0,1,0.0,1,0.0,1,0.0,1,0.0,0.0,0.0,0.0,0.07142857142857142,0.03571428571428571,0.1889822365046217,0.0,1.0,0.0,0,239.39,0.0,0.0,False,False,False,False,True,False,False,False,False,False,False,False,False,False,False,False,False,False,False,False,False,False,False,False,False,False,False,True,False,False,False,False,False,False,True,False
UK,Vacuum Cleaner,2025-06-18,Home & Kitchen,0.0,239.39,,20.0,2.0,0.0,0.0,2,18,25,6,2,169,0,0.9749279121818236,-0.22252093395631434,1.2246467991473532e-16,-1.0,0.0,1,0.0,1,0.0,1,0.0,1,0.0,0.0,0.0,0.0,0.07142857142857142,0.03571428571428571,0.1889822365046217,0.0,1.0,0.0,0,239.39,0.0,0.0,False,False,False,False,True,False,False,False,False,False,False,False,False,False,False,False,False,False,False,False,False,False,False,False,False,False,False,True,False,False,False,False,False,False,True,False
UK,Vacuum Cleaner,2025-06-19,Home & Kitchen,0.0,239.39,,20.0,2.0,0.0,0.0,3,19,25,6,2,170,0,0.43388373911755823,-0.900968867902419,1.2246467991473532e-16,-1.0,0.0,1,0.0,1,0.0,1,0.0,1,0.0,0.0,0.0,0.0,0.07142857142857142,0.03571428571428571,0.1889822365046217,0.0,1.0,0.0,0,239.39,0.0,0.0,False,False,False,False,True,False,False,False,False,False,False,False,False,False,False,False,False,False,False,False,False,False,False,False,False,False,False,True,False,False,False,False,False,False,True,False
UK,Vacuum Cleaner,2025-06-20,Home & Kitchen,0.0,239.39,,20.0,2.0,0.0,0.0,4,20,25,6,2,171,0,-0.433883739117558,-0.9009688679024191,1.2246467991473532e-16,-1.0,0.0,1,0.0,1,0.0,1,0.0,1,0.0,0.0,0.0,0.0,0.07142857142857142,0.03571428571428571,0.1889822365046217,0.0,1.0,0.0,0,239.39,0.0,0.0,False,False,False,False,True,False,False,False,False,False,False,False,False,False,False,False,False,False,False,False,False,False,False,False,False,False,False,True,False,False,False,False,False,False,True,False
UK,Vacuum Cleaner,2025-06-21,Home & Kitchen,0.0,239.39,,20.0,2.0,0.0,0.0,5,21,25,6,2,172,1,-0.9749279121818236,-0.2225209339563146,1.2246467991473532e-16,-1.0,0.0,1,0.0,1,1.0,1,0.0,1,0.0,0.0,0.0,0.0,0.07142857142857142,0.03571428571428571,0.1889822365046217,0.0,1.0,0.0,0,239.39,0.0,0.0,False,False,False,False,True,False,False,False,False,False,False,False,False,False,False,False,False,False,False,False,False,False,False,False,False,False,False,True,False,False,False,False,False,False,True,False
UK,Vacuum Cleaner,2025-06-22,Home & Kitchen,4.0,186.51500000000001,0.14,20.0,2.0,1.0,0.0,6,22,25,6,2,173,1,-0.7818314824680299,0.6234898018587334,1.2246467991473532e-16,-1.0,0.0,1,0.0,1,0.0,1,0.0,1,0.0,0.0,0.0,0.0,0.0,0.03571428571428571,0.1889822365046217,0.0,1.0,0.0,1,239.39,-52.87499999999997,-0.22087388779815353,False,False,False,False,True,False,False,False,False,False,False,False,False,False,False,False,False,False,False,False,False,False,False,False,False,False,False,True,False,False,False,False,False,False,True,False
UK,Vacuum Cleaner,2025-06-23,Home & Kitchen,0.0,186.51500000000001,,20.0,2.0,0.0,0.0,0,23,26,6,2,174,0,0.0,1.0,1.2246467991473532e-16,-1.0,4.0,1,0.0,1,0.0,1,0.0,1,0.5714285714285714,1.5118578920369081,0.0,4.0,0.2857142857142857,0.17857142857142858,0.7723735149271039,0.0,4.0,3.1999999999999997,0,186.51500000000001,0.0,0.0,False,False,False,False,True,False,False,False,False,False,False,False,False,False,False,False,False,False,False,False,False,False,False,False,False,False,False,True,False,False,False,False,False,False,True,False
UK,Vacuum Cleaner,2025-06-24,Home & Kitchen,0.0,186.51500000000001,,20.0,2.0,0.0,0.0,1,24,26,6,2,175,0,0.7818314824680298,0.6234898018587336,1.2246467991473532e-16,-1.0,0.0,1,0.0,1,0.0,1,0.0,1,0.5714285714285714,1.5118578920369081,0.0,4.0,0.2857142857142857,0.17857142857142858,0.7723735149271039,0.0,4.0,3.1999999999999997,0,186.51500000000001,0.0,0.0,False,False,False,False,True,False,False,False,False,False,False,False,False,False,False,False,False,False,False,False,False,False,False,False,False,False,False,True,False,False,False,False,False,False,True,False
UK,Vacuum Cleaner,2025-06-25,Home & Kitchen,0.0,186.51500000000001,,20.0,2.0,0.0,0.0,2,25,26,6,2,176,0,0.9749279121818236,-0.22252093395631434,1.2246467991473532e-16,-1.0,0.0,1,0.0,1,0.0,1,0.0,1,0.5714285714285714,1.5118578920369081,0.0,4.0,0.2857142857142857,0.17857142857142858,0.7723735149271039,0.0,4.0,3.1999999999999997,0,186.51500000000001,0.0,0.0,False,False,False,False,True,False,False,False,False,False,False,False,False,False,False,False,False,False,False,False,False,False,False,False,False,False,False,True,False,False,False,False,False,False,True,False
UK,Vacuum Cleaner,2025-06-26,Home & Kitchen,0.0,186.51500000000001,,20.0,2.0,0.0,0.0,3,26,26,6,2,177,0,0.43388373911755823,-0.900968867902419,1.2246467991473532e-16,-1.0,0.0,1,0.0,1,0.0,1,0.0,1,0.5714285714285714,1.5118578920369081,0.0,4.0,0.2857142857142857,0.17857142857142858,0.7723735149271039,0.0,4.0,3.1999999999999997,0,186.51500000000001,0.0,0.0,False,False,False,False,True,False,False,False,False,False,False,False,False,False,False,False,False,False,False,False,False,False,False,False,False,False,False,True,False,False,False,False,False,False,True,False
UK,Vacuum Cleaner,2025-06-27,Home & Kitchen,0.0,186.51500000000001,,20.0,2.0,0.0,0.0,4,27,26,6,2,178,0,-0.433883739117558,-0.9009688679024191,1.2246467991473532e-16,-1.0,0.0,1,0.0,1,0.0,1,0.0,1,0.5714285714285714,1.5118578920369081,0.0,4.0,0.2857142857142857,0.17857142857142858,0.7723735149271039,0.0,4.0,3.1999999999999997,0,186.51500000000001,0.0,0.0,False,False,False,False,True,False,False,False,False,False,False,False,False,False,False,False,False,False,False,False,False,False,False,False,False,False,False,True,False,False,False,False,False,False,True,False
UK,Vacuum Cleaner,2025-06-28,Home & Kitchen,0.0,186.51500000000001,,20.0,2.0,0.0,0.0,5,28,26,6,2,179,1,-0.9749279121818236,-0.2225209339563146,1.2246467991473532e-16,-1.0,0.0,1,0.0,1,0.0,1,0.0,1,0.5714285714285714,1.5118578920369081,0.0,4.0,0.2857142857142857,0.17857142857142858,0.7723735149271039,0.0,4.0,3.1999999999999997,0,186.51500000000001,0.0,0.0,False,False,False,False,True,False,False,False,False,False,False,False,False,False,False,False,False,False,False,False,False,False,False,False,False,False,False,True,False,False,False,False,False,False,True,False
UK,Vacuum Cleaner,2025-06-29,Home & Kitchen,0.0,186.51500000000001,,20.0,2.0,0.0,0.0,6,29,26,6,2,180,1,-0.7818314824680299,0.6234898018587334,1.2246467991473532e-16,-1.0,0.0,1,4.0,1,0.0,1,0.0,1,0.5714285714285714,1.5118578920369081,0.0,4.0,0.2857142857142857,0.17857142857142858,0.7723735149271039,0.0,4.0,3.1999999999999997,0,186.51500000000001,0.0,0.0,False,False,False,False,True,False,False,False,False,False,False,False,False,False,False,False,False,False,False,False,False,False,False,False,False,False,False,True,False,False,False,False,False,False,True,False
UK,Vacuum Cleaner,2025-06-30,Home & Kitchen,0.0,186.51500000000001,,20.0,2.0,0.0,0.0,0,30,27,6,2,181,0,0.0,1.0,1.2246467991473532e-16,-1.0,0.0,1,0.0,1,0.0,1,0.0,1,0.0,0.0,0.0,0.0,0.2857142857142857,0.17857142857142858,0.7723735149271039,0.0,4.0,0.0,0,186.51500000000001,0.0,0.0,False,False,False,False,True,False,False,False,False,False,False,False,False,False,False,False,False,False,False,False,False,False,False,False,False,False,False,True,False,False,False,False,False,False,True,False
UK,Vacuum Cleaner,2025-07-01,Home & Kitchen,1.0,278.75,0.04,20.0,2.0,1.0,0.0,1,1,27,7,3,182,0,0.7818314824680298,0.6234898018587336,-0.4999999999999997,-0.8660254037844388,0.0,1,0.0,1,0.0,1,0.0,1,0.0,0.0,0.0,0.0,0.2857142857142857,0.17857142857142858,0.7723735149271039,0.0,4.0,0.0,1,186.51500000000001,92.23499999999999,0.4945178671956678,False,False,False,False,True,False,False,False,False,False,False,False,False,False,False,False,False,False,False,False,False,False,False,False,False,False,False,True,False,False,False,False,False,False,True,False
UK,Vacuum Cleaner,2025-07-02,Home & Kitchen,2.0,67.41,0.12,20.0,2.0,1.0,0.0,2,2,27,7,3,183,0,0.9749279121818236,-0.22252093395631434,-0.4999999999999997,-0.8660254037844388,1.0,1,0.0,1,0.0,1,0.0,1,0.14285714285714285,0.37796447300922437,0.0,1.0,0.35714285714285715,0.21428571428571427,0.7867957924694449,0.0,4.0,0.6666666666666666,1,278.75,-211.34,-0.7581704035874439,False,False,False,False,True,False,False,False,False,False,False,False,False,False,False,False,False,False,False,False,False,False,False,False,False,False,False,True,False,False,False,False,False,False,True,False
UK,Vacuum Cleaner,2025-07-03,Home & Kitchen,0.0,67.41,,20.0,2.0,0.0,0.0,3,3,27,7,3,184,0,0.43388373911755823,-0.900968867902419,-0.4999999999999997,-0.8660254037844388,2.0,1,0.0,1,0.0,1,0.0,1,0.42857142857142855,0.7867957924694416,0.0,2.0,0.5,0.2857142857142857,0.8544932592822091,0.0,4.0,1.5,0,67.41,0.0,0.0,False,False,False,False,True,False,False,False,False,False,False,False,False,False,False,False,False,False,False,False,False,False,False,False,False,False,False,True,False,False,False,False,False,False,True,False
UK,Vacuum Cleaner,2025-07-04,Home & Kitchen,0.0,67.41,,20.0,2.0,0.0,0.0,4,4,27,7,3,185,0,-0.433883739117558,-0.9009688679024191,-0.4999999999999997,-0.8660254037844388,0.0,1,0.0,1,0.0,1,0.0,1,0.42857142857142855,0.7867957924694416,0.0,2.0,0.5,0.2857142857142857,0.8544932592822091,0.0,4.0,1.5,0,67.41,0.0,0.0,False,False,False,False,True,False,False,False,False,False,False,False,False,False,False,False,False,False,False,False,False,False,False,False,False,False,False,True,False,False,False,False,False,False,True,False
UK,Vacuum Cleaner,2025-07-05,Home & Kitchen,0.0,67.41,,20.0,2.0,0.0,0.0,5,5,27,7,3,186,1,-0.9749279121818236,-0.2225209339563146,-0.4999999999999997,-0.8660254037844388,0.0,1,0.0,1,0.0,1,1.0,1,0.42857142857142855,0.7867957924694416,0.0,2.0,0.5,0.2857142857142857,0.8544932592822091,0.0,4.0,1.5,0,67.41,0.0,0.0,False,False,False,False,True,False,False,False,False,False,False,False,False,False,False,False,False,False,False,False,False,False,False,False,False,False,False,True,False,False,False,False,False,False,True,False
UK,Vacuum Cleaner,2025-07-06,Home & Kitchen,0.0,67.41,,20.0,2.0,0.0,0.0,6,6,27,7,3,187,1,-0.7818314824680299,0.6234898018587334,-0.4999999999999997,-0.8660254037844388,0.0,1,0.0,1,4.0,1,0.0,1,0.42857142857142855,0.7867957924694416,0.0,2.0,0.5,0.25,0.8443713418650384,0.0,4.0,1.7142857142857142,0,67.41,0.0,0.0,False,False,False,False,True,False,False,False,False,False,False,False,False,False,False,False,False,False,False,False,False,False,False,False,False,False,False,True,False,False,False,False,False,False,True,False
UK,Vacuum Cleaner,2025-07-07,Home & Kitchen,0.0,67.41,,20.0,2.0,0.0,0.0,0,7,28,7,3,188,0,0.0,1.0,-0.4999999999999997,-0.8660254037844388,0.0,1,0.0,1,0.0,1,0.0,1,0.42857142857142855,0.7867957924694416,0.0,2.0,0.21428571428571427,0.25,0.8443713418650384,0.0,4.0,1.7142857142857142,0,67.41,0.0,0.0,False,False,False,False,True,False,False,False,False,False,False,False,False,False,False,False,False,False,False,False,False,False,False,False,False,False,False,True,False,False,False,False,False,False,True,False
UK,Vacuum Cleaner,2025-07-08,Home & Kitchen,0.0,67.41,,20.0,2.0,0.0,0.0,1,8,28,7,3,189,0,0.7818314824680298,0.6234898018587336,-0.4999999999999997,-0.8660254037844388,0.0,1,1.0,1,0.0,1,0.0,1,0.42857142857142855,0.7867957924694416,0.0,2.0,0.21428571428571427,0.25,0.8443713418650384,0.0,4.0,1.7142857142857142,0,67.41,0.0,0.0,False,False,False,False,True,False,False,False,False,False,False,False,False,False,False,False,False,False,False,False,False,False,False,False,False,False,False,True,False,False,False,False,False,False,True,False
UK,Vacuum Cleaner,2025-07-09,Home & Kitchen,0.0,67.41,,20.0,2.0,0.0,0.0,2,9,28,7,3,190,0,0.9749279121818236,-0.22252093395631434,-0.4999999999999997,-0.8660254037844388,0.0,1,2.0,1,0.0,1,0.0,1,0.2857142857142857,0.7559289460184531,0.0,2.0,0.21428571428571427,0.25,0.8443713418650384,0.0,4.0,1.1428571428571428,0,67.41,0.0,0.0,False,False,False,False,True,False,False,False,False,False,False,False,False,False,False,False,False,False,False,False,False,False,False,False,False,False,False,True,False,False,False,False,False,False,True,False
UK,Vacuum Cleaner,2025-07-10,Home & Kitchen,0.0,67.41,,20.0,2.0,0.0,0.0,3,10,28,7,3,191,0,0.43388373911755823,-0.900968867902419,-0.4999999999999997,-0.8660254037844388,0.0,1,0.0,1,0.0,1,0.0,1,0.0,0.0,0.0,0.0,0.21428571428571427,0.25,0.8443713418650384,0.0,4.0,0.0,0,67.41,0.0,0.0,False,False,False,False,True,False,False,False,False,False,False,False,False,False,False,False,False,False,False,False,False,False,False,False,False,False,False,True,False,False,False,False,False,False,True,False
UK,Vacuum Cleaner,2025-07-11,Home & Kitchen,0.0,67.41,,20.0,2.0,0.0,0.0,4,11,28,7,3,192,0,-0.433883739117558,-0.9009688679024191,-0.4999999999999997,-0.8660254037844388,0.0,1,0.0,1,0.0,1,0.0,1,0.0,0.0,0.0,0.0,0.21428571428571427,0.25,0.8443713418650384,0.0,4.0,0.0,0,67.41,0.0,0.0,False,False,False,False,True,False,False,False,False,False,False,False,False,False,False,False,False,False,False,False,False,False,False,False,False,False,False,True,False,False,False,False,False,False,True,False
UK,Vacuum Cleaner,2025-07-12,Home & Kitchen,0.0,67.41,,20.0,2.0,0.0,0.0,5,12,28,7,3,193,1,-0.9749279121818236,-0.2225209339563146,-0.4999999999999997,-0.8660254037844388,0.0,1,0.0,1,0.0,1,0.0,1,0.0,0.0,0.0,0.0,0.21428571428571427,0.25,0.8443713418650384,0.0,4.0,0.0,0,67.41,0.0,0.0,False,False,False,False,True,False,False,False,False,False,False,False,False,False,False,False,False,False,False,False,False,False,False,False,False,False,False,True,False,False,False,False,False,False,True,False
UK,Vacuum Cleaner,2025-07-13,Home & Kitchen,0.0,67.41,,20.0,2.0,0.0,0.0,6,13,28,7,3,194,1,-0.7818314824680299,0.6234898018587334,-0.4999999999999997,-0.8660254037844388,0.0,1,0.0,1,0.0,1,0.0,1,0.0,0.0,0.0,0.0,0.21428571428571427,0.25,0.8443713418650384,0.0,4.0,0.0,0,67.41,0.0,0.0,False,False,False,False,True,False,False,False,False,False,False,False,False,False,False,False,False,False,False,False,False,False,False,False,False,False,False,True,False,False,False,False,False,False,True,False
UK,Vacuum Cleaner,2025-07-14,Home & Kitchen,0.0,67.41,,20.0,2.0,0.0,0.0,0,14,29,7,3,195,0,0.0,1.0,-0.4999999999999997,-0.8660254037844388,0.0,1,0.0,1,0.0,1,0.0,1,0.0,0.0,0.0,0.0,0.21428571428571427,0.25,0.8443713418650384,0.0,4.0,0.0,0,67.41,0.0,0.0,False,False,False,False,True,False,False,False,False,False,False,False,False,False,False,False,False,False,False,False,False,False,False,False,False,False,False,True,False,False,False,False,False,False,True,False
UK,Vacuum Cleaner,2025-07-15,Home & Kitchen,0.0,67.41,,20.0,2.0,0.0,0.0,1,15,29,7,3,196,0,0.7818314824680298,0.6234898018587336,-0.4999999999999997,-0.8660254037844388,0.0,1,0.0,1,1.0,1,0.0,1,0.0,0.0,0.0,0.0,0.21428571428571427,0.25,0.8443713418650384,0.0,4.0,0.0,0,67.41,0.0,0.0,False,False,False,False,True,False,False,False,False,False,False,False,False,False,False,False,False,False,False,False,False,False,False,False,False,False,False,True,False,False,False,False,False,False,True,False
UK,Vacuum Cleaner,2025-07-16,Home & Kitchen,0.0,67.41,,20.0,2.0,0.0,0.0,2,16,29,7,3,197,0,0.9749279121818236,-0.22252093395631434,-0.4999999999999997,-0.8660254037844388,0.0,1,0.0,1,2.0,1,0.0,1,0.0,0.0,0.0,0.0,0.14285714285714285,0.25,0.8443713418650384,0.0,4.0,0.0,0,67.41,0.0,0.0,False,False,False,False,True,False,False,False,False,False,False,False,False,False,False,False,False,False,False,False,False,False,False,False,False,False,False,True,False,False,False,False,False,False,True,False
UK,Vacuum Cleaner,2025-07-17,Home & Kitchen,0.0,67.41,,20.0,2.0,0.0,0.0,3,17,29,7,3,198,0,0.43388373911755823,-0.900968867902419,-0.4999999999999997,-0.8660254037844388,0.0,1,0.0,1,0.0,1,0.0,1,0.0,0.0,0.0,0.0,0.0,0.25,0.8443713418650384,0.0,4.0,0.0,0,67.41,0.0,0.0,False,False,False,False,True,False,False,False,False,False,False,False,False,False,False,False,False,False,False,False,False,False,False,False,False,False,False,True,False,False,False,False,False,False,True,False
UK,Vacuum Cleaner,2025-07-18,Home & Kitchen,5.0,154.255,0.15,20.0,2.0,1.0,1.0,4,18,29,7,3,199,0,-0.433883739117558,-0.9009688679024191,-0.4999999999999997,-0.8660254037844388,0.0,1,0.0,1,0.0,1,0.0,1,0.0,0.0,0.0,0.0,0.0,0.25,0.8443713418650384,0.0,4.0,0.0,1,67.41,86.845,1.2883103397122089,False,False,False,False,True,False,False,False,False,False,False,False,False,False,False,False,False,False,False,False,False,False,False,False,False,False,False,True,False,False,False,False,False,False,True,False
UK,Vacuum Cleaner,2025-07-19,Home & Kitchen,0.0,154.255,,20.0,2.0,0.0,0.0,5,19,29,7,3,200,1,-0.9749279121818236,-0.2225209339563146,-0.4999999999999997,-0.8660254037844388,5.0,1,0.0,1,0.0,1,0.0,1,0.7142857142857143,1.8898223650461357,0.0,5.0,0.35714285714285715,0.42857142857142855,1.2301331282538144,0.0,5.0,1.6666666666666667,0,154.255,0.0,0.0,False,False,False,False,True,False,False,False,False,False,False,False,False,False,False,False,False,False,False,False,False,False,False,False,False,False,False,True,False,False,False,False,False,False,True,False
UK,Vacuum Cleaner,2025-07-20,Home & Kitchen,3.0,112.49,0.08,20.0,2.0,1.0,0.0,6,20,29,7,3,201,1,-0.7818314824680299,0.6234898018587334,-0.4999999999999997,-0.8660254037844388,0.0,1,0.0,1,0.0,1,4.0,1,0.7142857142857143,1.8898223650461357,0.0,5.0,0.35714285714285715,0.42857142857142855,1.2301331282538144,0.0,5.0,1.6666666666666667,1,154.255,-41.765,-0.2707529739716703,False,False,False,False,True,False,False,False,False,False,False,False,False,False,False,False,False,False,False,False,False,False,False,False,False,False,False,True,False,False,False,False,False,False,True,False
UK,Vacuum Cleaner,2025-07-21,Home & Kitchen,0.0,112.49,,20.0,2.0,0.0,0.0,0,21,30,7,3,202,0,0.0,1.0,-0.4999999999999997,-0.8660254037844388,3.0,1,0.0,1,0.0,1,0.0,1,1.1428571428571428,2.035400978396429,0.0,5.0,0.5714285714285714,0.39285714285714285,1.1333099904225394,0.0,5.0,2.909090909090909,0,112.49,0.0,0.0,False,False,False,False,True,False,False,False,False,False,False,False,False,False,False,False,False,False,False,False,False,False,False,False,False,False,False,True,False,False,False,False,False,False,True,False
UK,Vacuum Cleaner,2025-07-22,Home & Kitchen,2.0,189.66,0.03,20.0,2.0,1.0,0.0,1,22,30,7,3,203,0,0.7818314824680298,0.6234898018587336,-0.4999999999999997,-0.8660254037844388,0.0,1,0.0,1,0.0,1,0.0,1,1.1428571428571428,2.035400978396429,0.0,5.0,0.5714285714285714,0.39285714285714285,1.1333099904225394,0.0,5.0,2.909090909090909,1,112.49,77.17,0.6860165348030937,False,False,False,False,True,False,False,False,False,False,False,False,False,False,False,False,False,False,False,False,False,False,False,False,False,False,False,True,False,False,False,False,False,False,True,False
UK,Vacuum Cleaner,2025-07-23,Home & Kitchen,3.0,239.73,0.0,20.0,2.0,0.0,0.0,2,23,30,7,3,204,0,0.9749279121818236,-0.22252093395631434,-0.4999999999999997,-0.8660254037844388,2.0,1,0.0,1,0.0,1,0.0,1,1.4285714285714286,1.9880595947760091,0.0,5.0,0.7142857142857143,0.4642857142857143,1.1700630833624404,0.0,5.0,3.076923076923077,0,189.66,50.06999999999999,0.26399873457766526,False,False,False,False,True,False,False,False,False,False,False,False,False,False,False,False,False,False,False,False,False,False,False,False,False,False,False,True,False,False,False,False,False,False,True,False
UK,Vacuum Cleaner,2025-07-24,Home & Kitchen,0.0,239.73,,20.0,2.0,0.0,0.0,3,24,30,7,3,205,0,0.43388373911755823,-0.900968867902419,-0.4999999999999997,-0.8660254037844388,3.0,1,0.0,1,0.0,1,0.0,1,1.8571428571428572,1.9518001458970655,0.0,5.0,0.9285714285714286,0.5714285714285714,1.2598815766974247,0.0,5.0,3.2500000000000004,0,239.73,0.0,0.0,False,False,False,False,True,False,False,False,False,False,False,False,False,False,False,False,False,False,False,False,False,False,False,False,False,False,False,True,False,False,False,False,False,False,True,False
UK,Vacuum Cleaner,2025-07-25,Home & Kitchen,0.0,239.73,,20.0,2.0,0.0,0.0,4,25,30,7,3,206,0,-0.433883739117558,-0.9009688679024191,-0.4999999999999997,-0.8660254037844388,0.0,1,5.0,1,0.0,1,0.0,1,1.8571428571428572,1.9518001458970655,0.0,5.0,0.9285714285714286,0.5714285714285714,1.2598815766974247,0.0,5.0,3.2500000000000004,0,239.73,0.0,0.0,False,False,False,False,True,False,False,False,False,False,False,False,False,False,False,False,False,False,False,False,False,False,False,False,False,False,False,True,False,False,False,False,False,False,True,False
UK,Vacuum Cleaner,2025-07-26,Home & Kitchen,0.0,239.73,,20.0,2.0,0.0,0.0,5,26,30,7,3,207,1,-0.9749279121818236,-0.2225209339563146,-0.4999999999999997,-0.8660254037844388,0.0,1,0.0,1,0.0,1,0.0,1,1.1428571428571428,1.463850109422799,0.0,3.0,0.9285714285714286,0.5714285714285714,1.2598815766974247,0.0,5.0,2.0,0,239.73,0.0,0.0,False,False,False,False,True,False,False,False,False,False,False,False,False,False,False,False,False,False,False,False,False,False,False,False,False,False,False,True,False,False,False,False,False,False,True,False
UK,Vacuum Cleaner,2025-07-27,Home & Kitchen,0.0,239.73,,20.0,2.0,0.0,0.0,6,27,30,7,3,208,1,-0.7818314824680299,0.6234898018587334,-0.4999999999999997,-0.8660254037844388,0.0,1,3.0,1,0.0,1,0.0,1,1.1428571428571428,1.463850109422799,0.0,3.0,0.9285714285714286,0.5714285714285714,1.2598815766974247,0.0,5.0,2.0,0,239.73,0.0,0.0,False,False,False,False,True,False,False,False,False,False,False,False,False,False,False,False,False,False,False,False,False,False,False,False,False,False,False,True,False,False,False,False,False,False,True,False
UK,Vacuum Cleaner,2025-07-28,Home & Kitchen,0.0,239.73,,20.0,2.0,0.0,0.0,0,28,31,7,3,209,0,0.0,1.0,-0.4999999999999997,-0.8660254037844388,0.0,1,0.0,1,0.0,1,0.0,1,0.7142857142857143,1.2535663410560167,0.0,3.0,0.9285714285714286,0.5714285714285714,1.2598815766974247,0.0,5.0,1.25,0,239.73,0.0,0.0,False,False,False,False,True,False,False,False,False,False,False,False,False,False,False,False,False,False,False,False,False,False,False,False,False,False,False,True,False,False,False,False,False,False,True,False
UK,Vacuum Cleaner,2025-07-29,Home & Kitchen,0.0,239.73,,20.0,2.0,0.0,0.0,1,29,31,7,3,210,0,0.7818314824680298,0.6234898018587336,-0.4999999999999997,-0.8660254037844388,0.0,1,2.0,1,0.0,1,1.0,1,0.7142857142857143,1.2535663410560167,0.0,3.0,0.9285714285714286,0.5714285714285714,1.2598815766974247,0.0,5.0,1.25,0,239.73,0.0,0.0,False,False,False,False,True,False,False,False,False,False,False,False,False,False,False,False,False,False,False,False,False,False,False,False,False,False,False,True,False,False,False,False,False,False,True,False
UK,Vacuum Cleaner,2025-07-30,Home & Kitchen,0.0,239.73,,20.0,2.0,0.0,0.0,2,30,31,7,3,211,0,0.9749279121818236,-0.22252093395631434,-0.4999999999999997,-0.8660254037844388,0.0,1,3.0,1,0.0,1,2.0,1,0.42857142857142855,1.133893419027681,0.0,3.0,0.9285714285714286,0.5357142857142857,1.2614554456142488,0.0,5.0,0.7999999999999999,0,239.73,0.0,0.0,False,False,False,False,True,False,False,False,False,False,False,False,False,False,False,False,False,False,False,False,False,False,False,False,False,False,False,True,False,False,False,False,False,False,True,False
UK,Vacuum Cleaner,2025-07-31,Home & Kitchen,0.0,239.73,,20.0,2.0,0.0,0.0,3,31,31,7,3,212,0,0.43388373911755823,-0.900968867902419,-0.4999999999999997,-0.8660254037844388,0.0,1,0.0,1,0.0,1,0.0,1,0.0,0.0,0.0,0.0,0.9285714285714286,0.4642857142857143,1.23174500899974,0.0,5.0,0.0,0,239.73,0.0,0.0,False,False,False,False,True,False,False,False,False,False,False,False,False,False,False,False,False,False,False,False,False,False,False,False,False,False,False,True,False,False,False,False,False,False,True,False
UK,Vacuum Cleaner,2025-08-01,Home & Kitchen,0.0,239.73,,20.0,2.0,0.0,0.0,4,1,31,8,3,213,0,-0.433883739117558,-0.9009688679024191,-0.8660254037844385,-0.5000000000000004,0.0,1,0.0,1,5.0,1,0.0,1,0.0,0.0,0.0,0.0,0.9285714285714286,0.4642857142857143,1.23174500899974,0.0,5.0,0.0,0,239.73,0.0,0.0,False,False,False,False,True,False,False,False,False,False,False,False,False,False,False,False,False,False,False,False,False,False,False,False,False,False,False,True,False,False,False,False,False,False,True,False
UK,Vacuum Cleaner,2025-08-02,Home & Kitchen,0.0,239.73,,20.0,2.0,0.0,0.0,5,2,31,8,3,214,1,-0.9749279121818236,-0.2225209339563146,-0.8660254037844385,-0.5000000000000004,0.0,1,0.0,1,0.0,1,0.0,1,0.0,0.0,0.0,0.0,0.5714285714285714,0.4642857142857143,1.23174500899974,0.0,5.0,0.0,0,239.73,0.0,0.0,False,False,False,False,True,False,False,False,False,False,False,False,False,False,False,False,False,False,False,False,False,False,False,False,False,False,False,True,False,False,False,False,False,False,True,False
UK,Vacuum Cleaner,2025-08-03,Home & Kitchen,0.0,239.73,,20.0,2.0,0.0,0.0,6,3,31,8,3,215,1,-0.7818314824680299,0.6234898018587334,-0.8660254037844385,-0.5000000000000004,0.0,1,0.0,1,3.0,1,0.0,1,0.0,0.0,0.0,0.0,0.5714285714285714,0.4642857142857143,1.23174500899974,0.0,5.0,0.0,0,239.73,0.0,0.0,False,False,False,False,True,False,False,False,False,False,False,False,False,False,False,False,False,False,False,False,False,False,False,False,False,False,False,True,False,False,False,False,False,False,True,False
UK,Vacuum Cleaner,2025-08-04,Home & Kitchen,0.0,239.73,,20.0,2.0,0.0,0.0,0,4,32,8,3,216,0,0.0,1.0,-0.8660254037844385,-0.5000000000000004,0.0,1,0.0,1,0.0,1,0.0,1,0.0,0.0,0.0,0.0,0.35714285714285715,0.4642857142857143,1.23174500899974,0.0,5.0,0.0,0,239.73,0.0,0.0,False,False,False,False,True,False,False,False,False,False,False,False,False,False,False,False,False,False,False,False,False,False,False,False,False,False,False,True,False,False,False,False,False,False,True,False
UK,Vacuum Cleaner,2025-08-05,Home & Kitchen,0.0,239.73,,20.0,2.0,0.0,0.0,1,5,32,8,3,217,0,0.7818314824680298,0.6234898018587336,-0.8660254037844385,-0.5000000000000004,0.0,1,0.0,1,2.0,1,0.0,1,0.0,0.0,0.0,0.0,0.35714285714285715,0.4642857142857143,1.23174500899974,0.0,5.0,0.0,0,239.73,0.0,0.0,False,False,False,False,True,False,False,False,False,False,False,False,False,False,False,False,False,False,False,False,False,False,False,False,False,False,False,True,False,False,False,False,False,False,True,False
UK,Vacuum Cleaner,2025-08-06,Home & Kitchen,3.0,74.73,0.01,20.0,2.0,1.0,0.0,2,6,32,8,3,218,0,0.9749279121818236,-0.22252093395631434,-0.8660254037844385,-0.5000000000000004,0.0,1,0.0,1,3.0,1,0.0,1,0.0,0.0,0.0,0.0,0.21428571428571427,0.4642857142857143,1.23174500899974,0.0,5.0,0.0,1,239.73,-165.0,-0.6882743085971719,False,False,False,False,True,False,False,False,False,False,False,False,False,False,False,False,False,False,False,False,False,False,False,False,False,False,False,True,False,False,False,False,False,False,True,False
UK,Vacuum Cleaner,2025-08-07,Home & Kitchen,0.0,74.73,,20.0,2.0,0.0,0.0,3,7,32,8,3,219,0,0.43388373911755823,-0.900968867902419,-0.8660254037844385,-0.5000000000000004,3.0,1,0.0,1,0.0,1,0.0,1,0.42857142857142855,1.133893419027681,0.0,3.0,0.21428571428571427,0.5714285714285714,1.3173646934124723,0.0,5.0,0.75,0,74.73,0.0,0.0,False,False,False,False,True,False,False,False,False,False,False,False,False,False,False,False,False,False,False,False,False,False,False,False,False,False,False,True,False,False,False,False,False,False,True,False
UK,Vacuum Cleaner,2025-08-08,Home & Kitchen,0.0,74.73,,20.0,2.0,0.0,0.0,4,8,32,8,3,220,0,-0.433883739117558,-0.9009688679024191,-0.8660254037844385,-0.5000000000000004,0.0,1,0.0,1,0.0,1,0.0,1,0.42857142857142855,1.133893419027681,0.0,3.0,0.21428571428571427,0.5714285714285714,1.3173646934124723,0.0,5.0,0.75,0,74.73,0.0,0.0,False,False,False,False,True,False,False,False,False,False,False,False,False,False,False,False,False,False,False,False,False,False,False,False,False,False,False,True,False,False,False,False,False,False,True,False
UK,Vacuum Cleaner,2025-08-09,Home & Kitchen,0.0,74.73,,20.0,2.0,0.0,0.0,5,9,32,8,3,221,1,-0.9749279121818236,-0.2225209339563146,-0.8660254037844385,-0.5000000000000004,0.0,1,0.0,1,0.0,1,0.0,1,0.42857142857142855,1.133893419027681,0.0,3.0,0.21428571428571427,0.5714285714285714,1.3173646934124723,0.0,5.0,0.75,0,74.73,0.0,0.0,False,False,False,False,True,False,False,False,False,False,False,False,False,False,False,False,False,False,False,False,False,False,False,False,False,False,False,True,False,False,False,False,False,False,True,False
UK,Vacuum Cleaner,2025-08-10,Home & Kitchen,0.0,74.73,,20.0,2.0,0.0,0.0,6,10,32,8,3,222,1,-0.7818314824680299,0.6234898018587334,-0.8660254037844385,-0.5000000000000004,0.0,1,0.0,1,0.0,1,0.0,1,0.42857142857142855,1.133893419027681,0.0,3.0,0.21428571428571427,0.5714285714285714,1.3173646934124723,0.0,5.0,0.75,0,74.73,0.0,0.0,False,False,False,False,True,False,False,False,False,False,False,False,False,False,False,False,False,False,False,False,False,False,False,False,False,False,False,True,False,False,False,False,False,False,True,False
UK,Vacuum Cleaner,2025-08-11,Home & Kitchen,1.0,134.52,0.03,20.0,2.0,1.0,0.0,0,11,33,8,3,223,0,0.0,1.0,-0.8660254037844385,-0.5000000000000004,0.0,1,0.0,1,0.0,1,0.0,1,0.42857142857142855,1.133893419027681,0.0,3.0,0.21428571428571427,0.5714285714285714,1.3173646934124723,0.0,5.0,0.75,1,74.73,59.790000000000006,0.800080289040546,False,False,False,False,True,False,False,False,False,False,False,False,False,False,False,False,False,False,False,False,False,False,False,False,False,False,False,True,False,False,False,False,False,False,True,False
UK,Vacuum Cleaner,2025-08-12,Home & Kitchen,0.0,134.52,,20.0,2.0,0.0,0.0,1,12,33,8,3,224,0,0.7818314824680298,0.6234898018587336,-0.8660254037844385,-0.5000000000000004,1.0,1,0.0,1,0.0,1,0.0,1,0.5714285714285714,1.133893419027681,0.0,3.0,0.2857142857142857,0.6071428571428571,1.3148520748875063,0.0,5.0,0.9411764705882353,0,134.52,0.0,0.0,False,False,False,False,True,False,False,False,False,False,False,False,False,False,False,False,False,False,False,False,False,False,False,False,False,False,False,True,False,False,False,False,False,False,True,False
UK,Vacuum Cleaner,2025-08-13,Home & Kitchen,0.0,134.52,,20.0,2.0,0.0,0.0,2,13,33,8,3,225,0,0.9749279121818236,-0.22252093395631434,-0.8660254037844385,-0.5000000000000004,0.0,1,3.0,1,0.0,1,0.0,1,0.5714285714285714,1.133893419027681,0.0,3.0,0.2857142857142857,0.6071428571428571,1.3148520748875063,0.0,5.0,0.9411764705882353,0,134.52,0.0,0.0,False,False,False,False,True,False,False,False,False,False,False,False,False,False,False,False,False,False,False,False,False,False,False,False,False,False,False,True,False,False,False,False,False,False,True,False
UK,Vacuum Cleaner,2025-08-14,Home & Kitchen,0.0,134.52,,20.0,2.0,0.0,0.0,3,14,33,8,3,226,0,0.43388373911755823,-0.900968867902419,-0.8660254037844385,-0.5000000000000004,0.0,1,0.0,1,0.0,1,0.0,1,0.14285714285714285,0.37796447300922525,0.0,1.0,0.2857142857142857,0.6071428571428571,1.3148520748875063,0.0,5.0,0.23529411764705882,0,134.52,0.0,0.0,False,False,False,False,True,False,False,False,False,False,False,False,False,False,False,False,False,False,False,False,False,False,False,False,False,False,False,True,False,False,False,False,False,False,True,False
UK,Vacuum Cleaner,2025-08-15,Home & Kitchen,0.0,134.52,,20.0,2.0,0.0,0.0,4,15,33,8,3,227,0,-0.433883739117558,-0.9009688679024191,-0.8660254037844385,-0.5000000000000004,0.0,1,0.0,1,0.0,1,5.0,1,0.14285714285714285,0.37796447300922525,0.0,1.0,0.2857142857142857,0.6071428571428571,1.3148520748875063,0.0,5.0,0.23529411764705882,0,134.52,0.0,0.0,False,False,False,False,True,False,False,False,False,False,False,False,False,False,False,False,False,False,False,False,False,False,False,False,False,False,False,True,False,False,False,False,False,False,True,False
UK,Vacuum Cleaner,2025-08-16,Home & Kitchen,0.0,134.52,,20.0,2.0,0.0,0.0,5,16,33,8,3,228,1,-0.9749279121818236,-0.2225209339563146,-0.8660254037844385,-0.5000000000000004,0.0,1,0.0,1,0.0,1,0.0,1,0.14285714285714285,0.37796447300922525,0.0,1.0,0.2857142857142857,0.42857142857142855,0.9973509887241286,0.0,3.0,0.3333333333333333,0,134.52,0.0,0.0,False,False,False,False,True,False,False,False,False,False,False,False,False,False,False,False,False,False,False,False,False,False,False,False,False,False,False,True,False,False,False,False,False,False,True,False
UK,Vacuum Cleaner,2025-08-17,Home & Kitchen,0.0,134.52,,20.0,2.0,0.0,0.0,6,17,33,8,3,229,1,-0.7818314824680299,0.6234898018587334,-0.8660254037844385,-0.5000000000000004,0.0,1,0.0,1,0.0,1,3.0,1,0.14285714285714285,0.37796447300922525,0.0,1.0,0.2857142857142857,0.42857142857142855,0.9973509887241286,0.0,3.0,0.3333333333333333,0,134.52,0.0,0.0,False,False,False,False,True,False,False,False,False,False,False,False,False,False,False,False,False,False,False,False,False,False,False,False,False,False,False,True,False,False,False,False,False,False,True,False
UK,Vacuum Cleaner,2025-08-18,Home & Kitchen,0.0,134.52,,20.0,2.0,0.0,0.0,0,18,34,8,3,230,0,0.0,1.0,-0.8660254037844385,-0.5000000000000004,0.0,1,1.0,1,0.0,1,0.0,1,0.14285714285714285,0.37796447300922525,0.0,1.0,0.2857142857142857,0.32142857142857145,0.8629652337776982,0.0,3.0,0.44444444444444436,0,134.52,0.0,0.0,False,False,False,False,True,False,False,False,False,False,False,False,False,False,False,False,False,False,False,False,False,False,False,False,False,False,False,True,False,False,False,False,False,False,True,False
UK,Vacuum Cleaner,2025-08-19,Home & Kitchen,1.0,198.61,0.02,20.0,2.0,1.0,0.0,1,19,34,8,3,231,0,0.7818314824680298,0.6234898018587336,-0.8660254037844385,-0.5000000000000004,0.0,1,0.0,1,0.0,1,2.0,1,0.0,0.0,0.0,0.0,0.2857142857142857,0.32142857142857145,0.8629652337776982,0.0,3.0,0.0,1,134.52,64.09,0.4764347308950342,False,False,False,False,True,False,False,False,False,False,False,False,False,False,False,False,False,False,False,False,False,False,False,False,False,False,False,True,False,False,False,False,False,False,True,False
UK,Vacuum Cleaner,2025-08-20,Home & Kitchen,0.0,198.61,,20.0,2.0,0.0,0.0,2,20,34,8,3,232,0,0.9749279121818236,-0.22252093395631434,-0.8660254037844385,-0.5000000000000004,1.0,1,0.0,1,3.0,1,3.0,1,0.14285714285714285,0.37796447300922525,0.0,1.0,0.35714285714285715,0.2857142857142857,0.8099905283919429,0.0,3.0,0.5,0,198.61,0.0,0.0,False,False,False,False,True,False,False,False,False,False,False,False,False,False,False,False,False,False,False,False,False,False,False,False,False,False,False,True,False,False,False,False,False,False,True,False
UK,Vacuum Cleaner,2025-08-21,Home & Kitchen,0.0,198.61,,20.0,2.0,0.0,0.0,3,21,34,8,3,233,0,0.43388373911755823,-0.900968867902419,-0.8660254037844385,-0.5000000000000004,0.0,1,0.0,1,0.0,1,0.0,1,0.14285714285714285,0.37796447300922525,0.0,1.0,0.14285714285714285,0.17857142857142858,0.611832186419305,0.0,3.0,0.7999999999999999,0,198.61,0.0,0.0,False,False,False,False,True,False,False,False,False,False,False,False,False,False,False,False,False,False,False,False,False,False,False,False,False,False,False,True,False,False,False,False,False,False,True,False
UK,Vacuum Cleaner,2025-08-22,Home & Kitchen,0.0,198.61,,20.0,2.0,0.0,0.0,4,22,34,8,3,234,0,-0.433883739117558,-0.9009688679024191,-0.8660254037844385,-0.5000000000000004,0.0,1,0.0,1,0.0,1,0.0,1,0.14285714285714285,0.37796447300922525,0.0,1.0,0.14285714285714285,0.17857142857142858,0.611832186419305,0.0,3.0,0.7999999999999999,0,198.61,0.0,0.0,False,False,False,False,True,False,False,False,False,False,False,False,False,False,False,False,False,False,False,False,False,False,False,False,False,False,False,True,False,False,False,False,False,False,True,False
UK,Vacuum Cleaner,2025-08-23,Home & Kitchen,0.0,198.61,,20.0,2.0,0.0,0.0,5,23,34,8,3,235,1,-0.9749279121818236,-0.2225209339563146,-0.8660254037844385,-0.5000000000000004,0.0,1,0.0,1,0.0,1,0.0,1,0.14285714285714285,0.37796447300922525,0.0,1.0,0.14285714285714285,0.17857142857142858,0.611832186419305,0.0,3.0,0.7999999999999999,0,198.61,0.0,0.0,False,False,False,False,True,False,False,False,False,False,False,False,False,False,False,False,False,False,False,False,False,False,False,False,False,False,False,True,False,False,False,False,False,False,True,False
UK,Vacuum Cleaner,2025-08-24,Home & Kitchen,0.0,198.61,,20.0,2.0,0.0,0.0,6,24,34,8,3,236,1,-0.7818314824680299,0.6234898018587334,-0.8660254037844385,-0.5000000000000004,0.0,1,0.0,1,0.0,1,0.0,1,0.14285714285714285,0.37796447300922525,0.0,1.0,0.14285714285714285,0.17857142857142858,0.611832186419305,0.0,3.0,0.7999999999999999,0,198.61,0.0,0.0,False,False,False,False,True,False,False,False,False,False,False,False,False,False,False,False,False,False,False,False,False,False,False,False,False,False,False,True,False,False,False,False,False,False,True,False
UK,Vacuum Cleaner,2025-08-25,Home & Kitchen,0.0,198.61,,20.0,2.0,0.0,0.0,0,25,35,8,3,237,0,0.0,1.0,-0.8660254037844385,-0.5000000000000004,0.0,1,0.0,1,1.0,1,0.0,1,0.14285714285714285,0.37796447300922525,0.0,1.0,0.14285714285714285,0.17857142857142858,0.611832186419305,0.0,3.0,0.7999999999999999,0,198.61,0.0,0.0,False,False,False,False,True,False,False,False,False,False,False,False,False,False,False,False,False,False,False,False,False,False,False,False,False,False,False,True,False,False,False,False,False,False,True,False
UK,Vacuum Cleaner,2025-08-26,Home & Kitchen,0.0,198.61,,20.0,2.0,0.0,0.0,1,26,35,8,3,238,0,0.7818314824680298,0.6234898018587336,-0.8660254037844385,-0.5000000000000004,0.0,1,1.0,1,0.0,1,0.0,1,0.14285714285714285,0.37796447300922525,0.0,1.0,0.07142857142857142,0.17857142857142858,0.611832186419305,0.0,3.0,0.7999999999999999,0,198.61,0.0,0.0,False,False,False,False,True,False,False,False,False,False,False,False,False,False,False,False,False,False,False,False,False,False,False,False,False,False,False,True,False,False,False,False,False,False,True,False
UK,Vacuum Cleaner,2025-08-27,Home & Kitchen,0.0,198.61,,20.0,2.0,0.0,0.0,2,27,35,8,3,239,0,0.9749279121818236,-0.22252093395631434,-0.8660254037844385,-0.5000000000000004,0.0,1,0.0,1,0.0,1,0.0,1,0.0,0.0,0.0,0.0,0.07142857142857142,0.17857142857142858,0.611832186419305,0.0,3.0,0.0,0,198.61,0.0,0.0,False,False,False,False,True,False,False,False,False,False,False,False,False,False,False,False,False,False,False,False,False,False,False,False,False,False,False,True,False,False,False,False,False,False,True,False
UK,Vacuum Cleaner,2025-08-28,Home & Kitchen,0.0,198.61,,20.0,2.0,0.0,0.0,3,28,35,8,3,240,0,0.43388373911755823,-0.900968867902419,-0.8660254037844385,-0.5000000000000004,0.0,1,0.0,1,0.0,1,0.0,1,0.0,0.0,0.0,0.0,0.07142857142857142,0.17857142857142858,0.611832186419305,0.0,3.0,0.0,0,198.61,0.0,0.0,False,False,False,False,True,False,False,False,False,False,False,False,False,False,False,False,False,False,False,False,False,False,False,False,False,False,False,True,False,False,False,False,False,False,True,False
UK,Vacuum Cleaner,2025-08-29,Home & Kitchen,0.0,198.61,,20.0,2.0,0.0,0.0,4,29,35,8,3,241,0,-0.433883739117558,-0.9009688679024191,-0.8660254037844385,-0.5000000000000004,0.0,1,0.0,1,0.0,1,0.0,1,0.0,0.0,0.0,0.0,0.07142857142857142,0.17857142857142858,0.611832186419305,0.0,3.0,0.0,0,198.61,0.0,0.0,False,False,False,False,True,False,False,False,False,False,False,False,False,False,False,False,False,False,False,False,False,False,False,False,False,False,False,True,False,False,False,False,False,False,True,False
UK,Vacuum Cleaner,2025-08-30,Home & Kitchen,0.0,198.61,,20.0,2.0,0.0,0.0,5,30,35,8,3,242,1,-0.9749279121818236,-0.2225209339563146,-0.8660254037844385,-0.5000000000000004,0.0,1,0.0,1,0.0,1,0.0,1,0.0,0.0,0.0,0.0,0.07142857142857142,0.17857142857142858,0.611832186419305,0.0,3.0,0.0,0,198.61,0.0,0.0,False,False,False,False,True,False,False,False,False,False,False,False,False,False,False,False,False,False,False,False,False,False,False,False,False,False,False,True,False,False,False,False,False,False,True,False
UK,Vacuum Cleaner,2025-08-31,Home & Kitchen,0.0,198.61,,20.0,2.0,0.0,0.0,6,31,35,8,3,243,1,-0.7818314824680299,0.6234898018587334,-0.8660254037844385,-0.5000000000000004,0.0,1,0.0,1,0.0,1,0.0,1,0.0,0.0,0.0,0.0,0.07142857142857142,0.17857142857142858,0.611832186419305,0.0,3.0,0.0,0,198.61,0.0,0.0,False,False,False,False,True,False,False,False,False,False,False,False,False,False,False,False,False,False,False,False,False,False,False,False,False,False,False,True,False,False,False,False,False,False,True,False
UK,Vacuum Cleaner,2025-09-01,Home & Kitchen,0.0,198.61,,20.0,2.0,0.0,0.0,0,1,36,9,3,244,0,0.0,1.0,-1.0,-1.8369701987210297e-16,0.0,1,0.0,1,0.0,1,0.0,1,0.0,0.0,0.0,0.0,0.07142857142857142,0.17857142857142858,0.611832186419305,0.0,3.0,0.0,0,198.61,0.0,0.0,False,False,False,False,True,False,False,False,False,False,False,False,False,False,False,False,False,False,False,False,False,False,False,False,False,False,False,True,False,False,False,False,False,False,True,False
UK,Vacuum Cleaner,2025-09-02,Home & Kitchen,0.0,198.61,,20.0,2.0,0.0,0.0,1,2,36,9,3,245,0,0.7818314824680298,0.6234898018587336,-1.0,-1.8369701987210297e-16,0.0,1,0.0,1,1.0,1,0.0,1,0.0,0.0,0.0,0.0,0.07142857142857142,0.17857142857142858,0.611832186419305,0.0,3.0,0.0,0,198.61,0.0,0.0,False,False,False,False,True,False,False,False,False,False,False,False,False,False,False,False,False,False,False,False,False,False,False,False,False,False,False,True,False,False,False,False,False,False,True,False
UK,Vacuum Cleaner,2025-09-03,Home & Kitchen,0.0,198.61,,20.0,2.0,0.0,0.0,2,3,36,9,3,246,0,0.9749279121818236,-0.22252093395631434,-1.0,-1.8369701987210297e-16,0.0,1,0.0,1,0.0,1,3.0,1,0.0,0.0,0.0,0.0,0.0,0.17857142857142858,0.611832186419305,0.0,3.0,0.0,0,198.61,0.0,0.0,False,False,False,False,True,False,False,False,False,False,False,False,False,False,False,False,False,False,False,False,False,False,False,False,False,False,False,True,False,False,False,False,False,False,True,False
UK,Vacuum Cleaner,2025-09-04,Home & Kitchen,0.0,198.61,,20.0,2.0,0.0,0.0,3,4,36,9,3,247,0,0.43388373911755823,-0.900968867902419,-1.0,-1.8369701987210297e-16,0.0,1,0.0,1,0.0,1,0.0,1,0.0,0.0,0.0,0.0,0.0,0.07142857142857142,0.26226526415648704,0.0,1.0,0.0,0,198.61,0.0,0.0,False,False,False,False,True,False,False,False,False,False,False,False,False,False,False,False,False,False,False,False,False,False,False,False,False,False,False,True,False,False,False,False,False,False,True,False
UK,Vacuum Cleaner,2025-09-05,Home & Kitchen,0.0,198.61,,20.0,2.0,0.0,0.0,4,5,36,9,3,248,0,-0.433883739117558,-0.9009688679024191,-1.0,-1.8369701987210297e-16,0.0,1,0.0,1,0.0,1,0.0,1,0.0,0.0,0.0,0.0,0.0,0.07142857142857142,0.26226526415648704,0.0,1.0,0.0,0,198.61,0.0,0.0,False,False,False,False,True,False,False,False,False,False,False,False,False,False,False,False,False,False,False,False,False,False,False,False,False,False,False,True,False,False,False,False,False,False,True,False
UK,Vacuum Cleaner,2025-09-06,Home & Kitchen,0.0,198.61,,20.0,2.0,0.0,0.0,5,6,36,9,3,249,1,-0.9749279121818236,-0.2225209339563146,-1.0,-1.8369701987210297e-16,0.0,1,0.0,1,0.0,1,0.0,1,0.0,0.0,0.0,0.0,0.0,0.07142857142857142,0.26226526415648704,0.0,1.0,0.0,0,198.61,0.0,0.0,False,False,False,False,True,False,False,False,False,False,False,False,False,False,False,False,False,False,False,False,False,False,False,False,False,False,False,True,False,False,False,False,False,False,True,False
UK,Vacuum Cleaner,2025-09-07,Home & Kitchen,0.0,198.61,,20.0,2.0,0.0,0.0,6,7,36,9,3,250,1,-0.7818314824680299,0.6234898018587334,-1.0,-1.8369701987210297e-16,0.0,1,0.0,1,0.0,1,0.0,1,0.0,0.0,0.0,0.0,0.0,0.07142857142857142,0.26226526415648704,0.0,1.0,0.0,0,198.61,0.0,0.0,False,False,False,False,True,False,False,False,False,False,False,False,False,False,False,False,False,False,False,False,False,False,False,False,False,False,False,True,False,False,False,False,False,False,True,False
UK,Vacuum Cleaner,2025-09-08,Home & Kitchen,3.0,84.77,0.1,20.0,2.0,1.0,0.0,0,8,37,9,3,251,0,0.0,1.0,-1.0,-1.8369701987210297e-16,0.0,1,0.0,1,0.0,1,1.0,1,0.0,0.0,0.0,0.0,0.0,0.07142857142857142,0.26226526415648704,0.0,1.0,0.0,1,198.61,-113.84000000000002,-0.5731836262021047,False,False,False,False,True,False,False,False,False,False,False,False,False,False,False,False,False,False,False,False,False,False,False,False,False,False,False,True,False,False,False,False,False,False,True,False
UK,Vacuum Cleaner,2025-09-09,Home & Kitchen,0.0,84.77,,20.0,2.0,0.0,0.0,1,9,37,9,3,252,0,0.7818314824680298,0.6234898018587336,-1.0,-1.8369701987210297e-16,3.0,1,0.0,1,0.0,1,0.0,1,0.42857142857142855,1.133893419027681,0.0,3.0,0.21428571428571427,0.14285714285714285,0.5909368402852814,0.0,3.0,3.0,0,84.77,0.0,0.0,False,False,False,False,True,False,False,False,False,False,False,False,False,False,False,False,False,False,False,False,False,False,False,False,False,False,False,True,False,False,False,False,False,False,True,False
UK,Vacuum Cleaner,2025-09-10,Home & Kitchen,0.0,84.77,,20.0,2.0,0.0,0.0,2,10,37,9,3,253,0,0.9749279121818236,-0.22252093395631434,-1.0,-1.8369701987210297e-16,0.0,1,0.0,1,0.0,1,0.0,1,0.42857142857142855,1.133893419027681,0.0,3.0,0.21428571428571427,0.14285714285714285,0.5909368402852814,0.0,3.0,3.0,0,84.77,0.0,0.0,False,False,False,False,True,False,False,False,False,False,False,False,False,False,False,False,False,False,False,False,False,False,False,False,False,False,False,True,False,False,False,False,False,False,True,False
UK,Vacuum Cleaner,2025-09-11,Home & Kitchen,0.0,84.77,,20.0,2.0,0.0,0.0,3,11,37,9,3,254,0,0.43388373911755823,-0.900968867902419,-1.0,-1.8369701987210297e-16,0.0,1,0.0,1,0.0,1,0.0,1,0.42857142857142855,1.133893419027681,0.0,3.0,0.21428571428571427,0.14285714285714285,0.5909368402852814,0.0,3.0,3.0,0,84.77,0.0,0.0,False,False,False,False,True,False,False,False,False,False,False,False,False,False,False,False,False,False,False,False,False,False,False,False,False,False,False,True,False,False,False,False,False,False,True,False
UK,Vacuum Cleaner,2025-09-12,Home & Kitchen,0.0,84.77,,20.0,2.0,0.0,0.0,4,12,37,9,3,255,0,-0.433883739117558,-0.9009688679024191,-1.0,-1.8369701987210297e-16,0.0,1,0.0,1,0.0,1,0.0,1,0.42857142857142855,1.133893419027681,0.0,3.0,0.21428571428571427,0.14285714285714285,0.5909368402852814,0.0,3.0,3.0,0,84.77,0.0,0.0,False,False,False,False,True,False,False,False,False,False,False,False,False,False,False,False,False,False,False,False,False,False,False,False,False,False,False,True,False,False,False,False,False,False,True,False
UK,Vacuum Cleaner,2025-09-13,Home & Kitchen,0.0,84.77,,20.0,2.0,0.0,0.0,5,13,37,9,3,256,1,-0.9749279121818236,-0.2225209339563146,-1.0,-1.8369701987210297e-16,0.0,1,0.0,1,0.0,1,0.0,1,0.42857142857142855,1.133893419027681,0.0,3.0,0.21428571428571427,0.14285714285714285,0.5909368402852814,0.0,3.0,3.0,0,84.77,0.0,0.0,False,False,False,False,True,False,False,False,False,False,False,False,False,False,False,False,False,False,False,False,False,False,False,False,False,False,False,True,False,False,False,False,False,False,True,False
UK,Vacuum Cleaner,2025-09-14,Home & Kitchen,0.0,84.77,,20.0,2.0,0.0,0.0,6,14,37,9,3,257,1,-0.7818314824680299,0.6234898018587334,-1.0,-1.8369701987210297e-16,0.0,1,0.0,1,0.0,1,0.0,1,0.42857142857142855,1.133893419027681,0.0,3.0,0.21428571428571427,0.14285714285714285,0.5909368402852814,0.0,3.0,3.0,0,84.77,0.0,0.0,False,False,False,False,True,False,False,False,False,False,False,False,False,False,False,False,False,False,False,False,False,False,False,False,False,False,False,True,False,False,False,False,False,False,True,False
UK,Vacuum Cleaner,2025-09-15,Home & Kitchen,0.0,84.77,,20.0,2.0,0.0,0.0,0,15,38,9,3,258,0,0.0,1.0,-1.0,-1.8369701987210297e-16,0.0,1,3.0,1,0.0,1,0.0,1,0.42857142857142855,1.133893419027681,0.0,3.0,0.21428571428571427,0.14285714285714285,0.5909368402852814,0.0,3.0,3.0,0,84.77,0.0,0.0,False,False,False,False,True,False,False,False,False,False,False,False,False,False,False,False,False,False,False,False,False,False,False,False,False,False,False,True,False,False,False,False,False,False,True,False
UK,Vacuum Cleaner,2025-09-16,Home & Kitchen,0.0,84.77,,20.0,2.0,0.0,0.0,1,16,38,9,3,259,0,0.7818314824680298,0.6234898018587336,-1.0,-1.8369701987210297e-16,0.0,1,0.0,1,0.0,1,1.0,1,0.0,0.0,0.0,0.0,0.21428571428571427,0.14285714285714285,0.5909368402852814,0.0,3.0,0.0,0,84.77,0.0,0.0,False,False,False,False,True,False,False,False,False,False,False,False,False,False,False,False,False,False,False,False,False,False,False,False,False,False,False,True,False,False,False,False,False,False,True,False
UK,Vacuum Cleaner,2025-09-17,Home & Kitchen,3.0,124.1,0.1,20.0,2.0,1.0,0.0,2,17,38,9,3,260,0,0.9749279121818236,-0.22252093395631434,-1.0,-1.8369701987210297e-16,0.0,1,0.0,1,0.0,1,0.0,1,0.0,0.0,0.0,0.0,0.21428571428571427,0.10714285714285714,0.5669467095138435,0.0,3.0,0.0,1,84.77,39.33,0.46396130706617905,False,False,False,False,True,False,False,False,False,False,False,False,False,False,False,False,False,False,False,False,False,False,False,False,False,False,False,True,False,False,False,False,False,False,True,False
UK,Vacuum Cleaner,2025-09-18,Home & Kitchen,0.0,124.1,,20.0,2.0,0.0,0.0,3,18,38,9,3,261,0,0.43388373911755823,-0.900968867902419,-1.0,-1.8369701987210297e-16,3.0,1,0.0,1,0.0,1,0.0,1,0.42857142857142855,1.133893419027681,0.0,3.0,0.42857142857142855,0.21428571428571427,0.786795792469445,0.0,3.0,2.0,0,124.1,0.0,0.0,False,False,False,False,True,False,False,False,False,False,False,False,False,False,False,False,False,False,False,False,False,False,False,False,False,False,False,True,False,False,False,False,False,False,True,False
UK,Vacuum Cleaner,2025-09-19,Home & Kitchen,0.0,124.1,,20.0,2.0,0.0,0.0,4,19,38,9,3,262,0,-0.433883739117558,-0.9009688679024191,-1.0,-1.8369701987210297e-16,0.0,1,0.0,1,0.0,1,0.0,1,0.42857142857142855,1.133893419027681,0.0,3.0,0.42857142857142855,0.21428571428571427,0.786795792469445,0.0,3.0,2.0,0,124.1,0.0,0.0,False,False,False,False,True,False,False,False,False,False,False,False,False,False,False,False,False,False,False,False,False,False,False,False,False,False,False,True,False,False,False,False,False,False,True,False
UK,Vacuum Cleaner,2025-09-20,Home & Kitchen,0.0,124.1,,20.0,2.0,0.0,0.0,5,20,38,9,3,263,1,-0.9749279121818236,-0.2225209339563146,-1.0,-1.8369701987210297e-16,0.0,1,0.0,1,0.0,1,0.0,1,0.42857142857142855,1.133893419027681,0.0,3.0,0.42857142857142855,0.21428571428571427,0.786795792469445,0.0,3.0,2.0,0,124.1,0.0,0.0,False,False,False,False,True,False,False,False,False,False,False,False,False,False,False,False,False,False,False,False,False,False,False,False,False,False,False,True,False,False,False,False,False,False,True,False
UK,Vacuum Cleaner,2025-09-21,Home & Kitchen,0.0,124.1,,20.0,2.0,0.0,0.0,6,21,38,9,3,264,1,-0.7818314824680299,0.6234898018587334,-1.0,-1.8369701987210297e-16,0.0,1,0.0,1,0.0,1,0.0,1,0.42857142857142855,1.133893419027681,0.0,3.0,0.42857142857142855,0.21428571428571427,0.786795792469445,0.0,3.0,2.0,0,124.1,0.0,0.0,False,False,False,False,True,False,False,False,False,False,False,False,False,False,False,False,False,False,False,False,False,False,False,False,False,False,False,True,False,False,False,False,False,False,True,False
UK,Vacuum Cleaner,2025-09-22,Home & Kitchen,0.0,124.1,,20.0,2.0,0.0,0.0,0,22,39,9,3,265,0,0.0,1.0,-1.0,-1.8369701987210297e-16,0.0,1,0.0,1,3.0,1,0.0,1,0.42857142857142855,1.133893419027681,0.0,3.0,0.42857142857142855,0.21428571428571427,0.786795792469445,0.0,3.0,2.0,0,124.1,0.0,0.0,False,False,False,False,True,False,False,False,False,False,False,False,False,False,False,False,False,False,False,False,False,False,False,False,False,False,False,True,False,False,False,False,False,False,True,False
UK,Vacuum Cleaner,2025-09-23,Home & Kitchen,0.0,124.1,,20.0,2.0,0.0,0.0,1,23,39,9,3,266,0,0.7818314824680298,0.6234898018587336,-1.0,-1.8369701987210297e-16,0.0,1,0.0,1,0.0,1,0.0,1,0.42857142857142855,1.133893419027681,0.0,3.0,0.21428571428571427,0.21428571428571427,0.786795792469445,0.0,3.0,2.0,0,124.1,0.0,0.0,False,False,False,False,True,False,False,False,False,False,False,False,False,False,False,False,False,False,False,False,False,False,False,False,False,False,False,True,False,False,False,False,False,False,True,False
UK,Vacuum Cleaner,2025-09-24,Home & Kitchen,0.0,124.1,,20.0,2.0,0.0,0.0,2,24,39,9,3,267,0,0.9749279121818236,-0.22252093395631434,-1.0,-1.8369701987210297e-16,0.0,1,3.0,1,0.0,1,0.0,1,0.42857142857142855,1.133893419027681,0.0,3.0,0.21428571428571427,0.21428571428571427,0.786795792469445,0.0,3.0,2.0,0,124.1,0.0,0.0,False,False,False,False,True,False,False,False,False,False,False,False,False,False,False,False,False,False,False,False,False,False,False,False,False,False,False,True,False,False,False,False,False,False,True,False
UK,Vacuum Cleaner,2025-09-25,Home & Kitchen,0.0,124.1,,20.0,2.0,0.0,0.0,3,25,39,9,3,268,0,0.43388373911755823,-0.900968867902419,-1.0,-1.8369701987210297e-16,0.0,1,0.0,1,0.0,1,0.0,1,0.0,0.0,0.0,0.0,0.21428571428571427,0.21428571428571427,0.786795792469445,0.0,3.0,0.0,0,124.1,0.0,0.0,False,False,False,False,True,False,False,False,False,False,False,False,False,False,False,False,False,False,False,False,False,False,False,False,False,False,False,True,False,False,False,False,False,False,True,False
UK,Vacuum Cleaner,2025-09-26,Home & Kitchen,5.0,202.015,0.08,20.0,2.0,1.0,1.0,4,26,39,9,3,269,0,-0.433883739117558,-0.9009688679024191,-1.0,-1.8369701987210297e-16,0.0,1,0.0,1,0.0,1,0.0,1,0.0,0.0,0.0,0.0,0.21428571428571427,0.21428571428571427,0.786795792469445,0.0,3.0,0.0,1,124.1,77.91499999999999,0.6278404512489927,False,False,False,False,True,False,False,False,False,False,False,False,False,False,False,False,False,False,False,False,False,False,False,False,False,False,False,True,False,False,False,False,False,False,True,False
UK,Vacuum Cleaner,2025-09-27,Home & Kitchen,0.0,202.015,,20.0,2.0,0.0,0.0,5,27,39,9,3,270,1,-0.9749279121818236,-0.2225209339563146,-1.0,-1.8369701987210297e-16,5.0,1,0.0,1,0.0,1,0.0,1,0.7142857142857143,1.8898223650461357,0.0,5.0,0.5714285714285714,0.39285714285714285,1.1968874978625539,0.0,5.0,1.8181818181818183,0,202.015,0.0,0.0,False,False,False,False,True,False,False,False,False,False,False,False,False,False,False,False,False,False,False,False,False,False,False,False,False,False,False,True,False,False,False,False,False,False,True,False
UK,Vacuum Cleaner,2025-09-28,Home & Kitchen,0.0,202.015,,20.0,2.0,0.0,0.0,6,28,39,9,3,271,1,-0.7818314824680299,0.6234898018587334,-1.0,-1.8369701987210297e-16,0.0,1,0.0,1,0.0,1,0.0,1,0.7142857142857143,1.8898223650461357,0.0,5.0,0.5714285714285714,0.39285714285714285,1.1968874978625539,0.0,5.0,1.8181818181818183,0,202.015,0.0,0.0,False,False,False,False,True,False,False,False,False,False,False,False,False,False,False,False,False,False,False,False,False,False,False,False,False,False,False,True,False,False,False,False,False,False,True,False
UK,Vacuum Cleaner,2025-09-29,Home & Kitchen,0.0,202.015,,20.0,2.0,0.0,0.0,0,29,40,9,3,272,0,0.0,1.0,-1.0,-1.8369701987210297e-16,0.0,1,0.0,1,0.0,1,0.0,1,0.7142857142857143,1.8898223650461357,0.0,5.0,0.5714285714285714,0.39285714285714285,1.1968874978625539,0.0,5.0,1.8181818181818183,0,202.015,0.0,0.0,False,False,False,False,True,False,False,False,False,False,False,False,False,False,False,False,False,False,False,False,False,False,False,False,False,False,False,True,False,False,False,False,False,False,True,False
UK,Vacuum Cleaner,2025-09-30,Home & Kitchen,0.0,202.015,,20.0,2.0,0.0,0.0,1,30,40,9,3,273,0,0.7818314824680298,0.6234898018587336,-1.0,-1.8369701987210297e-16,0.0,1,0.0,1,0.0,1,0.0,1,0.7142857142857143,1.8898223650461357,0.0,5.0,0.5714285714285714,0.39285714285714285,1.1968874978625539,0.0,5.0,1.8181818181818183,0,202.015,0.0,0.0,False,False,False,False,True,False,False,False,False,False,False,False,False,False,False,False,False,False,False,False,False,False,False,False,False,False,False,True,False,False,False,False,False,False,True,False
UK,Vacuum Cleaner,2025-10-01,Home & Kitchen,3.0,182.365,0.03,20.0,2.0,1.0,0.0,2,1,40,10,4,274,0,0.9749279121818236,-0.22252093395631434,-0.8660254037844386,0.5000000000000001,0.0,1,0.0,1,3.0,1,0.0,1,0.7142857142857143,1.8898223650461357,0.0,5.0,0.5714285714285714,0.39285714285714285,1.1968874978625539,0.0,5.0,1.8181818181818183,1,202.015,-19.649999999999977,-0.09727000470262098,False,False,False,False,True,False,False,False,False,False,False,False,False,False,False,False,False,False,False,False,False,False,False,False,False,False,False,True,False,False,False,False,False,False,True,False
UK,Vacuum Cleaner,2025-10-02,Home & Kitchen,3.0,69.91,0.11,20.0,2.0,1.0,0.0,3,2,40,10,4,275,0,0.43388373911755823,-0.900968867902419,-0.8660254037844386,0.5000000000000001,3.0,1,0.0,1,0.0,1,0.0,1,1.1428571428571428,2.035400978396429,0.0,5.0,0.5714285714285714,0.5,1.2909944487358065,0.0,5.0,2.2857142857142856,1,182.365,-112.45500000000001,-0.6166479313464756,False,False,False,False,True,False,False,False,False,False,False,False,False,False,False,False,False,False,False,False,False,False,False,False,False,False,False,True,False,False,False,False,False,False,True,False
UK,Vacuum Cleaner,2025-10-03,Home & Kitchen,0.0,69.91,,20.0,2.0,0.0,0.0,4,3,40,10,4,276,0,-0.433883739117558,-0.9009688679024191,-0.8660254037844386,0.5000000000000001,3.0,1,5.0,1,0.0,1,0.0,1,1.5714285714285714,2.070196678027062,0.0,5.0,0.7857142857142857,0.6071428571428571,1.3700307029348389,0.0,5.0,2.588235294117647,0,69.91,0.0,0.0,False,False,False,False,True,False,False,False,False,False,False,False,False,False,False,False,False,False,False,False,False,False,False,False,False,False,False,True,False,False,False,False,False,False,True,False
UK,Vacuum Cleaner,2025-10-04,Home & Kitchen,3.0,35.89,0.15,20.0,2.0,1.0,0.0,5,4,40,10,4,277,1,-0.9749279121818236,-0.2225209339563146,-0.8660254037844386,0.5000000000000001,0.0,1,0.0,1,0.0,1,0.0,1,0.8571428571428571,1.463850109422799,0.0,3.0,0.7857142857142857,0.6071428571428571,1.3700307029348389,0.0,5.0,1.411764705882353,1,69.91,-34.019999999999996,-0.4866256615648691,False,False,False,False,True,False,False,False,False,False,False,False,False,False,False,False,False,False,False,False,False,False,False,False,False,False,False,True,False,False,False,False,False,False,True,False
UK,Vacuum Cleaner,2025-10-05,Home & Kitchen,0.0,35.89,,20.0,2.0,0.0,0.0,6,5,40,10,4,278,1,-0.7818314824680299,0.6234898018587334,-0.8660254037844386,0.5000000000000001,3.0,1,0.0,1,0.0,1,0.0,1,1.2857142857142858,1.6035674514745455,0.0,3.0,1.0,0.7142857142857143,1.4364860122855583,0.0,5.0,1.8,0,35.89,0.0,0.0,False,False,False,False,True,False,False,False,False,False,False,False,False,False,False,False,False,False,False,False,False,False,False,False,False,False,False,True,False,False,False,False,False,False,True,False
UK,Vacuum Cleaner,2025-10-06,Home & Kitchen,0.0,35.89,,20.0,2.0,0.0,0.0,0,6,41,10,4,279,0,0.0,1.0,-0.8660254037844386,0.5000000000000001,0.0,1,0.0,1,0.0,1,3.0,1,1.2857142857142858,1.6035674514745455,0.0,3.0,1.0,0.7142857142857143,1.4364860122855583,0.0,5.0,1.8,0,35.89,0.0,0.0,False,False,False,False,True,False,False,False,False,False,False,False,False,False,False,False,False,False,False,False,False,False,False,False,False,False,False,True,False,False,False,False,False,False,True,False
UK,Vacuum Cleaner,2025-10-07,Home & Kitchen,0.0,35.89,,20.0,2.0,0.0,0.0,1,7,41,10,4,280,0,0.7818314824680298,0.6234898018587336,-0.8660254037844386,0.5000000000000001,0.0,1,0.0,1,0.0,1,0.0,1,1.2857142857142858,1.6035674514745455,0.0,3.0,1.0,0.6071428571428571,1.3700307029348389,0.0,5.0,2.11764705882353,0,35.89,0.0,0.0,False,False,False,False,True,False,False,False,False,False,False,False,False,False,False,False,False,False,False,False,False,False,False,False,False,False,False,True,False,False,False,False,False,False,True,False
UK,Vacuum Cleaner,2025-10-08,Home & Kitchen,0.0,35.89,,20.0,2.0,0.0,0.0,2,8,41,10,4,281,0,0.9749279121818236,-0.22252093395631434,-0.8660254037844386,0.5000000000000001,0.0,1,3.0,1,0.0,1,0.0,1,1.2857142857142858,1.6035674514745455,0.0,3.0,1.0,0.6071428571428571,1.3700307029348389,0.0,5.0,2.11764705882353,0,35.89,0.0,0.0,False,False,False,False,True,False,False,False,False,False,False,False,False,False,False,False,False,False,False,False,False,False,False,False,False,False,False,True,False,False,False,False,False,False,True,False
UK,Vacuum Cleaner,2025-10-09,Home & Kitchen,0.0,35.89,,20.0,2.0,0.0,0.0,3,9,41,10,4,282,0,0.43388373911755823,-0.900968867902419,-0.8660254037844386,0.5000000000000001,0.0,1,3.0,1,0.0,1,0.0,1,0.8571428571428571,1.463850109422799,0.0,3.0,1.0,0.6071428571428571,1.3700307029348389,0.0,5.0,1.411764705882353,0,35.89,0.0,0.0,False,False,False,False,True,False,False,False,False,False,False,False,False,False,False,False,False,False,False,False,False,False,False,False,False,False,False,True,False,False,False,False,False,False,True,False
UK,Vacuum Cleaner,2025-10-10,Home & Kitchen,0.0,35.89,,20.0,2.0,0.0,0.0,4,10,41,10,4,283,0,-0.433883739117558,-0.9009688679024191,-0.8660254037844386,0.5000000000000001,0.0,1,0.0,1,5.0,1,0.0,1,0.42857142857142855,1.1338934190276808,0.0,3.0,1.0,0.6071428571428571,1.3700307029348389,0.0,5.0,0.7058823529411765,0,35.89,0.0,0.0,False,False,False,False,True,False,False,False,False,False,False,False,False,False,False,False,False,False,False,False,False,False,False,False,False,False,False,True,False,False,False,False,False,False,True,False
UK,Vacuum Cleaner,2025-10-11,Home & Kitchen,0.0,35.89,,20.0,2.0,0.0,0.0,5,11,41,10,4,284,1,-0.9749279121818236,-0.2225209339563146,-0.8660254037844386,0.5000000000000001,0.0,1,3.0,1,0.0,1,0.0,1,0.42857142857142855,1.1338934190276808,0.0,3.0,0.6428571428571429,0.6071428571428571,1.3700307029348389,0.0,5.0,0.7058823529411765,0,35.89,0.0,0.0,False,False,False,False,True,False,False,False,False,False,False,False,False,False,False,False,False,False,False,False,False,False,False,False,False,False,False,True,False,False,False,False,False,False,True,False
UK,Vacuum Cleaner,2025-10-12,Home & Kitchen,0.0,35.89,,20.0,2.0,0.0,0.0,6,12,41,10,4,285,1,-0.7818314824680299,0.6234898018587334,-0.8660254037844386,0.5000000000000001,0.0,1,0.0,1,0.0,1,0.0,1,0.0,0.0,0.0,0.0,0.6428571428571429,0.6071428571428571,1.3700307029348389,0.0,5.0,0.0,0,35.89,0.0,0.0,False,False,False,False,True,False,False,False,False,False,False,False,False,False,False,False,False,False,False,False,False,False,False,False,False,False,False,True,False,False,False,False,False,False,True,False
UK,Vacuum Cleaner,2025-10-13,Home & Kitchen,0.0,35.89,,20.0,2.0,0.0,0.0,0,13,42,10,4,286,0,0.0,1.0,-0.8660254037844386,0.5000000000000001,0.0,1,0.0,1,0.0,1,0.0,1,0.0,0.0,0.0,0.0,0.6428571428571429,0.6071428571428571,1.3700307029348389,0.0,5.0,0.0,0,35.89,0.0,0.0,False,False,False,False,True,False,False,False,False,False,False,False,False,False,False,False,False,False,False,False,False,False,False,False,False,False,False,True,False,False,False,False,False,False,True,False
UK,Vacuum Cleaner,2025-10-14,Home & Kitchen,0.0,35.89,,20.0,2.0,0.0,0.0,1,14,42,10,4,287,0,0.7818314824680298,0.6234898018587336,-0.8660254037844386,0.5000000000000001,0.0,1,0.0,1,0.0,1,0.0,1,0.0,0.0,0.0,0.0,0.6428571428571429,0.6071428571428571,1.3700307029348389,0.0,5.0,0.0,0,35.89,0.0,0.0,False,False,False,False,True,False,False,False,False,False,False,False,False,False,False,False,False,False,False,False,False,False,False,False,False,False,False,True,False,False,False,False,False,False,True,False
UK,Vacuum Cleaner,2025-10-15,Home & Kitchen,0.0,35.89,,20.0,2.0,0.0,0.0,2,15,42,10,4,288,0,0.9749279121818236,-0.22252093395631434,-0.8660254037844386,0.5000000000000001,0.0,1,0.0,1,3.0,1,3.0,1,0.0,0.0,0.0,0.0,0.6428571428571429,0.6071428571428571,1.3700307029348389,0.0,5.0,0.0,0,35.89,0.0,0.0,False,False,False,False,True,False,False,False,False,False,False,False,False,False,False,False,False,False,False,False,False,False,False,False,False,False,False,True,False,False,False,False,False,False,True,False
UK,Vacuum Cleaner,2025-10-16,Home & Kitchen,3.0,116.7,0.08,20.0,2.0,1.0,0.0,3,16,42,10,4,289,0,0.43388373911755823,-0.900968867902419,-0.8660254037844386,0.5000000000000001,0.0,1,0.0,1,3.0,1,0.0,1,0.0,0.0,0.0,0.0,0.42857142857142855,0.5,1.2909944487358065,0.0,5.0,0.0,1,35.89,80.81,2.251602117581499,False,False,False,False,True,False,False,False,False,False,False,False,False,False,False,False,False,False,False,False,False,False,False,False,False,False,False,True,False,False,False,False,False,False,True,False
UK,Vacuum Cleaner,2025-10-17,Home & Kitchen,3.0,198.88,0.15,20.0,2.0,1.0,0.0,4,17,42,10,4,290,0,-0.433883739117558,-0.9009688679024191,-0.8660254037844386,0.5000000000000001,3.0,1,0.0,1,0.0,1,0.0,1,0.42857142857142855,1.1338934190276808,0.0,3.0,0.42857142857142855,0.6071428571428571,1.3700307029348389,0.0,5.0,0.7058823529411765,1,116.7,82.17999999999999,0.7041988003427592,False,False,False,False,True,False,False,False,False,False,False,False,False,False,False,False,False,False,False,False,False,False,False,False,False,False,False,True,False,False,False,False,False,False,True,False
UK,Vacuum Cleaner,2025-10-18,Home & Kitchen,0.0,198.88,,20.0,2.0,0.0,0.0,5,18,42,10,4,291,1,-0.9749279121818236,-0.2225209339563146,-0.8660254037844386,0.5000000000000001,3.0,1,0.0,1,3.0,1,0.0,1,0.8571428571428571,1.463850109422799,0.0,3.0,0.6428571428571429,0.7142857142857143,1.4364860122855583,0.0,5.0,1.2,0,198.88,0.0,0.0,False,False,False,False,True,False,False,False,False,False,False,False,False,False,False,False,False,False,False,False,False,False,False,False,False,False,False,True,False,False,False,False,False,False,True,False
UK,Vacuum Cleaner,2025-10-19,Home & Kitchen,0.0,198.88,,20.0,2.0,0.0,0.0,6,19,42,10,4,292,1,-0.7818314824680299,0.6234898018587334,-0.8660254037844386,0.5000000000000001,0.0,1,0.0,1,0.0,1,0.0,1,0.8571428571428571,1.463850109422799,0.0,3.0,0.42857142857142855,0.7142857142857143,1.4364860122855583,0.0,5.0,1.2,0,198.88,0.0,0.0,False,False,False,False,True,False,False,False,False,False,False,False,False,False,False,False,False,False,False,False,False,False,False,False,False,False,False,True,False,False,False,False,False,False,True,False
UK,Vacuum Cleaner,2025-10-20,Home & Kitchen,0.0,198.88,,20.0,2.0,0.0,0.0,0,20,43,10,4,293,0,0.0,1.0,-0.8660254037844386,0.5000000000000001,0.0,1,0.0,1,0.0,1,0.0,1,0.8571428571428571,1.463850109422799,0.0,3.0,0.42857142857142855,0.7142857142857143,1.4364860122855583,0.0,5.0,1.2,0,198.88,0.0,0.0,False,False,False,False,True,False,False,False,False,False,False,False,False,False,False,False,False,False,False,False,False,False,False,False,False,False,False,True,False,False,False,False,False,False,True,False
UK,Vacuum Cleaner,2025-10-21,Home & Kitchen,0.0,198.88,,20.0,2.0,0.0,0.0,1,21,43,10,4,294,0,0.7818314824680298,0.6234898018587336,-0.8660254037844386,0.5000000000000001,0.0,1,0.0,1,0.0,1,0.0,1,0.8571428571428571,1.463850109422799,0.0,3.0,0.42857142857142855,0.7142857142857143,1.4364860122855583,0.0,5.0,1.2,0,198.88,0.0,0.0,False,False,False,False,True,False,False,False,False,False,False,False,False,False,False,False,False,False,False,False,False,False,False,False,False,False,False,True,False,False,False,False,False,False,True,False
UK,Vacuum Cleaner,2025-10-22,Home & Kitchen,0.0,198.88,,20.0,2.0,0.0,0.0,2,22,43,10,4,295,0,0.9749279121818236,-0.22252093395631434,-0.8660254037844386,0.5000000000000001,0.0,1,0.0,1,0.0,1,0.0,1,0.8571428571428571,1.463850109422799,0.0,3.0,0.42857142857142855,0.7142857142857143,1.4364860122855583,0.0,5.0,1.2,0,198.88,0.0,0.0,False,False,False,False,True,False,False,False,False,False,False,False,False,False,False,False,False,False,False,False,False,False,False,False,False,False,False,True,False,False,False,False,False,False,True,False
UK,Vacuum Cleaner,2025-10-23,Home & Kitchen,0.0,198.88,,20.0,2.0,0.0,0.0,3,23,43,10,4,296,0,0.43388373911755823,-0.900968867902419,-0.8660254037844386,0.5000000000000001,0.0,1,3.0,1,0.0,1,0.0,1,0.8571428571428571,1.463850109422799,0.0,3.0,0.42857142857142855,0.7142857142857143,1.4364860122855583,0.0,5.0,1.2,0,198.88,0.0,0.0,False,False,False,False,True,False,False,False,False,False,False,False,False,False,False,False,False,False,False,False,False,False,False,False,False,False,False,True,False,False,False,False,False,False,True,False
UK,Vacuum Cleaner,2025-10-24,Home & Kitchen,1.0,268.23,0.11,20.0,2.0,1.0,0.0,4,24,43,10,4,297,0,-0.433883739117558,-0.9009688679024191,-0.8660254037844386,0.5000000000000001,0.0,1,3.0,1,0.0,1,5.0,1,0.42857142857142855,1.1338934190276808,0.0,3.0,0.42857142857142855,0.7142857142857143,1.4364860122855583,0.0,5.0,0.6,1,198.88,69.35000000000002,0.3487027353177797,False,False,False,False,True,False,False,False,False,False,False,False,False,False,False,False,False,False,False,False,False,False,False,False,False,False,False,True,False,False,False,False,False,False,True,False
UK,Vacuum Cleaner,2025-10-25,Home & Kitchen,0.0,268.23,,20.0,2.0,0.0,0.0,5,25,43,10,4,298,1,-0.9749279121818236,-0.2225209339563146,-0.8660254037844386,0.5000000000000001,1.0,1,0.0,1,0.0,1,0.0,1,0.14285714285714285,0.3779644730092249,0.0,1.0,0.5,0.5714285714285714,1.168366109179553,0.0,3.0,0.25,0,268.23,0.0,0.0,False,False,False,False,True,False,False,False,False,False,False,False,False,False,False,False,False,False,False,False,False,False,False,False,False,False,False,True,False,False,False,False,False,False,True,False
UK,Vacuum Cleaner,2025-10-26,Home & Kitchen,2.0,110.34,0.02,20.0,2.0,1.0,0.0,6,26,43,10,4,299,1,-0.7818314824680299,0.6234898018587334,-0.8660254037844386,0.5000000000000001,0.0,1,0.0,1,0.0,1,0.0,1,0.14285714285714285,0.3779644730092249,0.0,1.0,0.5,0.5714285714285714,1.168366109179553,0.0,3.0,0.25,1,268.23,-157.89000000000001,-0.5886366178279835,False,False,False,False,True,False,False,False,False,False,False,False,False,False,False,False,False,False,False,False,False,False,False,False,False,False,False,True,False,False,False,False,False,False,True,False
UK,Vacuum Cleaner,2025-10-27,Home & Kitchen,0.0,110.34,,20.0,2.0,0.0,0.0,0,27,44,10,4,300,0,0.0,1.0,-0.8660254037844386,0.5000000000000001,2.0,1,0.0,1,0.0,1,0.0,1,0.42857142857142855,0.786795792469442,0.0,2.0,0.6428571428571429,0.6428571428571429,1.1930131697849882,0.0,3.0,0.6666666666666666,0,110.34,0.0,0.0,False,False,False,False,True,False,False,False,False,False,False,False,False,False,False,False,False,False,False,False,False,False,False,False,False,False,False,True,False,False,False,False,False,False,True,False
UK,Vacuum Cleaner,2025-10-28,Home & Kitchen,2.0,152.53,0.11,20.0,2.0,1.0,0.0,1,28,44,10,4,301,0,0.7818314824680298,0.6234898018587336,-0.8660254037844386,0.5000000000000001,0.0,1,0.0,1,0.0,1,0.0,1,0.42857142857142855,0.786795792469442,0.0,2.0,0.6428571428571429,0.6428571428571429,1.1930131697849882,0.0,3.0,0.6666666666666666,1,110.34,42.19,0.3823636034076491,False,False,False,False,True,False,False,False,False,False,False,False,False,False,False,False,False,False,False,False,False,False,False,False,False,False,False,True,False,False,False,False,False,False,True,False
UK,Vacuum Cleaner,2025-10-29,Home & Kitchen,0.0,152.53,,20.0,2.0,0.0,0.0,2,29,44,10,4,302,0,0.9749279121818236,-0.22252093395631434,-0.8660254037844386,0.5000000000000001,2.0,1,0.0,1,0.0,1,3.0,1,0.7142857142857143,0.9511897312113406,0.0,2.0,0.7857142857142857,0.7142857142857143,1.2128064441201953,0.0,3.0,1.0,0,152.53,0.0,0.0,False,False,False,False,True,False,False,False,False,False,False,False,False,False,False,False,False,False,False,False,False,False,False,False,False,False,False,True,False,False,False,False,False,False,True,False
UK,Vacuum Cleaner,2025-10-30,Home & Kitchen,0.0,152.53,,20.0,2.0,0.0,0.0,3,30,44,10,4,303,0,0.43388373911755823,-0.900968867902419,-0.8660254037844386,0.5000000000000001,0.0,1,0.0,1,3.0,1,3.0,1,0.7142857142857143,0.9511897312113406,0.0,2.0,0.7857142857142857,0.6071428571428571,1.1333099904225392,0.0,3.0,1.1764705882352942,0,152.53,0.0,0.0,False,False,False,False,True,False,False,False,False,False,False,False,False,False,False,False,False,False,False,False,False,False,False,False,False,False,False,True,False,False,False,False,False,False,True,False
UK,Vacuum Cleaner,2025-10-31,Home & Kitchen,0.0,152.53,,20.0,2.0,0.0,0.0,4,31,44,10,4,304,0,-0.433883739117558,-0.9009688679024191,-0.8660254037844386,0.5000000000000001,0.0,1,1.0,1,3.0,1,0.0,1,0.7142857142857143,0.9511897312113406,0.0,2.0,0.5714285714285714,0.5,1.0363754503432026,0.0,3.0,1.4285714285714286,0,152.53,0.0,0.0,False,False,False,False,True,False,False,False,False,False,False,False,False,False,False,False,False,False,False,False,False,False,False,False,False,False,False,True,False,False,False,False,False,False,True,False
UK,Vacuum Cleaner,2025-11-01,Home & Kitchen,0.0,152.53,,20.0,2.0,0.0,0.0,5,1,44,11,4,305,1,-0.9749279121818236,-0.2225209339563146,-0.5000000000000004,0.8660254037844384,0.0,1,0.0,1,0.0,1,3.0,1,0.5714285714285714,0.9759000729485321,0.0,2.0,0.35714285714285715,0.5,1.0363754503432026,0.0,3.0,1.1428571428571428,0,152.53,0.0,0.0,False,False,False,False,True,False,False,False,False,False,False,False,False,False,False,False,False,False,False,False,False,False,False,False,False,False,False,True,False,False,False,False,False,False,True,False
UK,Vacuum Cleaner,2025-11-02,Home & Kitchen,0.0,152.53,,20.0,2.0,0.0,0.0,6,2,44,11,4,306,1,-0.7818314824680299,0.6234898018587334,-0.5000000000000004,0.8660254037844384,0.0,1,2.0,1,0.0,1,0.0,1,0.5714285714285714,0.9759000729485321,0.0,2.0,0.35714285714285715,0.39285714285714285,0.9164862737363239,0.0,3.0,1.4545454545454546,0,152.53,0.0,0.0,False,False,False,False,True,False,False,False,False,False,False,False,False,False,False,False,False,False,False,False,False,False,False,False,False,False,False,True,False,False,False,False,False,False,True,False
UK,Vacuum Cleaner,2025-11-03,Home & Kitchen,3.0,123.88,0.28,20.0,2.0,1.0,0.0,0,3,45,11,4,307,0,0.0,1.0,-0.5000000000000004,0.8660254037844384,0.0,1,0.0,1,0.0,1,0.0,1,0.2857142857142857,0.7559289460184532,0.0,2.0,0.35714285714285715,0.39285714285714285,0.9164862737363239,0.0,3.0,0.7272727272727273,1,152.53,-28.650000000000006,-0.18783190192093363,False,False,False,False,True,False,False,False,False,False,False,False,False,False,False,False,False,False,False,False,False,False,False,False,False,False,False,True,False,False,False,False,False,False,True,False
UK,Vacuum Cleaner,2025-11-04,Home & Kitchen,0.0,123.88,,20.0,2.0,0.0,0.0,1,4,45,11,4,308,0,0.7818314824680298,0.6234898018587336,-0.5000000000000004,0.8660254037844384,3.0,1,2.0,1,0.0,1,0.0,1,0.7142857142857143,1.2535663410560165,0.0,3.0,0.5714285714285714,0.5,1.0363754503432026,0.0,3.0,1.4285714285714286,0,123.88,0.0,0.0,False,False,False,False,True,False,False,False,False,False,False,False,False,False,False,False,False,False,False,False,False,False,False,False,False,False,False,True,False,False,False,False,False,False,True,False
UK,Vacuum Cleaner,2025-11-05,Home & Kitchen,4.0,265.22,0.22,20.0,2.0,1.0,0.0,2,5,45,11,4,309,0,0.9749279121818236,-0.22252093395631434,-0.5000000000000004,0.8660254037844384,0.0,1,0.0,1,0.0,1,0.0,1,0.42857142857142855,1.1338934190276808,0.0,3.0,0.5714285714285714,0.5,1.0363754503432026,0.0,3.0,0.8571428571428571,1,123.88,141.34000000000003,1.1409428479173396,False,False,False,False,True,False,False,False,False,False,False,False,False,False,False,False,False,False,False,False,False,False,False,False,False,False,False,True,False,False,False,False,False,False,True,False
UK,Vacuum Cleaner,2025-11-06,Home & Kitchen,0.0,265.22,,20.0,2.0,0.0,0.0,3,6,45,11,4,310,0,0.43388373911755823,-0.900968867902419,-0.5000000000000004,0.8660254037844384,4.0,1,0.0,1,0.0,1,0.0,1,1.0,1.7320508075688767,0.0,4.0,0.8571428571428571,0.6428571428571429,1.223664372838606,0.0,4.0,1.5555555555555554,0,265.22,0.0,0.0,False,False,False,False,True,False,False,False,False,False,False,False,False,False,False,False,False,False,False,False,False,False,False,False,False,False,False,True,False,False,False,False,False,False,True,False
UK,Vacuum Cleaner,2025-11-07,Home & Kitchen,0.0,265.22,,20.0,2.0,0.0,0.0,4,7,45,11,4,311,0,-0.433883739117558,-0.9009688679024191,-0.5000000000000004,0.8660254037844384,0.0,1,0.0,1,1.0,1,0.0,1,1.0,1.7320508075688767,0.0,4.0,0.8571428571428571,0.6428571428571429,1.223664372838606,0.0,4.0,1.5555555555555554,0,265.22,0.0,0.0,False,False,False,False,True,False,False,False,False,False,False,False,False,False,False,False,False,False,False,False,False,False,False,False,False,False,False,True,False,False,False,False,False,False,True,False
UK,Vacuum Cleaner,2025-11-08,Home & Kitchen,5.0,208.1,0.28,20.0,2.0,1.0,1.0,5,8,45,11,4,312,1,-0.9749279121818236,-0.2225209339563146,-0.5000000000000004,0.8660254037844384,0.0,1,0.0,1,0.0,1,0.0,1,1.0,1.7320508075688767,0.0,4.0,0.7857142857142857,0.6428571428571429,1.223664372838606,0.0,4.0,1.5555555555555554,1,265.22,-57.12000000000003,-0.21536837342583526,False,False,False,False,True,False,False,False,False,False,False,False,False,False,False,False,False,False,False,False,False,False,False,False,False,False,False,True,False,False,False,False,False,False,True,False
UK,Vacuum Cleaner,2025-11-09,Home & Kitchen,0.0,208.1,,20.0,2.0,0.0,0.0,6,9,45,11,4,313,1,-0.7818314824680299,0.6234898018587334,-0.5000000000000004,0.8660254037844384,5.0,1,0.0,1,2.0,1,0.0,1,1.7142857142857142,2.2146697055682822,0.0,5.0,1.1428571428571428,0.8214285714285714,1.4670093394782473,0.0,5.0,2.0869565217391304,0,208.1,0.0,0.0,False,False,False,False,True,False,False,False,False,False,False,False,False,False,False,False,False,False,False,False,False,False,False,False,False,False,False,True,False,False,False,False,False,False,True,False
UK,Vacuum Cleaner,2025-11-10,Home & Kitchen,0.0,208.1,,20.0,2.0,0.0,0.0,0,10,46,11,4,314,0,0.0,1.0,-0.5000000000000004,0.8660254037844384,0.0,1,3.0,1,0.0,1,0.0,1,1.7142857142857142,2.2146697055682822,0.0,5.0,1.0,0.8214285714285714,1.4670093394782473,0.0,5.0,2.0869565217391304,0,208.1,0.0,0.0,False,False,False,False,True,False,False,False,False,False,False,False,False,False,False,False,False,False,False,False,False,False,False,False,False,False,False,True,False,False,False,False,False,False,True,False
UK,Vacuum Cleaner,2025-11-11,Home & Kitchen,2.0,158.03,0.19,20.0,2.0,1.0,0.0,1,11,46,11,4,315,0,0.7818314824680298,0.6234898018587336,-0.5000000000000004,0.8660254037844384,0.0,1,0.0,1,2.0,1,0.0,1,1.2857142857142858,2.2146697055682822,0.0,5.0,1.0,0.8214285714285714,1.4670093394782473,0.0,5.0,1.565217391304348,1,208.1,-50.06999999999999,-0.24060547813551175,False,False,False,False,True,False,False,False,False,False,False,False,False,False,False,False,False,False,False,False,False,False,False,False,False,False,False,True,False,False,False,False,False,False,True,False
UK,Vacuum Cleaner,2025-11-12,Home & Kitchen,0.0,158.03,,20.0,2.0,0.0,0.0,2,12,46,11,4,316,0,0.9749279121818236,-0.22252093395631434,-0.5000000000000004,0.8660254037844384,2.0,1,4.0,1,0.0,1,0.0,1,1.5714285714285714,2.149196970742239,0.0,5.0,1.0,0.8928571428571429,1.4742050139924312,0.0,5.0,1.7599999999999998,0,158.03,0.0,0.0,False,False,False,False,True,False,False,False,False,False,False,False,False,False,False,False,False,False,False,False,False,False,False,False,False,False,False,True,False,False,False,False,False,False,True,False
UK,Vacuum Cleaner,2025-11-13,Home & Kitchen,3.0,257.2,0.2,20.0,2.0,1.0,0.0,3,13,46,11,4,317,0,0.43388373911755823,-0.900968867902419,-0.5000000000000004,0.8660254037844384,0.0,1,0.0,1,0.0,1,3.0,1,1.0,1.9148542155126755,0.0,5.0,1.0,0.8928571428571429,1.4742050139924312,0.0,5.0,1.1199999999999999,1,158.03,99.16999999999999,0.6275390748592039,False,False,False,False,True,False,False,False,False,False,False,False,False,False,False,False,False,False,False,False,False,False,False,False,False,False,False,True,False,False,False,False,False,False,True,False
UK,Vacuum Cleaner,2025-11-14,Home & Kitchen,3.0,176.87,0.22,20.0,2.0,1.0,0.0,4,14,46,11,4,318,0,-0.433883739117558,-0.9009688679024191,-0.5000000000000004,0.8660254037844384,3.0,1,0.0,1,0.0,1,3.0,1,1.4285714285714286,1.9880595947760091,0.0,5.0,1.2142857142857142,0.8928571428571429,1.4742050139924312,0.0,5.0,1.5999999999999999,1,257.2,-80.32999999999998,-0.31232503888024876,False,False,False,False,True,False,False,False,False,False,False,False,False,False,False,False,False,False,False,False,False,False,False,False,False,False,False,True,False,False,False,False,False,False,True,False
UK,Vacuum Cleaner,2025-11-15,Home & Kitchen,5.0,75.06,0.2,20.0,2.0,1.0,1.0,5,15,46,11,4,319,1,-0.9749279121818236,-0.2225209339563146,-0.5000000000000004,0.8660254037844384,3.0,1,5.0,1,0.0,1,0.0,1,1.8571428571428572,1.9518001458970655,0.0,5.0,1.4285714285714286,0.8928571428571429,1.4742050139924312,0.0,5.0,2.08,1,176.87,-101.81,-0.5756205122406287,False,False,False,False,True,False,False,False,False,False,False,False,False,False,False,False,False,False,False,False,False,False,False,False,False,False,False,True,False,False,False,False,False,False,True,False
UK,Vacuum Cleaner,2025-11-16,Home & Kitchen,0.0,75.06,,20.0,2.0,0.0,0.0,6,16,46,11,4,320,1,-0.7818314824680299,0.6234898018587334,-0.5000000000000004,0.8660254037844384,5.0,1,0.0,1,0.0,1,0.0,1,1.8571428571428572,1.9518001458970655,0.0,5.0,1.7857142857142858,1.0714285714285714,1.6539195069439554,0.0,5.0,1.7333333333333334,0,75.06,0.0,0.0,False,False,False,False,True,False,False,False,False,False,False,False,False,False,False,False,False,False,False,False,False,False,False,False,False,False,False,True,False,False,False,False,False,False,True,False
UK,Vacuum Cleaner,2025-11-17,Home & Kitchen,0.0,75.06,,20.0,2.0,0.0,0.0,0,17,47,11,4,321,0,0.0,1.0,-0.5000000000000004,0.8660254037844384,0.0,1,0.0,1,3.0,1,0.0,1,1.8571428571428572,1.9518001458970655,0.0,5.0,1.7857142857142858,1.0714285714285714,1.6539195069439554,0.0,5.0,1.7333333333333334,0,75.06,0.0,0.0,False,False,False,False,True,False,False,False,False,False,False,False,False,False,False,False,False,False,False,False,False,False,False,False,False,False,False,True,False,False,False,False,False,False,True,False
UK,Vacuum Cleaner,2025-11-18,Home & Kitchen,0.0,75.06,,20.0,2.0,0.0,0.0,1,18,47,11,4,322,0,0.7818314824680298,0.6234898018587336,-0.5000000000000004,0.8660254037844384,0.0,1,2.0,1,0.0,1,0.0,1,1.8571428571428572,1.9518001458970655,0.0,5.0,1.5714285714285714,1.0714285714285714,1.6539195069439554,0.0,5.0,1.7333333333333334,0,75.06,0.0,0.0,False,False,False,False,True,False,False,False,False,False,False,False,False,False,False,False,False,False,False,False,False,False,False,False,False,False,False,True,False,False,False,False,False,False,True,False
UK,Vacuum Cleaner,2025-11-19,Home & Kitchen,0.0,75.06,,20.0,2.0,0.0,0.0,2,19,47,11,4,323,0,0.9749279121818236,-0.22252093395631434,-0.5000000000000004,0.8660254037844384,0.0,1,0.0,1,4.0,1,0.0,1,1.5714285714285714,2.070196678027062,0.0,5.0,1.5714285714285714,1.0714285714285714,1.6539195069439554,0.0,5.0,1.4666666666666668,0,75.06,0.0,0.0,False,False,False,False,True,False,False,False,False,False,False,False,False,False,False,False,False,False,False,False,False,False,False,False,False,False,False,True,False,False,False,False,False,False,True,False
UK,Vacuum Cleaner,2025-11-20,Home & Kitchen,0.0,75.06,,20.0,2.0,0.0,0.0,3,20,47,11,4,324,0,0.43388373911755823,-0.900968867902419,-0.5000000000000004,0.8660254037844384,0.0,1,3.0,1,0.0,1,0.0,1,1.5714285714285714,2.070196678027062,0.0,5.0,1.2857142857142858,1.0714285714285714,1.6539195069439554,0.0,5.0,1.4666666666666668,0,75.06,0.0,0.0,False,False,False,False,True,False,False,False,False,False,False,False,False,False,False,False,False,False,False,False,False,False,False,False,False,False,False,True,False,False,False,False,False,False,True,False
UK,Vacuum Cleaner,2025-11-21,Home & Kitchen,0.0,75.06,,20.0,2.0,0.0,0.0,4,21,47,11,4,325,0,-0.433883739117558,-0.9009688679024191,-0.5000000000000004,0.8660254037844384,0.0,1,3.0,1,0.0,1,1.0,1,1.1428571428571428,2.035400978396429,0.0,5.0,1.2857142857142858,1.0714285714285714,1.6539195069439554,0.0,5.0,1.0666666666666667,0,75.06,0.0,0.0,False,False,False,False,True,False,False,False,False,False,False,False,False,False,False,False,False,False,False,False,False,False,False,False,False,False,False,True,False,False,False,False,False,False,True,False
UK,Vacuum Cleaner,2025-11-22,Home & Kitchen,3.0,74.85,0.15,20.0,2.0,1.0,0.0,5,22,47,11,4,326,1,-0.9749279121818236,-0.2225209339563146,-0.5000000000000004,0.8660254037844384,0.0,1,5.0,1,5.0,1,0.0,1,0.7142857142857143,1.8898223650461357,0.0,5.0,1.2857142857142858,1.0357142857142858,1.6662697940174716,0.0,5.0,0.689655172413793,1,75.06,-0.21000000000000796,-0.002797761790567652,False,False,False,False,True,False,False,False,False,False,False,False,False,False,False,False,False,False,False,False,False,False,False,False,False,False,False,True,False,False,False,False,False,False,True,False
UK,Vacuum Cleaner,2025-11-23,Home & Kitchen,0.0,74.85,,20.0,2.0,0.0,0.0,6,23,47,11,4,327,1,-0.7818314824680299,0.6234898018587334,-0.5000000000000004,0.8660254037844384,3.0,1,0.0,1,0.0,1,2.0,1,0.42857142857142855,1.133893419027681,0.0,3.0,1.1428571428571428,1.1428571428571428,1.6934358174211588,0.0,5.0,0.375,0,74.85,0.0,0.0,False,False,False,False,True,False,False,False,False,False,False,False,False,False,False,False,False,False,False,False,False,False,False,False,False,False,False,True,False,False,False,False,False,False,True,False
UK,Vacuum Cleaner,2025-11-24,Home & Kitchen,0.0,74.85,,20.0,2.0,0.0,0.0,0,24,48,11,4,328,0,0.0,1.0,-0.5000000000000004,0.8660254037844384,0.0,1,0.0,1,0.0,1,0.0,1,0.42857142857142855,1.133893419027681,0.0,3.0,1.1428571428571428,1.0714285714285714,1.6981159806084754,0.0,5.0,0.39999999999999997,0,74.85,0.0,0.0,False,False,False,False,True,False,False,False,False,False,False,False,False,False,False,False,False,False,False,False,False,False,False,False,False,False,False,True,False,False,False,False,False,False,True,False
UK,Vacuum Cleaner,2025-11-25,Home & Kitchen,4.0,284.1,0.25,20.0,2.0,1.0,0.0,1,25,48,11,4,329,0,0.7818314824680298,0.6234898018587336,-0.5000000000000004,0.8660254037844384,0.0,1,0.0,1,2.0,1,2.0,1,0.42857142857142855,1.133893419027681,0.0,3.0,1.1428571428571428,1.0714285714285714,1.6981159806084754,0.0,5.0,0.39999999999999997,1,74.85,209.25000000000003,2.79559118236473,False,False,False,False,True,False,False,False,False,False,False,False,False,False,False,False,False,False,False,False,False,False,False,False,False,False,False,True,False,False,False,False,False,False,True,False
