store_id,product_id,date,category,sales,price,Discount_Applied,safety_stock,lead_time_days,promotion,is_outlier,day_of_week,day_of_month,week_of_year,month,quarter,day_of_year,is_weekend,sin_day_of_week,cos_day_of_week,sin_month,cos_month,lag_1,has_lag_1,lag_7,has_lag_7,lag_14,has_lag_14,lag_28,has_lag_28,rolling_mean_7,rolling_std_7,rolling_min_7,rolling_max_7,rolling_mean_14,rolling_mean_28,rolling_std_28,rolling_min_28,rolling_max_28,trend_ratio,is_promotion,previous_price,price_change,price_change_pct,store_id_Germany,store_id_India,store_id_Pakistan,store_id_UAE,store_id_UK,store_id_USA,product_id_4K Smart TV,product_id_Air Fryer,product_id_Blender,product_id_Coffee Maker,product_id_Cotton T-Shirt,product_id_Cycling Helmet,product_id_Denim Jeans,product_id_Dumbbell Set,product_id_Face Wash,product_id_Football,product_id_Formal Shirt,product_id_Gaming Laptop,product_id_Hair Serum,product_id_Lipstick Set,product_id_Microwave Oven,product_id_Moisturizing Cream,product_id_Perfume,product_id_Running Shoes,product_id_Smartphone 128GB,product_id_Smartwatch,product_id_Tennis Racket,product_id_Vacuum Cleaner,product_id_Winter Jacket,product_id_Wireless Noise-Canceling Headphones,product_id_Yoga Mat,category_Apparel,category_Beauty,category_Electronics,category_Home & Kitchen,category_Sports
UK,Air Fryer,2025-05-23,Home & Kitchen,0.0,239.77,,20.0,2.0,0.0,0.0,4,23,21,5,2,143,0,-0.433883739117558,-0.9009688679024191,0.49999999999999994,-0.8660254037844387,0.0,1,0.0,1,0.0,1,2.0,1,0.14285714285714285,0.3779644730092282,0.0,1.0,0.07142857142857142,0.14285714285714285,0.4483951394230369,0.0,2.0,1.0,0,239.77,0.0,0.0,False,False,False,False,True,False,False,True,False,False,False,False,False,False,False,False,False,False,False,False,False,False,False,False,False,False,False,False,False,False,False,False,False,False,True,False
UK,Air Fryer,2025-05-24,Home & Kitchen,0.0,239.77,,20.0,2.0,0.0,0.0,5,24,21,5,2,144,1,-0.9749279121818236,-0.2225209339563146,0.49999999999999994,-0.8660254037844387,0.0,1,0.0,1,0.0,1,0.0,1,0.14285714285714285,0.3779644730092282,0.0,1.0,0.07142857142857142,0.07142857142857142,0.2622652641564884,0.0,1.0,2.0,0,239.77,0.0,0.0,False,False,False,False,True,False,False,True,False,False,False,False,False,False,False,False,False,False,False,False,False,False,False,False,False,False,False,False,False,False,False,False,False,False,True,False
UK,Air Fryer,2025-05-25,Home & Kitchen,0.0,239.77,,20.0,2.0,0.0,0.0,6,25,21,5,2,145,1,-0.7818314824680299,0.6234898018587334,0.49999999999999994,-0.8660254037844387,0.0,1,1.0,1,0.0,1,1.0,1,0.14285714285714285,0.3779644730092282,0.0,1.0,0.07142857142857142,0.07142857142857142,0.2622652641564884,0.0,1.0,2.0,0,239.77,0.0,0.0,False,False,False,False,True,False,False,True,False,False,False,False,False,False,False,False,False,False,False,False,False,False,False,False,False,False,False,False,False,False,False,False,False,False,True,False
UK,Air Fryer,2025-05-26,Home & Kitchen,2.0,52.51,0.09,20.0,2.0,1.0,0.0,0,26,22,5,2,146,0,0.0,1.0,0.49999999999999994,-0.8660254037844387,0.0,1,0.0,1,0.0,1,0.0,1,0.0,0.0,0.0,0.0,0.07142857142857142,0.03571428571428571,0.18898223650462412,0.0,1.0,0.0,1,239.77,-187.26000000000002,-0.7809984568544855,False,False,False,False,True,False,False,True,False,False,False,False,False,False,False,False,False,False,False,False,False,False,False,False,False,False,False,False,False,False,False,False,False,False,True,False
UK,Air Fryer,2025-05-27,Home & Kitchen,0.0,52.51,,20.0,2.0,0.0,0.0,1,27,22,5,2,147,0,0.7818314824680298,0.6234898018587336,0.49999999999999994,-0.8660254037844387,2.0,1,0.0,1,0.0,1,0.0,1,0.2857142857142857,0.755928946018455,0.0,2.0,0.21428571428571427,0.10714285714285714,0.4162696521251904,0.0,2.0,2.6666666666666665,0,52.51,0.0,0.0,False,False,False,False,True,False,False,True,False,False,False,False,False,False,False,False,False,False,False,False,False,False,False,False,False,False,False,False,False,False,False,False,False,False,True,False
UK,Air Fryer,2025-05-28,Home & Kitchen,0.0,52.51,,20.0,2.0,0.0,0.0,2,28,22,5,2,148,0,0.9749279121818236,-0.22252093395631434,0.49999999999999994,-0.8660254037844387,0.0,1,0.0,1,0.0,1,0.0,1,0.2857142857142857,0.755928946018455,0.0,2.0,0.21428571428571427,0.10714285714285714,0.4162696521251904,0.0,2.0,2.6666666666666665,0,52.51,0.0,0.0,False,False,False,False,True,False,False,True,False,False,False,False,False,False,False,False,False,False,False,False,False,False,False,False,False,False,False,False,False,False,False,False,False,False,True,False
UK,Air Fryer,2025-05-29,Home & Kitchen,0.0,52.51,,20.0,2.0,0.0,0.0,3,29,22,5,2,149,0,0.43388373911755823,-0.900968867902419,0.49999999999999994,-0.8660254037844387,0.0,1,0.0,1,0.0,1,0.0,1,0.2857142857142857,0.755928946018455,0.0,2.0,0.21428571428571427,0.10714285714285714,0.4162696521251904,0.0,2.0,2.6666666666666665,0,52.51,0.0,0.0,False,False,False,False,True,False,False,True,False,False,False,False,False,False,False,False,False,False,False,False,False,False,False,False,False,False,False,False,False,False,False,False,False,False,True,False
UK,Air Fryer,2025-05-30,Home & Kitchen,0.0,52.51,,20.0,2.0,0.0,0.0,4,30,22,5,2,150,0,-0.433883739117558,-0.9009688679024191,0.49999999999999994,-0.8660254037844387,0.0,1,0.0,1,0.0,1,0.0,1,0.2857142857142857,0.755928946018455,0.0,2.0,0.21428571428571427,0.10714285714285714,0.4162696521251904,0.0,2.0,2.6666666666666665,0,52.51,0.0,0.0,False,False,False,False,True,False,False,True,False,False,False,False,False,False,False,False,False,False,False,False,False,False,False,False,False,False,False,False,False,False,False,False,False,False,True,False
UK,Air Fryer,2025-05-31,Home & Kitchen,0.0,52.51,,20.0,2.0,0.0,0.0,5,31,22,5,2,151,1,-0.9749279121818236,-0.2225209339563146,0.49999999999999994,-0.8660254037844387,0.0,1,0.0,1,0.0,1,0.0,1,0.2857142857142857,0.755928946018455,0.0,2.0,0.21428571428571427,0.10714285714285714,0.4162696521251904,0.0,2.0,2.6666666666666665,0,52.51,0.0,0.0,False,False,False,False,True,False,False,True,False,False,False,False,False,False,False,False,False,False,False,False,False,False,False,False,False,False,False,False,False,False,False,False,False,False,True,False
UK,Air Fryer,2025-06-01,Home & Kitchen,0.0,52.51,,20.0,2.0,0.0,0.0,6,1,22,6,2,152,1,-0.7818314824680299,0.6234898018587334,1.2246467991473532e-16,-1.0,0.0,1,0.0,1,1.0,1,0.0,1,0.2857142857142857,0.755928946018455,0.0,2.0,0.21428571428571427,0.10714285714285714,0.4162696521251904,0.0,2.0,2.6666666666666665,0,52.51,0.0,0.0,False,False,False,False,True,False,False,True,False,False,False,False,False,False,False,False,False,False,False,False,False,False,False,False,False,False,False,False,False,False,False,False,False,False,True,False
UK,Air Fryer,2025-06-02,Home & Kitchen,0.0,52.51,,20.0,2.0,0.0,0.0,0,2,23,6,2,153,0,0.0,1.0,1.2246467991473532e-16,-1.0,0.0,1,2.0,1,0.0,1,0.0,1,0.2857142857142857,0.755928946018455,0.0,2.0,0.14285714285714285,0.10714285714285714,0.4162696521251904,0.0,2.0,2.6666666666666665,0,52.51,0.0,0.0,False,False,False,False,True,False,False,True,False,False,False,False,False,False,False,False,False,False,False,False,False,False,False,False,False,False,False,False,False,False,False,False,False,False,True,False
UK,Air Fryer,2025-06-03,Home & Kitchen,2.0,38.75,0.02,20.0,2.0,1.0,0.0,1,3,23,6,2,154,0,0.7818314824680298,0.6234898018587336,1.2246467991473532e-16,-1.0,0.0,1,0.0,1,0.0,1,0.0,1,0.0,0.0,0.0,0.0,0.14285714285714285,0.10714285714285714,0.4162696521251904,0.0,2.0,0.0,1,52.51,-13.759999999999998,-0.2620453247000571,False,False,False,False,True,False,False,True,False,False,False,False,False,False,False,False,False,False,False,False,False,False,False,False,False,False,False,False,False,False,False,False,False,False,True,False
UK,Air Fryer,2025-06-04,Home & Kitchen,3.0,149.23,0.09,20.0,2.0,1.0,0.0,2,4,23,6,2,155,0,0.9749279121818236,-0.22252093395631434,1.2246467991473532e-16,-1.0,2.0,1,0.0,1,0.0,1,0.0,1,0.2857142857142857,0.755928946018455,0.0,2.0,0.2857142857142857,0.17857142857142858,0.5479640045336499,0.0,2.0,1.5999999999999999,1,38.75,110.47999999999999,2.851096774193548,False,False,False,False,True,False,False,True,False,False,False,False,False,False,False,False,False,False,False,False,False,False,False,False,False,False,False,False,False,False,False,False,False,False,True,False
UK,Air Fryer,2025-06-05,Home & Kitchen,0.0,149.23,,20.0,2.0,0.0,0.0,3,5,23,6,2,156,0,0.43388373911755823,-0.900968867902419,1.2246467991473532e-16,-1.0,3.0,1,0.0,1,0.0,1,0.0,1,0.7142857142857143,1.2535663410560178,0.0,3.0,0.5,0.2857142857142857,0.7628961803617745,0.0,3.0,2.5,0,149.23,0.0,0.0,False,False,False,False,True,False,False,True,False,False,False,False,False,False,False,False,False,False,False,False,False,False,False,False,False,False,False,False,False,False,False,False,False,False,True,False
UK,Air Fryer,2025-06-06,Home & Kitchen,0.0,149.23,,20.0,2.0,0.0,0.0,4,6,23,6,2,157,0,-0.433883739117558,-0.9009688679024191,1.2246467991473532e-16,-1.0,0.0,1,0.0,1,0.0,1,0.0,1,0.7142857142857143,1.2535663410560178,0.0,3.0,0.5,0.2857142857142857,0.7628961803617745,0.0,3.0,2.5,0,149.23,0.0,0.0,False,False,False,False,True,False,False,True,False,False,False,False,False,False,False,False,False,False,False,False,False,False,False,False,False,False,False,False,False,False,False,False,False,False,True,False
UK,Air Fryer,2025-06-07,Home & Kitchen,0.0,149.23,,20.0,2.0,0.0,0.0,5,7,23,6,2,158,1,-0.9749279121818236,-0.2225209339563146,1.2246467991473532e-16,-1.0,0.0,1,0.0,1,0.0,1,0.0,1,0.7142857142857143,1.2535663410560178,0.0,3.0,0.5,0.2857142857142857,0.7628961803617745,0.0,3.0,2.5,0,149.23,0.0,0.0,False,False,False,False,True,False,False,True,False,False,False,False,False,False,False,False,False,False,False,False,False,False,False,False,False,False,False,False,False,False,False,False,False,False,True,False
UK,Air Fryer,2025-06-08,Home & Kitchen,0.0,149.23,,20.0,2.0,0.0,0.0,6,8,23,6,2,159,1,-0.7818314824680299,0.6234898018587334,1.2246467991473532e-16,-1.0,0.0,1,0.0,1,0.0,1,0.0,1,0.7142857142857143,1.2535663410560178,0.0,3.0,0.5,0.2857142857142857,0.7628961803617745,0.0,3.0,2.5,0,149.23,0.0,0.0,False,False,False,False,True,False,False,True,False,False,False,False,False,False,False,False,False,False,False,False,False,False,False,False,False,False,False,False,False,False,False,False,False,False,True,False
UK,Air Fryer,2025-06-09,Home & Kitchen,1.0,164.6,0.07,20.0,2.0,1.0,0.0,0,9,24,6,2,160,0,0.0,1.0,1.2246467991473532e-16,-1.0,0.0,1,0.0,1,2.0,1,0.0,1,0.7142857142857143,1.2535663410560178,0.0,3.0,0.5,0.2857142857142857,0.7628961803617745,0.0,3.0,2.5,1,149.23,15.370000000000005,0.10299537626482615,False,False,False,False,True,False,False,True,False,False,False,False,False,False,False,False,False,False,False,False,False,False,False,False,False,False,False,False,False,False,False,False,False,False,True,False
UK,Air Fryer,2025-06-10,Home & Kitchen,2.0,278.98,0.03,20.0,2.0,1.0,0.0,1,10,24,6,2,161,0,0.7818314824680298,0.6234898018587336,1.2246467991473532e-16,-1.0,1.0,1,2.0,1,0.0,1,0.0,1,0.8571428571428571,1.2149857925879122,0.0,3.0,0.42857142857142855,0.32142857142857145,0.7723735149271042,0.0,3.0,2.6666666666666665,1,164.6,114.38000000000002,0.6948967193195628,False,False,False,False,True,False,False,True,False,False,False,False,False,False,False,False,False,False,False,False,False,False,False,False,False,False,False,False,False,False,False,False,False,False,True,False
UK,Air Fryer,2025-06-11,Home & Kitchen,0.0,278.98,,20.0,2.0,0.0,0.0,2,11,24,6,2,162,0,0.9749279121818236,-0.22252093395631434,1.2246467991473532e-16,-1.0,2.0,1,3.0,1,0.0,1,0.0,1,0.8571428571428571,1.2149857925879122,0.0,3.0,0.5714285714285714,0.39285714285714285,0.8317445171439032,0.0,3.0,2.1818181818181817,0,278.98,0.0,0.0,False,False,False,False,True,False,False,True,False,False,False,False,False,False,False,False,False,False,False,False,False,False,False,False,False,False,False,False,False,False,False,False,False,False,True,False
UK,Air Fryer,2025-06-12,Home & Kitchen,0.0,278.98,,20.0,2.0,0.0,0.0,3,12,24,6,2,163,0,0.43388373911755823,-0.900968867902419,1.2246467991473532e-16,-1.0,0.0,1,0.0,1,0.0,1,0.0,1,0.42857142857142855,0.7867957924694438,0.0,2.0,0.5714285714285714,0.39285714285714285,0.8317445171439032,0.0,3.0,1.0909090909090908,0,278.98,0.0,0.0,False,False,False,False,True,False,False,True,False,False,False,False,False,False,False,False,False,False,False,False,False,False,False,False,False,False,False,False,False,False,False,False,False,False,True,False
UK,Air Fryer,2025-06-13,Home & Kitchen,0.0,278.98,,20.0,2.0,0.0,0.0,4,13,24,6,2,164,0,-0.433883739117558,-0.9009688679024191,1.2246467991473532e-16,-1.0,0.0,1,0.0,1,0.0,1,0.0,1,0.42857142857142855,0.7867957924694438,0.0,2.0,0.5714285714285714,0.39285714285714285,0.8317445171439032,0.0,3.0,1.0909090909090908,0,278.98,0.0,0.0,False,False,False,False,True,False,False,True,False,False,False,False,False,False,False,False,False,False,False,False,False,False,False,False,False,False,False,False,False,False,False,False,False,False,True,False
UK,Air Fryer,2025-06-14,Home & Kitchen,0.0,278.98,,20.0,2.0,0.0,0.0,5,14,24,6,2,165,1,-0.9749279121818236,-0.2225209339563146,1.2246467991473532e-16,-1.0,0.0,1,0.0,1,0.0,1,0.0,1,0.42857142857142855,0.7867957924694438,0.0,2.0,0.5714285714285714,0.39285714285714285,0.8317445171439032,0.0,3.0,1.0909090909090908,0,278.98,0.0,0.0,False,False,False,False,True,False,False,True,False,False,False,False,False,False,False,False,False,False,False,False,False,False,False,False,False,False,False,False,False,False,False,False,False,False,True,False
UK,Air Fryer,2025-06-15,Home & Kitchen,0.0,278.98,,20.0,2.0,0.0,0.0,6,15,24,6,2,166,1,-0.7818314824680299,0.6234898018587334,1.2246467991473532e-16,-1.0,0.0,1,0.0,1,0.0,1,1.0,1,0.42857142857142855,0.7867957924694438,0.0,2.0,0.5714285714285714,0.39285714285714285,0.8317445171439032,0.0,3.0,1.0909090909090908,0,278.98,0.0,0.0,False,False,False,False,True,False,False,True,False,False,False,False,False,False,False,False,False,False,False,False,False,False,False,False,False,False,False,False,False,False,False,False,False,False,True,False
UK,Air Fryer,2025-06-16,Home & Kitchen,0.0,278.98,,20.0,2.0,0.0,0.0,0,16,25,6,2,167,0,0.0,1.0,1.2246467991473532e-16,-1.0,0.0,1,1.0,1,0.0,1,0.0,1,0.42857142857142855,0.7867957924694438,0.0,2.0,0.5714285714285714,0.35714285714285715,0.8261595987094053,0.0,3.0,1.2,0,278.98,0.0,0.0,False,False,False,False,True,False,False,True,False,False,False,False,False,False,False,False,False,False,False,False,False,False,False,False,False,False,False,False,False,False,False,False,False,False,True,False
UK,Air Fryer,2025-06-17,Home & Kitchen,0.0,278.98,,20.0,2.0,0.0,0.0,1,17,25,6,2,168,0,0.7818314824680298,0.6234898018587336,1.2246467991473532e-16,-1.0,0.0,1,2.0,1,2.0,1,0.0,1,0.2857142857142857,0.7559289460184552,0.0,2.0,0.5714285714285714,0.35714285714285715,0.8261595987094053,0.0,3.0,0.7999999999999999,0,278.98,0.0,0.0,False,False,False,False,True,False,False,True,False,False,False,False,False,False,False,False,False,False,False,False,False,False,False,False,False,False,False,False,False,False,False,False,False,False,True,False
UK,Air Fryer,2025-06-18,Home & Kitchen,0.0,278.98,,20.0,2.0,0.0,0.0,2,18,25,6,2,169,0,0.9749279121818236,-0.22252093395631434,1.2246467991473532e-16,-1.0,0.0,1,0.0,1,3.0,1,0.0,1,0.0,0.0,0.0,0.0,0.42857142857142855,0.35714285714285715,0.8261595987094053,0.0,3.0,0.0,0,278.98,0.0,0.0,False,False,False,False,True,False,False,True,False,False,False,False,False,False,False,False,False,False,False,False,False,False,False,False,False,False,False,False,False,False,False,False,False,False,True,False
UK,Air Fryer,2025-06-19,Home & Kitchen,3.0,106.85,0.09,20.0,2.0,1.0,0.0,3,19,25,6,2,170,0,0.43388373911755823,-0.900968867902419,1.2246467991473532e-16,-1.0,0.0,1,0.0,1,0.0,1,0.0,1,0.0,0.0,0.0,0.0,0.21428571428571427,0.35714285714285715,0.8261595987094053,0.0,3.0,0.0,1,278.98,-172.13000000000002,-0.6169976342390135,False,False,False,False,True,False,False,True,False,False,False,False,False,False,False,False,False,False,False,False,False,False,False,False,False,False,False,False,False,False,False,False,False,False,True,False
UK,Air Fryer,2025-06-20,Home & Kitchen,1.0,266.66,0.01,20.0,2.0,1.0,0.0,4,20,25,6,2,171,0,-0.433883739117558,-0.9009688679024191,1.2246467991473532e-16,-1.0,3.0,1,0.0,1,0.0,1,0.0,1,0.42857142857142855,1.1338934190276821,0.0,3.0,0.42857142857142855,0.4642857142857143,0.9615628812527953,0.0,3.0,0.923076923076923,1,106.85,159.81000000000003,1.4956481048198413,False,False,False,False,True,False,False,True,False,False,False,False,False,False,False,False,False,False,False,False,False,False,False,False,False,False,False,False,False,False,False,False,False,False,True,False
UK,Air Fryer,2025-06-21,Home & Kitchen,0.0,266.66,,20.0,2.0,0.0,0.0,5,21,25,6,2,172,1,-0.9749279121818236,-0.2225209339563146,1.2246467991473532e-16,-1.0,1.0,1,0.0,1,0.0,1,0.0,1,0.5714285714285714,1.1338934190276821,0.0,3.0,0.5,0.5,0.9622504486493776,0.0,3.0,1.1428571428571428,0,266.66,0.0,0.0,False,False,False,False,True,False,False,True,False,False,False,False,False,False,False,False,False,False,False,False,False,False,False,False,False,False,False,False,False,False,False,False,False,False,True,False
UK,Air Fryer,2025-06-22,Home & Kitchen,0.0,266.66,,20.0,2.0,0.0,0.0,6,22,25,6,2,173,1,-0.7818314824680299,0.6234898018587334,1.2246467991473532e-16,-1.0,0.0,1,0.0,1,0.0,1,0.0,1,0.5714285714285714,1.1338934190276821,0.0,3.0,0.5,0.5,0.9622504486493776,0.0,3.0,1.1428571428571428,0,266.66,0.0,0.0,False,False,False,False,True,False,False,True,False,False,False,False,False,False,False,False,False,False,False,False,False,False,False,False,False,False,False,False,False,False,False,False,False,False,True,False
UK,Air Fryer,2025-06-23,Home & Kitchen,0.0,266.66,,20.0,2.0,0.0,0.0,0,23,26,6,2,174,0,0.0,1.0,1.2246467991473532e-16,-1.0,0.0,1,0.0,1,1.0,1,2.0,1,0.5714285714285714,1.1338934190276821,0.0,3.0,0.5,0.5,0.9622504486493776,0.0,3.0,1.1428571428571428,0,266.66,0.0,0.0,False,False,False,False,True,False,False,True,False,False,False,False,False,False,False,False,False,False,False,False,False,False,False,False,False,False,False,False,False,False,False,False,False,False,True,False
UK,Air Fryer,2025-06-24,Home & Kitchen,0.0,266.66,,20.0,2.0,0.0,0.0,1,24,26,6,2,175,0,0.7818314824680298,0.6234898018587336,1.2246467991473532e-16,-1.0,0.0,1,0.0,1,2.0,1,0.0,1,0.5714285714285714,1.1338934190276821,0.0,3.0,0.42857142857142855,0.42857142857142855,0.9200874124564737,0.0,3.0,1.3333333333333333,0,266.66,0.0,0.0,False,False,False,False,True,False,False,True,False,False,False,False,False,False,False,False,False,False,False,False,False,False,False,False,False,False,False,False,False,False,False,False,False,False,True,False
UK,Air Fryer,2025-06-25,Home & Kitchen,0.0,266.66,,20.0,2.0,0.0,0.0,2,25,26,6,2,176,0,0.9749279121818236,-0.22252093395631434,1.2246467991473532e-16,-1.0,0.0,1,0.0,1,0.0,1,0.0,1,0.5714285714285714,1.1338934190276821,0.0,3.0,0.2857142857142857,0.42857142857142855,0.9200874124564737,0.0,3.0,1.3333333333333333,0,266.66,0.0,0.0,False,False,False,False,True,False,False,True,False,False,False,False,False,False,False,False,False,False,False,False,False,False,False,False,False,False,False,False,False,False,False,False,False,False,True,False
UK,Air Fryer,2025-06-26,Home & Kitchen,0.0,266.66,,20.0,2.0,0.0,0.0,3,26,26,6,2,177,0,0.43388373911755823,-0.900968867902419,1.2246467991473532e-16,-1.0,0.0,1,3.0,1,0.0,1,0.0,1,0.5714285714285714,1.1338934190276821,0.0,3.0,0.2857142857142857,0.42857142857142855,0.9200874124564737,0.0,3.0,1.3333333333333333,0,266.66,0.0,0.0,False,False,False,False,True,False,False,True,False,False,False,False,False,False,False,False,False,False,False,False,False,False,False,False,False,False,False,False,False,False,False,False,False,False,True,False
UK,Air Fryer,2025-06-27,Home & Kitchen,0.0,266.66,,20.0,2.0,0.0,0.0,4,27,26,6,2,178,0,-0.433883739117558,-0.9009688679024191,1.2246467991473532e-16,-1.0,0.0,1,1.0,1,0.0,1,0.0,1,0.14285714285714285,0.3779644730092285,0.0,1.0,0.2857142857142857,0.42857142857142855,0.9200874124564737,0.0,3.0,0.3333333333333333,0,266.66,0.0,0.0,False,False,False,False,True,False,False,True,False,False,False,False,False,False,False,False,False,False,False,False,False,False,False,False,False,False,False,False,False,False,False,False,False,False,True,False
UK,Air Fryer,2025-06-28,Home & Kitchen,0.0,266.66,,20.0,2.0,0.0,0.0,5,28,26,6,2,179,1,-0.9749279121818236,-0.2225209339563146,1.2246467991473532e-16,-1.0,0.0,1,0.0,1,0.0,1,0.0,1,0.0,0.0,0.0,0.0,0.2857142857142857,0.42857142857142855,0.9200874124564737,0.0,3.0,0.0,0,266.66,0.0,0.0,False,False,False,False,True,False,False,True,False,False,False,False,False,False,False,False,False,False,False,False,False,False,False,False,False,False,False,False,False,False,False,False,False,False,True,False
UK,Air Fryer,2025-06-29,Home & Kitchen,0.0,266.66,,20.0,2.0,0.0,0.0,6,29,26,6,2,180,1,-0.7818314824680299,0.6234898018587334,1.2246467991473532e-16,-1.0,0.0,1,0.0,1,0.0,1,0.0,1,0.0,0.0,0.0,0.0,0.2857142857142857,0.42857142857142855,0.9200874124564737,0.0,3.0,0.0,0,266.66,0.0,0.0,False,False,False,False,True,False,False,True,False,False,False,False,False,False,False,False,False,False,False,False,False,False,False,False,False,False,False,False,False,False,False,False,False,False,True,False
UK,Air Fryer,2025-06-30,Home & Kitchen,0.0,266.66,,20.0,2.0,0.0,0.0,0,30,27,6,2,181,0,0.0,1.0,1.2246467991473532e-16,-1.0,0.0,1,0.0,1,0.0,1,0.0,1,0.0,0.0,0.0,0.0,0.2857142857142857,0.42857142857142855,0.9200874124564737,0.0,3.0,0.0,0,266.66,0.0,0.0,False,False,False,False,True,False,False,True,False,False,False,False,False,False,False,False,False,False,False,False,False,False,False,False,False,False,False,False,False,False,False,False,False,False,True,False
UK,Air Fryer,2025-07-01,Home & Kitchen,0.0,266.66,,20.0,2.0,0.0,0.0,1,1,27,7,3,182,0,0.7818314824680298,0.6234898018587336,-0.4999999999999997,-0.8660254037844388,0.0,1,0.0,1,0.0,1,2.0,1,0.0,0.0,0.0,0.0,0.2857142857142857,0.42857142857142855,0.9200874124564737,0.0,3.0,0.0,0,266.66,0.0,0.0,False,False,False,False,True,False,False,True,False,False,False,False,False,False,False,False,False,False,False,False,False,False,False,False,False,False,False,False,False,False,False,False,False,False,True,False
UK,Air Fryer,2025-07-02,Home & Kitchen,0.0,266.66,,20.0,2.0,0.0,0.0,2,2,27,7,3,183,0,0.9749279121818236,-0.22252093395631434,-0.4999999999999997,-0.8660254037844388,0.0,1,0.0,1,0.0,1,3.0,1,0.0,0.0,0.0,0.0,0.2857142857142857,0.35714285714285715,0.8698354767504942,0.0,3.0,0.0,0,266.66,0.0,0.0,False,False,False,False,True,False,False,True,False,False,False,False,False,False,False,False,False,False,False,False,False,False,False,False,False,False,False,False,False,False,False,False,False,False,True,False
UK,Air Fryer,2025-07-03,Home & Kitchen,0.0,266.66,,20.0,2.0,0.0,0.0,3,3,27,7,3,184,0,0.43388373911755823,-0.900968867902419,-0.4999999999999997,-0.8660254037844388,0.0,1,0.0,1,3.0,1,0.0,1,0.0,0.0,0.0,0.0,0.2857142857142857,0.25,0.7005289007176962,0.0,3.0,0.0,0,266.66,0.0,0.0,False,False,False,False,True,False,False,True,False,False,False,False,False,False,False,False,False,False,False,False,False,False,False,False,False,False,False,False,False,False,False,False,False,False,True,False
UK,Air Fryer,2025-07-04,Home & Kitchen,0.0,266.66,,20.0,2.0,0.0,0.0,4,4,27,7,3,185,0,-0.433883739117558,-0.9009688679024191,-0.4999999999999997,-0.8660254037844388,0.0,1,0.0,1,1.0,1,0.0,1,0.0,0.0,0.0,0.0,0.07142857142857142,0.25,0.7005289007176962,0.0,3.0,0.0,0,266.66,0.0,0.0,False,False,False,False,True,False,False,True,False,False,False,False,False,False,False,False,False,False,False,False,False,False,False,False,False,False,False,False,False,False,False,False,False,False,True,False
UK,Air Fryer,2025-07-05,Home & Kitchen,3.0,106.94,0.02,20.0,2.0,1.0,0.0,5,5,27,7,3,186,1,-0.9749279121818236,-0.2225209339563146,-0.4999999999999997,-0.8660254037844388,0.0,1,0.0,1,0.0,1,0.0,1,0.0,0.0,0.0,0.0,0.0,0.25,0.7005289007176962,0.0,3.0,0.0,1,266.66,-159.72000000000003,-0.5989649741243531,False,False,False,False,True,False,False,True,False,False,False,False,False,False,False,False,False,False,False,False,False,False,False,False,False,False,False,False,False,False,False,False,False,False,True,False
UK,Air Fryer,2025-07-06,Home & Kitchen,0.0,106.94,,20.0,2.0,0.0,0.0,6,6,27,7,3,187,1,-0.7818314824680299,0.6234898018587334,-0.4999999999999997,-0.8660254037844388,3.0,1,0.0,1,0.0,1,0.0,1,0.42857142857142855,1.1338934190276821,0.0,3.0,0.21428571428571427,0.35714285714285715,0.8698354767504942,0.0,3.0,1.2,0,106.94,0.0,0.0,False,False,False,False,True,False,False,True,False,False,False,False,False,False,False,False,False,False,False,False,False,False,False,False,False,False,False,False,False,False,False,False,False,False,True,False
UK,Air Fryer,2025-07-07,Home & Kitchen,0.0,106.94,,20.0,2.0,0.0,0.0,0,7,28,7,3,188,0,0.0,1.0,-0.4999999999999997,-0.8660254037844388,0.0,1,0.0,1,0.0,1,1.0,1,0.42857142857142855,1.1338934190276821,0.0,3.0,0.21428571428571427,0.35714285714285715,0.8698354767504942,0.0,3.0,1.2,0,106.94,0.0,0.0,False,False,False,False,True,False,False,True,False,False,False,False,False,False,False,False,False,False,False,False,False,False,False,False,False,False,False,False,False,False,False,False,False,False,True,False
UK,Air Fryer,2025-07-08,Home & Kitchen,0.0,106.94,,20.0,2.0,0.0,0.0,1,8,28,7,3,189,0,0.7818314824680298,0.6234898018587336,-0.4999999999999997,-0.8660254037844388,0.0,1,0.0,1,0.0,1,2.0,1,0.42857142857142855,1.1338934190276821,0.0,3.0,0.21428571428571427,0.32142857142857145,0.8629652337776985,0.0,3.0,1.3333333333333333,0,106.94,0.0,0.0,False,False,False,False,True,False,False,True,False,False,False,False,False,False,False,False,False,False,False,False,False,False,False,False,False,False,False,False,False,False,False,False,False,False,True,False
UK,Air Fryer,2025-07-09,Home & Kitchen,0.0,106.94,,20.0,2.0,0.0,0.0,2,9,28,7,3,190,0,0.9749279121818236,-0.22252093395631434,-0.4999999999999997,-0.8660254037844388,0.0,1,0.0,1,0.0,1,0.0,1,0.42857142857142855,1.1338934190276821,0.0,3.0,0.21428571428571427,0.25,0.7993052538854553,0.0,3.0,1.7142857142857142,0,106.94,0.0,0.0,False,False,False,False,True,False,False,True,False,False,False,False,False,False,False,False,False,False,False,False,False,False,False,False,False,False,False,False,False,False,False,False,False,False,True,False
UK,Air Fryer,2025-07-10,Home & Kitchen,0.0,106.94,,20.0,2.0,0.0,0.0,3,10,28,7,3,191,0,0.43388373911755823,-0.900968867902419,-0.4999999999999997,-0.8660254037844388,0.0,1,0.0,1,0.0,1,0.0,1,0.42857142857142855,1.1338934190276821,0.0,3.0,0.21428571428571427,0.25,0.7993052538854553,0.0,3.0,1.7142857142857142,0,106.94,0.0,0.0,False,False,False,False,True,False,False,True,False,False,False,False,False,False,False,False,False,False,False,False,False,False,False,False,False,False,False,False,False,False,False,False,False,False,True,False
UK,Air Fryer,2025-07-11,Home & Kitchen,0.0,106.94,,20.0,2.0,0.0,0.0,4,11,28,7,3,192,0,-0.433883739117558,-0.9009688679024191,-0.4999999999999997,-0.8660254037844388,0.0,1,0.0,1,0.0,1,0.0,1,0.42857142857142855,1.1338934190276821,0.0,3.0,0.21428571428571427,0.25,0.7993052538854553,0.0,3.0,1.7142857142857142,0,106.94,0.0,0.0,False,False,False,False,True,False,False,True,False,False,False,False,False,False,False,False,False,False,False,False,False,False,False,False,False,False,False,False,False,False,False,False,False,False,True,False
UK,Air Fryer,2025-07-12,Home & Kitchen,0.0,106.94,,20.0,2.0,0.0,0.0,5,12,28,7,3,193,1,-0.9749279121818236,-0.2225209339563146,-0.4999999999999997,-0.8660254037844388,0.0,1,3.0,1,0.0,1,0.0,1,0.42857142857142855,1.1338934190276821,0.0,3.0,0.21428571428571427,0.25,0.7993052538854553,0.0,3.0,1.7142857142857142,0,106.94,0.0,0.0,False,False,False,False,True,False,False,True,False,False,False,False,False,False,False,False,False,False,False,False,False,False,False,False,False,False,False,False,False,False,False,False,False,False,True,False
UK,Air Fryer,2025-07-13,Home & Kitchen,0.0,106.94,,20.0,2.0,0.0,0.0,6,13,28,7,3,194,1,-0.7818314824680299,0.6234898018587334,-0.4999999999999997,-0.8660254037844388,0.0,1,0.0,1,0.0,1,0.0,1,0.0,0.0,0.0,0.0,0.21428571428571427,0.25,0.7993052538854553,0.0,3.0,0.0,0,106.94,0.0,0.0,False,False,False,False,True,False,False,True,False,False,False,False,False,False,False,False,False,False,False,False,False,False,False,False,False,False,False,False,False,False,False,False,False,False,True,False
UK,Air Fryer,2025-07-14,Home & Kitchen,0.0,106.94,,20.0,2.0,0.0,0.0,0,14,29,7,3,195,0,0.0,1.0,-0.4999999999999997,-0.8660254037844388,0.0,1,0.0,1,0.0,1,0.0,1,0.0,0.0,0.0,0.0,0.21428571428571427,0.25,0.7993052538854553,0.0,3.0,0.0,0,106.94,0.0,0.0,False,False,False,False,True,False,False,True,False,False,False,False,False,False,False,False,False,False,False,False,False,False,False,False,False,False,False,False,False,False,False,False,False,False,True,False
UK,Air Fryer,2025-07-15,Home & Kitchen,0.0,106.94,,20.0,2.0,0.0,0.0,1,15,29,7,3,196,0,0.7818314824680298,0.6234898018587336,-0.4999999999999997,-0.8660254037844388,0.0,1,0.0,1,0.0,1,0.0,1,0.0,0.0,0.0,0.0,0.21428571428571427,0.25,0.7993052538854553,0.0,3.0,0.0,0,106.94,0.0,0.0,False,False,False,False,True,False,False,True,False,False,False,False,False,False,False,False,False,False,False,False,False,False,False,False,False,False,False,False,False,False,False,False,False,False,True,False
UK,Air Fryer,2025-07-16,Home & Kitchen,1.0,80.1,0.09,20.0,2.0,1.0,0.0,2,16,29,7,3,197,0,0.9749279121818236,-0.22252093395631434,-0.4999999999999997,-0.8660254037844388,0.0,1,0.0,1,0.0,1,0.0,1,0.0,0.0,0.0,0.0,0.21428571428571427,0.25,0.7993052538854553,0.0,3.0,0.0,1,106.94,-26.840000000000003,-0.2509818589863475,False,False,False,False,True,False,False,True,False,False,False,False,False,False,False,False,False,False,False,False,False,False,False,False,False,False,False,False,False,False,False,False,False,False,True,False
UK,Air Fryer,2025-07-17,Home & Kitchen,0.0,80.1,,20.0,2.0,0.0,0.0,3,17,29,7,3,198,0,0.43388373911755823,-0.900968867902419,-0.4999999999999997,-0.8660254037844388,1.0,1,0.0,1,0.0,1,3.0,1,0.14285714285714285,0.3779644730092285,0.0,1.0,0.2857142857142857,0.2857142857142857,0.8099905283919432,0.0,3.0,0.5,0,80.1,0.0,0.0,False,False,False,False,True,False,False,True,False,False,False,False,False,False,False,False,False,False,False,False,False,False,False,False,False,False,False,False,False,False,False,False,False,False,True,False
UK,Air Fryer,2025-07-18,Home & Kitchen,0.0,80.1,,20.0,2.0,0.0,0.0,4,18,29,7,3,199,0,-0.433883739117558,-0.9009688679024191,-0.4999999999999997,-0.8660254037844388,0.0,1,0.0,1,0.0,1,1.0,1,0.14285714285714285,0.3779644730092285,0.0,1.0,0.2857142857142857,0.17857142857142858,0.6118321864193056,0.0,3.0,0.7999999999999999,0,80.1,0.0,0.0,False,False,False,False,True,False,False,True,False,False,False,False,False,False,False,False,False,False,False,False,False,False,False,False,False,False,False,False,False,False,False,False,False,False,True,False
UK,Air Fryer,2025-07-19,Home & Kitchen,2.0,84.32,0.12,20.0,2.0,1.0,0.0,5,19,29,7,3,200,1,-0.9749279121818236,-0.2225209339563146,-0.4999999999999997,-0.8660254037844388,0.0,1,0.0,1,3.0,1,0.0,1,0.14285714285714285,0.3779644730092285,0.0,1.0,0.2857142857142857,0.14285714285714285,0.5909368402852819,0.0,3.0,1.0,1,80.1,4.219999999999999,0.05268414481897627,False,False,False,False,True,False,False,True,False,False,False,False,False,False,False,False,False,False,False,False,False,False,False,False,False,False,False,False,False,False,False,False,False,False,True,False
UK,Air Fryer,2025-07-20,Home & Kitchen,0.0,84.32,,20.0,2.0,0.0,0.0,6,20,29,7,3,201,1,-0.7818314824680299,0.6234898018587334,-0.4999999999999997,-0.8660254037844388,2.0,1,0.0,1,0.0,1,0.0,1,0.42857142857142855,0.7867957924694438,0.0,2.0,0.21428571428571427,0.21428571428571427,0.6862211530545195,0.0,3.0,2.0,0,84.32,0.0,0.0,False,False,False,False,True,False,False,True,False,False,False,False,False,False,False,False,False,False,False,False,False,False,False,False,False,False,False,False,False,False,False,False,False,False,True,False
UK,Air Fryer,2025-07-21,Home & Kitchen,0.0,84.32,,20.0,2.0,0.0,0.0,0,21,30,7,3,202,0,0.0,1.0,-0.4999999999999997,-0.8660254037844388,0.0,1,0.0,1,0.0,1,0.0,1,0.42857142857142855,0.7867957924694438,0.0,2.0,0.21428571428571427,0.21428571428571427,0.6862211530545195,0.0,3.0,2.0,0,84.32,0.0,0.0,False,False,False,False,True,False,False,True,False,False,False,False,False,False,False,False,False,False,False,False,False,False,False,False,False,False,False,False,False,False,False,False,False,False,True,False
UK,Air Fryer,2025-07-22,Home & Kitchen,0.0,84.32,,20.0,2.0,0.0,0.0,1,22,30,7,3,203,0,0.7818314824680298,0.6234898018587336,-0.4999999999999997,-0.8660254037844388,0.0,1,0.0,1,0.0,1,0.0,1,0.42857142857142855,0.7867957924694438,0.0,2.0,0.21428571428571427,0.21428571428571427,0.6862211530545195,0.0,3.0,2.0,0,84.32,0.0,0.0,False,False,False,False,True,False,False,True,False,False,False,False,False,False,False,False,False,False,False,False,False,False,False,False,False,False,False,False,False,False,False,False,False,False,True,False
UK,Air Fryer,2025-07-23,Home & Kitchen,0.0,84.32,,20.0,2.0,0.0,0.0,2,23,30,7,3,204,0,0.9749279121818236,-0.22252093395631434,-0.4999999999999997,-0.8660254037844388,0.0,1,1.0,1,0.0,1,0.0,1,0.42857142857142855,0.7867957924694438,0.0,2.0,0.21428571428571427,0.21428571428571427,0.6862211530545195,0.0,3.0,2.0,0,84.32,0.0,0.0,False,False,False,False,True,False,False,True,False,False,False,False,False,False,False,False,False,False,False,False,False,False,False,False,False,False,False,False,False,False,False,False,False,False,True,False
UK,Air Fryer,2025-07-24,Home & Kitchen,3.0,227.93,0.01,20.0,2.0,1.0,0.0,3,24,30,7,3,205,0,0.43388373911755823,-0.900968867902419,-0.4999999999999997,-0.8660254037844388,0.0,1,0.0,1,0.0,1,0.0,1,0.2857142857142857,0.7559289460184551,0.0,2.0,0.21428571428571427,0.21428571428571427,0.6862211530545195,0.0,3.0,1.3333333333333333,1,84.32,143.61,1.703154648956357,False,False,False,False,True,False,False,True,False,False,False,False,False,False,False,False,False,False,False,False,False,False,False,False,False,False,False,False,False,False,False,False,False,False,True,False
UK,Air Fryer,2025-07-25,Home & Kitchen,0.0,227.93,,20.0,2.0,0.0,0.0,4,25,30,7,3,206,0,-0.433883739117558,-0.9009688679024191,-0.4999999999999997,-0.8660254037844388,3.0,1,0.0,1,0.0,1,0.0,1,0.7142857142857143,1.2535663410560178,0.0,3.0,0.42857142857142855,0.32142857142857145,0.8629652337776985,0.0,3.0,2.2222222222222223,0,227.93,0.0,0.0,False,False,False,False,True,False,False,True,False,False,False,False,False,False,False,False,False,False,False,False,False,False,False,False,False,False,False,False,False,False,False,False,False,False,True,False
UK,Air Fryer,2025-07-26,Home & Kitchen,0.0,227.93,,20.0,2.0,0.0,0.0,5,26,30,7,3,207,1,-0.9749279121818236,-0.2225209339563146,-0.4999999999999997,-0.8660254037844388,0.0,1,2.0,1,0.0,1,0.0,1,0.7142857142857143,1.2535663410560178,0.0,3.0,0.42857142857142855,0.32142857142857145,0.8629652337776985,0.0,3.0,2.2222222222222223,0,227.93,0.0,0.0,False,False,False,False,True,False,False,True,False,False,False,False,False,False,False,False,False,False,False,False,False,False,False,False,False,False,False,False,False,False,False,False,False,False,True,False
UK,Air Fryer,2025-07-27,Home & Kitchen,0.0,227.93,,20.0,2.0,0.0,0.0,6,27,30,7,3,208,1,-0.7818314824680299,0.6234898018587334,-0.4999999999999997,-0.8660254037844388,0.0,1,0.0,1,0.0,1,0.0,1,0.42857142857142855,1.1338934190276821,0.0,3.0,0.42857142857142855,0.32142857142857145,0.8629652337776985,0.0,3.0,1.3333333333333333,0,227.93,0.0,0.0,False,False,False,False,True,False,False,True,False,False,False,False,False,False,False,False,False,False,False,False,False,False,False,False,False,False,False,False,False,False,False,False,False,False,True,False
UK,Air Fryer,2025-07-28,Home & Kitchen,0.0,227.93,,20.0,2.0,0.0,0.0,0,28,31,7,3,209,0,0.0,1.0,-0.4999999999999997,-0.8660254037844388,0.0,1,0.0,1,0.0,1,0.0,1,0.42857142857142855,1.1338934190276821,0.0,3.0,0.42857142857142855,0.32142857142857145,0.8629652337776985,0.0,3.0,1.3333333333333333,0,227.93,0.0,0.0,False,False,False,False,True,False,False,True,False,False,False,False,False,False,False,False,False,False,False,False,False,False,False,False,False,False,False,False,False,False,False,False,False,False,True,False
UK,Air Fryer,2025-07-29,Home & Kitchen,0.0,227.93,,20.0,2.0,0.0,0.0,1,29,31,7,3,210,0,0.7818314824680298,0.6234898018587336,-0.4999999999999997,-0.8660254037844388,0.0,1,0.0,1,0.0,1,0.0,1,0.42857142857142855,1.1338934190276821,0.0,3.0,0.42857142857142855,0.32142857142857145,0.8629652337776985,0.0,3.0,1.3333333333333333,0,227.93,0.0,0.0,False,False,False,False,True,False,False,True,False,False,False,False,False,False,False,False,False,False,False,False,False,False,False,False,False,False,False,False,False,False,False,False,False,False,True,False
UK,Air Fryer,2025-07-30,Home & Kitchen,6.0,159.36499999999998,0.14,20.0,2.0,1.0,1.0,2,30,31,7,3,211,0,0.9749279121818236,-0.22252093395631434,-0.4999999999999997,-0.8660254037844388,0.0,1,0.0,1,1.0,1,0.0,1,0.42857142857142855,1.1338934190276821,0.0,3.0,0.42857142857142855,0.32142857142857145,0.8629652337776985,0.0,3.0,1.3333333333333333,1,227.93,-68.56500000000003,-0.30081604001228457,False,False,False,False,True,False,False,True,False,False,False,False,False,False,False,False,False,False,False,False,False,False,False,False,False,False,False,False,False,False,False,False,False,False,True,False
UK,Air Fryer,2025-07-31,Home & Kitchen,0.0,159.36499999999998,,20.0,2.0,0.0,0.0,3,31,31,7,3,212,0,0.43388373911755823,-0.900968867902419,-0.4999999999999997,-0.8660254037844388,6.0,1,3.0,1,0.0,1,0.0,1,1.2857142857142858,2.3603873774083297,0.0,6.0,0.7857142857142857,0.5357142857142857,1.3738872361173387,0.0,6.0,2.4000000000000004,0,159.36499999999998,0.0,0.0,False,False,False,False,True,False,False,True,False,False,False,False,False,False,False,False,False,False,False,False,False,False,False,False,False,False,False,False,False,False,False,False,False,False,True,False
UK,Air Fryer,2025-08-01,Home & Kitchen,0.0,159.36499999999998,,20.0,2.0,0.0,0.0,4,1,31,8,3,213,0,-0.433883739117558,-0.9009688679024191,-0.8660254037844385,-0.5000000000000004,0.0,1,0.0,1,0.0,1,0.0,1,0.8571428571428571,2.267786838055364,0.0,6.0,0.7857142857142857,0.5357142857142857,1.3738872361173387,0.0,6.0,1.5999999999999999,0,159.36499999999998,0.0,0.0,False,False,False,False,True,False,False,True,False,False,False,False,False,False,False,False,False,False,False,False,False,False,False,False,False,False,False,False,False,False,False,False,False,False,True,False
UK,Air Fryer,2025-08-02,Home & Kitchen,0.0,159.36499999999998,,20.0,2.0,0.0,0.0,5,2,31,8,3,214,1,-0.9749279121818236,-0.2225209339563146,-0.8660254037844385,-0.5000000000000004,0.0,1,0.0,1,2.0,1,3.0,1,0.8571428571428571,2.267786838055364,0.0,6.0,0.7857142857142857,0.5357142857142857,1.3738872361173387,0.0,6.0,1.5999999999999999,0,159.36499999999998,0.0,0.0,False,False,False,False,True,False,False,True,False,False,False,False,False,False,False,False,False,False,False,False,False,False,False,False,False,False,False,False,False,False,False,False,False,False,True,False
UK,Air Fryer,2025-08-03,Home & Kitchen,0.0,159.36499999999998,,20.0,2.0,0.0,0.0,6,3,31,8,3,215,1,-0.7818314824680299,0.6234898018587334,-0.8660254037844385,-0.5000000000000004,0.0,1,0.0,1,0.0,1,0.0,1,0.8571428571428571,2.267786838055364,0.0,6.0,0.6428571428571429,0.42857142857142855,1.2889436222642416,0.0,6.0,2.0,0,159.36499999999998,0.0,0.0,False,False,False,False,True,False,False,True,False,False,False,False,False,False,False,False,False,False,False,False,False,False,False,False,False,False,False,False,False,False,False,False,False,False,True,False
UK,Air Fryer,2025-08-04,Home & Kitchen,0.0,159.36499999999998,,20.0,2.0,0.0,0.0,0,4,32,8,3,216,0,0.0,1.0,-0.8660254037844385,-0.5000000000000004,0.0,1,0.0,1,0.0,1,0.0,1,0.8571428571428571,2.267786838055364,0.0,6.0,0.6428571428571429,0.42857142857142855,1.2889436222642416,0.0,6.0,2.0,0,159.36499999999998,0.0,0.0,False,False,False,False,True,False,False,True,False,False,False,False,False,False,False,False,False,False,False,False,False,False,False,False,False,False,False,False,False,False,False,False,False,False,True,False
UK,Air Fryer,2025-08-05,Home & Kitchen,0.0,159.36499999999998,,20.0,2.0,0.0,0.0,1,5,32,8,3,217,0,0.7818314824680298,0.6234898018587336,-0.8660254037844385,-0.5000000000000004,0.0,1,0.0,1,0.0,1,0.0,1,0.8571428571428571,2.267786838055364,0.0,6.0,0.6428571428571429,0.42857142857142855,1.2889436222642416,0.0,6.0,2.0,0,159.36499999999998,0.0,0.0,False,False,False,False,True,False,False,True,False,False,False,False,False,False,False,False,False,False,False,False,False,False,False,False,False,False,False,False,False,False,False,False,False,False,True,False
UK,Air Fryer,2025-08-06,Home & Kitchen,0.0,159.36499999999998,,20.0,2.0,0.0,0.0,2,6,32,8,3,218,0,0.9749279121818236,-0.22252093395631434,-0.8660254037844385,-0.5000000000000004,0.0,1,6.0,1,0.0,1,0.0,1,0.8571428571428571,2.267786838055364,0.0,6.0,0.6428571428571429,0.42857142857142855,1.2889436222642416,0.0,6.0,2.0,0,159.36499999999998,0.0,0.0,False,False,False,False,True,False,False,True,False,False,False,False,False,False,False,False,False,False,False,False,False,False,False,False,False,False,False,False,False,False,False,False,False,False,True,False
UK,Air Fryer,2025-08-07,Home & Kitchen,0.0,159.36499999999998,,20.0,2.0,0.0,0.0,3,7,32,8,3,219,0,0.43388373911755823,-0.900968867902419,-0.8660254037844385,-0.5000000000000004,0.0,1,0.0,1,3.0,1,0.0,1,0.0,0.0,0.0,0.0,0.6428571428571429,0.42857142857142855,1.2889436222642416,0.0,6.0,0.0,0,159.36499999999998,0.0,0.0,False,False,False,False,True,False,False,True,False,False,False,False,False,False,False,False,False,False,False,False,False,False,False,False,False,False,False,False,False,False,False,False,False,False,True,False
UK,Air Fryer,2025-08-08,Home & Kitchen,2.0,298.05,0.1,20.0,2.0,1.0,0.0,4,8,32,8,3,220,0,-0.433883739117558,-0.9009688679024191,-0.8660254037844385,-0.5000000000000004,0.0,1,0.0,1,0.0,1,0.0,1,0.0,0.0,0.0,0.0,0.42857142857142855,0.42857142857142855,1.2889436222642416,0.0,6.0,0.0,1,159.36499999999998,138.68500000000003,0.87023499513695,False,False,False,False,True,False,False,True,False,False,False,False,False,False,False,False,False,False,False,False,False,False,False,False,False,False,False,False,False,False,False,False,False,False,True,False
UK,Air Fryer,2025-08-09,Home & Kitchen,3.0,247.79,0.14,20.0,2.0,1.0,0.0,5,9,32,8,3,221,1,-0.9749279121818236,-0.2225209339563146,-0.8660254037844385,-0.5000000000000004,2.0,1,0.0,1,0.0,1,0.0,1,0.2857142857142857,0.7559289460184548,0.0,2.0,0.5714285714285714,0.5,1.319371343004214,0.0,6.0,0.5714285714285714,1,298.05,-50.26000000000002,-0.1686294245931891,False,False,False,False,True,False,False,True,False,False,False,False,False,False,False,False,False,False,False,False,False,False,False,False,False,False,False,False,False,False,False,False,False,False,True,False
UK,Air Fryer,2025-08-10,Home & Kitchen,2.0,168.05,0.01,20.0,2.0,1.0,0.0,6,10,32,8,3,222,1,-0.7818314824680299,0.6234898018587334,-0.8660254037844385,-0.5000000000000004,3.0,1,0.0,1,0.0,1,0.0,1,0.7142857142857143,1.2535663410560178,0.0,3.0,0.7857142857142857,0.6071428571428571,1.396802849745877,0.0,6.0,1.1764705882352942,1,247.79,-79.73999999999998,-0.3218047540255861,False,False,False,False,True,False,False,True,False,False,False,False,False,False,False,False,False,False,False,False,False,False,False,False,False,False,False,False,False,False,False,False,False,False,True,False
UK,Air Fryer,2025-08-11,Home & Kitchen,2.0,118.57,0.11,20.0,2.0,1.0,0.0,0,11,33,8,3,223,0,0.0,1.0,-0.8660254037844385,-0.5000000000000004,2.0,1,0.0,1,0.0,1,0.0,1,1.0,1.290994448735806,0.0,3.0,0.9285714285714286,0.6785714285714286,1.415615856780453,0.0,6.0,1.4736842105263157,1,168.05,-49.48000000000002,-0.2944361797084202,False,False,False,False,True,False,False,True,False,False,False,False,False,False,False,False,False,False,False,False,False,False,False,False,False,False,False,False,False,False,False,False,False,False,True,False
UK,Air Fryer,2025-08-12,Home & Kitchen,0.0,118.57,,20.0,2.0,0.0,0.0,1,12,33,8,3,224,0,0.7818314824680298,0.6234898018587336,-0.8660254037844385,-0.5000000000000004,2.0,1,0.0,1,0.0,1,0.0,1,1.2857142857142858,1.253566341056018,0.0,3.0,1.0714285714285714,0.75,1.430488132175971,0.0,6.0,1.7142857142857144,0,118.57,0.0,0.0,False,False,False,False,True,False,False,True,False,False,False,False,False,False,False,False,False,False,False,False,False,False,False,False,False,False,False,False,False,False,False,False,False,False,True,False
UK,Air Fryer,2025-08-13,Home & Kitchen,0.0,118.57,,20.0,2.0,0.0,0.0,2,13,33,8,3,225,0,0.9749279121818236,-0.22252093395631434,-0.8660254037844385,-0.5000000000000004,0.0,1,0.0,1,6.0,1,1.0,1,1.2857142857142858,1.253566341056018,0.0,3.0,1.0714285714285714,0.75,1.430488132175971,0.0,6.0,1.7142857142857144,0,118.57,0.0,0.0,False,False,False,False,True,False,False,True,False,False,False,False,False,False,False,False,False,False,False,False,False,False,False,False,False,False,False,False,False,False,False,False,False,False,True,False
UK,Air Fryer,2025-08-14,Home & Kitchen,3.0,36.09,0.12,20.0,2.0,1.0,0.0,3,14,33,8,3,226,0,0.43388373911755823,-0.900968867902419,-0.8660254037844385,-0.5000000000000004,0.0,1,0.0,1,0.0,1,0.0,1,1.2857142857142858,1.253566341056018,0.0,3.0,0.6428571428571429,0.7142857142857143,1.4364860122855585,0.0,6.0,1.8,1,118.57,-82.47999999999999,-0.6956228388293835,False,False,False,False,True,False,False,True,False,False,False,False,False,False,False,False,False,False,False,False,False,False,False,False,False,False,False,False,False,False,False,False,False,False,True,False
UK,Air Fryer,2025-08-15,Home & Kitchen,0.0,36.09,,20.0,2.0,0.0,0.0,4,15,33,8,3,227,0,-0.433883739117558,-0.9009688679024191,-0.8660254037844385,-0.5000000000000004,3.0,1,2.0,1,0.0,1,0.0,1,1.7142857142857142,1.2535663410560183,0.0,3.0,0.8571428571428571,0.8214285714285714,1.4920423841803148,0.0,6.0,2.0869565217391304,0,36.09,0.0,0.0,False,False,False,False,True,False,False,True,False,False,False,False,False,False,False,False,False,False,False,False,False,False,False,False,False,False,False,False,False,False,False,False,False,False,True,False
UK,Air Fryer,2025-08-16,Home & Kitchen,0.0,36.09,,20.0,2.0,0.0,0.0,5,16,33,8,3,228,1,-0.9749279121818236,-0.2225209339563146,-0.8660254037844385,-0.5000000000000004,0.0,1,3.0,1,0.0,1,2.0,1,1.4285714285714286,1.3972762620115444,0.0,3.0,0.8571428571428571,0.8214285714285714,1.4920423841803148,0.0,6.0,1.7391304347826089,0,36.09,0.0,0.0,False,False,False,False,True,False,False,True,False,False,False,False,False,False,False,False,False,False,False,False,False,False,False,False,False,False,False,False,False,False,False,False,False,False,True,False
UK,Air Fryer,2025-08-17,Home & Kitchen,2.0,224.91,0.09,20.0,2.0,1.0,0.0,6,17,33,8,3,229,1,-0.7818314824680299,0.6234898018587334,-0.8660254037844385,-0.5000000000000004,0.0,1,2.0,1,0.0,1,0.0,1,1.0,1.2909944487358063,0.0,3.0,0.8571428571428571,0.75,1.4813657362192654,0.0,6.0,1.3333333333333333,1,36.09,188.82,5.231920199501246,False,False,False,False,True,False,False,True,False,False,False,False,False,False,False,False,False,False,False,False,False,False,False,False,False,False,False,False,False,False,False,False,False,False,True,False
UK,Air Fryer,2025-08-18,Home & Kitchen,0.0,224.91,,20.0,2.0,0.0,0.0,0,18,34,8,3,230,0,0.0,1.0,-0.8660254037844385,-0.5000000000000004,2.0,1,2.0,1,0.0,1,0.0,1,1.0,1.2909944487358063,0.0,3.0,1.0,0.8214285714285714,1.4920423841803148,0.0,6.0,1.2173913043478262,0,224.91,0.0,0.0,False,False,False,False,True,False,False,True,False,False,False,False,False,False,False,False,False,False,False,False,False,False,False,False,False,False,False,False,False,False,False,False,False,False,True,False
UK,Air Fryer,2025-08-19,Home & Kitchen,0.0,224.91,,20.0,2.0,0.0,0.0,1,19,34,8,3,231,0,0.7818314824680298,0.6234898018587336,-0.8660254037844385,-0.5000000000000004,0.0,1,0.0,1,0.0,1,0.0,1,0.7142857142857143,1.253566341056018,0.0,3.0,1.0,0.8214285714285714,1.4920423841803148,0.0,6.0,0.8695652173913044,0,224.91,0.0,0.0,False,False,False,False,True,False,False,True,False,False,False,False,False,False,False,False,False,False,False,False,False,False,False,False,False,False,False,False,False,False,False,False,False,False,True,False
UK,Air Fryer,2025-08-20,Home & Kitchen,0.0,224.91,,20.0,2.0,0.0,0.0,2,20,34,8,3,232,0,0.9749279121818236,-0.22252093395631434,-0.8660254037844385,-0.5000000000000004,0.0,1,0.0,1,0.0,1,0.0,1,0.7142857142857143,1.253566341056018,0.0,3.0,1.0,0.8214285714285714,1.4920423841803148,0.0,6.0,0.8695652173913044,0,224.91,0.0,0.0,False,False,False,False,True,False,False,True,False,False,False,False,False,False,False,False,False,False,False,False,False,False,False,False,False,False,False,False,False,False,False,False,False,False,True,False
UK,Air Fryer,2025-08-21,Home & Kitchen,0.0,224.91,,20.0,2.0,0.0,0.0,3,21,34,8,3,233,0,0.43388373911755823,-0.900968867902419,-0.8660254037844385,-0.5000000000000004,0.0,1,3.0,1,0.0,1,3.0,1,0.7142857142857143,1.253566341056018,0.0,3.0,1.0,0.8214285714285714,1.4920423841803148,0.0,6.0,0.8695652173913044,0,224.91,0.0,0.0,False,False,False,False,True,False,False,True,False,False,False,False,False,False,False,False,False,False,False,False,False,False,False,False,False,False,False,False,False,False,False,False,False,False,True,False
UK,Air Fryer,2025-08-22,Home & Kitchen,0.0,224.91,,20.0,2.0,0.0,0.0,4,22,34,8,3,234,0,-0.433883739117558,-0.9009688679024191,-0.8660254037844385,-0.5000000000000004,0.0,1,0.0,1,2.0,1,0.0,1,0.2857142857142857,0.7559289460184551,0.0,2.0,1.0,0.7142857142857143,1.4364860122855585,0.0,6.0,0.39999999999999997,0,224.91,0.0,0.0,False,False,False,False,True,False,False,True,False,False,False,False,False,False,False,False,False,False,False,False,False,False,False,False,False,False,False,False,False,False,False,False,False,False,True,False
UK,Air Fryer,2025-08-23,Home & Kitchen,0.0,224.91,,20.0,2.0,0.0,0.0,5,23,34,8,3,235,1,-0.9749279121818236,-0.2225209339563146,-0.8660254037844385,-0.5000000000000004,0.0,1,0.0,1,3.0,1,0.0,1,0.2857142857142857,0.7559289460184551,0.0,2.0,0.8571428571428571,0.7142857142857143,1.4364860122855585,0.0,6.0,0.39999999999999997,0,224.91,0.0,0.0,False,False,False,False,True,False,False,True,False,False,False,False,False,False,False,False,False,False,False,False,False,False,False,False,False,False,False,False,False,False,False,False,False,False,True,False
UK,Air Fryer,2025-08-24,Home & Kitchen,0.0,224.91,,20.0,2.0,0.0,0.0,6,24,34,8,3,236,1,-0.7818314824680299,0.6234898018587334,-0.8660254037844385,-0.5000000000000004,0.0,1,2.0,1,2.0,1,0.0,1,0.2857142857142857,0.7559289460184551,0.0,2.0,0.6428571428571429,0.7142857142857143,1.4364860122855585,0.0,6.0,0.39999999999999997,0,224.91,0.0,0.0,False,False,False,False,True,False,False,True,False,False,False,False,False,False,False,False,False,False,False,False,False,False,False,False,False,False,False,False,False,False,False,False,False,False,True,False
UK,Air Fryer,2025-08-25,Home & Kitchen,1.0,57.76,0.05,20.0,2.0,1.0,0.0,0,25,35,8,3,237,0,0.0,1.0,-0.8660254037844385,-0.5000000000000004,0.0,1,0.0,1,2.0,1,0.0,1,0.0,0.0,0.0,0.0,0.5,0.7142857142857143,1.4364860122855585,0.0,6.0,0.0,1,224.91,-167.15,-0.7431861633542306,False,False,False,False,True,False,False,True,False,False,False,False,False,False,False,False,False,False,False,False,False,False,False,False,False,False,False,False,False,False,False,False,False,False,True,False
UK,Air Fryer,2025-08-26,Home & Kitchen,0.0,57.76,,20.0,2.0,0.0,0.0,1,26,35,8,3,238,0,0.7818314824680298,0.6234898018587336,-0.8660254037844385,-0.5000000000000004,1.0,1,0.0,1,0.0,1,0.0,1,0.14285714285714285,0.3779644730092283,0.0,1.0,0.42857142857142855,0.75,1.430488132175971,0.0,6.0,0.19047619047619047,0,57.76,0.0,0.0,False,False,False,False,True,False,False,True,False,False,False,False,False,False,False,False,False,False,False,False,False,False,False,False,False,False,False,False,False,False,False,False,False,False,True,False
UK,Air Fryer,2025-08-27,Home & Kitchen,0.0,57.76,,20.0,2.0,0.0,0.0,2,27,35,8,3,239,0,0.9749279121818236,-0.22252093395631434,-0.8660254037844385,-0.5000000000000004,0.0,1,0.0,1,0.0,1,6.0,1,0.14285714285714285,0.3779644730092283,0.0,1.0,0.42857142857142855,0.75,1.430488132175971,0.0,6.0,0.19047619047619047,0,57.76,0.0,0.0,False,False,False,False,True,False,False,True,False,False,False,False,False,False,False,False,False,False,False,False,False,False,False,False,False,False,False,False,False,False,False,False,False,False,True,False
UK,Air Fryer,2025-08-28,Home & Kitchen,0.0,57.76,,20.0,2.0,0.0,0.0,3,28,35,8,3,240,0,0.43388373911755823,-0.900968867902419,-0.8660254037844385,-0.5000000000000004,0.0,1,0.0,1,3.0,1,0.0,1,0.14285714285714285,0.3779644730092283,0.0,1.0,0.42857142857142855,0.5357142857142857,0.9993384054849747,0.0,3.0,0.26666666666666666,0,57.76,0.0,0.0,False,False,False,False,True,False,False,True,False,False,False,False,False,False,False,False,False,False,False,False,False,False,False,False,False,False,False,False,False,False,False,False,False,False,True,False
UK,Air Fryer,2025-08-29,Home & Kitchen,1.0,118.11,0.01,20.0,2.0,1.0,0.0,4,29,35,8,3,241,0,-0.433883739117558,-0.9009688679024191,-0.8660254037844385,-0.5000000000000004,0.0,1,0.0,1,0.0,1,0.0,1,0.14285714285714285,0.3779644730092283,0.0,1.0,0.21428571428571427,0.5357142857142857,0.9993384054849747,0.0,3.0,0.26666666666666666,1,57.76,60.35,1.0448407202216068,False,False,False,False,True,False,False,True,False,False,False,False,False,False,False,False,False,False,False,False,False,False,False,False,False,False,False,False,False,False,False,False,False,False,True,False
UK,Air Fryer,2025-08-30,Home & Kitchen,0.0,118.11,,20.0,2.0,0.0,0.0,5,30,35,8,3,242,1,-0.9749279121818236,-0.2225209339563146,-0.8660254037844385,-0.5000000000000004,1.0,1,0.0,1,0.0,1,0.0,1,0.2857142857142857,0.4879500364742675,0.0,1.0,0.2857142857142857,0.5714285714285714,0.997350988724129,0.0,3.0,0.5,0,118.11,0.0,0.0,False,False,False,False,True,False,False,True,False,False,False,False,False,False,False,False,False,False,False,False,False,False,False,False,False,False,False,False,False,False,False,False,False,False,True,False
UK,Air Fryer,2025-08-31,Home & Kitchen,0.0,118.11,,20.0,2.0,0.0,0.0,6,31,35,8,3,243,1,-0.7818314824680299,0.6234898018587334,-0.8660254037844385,-0.5000000000000004,0.0,1,0.0,1,2.0,1,0.0,1,0.2857142857142857,0.48795003647426743,0.0,1.0,0.2857142857142857,0.5714285714285714,0.997350988724129,0.0,3.0,0.5,0,118.11,0.0,0.0,False,False,False,False,True,False,False,True,False,False,False,False,False,False,False,False,False,False,False,False,False,False,False,False,False,False,False,False,False,False,False,False,False,False,True,False
UK,Air Fryer,2025-09-01,Home & Kitchen,0.0,118.11,,20.0,2.0,0.0,0.0,0,1,36,9,3,244,0,0.0,1.0,-1.0,-1.8369701987210297e-16,0.0,1,1.0,1,0.0,1,0.0,1,0.2857142857142857,0.48795003647426743,0.0,1.0,0.14285714285714285,0.5714285714285714,0.997350988724129,0.0,3.0,0.5,0,118.11,0.0,0.0,False,False,False,False,True,False,False,True,False,False,False,False,False,False,False,False,False,False,False,False,False,False,False,False,False,False,False,False,False,False,False,False,False,False,True,False
UK,Air Fryer,2025-09-02,Home & Kitchen,0.0,118.11,,20.0,2.0,0.0,0.0,1,2,36,9,3,245,0,0.7818314824680298,0.6234898018587336,-1.0,-1.8369701987210297e-16,0.0,1,0.0,1,0.0,1,0.0,1,0.14285714285714285,0.3779644730092282,0.0,1.0,0.14285714285714285,0.5714285714285714,0.997350988724129,0.0,3.0,0.25,0,118.11,0.0,0.0,False,False,False,False,True,False,False,True,False,False,False,False,False,False,False,False,False,False,False,False,False,False,False,False,False,False,False,False,False,False,False,False,False,False,True,False
UK,Air Fryer,2025-09-03,Home & Kitchen,1.0,50.12,0.01,20.0,2.0,1.0,0.0,2,3,36,9,3,246,0,0.9749279121818236,-0.22252093395631434,-1.0,-1.8369701987210297e-16,0.0,1,0.0,1,0.0,1,0.0,1,0.14285714285714285,0.3779644730092282,0.0,1.0,0.14285714285714285,0.5714285714285714,0.997350988724129,0.0,3.0,0.25,1,118.11,-67.99000000000001,-0.5756498179663027,False,False,False,False,True,False,False,True,False,False,False,False,False,False,False,False,False,False,False,False,False,False,False,False,False,False,False,False,False,False,False,False,False,False,True,False
UK,Air Fryer,2025-09-04,Home & Kitchen,0.0,50.12,,20.0,2.0,0.0,0.0,3,4,36,9,3,247,0,0.43388373911755823,-0.900968867902419,-1.0,-1.8369701987210297e-16,1.0,1,0.0,1,0.0,1,0.0,1,0.2857142857142857,0.48795003647426743,0.0,1.0,0.21428571428571427,0.6071428571428571,0.9940297973880062,0.0,3.0,0.47058823529411764,0,50.12,0.0,0.0,False,False,False,False,True,False,False,True,False,False,False,False,False,False,False,False,False,False,False,False,False,False,False,False,False,False,False,False,False,False,False,False,False,False,True,False
UK,Air Fryer,2025-09-05,Home & Kitchen,0.0,50.12,,20.0,2.0,0.0,0.0,4,5,36,9,3,248,0,-0.433883739117558,-0.9009688679024191,-1.0,-1.8369701987210297e-16,0.0,1,1.0,1,0.0,1,2.0,1,0.2857142857142857,0.48795003647426743,0.0,1.0,0.21428571428571427,0.6071428571428571,0.9940297973880062,0.0,3.0,0.47058823529411764,0,50.12,0.0,0.0,False,False,False,False,True,False,False,True,False,False,False,False,False,False,False,False,False,False,False,False,False,False,False,False,False,False,False,False,False,False,False,False,False,False,True,False
UK,Air Fryer,2025-09-06,Home & Kitchen,0.0,50.12,,20.0,2.0,0.0,0.0,5,6,36,9,3,249,1,-0.9749279121818236,-0.2225209339563146,-1.0,-1.8369701987210297e-16,0.0,1,0.0,1,0.0,1,3.0,1,0.14285714285714285,0.3779644730092282,0.0,1.0,0.21428571428571427,0.5357142857142857,0.9615628812527954,0.0,3.0,0.26666666666666666,0,50.12,0.0,0.0,False,False,False,False,True,False,False,True,False,False,False,False,False,False,False,False,False,False,False,False,False,False,False,False,False,False,False,False,False,False,False,False,False,False,True,False
UK,Air Fryer,2025-09-07,Home & Kitchen,0.0,50.12,,20.0,2.0,0.0,0.0,6,7,36,9,3,250,1,-0.7818314824680299,0.6234898018587334,-1.0,-1.8369701987210297e-16,0.0,1,0.0,1,0.0,1,2.0,1,0.14285714285714285,0.3779644730092282,0.0,1.0,0.21428571428571427,0.42857142857142855,0.835710894037347,0.0,3.0,0.3333333333333333,0,50.12,0.0,0.0,False,False,False,False,True,False,False,True,False,False,False,False,False,False,False,False,False,False,False,False,False,False,False,False,False,False,False,False,False,False,False,False,False,False,True,False
UK,Air Fryer,2025-09-08,Home & Kitchen,0.0,50.12,,20.0,2.0,0.0,0.0,0,8,37,9,3,251,0,0.0,1.0,-1.0,-1.8369701987210297e-16,0.0,1,0.0,1,1.0,1,2.0,1,0.14285714285714285,0.3779644730092282,0.0,1.0,0.21428571428571427,0.35714285714285715,0.780042055574962,0.0,3.0,0.39999999999999997,0,50.12,0.0,0.0,False,False,False,False,True,False,False,True,False,False,False,False,False,False,False,False,False,False,False,False,False,False,False,False,False,False,False,False,False,False,False,False,False,False,True,False
UK,Air Fryer,2025-09-09,Home & Kitchen,0.0,50.12,,20.0,2.0,0.0,0.0,1,9,37,9,3,252,0,0.7818314824680298,0.6234898018587336,-1.0,-1.8369701987210297e-16,0.0,1,0.0,1,0.0,1,0.0,1,0.14285714285714285,0.3779644730092282,0.0,1.0,0.14285714285714285,0.2857142857142857,0.712696645099801,0.0,3.0,0.5,0,50.12,0.0,0.0,False,False,False,False,True,False,False,True,False,False,False,False,False,False,False,False,False,False,False,False,False,False,False,False,False,False,False,False,False,False,False,False,False,False,True,False
UK,Air Fryer,2025-09-10,Home & Kitchen,0.0,50.12,,20.0,2.0,0.0,0.0,2,10,37,9,3,253,0,0.9749279121818236,-0.22252093395631434,-1.0,-1.8369701987210297e-16,0.0,1,1.0,1,0.0,1,0.0,1,0.14285714285714285,0.3779644730092282,0.0,1.0,0.14285714285714285,0.2857142857142857,0.712696645099801,0.0,3.0,0.5,0,50.12,0.0,0.0,False,False,False,False,True,False,False,True,False,False,False,False,False,False,False,False,False,False,False,False,False,False,False,False,False,False,False,False,False,False,False,False,False,False,True,False
UK,Air Fryer,2025-09-11,Home & Kitchen,0.0,50.12,,20.0,2.0,0.0,0.0,3,11,37,9,3,254,0,0.43388373911755823,-0.900968867902419,-1.0,-1.8369701987210297e-16,0.0,1,0.0,1,0.0,1,3.0,1,0.0,0.0,0.0,0.0,0.14285714285714285,0.2857142857142857,0.712696645099801,0.0,3.0,0.0,0,50.12,0.0,0.0,False,False,False,False,True,False,False,True,False,False,False,False,False,False,False,False,False,False,False,False,False,False,False,False,False,False,False,False,False,False,False,False,False,False,True,False
UK,Air Fryer,2025-09-12,Home & Kitchen,0.0,50.12,,20.0,2.0,0.0,0.0,4,12,37,9,3,255,0,-0.433883739117558,-0.9009688679024191,-1.0,-1.8369701987210297e-16,0.0,1,0.0,1,1.0,1,0.0,1,0.0,0.0,0.0,0.0,0.14285714285714285,0.17857142857142858,0.4755948656056754,0.0,2.0,0.0,0,50.12,0.0,0.0,False,False,False,False,True,False,False,True,False,False,False,False,False,False,False,False,False,False,False,False,False,False,False,False,False,False,False,False,False,False,False,False,False,False,True,False
UK,Air Fryer,2025-09-13,Home & Kitchen,0.0,50.12,,20.0,2.0,0.0,0.0,5,13,37,9,3,256,1,-0.9749279121818236,-0.2225209339563146,-1.0,-1.8369701987210297e-16,0.0,1,0.0,1,0.0,1,0.0,1,0.0,0.0,0.0,0.0,0.07142857142857142,0.17857142857142858,0.4755948656056754,0.0,2.0,0.0,0,50.12,0.0,0.0,False,False,False,False,True,False,False,True,False,False,False,False,False,False,False,False,False,False,False,False,False,False,False,False,False,False,False,False,False,False,False,False,False,False,True,False
UK,Air Fryer,2025-09-14,Home & Kitchen,0.0,50.12,,20.0,2.0,0.0,0.0,6,14,37,9,3,257,1,-0.7818314824680299,0.6234898018587334,-1.0,-1.8369701987210297e-16,0.0,1,0.0,1,0.0,1,2.0,1,0.0,0.0,0.0,0.0,0.07142857142857142,0.17857142857142858,0.4755948656056754,0.0,2.0,0.0,0,50.12,0.0,0.0,False,False,False,False,True,False,False,True,False,False,False,False,False,False,False,False,False,False,False,False,False,False,False,False,False,False,False,False,False,False,False,False,False,False,True,False
UK,Air Fryer,2025-09-15,Home & Kitchen,0.0,50.12,,20.0,2.0,0.0,0.0,0,15,38,9,3,258,0,0.0,1.0,-1.0,-1.8369701987210297e-16,0.0,1,0.0,1,0.0,1,0.0,1,0.0,0.0,0.0,0.0,0.07142857142857142,0.10714285714285714,0.3149703941743632,0.0,1.0,0.0,0,50.12,0.0,0.0,False,False,False,False,True,False,False,True,False,False,False,False,False,False,False,False,False,False,False,False,False,False,False,False,False,False,False,False,False,False,False,False,False,False,True,False
UK,Air Fryer,2025-09-16,Home & Kitchen,0.0,50.12,,20.0,2.0,0.0,0.0,1,16,38,9,3,259,0,0.7818314824680298,0.6234898018587336,-1.0,-1.8369701987210297e-16,0.0,1,0.0,1,0.0,1,0.0,1,0.0,0.0,0.0,0.0,0.07142857142857142,0.10714285714285714,0.3149703941743632,0.0,1.0,0.0,0,50.12,0.0,0.0,False,False,False,False,True,False,False,True,False,False,False,False,False,False,False,False,False,False,False,False,False,False,False,False,False,False,False,False,False,False,False,False,False,False,True,False
UK,Air Fryer,2025-09-17,Home & Kitchen,1.0,170.21,0.03,20.0,2.0,1.0,0.0,2,17,38,9,3,260,0,0.9749279121818236,-0.22252093395631434,-1.0,-1.8369701987210297e-16,0.0,1,0.0,1,1.0,1,0.0,1,0.0,0.0,0.0,0.0,0.07142857142857142,0.10714285714285714,0.3149703941743632,0.0,1.0,0.0,1,50.12,120.09,2.3960494812450124,False,False,False,False,True,False,False,True,False,False,False,False,False,False,False,False,False,False,False,False,False,False,False,False,False,False,False,False,False,False,False,False,False,False,True,False
UK,Air Fryer,2025-09-18,Home & Kitchen,0.0,170.21,,20.0,2.0,0.0,0.0,3,18,38,9,3,261,0,0.43388373911755823,-0.900968867902419,-1.0,-1.8369701987210297e-16,1.0,1,0.0,1,0.0,1,0.0,1,0.14285714285714285,0.3779644730092282,0.0,1.0,0.07142857142857142,0.14285714285714285,0.35634832254990534,0.0,1.0,1.0,0,170.21,0.0,0.0,False,False,False,False,True,False,False,True,False,False,False,False,False,False,False,False,False,False,False,False,False,False,False,False,False,False,False,False,False,False,False,False,False,False,True,False
UK,Air Fryer,2025-09-19,Home & Kitchen,0.0,170.21,,20.0,2.0,0.0,0.0,4,19,38,9,3,262,0,-0.433883739117558,-0.9009688679024191,-1.0,-1.8369701987210297e-16,0.0,1,0.0,1,0.0,1,0.0,1,0.14285714285714285,0.3779644730092282,0.0,1.0,0.07142857142857142,0.14285714285714285,0.35634832254990534,0.0,1.0,1.0,0,170.21,0.0,0.0,False,False,False,False,True,False,False,True,False,False,False,False,False,False,False,False,False,False,False,False,False,False,False,False,False,False,False,False,False,False,False,False,False,False,True,False
UK,Air Fryer,2025-09-20,Home & Kitchen,0.0,170.21,,20.0,2.0,0.0,0.0,5,20,38,9,3,263,1,-0.9749279121818236,-0.2225209339563146,-1.0,-1.8369701987210297e-16,0.0,1,0.0,1,0.0,1,0.0,1,0.14285714285714285,0.3779644730092282,0.0,1.0,0.07142857142857142,0.14285714285714285,0.35634832254990534,0.0,1.0,1.0,0,170.21,0.0,0.0,False,False,False,False,True,False,False,True,False,False,False,False,False,False,False,False,False,False,False,False,False,False,False,False,False,False,False,False,False,False,False,False,False,False,True,False
UK,Air Fryer,2025-09-21,Home & Kitchen,0.0,170.21,,20.0,2.0,0.0,0.0,6,21,38,9,3,264,1,-0.7818314824680299,0.6234898018587334,-1.0,-1.8369701987210297e-16,0.0,1,0.0,1,0.0,1,0.0,1,0.14285714285714285,0.3779644730092282,0.0,1.0,0.07142857142857142,0.14285714285714285,0.35634832254990534,0.0,1.0,1.0,0,170.21,0.0,0.0,False,False,False,False,True,False,False,True,False,False,False,False,False,False,False,False,False,False,False,False,False,False,False,False,False,False,False,False,False,False,False,False,False,False,True,False
UK,Air Fryer,2025-09-22,Home & Kitchen,0.0,170.21,,20.0,2.0,0.0,0.0,0,22,39,9,3,265,0,0.0,1.0,-1.0,-1.8369701987210297e-16,0.0,1,0.0,1,0.0,1,1.0,1,0.14285714285714285,0.3779644730092282,0.0,1.0,0.07142857142857142,0.14285714285714285,0.35634832254990534,0.0,1.0,1.0,0,170.21,0.0,0.0,False,False,False,False,True,False,False,True,False,False,False,False,False,False,False,False,False,False,False,False,False,False,False,False,False,False,False,False,False,False,False,False,False,False,True,False
UK,Air Fryer,2025-09-23,Home & Kitchen,0.0,170.21,,20.0,2.0,0.0,0.0,1,23,39,9,3,266,0,0.7818314824680298,0.6234898018587336,-1.0,-1.8369701987210297e-16,0.0,1,0.0,1,0.0,1,0.0,1,0.14285714285714285,0.3779644730092282,0.0,1.0,0.07142857142857142,0.10714285714285714,0.3149703941743632,0.0,1.0,1.3333333333333333,0,170.21,0.0,0.0,False,False,False,False,True,False,False,True,False,False,False,False,False,False,False,False,False,False,False,False,False,False,False,False,False,False,False,False,False,False,False,False,False,False,True,False
UK,Air Fryer,2025-09-24,Home & Kitchen,0.0,170.21,,20.0,2.0,0.0,0.0,2,24,39,9,3,267,0,0.9749279121818236,-0.22252093395631434,-1.0,-1.8369701987210297e-16,0.0,1,1.0,1,0.0,1,0.0,1,0.14285714285714285,0.3779644730092282,0.0,1.0,0.07142857142857142,0.10714285714285714,0.3149703941743632,0.0,1.0,1.3333333333333333,0,170.21,0.0,0.0,False,False,False,False,True,False,False,True,False,False,False,False,False,False,False,False,False,False,False,False,False,False,False,False,False,False,False,False,False,False,False,False,False,False,True,False
UK,Air Fryer,2025-09-25,Home & Kitchen,0.0,170.21,,20.0,2.0,0.0,0.0,3,25,39,9,3,268,0,0.43388373911755823,-0.900968867902419,-1.0,-1.8369701987210297e-16,0.0,1,0.0,1,0.0,1,0.0,1,0.0,0.0,0.0,0.0,0.07142857142857142,0.10714285714285714,0.3149703941743632,0.0,1.0,0.0,0,170.21,0.0,0.0,False,False,False,False,True,False,False,True,False,False,False,False,False,False,False,False,False,False,False,False,False,False,False,False,False,False,False,False,False,False,False,False,False,False,True,False
UK,Air Fryer,2025-09-26,Home & Kitchen,0.0,170.21,,20.0,2.0,0.0,0.0,4,26,39,9,3,269,0,-0.433883739117558,-0.9009688679024191,-1.0,-1.8369701987210297e-16,0.0,1,0.0,1,0.0,1,1.0,1,0.0,0.0,0.0,0.0,0.07142857142857142,0.10714285714285714,0.3149703941743632,0.0,1.0,0.0,0,170.21,0.0,0.0,False,False,False,False,True,False,False,True,False,False,False,False,False,False,False,False,False,False,False,False,False,False,False,False,False,False,False,False,False,False,False,False,False,False,True,False
UK,Air Fryer,2025-09-27,Home & Kitchen,0.0,170.21,,20.0,2.0,0.0,0.0,5,27,39,9,3,270,1,-0.9749279121818236,-0.2225209339563146,-1.0,-1.8369701987210297e-16,0.0,1,0.0,1,0.0,1,0.0,1,0.0,0.0,0.0,0.0,0.07142857142857142,0.07142857142857142,0.2622652641564899,0.0,1.0,0.0,0,170.21,0.0,0.0,False,False,False,False,True,False,False,True,False,False,False,False,False,False,False,False,False,False,False,False,False,False,False,False,False,False,False,False,False,False,False,False,False,False,True,False
UK,Air Fryer,2025-09-28,Home & Kitchen,0.0,170.21,,20.0,2.0,0.0,0.0,6,28,39,9,3,271,1,-0.7818314824680299,0.6234898018587334,-1.0,-1.8369701987210297e-16,0.0,1,0.0,1,0.0,1,0.0,1,0.0,0.0,0.0,0.0,0.07142857142857142,0.07142857142857142,0.2622652641564899,0.0,1.0,0.0,0,170.21,0.0,0.0,False,False,False,False,True,False,False,True,False,False,False,False,False,False,False,False,False,False,False,False,False,False,False,False,False,False,False,False,False,False,False,False,False,False,True,False
UK,Air Fryer,2025-09-29,Home & Kitchen,0.0,170.21,,20.0,2.0,0.0,0.0,0,29,40,9,3,272,0,0.0,1.0,-1.0,-1.8369701987210297e-16,0.0,1,0.0,1,0.0,1,0.0,1,0.0,0.0,0.0,0.0,0.07142857142857142,0.07142857142857142,0.2622652641564899,0.0,1.0,0.0,0,170.21,0.0,0.0,False,False,False,False,True,False,False,True,False,False,False,False,False,False,False,False,False,False,False,False,False,False,False,False,False,False,False,False,False,False,False,False,False,False,True,False
UK,Air Fryer,2025-09-30,Home & Kitchen,2.0,206.06,0.04,20.0,2.0,1.0,0.0,1,30,40,9,3,273,0,0.7818314824680298,0.6234898018587336,-1.0,-1.8369701987210297e-16,0.0,1,0.0,1,0.0,1,0.0,1,0.0,0.0,0.0,0.0,0.07142857142857142,0.07142857142857142,0.2622652641564899,0.0,1.0,0.0,1,170.21,35.849999999999994,0.2106221726103049,False,False,False,False,True,False,False,True,False,False,False,False,False,False,False,False,False,False,False,False,False,False,False,False,False,False,False,False,False,False,False,False,False,False,True,False
UK,Air Fryer,2025-10-01,Home & Kitchen,0.0,206.06,,20.0,2.0,0.0,0.0,2,1,40,10,4,274,0,0.9749279121818236,-0.22252093395631434,-0.8660254037844386,0.5000000000000001,2.0,1,0.0,1,1.0,1,1.0,1,0.2857142857142857,0.7559289460184551,0.0,2.0,0.21428571428571427,0.14285714285714285,0.4483951394230377,0.0,2.0,2.0,0,206.06,0.0,0.0,False,False,False,False,True,False,False,True,False,False,False,False,False,False,False,False,False,False,False,False,False,False,False,False,False,False,False,False,False,False,False,False,False,False,True,False
UK,Air Fryer,2025-10-02,Home & Kitchen,0.0,206.06,,20.0,2.0,0.0,0.0,3,2,40,10,4,275,0,0.43388373911755823,-0.900968867902419,-0.8660254037844386,0.5000000000000001,0.0,1,0.0,1,0.0,1,0.0,1,0.2857142857142857,0.7559289460184551,0.0,2.0,0.14285714285714285,0.10714285714285714,0.4162696521251913,0.0,2.0,2.6666666666666665,0,206.06,0.0,0.0,False,False,False,False,True,False,False,True,False,False,False,False,False,False,False,False,False,False,False,False,False,False,False,False,False,False,False,False,False,False,False,False,False,False,True,False
UK,Air Fryer,2025-10-03,Home & Kitchen,0.0,206.06,,20.0,2.0,0.0,0.0,4,3,40,10,4,276,0,-0.433883739117558,-0.9009688679024191,-0.8660254037844386,0.5000000000000001,0.0,1,0.0,1,0.0,1,0.0,1,0.2857142857142857,0.7559289460184551,0.0,2.0,0.14285714285714285,0.10714285714285714,0.4162696521251913,0.0,2.0,2.6666666666666665,0,206.06,0.0,0.0,False,False,False,False,True,False,False,True,False,False,False,False,False,False,False,False,False,False,False,False,False,False,False,False,False,False,False,False,False,False,False,False,False,False,True,False
UK,Air Fryer,2025-10-04,Home & Kitchen,3.0,94.18,0.04,20.0,2.0,1.0,0.0,5,4,40,10,4,277,1,-0.9749279121818236,-0.2225209339563146,-0.8660254037844386,0.5000000000000001,0.0,1,0.0,1,0.0,1,0.0,1,0.2857142857142857,0.7559289460184551,0.0,2.0,0.14285714285714285,0.10714285714285714,0.4162696521251913,0.0,2.0,2.6666666666666665,1,206.06,-111.88,-0.5429486557313403,False,False,False,False,True,False,False,True,False,False,False,False,False,False,False,False,False,False,False,False,False,False,False,False,False,False,False,False,False,False,False,False,False,False,True,False
UK,Air Fryer,2025-10-05,Home & Kitchen,0.0,94.18,,20.0,2.0,0.0,0.0,6,5,40,10,4,278,1,-0.7818314824680299,0.6234898018587334,-0.8660254037844386,0.5000000000000001,3.0,1,0.0,1,0.0,1,0.0,1,0.7142857142857143,1.253566341056018,0.0,3.0,0.35714285714285715,0.21428571428571427,0.68622115305452,0.0,3.0,3.3333333333333335,0,94.18,0.0,0.0,False,False,False,False,True,False,False,True,False,False,False,False,False,False,False,False,False,False,False,False,False,False,False,False,False,False,False,False,False,False,False,False,False,False,True,False
UK,Air Fryer,2025-10-06,Home & Kitchen,3.0,99.08,0.14,20.0,2.0,1.0,0.0,0,6,41,10,4,279,0,0.0,1.0,-0.8660254037844386,0.5000000000000001,0.0,1,0.0,1,0.0,1,0.0,1,0.7142857142857143,1.253566341056018,0.0,3.0,0.35714285714285715,0.21428571428571427,0.68622115305452,0.0,3.0,3.3333333333333335,1,94.18,4.8999999999999915,0.05202803142917808,False,False,False,False,True,False,False,True,False,False,False,False,False,False,False,False,False,False,False,False,False,False,False,False,False,False,False,False,False,False,False,False,False,False,True,False
UK,Air Fryer,2025-10-07,Home & Kitchen,1.0,298.18,0.12,20.0,2.0,1.0,0.0,1,7,41,10,4,280,0,0.7818314824680298,0.6234898018587336,-0.8660254037844386,0.5000000000000001,3.0,1,2.0,1,0.0,1,0.0,1,1.1428571428571428,1.4638501094228002,0.0,3.0,0.5714285714285714,0.32142857142857145,0.8629652337776988,0.0,3.0,3.555555555555555,1,99.08,199.10000000000002,2.009487283003634,False,False,False,False,True,False,False,True,False,False,False,False,False,False,False,False,False,False,False,False,False,False,False,False,False,False,False,False,False,False,False,False,False,False,True,False
UK,Air Fryer,2025-10-08,Home & Kitchen,0.0,298.18,,20.0,2.0,0.0,0.0,2,8,41,10,4,281,0,0.9749279121818236,-0.22252093395631434,-0.8660254037844386,0.5000000000000001,1.0,1,0.0,1,0.0,1,0.0,1,1.0,1.4142135623730956,0.0,3.0,0.6428571428571429,0.35714285714285715,0.8698354767504947,0.0,3.0,2.8,0,298.18,0.0,0.0,False,False,False,False,True,False,False,True,False,False,False,False,False,False,False,False,False,False,False,False,False,False,False,False,False,False,False,False,False,False,False,False,False,False,True,False
UK,Air Fryer,2025-10-09,Home & Kitchen,0.0,298.18,,20.0,2.0,0.0,0.0,3,9,41,10,4,282,0,0.43388373911755823,-0.900968867902419,-0.8660254037844386,0.5000000000000001,0.0,1,0.0,1,0.0,1,0.0,1,1.0,1.4142135623730956,0.0,3.0,0.6428571428571429,0.35714285714285715,0.8698354767504947,0.0,3.0,2.8,0,298.18,0.0,0.0,False,False,False,False,True,False,False,True,False,False,False,False,False,False,False,False,False,False,False,False,False,False,False,False,False,False,False,False,False,False,False,False,False,False,True,False
UK,Air Fryer,2025-10-10,Home & Kitchen,0.0,298.18,,20.0,2.0,0.0,0.0,4,10,41,10,4,283,0,-0.433883739117558,-0.9009688679024191,-0.8660254037844386,0.5000000000000001,0.0,1,0.0,1,0.0,1,0.0,1,1.0,1.4142135623730956,0.0,3.0,0.6428571428571429,0.35714285714285715,0.8698354767504947,0.0,3.0,2.8,0,298.18,0.0,0.0,False,False,False,False,True,False,False,True,False,False,False,False,False,False,False,False,False,False,False,False,False,False,False,False,False,False,False,False,False,False,False,False,False,False,True,False
UK,Air Fryer,2025-10-11,Home & Kitchen,0.0,298.18,,20.0,2.0,0.0,0.0,5,11,41,10,4,284,1,-0.9749279121818236,-0.2225209339563146,-0.8660254037844386,0.5000000000000001,0.0,1,3.0,1,0.0,1,0.0,1,1.0,1.4142135623730956,0.0,3.0,0.6428571428571429,0.35714285714285715,0.8698354767504947,0.0,3.0,2.8,0,298.18,0.0,0.0,False,False,False,False,True,False,False,True,False,False,False,False,False,False,False,False,False,False,False,False,False,False,False,False,False,False,False,False,False,False,False,False,False,False,True,False
UK,Air Fryer,2025-10-12,Home & Kitchen,0.0,298.18,,20.0,2.0,0.0,0.0,6,12,41,10,4,285,1,-0.7818314824680299,0.6234898018587334,-0.8660254037844386,0.5000000000000001,0.0,1,0.0,1,0.0,1,0.0,1,0.5714285714285714,1.1338934190276821,0.0,3.0,0.6428571428571429,0.35714285714285715,0.8698354767504947,0.0,3.0,1.5999999999999999,0,298.18,0.0,0.0,False,False,False,False,True,False,False,True,False,False,False,False,False,False,False,False,False,False,False,False,False,False,False,False,False,False,False,False,False,False,False,False,False,False,True,False
UK,Air Fryer,2025-10-13,Home & Kitchen,0.0,298.18,,20.0,2.0,0.0,0.0,0,13,42,10,4,286,0,0.0,1.0,-0.8660254037844386,0.5000000000000001,0.0,1,3.0,1,0.0,1,0.0,1,0.5714285714285714,1.1338934190276821,0.0,3.0,0.6428571428571429,0.35714285714285715,0.8698354767504947,0.0,3.0,1.5999999999999999,0,298.18,0.0,0.0,False,False,False,False,True,False,False,True,False,False,False,False,False,False,False,False,False,False,False,False,False,False,False,False,False,False,False,False,False,False,False,False,False,False,True,False
UK,Air Fryer,2025-10-14,Home & Kitchen,0.0,298.18,,20.0,2.0,0.0,0.0,1,14,42,10,4,287,0,0.7818314824680298,0.6234898018587336,-0.8660254037844386,0.5000000000000001,0.0,1,1.0,1,2.0,1,0.0,1,0.14285714285714285,0.3779644730092281,0.0,1.0,0.6428571428571429,0.35714285714285715,0.8698354767504947,0.0,3.0,0.39999999999999997,0,298.18,0.0,0.0,False,False,False,False,True,False,False,True,False,False,False,False,False,False,False,False,False,False,False,False,False,False,False,False,False,False,False,False,False,False,False,False,False,False,True,False
UK,Air Fryer,2025-10-15,Home & Kitchen,0.0,298.18,,20.0,2.0,0.0,0.0,2,15,42,10,4,288,0,0.9749279121818236,-0.22252093395631434,-0.8660254037844386,0.5000000000000001,0.0,1,0.0,1,0.0,1,1.0,1,0.0,0.0,0.0,0.0,0.5,0.35714285714285715,0.8698354767504947,0.0,3.0,0.0,0,298.18,0.0,0.0,False,False,False,False,True,False,False,True,False,False,False,False,False,False,False,False,False,False,False,False,False,False,False,False,False,False,False,False,False,False,False,False,False,False,True,False
UK,Air Fryer,2025-10-16,Home & Kitchen,1.0,237.01,0.11,20.0,2.0,1.0,0.0,3,16,42,10,4,289,0,0.43388373911755823,-0.900968867902419,-0.8660254037844386,0.5000000000000001,0.0,1,0.0,1,0.0,1,0.0,1,0.0,0.0,0.0,0.0,0.5,0.32142857142857145,0.8629652337776988,0.0,3.0,0.0,1,298.18,-61.170000000000016,-0.20514454356429007,False,False,False,False,True,False,False,True,False,False,False,False,False,False,False,False,False,False,False,False,False,False,False,False,False,False,False,False,False,False,False,False,False,False,True,False
UK,Air Fryer,2025-10-17,Home & Kitchen,0.0,237.01,,20.0,2.0,0.0,0.0,4,17,42,10,4,290,0,-0.433883739117558,-0.9009688679024191,-0.8660254037844386,0.5000000000000001,1.0,1,0.0,1,0.0,1,0.0,1,0.14285714285714285,0.3779644730092281,0.0,1.0,0.5714285714285714,0.35714285714285715,0.8698354767504947,0.0,3.0,0.39999999999999997,0,237.01,0.0,0.0,False,False,False,False,True,False,False,True,False,False,False,False,False,False,False,False,False,False,False,False,False,False,False,False,False,False,False,False,False,False,False,False,False,False,True,False
UK,Air Fryer,2025-10-18,Home & Kitchen,0.0,237.01,,20.0,2.0,0.0,0.0,5,18,42,10,4,291,1,-0.9749279121818236,-0.2225209339563146,-0.8660254037844386,0.5000000000000001,0.0,1,0.0,1,3.0,1,0.0,1,0.14285714285714285,0.37796447300922814,0.0,1.0,0.5714285714285714,0.35714285714285715,0.8698354767504947,0.0,3.0,0.39999999999999997,0,237.01,0.0,0.0,False,False,False,False,True,False,False,True,False,False,False,False,False,False,False,False,False,False,False,False,False,False,False,False,False,False,False,False,False,False,False,False,False,False,True,False
UK,Air Fryer,2025-10-19,Home & Kitchen,0.0,237.01,,20.0,2.0,0.0,0.0,6,19,42,10,4,292,1,-0.7818314824680299,0.6234898018587334,-0.8660254037844386,0.5000000000000001,0.0,1,0.0,1,0.0,1,0.0,1,0.14285714285714285,0.37796447300922814,0.0,1.0,0.35714285714285715,0.35714285714285715,0.8698354767504947,0.0,3.0,0.39999999999999997,0,237.01,0.0,0.0,False,False,False,False,True,False,False,True,False,False,False,False,False,False,False,False,False,False,False,False,False,False,False,False,False,False,False,False,False,False,False,False,False,False,True,False
UK,Air Fryer,2025-10-20,Home & Kitchen,0.0,237.01,,20.0,2.0,0.0,0.0,0,20,43,10,4,293,0,0.0,1.0,-0.8660254037844386,0.5000000000000001,0.0,1,0.0,1,3.0,1,0.0,1,0.14285714285714285,0.37796447300922814,0.0,1.0,0.35714285714285715,0.35714285714285715,0.8698354767504947,0.0,3.0,0.39999999999999997,0,237.01,0.0,0.0,False,False,False,False,True,False,False,True,False,False,False,False,False,False,False,False,False,False,False,False,False,False,False,False,False,False,False,False,False,False,False,False,False,False,True,False
UK,Air Fryer,2025-10-21,Home & Kitchen,0.0,237.01,,20.0,2.0,0.0,0.0,1,21,43,10,4,294,0,0.7818314824680298,0.6234898018587336,-0.8660254037844386,0.5000000000000001,0.0,1,0.0,1,1.0,1,0.0,1,0.14285714285714285,0.37796447300922814,0.0,1.0,0.14285714285714285,0.35714285714285715,0.8698354767504947,0.0,3.0,0.39999999999999997,0,237.01,0.0,0.0,False,False,False,False,True,False,False,True,False,False,False,False,False,False,False,False,False,False,False,False,False,False,False,False,False,False,False,False,False,False,False,False,False,False,True,False
UK,Air Fryer,2025-10-22,Home & Kitchen,0.0,237.01,,20.0,2.0,0.0,0.0,2,22,43,10,4,295,0,0.9749279121818236,-0.22252093395631434,-0.8660254037844386,0.5000000000000001,0.0,1,0.0,1,0.0,1,0.0,1,0.14285714285714285,0.37796447300922814,0.0,1.0,0.07142857142857142,0.35714285714285715,0.8698354767504947,0.0,3.0,0.39999999999999997,0,237.01,0.0,0.0,False,False,False,False,True,False,False,True,False,False,False,False,False,False,False,False,False,False,False,False,False,False,False,False,False,False,False,False,False,False,False,False,False,False,True,False
UK,Air Fryer,2025-10-23,Home & Kitchen,0.0,237.01,,20.0,2.0,0.0,0.0,3,23,43,10,4,296,0,0.43388373911755823,-0.900968867902419,-0.8660254037844386,0.5000000000000001,0.0,1,1.0,1,0.0,1,0.0,1,0.14285714285714285,0.37796447300922814,0.0,1.0,0.07142857142857142,0.35714285714285715,0.8698354767504947,0.0,3.0,0.39999999999999997,0,237.01,0.0,0.0,False,False,False,False,True,False,False,True,False,False,False,False,False,False,False,False,False,False,False,False,False,False,False,False,False,False,False,False,False,False,False,False,False,False,True,False
UK,Air Fryer,2025-10-24,Home & Kitchen,0.0,237.01,,20.0,2.0,0.0,0.0,4,24,43,10,4,297,0,-0.433883739117558,-0.9009688679024191,-0.8660254037844386,0.5000000000000001,0.0,1,0.0,1,0.0,1,0.0,1,0.0,0.0,0.0,0.0,0.07142857142857142,0.35714285714285715,0.8698354767504947,0.0,3.0,0.0,0,237.01,0.0,0.0,False,False,False,False,True,False,False,True,False,False,False,False,False,False,False,False,False,False,False,False,False,False,False,False,False,False,False,False,False,False,False,False,False,False,True,False
UK,Air Fryer,2025-10-25,Home & Kitchen,6.0,79.995,0.02,20.0,2.0,1.0,1.0,5,25,43,10,4,298,1,-0.9749279121818236,-0.2225209339563146,-0.8660254037844386,0.5000000000000001,0.0,1,0.0,1,0.0,1,0.0,1,0.0,0.0,0.0,0.0,0.07142857142857142,0.35714285714285715,0.8698354767504947,0.0,3.0,0.0,1,237.01,-157.015,-0.6624825956710687,False,False,False,False,True,False,False,True,False,False,False,False,False,False,False,False,False,False,False,False,False,False,False,False,False,False,False,False,False,False,False,False,False,False,True,False
UK,Air Fryer,2025-10-26,Home & Kitchen,0.0,79.995,,20.0,2.0,0.0,0.0,6,26,43,10,4,299,1,-0.7818314824680299,0.6234898018587334,-0.8660254037844386,0.5000000000000001,6.0,1,0.0,1,0.0,1,0.0,1,0.8571428571428571,2.267786838055364,0.0,6.0,0.5,0.5714285714285714,1.3724423061090352,0.0,6.0,1.5,0,79.995,0.0,0.0,False,False,False,False,True,False,False,True,False,False,False,False,False,False,False,False,False,False,False,False,False,False,False,False,False,False,False,False,False,False,False,False,False,False,True,False
UK,Air Fryer,2025-10-27,Home & Kitchen,0.0,79.995,,20.0,2.0,0.0,0.0,0,27,44,10,4,300,0,0.0,1.0,-0.8660254037844386,0.5000000000000001,0.0,1,0.0,1,0.0,1,0.0,1,0.8571428571428571,2.267786838055364,0.0,6.0,0.5,0.5714285714285714,1.3724423061090352,0.0,6.0,1.5,0,79.995,0.0,0.0,False,False,False,False,True,False,False,True,False,False,False,False,False,False,False,False,False,False,False,False,False,False,False,False,False,False,False,False,False,False,False,False,False,False,True,False
UK,Air Fryer,2025-10-28,Home & Kitchen,0.0,79.995,,20.0,2.0,0.0,0.0,1,28,44,10,4,301,0,0.7818314824680298,0.6234898018587336,-0.8660254037844386,0.5000000000000001,0.0,1,0.0,1,0.0,1,2.0,1,0.8571428571428571,2.267786838055364,0.0,6.0,0.5,0.5714285714285714,1.3724423061090352,0.0,6.0,1.5,0,79.995,0.0,0.0,False,False,False,False,True,False,False,True,False,False,False,False,False,False,False,False,False,False,False,False,False,False,False,False,False,False,False,False,False,False,False,False,False,False,True,False
UK,Air Fryer,2025-10-29,Home & Kitchen,0.0,79.995,,20.0,2.0,0.0,0.0,2,29,44,10,4,302,0,0.9749279121818236,-0.22252093395631434,-0.8660254037844386,0.5000000000000001,0.0,1,0.0,1,0.0,1,0.0,1,0.8571428571428571,2.267786838055364,0.0,6.0,0.5,0.5,1.347150628109128,0.0,6.0,1.7142857142857142,0,79.995,0.0,0.0,False,False,False,False,True,False,False,True,False,False,False,False,False,False,False,False,False,False,False,False,False,False,False,False,False,False,False,False,False,False,False,False,False,False,True,False
UK,Air Fryer,2025-10-30,Home & Kitchen,1.0,195.56,0.13,20.0,2.0,1.0,0.0,3,30,44,10,4,303,0,0.43388373911755823,-0.900968867902419,-0.8660254037844386,0.5000000000000001,0.0,1,0.0,1,1.0,1,0.0,1,0.8571428571428571,2.267786838055364,0.0,6.0,0.5,0.5,1.347150628109128,0.0,6.0,1.7142857142857142,1,79.995,115.565,1.4446527907994249,False,False,False,False,True,False,False,True,False,False,False,False,False,False,False,False,False,False,False,False,False,False,False,False,False,False,False,False,False,False,False,False,False,False,True,False
UK,Air Fryer,2025-10-31,Home & Kitchen,0.0,195.56,,20.0,2.0,0.0,0.0,4,31,44,10,4,304,0,-0.433883739117558,-0.9009688679024191,-0.8660254037844386,0.5000000000000001,1.0,1,0.0,1,0.0,1,0.0,1,1.0,2.2360679774997902,0.0,6.0,0.5,0.5357142857142857,1.3466595945123128,0.0,6.0,1.8666666666666667,0,195.56,0.0,0.0,False,False,False,False,True,False,False,True,False,False,False,False,False,False,False,False,False,False,False,False,False,False,False,False,False,False,False,False,False,False,False,False,False,False,True,False
UK,Air Fryer,2025-11-01,Home & Kitchen,8.0,178.555,0.27,20.0,2.0,1.0,1.0,5,1,44,11,4,305,1,-0.9749279121818236,-0.2225209339563146,-0.5000000000000004,0.8660254037844384,0.0,1,6.0,1,0.0,1,3.0,1,1.0,2.2360679774997902,0.0,6.0,0.5,0.5357142857142857,1.3466595945123128,0.0,6.0,1.8666666666666667,1,195.56,-17.004999999999995,-0.08695541010431579,False,False,False,False,True,False,False,True,False,False,False,False,False,False,False,False,False,False,False,False,False,False,False,False,False,False,False,False,False,False,False,False,False,False,True,False
UK,Air Fryer,2025-11-02,Home & Kitchen,5.0,140.1,0.27,20.0,2.0,1.0,1.0,6,2,44,11,4,306,1,-0.7818314824680299,0.6234898018587334,-0.5000000000000004,0.8660254037844384,8.0,1,0.0,1,0.0,1,0.0,1,1.2857142857142858,2.9840847683606286,0.0,8.0,1.0714285714285714,0.7142857142857143,1.9023794624226842,0.0,8.0,1.8,1,178.555,-38.45500000000001,-0.21536781383887324,False,False,False,False,True,False,False,True,False,False,False,False,False,False,False,False,False,False,False,False,False,False,False,False,False,False,False,False,False,False,False,False,False,False,True,False
UK,Air Fryer,2025-11-03,Home & Kitchen,0.0,140.1,,20.0,2.0,0.0,0.0,0,3,45,11,4,307,0,0.0,1.0,-0.5000000000000004,0.8660254037844384,5.0,1,0.0,1,0.0,1,3.0,1,2.0,3.214550253664319,0.0,8.0,1.4285714285714286,0.8928571428571429,2.060911084291241,0.0,8.0,2.2399999999999998,0,140.1,0.0,0.0,False,False,False,False,True,False,False,True,False,False,False,False,False,False,False,False,False,False,False,False,False,False,False,False,False,False,False,False,False,False,False,False,False,False,True,False
UK,Air Fryer,2025-11-04,Home & Kitchen,10.0,93.49000000000001,0.17,20.0,2.0,1.0,1.0,1,4,45,11,4,308,0,0.7818314824680298,0.6234898018587336,-0.5000000000000004,0.8660254037844384,0.0,1,0.0,1,0.0,1,1.0,1,2.0,3.214550253664319,0.0,8.0,1.4285714285714286,0.7857142857142857,2.0249763209798535,0.0,8.0,2.5454545454545454,1,140.1,-46.609999999999985,-0.33269093504639535,False,False,False,False,True,False,False,True,False,False,False,False,False,False,False,False,False,False,False,False,False,False,False,False,False,False,False,False,False,False,False,False,False,False,True,False
UK,Air Fryer,2025-11-05,Home & Kitchen,0.0,93.49000000000001,,20.0,2.0,0.0,0.0,2,5,45,11,4,309,0,0.9749279121818236,-0.22252093395631434,-0.5000000000000004,0.8660254037844384,10.0,1,0.0,1,0.0,1,0.0,1,3.4285714285714284,4.2370250120079485,0.0,10.0,2.142857142857143,1.1071428571428572,2.67137481201036,0.0,10.0,3.0967741935483866,0,93.49000000000001,0.0,0.0,False,False,False,False,True,False,False,True,False,False,False,False,False,False,False,False,False,False,False,False,False,False,False,False,False,False,False,False,False,False,False,False,False,False,True,False
UK,Air Fryer,2025-11-06,Home & Kitchen,0.0,93.49000000000001,,20.0,2.0,0.0,0.0,3,6,45,11,4,310,0,0.43388373911755823,-0.900968867902419,-0.5000000000000004,0.8660254037844384,0.0,1,1.0,1,0.0,1,0.0,1,3.4285714285714284,4.2370250120079485,0.0,10.0,2.142857142857143,1.1071428571428572,2.67137481201036,0.0,10.0,3.0967741935483866,0,93.49000000000001,0.0,0.0,False,False,False,False,True,False,False,True,False,False,False,False,False,False,False,False,False,False,False,False,False,False,False,False,False,False,False,False,False,False,False,False,False,False,True,False
UK,Air Fryer,2025-11-07,Home & Kitchen,0.0,93.49000000000001,,20.0,2.0,0.0,0.0,4,7,45,11,4,311,0,-0.433883739117558,-0.9009688679024191,-0.5000000000000004,0.8660254037844384,0.0,1,0.0,1,0.0,1,0.0,1,3.2857142857142856,4.347960660443228,0.0,10.0,2.142857142857143,1.1071428571428572,2.67137481201036,0.0,10.0,2.9677419354838706,0,93.49000000000001,0.0,0.0,False,False,False,False,True,False,False,True,False,False,False,False,False,False,False,False,False,False,False,False,False,False,False,False,False,False,False,False,False,False,False,False,False,False,True,False
UK,Air Fryer,2025-11-08,Home & Kitchen,0.0,93.49000000000001,,20.0,2.0,0.0,0.0,5,8,45,11,4,312,1,-0.9749279121818236,-0.2225209339563146,-0.5000000000000004,0.8660254037844384,0.0,1,8.0,1,6.0,1,0.0,1,3.2857142857142856,4.347960660443228,0.0,10.0,2.142857142857143,1.1071428571428572,2.67137481201036,0.0,10.0,2.9677419354838706,0,93.49000000000001,0.0,0.0,False,False,False,False,True,False,False,True,False,False,False,False,False,False,False,False,False,False,False,False,False,False,False,False,False,False,False,False,False,False,False,False,False,False,True,False
UK,Air Fryer,2025-11-09,Home & Kitchen,0.0,93.49000000000001,,20.0,2.0,0.0,0.0,6,9,45,11,4,313,1,-0.7818314824680299,0.6234898018587334,-0.5000000000000004,0.8660254037844384,0.0,1,5.0,1,0.0,1,0.0,1,2.142857142857143,3.9339789623472163,0.0,10.0,1.7142857142857142,1.1071428571428572,2.67137481201036,0.0,10.0,1.9354838709677418,0,93.49000000000001,0.0,0.0,False,False,False,False,True,False,False,True,False,False,False,False,False,False,False,False,False,False,False,False,False,False,False,False,False,False,False,False,False,False,False,False,False,False,True,False
UK,Air Fryer,2025-11-10,Home & Kitchen,0.0,93.49000000000001,,20.0,2.0,0.0,0.0,0,10,46,11,4,314,0,0.0,1.0,-0.5000000000000004,0.8660254037844384,0.0,1,0.0,1,0.0,1,0.0,1,1.4285714285714286,3.7796447300922726,0.0,10.0,1.7142857142857142,1.1071428571428572,2.67137481201036,0.0,10.0,1.2903225806451613,0,93.49000000000001,0.0,0.0,False,False,False,False,True,False,False,True,False,False,False,False,False,False,False,False,False,False,False,False,False,False,False,False,False,False,False,False,False,False,False,False,False,False,True,False
UK,Air Fryer,2025-11-11,Home & Kitchen,0.0,93.49000000000001,,20.0,2.0,0.0,0.0,1,11,46,11,4,315,0,0.7818314824680298,0.6234898018587336,-0.5000000000000004,0.8660254037844384,0.0,1,10.0,1,0.0,1,0.0,1,1.4285714285714286,3.7796447300922726,0.0,10.0,1.7142857142857142,1.1071428571428572,2.67137481201036,0.0,10.0,1.2903225806451613,0,93.49000000000001,0.0,0.0,False,False,False,False,True,False,False,True,False,False,False,False,False,False,False,False,False,False,False,False,False,False,False,False,False,False,False,False,False,False,False,False,False,False,True,False
UK,Air Fryer,2025-11-12,Home & Kitchen,4.0,79.37,0.17,20.0,2.0,1.0,0.0,2,12,46,11,4,316,0,0.9749279121818236,-0.22252093395631434,-0.5000000000000004,0.8660254037844384,0.0,1,0.0,1,0.0,1,0.0,1,0.0,0.0,0.0,0.0,1.7142857142857142,1.1071428571428572,2.67137481201036,0.0,10.0,0.0,1,93.49000000000001,-14.120000000000005,-0.15103219595678685,False,False,False,False,True,False,False,True,False,False,False,False,False,False,False,False,False,False,False,False,False,False,False,False,False,False,False,False,False,False,False,False,False,False,True,False
UK,Air Fryer,2025-11-13,Home & Kitchen,0.0,79.37,,20.0,2.0,0.0,0.0,3,13,46,11,4,317,0,0.43388373911755823,-0.900968867902419,-0.5000000000000004,0.8660254037844384,4.0,1,0.0,1,1.0,1,1.0,1,0.5714285714285714,1.5118578920369106,0.0,4.0,2.0,1.25,2.716547372977256,0.0,10.0,0.45714285714285713,0,79.37,0.0,0.0,False,False,False,False,True,False,False,True,False,False,False,False,False,False,False,False,False,False,False,False,False,False,False,False,False,False,False,False,False,False,False,False,False,False,True,False
UK,Air Fryer,2025-11-14,Home & Kitchen,0.0,79.37,,20.0,2.0,0.0,0.0,4,14,46,11,4,318,0,-0.433883739117558,-0.9009688679024191,-0.5000000000000004,0.8660254037844384,0.0,1,0.0,1,0.0,1,0.0,1,0.5714285714285714,1.5118578920369106,0.0,4.0,1.9285714285714286,1.2142857142857142,2.726511036812878,0.0,10.0,0.47058823529411764,0,79.37,0.0,0.0,False,False,False,False,True,False,False,True,False,False,False,False,False,False,False,False,False,False,False,False,False,False,False,False,False,False,False,False,False,False,False,False,False,False,True,False
UK,Air Fryer,2025-11-15,Home & Kitchen,2.0,268.81,0.18,20.0,2.0,1.0,0.0,5,15,46,11,4,319,1,-0.9749279121818236,-0.2225209339563146,-0.5000000000000004,0.8660254037844384,0.0,1,0.0,1,8.0,1,0.0,1,0.5714285714285714,1.5118578920369106,0.0,4.0,1.9285714285714286,1.2142857142857142,2.726511036812878,0.0,10.0,0.47058823529411764,1,79.37,189.44,2.3867960186468435,False,False,False,False,True,False,False,True,False,False,False,False,False,False,False,False,False,False,False,False,False,False,False,False,False,False,False,False,False,False,False,False,False,False,True,False
UK,Air Fryer,2025-11-16,Home & Kitchen,0.0,268.81,,20.0,2.0,0.0,0.0,6,16,46,11,4,320,1,-0.7818314824680299,0.6234898018587334,-0.5000000000000004,0.8660254037844384,2.0,1,0.0,1,5.0,1,0.0,1,0.8571428571428571,1.573591584938888,0.0,4.0,1.5,1.2857142857142858,2.719710535484502,0.0,10.0,0.6666666666666666,0,268.81,0.0,0.0,False,False,False,False,True,False,False,True,False,False,False,False,False,False,False,False,False,False,False,False,False,False,False,False,False,False,False,False,False,False,False,False,False,False,True,False
UK,Air Fryer,2025-11-17,Home & Kitchen,4.0,221.92,0.22,20.0,2.0,1.0,0.0,0,17,47,11,4,321,0,0.0,1.0,-0.5000000000000004,0.8660254037844384,0.0,1,0.0,1,0.0,1,0.0,1,0.8571428571428571,1.573591584938888,0.0,4.0,1.1428571428571428,1.2857142857142858,2.719710535484502,0.0,10.0,0.6666666666666666,1,268.81,-46.890000000000015,-0.17443547487072658,False,False,False,False,True,False,False,True,False,False,False,False,False,False,False,False,False,False,False,False,False,False,False,False,False,False,False,False,False,False,False,False,False,False,True,False
UK,Air Fryer,2025-11-18,Home & Kitchen,6.0,129.03,0.26,20.0,2.0,1.0,1.0,1,18,47,11,4,322,0,0.7818314824680298,0.6234898018587336,-0.5000000000000004,0.8660254037844384,4.0,1,0.0,1,10.0,1,0.0,1,1.4285714285714286,1.902379462422685,0.0,4.0,1.4285714285714286,1.4285714285714286,2.754505688377061,0.0,10.0,1.0,1,221.92,-92.88999999999999,-0.4185742609949531,False,False,False,False,True,False,False,True,False,False,False,False,False,False,False,False,False,False,False,False,False,False,False,False,False,False,False,False,False,False,False,False,False,False,True,False
UK,Air Fryer,2025-11-19,Home & Kitchen,4.0,162.07,0.17,20.0,2.0,1.0,0.0,2,19,47,11,4,323,0,0.9749279121818236,-0.22252093395631434,-0.5000000000000004,0.8660254037844384,6.0,1,4.0,1,0.0,1,0.0,1,2.2857142857142856,2.429971585175825,0.0,6.0,1.1428571428571428,1.6428571428571428,2.8702082220799308,0.0,10.0,1.391304347826087,1,129.03,33.03999999999999,0.2560644811284197,False,False,False,False,True,False,False,True,False,False,False,False,False,False,False,False,False,False,False,False,False,False,False,False,False,False,False,False,False,False,False,False,False,False,True,False
UK,Air Fryer,2025-11-20,Home & Kitchen,9.0,151.1,0.28,20.0,2.0,1.0,1.0,3,20,47,11,4,324,0,0.43388373911755823,-0.900968867902419,-0.5000000000000004,0.8660254037844384,4.0,1,0.0,1,0.0,1,0.0,1,2.2857142857142856,2.429971585175825,0.0,6.0,1.4285714285714286,1.7857142857142858,2.8849179057212915,0.0,10.0,1.2799999999999998,1,162.07,-10.969999999999999,-0.06768680199913617,False,False,False,False,True,False,False,True,False,False,False,False,False,False,False,False,False,False,False,False,False,False,False,False,False,False,False,False,False,False,False,False,False,False,True,False
UK,Air Fryer,2025-11-21,Home & Kitchen,0.0,151.1,,20.0,2.0,0.0,0.0,4,21,47,11,4,325,0,-0.433883739117558,-0.9009688679024191,-0.5000000000000004,0.8660254037844384,9.0,1,0.0,1,0.0,1,0.0,1,3.5714285714285716,3.258688021128691,0.0,9.0,2.0714285714285716,2.107142857142857,3.1662489281691473,0.0,10.0,1.6949152542372883,0,151.1,0.0,0.0,False,False,False,False,True,False,False,True,False,False,False,False,False,False,False,False,False,False,False,False,False,False,False,False,False,False,False,False,False,False,False,False,False,False,True,False
UK,Air Fryer,2025-11-22,Home & Kitchen,0.0,151.1,,20.0,2.0,0.0,0.0,5,22,47,11,4,326,1,-0.9749279121818236,-0.2225209339563146,-0.5000000000000004,0.8660254037844384,0.0,1,2.0,1,0.0,1,6.0,1,3.5714285714285716,3.258688021128691,0.0,9.0,2.0714285714285716,2.107142857142857,3.1662489281691473,0.0,10.0,1.6949152542372883,0,151.1,0.0,0.0,False,False,False,False,True,False,False,True,False,False,False,False,False,False,False,False,False,False,False,False,False,False,False,False,False,False,False,False,False,False,False,False,False,False,True,False
UK,Air Fryer,2025-11-23,Home & Kitchen,5.0,100.51,0.21,20.0,2.0,1.0,1.0,6,23,47,11,4,327,1,-0.7818314824680299,0.6234898018587334,-0.5000000000000004,0.8660254037844384,0.0,1,0.0,1,0.0,1,0.0,1,3.2857142857142856,3.498298906339372,0.0,9.0,2.0714285714285716,1.8928571428571428,3.0952686201181034,0.0,10.0,1.7358490566037736,1,151.1,-50.58999999999999,-0.33481138318994036,False,False,False,False,True,False,False,True,False,False,False,False,False,False,False,False,False,False,False,False,False,False,False,False,False,False,False,False,False,False,False,False,False,False,True,False
UK,Air Fryer,2025-11-24,Home & Kitchen,4.0,258.72,0.17,20.0,2.0,1.0,0.0,0,24,48,11,4,328,0,0.0,1.0,-0.5000000000000004,0.8660254037844384,5.0,1,4.0,1,0.0,1,0.0,1,4.0,3.2145502536643193,0.0,9.0,2.4285714285714284,2.0714285714285716,3.126097690809865,0.0,10.0,1.9310344827586206,1,100.51,158.21000000000004,1.5740722316187448,False,False,False,False,True,False,False,True,False,False,False,False,False,False,False,False,False,False,False,False,False,False,False,False,False,False,False,False,False,False,False,False,False,False,True,False
UK,Air Fryer,2025-11-25,Home & Kitchen,2.0,127.34,0.21,20.0,2.0,1.0,0.0,1,25,48,11,4,329,0,0.7818314824680298,0.6234898018587336,-0.5000000000000004,0.8660254037844384,4.0,1,6.0,1,0.0,1,0.0,1,4.0,3.2145502536643193,0.0,9.0,2.7142857142857144,2.2142857142857144,3.1193202352690124,0.0,10.0,1.8064516129032258,1,258.72,-131.38000000000002,-0.5078076685219542,False,False,False,False,True,False,False,True,False,False,False,False,False,False,False,False,False,False,False,False,False,False,False,False,False,False,False,False,False,False,False,False,False,False,True,False
