store_id,product_id,date,category,sales,price,Discount_Applied,safety_stock,lead_time_days,promotion,is_outlier,day_of_week,day_of_month,week_of_year,month,quarter,day_of_year,is_weekend,sin_day_of_week,cos_day_of_week,sin_month,cos_month,lag_1,has_lag_1,lag_7,has_lag_7,lag_14,has_lag_14,lag_28,has_lag_28,rolling_mean_7,rolling_std_7,rolling_min_7,rolling_max_7,rolling_mean_14,rolling_mean_28,rolling_std_28,rolling_min_28,rolling_max_28,trend_ratio,is_promotion,previous_price,price_change,price_change_pct,store_id_Germany,store_id_India,store_id_Pakistan,store_id_UAE,store_id_UK,store_id_USA,product_id_4K Smart TV,product_id_Air Fryer,product_id_Blender,product_id_Coffee Maker,product_id_Cotton T-Shirt,product_id_Cycling Helmet,product_id_Denim Jeans,product_id_Dumbbell Set,product_id_Face Wash,product_id_Football,product_id_Formal Shirt,product_id_Gaming Laptop,product_id_Hair Serum,product_id_Lipstick Set,product_id_Microwave Oven,product_id_Moisturizing Cream,product_id_Perfume,product_id_Running Shoes,product_id_Smartphone 128GB,product_id_Smartwatch,product_id_Tennis Racket,product_id_Vacuum Cleaner,product_id_Winter Jacket,product_id_Wireless Noise-Canceling Headphones,product_id_Yoga Mat,category_Apparel,category_Beauty,category_Electronics,category_Home & Kitchen,category_Sports
UAE,Smartwatch,2025-05-23,Electronics,0.0,1400.25,,20.0,2.0,0.0,0.0,4,23,21,5,2,143,0,-0.433883739117558,-0.9009688679024191,0.49999999999999994,-0.8660254037844387,0.0,1,0.0,1,0.0,1,0.0,1,0.5714285714285714,1.1338934190276855,0.0,3.0,0.35714285714285715,0.7142857142857143,1.1818736805705576,0.0,3.0,0.7999999999999999,0,1400.25,0.0,0.0,False,False,False,True,False,False,False,False,False,False,False,False,False,False,False,False,False,False,False,False,False,False,False,False,False,True,False,False,False,False,False,False,False,True,False,False
UAE,Smartwatch,2025-05-24,Electronics,0.0,1400.25,,20.0,2.0,0.0,0.0,5,24,21,5,2,144,1,-0.9749279121818236,-0.2225209339563146,0.49999999999999994,-0.8660254037844387,0.0,1,0.0,1,0.0,1,0.0,1,0.5714285714285714,1.1338934190276855,0.0,3.0,0.35714285714285715,0.7142857142857143,1.1818736805705576,0.0,3.0,0.7999999999999999,0,1400.25,0.0,0.0,False,False,False,True,False,False,False,False,False,False,False,False,False,False,False,False,False,False,False,False,False,False,False,False,False,True,False,False,False,False,False,False,False,True,False,False
UAE,Smartwatch,2025-05-25,Electronics,0.0,1400.25,,20.0,2.0,0.0,0.0,6,25,21,5,2,145,1,-0.7818314824680299,0.6234898018587334,0.49999999999999994,-0.8660254037844387,0.0,1,1.0,1,0.0,1,2.0,1,0.5714285714285714,1.1338934190276855,0.0,3.0,0.35714285714285715,0.7142857142857143,1.1818736805705576,0.0,3.0,0.7999999999999999,0,1400.25,0.0,0.0,False,False,False,True,False,False,False,False,False,False,False,False,False,False,False,False,False,False,False,False,False,False,False,False,False,True,False,False,False,False,False,False,False,True,False,False
UAE,Smartwatch,2025-05-26,Electronics,1.0,1359.03,0.08,20.0,2.0,1.0,0.0,0,26,22,5,2,146,0,0.0,1.0,0.49999999999999994,-0.8660254037844387,0.0,1,0.0,1,0.0,1,0.0,1,0.42857142857142855,1.1338934190276853,0.0,3.0,0.35714285714285715,0.6428571428571429,1.161553420728616,0.0,3.0,0.6666666666666666,1,1400.25,-41.22000000000003,-0.029437600428494932,False,False,False,True,False,False,False,False,False,False,False,False,False,False,False,False,False,False,False,False,False,False,False,False,False,True,False,False,False,False,False,False,False,True,False,False
UAE,Smartwatch,2025-05-27,Electronics,0.0,1359.03,,20.0,2.0,0.0,0.0,1,27,22,5,2,147,0,0.7818314824680298,0.6234898018587336,0.49999999999999994,-0.8660254037844387,1.0,1,0.0,1,0.0,1,3.0,1,0.5714285714285714,1.1338934190276855,0.0,3.0,0.42857142857142855,0.6785714285714286,1.156417566150561,0.0,3.0,0.8421052631578947,0,1359.03,0.0,0.0,False,False,False,True,False,False,False,False,False,False,False,False,False,False,False,False,False,False,False,False,False,False,False,False,False,True,False,False,False,False,False,False,False,True,False,False
UAE,Smartwatch,2025-05-28,Electronics,0.0,1359.03,,20.0,2.0,0.0,0.0,2,28,22,5,2,148,0,0.9749279121818236,-0.22252093395631434,0.49999999999999994,-0.8660254037844387,0.0,1,3.0,1,0.0,1,3.0,1,0.5714285714285714,1.1338934190276855,0.0,3.0,0.42857142857142855,0.5714285714285714,1.0690449676496976,0.0,3.0,1.0,0,1359.03,0.0,0.0,False,False,False,True,False,False,False,False,False,False,False,False,False,False,False,False,False,False,False,False,False,False,False,False,False,True,False,False,False,False,False,False,False,True,False,False
UAE,Smartwatch,2025-05-29,Electronics,3.0,952.98,0.03,20.0,2.0,1.0,0.0,3,29,22,5,2,149,0,0.43388373911755823,-0.900968867902419,0.49999999999999994,-0.8660254037844387,0.0,1,0.0,1,1.0,1,0.0,1,0.14285714285714285,0.3779644730092371,0.0,1.0,0.42857142857142855,0.4642857142857143,0.9615628812527942,0.0,3.0,0.30769230769230765,1,1359.03,-406.04999999999995,-0.29877927639566454,False,False,False,True,False,False,False,False,False,False,False,False,False,False,False,False,False,False,False,False,False,False,False,False,False,True,False,False,False,False,False,False,False,True,False,False
UAE,Smartwatch,2025-05-30,Electronics,0.0,952.98,,20.0,2.0,0.0,0.0,4,30,22,5,2,150,0,-0.433883739117558,-0.9009688679024191,0.49999999999999994,-0.8660254037844387,3.0,1,0.0,1,0.0,1,0.0,1,0.5714285714285714,1.1338934190276855,0.0,3.0,0.5714285714285714,0.5714285714285714,1.0690449676496976,0.0,3.0,1.0,0,952.98,0.0,0.0,False,False,False,True,False,False,False,False,False,False,False,False,False,False,False,False,False,False,False,False,False,False,False,False,False,True,False,False,False,False,False,False,False,True,False,False
UAE,Smartwatch,2025-05-31,Electronics,0.0,952.98,,20.0,2.0,0.0,0.0,5,31,22,5,2,151,1,-0.9749279121818236,-0.2225209339563146,0.49999999999999994,-0.8660254037844387,0.0,1,0.0,1,0.0,1,0.0,1,0.5714285714285714,1.1338934190276855,0.0,3.0,0.5714285714285714,0.5714285714285714,1.0690449676496976,0.0,3.0,1.0,0,952.98,0.0,0.0,False,False,False,True,False,False,False,False,False,False,False,False,False,False,False,False,False,False,False,False,False,False,False,False,False,True,False,False,False,False,False,False,False,True,False,False
UAE,Smartwatch,2025-06-01,Electronics,0.0,952.98,,20.0,2.0,0.0,0.0,6,1,22,6,2,152,1,-0.7818314824680299,0.6234898018587334,1.2246467991473532e-16,-1.0,0.0,1,0.0,1,1.0,1,3.0,1,0.5714285714285714,1.1338934190276855,0.0,3.0,0.5714285714285714,0.5714285714285714,1.0690449676496976,0.0,3.0,1.0,0,952.98,0.0,0.0,False,False,False,True,False,False,False,False,False,False,False,False,False,False,False,False,False,False,False,False,False,False,False,False,False,True,False,False,False,False,False,False,False,True,False,False
UAE,Smartwatch,2025-06-02,Electronics,0.0,952.98,,20.0,2.0,0.0,0.0,0,2,23,6,2,153,0,0.0,1.0,1.2246467991473532e-16,-1.0,0.0,1,1.0,1,0.0,1,1.0,1,0.5714285714285714,1.1338934190276855,0.0,3.0,0.5,0.4642857142857143,0.9615628812527942,0.0,3.0,1.2307692307692306,0,952.98,0.0,0.0,False,False,False,True,False,False,False,False,False,False,False,False,False,False,False,False,False,False,False,False,False,False,False,False,False,True,False,False,False,False,False,False,False,True,False,False
UAE,Smartwatch,2025-06-03,Electronics,0.0,952.98,,20.0,2.0,0.0,0.0,1,3,23,6,2,154,0,0.7818314824680298,0.6234898018587336,1.2246467991473532e-16,-1.0,0.0,1,0.0,1,0.0,1,0.0,1,0.42857142857142855,1.1338934190276853,0.0,3.0,0.5,0.42857142857142855,0.9594972228385663,0.0,3.0,1.0,0,952.98,0.0,0.0,False,False,False,True,False,False,False,False,False,False,False,False,False,False,False,False,False,False,False,False,False,False,False,False,False,True,False,False,False,False,False,False,False,True,False,False
UAE,Smartwatch,2025-06-04,Electronics,0.0,952.98,,20.0,2.0,0.0,0.0,2,4,23,6,2,155,0,0.9749279121818236,-0.22252093395631434,1.2246467991473532e-16,-1.0,0.0,1,0.0,1,3.0,1,0.0,1,0.42857142857142855,1.1338934190276853,0.0,3.0,0.5,0.42857142857142855,0.9594972228385663,0.0,3.0,1.0,0,952.98,0.0,0.0,False,False,False,True,False,False,False,False,False,False,False,False,False,False,False,False,False,False,False,False,False,False,False,False,False,True,False,False,False,False,False,False,False,True,False,False
UAE,Smartwatch,2025-06-05,Electronics,0.0,952.98,,20.0,2.0,0.0,0.0,3,5,23,6,2,156,0,0.43388373911755823,-0.900968867902419,1.2246467991473532e-16,-1.0,0.0,1,3.0,1,0.0,1,3.0,1,0.42857142857142855,1.1338934190276853,0.0,3.0,0.2857142857142857,0.42857142857142855,0.9594972228385663,0.0,3.0,1.0,0,952.98,0.0,0.0,False,False,False,True,False,False,False,False,False,False,False,False,False,False,False,False,False,False,False,False,False,False,False,False,False,True,False,False,False,False,False,False,False,True,False,False
UAE,Smartwatch,2025-06-06,Electronics,0.0,952.98,,20.0,2.0,0.0,0.0,4,6,23,6,2,157,0,-0.433883739117558,-0.9009688679024191,1.2246467991473532e-16,-1.0,0.0,1,0.0,1,0.0,1,0.0,1,0.0,0.0,0.0,0.0,0.2857142857142857,0.32142857142857145,0.8189230248533264,0.0,3.0,0.0,0,952.98,0.0,0.0,False,False,False,True,False,False,False,False,False,False,False,False,False,False,False,False,False,False,False,False,False,False,False,False,False,True,False,False,False,False,False,False,False,True,False,False
UAE,Smartwatch,2025-06-07,Electronics,0.0,952.98,,20.0,2.0,0.0,0.0,5,7,23,6,2,158,1,-0.9749279121818236,-0.2225209339563146,1.2246467991473532e-16,-1.0,0.0,1,0.0,1,0.0,1,0.0,1,0.0,0.0,0.0,0.0,0.2857142857142857,0.32142857142857145,0.8189230248533264,0.0,3.0,0.0,0,952.98,0.0,0.0,False,False,False,True,False,False,False,False,False,False,False,False,False,False,False,False,False,False,False,False,False,False,False,False,False,True,False,False,False,False,False,False,False,True,False,False
UAE,Smartwatch,2025-06-08,Electronics,0.0,952.98,,20.0,2.0,0.0,0.0,6,8,23,6,2,159,1,-0.7818314824680299,0.6234898018587334,1.2246467991473532e-16,-1.0,0.0,1,0.0,1,0.0,1,0.0,1,0.0,0.0,0.0,0.0,0.2857142857142857,0.32142857142857145,0.8189230248533264,0.0,3.0,0.0,0,952.98,0.0,0.0,False,False,False,True,False,False,False,False,False,False,False,False,False,False,False,False,False,False,False,False,False,False,False,False,False,True,False,False,False,False,False,False,False,True,False,False
UAE,Smartwatch,2025-06-09,Electronics,2.0,1006.5,0.05,20.0,2.0,1.0,0.0,0,9,24,6,2,160,0,0.0,1.0,1.2246467991473532e-16,-1.0,0.0,1,0.0,1,1.0,1,0.0,1,0.0,0.0,0.0,0.0,0.2857142857142857,0.32142857142857145,0.8189230248533264,0.0,3.0,0.0,1,952.98,53.51999999999998,0.056160674935465574,False,False,False,True,False,False,False,False,False,False,False,False,False,False,False,False,False,False,False,False,False,False,False,False,False,True,False,False,False,False,False,False,False,True,False,False
UAE,Smartwatch,2025-06-10,Electronics,0.0,1006.5,,20.0,2.0,0.0,0.0,1,10,24,6,2,161,0,0.7818314824680298,0.6234898018587336,1.2246467991473532e-16,-1.0,2.0,1,0.0,1,0.0,1,0.0,1,0.2857142857142857,0.7559289460184597,0.0,2.0,0.35714285714285715,0.39285714285714285,0.8751417118804341,0.0,3.0,0.7272727272727273,0,1006.5,0.0,0.0,False,False,False,True,False,False,False,False,False,False,False,False,False,False,False,False,False,False,False,False,False,False,False,False,False,True,False,False,False,False,False,False,False,True,False,False
UAE,Smartwatch,2025-06-11,Electronics,0.0,1006.5,,20.0,2.0,0.0,0.0,2,11,24,6,2,162,0,0.9749279121818236,-0.22252093395631434,1.2246467991473532e-16,-1.0,0.0,1,0.0,1,0.0,1,0.0,1,0.2857142857142857,0.7559289460184597,0.0,2.0,0.35714285714285715,0.39285714285714285,0.8751417118804341,0.0,3.0,0.7272727272727273,0,1006.5,0.0,0.0,False,False,False,True,False,False,False,False,False,False,False,False,False,False,False,False,False,False,False,False,False,False,False,False,False,True,False,False,False,False,False,False,False,True,False,False
UAE,Smartwatch,2025-06-12,Electronics,0.0,1006.5,,20.0,2.0,0.0,0.0,3,12,24,6,2,163,0,0.43388373911755823,-0.900968867902419,1.2246467991473532e-16,-1.0,0.0,1,0.0,1,3.0,1,1.0,1,0.2857142857142857,0.7559289460184597,0.0,2.0,0.35714285714285715,0.39285714285714285,0.8751417118804341,0.0,3.0,0.7272727272727273,0,1006.5,0.0,0.0,False,False,False,True,False,False,False,False,False,False,False,False,False,False,False,False,False,False,False,False,False,False,False,False,False,True,False,False,False,False,False,False,False,True,False,False
UAE,Smartwatch,2025-06-13,Electronics,0.0,1006.5,,20.0,2.0,0.0,0.0,4,13,24,6,2,164,0,-0.433883739117558,-0.9009688679024191,1.2246467991473532e-16,-1.0,0.0,1,0.0,1,0.0,1,0.0,1,0.2857142857142857,0.7559289460184597,0.0,2.0,0.14285714285714285,0.35714285714285715,0.8698354767504931,0.0,3.0,0.7999999999999999,0,1006.5,0.0,0.0,False,False,False,True,False,False,False,False,False,False,False,False,False,False,False,False,False,False,False,False,False,False,False,False,False,True,False,False,False,False,False,False,False,True,False,False
UAE,Smartwatch,2025-06-14,Electronics,0.0,1006.5,,20.0,2.0,0.0,0.0,5,14,24,6,2,165,1,-0.9749279121818236,-0.2225209339563146,1.2246467991473532e-16,-1.0,0.0,1,0.0,1,0.0,1,0.0,1,0.2857142857142857,0.7559289460184597,0.0,2.0,0.14285714285714285,0.35714285714285715,0.8698354767504931,0.0,3.0,0.7999999999999999,0,1006.5,0.0,0.0,False,False,False,True,False,False,False,False,False,False,False,False,False,False,False,False,False,False,False,False,False,False,False,False,False,True,False,False,False,False,False,False,False,True,False,False
UAE,Smartwatch,2025-06-15,Electronics,1.0,1161.59,0.13,20.0,2.0,1.0,0.0,6,15,24,6,2,166,1,-0.7818314824680299,0.6234898018587334,1.2246467991473532e-16,-1.0,0.0,1,0.0,1,0.0,1,1.0,1,0.2857142857142857,0.7559289460184597,0.0,2.0,0.14285714285714285,0.35714285714285715,0.8698354767504931,0.0,3.0,0.7999999999999999,1,1006.5,155.08999999999992,0.15408842523596614,False,False,False,True,False,False,False,False,False,False,False,False,False,False,False,False,False,False,False,False,False,False,False,False,False,True,False,False,False,False,False,False,False,True,False,False
UAE,Smartwatch,2025-06-16,Electronics,2.0,1382.37,0.1,20.0,2.0,1.0,0.0,0,16,25,6,2,167,0,0.0,1.0,1.2246467991473532e-16,-1.0,1.0,1,2.0,1,0.0,1,0.0,1,0.42857142857142855,0.7867957924694484,0.0,2.0,0.21428571428571427,0.35714285714285715,0.8698354767504931,0.0,3.0,1.2,1,1161.59,220.77999999999997,0.19006706324951145,False,False,False,True,False,False,False,False,False,False,False,False,False,False,False,False,False,False,False,False,False,False,False,False,False,True,False,False,False,False,False,False,False,True,False,False
UAE,Smartwatch,2025-06-17,Electronics,0.0,1382.37,,20.0,2.0,0.0,0.0,1,17,25,6,2,168,0,0.7818314824680298,0.6234898018587336,1.2246467991473532e-16,-1.0,2.0,1,0.0,1,0.0,1,0.0,1,0.42857142857142855,0.7867957924694484,0.0,2.0,0.35714285714285715,0.42857142857142855,0.9200874124564727,0.0,3.0,1.0,0,1382.37,0.0,0.0,False,False,False,True,False,False,False,False,False,False,False,False,False,False,False,False,False,False,False,False,False,False,False,False,False,True,False,False,False,False,False,False,False,True,False,False
UAE,Smartwatch,2025-06-18,Electronics,0.0,1382.37,,20.0,2.0,0.0,0.0,2,18,25,6,2,169,0,0.9749279121818236,-0.22252093395631434,1.2246467991473532e-16,-1.0,0.0,1,0.0,1,0.0,1,3.0,1,0.42857142857142855,0.7867957924694484,0.0,2.0,0.35714285714285715,0.42857142857142855,0.9200874124564727,0.0,3.0,1.0,0,1382.37,0.0,0.0,False,False,False,True,False,False,False,False,False,False,False,False,False,False,False,False,False,False,False,False,False,False,False,False,False,True,False,False,False,False,False,False,False,True,False,False
UAE,Smartwatch,2025-06-19,Electronics,0.0,1382.37,,20.0,2.0,0.0,0.0,3,19,25,6,2,170,0,0.43388373911755823,-0.900968867902419,1.2246467991473532e-16,-1.0,0.0,1,0.0,1,0.0,1,0.0,1,0.42857142857142855,0.7867957924694484,0.0,2.0,0.35714285714285715,0.32142857142857145,0.7723735149271029,0.0,3.0,1.3333333333333333,0,1382.37,0.0,0.0,False,False,False,True,False,False,False,False,False,False,False,False,False,False,False,False,False,False,False,False,False,False,False,False,False,True,False,False,False,False,False,False,False,True,False,False
UAE,Smartwatch,2025-06-20,Electronics,0.0,1382.37,,20.0,2.0,0.0,0.0,4,20,25,6,2,171,0,-0.433883739117558,-0.9009688679024191,1.2246467991473532e-16,-1.0,0.0,1,0.0,1,0.0,1,0.0,1,0.42857142857142855,0.7867957924694484,0.0,2.0,0.35714285714285715,0.32142857142857145,0.7723735149271029,0.0,3.0,1.3333333333333333,0,1382.37,0.0,0.0,False,False,False,True,False,False,False,False,False,False,False,False,False,False,False,False,False,False,False,False,False,False,False,False,False,True,False,False,False,False,False,False,False,True,False,False
UAE,Smartwatch,2025-06-21,Electronics,0.0,1382.37,,20.0,2.0,0.0,0.0,5,21,25,6,2,172,1,-0.9749279121818236,-0.2225209339563146,1.2246467991473532e-16,-1.0,0.0,1,0.0,1,0.0,1,0.0,1,0.42857142857142855,0.7867957924694484,0.0,2.0,0.35714285714285715,0.32142857142857145,0.7723735149271029,0.0,3.0,1.3333333333333333,0,1382.37,0.0,0.0,False,False,False,True,False,False,False,False,False,False,False,False,False,False,False,False,False,False,False,False,False,False,False,False,False,True,False,False,False,False,False,False,False,True,False,False
UAE,Smartwatch,2025-06-22,Electronics,1.0,1214.02,0.06,20.0,2.0,1.0,0.0,6,22,25,6,2,173,1,-0.7818314824680299,0.6234898018587334,1.2246467991473532e-16,-1.0,0.0,1,1.0,1,0.0,1,0.0,1,0.42857142857142855,0.7867957924694484,0.0,2.0,0.35714285714285715,0.32142857142857145,0.7723735149271029,0.0,3.0,1.3333333333333333,1,1382.37,-168.3499999999999,-0.1217836035214884,False,False,False,True,False,False,False,False,False,False,False,False,False,False,False,False,False,False,False,False,False,False,False,False,False,True,False,False,False,False,False,False,False,True,False,False
UAE,Smartwatch,2025-06-23,Electronics,0.0,1214.02,,20.0,2.0,0.0,0.0,0,23,26,6,2,174,0,0.0,1.0,1.2246467991473532e-16,-1.0,1.0,1,2.0,1,2.0,1,1.0,1,0.42857142857142855,0.7867957924694484,0.0,2.0,0.42857142857142855,0.35714285714285715,0.7800420555749604,0.0,3.0,1.2,0,1214.02,0.0,0.0,False,False,False,True,False,False,False,False,False,False,False,False,False,False,False,False,False,False,False,False,False,False,False,False,False,True,False,False,False,False,False,False,False,True,False,False
UAE,Smartwatch,2025-06-24,Electronics,3.0,1359.1,0.12,20.0,2.0,1.0,0.0,1,24,26,6,2,175,0,0.7818314824680298,0.6234898018587336,1.2246467991473532e-16,-1.0,0.0,1,0.0,1,0.0,1,0.0,1,0.14285714285714285,0.3779644730092373,0.0,1.0,0.2857142857142857,0.32142857142857145,0.7723735149271029,0.0,3.0,0.44444444444444436,1,1214.02,145.07999999999993,0.1195037973015271,False,False,False,True,False,False,False,False,False,False,False,False,False,False,False,False,False,False,False,False,False,False,False,False,False,True,False,False,False,False,False,False,False,True,False,False
UAE,Smartwatch,2025-06-25,Electronics,0.0,1359.1,,20.0,2.0,0.0,0.0,2,25,26,6,2,176,0,0.9749279121818236,-0.22252093395631434,1.2246467991473532e-16,-1.0,3.0,1,0.0,1,0.0,1,0.0,1,0.5714285714285714,1.1338934190276855,0.0,3.0,0.5,0.42857142857142855,0.9200874124564727,0.0,3.0,1.3333333333333333,0,1359.1,0.0,0.0,False,False,False,True,False,False,False,False,False,False,False,False,False,False,False,False,False,False,False,False,False,False,False,False,False,True,False,False,False,False,False,False,False,True,False,False
UAE,Smartwatch,2025-06-26,Electronics,0.0,1359.1,,20.0,2.0,0.0,0.0,3,26,26,6,2,177,0,0.43388373911755823,-0.900968867902419,1.2246467991473532e-16,-1.0,0.0,1,0.0,1,0.0,1,3.0,1,0.5714285714285714,1.1338934190276855,0.0,3.0,0.5,0.42857142857142855,0.9200874124564727,0.0,3.0,1.3333333333333333,0,1359.1,0.0,0.0,False,False,False,True,False,False,False,False,False,False,False,False,False,False,False,False,False,False,False,False,False,False,False,False,False,True,False,False,False,False,False,False,False,True,False,False
UAE,Smartwatch,2025-06-27,Electronics,2.0,342.9,0.1,20.0,2.0,1.0,0.0,4,27,26,6,2,178,0,-0.433883739117558,-0.9009688679024191,1.2246467991473532e-16,-1.0,0.0,1,0.0,1,0.0,1,0.0,1,0.5714285714285714,1.1338934190276855,0.0,3.0,0.5,0.32142857142857145,0.7723735149271029,0.0,3.0,1.7777777777777775,1,1359.1,-1016.1999999999999,-0.7477006842763594,False,False,False,True,False,False,False,False,False,False,False,False,False,False,False,False,False,False,False,False,False,False,False,False,False,True,False,False,False,False,False,False,False,True,False,False
UAE,Smartwatch,2025-06-28,Electronics,0.0,342.9,,20.0,2.0,0.0,0.0,5,28,26,6,2,179,1,-0.9749279121818236,-0.2225209339563146,1.2246467991473532e-16,-1.0,2.0,1,0.0,1,0.0,1,0.0,1,0.8571428571428571,1.2149857925879157,0.0,3.0,0.6428571428571429,0.39285714285714285,0.8317445171439021,0.0,3.0,2.1818181818181817,0,342.9,0.0,0.0,False,False,False,True,False,False,False,False,False,False,False,False,False,False,False,False,False,False,False,False,False,False,False,False,False,True,False,False,False,False,False,False,False,True,False,False
UAE,Smartwatch,2025-06-29,Electronics,0.0,342.9,,20.0,2.0,0.0,0.0,6,29,26,6,2,180,1,-0.7818314824680299,0.6234898018587334,1.2246467991473532e-16,-1.0,0.0,1,1.0,1,1.0,1,0.0,1,0.8571428571428571,1.2149857925879157,0.0,3.0,0.6428571428571429,0.39285714285714285,0.8317445171439021,0.0,3.0,2.1818181818181817,0,342.9,0.0,0.0,False,False,False,True,False,False,False,False,False,False,False,False,False,False,False,False,False,False,False,False,False,False,False,False,False,True,False,False,False,False,False,False,False,True,False,False
UAE,Smartwatch,2025-06-30,Electronics,4.0,302.175,0.15,20.0,2.0,1.0,0.0,0,30,27,6,2,181,0,0.0,1.0,1.2246467991473532e-16,-1.0,0.0,1,0.0,1,2.0,1,0.0,1,0.7142857142857143,1.2535663410560212,0.0,3.0,0.5714285714285714,0.39285714285714285,0.8317445171439021,0.0,3.0,1.8181818181818183,1,342.9,-40.724999999999966,-0.11876640419947497,False,False,False,True,False,False,False,False,False,False,False,False,False,False,False,False,False,False,False,False,False,False,False,False,False,True,False,False,False,False,False,False,False,True,False,False
UAE,Smartwatch,2025-07-01,Electronics,2.0,1008.22,0.08,20.0,2.0,1.0,0.0,1,1,27,7,3,182,0,0.7818314824680298,0.6234898018587336,-0.4999999999999997,-0.8660254037844388,4.0,1,3.0,1,0.0,1,0.0,1,1.2857142857142858,1.7043362064926966,0.0,4.0,0.7142857142857143,0.5357142857142857,1.0708993401928109,0.0,4.0,2.4000000000000004,1,302.175,706.0450000000001,2.3365433937287996,False,False,False,True,False,False,False,False,False,False,False,False,False,False,False,False,False,False,False,False,False,False,False,False,False,True,False,False,False,False,False,False,False,True,False,False
UAE,Smartwatch,2025-07-02,Electronics,0.0,1008.22,,20.0,2.0,0.0,0.0,2,2,27,7,3,183,0,0.9749279121818236,-0.22252093395631434,-0.4999999999999997,-0.8660254037844388,2.0,1,0.0,1,0.0,1,0.0,1,1.1428571428571428,1.5735915849388897,0.0,4.0,0.8571428571428571,0.6071428571428571,1.1001442906807546,0.0,4.0,1.8823529411764706,0,1008.22,0.0,0.0,False,False,False,True,False,False,False,False,False,False,False,False,False,False,False,False,False,False,False,False,False,False,False,False,False,True,False,False,False,False,False,False,False,True,False,False
UAE,Smartwatch,2025-07-03,Electronics,0.0,1008.22,,20.0,2.0,0.0,0.0,3,3,27,7,3,184,0,0.43388373911755823,-0.900968867902419,-0.4999999999999997,-0.8660254037844388,0.0,1,0.0,1,0.0,1,0.0,1,1.1428571428571428,1.5735915849388897,0.0,4.0,0.8571428571428571,0.6071428571428571,1.1001442906807546,0.0,4.0,1.8823529411764706,0,1008.22,0.0,0.0,False,False,False,True,False,False,False,False,False,False,False,False,False,False,False,False,False,False,False,False,False,False,False,False,False,True,False,False,False,False,False,False,False,True,False,False
UAE,Smartwatch,2025-07-04,Electronics,0.0,1008.22,,20.0,2.0,0.0,0.0,4,4,27,7,3,185,0,-0.433883739117558,-0.9009688679024191,-0.4999999999999997,-0.8660254037844388,0.0,1,2.0,1,0.0,1,0.0,1,1.1428571428571428,1.5735915849388897,0.0,4.0,0.8571428571428571,0.6071428571428571,1.1001442906807546,0.0,4.0,1.8823529411764706,0,1008.22,0.0,0.0,False,False,False,True,False,False,False,False,False,False,False,False,False,False,False,False,False,False,False,False,False,False,False,False,False,True,False,False,False,False,False,False,False,True,False,False
UAE,Smartwatch,2025-07-05,Electronics,0.0,1008.22,,20.0,2.0,0.0,0.0,5,5,27,7,3,186,1,-0.9749279121818236,-0.2225209339563146,-0.4999999999999997,-0.8660254037844388,0.0,1,0.0,1,0.0,1,0.0,1,0.8571428571428571,1.5735915849388895,0.0,4.0,0.8571428571428571,0.6071428571428571,1.1001442906807546,0.0,4.0,1.411764705882353,0,1008.22,0.0,0.0,False,False,False,True,False,False,False,False,False,False,False,False,False,False,False,False,False,False,False,False,False,False,False,False,False,True,False,False,False,False,False,False,False,True,False,False
UAE,Smartwatch,2025-07-06,Electronics,1.0,1116.61,0.03,20.0,2.0,1.0,0.0,6,6,27,7,3,187,1,-0.7818314824680299,0.6234898018587334,-0.4999999999999997,-0.8660254037844388,0.0,1,0.0,1,1.0,1,0.0,1,0.8571428571428571,1.5735915849388895,0.0,4.0,0.8571428571428571,0.6071428571428571,1.1001442906807546,0.0,4.0,1.411764705882353,1,1008.22,108.38999999999987,0.1075062982285611,False,False,False,True,False,False,False,False,False,False,False,False,False,False,False,False,False,False,False,False,False,False,False,False,False,True,False,False,False,False,False,False,False,True,False,False
UAE,Smartwatch,2025-07-07,Electronics,0.0,1116.61,,20.0,2.0,0.0,0.0,0,7,28,7,3,188,0,0.0,1.0,-0.4999999999999997,-0.8660254037844388,1.0,1,4.0,1,0.0,1,2.0,1,1.0,1.52752523165195,0.0,4.0,0.8571428571428571,0.6428571428571429,1.0959280090672934,0.0,4.0,1.5555555555555554,0,1116.61,0.0,0.0,False,False,False,True,False,False,False,False,False,False,False,False,False,False,False,False,False,False,False,False,False,False,False,False,False,True,False,False,False,False,False,False,False,True,False,False
UAE,Smartwatch,2025-07-08,Electronics,0.0,1116.61,,20.0,2.0,0.0,0.0,1,8,28,7,3,189,0,0.7818314824680298,0.6234898018587336,-0.4999999999999997,-0.8660254037844388,0.0,1,2.0,1,3.0,1,0.0,1,0.42857142857142855,0.7867957924694491,0.0,2.0,0.8571428571428571,0.5714285714285714,1.0690449676496978,0.0,4.0,0.75,0,1116.61,0.0,0.0,False,False,False,True,False,False,False,False,False,False,False,False,False,False,False,False,False,False,False,False,False,False,False,False,False,True,False,False,False,False,False,False,False,True,False,False
UAE,Smartwatch,2025-07-09,Electronics,1.0,1493.14,0.01,20.0,2.0,1.0,0.0,2,9,28,7,3,190,0,0.9749279121818236,-0.22252093395631434,-0.4999999999999997,-0.8660254037844388,0.0,1,0.0,1,0.0,1,0.0,1,0.14285714285714285,0.37796447300923874,0.0,1.0,0.6428571428571429,0.5714285714285714,1.0690449676496978,0.0,4.0,0.25,1,1116.61,376.5300000000002,0.3372081568318394,False,False,False,True,False,False,False,False,False,False,False,False,False,False,False,False,False,False,False,False,False,False,False,False,False,True,False,False,False,False,False,False,False,True,False,False
UAE,Smartwatch,2025-07-10,Electronics,0.0,1493.14,,20.0,2.0,0.0,0.0,3,10,28,7,3,191,0,0.43388373911755823,-0.900968867902419,-0.4999999999999997,-0.8660254037844388,1.0,1,0.0,1,0.0,1,0.0,1,0.2857142857142857,0.48795003647427587,0.0,1.0,0.7142857142857143,0.6071428571428571,1.0659471779799348,0.0,4.0,0.47058823529411764,0,1493.14,0.0,0.0,False,False,False,True,False,False,False,False,False,False,False,False,False,False,False,False,False,False,False,False,False,False,False,False,False,True,False,False,False,False,False,False,False,True,False,False
UAE,Smartwatch,2025-07-11,Electronics,0.0,1493.14,,20.0,2.0,0.0,0.0,4,11,28,7,3,192,0,-0.433883739117558,-0.9009688679024191,-0.4999999999999997,-0.8660254037844388,0.0,1,0.0,1,2.0,1,0.0,1,0.2857142857142857,0.4879500364742758,0.0,1.0,0.7142857142857143,0.6071428571428571,1.0659471779799348,0.0,4.0,0.47058823529411764,0,1493.14,0.0,0.0,False,False,False,True,False,False,False,False,False,False,False,False,False,False,False,False,False,False,False,False,False,False,False,False,False,True,False,False,False,False,False,False,False,True,False,False
UAE,Smartwatch,2025-07-12,Electronics,0.0,1493.14,,20.0,2.0,0.0,0.0,5,12,28,7,3,193,1,-0.9749279121818236,-0.2225209339563146,-0.4999999999999997,-0.8660254037844388,0.0,1,0.0,1,0.0,1,0.0,1,0.2857142857142857,0.4879500364742758,0.0,1.0,0.5714285714285714,0.6071428571428571,1.0659471779799348,0.0,4.0,0.47058823529411764,0,1493.14,0.0,0.0,False,False,False,True,False,False,False,False,False,False,False,False,False,False,False,False,False,False,False,False,False,False,False,False,False,True,False,False,False,False,False,False,False,True,False,False
UAE,Smartwatch,2025-07-13,Electronics,0.0,1493.14,,20.0,2.0,0.0,0.0,6,13,28,7,3,194,1,-0.7818314824680299,0.6234898018587334,-0.4999999999999997,-0.8660254037844388,0.0,1,1.0,1,0.0,1,1.0,1,0.2857142857142857,0.4879500364742758,0.0,1.0,0.5714285714285714,0.6071428571428571,1.0659471779799348,0.0,4.0,0.47058823529411764,0,1493.14,0.0,0.0,False,False,False,True,False,False,False,False,False,False,False,False,False,False,False,False,False,False,False,False,False,False,False,False,False,True,False,False,False,False,False,False,False,True,False,False
UAE,Smartwatch,2025-07-14,Electronics,0.0,1493.14,,20.0,2.0,0.0,0.0,0,14,29,7,3,195,0,0.0,1.0,-0.4999999999999997,-0.8660254037844388,0.0,1,0.0,1,4.0,1,2.0,1,0.14285714285714285,0.3779644730092387,0.0,1.0,0.5714285714285714,0.5714285714285714,1.0690449676496978,0.0,4.0,0.25,0,1493.14,0.0,0.0,False,False,False,True,False,False,False,False,False,False,False,False,False,False,False,False,False,False,False,False,False,False,False,False,False,True,False,False,False,False,False,False,False,True,False,False
UAE,Smartwatch,2025-07-15,Electronics,4.0,957.9449999999999,0.04,20.0,2.0,1.0,0.0,1,15,29,7,3,196,0,0.7818314824680298,0.6234898018587336,-0.4999999999999997,-0.8660254037844388,0.0,1,0.0,1,2.0,1,0.0,1,0.14285714285714285,0.3779644730092387,0.0,1.0,0.2857142857142857,0.5,1.036375450343202,0.0,4.0,0.2857142857142857,1,1493.14,-535.1950000000002,-0.35843591357809723,False,False,False,True,False,False,False,False,False,False,False,False,False,False,False,False,False,False,False,False,False,False,False,False,False,True,False,False,False,False,False,False,False,True,False,False
UAE,Smartwatch,2025-07-16,Electronics,4.0,384.945,0.09,20.0,2.0,1.0,0.0,2,16,29,7,3,197,0,0.9749279121818236,-0.22252093395631434,-0.4999999999999997,-0.8660254037844388,4.0,1,1.0,1,0.0,1,0.0,1,0.7142857142857143,1.4960264830861945,0.0,4.0,0.42857142857142855,0.6428571428571429,1.2236643728386054,0.0,4.0,1.1111111111111112,1,957.9449999999999,-573.0,-0.5981554264597655,False,False,False,True,False,False,False,False,False,False,False,False,False,False,False,False,False,False,False,False,False,False,False,False,False,True,False,False,False,False,False,False,False,True,False,False
UAE,Smartwatch,2025-07-17,Electronics,1.0,128.41,0.12,20.0,2.0,1.0,0.0,3,17,29,7,3,198,0,0.43388373911755823,-0.900968867902419,-0.4999999999999997,-0.8660254037844388,4.0,1,0.0,1,0.0,1,0.0,1,1.1428571428571428,1.951800145897069,0.0,4.0,0.7142857142857143,0.7857142857142857,1.3705133630530124,0.0,4.0,1.4545454545454546,1,384.945,-256.53499999999997,-0.6664198781644131,False,False,False,True,False,False,False,False,False,False,False,False,False,False,False,False,False,False,False,False,False,False,False,False,False,True,False,False,False,False,False,False,False,True,False,False
UAE,Smartwatch,2025-07-18,Electronics,1.0,98.65,0.13,20.0,2.0,1.0,0.0,4,18,29,7,3,199,0,-0.433883739117558,-0.9009688679024191,-0.4999999999999997,-0.8660254037844388,1.0,1,0.0,1,0.0,1,0.0,1,1.2857142857142858,1.889822365046139,0.0,4.0,0.7857142857142857,0.8214285714285714,1.3622848842368125,0.0,4.0,1.565217391304348,1,128.41,-29.75999999999999,-0.23175765127326525,False,False,False,True,False,False,False,False,False,False,False,False,False,False,False,False,False,False,False,False,False,False,False,False,False,True,False,False,False,False,False,False,False,True,False,False
UAE,Smartwatch,2025-07-19,Electronics,0.0,98.65,,20.0,2.0,0.0,0.0,5,19,29,7,3,200,1,-0.9749279121818236,-0.2225209339563146,-0.4999999999999997,-0.8660254037844388,1.0,1,0.0,1,0.0,1,0.0,1,1.4285714285714286,1.8126539343499346,0.0,4.0,0.8571428571428571,0.8571428571428571,1.3530291315000686,0.0,4.0,1.6666666666666667,0,98.65,0.0,0.0,False,False,False,True,False,False,False,False,False,False,False,False,False,False,False,False,False,False,False,False,False,False,False,False,False,True,False,False,False,False,False,False,False,True,False,False
UAE,Smartwatch,2025-07-20,Electronics,0.0,98.65,,20.0,2.0,0.0,0.0,6,20,29,7,3,201,1,-0.7818314824680299,0.6234898018587334,-0.4999999999999997,-0.8660254037844388,0.0,1,0.0,1,1.0,1,1.0,1,1.4285714285714286,1.8126539343499346,0.0,4.0,0.8571428571428571,0.8571428571428571,1.3530291315000686,0.0,4.0,1.6666666666666667,0,98.65,0.0,0.0,False,False,False,True,False,False,False,False,False,False,False,False,False,False,False,False,False,False,False,False,False,False,False,False,False,True,False,False,False,False,False,False,False,True,False,False
UAE,Smartwatch,2025-07-21,Electronics,0.0,98.65,,20.0,2.0,0.0,0.0,0,21,30,7,3,202,0,0.0,1.0,-0.4999999999999997,-0.8660254037844388,0.0,1,0.0,1,0.0,1,0.0,1,1.4285714285714286,1.8126539343499346,0.0,4.0,0.7857142857142857,0.8214285714285714,1.3622848842368125,0.0,4.0,1.7391304347826089,0,98.65,0.0,0.0,False,False,False,True,False,False,False,False,False,False,False,False,False,False,False,False,False,False,False,False,False,False,False,False,False,True,False,False,False,False,False,False,False,True,False,False
UAE,Smartwatch,2025-07-22,Electronics,0.0,98.65,,20.0,2.0,0.0,0.0,1,22,30,7,3,203,0,0.7818314824680298,0.6234898018587336,-0.4999999999999997,-0.8660254037844388,0.0,1,4.0,1,0.0,1,3.0,1,1.4285714285714286,1.8126539343499346,0.0,4.0,0.7857142857142857,0.8214285714285714,1.3622848842368125,0.0,4.0,1.7391304347826089,0,98.65,0.0,0.0,False,False,False,True,False,False,False,False,False,False,False,False,False,False,False,False,False,False,False,False,False,False,False,False,False,True,False,False,False,False,False,False,False,True,False,False
UAE,Smartwatch,2025-07-23,Electronics,0.0,98.65,,20.0,2.0,0.0,0.0,2,23,30,7,3,204,0,0.9749279121818236,-0.22252093395631434,-0.4999999999999997,-0.8660254037844388,0.0,1,4.0,1,1.0,1,0.0,1,0.8571428571428571,1.4638501094228031,0.0,4.0,0.7857142857142857,0.7142857142857143,1.3012000972647109,0.0,4.0,1.2,0,98.65,0.0,0.0,False,False,False,True,False,False,False,False,False,False,False,False,False,False,False,False,False,False,False,False,False,False,False,False,False,True,False,False,False,False,False,False,False,True,False,False
UAE,Smartwatch,2025-07-24,Electronics,0.0,98.65,,20.0,2.0,0.0,0.0,3,24,30,7,3,205,0,0.43388373911755823,-0.900968867902419,-0.4999999999999997,-0.8660254037844388,0.0,1,1.0,1,0.0,1,0.0,1,0.2857142857142857,0.4879500364742754,0.0,1.0,0.7142857142857143,0.7142857142857143,1.3012000972647109,0.0,4.0,0.39999999999999997,0,98.65,0.0,0.0,False,False,False,True,False,False,False,False,False,False,False,False,False,False,False,False,False,False,False,False,False,False,False,False,False,True,False,False,False,False,False,False,False,True,False,False
UAE,Smartwatch,2025-07-25,Electronics,0.0,98.65,,20.0,2.0,0.0,0.0,4,25,30,7,3,206,0,-0.433883739117558,-0.9009688679024191,-0.4999999999999997,-0.8660254037844388,0.0,1,1.0,1,0.0,1,2.0,1,0.14285714285714285,0.3779644730092382,0.0,1.0,0.7142857142857143,0.7142857142857143,1.3012000972647109,0.0,4.0,0.19999999999999998,0,98.65,0.0,0.0,False,False,False,True,False,False,False,False,False,False,False,False,False,False,False,False,False,False,False,False,False,False,False,False,False,True,False,False,False,False,False,False,False,True,False,False
UAE,Smartwatch,2025-07-26,Electronics,3.0,721.12,0.05,20.0,2.0,1.0,0.0,5,26,30,7,3,207,1,-0.9749279121818236,-0.2225209339563146,-0.4999999999999997,-0.8660254037844388,0.0,1,0.0,1,0.0,1,0.0,1,0.0,0.0,0.0,0.0,0.7142857142857143,0.6428571428571429,1.2827714704898319,0.0,4.0,0.0,1,98.65,622.47,6.3098834262544345,False,False,False,True,False,False,False,False,False,False,False,False,False,False,False,False,False,False,False,False,False,False,False,False,False,True,False,False,False,False,False,False,False,True,False,False
UAE,Smartwatch,2025-07-27,Electronics,3.0,151.53,0.15,20.0,2.0,1.0,0.0,6,27,30,7,3,208,1,-0.7818314824680299,0.6234898018587334,-0.4999999999999997,-0.8660254037844388,3.0,1,0.0,1,0.0,1,0.0,1,0.42857142857142855,1.1338934190276855,0.0,3.0,0.9285714285714286,0.75,1.3505828645714688,0.0,4.0,0.5714285714285714,1,721.12,-569.59,-0.7898685378300422,False,False,False,True,False,False,False,False,False,False,False,False,False,False,False,False,False,False,False,False,False,False,False,False,False,True,False,False,False,False,False,False,False,True,False,False
UAE,Smartwatch,2025-07-28,Electronics,0.0,151.53,,20.0,2.0,0.0,0.0,0,28,31,7,3,209,0,0.0,1.0,-0.4999999999999997,-0.8660254037844388,3.0,1,0.0,1,0.0,1,4.0,1,0.8571428571428571,1.4638501094228031,0.0,3.0,1.1428571428571428,0.8571428571428571,1.4067110502288587,0.0,4.0,1.0,0,151.53,0.0,0.0,False,False,False,True,False,False,False,False,False,False,False,False,False,False,False,False,False,False,False,False,False,False,False,False,False,True,False,False,False,False,False,False,False,True,False,False
UAE,Smartwatch,2025-07-29,Electronics,0.0,151.53,,20.0,2.0,0.0,0.0,1,29,31,7,3,210,0,0.7818314824680298,0.6234898018587336,-0.4999999999999997,-0.8660254037844388,0.0,1,0.0,1,4.0,1,2.0,1,0.8571428571428571,1.4638501094228031,0.0,3.0,1.1428571428571428,0.7142857142857143,1.2724180205607036,0.0,4.0,1.2,0,151.53,0.0,0.0,False,False,False,True,False,False,False,False,False,False,False,False,False,False,False,False,False,False,False,False,False,False,False,False,False,True,False,False,False,False,False,False,False,True,False,False
UAE,Smartwatch,2025-07-30,Electronics,0.0,151.53,,20.0,2.0,0.0,0.0,2,30,31,7,3,211,0,0.9749279121818236,-0.22252093395631434,-0.4999999999999997,-0.8660254037844388,0.0,1,0.0,1,4.0,1,0.0,1,0.8571428571428571,1.4638501094228031,0.0,3.0,0.8571428571428571,0.6428571428571429,1.2535663410560176,0.0,4.0,1.3333333333333333,0,151.53,0.0,0.0,False,False,False,True,False,False,False,False,False,False,False,False,False,False,False,False,False,False,False,False,False,False,False,False,False,True,False,False,False,False,False,False,False,True,False,False
UAE,Smartwatch,2025-07-31,Electronics,0.0,151.53,,20.0,2.0,0.0,0.0,3,31,31,7,3,212,0,0.43388373911755823,-0.900968867902419,-0.4999999999999997,-0.8660254037844388,0.0,1,0.0,1,1.0,1,0.0,1,0.8571428571428571,1.4638501094228031,0.0,3.0,0.5714285714285714,0.6428571428571429,1.2535663410560176,0.0,4.0,1.3333333333333333,0,151.53,0.0,0.0,False,False,False,True,False,False,False,False,False,False,False,False,False,False,False,False,False,False,False,False,False,False,False,False,False,True,False,False,False,False,False,False,False,True,False,False
UAE,Smartwatch,2025-08-01,Electronics,2.0,590.96,0.01,20.0,2.0,1.0,0.0,4,1,31,8,3,213,0,-0.433883739117558,-0.9009688679024191,-0.8660254037844385,-0.5000000000000004,0.0,1,0.0,1,1.0,1,0.0,1,0.8571428571428571,1.4638501094228031,0.0,3.0,0.5,0.6428571428571429,1.2535663410560176,0.0,4.0,1.3333333333333333,1,151.53,439.43000000000006,2.899953804527157,False,False,False,True,False,False,False,False,False,False,False,False,False,False,False,False,False,False,False,False,False,False,False,False,False,True,False,False,False,False,False,False,False,True,False,False
UAE,Smartwatch,2025-08-02,Electronics,0.0,590.96,,20.0,2.0,0.0,0.0,5,2,31,8,3,214,1,-0.9749279121818236,-0.2225209339563146,-0.8660254037844385,-0.5000000000000004,2.0,1,3.0,1,0.0,1,0.0,1,1.1428571428571428,1.4638501094228031,0.0,3.0,0.5714285714285714,0.7142857142857143,1.2724180205607036,0.0,4.0,1.5999999999999999,0,590.96,0.0,0.0,False,False,False,True,False,False,False,False,False,False,False,False,False,False,False,False,False,False,False,False,False,False,False,False,False,True,False,False,False,False,False,False,False,True,False,False
UAE,Smartwatch,2025-08-03,Electronics,0.0,590.96,,20.0,2.0,0.0,0.0,6,3,31,8,3,215,1,-0.7818314824680299,0.6234898018587334,-0.8660254037844385,-0.5000000000000004,0.0,1,3.0,1,0.0,1,1.0,1,0.7142857142857143,1.253566341056021,0.0,3.0,0.5714285714285714,0.7142857142857143,1.2724180205607036,0.0,4.0,1.0,0,590.96,0.0,0.0,False,False,False,True,False,False,False,False,False,False,False,False,False,False,False,False,False,False,False,False,False,False,False,False,False,True,False,False,False,False,False,False,False,True,False,False
UAE,Smartwatch,2025-08-04,Electronics,0.0,590.96,,20.0,2.0,0.0,0.0,0,4,32,8,3,216,0,0.0,1.0,-0.8660254037844385,-0.5000000000000004,0.0,1,0.0,1,0.0,1,0.0,1,0.2857142857142857,0.7559289460184597,0.0,2.0,0.5714285714285714,0.6785714285714286,1.2781227967601094,0.0,4.0,0.42105263157894735,0,590.96,0.0,0.0,False,False,False,True,False,False,False,False,False,False,False,False,False,False,False,False,False,False,False,False,False,False,False,False,False,True,False,False,False,False,False,False,False,True,False,False
UAE,Smartwatch,2025-08-05,Electronics,0.0,590.96,,20.0,2.0,0.0,0.0,1,5,32,8,3,217,0,0.7818314824680298,0.6234898018587336,-0.8660254037844385,-0.5000000000000004,0.0,1,0.0,1,0.0,1,0.0,1,0.2857142857142857,0.7559289460184597,0.0,2.0,0.5714285714285714,0.6785714285714286,1.2781227967601094,0.0,4.0,0.42105263157894735,0,590.96,0.0,0.0,False,False,False,True,False,False,False,False,False,False,False,False,False,False,False,False,False,False,False,False,False,False,False,False,False,True,False,False,False,False,False,False,False,True,False,False
UAE,Smartwatch,2025-08-06,Electronics,2.0,84.09,0.02,20.0,2.0,1.0,0.0,2,6,32,8,3,218,0,0.9749279121818236,-0.22252093395631434,-0.8660254037844385,-0.5000000000000004,0.0,1,0.0,1,0.0,1,1.0,1,0.2857142857142857,0.7559289460184597,0.0,2.0,0.5714285714285714,0.6785714285714286,1.2781227967601094,0.0,4.0,0.42105263157894735,1,590.96,-506.87,-0.857706105320157,False,False,False,True,False,False,False,False,False,False,False,False,False,False,False,False,False,False,False,False,False,False,False,False,False,True,False,False,False,False,False,False,False,True,False,False
UAE,Smartwatch,2025-08-07,Electronics,3.0,527.5,0.07,20.0,2.0,1.0,0.0,3,7,32,8,3,219,0,0.43388373911755823,-0.900968867902419,-0.8660254037844385,-0.5000000000000004,2.0,1,0.0,1,0.0,1,0.0,1,0.5714285714285714,0.9759000729485375,0.0,2.0,0.7142857142857143,0.7142857142857143,1.3012000972647109,0.0,4.0,0.7999999999999999,1,84.09,443.40999999999997,5.273040789630158,False,False,False,True,False,False,False,False,False,False,False,False,False,False,False,False,False,False,False,False,False,False,False,False,False,True,False,False,False,False,False,False,False,True,False,False
UAE,Smartwatch,2025-08-08,Electronics,0.0,527.5,,20.0,2.0,0.0,0.0,4,8,32,8,3,220,0,-0.433883739117558,-0.9009688679024191,-0.8660254037844385,-0.5000000000000004,3.0,1,2.0,1,0.0,1,0.0,1,1.0,1.2909944487358094,0.0,3.0,0.9285714285714286,0.8214285714285714,1.3622848842368125,0.0,4.0,1.2173913043478262,0,527.5,0.0,0.0,False,False,False,True,False,False,False,False,False,False,False,False,False,False,False,False,False,False,False,False,False,False,False,False,False,True,False,False,False,False,False,False,False,True,False,False
UAE,Smartwatch,2025-08-09,Electronics,0.0,527.5,,20.0,2.0,0.0,0.0,5,9,32,8,3,221,1,-0.9749279121818236,-0.2225209339563146,-0.8660254037844385,-0.5000000000000004,0.0,1,0.0,1,3.0,1,0.0,1,0.7142857142857143,1.253566341056021,0.0,3.0,0.9285714285714286,0.8214285714285714,1.3622848842368125,0.0,4.0,0.8695652173913044,0,527.5,0.0,0.0,False,False,False,True,False,False,False,False,False,False,False,False,False,False,False,False,False,False,False,False,False,False,False,False,False,True,False,False,False,False,False,False,False,True,False,False
UAE,Smartwatch,2025-08-10,Electronics,0.0,527.5,,20.0,2.0,0.0,0.0,6,10,32,8,3,222,1,-0.7818314824680299,0.6234898018587334,-0.8660254037844385,-0.5000000000000004,0.0,1,0.0,1,3.0,1,0.0,1,0.7142857142857143,1.253566341056021,0.0,3.0,0.7142857142857143,0.8214285714285714,1.3622848842368125,0.0,4.0,0.8695652173913044,0,527.5,0.0,0.0,False,False,False,True,False,False,False,False,False,False,False,False,False,False,False,False,False,False,False,False,False,False,False,False,False,True,False,False,False,False,False,False,False,True,False,False
UAE,Smartwatch,2025-08-11,Electronics,0.0,527.5,,20.0,2.0,0.0,0.0,0,11,33,8,3,223,0,0.0,1.0,-0.8660254037844385,-0.5000000000000004,0.0,1,0.0,1,0.0,1,0.0,1,0.7142857142857143,1.253566341056021,0.0,3.0,0.5,0.8214285714285714,1.3622848842368125,0.0,4.0,0.8695652173913044,0,527.5,0.0,0.0,False,False,False,True,False,False,False,False,False,False,False,False,False,False,False,False,False,False,False,False,False,False,False,False,False,True,False,False,False,False,False,False,False,True,False,False
UAE,Smartwatch,2025-08-12,Electronics,0.0,527.5,,20.0,2.0,0.0,0.0,1,12,33,8,3,224,0,0.7818314824680298,0.6234898018587336,-0.8660254037844385,-0.5000000000000004,0.0,1,0.0,1,0.0,1,4.0,1,0.7142857142857143,1.253566341056021,0.0,3.0,0.5,0.8214285714285714,1.3622848842368125,0.0,4.0,0.8695652173913044,0,527.5,0.0,0.0,False,False,False,True,False,False,False,False,False,False,False,False,False,False,False,False,False,False,False,False,False,False,False,False,False,True,False,False,False,False,False,False,False,True,False,False
UAE,Smartwatch,2025-08-13,Electronics,0.0,527.5,,20.0,2.0,0.0,0.0,2,13,33,8,3,225,0,0.9749279121818236,-0.22252093395631434,-0.8660254037844385,-0.5000000000000004,0.0,1,2.0,1,0.0,1,4.0,1,0.7142857142857143,1.253566341056021,0.0,3.0,0.5,0.6785714285714286,1.2187902754164621,0.0,4.0,1.0526315789473684,0,527.5,0.0,0.0,False,False,False,True,False,False,False,False,False,False,False,False,False,False,False,False,False,False,False,False,False,False,False,False,False,True,False,False,False,False,False,False,False,True,False,False
UAE,Smartwatch,2025-08-14,Electronics,0.0,527.5,,20.0,2.0,0.0,0.0,3,14,33,8,3,226,0,0.43388373911755823,-0.900968867902419,-0.8660254037844385,-0.5000000000000004,0.0,1,3.0,1,0.0,1,1.0,1,0.42857142857142855,1.1338934190276853,0.0,3.0,0.5,0.5357142857142857,1.0357370915204895,0.0,3.0,0.7999999999999999,0,527.5,0.0,0.0,False,False,False,True,False,False,False,False,False,False,False,False,False,False,False,False,False,False,False,False,False,False,False,False,False,True,False,False,False,False,False,False,False,True,False,False
UAE,Smartwatch,2025-08-15,Electronics,5.0,626.735,0.13,20.0,2.0,1.0,1.0,4,15,33,8,3,227,0,-0.433883739117558,-0.9009688679024191,-0.8660254037844385,-0.5000000000000004,0.0,1,0.0,1,2.0,1,1.0,1,0.0,0.0,0.0,0.0,0.5,0.5,1.0363754503432019,0.0,3.0,0.0,1,527.5,99.23500000000001,0.18812322274881518,False,False,False,True,False,False,False,False,False,False,False,False,False,False,False,False,False,False,False,False,False,False,False,False,False,True,False,False,False,False,False,False,False,True,False,False
UAE,Smartwatch,2025-08-16,Electronics,0.0,626.735,,20.0,2.0,0.0,0.0,5,16,33,8,3,228,1,-0.9749279121818236,-0.2225209339563146,-0.8660254037844385,-0.5000000000000004,5.0,1,0.0,1,0.0,1,0.0,1,0.7142857142857143,1.8898223650461383,0.0,5.0,0.7142857142857143,0.6428571428571429,1.339272486707165,0.0,5.0,1.1111111111111112,0,626.735,0.0,0.0,False,False,False,True,False,False,False,False,False,False,False,False,False,False,False,False,False,False,False,False,False,False,False,False,False,True,False,False,False,False,False,False,False,True,False,False
UAE,Smartwatch,2025-08-17,Electronics,0.0,626.735,,20.0,2.0,0.0,0.0,6,17,33,8,3,229,1,-0.7818314824680299,0.6234898018587334,-0.8660254037844385,-0.5000000000000004,0.0,1,0.0,1,0.0,1,0.0,1,0.7142857142857143,1.8898223650461383,0.0,5.0,0.7142857142857143,0.6428571428571429,1.339272486707165,0.0,5.0,1.1111111111111112,0,626.735,0.0,0.0,False,False,False,True,False,False,False,False,False,False,False,False,False,False,False,False,False,False,False,False,False,False,False,False,False,True,False,False,False,False,False,False,False,True,False,False
UAE,Smartwatch,2025-08-18,Electronics,3.0,1409.84,0.08,20.0,2.0,1.0,0.0,0,18,34,8,3,230,0,0.0,1.0,-0.8660254037844385,-0.5000000000000004,0.0,1,0.0,1,0.0,1,0.0,1,0.7142857142857143,1.8898223650461383,0.0,5.0,0.7142857142857143,0.6428571428571429,1.339272486707165,0.0,5.0,1.1111111111111112,1,626.735,783.1049999999999,1.2494993896942086,False,False,False,True,False,False,False,False,False,False,False,False,False,False,False,False,False,False,False,False,False,False,False,False,False,True,False,False,False,False,False,False,False,True,False,False
UAE,Smartwatch,2025-08-19,Electronics,0.0,1409.84,,20.0,2.0,0.0,0.0,1,19,34,8,3,231,0,0.7818314824680298,0.6234898018587336,-0.8660254037844385,-0.5000000000000004,3.0,1,0.0,1,0.0,1,0.0,1,1.1428571428571428,2.035400978396432,0.0,5.0,0.9285714285714286,0.75,1.404358295529393,0.0,5.0,1.5238095238095237,0,1409.84,0.0,0.0,False,False,False,True,False,False,False,False,False,False,False,False,False,False,False,False,False,False,False,False,False,False,False,False,False,True,False,False,False,False,False,False,False,True,False,False
UAE,Smartwatch,2025-08-20,Electronics,0.0,1409.84,,20.0,2.0,0.0,0.0,2,20,34,8,3,232,0,0.9749279121818236,-0.22252093395631434,-0.8660254037844385,-0.5000000000000004,0.0,1,0.0,1,2.0,1,0.0,1,1.1428571428571428,2.035400978396432,0.0,5.0,0.9285714285714286,0.75,1.404358295529393,0.0,5.0,1.5238095238095237,0,1409.84,0.0,0.0,False,False,False,True,False,False,False,False,False,False,False,False,False,False,False,False,False,False,False,False,False,False,False,False,False,True,False,False,False,False,False,False,False,True,False,False
UAE,Smartwatch,2025-08-21,Electronics,0.0,1409.84,,20.0,2.0,0.0,0.0,3,21,34,8,3,233,0,0.43388373911755823,-0.900968867902419,-0.8660254037844385,-0.5000000000000004,0.0,1,0.0,1,3.0,1,0.0,1,1.1428571428571428,2.035400978396432,0.0,5.0,0.7857142857142857,0.75,1.404358295529393,0.0,5.0,1.5238095238095237,0,1409.84,0.0,0.0,False,False,False,True,False,False,False,False,False,False,False,False,False,False,False,False,False,False,False,False,False,False,False,False,False,True,False,False,False,False,False,False,False,True,False,False
UAE,Smartwatch,2025-08-22,Electronics,3.0,490.645,0.1,20.0,2.0,1.0,0.0,4,22,34,8,3,234,0,-0.433883739117558,-0.9009688679024191,-0.8660254037844385,-0.5000000000000004,0.0,1,5.0,1,0.0,1,0.0,1,1.1428571428571428,2.035400978396432,0.0,5.0,0.5714285714285714,0.75,1.404358295529393,0.0,5.0,1.5238095238095237,1,1409.84,-919.1949999999999,-0.6519853316688419,False,False,False,True,False,False,False,False,False,False,False,False,False,False,False,False,False,False,False,False,False,False,False,False,False,True,False,False,False,False,False,False,False,True,False,False
UAE,Smartwatch,2025-08-23,Electronics,0.0,490.645,,20.0,2.0,0.0,0.0,5,23,34,8,3,235,1,-0.9749279121818236,-0.2225209339563146,-0.8660254037844385,-0.5000000000000004,3.0,1,0.0,1,0.0,1,3.0,1,0.8571428571428571,1.4638501094228027,0.0,3.0,0.7857142857142857,0.8571428571428571,1.4584183648679572,0.0,5.0,1.0,0,490.645,0.0,0.0,False,False,False,True,False,False,False,False,False,False,False,False,False,False,False,False,False,False,False,False,False,False,False,False,False,True,False,False,False,False,False,False,False,True,False,False
UAE,Smartwatch,2025-08-24,Electronics,0.0,490.645,,20.0,2.0,0.0,0.0,6,24,34,8,3,236,1,-0.7818314824680299,0.6234898018587334,-0.8660254037844385,-0.5000000000000004,0.0,1,0.0,1,0.0,1,3.0,1,0.8571428571428571,1.4638501094228027,0.0,3.0,0.7857142857142857,0.75,1.404358295529393,0.0,5.0,1.1428571428571428,0,490.645,0.0,0.0,False,False,False,True,False,False,False,False,False,False,False,False,False,False,False,False,False,False,False,False,False,False,False,False,False,True,False,False,False,False,False,False,False,True,False,False
UAE,Smartwatch,2025-08-25,Electronics,3.0,753.1,0.15,20.0,2.0,1.0,0.0,0,25,35,8,3,237,0,0.0,1.0,-0.8660254037844385,-0.5000000000000004,0.0,1,3.0,1,0.0,1,0.0,1,0.8571428571428571,1.4638501094228027,0.0,3.0,0.7857142857142857,0.6428571428571429,1.339272486707165,0.0,5.0,1.3333333333333333,1,490.645,262.45500000000004,0.5349183218008948,False,False,False,True,False,False,False,False,False,False,False,False,False,False,False,False,False,False,False,False,False,False,False,False,False,True,False,False,False,False,False,False,False,True,False,False
UAE,Smartwatch,2025-08-26,Electronics,0.0,753.1,,20.0,2.0,0.0,0.0,1,26,35,8,3,238,0,0.7818314824680298,0.6234898018587336,-0.8660254037844385,-0.5000000000000004,3.0,1,0.0,1,0.0,1,0.0,1,0.8571428571428571,1.4638501094228027,0.0,3.0,1.0,0.75,1.404358295529393,0.0,5.0,1.1428571428571428,0,753.1,0.0,0.0,False,False,False,True,False,False,False,False,False,False,False,False,False,False,False,False,False,False,False,False,False,False,False,False,False,True,False,False,False,False,False,False,False,True,False,False
UAE,Smartwatch,2025-08-27,Electronics,2.0,977.32,0.04,20.0,2.0,1.0,0.0,2,27,35,8,3,239,0,0.9749279121818236,-0.22252093395631434,-0.8660254037844385,-0.5000000000000004,0.0,1,0.0,1,0.0,1,0.0,1,0.8571428571428571,1.4638501094228027,0.0,3.0,1.0,0.75,1.404358295529393,0.0,5.0,1.1428571428571428,1,753.1,224.22000000000003,0.29772938520780773,False,False,False,True,False,False,False,False,False,False,False,False,False,False,False,False,False,False,False,False,False,False,False,False,False,True,False,False,False,False,False,False,False,True,False,False
UAE,Smartwatch,2025-08-28,Electronics,0.0,977.32,,20.0,2.0,0.0,0.0,3,28,35,8,3,240,0,0.43388373911755823,-0.900968867902419,-0.8660254037844385,-0.5000000000000004,2.0,1,0.0,1,0.0,1,0.0,1,1.1428571428571428,1.463850109422803,0.0,3.0,1.1428571428571428,0.8214285714285714,1.4156158567804522,0.0,5.0,1.391304347826087,0,977.32,0.0,0.0,False,False,False,True,False,False,False,False,False,False,False,False,False,False,False,False,False,False,False,False,False,False,False,False,False,True,False,False,False,False,False,False,False,True,False,False
UAE,Smartwatch,2025-08-29,Electronics,0.0,977.32,,20.0,2.0,0.0,0.0,4,29,35,8,3,241,0,-0.433883739117558,-0.9009688679024191,-0.8660254037844385,-0.5000000000000004,0.0,1,3.0,1,5.0,1,2.0,1,1.1428571428571428,1.463850109422803,0.0,3.0,1.1428571428571428,0.8214285714285714,1.4156158567804522,0.0,5.0,1.391304347826087,0,977.32,0.0,0.0,False,False,False,True,False,False,False,False,False,False,False,False,False,False,False,False,False,False,False,False,False,False,False,False,False,True,False,False,False,False,False,False,False,True,False,False
UAE,Smartwatch,2025-08-30,Electronics,2.0,760.72,0.05,20.0,2.0,1.0,0.0,5,30,35,8,3,242,1,-0.9749279121818236,-0.2225209339563146,-0.8660254037844385,-0.5000000000000004,0.0,1,0.0,1,0.0,1,0.0,1,0.7142857142857143,1.253566341056021,0.0,3.0,0.7857142857142857,0.75,1.404358295529393,0.0,5.0,0.9523809523809524,1,977.32,-216.60000000000002,-0.2216264887651946,False,False,False,True,False,False,False,False,False,False,False,False,False,False,False,False,False,False,False,False,False,False,False,False,False,True,False,False,False,False,False,False,False,True,False,False
UAE,Smartwatch,2025-08-31,Electronics,0.0,760.72,,20.0,2.0,0.0,0.0,6,31,35,8,3,243,1,-0.7818314824680299,0.6234898018587334,-0.8660254037844385,-0.5000000000000004,2.0,1,0.0,1,0.0,1,0.0,1,1.0,1.2909944487358092,0.0,3.0,0.9285714285714286,0.8214285714285714,1.4156158567804522,0.0,5.0,1.2173913043478262,0,760.72,0.0,0.0,False,False,False,True,False,False,False,False,False,False,False,False,False,False,False,False,False,False,False,False,False,False,False,False,False,True,False,False,False,False,False,False,False,True,False,False
UAE,Smartwatch,2025-09-01,Electronics,0.0,760.72,,20.0,2.0,0.0,0.0,0,1,36,9,3,244,0,0.0,1.0,-1.0,-1.8369701987210297e-16,0.0,1,3.0,1,3.0,1,0.0,1,1.0,1.2909944487358092,0.0,3.0,0.9285714285714286,0.8214285714285714,1.4156158567804522,0.0,5.0,1.2173913043478262,0,760.72,0.0,0.0,False,False,False,True,False,False,False,False,False,False,False,False,False,False,False,False,False,False,False,False,False,False,False,False,False,True,False,False,False,False,False,False,False,True,False,False
UAE,Smartwatch,2025-09-02,Electronics,0.0,760.72,,20.0,2.0,0.0,0.0,1,2,36,9,3,245,0,0.7818314824680298,0.6234898018587336,-1.0,-1.8369701987210297e-16,0.0,1,0.0,1,0.0,1,0.0,1,0.5714285714285714,0.9759000729485376,0.0,2.0,0.7142857142857143,0.8214285714285714,1.4156158567804522,0.0,5.0,0.6956521739130435,0,760.72,0.0,0.0,False,False,False,True,False,False,False,False,False,False,False,False,False,False,False,False,False,False,False,False,False,False,False,False,False,True,False,False,False,False,False,False,False,True,False,False
UAE,Smartwatch,2025-09-03,Electronics,0.0,760.72,,20.0,2.0,0.0,0.0,2,3,36,9,3,246,0,0.9749279121818236,-0.22252093395631434,-1.0,-1.8369701987210297e-16,0.0,1,2.0,1,0.0,1,2.0,1,0.5714285714285714,0.9759000729485376,0.0,2.0,0.7142857142857143,0.8214285714285714,1.4156158567804522,0.0,5.0,0.6956521739130435,0,760.72,0.0,0.0,False,False,False,True,False,False,False,False,False,False,False,False,False,False,False,False,False,False,False,False,False,False,False,False,False,True,False,False,False,False,False,False,False,True,False,False
UAE,Smartwatch,2025-09-04,Electronics,0.0,760.72,,20.0,2.0,0.0,0.0,3,4,36,9,3,247,0,0.43388373911755823,-0.900968867902419,-1.0,-1.8369701987210297e-16,0.0,1,0.0,1,0.0,1,3.0,1,0.2857142857142857,0.7559289460184601,0.0,2.0,0.7142857142857143,0.75,1.404358295529393,0.0,5.0,0.38095238095238093,0,760.72,0.0,0.0,False,False,False,True,False,False,False,False,False,False,False,False,False,False,False,False,False,False,False,False,False,False,False,False,False,True,False,False,False,False,False,False,False,True,False,False
UAE,Smartwatch,2025-09-05,Electronics,0.0,760.72,,20.0,2.0,0.0,0.0,4,5,36,9,3,248,0,-0.433883739117558,-0.9009688679024191,-1.0,-1.8369701987210297e-16,0.0,1,0.0,1,3.0,1,0.0,1,0.2857142857142857,0.7559289460184601,0.0,2.0,0.7142857142857143,0.6428571428571429,1.339272486707165,0.0,5.0,0.44444444444444436,0,760.72,0.0,0.0,False,False,False,True,False,False,False,False,False,False,False,False,False,False,False,False,False,False,False,False,False,False,False,False,False,True,False,False,False,False,False,False,False,True,False,False
UAE,Smartwatch,2025-09-06,Electronics,1.0,588.22,0.13,20.0,2.0,1.0,0.0,5,6,36,9,3,249,1,-0.9749279121818236,-0.2225209339563146,-1.0,-1.8369701987210297e-16,0.0,1,2.0,1,0.0,1,0.0,1,0.2857142857142857,0.7559289460184601,0.0,2.0,0.5,0.6428571428571429,1.339272486707165,0.0,5.0,0.44444444444444436,1,760.72,-172.5,-0.2267588600273425,False,False,False,True,False,False,False,False,False,False,False,False,False,False,False,False,False,False,False,False,False,False,False,False,False,True,False,False,False,False,False,False,False,True,False,False
UAE,Smartwatch,2025-09-07,Electronics,0.0,588.22,,20.0,2.0,0.0,0.0,6,7,36,9,3,250,1,-0.7818314824680299,0.6234898018587334,-1.0,-1.8369701987210297e-16,1.0,1,0.0,1,0.0,1,0.0,1,0.14285714285714285,0.3779644730092381,0.0,1.0,0.5714285714285714,0.6785714285714286,1.3348205990866455,0.0,5.0,0.21052631578947367,0,588.22,0.0,0.0,False,False,False,True,False,False,False,False,False,False,False,False,False,False,False,False,False,False,False,False,False,False,False,False,False,True,False,False,False,False,False,False,False,True,False,False
UAE,Smartwatch,2025-09-08,Electronics,0.0,588.22,,20.0,2.0,0.0,0.0,0,8,37,9,3,251,0,0.0,1.0,-1.0,-1.8369701987210297e-16,0.0,1,0.0,1,3.0,1,0.0,1,0.14285714285714285,0.3779644730092381,0.0,1.0,0.5714285714285714,0.6785714285714286,1.3348205990866455,0.0,5.0,0.21052631578947367,0,588.22,0.0,0.0,False,False,False,True,False,False,False,False,False,False,False,False,False,False,False,False,False,False,False,False,False,False,False,False,False,True,False,False,False,False,False,False,False,True,False,False
UAE,Smartwatch,2025-09-09,Electronics,0.0,588.22,,20.0,2.0,0.0,0.0,1,9,37,9,3,252,0,0.7818314824680298,0.6234898018587336,-1.0,-1.8369701987210297e-16,0.0,1,0.0,1,0.0,1,0.0,1,0.14285714285714285,0.3779644730092381,0.0,1.0,0.35714285714285715,0.6785714285714286,1.3348205990866455,0.0,5.0,0.21052631578947367,0,588.22,0.0,0.0,False,False,False,True,False,False,False,False,False,False,False,False,False,False,False,False,False,False,False,False,False,False,False,False,False,True,False,False,False,False,False,False,False,True,False,False
UAE,Smartwatch,2025-09-10,Electronics,0.0,588.22,,20.0,2.0,0.0,0.0,2,10,37,9,3,253,0,0.9749279121818236,-0.22252093395631434,-1.0,-1.8369701987210297e-16,0.0,1,0.0,1,2.0,1,0.0,1,0.14285714285714285,0.3779644730092381,0.0,1.0,0.35714285714285715,0.6785714285714286,1.3348205990866455,0.0,5.0,0.21052631578947367,0,588.22,0.0,0.0,False,False,False,True,False,False,False,False,False,False,False,False,False,False,False,False,False,False,False,False,False,False,False,False,False,True,False,False,False,False,False,False,False,True,False,False
UAE,Smartwatch,2025-09-11,Electronics,0.0,588.22,,20.0,2.0,0.0,0.0,3,11,37,9,3,254,0,0.43388373911755823,-0.900968867902419,-1.0,-1.8369701987210297e-16,0.0,1,0.0,1,0.0,1,0.0,1,0.14285714285714285,0.3779644730092381,0.0,1.0,0.21428571428571427,0.6785714285714286,1.3348205990866455,0.0,5.0,0.21052631578947367,0,588.22,0.0,0.0,False,False,False,True,False,False,False,False,False,False,False,False,False,False,False,False,False,False,False,False,False,False,False,False,False,True,False,False,False,False,False,False,False,True,False,False
UAE,Smartwatch,2025-09-12,Electronics,0.0,588.22,,20.0,2.0,0.0,0.0,4,12,37,9,3,255,0,-0.433883739117558,-0.9009688679024191,-1.0,-1.8369701987210297e-16,0.0,1,0.0,1,0.0,1,5.0,1,0.14285714285714285,0.3779644730092381,0.0,1.0,0.21428571428571427,0.6785714285714286,1.3348205990866455,0.0,5.0,0.21052631578947367,0,588.22,0.0,0.0,False,False,False,True,False,False,False,False,False,False,False,False,False,False,False,False,False,False,False,False,False,False,False,False,False,True,False,False,False,False,False,False,False,True,False,False
UAE,Smartwatch,2025-09-13,Electronics,0.0,588.22,,20.0,2.0,0.0,0.0,5,13,37,9,3,256,1,-0.9749279121818236,-0.2225209339563146,-1.0,-1.8369701987210297e-16,0.0,1,1.0,1,2.0,1,0.0,1,0.14285714285714285,0.3779644730092381,0.0,1.0,0.21428571428571427,0.5,1.0363754503432017,0.0,3.0,0.2857142857142857,0,588.22,0.0,0.0,False,False,False,True,False,False,False,False,False,False,False,False,False,False,False,False,False,False,False,False,False,False,False,False,False,True,False,False,False,False,False,False,False,True,False,False
UAE,Smartwatch,2025-09-14,Electronics,0.0,588.22,,20.0,2.0,0.0,0.0,6,14,37,9,3,257,1,-0.7818314824680299,0.6234898018587334,-1.0,-1.8369701987210297e-16,0.0,1,0.0,1,0.0,1,0.0,1,0.0,0.0,0.0,0.0,0.07142857142857142,0.5,1.0363754503432017,0.0,3.0,0.0,0,588.22,0.0,0.0,False,False,False,True,False,False,False,False,False,False,False,False,False,False,False,False,False,False,False,False,False,False,False,False,False,True,False,False,False,False,False,False,False,True,False,False
UAE,Smartwatch,2025-09-15,Electronics,0.0,588.22,,20.0,2.0,0.0,0.0,0,15,38,9,3,258,0,0.0,1.0,-1.0,-1.8369701987210297e-16,0.0,1,0.0,1,0.0,1,3.0,1,0.0,0.0,0.0,0.0,0.07142857142857142,0.5,1.0363754503432017,0.0,3.0,0.0,0,588.22,0.0,0.0,False,False,False,True,False,False,False,False,False,False,False,False,False,False,False,False,False,False,False,False,False,False,False,False,False,True,False,False,False,False,False,False,False,True,False,False
UAE,Smartwatch,2025-09-16,Electronics,0.0,588.22,,20.0,2.0,0.0,0.0,1,16,38,9,3,259,0,0.7818314824680298,0.6234898018587336,-1.0,-1.8369701987210297e-16,0.0,1,0.0,1,0.0,1,0.0,1,0.0,0.0,0.0,0.0,0.07142857142857142,0.39285714285714285,0.9164862737363229,0.0,3.0,0.0,0,588.22,0.0,0.0,False,False,False,True,False,False,False,False,False,False,False,False,False,False,False,False,False,False,False,False,False,False,False,False,False,True,False,False,False,False,False,False,False,True,False,False
UAE,Smartwatch,2025-09-17,Electronics,2.0,972.5,0.11,20.0,2.0,1.0,0.0,2,17,38,9,3,260,0,0.9749279121818236,-0.22252093395631434,-1.0,-1.8369701987210297e-16,0.0,1,0.0,1,0.0,1,0.0,1,0.0,0.0,0.0,0.0,0.07142857142857142,0.39285714285714285,0.9164862737363229,0.0,3.0,0.0,1,588.22,384.28,0.6532929856176259,False,False,False,True,False,False,False,False,False,False,False,False,False,False,False,False,False,False,False,False,False,False,False,False,False,True,False,False,False,False,False,False,False,True,False,False
UAE,Smartwatch,2025-09-18,Electronics,0.0,972.5,,20.0,2.0,0.0,0.0,3,18,38,9,3,261,0,0.43388373911755823,-0.900968867902419,-1.0,-1.8369701987210297e-16,2.0,1,0.0,1,0.0,1,0.0,1,0.2857142857142857,0.7559289460184601,0.0,2.0,0.21428571428571427,0.4642857142857143,0.9615628812527939,0.0,3.0,0.6153846153846153,0,972.5,0.0,0.0,False,False,False,True,False,False,False,False,False,False,False,False,False,False,False,False,False,False,False,False,False,False,False,False,False,True,False,False,False,False,False,False,False,True,False,False
UAE,Smartwatch,2025-09-19,Electronics,0.0,972.5,,20.0,2.0,0.0,0.0,4,19,38,9,3,262,0,-0.433883739117558,-0.9009688679024191,-1.0,-1.8369701987210297e-16,0.0,1,0.0,1,0.0,1,3.0,1,0.2857142857142857,0.7559289460184601,0.0,2.0,0.21428571428571427,0.4642857142857143,0.9615628812527939,0.0,3.0,0.6153846153846153,0,972.5,0.0,0.0,False,False,False,True,False,False,False,False,False,False,False,False,False,False,False,False,False,False,False,False,False,False,False,False,False,True,False,False,False,False,False,False,False,True,False,False
UAE,Smartwatch,2025-09-20,Electronics,0.0,972.5,,20.0,2.0,0.0,0.0,5,20,38,9,3,263,1,-0.9749279121818236,-0.2225209339563146,-1.0,-1.8369701987210297e-16,0.0,1,0.0,1,1.0,1,0.0,1,0.2857142857142857,0.7559289460184601,0.0,2.0,0.21428571428571427,0.35714285714285715,0.8261595987094037,0.0,3.0,0.7999999999999999,0,972.5,0.0,0.0,False,False,False,True,False,False,False,False,False,False,False,False,False,False,False,False,False,False,False,False,False,False,False,False,False,True,False,False,False,False,False,False,False,True,False,False
UAE,Smartwatch,2025-09-21,Electronics,3.0,1285.29,0.15,20.0,2.0,1.0,0.0,6,21,38,9,3,264,1,-0.7818314824680299,0.6234898018587334,-1.0,-1.8369701987210297e-16,0.0,1,0.0,1,0.0,1,0.0,1,0.2857142857142857,0.7559289460184601,0.0,2.0,0.14285714285714285,0.35714285714285715,0.8261595987094037,0.0,3.0,0.7999999999999999,1,972.5,312.78999999999996,0.32163496143958864,False,False,False,True,False,False,False,False,False,False,False,False,False,False,False,False,False,False,False,False,False,False,False,False,False,True,False,False,False,False,False,False,False,True,False,False
UAE,Smartwatch,2025-09-22,Electronics,0.0,1285.29,,20.0,2.0,0.0,0.0,0,22,39,9,3,265,0,0.0,1.0,-1.0,-1.8369701987210297e-16,3.0,1,0.0,1,0.0,1,3.0,1,0.7142857142857143,1.2535663410560212,0.0,3.0,0.35714285714285715,0.4642857142857143,0.9615628812527939,0.0,3.0,1.5384615384615385,0,1285.29,0.0,0.0,False,False,False,True,False,False,False,False,False,False,False,False,False,False,False,False,False,False,False,False,False,False,False,False,False,True,False,False,False,False,False,False,False,True,False,False
UAE,Smartwatch,2025-09-23,Electronics,3.0,543.28,0.08,20.0,2.0,1.0,0.0,1,23,39,9,3,266,0,0.7818314824680298,0.6234898018587336,-1.0,-1.8369701987210297e-16,0.0,1,0.0,1,0.0,1,0.0,1,0.7142857142857143,1.2535663410560212,0.0,3.0,0.35714285714285715,0.35714285714285715,0.8261595987094037,0.0,3.0,2.0,1,1285.29,-742.01,-0.577309400991216,False,False,False,True,False,False,False,False,False,False,False,False,False,False,False,False,False,False,False,False,False,False,False,False,False,True,False,False,False,False,False,False,False,True,False,False
UAE,Smartwatch,2025-09-24,Electronics,1.0,802.29,0.13,20.0,2.0,1.0,0.0,2,24,39,9,3,267,0,0.9749279121818236,-0.22252093395631434,-1.0,-1.8369701987210297e-16,3.0,1,2.0,1,0.0,1,2.0,1,1.1428571428571428,1.4638501094228031,0.0,3.0,0.5714285714285714,0.4642857142857143,0.9615628812527939,0.0,3.0,2.4615384615384612,1,543.28,259.01,0.476752319246061,False,False,False,True,False,False,False,False,False,False,False,False,False,False,False,False,False,False,False,False,False,False,False,False,False,True,False,False,False,False,False,False,False,True,False,False
UAE,Smartwatch,2025-09-25,Electronics,0.0,802.29,,20.0,2.0,0.0,0.0,3,25,39,9,3,268,0,0.43388373911755823,-0.900968867902419,-1.0,-1.8369701987210297e-16,1.0,1,0.0,1,0.0,1,0.0,1,1.0,1.4142135623730983,0.0,3.0,0.6428571428571429,0.42857142857142855,0.9200874124564724,0.0,3.0,2.3333333333333335,0,802.29,0.0,0.0,False,False,False,True,False,False,False,False,False,False,False,False,False,False,False,False,False,False,False,False,False,False,False,False,False,True,False,False,False,False,False,False,False,True,False,False
UAE,Smartwatch,2025-09-26,Electronics,2.0,551.82,0.14,20.0,2.0,1.0,0.0,4,26,39,9,3,269,0,-0.433883739117558,-0.9009688679024191,-1.0,-1.8369701987210297e-16,0.0,1,0.0,1,0.0,1,0.0,1,1.0,1.4142135623730983,0.0,3.0,0.6428571428571429,0.42857142857142855,0.9200874124564724,0.0,3.0,2.3333333333333335,1,802.29,-250.4699999999999,-0.31219384511834863,False,False,False,True,False,False,False,False,False,False,False,False,False,False,False,False,False,False,False,False,False,False,False,False,False,True,False,False,False,False,False,False,False,True,False,False
UAE,Smartwatch,2025-09-27,Electronics,4.0,470.02,0.03,20.0,2.0,1.0,0.0,5,27,39,9,3,270,1,-0.9749279121818236,-0.2225209339563146,-1.0,-1.8369701987210297e-16,2.0,1,0.0,1,0.0,1,2.0,1,1.2857142857142858,1.380131118684712,0.0,3.0,0.7857142857142857,0.5,0.9622504486493763,0.0,3.0,2.5714285714285716,1,551.82,-81.80000000000007,-0.14823674386575345,False,False,False,True,False,False,False,False,False,False,False,False,False,False,False,False,False,False,False,False,False,False,False,False,False,True,False,False,False,False,False,False,False,True,False,False
UAE,Smartwatch,2025-09-28,Electronics,0.0,470.02,,20.0,2.0,0.0,0.0,6,28,39,9,3,271,1,-0.7818314824680299,0.6234898018587334,-1.0,-1.8369701987210297e-16,4.0,1,3.0,1,0.0,1,0.0,1,1.8571428571428572,1.5735915849388897,0.0,4.0,1.0714285714285714,0.5714285714285714,1.1362241376617956,0.0,4.0,3.2500000000000004,0,470.02,0.0,0.0,False,False,False,True,False,False,False,False,False,False,False,False,False,False,False,False,False,False,False,False,False,False,False,False,False,True,False,False,False,False,False,False,False,True,False,False
UAE,Smartwatch,2025-09-29,Electronics,0.0,470.02,,20.0,2.0,0.0,0.0,0,29,40,9,3,272,0,0.0,1.0,-1.0,-1.8369701987210297e-16,0.0,1,0.0,1,0.0,1,0.0,1,1.4285714285714286,1.6183471874253772,0.0,4.0,1.0714285714285714,0.5714285714285714,1.1362241376617956,0.0,4.0,2.5,0,470.02,0.0,0.0,False,False,False,True,False,False,False,False,False,False,False,False,False,False,False,False,False,False,False,False,False,False,False,False,False,True,False,False,False,False,False,False,False,True,False,False
UAE,Smartwatch,2025-09-30,Electronics,3.0,1319.45,0.11,20.0,2.0,1.0,0.0,1,30,40,9,3,273,0,0.7818314824680298,0.6234898018587336,-1.0,-1.8369701987210297e-16,0.0,1,3.0,1,0.0,1,0.0,1,1.4285714285714286,1.6183471874253772,0.0,4.0,1.0714285714285714,0.5714285714285714,1.1362241376617956,0.0,4.0,2.5,1,470.02,849.4300000000001,1.8072209693204546,False,False,False,True,False,False,False,False,False,False,False,False,False,False,False,False,False,False,False,False,False,False,False,False,False,True,False,False,False,False,False,False,False,True,False,False
UAE,Smartwatch,2025-10-01,Electronics,0.0,1319.45,,20.0,2.0,0.0,0.0,2,1,40,10,4,274,0,0.9749279121818236,-0.22252093395631434,-0.8660254037844386,0.5000000000000001,3.0,1,1.0,1,2.0,1,0.0,1,1.4285714285714286,1.6183471874253772,0.0,4.0,1.2857142857142858,0.6785714285714286,1.218790275416462,0.0,4.0,2.1052631578947367,0,1319.45,0.0,0.0,False,False,False,True,False,False,False,False,False,False,False,False,False,False,False,False,False,False,False,False,False,False,False,False,False,True,False,False,False,False,False,False,False,True,False,False
UAE,Smartwatch,2025-10-02,Electronics,3.0,107.31,0.01,20.0,2.0,1.0,0.0,3,2,40,10,4,275,0,0.43388373911755823,-0.900968867902419,-0.8660254037844386,0.5000000000000001,0.0,1,0.0,1,0.0,1,0.0,1,1.2857142857142858,1.7043362064926961,0.0,4.0,1.1428571428571428,0.6785714285714286,1.218790275416462,0.0,4.0,1.8947368421052633,1,1319.45,-1212.14,-0.9186706582288076,False,False,False,True,False,False,False,False,False,False,False,False,False,False,False,False,False,False,False,False,False,False,False,False,False,True,False,False,False,False,False,False,False,True,False,False
UAE,Smartwatch,2025-10-03,Electronics,0.0,107.31,,20.0,2.0,0.0,0.0,4,3,40,10,4,276,0,-0.433883739117558,-0.9009688679024191,-0.8660254037844386,0.5000000000000001,3.0,1,2.0,1,0.0,1,0.0,1,1.7142857142857142,1.7043362064926966,0.0,4.0,1.3571428571428572,0.7857142857142857,1.2868895275370982,0.0,4.0,2.1818181818181817,0,107.31,0.0,0.0,False,False,False,True,False,False,False,False,False,False,False,False,False,False,False,False,False,False,False,False,False,False,False,False,False,True,False,False,False,False,False,False,False,True,False,False
UAE,Smartwatch,2025-10-04,Electronics,0.0,107.31,,20.0,2.0,0.0,0.0,5,4,40,10,4,277,1,-0.9749279121818236,-0.2225209339563146,-0.8660254037844386,0.5000000000000001,0.0,1,4.0,1,0.0,1,1.0,1,1.4285714285714286,1.8126539343499342,0.0,4.0,1.3571428571428572,0.7857142857142857,1.2868895275370982,0.0,4.0,1.8181818181818183,0,107.31,0.0,0.0,False,False,False,True,False,False,False,False,False,False,False,False,False,False,False,False,False,False,False,False,False,False,False,False,False,True,False,False,False,False,False,False,False,True,False,False
UAE,Smartwatch,2025-10-05,Electronics,0.0,107.31,,20.0,2.0,0.0,0.0,6,5,40,10,4,278,1,-0.7818314824680299,0.6234898018587334,-0.8660254037844386,0.5000000000000001,0.0,1,0.0,1,3.0,1,0.0,1,0.8571428571428571,1.4638501094228031,0.0,3.0,1.3571428571428572,0.75,1.2945755775256713,0.0,4.0,1.1428571428571428,0,107.31,0.0,0.0,False,False,False,True,False,False,False,False,False,False,False,False,False,False,False,False,False,False,False,False,False,False,False,False,False,True,False,False,False,False,False,False,False,True,False,False
UAE,Smartwatch,2025-10-06,Electronics,1.0,202.43,0.01,20.0,2.0,1.0,0.0,0,6,41,10,4,279,0,0.0,1.0,-0.8660254037844386,0.5000000000000001,0.0,1,0.0,1,0.0,1,0.0,1,0.8571428571428571,1.4638501094228031,0.0,3.0,1.1428571428571428,0.75,1.2945755775256713,0.0,4.0,1.1428571428571428,1,107.31,95.12,0.8864038766191409,False,False,False,True,False,False,False,False,False,False,False,False,False,False,False,False,False,False,False,False,False,False,False,False,False,True,False,False,False,False,False,False,False,True,False,False
UAE,Smartwatch,2025-10-07,Electronics,0.0,202.43,,20.0,2.0,0.0,0.0,1,7,41,10,4,280,0,0.7818314824680298,0.6234898018587336,-0.8660254037844386,0.5000000000000001,1.0,1,3.0,1,3.0,1,0.0,1,1.0,1.4142135623730985,0.0,3.0,1.2142857142857142,0.7857142857142857,1.2868895275370982,0.0,4.0,1.2727272727272727,0,202.43,0.0,0.0,False,False,False,True,False,False,False,False,False,False,False,False,False,False,False,False,False,False,False,False,False,False,False,False,False,True,False,False,False,False,False,False,False,True,False,False
UAE,Smartwatch,2025-10-08,Electronics,3.0,771.9449999999999,0.08,20.0,2.0,1.0,0.0,2,8,41,10,4,281,0,0.9749279121818236,-0.22252093395631434,-0.8660254037844386,0.5000000000000001,0.0,1,0.0,1,1.0,1,0.0,1,0.5714285714285714,1.133893419027686,0.0,3.0,1.0,0.7857142857142857,1.2868895275370982,0.0,4.0,0.7272727272727273,1,202.43,569.5149999999999,2.8133922837524077,False,False,False,True,False,False,False,False,False,False,False,False,False,False,False,False,False,False,False,False,False,False,False,False,False,True,False,False,False,False,False,False,False,True,False,False
UAE,Smartwatch,2025-10-09,Electronics,0.0,771.9449999999999,,20.0,2.0,0.0,0.0,3,9,41,10,4,282,0,0.43388373911755823,-0.900968867902419,-0.8660254037844386,0.5000000000000001,3.0,1,3.0,1,0.0,1,0.0,1,1.0,1.4142135623730983,0.0,3.0,1.1428571428571428,0.8928571428571429,1.342724861209493,0.0,4.0,1.1199999999999999,0,771.9449999999999,0.0,0.0,False,False,False,True,False,False,False,False,False,False,False,False,False,False,False,False,False,False,False,False,False,False,False,False,False,True,False,False,False,False,False,False,False,True,False,False
UAE,Smartwatch,2025-10-10,Electronics,0.0,771.9449999999999,,20.0,2.0,0.0,0.0,4,10,41,10,4,283,0,-0.433883739117558,-0.9009688679024191,-0.8660254037844386,0.5000000000000001,0.0,1,0.0,1,2.0,1,0.0,1,0.5714285714285714,1.133893419027686,0.0,3.0,1.1428571428571428,0.8928571428571429,1.342724861209493,0.0,4.0,0.6399999999999999,0,771.9449999999999,0.0,0.0,False,False,False,True,False,False,False,False,False,False,False,False,False,False,False,False,False,False,False,False,False,False,False,False,False,True,False,False,False,False,False,False,False,True,False,False
UAE,Smartwatch,2025-10-11,Electronics,2.0,1134.21,0.13,20.0,2.0,1.0,0.0,5,11,41,10,4,284,1,-0.9749279121818236,-0.2225209339563146,-0.8660254037844386,0.5000000000000001,0.0,1,0.0,1,4.0,1,0.0,1,0.5714285714285714,1.133893419027686,0.0,3.0,1.0,0.8928571428571429,1.342724861209493,0.0,4.0,0.6399999999999999,1,771.9449999999999,362.2650000000001,0.4692886151215438,False,False,False,True,False,False,False,False,False,False,False,False,False,False,False,False,False,False,False,False,False,False,False,False,False,True,False,False,False,False,False,False,False,True,False,False
UAE,Smartwatch,2025-10-12,Electronics,0.0,1134.21,,20.0,2.0,0.0,0.0,6,12,41,10,4,285,1,-0.7818314824680299,0.6234898018587334,-0.8660254037844386,0.5000000000000001,2.0,1,0.0,1,0.0,1,0.0,1,0.8571428571428571,1.2149857925879157,0.0,3.0,0.8571428571428571,0.9642857142857143,1.3466595945123114,0.0,4.0,0.8888888888888888,0,1134.21,0.0,0.0,False,False,False,True,False,False,False,False,False,False,False,False,False,False,False,False,False,False,False,False,False,False,False,False,False,True,False,False,False,False,False,False,False,True,False,False
UAE,Smartwatch,2025-10-13,Electronics,2.0,1391.4,0.04,20.0,2.0,1.0,0.0,0,13,42,10,4,286,0,0.0,1.0,-0.8660254037844386,0.5000000000000001,0.0,1,1.0,1,0.0,1,0.0,1,0.8571428571428571,1.2149857925879157,0.0,3.0,0.8571428571428571,0.9642857142857143,1.3466595945123114,0.0,4.0,0.8888888888888888,1,1134.21,257.19000000000005,0.22675694977120642,False,False,False,True,False,False,False,False,False,False,False,False,False,False,False,False,False,False,False,False,False,False,False,False,False,True,False,False,False,False,False,False,False,True,False,False
UAE,Smartwatch,2025-10-14,Electronics,0.0,1391.4,,20.0,2.0,0.0,0.0,1,14,42,10,4,287,0,0.7818314824680298,0.6234898018587336,-0.8660254037844386,0.5000000000000001,2.0,1,0.0,1,3.0,1,0.0,1,1.0,1.2909944487358094,0.0,3.0,1.0,1.0357142857142858,1.3466595945123114,0.0,4.0,0.9655172413793103,0,1391.4,0.0,0.0,False,False,False,True,False,False,False,False,False,False,False,False,False,False,False,False,False,False,False,False,False,False,False,False,False,True,False,False,False,False,False,False,False,True,False,False
UAE,Smartwatch,2025-10-15,Electronics,0.0,1391.4,,20.0,2.0,0.0,0.0,2,15,42,10,4,288,0,0.9749279121818236,-0.22252093395631434,-0.8660254037844386,0.5000000000000001,0.0,1,3.0,1,0.0,1,2.0,1,1.0,1.2909944487358094,0.0,3.0,0.7857142857142857,1.0357142857142858,1.3466595945123114,0.0,4.0,0.9655172413793103,0,1391.4,0.0,0.0,False,False,False,True,False,False,False,False,False,False,False,False,False,False,False,False,False,False,False,False,False,False,False,False,False,True,False,False,False,False,False,False,False,True,False,False
UAE,Smartwatch,2025-10-16,Electronics,0.0,1391.4,,20.0,2.0,0.0,0.0,3,16,42,10,4,289,0,0.43388373911755823,-0.900968867902419,-0.8660254037844386,0.5000000000000001,0.0,1,0.0,1,3.0,1,0.0,1,0.5714285714285714,0.975900072948538,0.0,2.0,0.7857142857142857,0.9642857142857143,1.3466595945123114,0.0,4.0,0.5925925925925926,0,1391.4,0.0,0.0,False,False,False,True,False,False,False,False,False,False,False,False,False,False,False,False,False,False,False,False,False,False,False,False,False,True,False,False,False,False,False,False,False,True,False,False
UAE,Smartwatch,2025-10-17,Electronics,0.0,1391.4,,20.0,2.0,0.0,0.0,4,17,42,10,4,290,0,-0.433883739117558,-0.9009688679024191,-0.8660254037844386,0.5000000000000001,0.0,1,0.0,1,0.0,1,0.0,1,0.5714285714285714,0.975900072948538,0.0,2.0,0.5714285714285714,0.9642857142857143,1.3466595945123114,0.0,4.0,0.5925925925925926,0,1391.4,0.0,0.0,False,False,False,True,False,False,False,False,False,False,False,False,False,False,False,False,False,False,False,False,False,False,False,False,False,True,False,False,False,False,False,False,False,True,False,False
UAE,Smartwatch,2025-10-18,Electronics,0.0,1391.4,,20.0,2.0,0.0,0.0,5,18,42,10,4,291,1,-0.9749279121818236,-0.2225209339563146,-0.8660254037844386,0.5000000000000001,0.0,1,2.0,1,0.0,1,0.0,1,0.5714285714285714,0.975900072948538,0.0,2.0,0.5714285714285714,0.9642857142857143,1.3466595945123114,0.0,4.0,0.5925925925925926,0,1391.4,0.0,0.0,False,False,False,True,False,False,False,False,False,False,False,False,False,False,False,False,False,False,False,False,False,False,False,False,False,True,False,False,False,False,False,False,False,True,False,False
UAE,Smartwatch,2025-10-19,Electronics,0.0,1391.4,,20.0,2.0,0.0,0.0,6,19,42,10,4,292,1,-0.7818314824680299,0.6234898018587334,-0.8660254037844386,0.5000000000000001,0.0,1,0.0,1,0.0,1,3.0,1,0.2857142857142857,0.7559289460184605,0.0,2.0,0.5714285714285714,0.9642857142857143,1.3466595945123114,0.0,4.0,0.2962962962962963,0,1391.4,0.0,0.0,False,False,False,True,False,False,False,False,False,False,False,False,False,False,False,False,False,False,False,False,False,False,False,False,False,True,False,False,False,False,False,False,False,True,False,False
UAE,Smartwatch,2025-10-20,Electronics,0.0,1391.4,,20.0,2.0,0.0,0.0,0,20,43,10,4,293,0,0.0,1.0,-0.8660254037844386,0.5000000000000001,0.0,1,2.0,1,1.0,1,0.0,1,0.2857142857142857,0.7559289460184605,0.0,2.0,0.5714285714285714,0.8571428571428571,1.2971274735120224,0.0,4.0,0.3333333333333333,0,1391.4,0.0,0.0,False,False,False,True,False,False,False,False,False,False,False,False,False,False,False,False,False,False,False,False,False,False,False,False,False,True,False,False,False,False,False,False,False,True,False,False
UAE,Smartwatch,2025-10-21,Electronics,0.0,1391.4,,20.0,2.0,0.0,0.0,1,21,43,10,4,294,0,0.7818314824680298,0.6234898018587336,-0.8660254037844386,0.5000000000000001,0.0,1,0.0,1,0.0,1,3.0,1,0.0,0.0,0.0,0.0,0.5,0.8571428571428571,1.2971274735120224,0.0,4.0,0.0,0,1391.4,0.0,0.0,False,False,False,True,False,False,False,False,False,False,False,False,False,False,False,False,False,False,False,False,False,False,False,False,False,True,False,False,False,False,False,False,False,True,False,False
UAE,Smartwatch,2025-10-22,Electronics,0.0,1391.4,,20.0,2.0,0.0,0.0,2,22,43,10,4,295,0,0.9749279121818236,-0.22252093395631434,-0.8660254037844386,0.5000000000000001,0.0,1,0.0,1,3.0,1,1.0,1,0.0,0.0,0.0,0.0,0.5,0.75,1.2360330811826103,0.0,4.0,0.0,0,1391.4,0.0,0.0,False,False,False,True,False,False,False,False,False,False,False,False,False,False,False,False,False,False,False,False,False,False,False,False,False,True,False,False,False,False,False,False,False,True,False,False
UAE,Smartwatch,2025-10-23,Electronics,2.0,1129.04,0.0,20.0,2.0,0.0,0.0,3,23,43,10,4,296,0,0.43388373911755823,-0.900968867902419,-0.8660254037844386,0.5000000000000001,0.0,1,0.0,1,0.0,1,0.0,1,0.0,0.0,0.0,0.0,0.2857142857142857,0.7142857142857143,1.2429696476477392,0.0,4.0,0.0,0,1391.4,-262.3600000000001,-0.1885582866177951,False,False,False,True,False,False,False,False,False,False,False,False,False,False,False,False,False,False,False,False,False,False,False,False,False,True,False,False,False,False,False,False,False,True,False,False
UAE,Smartwatch,2025-10-24,Electronics,2.0,1074.62,0.07,20.0,2.0,1.0,0.0,4,24,43,10,4,297,0,-0.433883739117558,-0.9009688679024191,-0.8660254037844386,0.5000000000000001,2.0,1,0.0,1,0.0,1,2.0,1,0.2857142857142857,0.7559289460184605,0.0,2.0,0.42857142857142855,0.7857142857142857,1.2577800213115893,0.0,4.0,0.36363636363636365,1,1129.04,-54.42000000000007,-0.04820024091263381,False,False,False,True,False,False,False,False,False,False,False,False,False,False,False,False,False,False,False,False,False,False,False,False,False,True,False,False,False,False,False,False,False,True,False,False
UAE,Smartwatch,2025-10-25,Electronics,1.0,1167.94,0.08,20.0,2.0,1.0,0.0,5,25,43,10,4,298,1,-0.9749279121818236,-0.2225209339563146,-0.8660254037844386,0.5000000000000001,2.0,1,0.0,1,2.0,1,4.0,1,0.5714285714285714,0.975900072948538,0.0,2.0,0.5714285714285714,0.7857142857142857,1.2577800213115893,0.0,4.0,0.7272727272727273,1,1074.62,93.32000000000016,0.08683999925555096,False,False,False,True,False,False,False,False,False,False,False,False,False,False,False,False,False,False,False,False,False,False,False,False,False,True,False,False,False,False,False,False,False,True,False,False
UAE,Smartwatch,2025-10-26,Electronics,0.0,1167.94,,20.0,2.0,0.0,0.0,6,26,43,10,4,299,1,-0.7818314824680299,0.6234898018587334,-0.8660254037844386,0.5000000000000001,1.0,1,0.0,1,0.0,1,0.0,1,0.7142857142857143,0.9511897312113469,0.0,2.0,0.5,0.6785714285714286,1.0904831219021407,0.0,3.0,1.0526315789473684,0,1167.94,0.0,0.0,False,False,False,True,False,False,False,False,False,False,False,False,False,False,False,False,False,False,False,False,False,False,False,False,False,True,False,False,False,False,False,False,False,True,False,False
UAE,Smartwatch,2025-10-27,Electronics,0.0,1167.94,,20.0,2.0,0.0,0.0,0,27,44,10,4,300,0,0.0,1.0,-0.8660254037844386,0.5000000000000001,0.0,1,0.0,1,2.0,1,0.0,1,0.7142857142857143,0.9511897312113469,0.0,2.0,0.5,0.6785714285714286,1.0904831219021407,0.0,3.0,1.0526315789473684,0,1167.94,0.0,0.0,False,False,False,True,False,False,False,False,False,False,False,False,False,False,False,False,False,False,False,False,False,False,False,False,False,True,False,False,False,False,False,False,False,True,False,False
UAE,Smartwatch,2025-10-28,Electronics,0.0,1167.94,,20.0,2.0,0.0,0.0,1,28,44,10,4,301,0,0.7818314824680298,0.6234898018587336,-0.8660254037844386,0.5000000000000001,0.0,1,0.0,1,0.0,1,3.0,1,0.7142857142857143,0.9511897312113469,0.0,2.0,0.35714285714285715,0.6785714285714286,1.0904831219021407,0.0,3.0,1.0526315789473684,0,1167.94,0.0,0.0,False,False,False,True,False,False,False,False,False,False,False,False,False,False,False,False,False,False,False,False,False,False,False,False,False,True,False,False,False,False,False,False,False,True,False,False
UAE,Smartwatch,2025-10-29,Electronics,0.0,1167.94,,20.0,2.0,0.0,0.0,2,29,44,10,4,302,0,0.9749279121818236,-0.22252093395631434,-0.8660254037844386,0.5000000000000001,0.0,1,0.0,1,0.0,1,0.0,1,0.7142857142857143,0.9511897312113469,0.0,2.0,0.35714285714285715,0.5714285714285714,0.9973509887241275,0.0,3.0,1.25,0,1167.94,0.0,0.0,False,False,False,True,False,False,False,False,False,False,False,False,False,False,False,False,False,False,False,False,False,False,False,False,False,True,False,False,False,False,False,False,False,True,False,False
UAE,Smartwatch,2025-10-30,Electronics,0.0,1167.94,,20.0,2.0,0.0,0.0,3,30,44,10,4,303,0,0.43388373911755823,-0.900968867902419,-0.8660254037844386,0.5000000000000001,0.0,1,2.0,1,0.0,1,3.0,1,0.7142857142857143,0.9511897312113469,0.0,2.0,0.35714285714285715,0.5714285714285714,0.9973509887241275,0.0,3.0,1.25,0,1167.94,0.0,0.0,False,False,False,True,False,False,False,False,False,False,False,False,False,False,False,False,False,False,False,False,False,False,False,False,False,True,False,False,False,False,False,False,False,True,False,False
UAE,Smartwatch,2025-10-31,Electronics,0.0,1167.94,,20.0,2.0,0.0,0.0,4,31,44,10,4,304,0,-0.433883739117558,-0.9009688679024191,-0.8660254037844386,0.5000000000000001,0.0,1,2.0,1,0.0,1,0.0,1,0.42857142857142855,0.7867957924694491,0.0,2.0,0.35714285714285715,0.4642857142857143,0.8811668550592598,0.0,3.0,0.923076923076923,0,1167.94,0.0,0.0,False,False,False,True,False,False,False,False,False,False,False,False,False,False,False,False,False,False,False,False,False,False,False,False,False,True,False,False,False,False,False,False,False,True,False,False
UAE,Smartwatch,2025-11-01,Electronics,4.0,1057.2,0.19,20.0,2.0,1.0,0.0,5,1,44,11,4,305,1,-0.9749279121818236,-0.2225209339563146,-0.5000000000000004,0.8660254037844384,0.0,1,1.0,1,0.0,1,0.0,1,0.14285714285714285,0.37796447300923947,0.0,1.0,0.35714285714285715,0.4642857142857143,0.8811668550592598,0.0,3.0,0.30769230769230765,1,1167.94,-110.74000000000001,-0.09481651454698016,False,False,False,True,False,False,False,False,False,False,False,False,False,False,False,False,False,False,False,False,False,False,False,False,False,True,False,False,False,False,False,False,False,True,False,False
UAE,Smartwatch,2025-11-02,Electronics,3.0,1076.77,0.25,20.0,2.0,1.0,0.0,6,2,44,11,4,306,1,-0.7818314824680299,0.6234898018587334,-0.5000000000000004,0.8660254037844384,4.0,1,0.0,1,0.0,1,0.0,1,0.5714285714285714,1.511857892036912,0.0,4.0,0.6428571428571429,0.6071428571428571,1.1001442906807546,0.0,4.0,0.9411764705882353,1,1057.2,19.569999999999936,0.018511161558834595,False,False,False,True,False,False,False,False,False,False,False,False,False,False,False,False,False,False,False,False,False,False,False,False,False,True,False,False,False,False,False,False,False,True,False,False
UAE,Smartwatch,2025-11-03,Electronics,0.0,1076.77,,20.0,2.0,0.0,0.0,0,3,45,11,4,307,0,0.0,1.0,-0.5000000000000004,0.8660254037844384,3.0,1,0.0,1,0.0,1,1.0,1,1.0,1.73205080756888,0.0,4.0,0.8571428571428571,0.7142857142857143,1.1818736805705576,0.0,4.0,1.4,0,1076.77,0.0,0.0,False,False,False,True,False,False,False,False,False,False,False,False,False,False,False,False,False,False,False,False,False,False,False,False,False,True,False,False,False,False,False,False,False,True,False,False
UAE,Smartwatch,2025-11-04,Electronics,0.0,1076.77,,20.0,2.0,0.0,0.0,1,4,45,11,4,308,0,0.7818314824680298,0.6234898018587336,-0.5000000000000004,0.8660254037844384,0.0,1,0.0,1,0.0,1,0.0,1,1.0,1.73205080756888,0.0,4.0,0.8571428571428571,0.6785714285714286,1.1880133254200733,0.0,4.0,1.4736842105263157,0,1076.77,0.0,0.0,False,False,False,True,False,False,False,False,False,False,False,False,False,False,False,False,False,False,False,False,False,False,False,False,False,True,False,False,False,False,False,False,False,True,False,False
UAE,Smartwatch,2025-11-05,Electronics,0.0,1076.77,,20.0,2.0,0.0,0.0,2,5,45,11,4,309,0,0.9749279121818236,-0.22252093395631434,-0.5000000000000004,0.8660254037844384,0.0,1,0.0,1,0.0,1,3.0,1,1.0,1.73205080756888,0.0,4.0,0.8571428571428571,0.6785714285714286,1.1880133254200733,0.0,4.0,1.4736842105263157,0,1076.77,0.0,0.0,False,False,False,True,False,False,False,False,False,False,False,False,False,False,False,False,False,False,False,False,False,False,False,False,False,True,False,False,False,False,False,False,False,True,False,False
UAE,Smartwatch,2025-11-06,Electronics,2.0,218.35,0.2,20.0,2.0,1.0,0.0,3,6,45,11,4,310,0,0.43388373911755823,-0.900968867902419,-0.5000000000000004,0.8660254037844384,0.0,1,0.0,1,2.0,1,0.0,1,1.0,1.73205080756888,0.0,4.0,0.8571428571428571,0.5714285714285714,1.1031460542154956,0.0,4.0,1.75,1,1076.77,-858.42,-0.7972176045023542,False,False,False,True,False,False,False,False,False,False,False,False,False,False,False,False,False,False,False,False,False,False,False,False,False,True,False,False,False,False,False,False,False,True,False,False
UAE,Smartwatch,2025-11-07,Electronics,3.0,727.39,0.16,20.0,2.0,1.0,0.0,4,7,45,11,4,311,0,-0.433883739117558,-0.9009688679024191,-0.5000000000000004,0.8660254037844384,2.0,1,0.0,1,2.0,1,0.0,1,1.2857142857142858,1.7043362064926961,0.0,4.0,0.8571428571428571,0.6428571428571429,1.1292175499576134,0.0,4.0,2.0,1,218.35,509.03999999999996,2.3313029539729793,False,False,False,True,False,False,False,False,False,False,False,False,False,False,False,False,False,False,False,False,False,False,False,False,False,True,False,False,False,False,False,False,False,True,False,False
UAE,Smartwatch,2025-11-08,Electronics,8.0,858.635,0.25,20.0,2.0,1.0,1.0,5,8,45,11,4,312,1,-0.9749279121818236,-0.2225209339563146,-0.5000000000000004,0.8660254037844384,3.0,1,4.0,1,1.0,1,2.0,1,1.7142857142857142,1.7043362064926961,0.0,4.0,0.9285714285714286,0.75,1.205696356345039,0.0,4.0,2.2857142857142856,1,727.39,131.245,0.18043278021419046,False,False,False,True,False,False,False,False,False,False,False,False,False,False,False,False,False,False,False,False,False,False,False,False,False,True,False,False,False,False,False,False,False,True,False,False
UAE,Smartwatch,2025-11-09,Electronics,0.0,858.635,,20.0,2.0,0.0,0.0,6,9,45,11,4,313,1,-0.7818314824680299,0.6234898018587334,-0.5000000000000004,0.8660254037844384,8.0,1,3.0,1,0.0,1,0.0,1,2.2857142857142856,2.8702082220799325,0.0,8.0,1.4285714285714286,0.9642857142857143,1.8152061990235555,0.0,8.0,2.3703703703703702,0,858.635,0.0,0.0,False,False,False,True,False,False,False,False,False,False,False,False,False,False,False,False,False,False,False,False,False,False,False,False,False,True,False,False,False,False,False,False,False,True,False,False
UAE,Smartwatch,2025-11-10,Electronics,0.0,858.635,,20.0,2.0,0.0,0.0,0,10,46,11,4,314,0,0.0,1.0,-0.5000000000000004,0.8660254037844384,0.0,1,0.0,1,0.0,1,2.0,1,1.8571428571428572,2.96808419852332,0.0,8.0,1.4285714285714286,0.9642857142857143,1.8152061990235555,0.0,8.0,1.925925925925926,0,858.635,0.0,0.0,False,False,False,True,False,False,False,False,False,False,False,False,False,False,False,False,False,False,False,False,False,False,False,False,False,True,False,False,False,False,False,False,False,True,False,False
UAE,Smartwatch,2025-11-11,Electronics,0.0,858.635,,20.0,2.0,0.0,0.0,1,11,46,11,4,315,0,0.7818314824680298,0.6234898018587336,-0.5000000000000004,0.8660254037844384,0.0,1,0.0,1,0.0,1,0.0,1,1.8571428571428572,2.96808419852332,0.0,8.0,1.4285714285714286,0.8928571428571429,1.8122890316921123,0.0,8.0,2.08,0,858.635,0.0,0.0,False,False,False,True,False,False,False,False,False,False,False,False,False,False,False,False,False,False,False,False,False,False,False,False,False,True,False,False,False,False,False,False,False,True,False,False
UAE,Smartwatch,2025-11-12,Electronics,3.0,1193.88,0.27,20.0,2.0,1.0,0.0,2,12,46,11,4,316,0,0.9749279121818236,-0.22252093395631434,-0.5000000000000004,0.8660254037844384,0.0,1,0.0,1,0.0,1,0.0,1,1.8571428571428572,2.96808419852332,0.0,8.0,1.4285714285714286,0.8928571428571429,1.8122890316921123,0.0,8.0,2.08,1,858.635,335.2450000000001,0.39043947661113293,False,False,False,True,False,False,False,False,False,False,False,False,False,False,False,False,False,False,False,False,False,False,False,False,False,True,False,False,False,False,False,False,False,True,False,False
UAE,Smartwatch,2025-11-13,Electronics,0.0,1193.88,,20.0,2.0,0.0,0.0,3,13,46,11,4,317,0,0.43388373911755823,-0.900968867902419,-0.5000000000000004,0.8660254037844384,3.0,1,2.0,1,0.0,1,0.0,1,2.2857142857142856,2.8702082220799325,0.0,8.0,1.6428571428571428,1.0,1.8459164139817943,0.0,8.0,2.2857142857142856,0,1193.88,0.0,0.0,False,False,False,True,False,False,False,False,False,False,False,False,False,False,False,False,False,False,False,False,False,False,False,False,False,True,False,False,False,False,False,False,False,True,False,False
UAE,Smartwatch,2025-11-14,Electronics,2.0,234.22,0.29,20.0,2.0,1.0,0.0,4,14,46,11,4,318,0,-0.433883739117558,-0.9009688679024191,-0.5000000000000004,0.8660254037844384,0.0,1,3.0,1,0.0,1,0.0,1,2.0,3.0000000000000013,0.0,8.0,1.6428571428571428,1.0,1.8459164139817943,0.0,8.0,2.0,1,1193.88,-959.6600000000001,-0.80381612892418,False,False,False,True,False,False,False,False,False,False,False,False,False,False,False,False,False,False,False,False,False,False,False,False,False,True,False,False,False,False,False,False,False,True,False,False
UAE,Smartwatch,2025-11-15,Electronics,0.0,234.22,,20.0,2.0,0.0,0.0,5,15,46,11,4,319,1,-0.9749279121818236,-0.2225209339563146,-0.5000000000000004,0.8660254037844384,2.0,1,8.0,1,4.0,1,0.0,1,1.8571428571428572,2.96808419852332,0.0,8.0,1.7857142857142858,1.0714285714285714,1.844482692278895,0.0,8.0,1.7333333333333334,0,234.22,0.0,0.0,False,False,False,True,False,False,False,False,False,False,False,False,False,False,False,False,False,False,False,False,False,False,False,False,False,True,False,False,False,False,False,False,False,True,False,False
UAE,Smartwatch,2025-11-16,Electronics,8.0,551.825,0.21,20.0,2.0,1.0,1.0,6,16,46,11,4,320,1,-0.7818314824680299,0.6234898018587334,-0.5000000000000004,0.8660254037844384,0.0,1,0.0,1,3.0,1,0.0,1,0.7142857142857143,1.2535663410560214,0.0,3.0,1.5,1.0714285714285714,1.844482692278895,0.0,8.0,0.6666666666666667,1,234.22,317.605,1.3560114422337974,False,False,False,True,False,False,False,False,False,False,False,False,False,False,False,False,False,False,False,False,False,False,False,False,False,True,False,False,False,False,False,False,False,True,False,False
UAE,Smartwatch,2025-11-17,Electronics,0.0,551.825,,20.0,2.0,0.0,0.0,0,17,47,11,4,321,0,0.0,1.0,-0.5000000000000004,0.8660254037844384,8.0,1,0.0,1,0.0,1,0.0,1,1.8571428571428572,2.96808419852332,0.0,8.0,1.8571428571428572,1.3571428571428572,2.247867890448647,0.0,8.0,1.368421052631579,0,551.825,0.0,0.0,False,False,False,True,False,False,False,False,False,False,False,False,False,False,False,False,False,False,False,False,False,False,False,False,False,True,False,False,False,False,False,False,False,True,False,False
UAE,Smartwatch,2025-11-18,Electronics,0.0,551.825,,20.0,2.0,0.0,0.0,1,18,47,11,4,322,0,0.7818314824680298,0.6234898018587336,-0.5000000000000004,0.8660254037844384,0.0,1,0.0,1,0.0,1,0.0,1,1.8571428571428572,2.96808419852332,0.0,8.0,1.8571428571428572,1.3571428571428572,2.247867890448647,0.0,8.0,1.368421052631579,0,551.825,0.0,0.0,False,False,False,True,False,False,False,False,False,False,False,False,False,False,False,False,False,False,False,False,False,False,False,False,False,True,False,False,False,False,False,False,False,True,False,False
UAE,Smartwatch,2025-11-19,Electronics,0.0,551.825,,20.0,2.0,0.0,0.0,2,19,47,11,4,323,0,0.9749279121818236,-0.22252093395631434,-0.5000000000000004,0.8660254037844384,0.0,1,3.0,1,0.0,1,0.0,1,1.8571428571428572,2.96808419852332,0.0,8.0,1.8571428571428572,1.3571428571428572,2.247867890448647,0.0,8.0,1.368421052631579,0,551.825,0.0,0.0,False,False,False,True,False,False,False,False,False,False,False,False,False,False,False,False,False,False,False,False,False,False,False,False,False,True,False,False,False,False,False,False,False,True,False,False
UAE,Smartwatch,2025-11-20,Electronics,0.0,551.825,,20.0,2.0,0.0,0.0,3,20,47,11,4,324,0,0.43388373911755823,-0.900968867902419,-0.5000000000000004,0.8660254037844384,0.0,1,0.0,1,2.0,1,2.0,1,1.4285714285714286,2.992052966172384,0.0,8.0,1.8571428571428572,1.3571428571428572,2.247867890448647,0.0,8.0,1.0526315789473684,0,551.825,0.0,0.0,False,False,False,True,False,False,False,False,False,False,False,False,False,False,False,False,False,False,False,False,False,False,False,False,False,True,False,False,False,False,False,False,False,True,False,False
UAE,Smartwatch,2025-11-21,Electronics,4.0,1305.48,0.21,20.0,2.0,1.0,0.0,4,21,47,11,4,325,0,-0.433883739117558,-0.9009688679024191,-0.5000000000000004,0.8660254037844384,0.0,1,2.0,1,3.0,1,2.0,1,1.4285714285714286,2.992052966172384,0.0,8.0,1.7142857142857142,1.2857142857142858,2.2584350999152267,0.0,8.0,1.1111111111111112,1,551.825,753.655,1.3657500113260543,False,False,False,True,False,False,False,False,False,False,False,False,False,False,False,False,False,False,False,False,False,False,False,False,False,True,False,False,False,False,False,False,False,True,False,False
UAE,Smartwatch,2025-11-22,Electronics,3.0,1109.7,0.2,20.0,2.0,1.0,0.0,5,22,47,11,4,326,1,-0.9749279121818236,-0.2225209339563146,-0.5000000000000004,0.8660254037844384,4.0,1,0.0,1,8.0,1,1.0,1,1.7142857142857142,3.147183169877774,0.0,8.0,1.7857142857142858,1.3571428571428572,2.312835132301122,0.0,8.0,1.263157894736842,1,1305.48,-195.77999999999997,-0.14996782792536076,False,False,False,True,False,False,False,False,False,False,False,False,False,False,False,False,False,False,False,False,False,False,False,False,False,True,False,False,False,False,False,False,False,True,False,False
UAE,Smartwatch,2025-11-23,Electronics,3.0,676.5,0.18,20.0,2.0,1.0,0.0,6,23,47,11,4,327,1,-0.7818314824680299,0.6234898018587334,-0.5000000000000004,0.8660254037844384,3.0,1,8.0,1,0.0,1,0.0,1,2.142857142857143,3.0783421635988564,0.0,8.0,1.4285714285714286,1.4285714285714286,2.3321992708929136,0.0,8.0,1.5,1,1109.7,-433.20000000000005,-0.3903757772370911,False,False,False,True,False,False,False,False,False,False,False,False,False,False,False,False,False,False,False,False,False,False,False,False,False,True,False,False,False,False,False,False,False,True,False,False
UAE,Smartwatch,2025-11-24,Electronics,0.0,676.5,,20.0,2.0,0.0,0.0,0,24,48,11,4,328,0,0.0,1.0,-0.5000000000000004,0.8660254037844384,3.0,1,0.0,1,0.0,1,0.0,1,1.4285714285714286,1.812653934349934,0.0,4.0,1.6428571428571428,1.5357142857142858,2.3330498694030717,0.0,8.0,0.9302325581395349,0,676.5,0.0,0.0,False,False,False,True,False,False,False,False,False,False,False,False,False,False,False,False,False,False,False,False,False,False,False,False,False,True,False,False,False,False,False,False,False,True,False,False
UAE,Smartwatch,2025-11-25,Electronics,5.0,680.51,0.29,20.0,2.0,1.0,1.0,1,25,48,11,4,329,0,0.7818314824680298,0.6234898018587336,-0.5000000000000004,0.8660254037844384,0.0,1,0.0,1,0.0,1,0.0,1,1.4285714285714286,1.812653934349934,0.0,4.0,1.6428571428571428,1.5357142857142858,2.3330498694030717,0.0,8.0,0.9302325581395349,1,676.5,4.009999999999991,0.005927568366592743,False,False,False,True,False,False,False,False,False,False,False,False,False,False,False,False,False,False,False,False,False,False,False,False,False,True,False,False,False,False,False,False,False,True,False,False
