store_id,product_id,date,category,sales,price,Discount_Applied,safety_stock,lead_time_days,promotion,is_outlier,day_of_week,day_of_month,week_of_year,month,quarter,day_of_year,is_weekend,sin_day_of_week,cos_day_of_week,sin_month,cos_month,lag_1,has_lag_1,lag_7,has_lag_7,lag_14,has_lag_14,lag_28,has_lag_28,rolling_mean_7,rolling_std_7,rolling_min_7,rolling_max_7,rolling_mean_14,rolling_mean_28,rolling_std_28,rolling_min_28,rolling_max_28,trend_ratio,is_promotion,previous_price,price_change,price_change_pct,store_id_Germany,store_id_India,store_id_Pakistan,store_id_UAE,store_id_UK,store_id_USA,product_id_4K Smart TV,product_id_Air Fryer,product_id_Blender,product_id_Coffee Maker,product_id_Cotton T-Shirt,product_id_Cycling Helmet,product_id_Denim Jeans,product_id_Dumbbell Set,product_id_Face Wash,product_id_Football,product_id_Formal Shirt,product_id_Gaming Laptop,product_id_Hair Serum,product_id_Lipstick Set,product_id_Microwave Oven,product_id_Moisturizing Cream,product_id_Perfume,product_id_Running Shoes,product_id_Smartphone 128GB,product_id_Smartwatch,product_id_Tennis Racket,product_id_Vacuum Cleaner,product_id_Winter Jacket,product_id_Wireless Noise-Canceling Headphones,product_id_Yoga Mat,category_Apparel,category_Beauty,category_Electronics,category_Home & Kitchen,category_Sports
Pakistan,Coffee Maker,2025-05-23,Home & Kitchen,0.0,292.49,,20.0,2.0,0.0,0.0,4,23,21,5,2,143,0,-0.433883739117558,-0.9009688679024191,0.49999999999999994,-0.8660254037844387,0.0,1,0.0,1,0.0,1,0.0,1,0.5714285714285714,1.1338934190276793,0.0,3.0,0.2857142857142857,0.25,0.7993052538854477,0.0,3.0,2.2857142857142856,0,292.49,0.0,0.0,False,False,True,False,False,False,False,False,False,True,False,False,False,False,False,False,False,False,False,False,False,False,False,False,False,False,False,False,False,False,False,False,False,False,True,False
Pakistan,Coffee Maker,2025-05-24,Home & Kitchen,0.0,292.49,,20.0,2.0,0.0,0.0,5,24,21,5,2,144,1,-0.9749279121818236,-0.2225209339563146,0.49999999999999994,-0.8660254037844387,0.0,1,3.0,1,0.0,1,0.0,1,0.5714285714285714,1.1338934190276793,0.0,3.0,0.2857142857142857,0.25,0.7993052538854477,0.0,3.0,2.2857142857142856,0,292.49,0.0,0.0,False,False,True,False,False,False,False,False,False,True,False,False,False,False,False,False,False,False,False,False,False,False,False,False,False,False,False,False,False,False,False,False,False,False,True,False
Pakistan,Coffee Maker,2025-05-25,Home & Kitchen,0.0,292.49,,20.0,2.0,0.0,0.0,6,25,21,5,2,145,1,-0.7818314824680299,0.6234898018587334,0.49999999999999994,-0.8660254037844387,0.0,1,1.0,1,0.0,1,0.0,1,0.14285714285714285,0.37796447300921887,0.0,1.0,0.2857142857142857,0.25,0.7993052538854477,0.0,3.0,0.5714285714285714,0,292.49,0.0,0.0,False,False,True,False,False,False,False,False,False,True,False,False,False,False,False,False,False,False,False,False,False,False,False,False,False,False,False,False,False,False,False,False,False,False,True,False
Pakistan,Coffee Maker,2025-05-26,Home & Kitchen,0.0,292.49,,20.0,2.0,0.0,0.0,0,26,22,5,2,146,0,0.0,1.0,0.49999999999999994,-0.8660254037844387,0.0,1,0.0,1,0.0,1,0.0,1,0.0,0.0,0.0,0.0,0.2857142857142857,0.25,0.7993052538854477,0.0,3.0,0.0,0,292.49,0.0,0.0,False,False,True,False,False,False,False,False,False,True,False,False,False,False,False,False,False,False,False,False,False,False,False,False,False,False,False,False,False,False,False,False,False,False,True,False
Pakistan,Coffee Maker,2025-05-27,Home & Kitchen,0.0,292.49,,20.0,2.0,0.0,0.0,1,27,22,5,2,147,0,0.7818314824680298,0.6234898018587336,0.49999999999999994,-0.8660254037844387,0.0,1,0.0,1,0.0,1,0.0,1,0.0,0.0,0.0,0.0,0.2857142857142857,0.25,0.7993052538854477,0.0,3.0,0.0,0,292.49,0.0,0.0,False,False,True,False,False,False,False,False,False,True,False,False,False,False,False,False,False,False,False,False,False,False,False,False,False,False,False,False,False,False,False,False,False,False,True,False
Pakistan,Coffee Maker,2025-05-28,Home & Kitchen,0.0,292.49,,20.0,2.0,0.0,0.0,2,28,22,5,2,148,0,0.9749279121818236,-0.22252093395631434,0.49999999999999994,-0.8660254037844387,0.0,1,0.0,1,0.0,1,0.0,1,0.0,0.0,0.0,0.0,0.2857142857142857,0.25,0.7993052538854477,0.0,3.0,0.0,0,292.49,0.0,0.0,False,False,True,False,False,False,False,False,False,True,False,False,False,False,False,False,False,False,False,False,False,False,False,False,False,False,False,False,False,False,False,False,False,False,True,False
Pakistan,Coffee Maker,2025-05-29,Home & Kitchen,0.0,292.49,,20.0,2.0,0.0,0.0,3,29,22,5,2,149,0,0.43388373911755823,-0.900968867902419,0.49999999999999994,-0.8660254037844387,0.0,1,0.0,1,0.0,1,0.0,1,0.0,0.0,0.0,0.0,0.2857142857142857,0.25,0.7993052538854477,0.0,3.0,0.0,0,292.49,0.0,0.0,False,False,True,False,False,False,False,False,False,True,False,False,False,False,False,False,False,False,False,False,False,False,False,False,False,False,False,False,False,False,False,False,False,False,True,False
Pakistan,Coffee Maker,2025-05-30,Home & Kitchen,0.0,292.49,,20.0,2.0,0.0,0.0,4,30,22,5,2,150,0,-0.433883739117558,-0.9009688679024191,0.49999999999999994,-0.8660254037844387,0.0,1,0.0,1,0.0,1,0.0,1,0.0,0.0,0.0,0.0,0.2857142857142857,0.25,0.7993052538854477,0.0,3.0,0.0,0,292.49,0.0,0.0,False,False,True,False,False,False,False,False,False,True,False,False,False,False,False,False,False,False,False,False,False,False,False,False,False,False,False,False,False,False,False,False,False,False,True,False
Pakistan,Coffee Maker,2025-05-31,Home & Kitchen,0.0,292.49,,20.0,2.0,0.0,0.0,5,31,22,5,2,151,1,-0.9749279121818236,-0.2225209339563146,0.49999999999999994,-0.8660254037844387,0.0,1,0.0,1,3.0,1,0.0,1,0.0,0.0,0.0,0.0,0.2857142857142857,0.25,0.7993052538854477,0.0,3.0,0.0,0,292.49,0.0,0.0,False,False,True,False,False,False,False,False,False,True,False,False,False,False,False,False,False,False,False,False,False,False,False,False,False,False,False,False,False,False,False,False,False,False,True,False
Pakistan,Coffee Maker,2025-06-01,Home & Kitchen,3.0,231.1,0.15,20.0,2.0,1.0,0.0,6,1,22,6,2,152,1,-0.7818314824680299,0.6234898018587334,1.2246467991473532e-16,-1.0,0.0,1,0.0,1,1.0,1,0.0,1,0.0,0.0,0.0,0.0,0.07142857142857142,0.25,0.7993052538854477,0.0,3.0,0.0,1,292.49,-61.390000000000015,-0.2098875175219666,False,False,True,False,False,False,False,False,False,True,False,False,False,False,False,False,False,False,False,False,False,False,False,False,False,False,False,False,False,False,False,False,False,False,True,False
Pakistan,Coffee Maker,2025-06-02,Home & Kitchen,0.0,231.1,,20.0,2.0,0.0,0.0,0,2,23,6,2,153,0,0.0,1.0,1.2246467991473532e-16,-1.0,3.0,1,0.0,1,0.0,1,0.0,1,0.42857142857142855,1.1338934190276793,0.0,3.0,0.21428571428571427,0.35714285714285715,0.9511897312113372,0.0,3.0,1.2,0,231.1,0.0,0.0,False,False,True,False,False,False,False,False,False,True,False,False,False,False,False,False,False,False,False,False,False,False,False,False,False,False,False,False,False,False,False,False,False,False,True,False
Pakistan,Coffee Maker,2025-06-03,Home & Kitchen,0.0,231.1,,20.0,2.0,0.0,0.0,1,3,23,6,2,154,0,0.7818314824680298,0.6234898018587336,1.2246467991473532e-16,-1.0,0.0,1,0.0,1,0.0,1,0.0,1,0.42857142857142855,1.1338934190276793,0.0,3.0,0.21428571428571427,0.35714285714285715,0.9511897312113372,0.0,3.0,1.2,0,231.1,0.0,0.0,False,False,True,False,False,False,False,False,False,True,False,False,False,False,False,False,False,False,False,False,False,False,False,False,False,False,False,False,False,False,False,False,False,False,True,False
Pakistan,Coffee Maker,2025-06-04,Home & Kitchen,0.0,231.1,,20.0,2.0,0.0,0.0,2,4,23,6,2,155,0,0.9749279121818236,-0.22252093395631434,1.2246467991473532e-16,-1.0,0.0,1,0.0,1,0.0,1,0.0,1,0.42857142857142855,1.1338934190276793,0.0,3.0,0.21428571428571427,0.35714285714285715,0.9511897312113372,0.0,3.0,1.2,0,231.1,0.0,0.0,False,False,True,False,False,False,False,False,False,True,False,False,False,False,False,False,False,False,False,False,False,False,False,False,False,False,False,False,False,False,False,False,False,False,True,False
Pakistan,Coffee Maker,2025-06-05,Home & Kitchen,0.0,231.1,,20.0,2.0,0.0,0.0,3,5,23,6,2,156,0,0.43388373911755823,-0.900968867902419,1.2246467991473532e-16,-1.0,0.0,1,0.0,1,0.0,1,3.0,1,0.42857142857142855,1.1338934190276793,0.0,3.0,0.21428571428571427,0.35714285714285715,0.9511897312113372,0.0,3.0,1.2,0,231.1,0.0,0.0,False,False,True,False,False,False,False,False,False,True,False,False,False,False,False,False,False,False,False,False,False,False,False,False,False,False,False,False,False,False,False,False,False,False,True,False
Pakistan,Coffee Maker,2025-06-06,Home & Kitchen,0.0,231.1,,20.0,2.0,0.0,0.0,4,6,23,6,2,157,0,-0.433883739117558,-0.9009688679024191,1.2246467991473532e-16,-1.0,0.0,1,0.0,1,0.0,1,0.0,1,0.42857142857142855,1.1338934190276793,0.0,3.0,0.21428571428571427,0.25,0.7993052538854477,0.0,3.0,1.7142857142857142,0,231.1,0.0,0.0,False,False,True,False,False,False,False,False,False,True,False,False,False,False,False,False,False,False,False,False,False,False,False,False,False,False,False,False,False,False,False,False,False,False,True,False
Pakistan,Coffee Maker,2025-06-07,Home & Kitchen,0.0,231.1,,20.0,2.0,0.0,0.0,5,7,23,6,2,158,1,-0.9749279121818236,-0.2225209339563146,1.2246467991473532e-16,-1.0,0.0,1,0.0,1,0.0,1,0.0,1,0.42857142857142855,1.1338934190276793,0.0,3.0,0.21428571428571427,0.25,0.7993052538854477,0.0,3.0,1.7142857142857142,0,231.1,0.0,0.0,False,False,True,False,False,False,False,False,False,True,False,False,False,False,False,False,False,False,False,False,False,False,False,False,False,False,False,False,False,False,False,False,False,False,True,False
Pakistan,Coffee Maker,2025-06-08,Home & Kitchen,2.0,55.3,0.12,20.0,2.0,1.0,0.0,6,8,23,6,2,159,1,-0.7818314824680299,0.6234898018587334,1.2246467991473532e-16,-1.0,0.0,1,3.0,1,0.0,1,0.0,1,0.42857142857142855,1.1338934190276793,0.0,3.0,0.21428571428571427,0.25,0.7993052538854477,0.0,3.0,1.7142857142857142,1,231.1,-175.8,-0.76070964950238,False,False,True,False,False,False,False,False,False,True,False,False,False,False,False,False,False,False,False,False,False,False,False,False,False,False,False,False,False,False,False,False,False,False,True,False
Pakistan,Coffee Maker,2025-06-09,Home & Kitchen,0.0,55.3,,20.0,2.0,0.0,0.0,0,9,24,6,2,160,0,0.0,1.0,1.2246467991473532e-16,-1.0,2.0,1,0.0,1,0.0,1,0.0,1,0.2857142857142857,0.7559289460184504,0.0,2.0,0.35714285714285715,0.32142857142857145,0.8629652337776916,0.0,3.0,0.8888888888888887,0,55.3,0.0,0.0,False,False,True,False,False,False,False,False,False,True,False,False,False,False,False,False,False,False,False,False,False,False,False,False,False,False,False,False,False,False,False,False,False,False,True,False
Pakistan,Coffee Maker,2025-06-10,Home & Kitchen,0.0,55.3,,20.0,2.0,0.0,0.0,1,10,24,6,2,161,0,0.7818314824680298,0.6234898018587336,1.2246467991473532e-16,-1.0,0.0,1,0.0,1,0.0,1,0.0,1,0.2857142857142857,0.7559289460184504,0.0,2.0,0.35714285714285715,0.32142857142857145,0.8629652337776916,0.0,3.0,0.8888888888888887,0,55.3,0.0,0.0,False,False,True,False,False,False,False,False,False,True,False,False,False,False,False,False,False,False,False,False,False,False,False,False,False,False,False,False,False,False,False,False,False,False,True,False
Pakistan,Coffee Maker,2025-06-11,Home & Kitchen,0.0,55.3,,20.0,2.0,0.0,0.0,2,11,24,6,2,162,0,0.9749279121818236,-0.22252093395631434,1.2246467991473532e-16,-1.0,0.0,1,0.0,1,0.0,1,0.0,1,0.2857142857142857,0.7559289460184504,0.0,2.0,0.35714285714285715,0.32142857142857145,0.8629652337776916,0.0,3.0,0.8888888888888887,0,55.3,0.0,0.0,False,False,True,False,False,False,False,False,False,True,False,False,False,False,False,False,False,False,False,False,False,False,False,False,False,False,False,False,False,False,False,False,False,False,True,False
Pakistan,Coffee Maker,2025-06-12,Home & Kitchen,0.0,55.3,,20.0,2.0,0.0,0.0,3,12,24,6,2,163,0,0.43388373911755823,-0.900968867902419,1.2246467991473532e-16,-1.0,0.0,1,0.0,1,0.0,1,0.0,1,0.2857142857142857,0.7559289460184504,0.0,2.0,0.35714285714285715,0.32142857142857145,0.8629652337776916,0.0,3.0,0.8888888888888887,0,55.3,0.0,0.0,False,False,True,False,False,False,False,False,False,True,False,False,False,False,False,False,False,False,False,False,False,False,False,False,False,False,False,False,False,False,False,False,False,False,True,False
Pakistan,Coffee Maker,2025-06-13,Home & Kitchen,1.0,36.65,0.04,20.0,2.0,1.0,0.0,4,13,24,6,2,164,0,-0.433883739117558,-0.9009688679024191,1.2246467991473532e-16,-1.0,0.0,1,0.0,1,0.0,1,0.0,1,0.2857142857142857,0.7559289460184504,0.0,2.0,0.35714285714285715,0.32142857142857145,0.8629652337776916,0.0,3.0,0.8888888888888887,1,55.3,-18.65,-0.337251356238698,False,False,True,False,False,False,False,False,False,True,False,False,False,False,False,False,False,False,False,False,False,False,False,False,False,False,False,False,False,False,False,False,False,False,True,False
Pakistan,Coffee Maker,2025-06-14,Home & Kitchen,0.0,36.65,,20.0,2.0,0.0,0.0,5,14,24,6,2,165,1,-0.9749279121818236,-0.2225209339563146,1.2246467991473532e-16,-1.0,1.0,1,0.0,1,0.0,1,3.0,1,0.42857142857142855,0.7867957924694394,0.0,2.0,0.42857142857142855,0.35714285714285715,0.8698354767504874,0.0,3.0,1.2,0,36.65,0.0,0.0,False,False,True,False,False,False,False,False,False,True,False,False,False,False,False,False,False,False,False,False,False,False,False,False,False,False,False,False,False,False,False,False,False,False,True,False
Pakistan,Coffee Maker,2025-06-15,Home & Kitchen,0.0,36.65,,20.0,2.0,0.0,0.0,6,15,24,6,2,166,1,-0.7818314824680299,0.6234898018587334,1.2246467991473532e-16,-1.0,0.0,1,2.0,1,3.0,1,1.0,1,0.42857142857142855,0.7867957924694394,0.0,2.0,0.42857142857142855,0.25,0.7005289007176877,0.0,3.0,1.7142857142857142,0,36.65,0.0,0.0,False,False,True,False,False,False,False,False,False,True,False,False,False,False,False,False,False,False,False,False,False,False,False,False,False,False,False,False,False,False,False,False,False,False,True,False
Pakistan,Coffee Maker,2025-06-16,Home & Kitchen,0.0,36.65,,20.0,2.0,0.0,0.0,0,16,25,6,2,167,0,0.0,1.0,1.2246467991473532e-16,-1.0,0.0,1,0.0,1,0.0,1,0.0,1,0.14285714285714285,0.37796447300921887,0.0,1.0,0.21428571428571427,0.21428571428571427,0.6862211530545106,0.0,3.0,0.6666666666666666,0,36.65,0.0,0.0,False,False,True,False,False,False,False,False,False,True,False,False,False,False,False,False,False,False,False,False,False,False,False,False,False,False,False,False,False,False,False,False,False,False,True,False
Pakistan,Coffee Maker,2025-06-17,Home & Kitchen,0.0,36.65,,20.0,2.0,0.0,0.0,1,17,25,6,2,168,0,0.7818314824680298,0.6234898018587336,1.2246467991473532e-16,-1.0,0.0,1,0.0,1,0.0,1,0.0,1,0.14285714285714285,0.37796447300921887,0.0,1.0,0.21428571428571427,0.21428571428571427,0.6862211530545106,0.0,3.0,0.6666666666666666,0,36.65,0.0,0.0,False,False,True,False,False,False,False,False,False,True,False,False,False,False,False,False,False,False,False,False,False,False,False,False,False,False,False,False,False,False,False,False,False,False,True,False
Pakistan,Coffee Maker,2025-06-18,Home & Kitchen,0.0,36.65,,20.0,2.0,0.0,0.0,2,18,25,6,2,169,0,0.9749279121818236,-0.22252093395631434,1.2246467991473532e-16,-1.0,0.0,1,0.0,1,0.0,1,0.0,1,0.14285714285714285,0.37796447300921887,0.0,1.0,0.21428571428571427,0.21428571428571427,0.6862211530545106,0.0,3.0,0.6666666666666666,0,36.65,0.0,0.0,False,False,True,False,False,False,False,False,False,True,False,False,False,False,False,False,False,False,False,False,False,False,False,False,False,False,False,False,False,False,False,False,False,False,True,False
Pakistan,Coffee Maker,2025-06-19,Home & Kitchen,0.0,36.65,,20.0,2.0,0.0,0.0,3,19,25,6,2,170,0,0.43388373911755823,-0.900968867902419,1.2246467991473532e-16,-1.0,0.0,1,0.0,1,0.0,1,0.0,1,0.14285714285714285,0.37796447300921887,0.0,1.0,0.21428571428571427,0.21428571428571427,0.6862211530545106,0.0,3.0,0.6666666666666666,0,36.65,0.0,0.0,False,False,True,False,False,False,False,False,False,True,False,False,False,False,False,False,False,False,False,False,False,False,False,False,False,False,False,False,False,False,False,False,False,False,True,False
Pakistan,Coffee Maker,2025-06-20,Home & Kitchen,0.0,36.65,,20.0,2.0,0.0,0.0,4,20,25,6,2,171,0,-0.433883739117558,-0.9009688679024191,1.2246467991473532e-16,-1.0,0.0,1,1.0,1,0.0,1,0.0,1,0.14285714285714285,0.37796447300921887,0.0,1.0,0.21428571428571427,0.21428571428571427,0.6862211530545106,0.0,3.0,0.6666666666666666,0,36.65,0.0,0.0,False,False,True,False,False,False,False,False,False,True,False,False,False,False,False,False,False,False,False,False,False,False,False,False,False,False,False,False,False,False,False,False,False,False,True,False
Pakistan,Coffee Maker,2025-06-21,Home & Kitchen,0.0,36.65,,20.0,2.0,0.0,0.0,5,21,25,6,2,172,1,-0.9749279121818236,-0.2225209339563146,1.2246467991473532e-16,-1.0,0.0,1,0.0,1,0.0,1,0.0,1,0.0,0.0,0.0,0.0,0.21428571428571427,0.21428571428571427,0.6862211530545106,0.0,3.0,0.0,0,36.65,0.0,0.0,False,False,True,False,False,False,False,False,False,True,False,False,False,False,False,False,False,False,False,False,False,False,False,False,False,False,False,False,False,False,False,False,False,False,True,False
Pakistan,Coffee Maker,2025-06-22,Home & Kitchen,0.0,36.65,,20.0,2.0,0.0,0.0,6,22,25,6,2,173,1,-0.7818314824680299,0.6234898018587334,1.2246467991473532e-16,-1.0,0.0,1,0.0,1,2.0,1,0.0,1,0.0,0.0,0.0,0.0,0.21428571428571427,0.21428571428571427,0.6862211530545106,0.0,3.0,0.0,0,36.65,0.0,0.0,False,False,True,False,False,False,False,False,False,True,False,False,False,False,False,False,False,False,False,False,False,False,False,False,False,False,False,False,False,False,False,False,False,False,True,False
Pakistan,Coffee Maker,2025-06-23,Home & Kitchen,3.0,63.9,0.09,20.0,2.0,1.0,0.0,0,23,26,6,2,174,0,0.0,1.0,1.2246467991473532e-16,-1.0,0.0,1,0.0,1,0.0,1,0.0,1,0.0,0.0,0.0,0.0,0.07142857142857142,0.21428571428571427,0.6862211530545106,0.0,3.0,0.0,1,36.65,27.25,0.7435197817189632,False,False,True,False,False,False,False,False,False,True,False,False,False,False,False,False,False,False,False,False,False,False,False,False,False,False,False,False,False,False,False,False,False,False,True,False
Pakistan,Coffee Maker,2025-06-24,Home & Kitchen,0.0,63.9,,20.0,2.0,0.0,0.0,1,24,26,6,2,175,0,0.7818314824680298,0.6234898018587336,1.2246467991473532e-16,-1.0,3.0,1,0.0,1,0.0,1,0.0,1,0.42857142857142855,1.1338934190276793,0.0,3.0,0.2857142857142857,0.32142857142857145,0.8629652337776916,0.0,3.0,1.3333333333333333,0,63.9,0.0,0.0,False,False,True,False,False,False,False,False,False,True,False,False,False,False,False,False,False,False,False,False,False,False,False,False,False,False,False,False,False,False,False,False,False,False,True,False
Pakistan,Coffee Maker,2025-06-25,Home & Kitchen,0.0,63.9,,20.0,2.0,0.0,0.0,2,25,26,6,2,176,0,0.9749279121818236,-0.22252093395631434,1.2246467991473532e-16,-1.0,0.0,1,0.0,1,0.0,1,0.0,1,0.42857142857142855,1.1338934190276793,0.0,3.0,0.2857142857142857,0.32142857142857145,0.8629652337776916,0.0,3.0,1.3333333333333333,0,63.9,0.0,0.0,False,False,True,False,False,False,False,False,False,True,False,False,False,False,False,False,False,False,False,False,False,False,False,False,False,False,False,False,False,False,False,False,False,False,True,False
Pakistan,Coffee Maker,2025-06-26,Home & Kitchen,0.0,63.9,,20.0,2.0,0.0,0.0,3,26,26,6,2,177,0,0.43388373911755823,-0.900968867902419,1.2246467991473532e-16,-1.0,0.0,1,0.0,1,0.0,1,0.0,1,0.42857142857142855,1.1338934190276793,0.0,3.0,0.2857142857142857,0.32142857142857145,0.8629652337776916,0.0,3.0,1.3333333333333333,0,63.9,0.0,0.0,False,False,True,False,False,False,False,False,False,True,False,False,False,False,False,False,False,False,False,False,False,False,False,False,False,False,False,False,False,False,False,False,False,False,True,False
Pakistan,Coffee Maker,2025-06-27,Home & Kitchen,2.0,96.965,0.12,20.0,2.0,1.0,0.0,4,27,26,6,2,178,0,-0.433883739117558,-0.9009688679024191,1.2246467991473532e-16,-1.0,0.0,1,0.0,1,1.0,1,0.0,1,0.42857142857142855,1.1338934190276793,0.0,3.0,0.2857142857142857,0.32142857142857145,0.8629652337776916,0.0,3.0,1.3333333333333333,1,63.9,33.065000000000005,0.5174491392801253,False,False,True,False,False,False,False,False,False,True,False,False,False,False,False,False,False,False,False,False,False,False,False,False,False,False,False,False,False,False,False,False,False,False,True,False
Pakistan,Coffee Maker,2025-06-28,Home & Kitchen,0.0,96.965,,20.0,2.0,0.0,0.0,5,28,26,6,2,179,1,-0.9749279121818236,-0.2225209339563146,1.2246467991473532e-16,-1.0,2.0,1,0.0,1,0.0,1,0.0,1,0.7142857142857143,1.2535663410560154,0.0,3.0,0.35714285714285715,0.39285714285714285,0.9164862737363181,0.0,3.0,1.8181818181818183,0,96.965,0.0,0.0,False,False,True,False,False,False,False,False,False,True,False,False,False,False,False,False,False,False,False,False,False,False,False,False,False,False,False,False,False,False,False,False,False,False,True,False
Pakistan,Coffee Maker,2025-06-29,Home & Kitchen,0.0,96.965,,20.0,2.0,0.0,0.0,6,29,26,6,2,180,1,-0.7818314824680299,0.6234898018587334,1.2246467991473532e-16,-1.0,0.0,1,0.0,1,0.0,1,3.0,1,0.7142857142857143,1.2535663410560154,0.0,3.0,0.35714285714285715,0.39285714285714285,0.9164862737363181,0.0,3.0,1.8181818181818183,0,96.965,0.0,0.0,False,False,True,False,False,False,False,False,False,True,False,False,False,False,False,False,False,False,False,False,False,False,False,False,False,False,False,False,False,False,False,False,False,False,True,False
Pakistan,Coffee Maker,2025-06-30,Home & Kitchen,0.0,96.965,,20.0,2.0,0.0,0.0,0,30,27,6,2,181,0,0.0,1.0,1.2246467991473532e-16,-1.0,0.0,1,3.0,1,0.0,1,0.0,1,0.7142857142857143,1.2535663410560154,0.0,3.0,0.35714285714285715,0.2857142857142857,0.7628961803617668,0.0,3.0,2.5,0,96.965,0.0,0.0,False,False,True,False,False,False,False,False,False,True,False,False,False,False,False,False,False,False,False,False,False,False,False,False,False,False,False,False,False,False,False,False,False,False,True,False
Pakistan,Coffee Maker,2025-07-01,Home & Kitchen,1.0,183.64,0.12,20.0,2.0,1.0,0.0,1,1,27,7,3,182,0,0.7818314824680298,0.6234898018587336,-0.4999999999999997,-0.8660254037844388,0.0,1,0.0,1,0.0,1,0.0,1,0.2857142857142857,0.7559289460184505,0.0,2.0,0.35714285714285715,0.2857142857142857,0.7628961803617668,0.0,3.0,1.0,1,96.965,86.67499999999998,0.8938792347754342,False,False,True,False,False,False,False,False,False,True,False,False,False,False,False,False,False,False,False,False,False,False,False,False,False,False,False,False,False,False,False,False,False,False,True,False
Pakistan,Coffee Maker,2025-07-02,Home & Kitchen,0.0,183.64,,20.0,2.0,0.0,0.0,2,2,27,7,3,183,0,0.9749279121818236,-0.22252093395631434,-0.4999999999999997,-0.8660254037844388,1.0,1,0.0,1,0.0,1,0.0,1,0.42857142857142855,0.7867957924694394,0.0,2.0,0.42857142857142855,0.32142857142857145,0.7723735149270966,0.0,3.0,1.3333333333333333,0,183.64,0.0,0.0,False,False,True,False,False,False,False,False,False,True,False,False,False,False,False,False,False,False,False,False,False,False,False,False,False,False,False,False,False,False,False,False,False,False,True,False
Pakistan,Coffee Maker,2025-07-03,Home & Kitchen,0.0,183.64,,20.0,2.0,0.0,0.0,3,3,27,7,3,184,0,0.43388373911755823,-0.900968867902419,-0.4999999999999997,-0.8660254037844388,0.0,1,0.0,1,0.0,1,0.0,1,0.42857142857142855,0.7867957924694394,0.0,2.0,0.42857142857142855,0.32142857142857145,0.7723735149270966,0.0,3.0,1.3333333333333333,0,183.64,0.0,0.0,False,False,True,False,False,False,False,False,False,True,False,False,False,False,False,False,False,False,False,False,False,False,False,False,False,False,False,False,False,False,False,False,False,False,True,False
Pakistan,Coffee Maker,2025-07-04,Home & Kitchen,0.0,183.64,,20.0,2.0,0.0,0.0,4,4,27,7,3,185,0,-0.433883739117558,-0.9009688679024191,-0.4999999999999997,-0.8660254037844388,0.0,1,2.0,1,0.0,1,0.0,1,0.42857142857142855,0.7867957924694394,0.0,2.0,0.42857142857142855,0.32142857142857145,0.7723735149270966,0.0,3.0,1.3333333333333333,0,183.64,0.0,0.0,False,False,True,False,False,False,False,False,False,True,False,False,False,False,False,False,False,False,False,False,False,False,False,False,False,False,False,False,False,False,False,False,False,False,True,False
Pakistan,Coffee Maker,2025-07-05,Home & Kitchen,0.0,183.64,,20.0,2.0,0.0,0.0,5,5,27,7,3,186,1,-0.9749279121818236,-0.2225209339563146,-0.4999999999999997,-0.8660254037844388,0.0,1,0.0,1,0.0,1,0.0,1,0.14285714285714285,0.377964473009219,0.0,1.0,0.42857142857142855,0.32142857142857145,0.7723735149270966,0.0,3.0,0.44444444444444436,0,183.64,0.0,0.0,False,False,True,False,False,False,False,False,False,True,False,False,False,False,False,False,False,False,False,False,False,False,False,False,False,False,False,False,False,False,False,False,False,False,True,False
Pakistan,Coffee Maker,2025-07-06,Home & Kitchen,0.0,183.64,,20.0,2.0,0.0,0.0,6,6,27,7,3,187,1,-0.7818314824680299,0.6234898018587334,-0.4999999999999997,-0.8660254037844388,0.0,1,0.0,1,0.0,1,2.0,1,0.14285714285714285,0.377964473009219,0.0,1.0,0.42857142857142855,0.32142857142857145,0.7723735149270966,0.0,3.0,0.44444444444444436,0,183.64,0.0,0.0,False,False,True,False,False,False,False,False,False,True,False,False,False,False,False,False,False,False,False,False,False,False,False,False,False,False,False,False,False,False,False,False,False,False,True,False
Pakistan,Coffee Maker,2025-07-07,Home & Kitchen,0.0,183.64,,20.0,2.0,0.0,0.0,0,7,28,7,3,188,0,0.0,1.0,-0.4999999999999997,-0.8660254037844388,0.0,1,0.0,1,3.0,1,0.0,1,0.14285714285714285,0.377964473009219,0.0,1.0,0.42857142857142855,0.25,0.7005289007176878,0.0,3.0,0.5714285714285714,0,183.64,0.0,0.0,False,False,True,False,False,False,False,False,False,True,False,False,False,False,False,False,False,False,False,False,False,False,False,False,False,False,False,False,False,False,False,False,False,False,True,False
Pakistan,Coffee Maker,2025-07-08,Home & Kitchen,0.0,183.64,,20.0,2.0,0.0,0.0,1,8,28,7,3,189,0,0.7818314824680298,0.6234898018587336,-0.4999999999999997,-0.8660254037844388,0.0,1,1.0,1,0.0,1,0.0,1,0.14285714285714285,0.377964473009219,0.0,1.0,0.21428571428571427,0.25,0.7005289007176878,0.0,3.0,0.5714285714285714,0,183.64,0.0,0.0,False,False,True,False,False,False,False,False,False,True,False,False,False,False,False,False,False,False,False,False,False,False,False,False,False,False,False,False,False,False,False,False,False,False,True,False
Pakistan,Coffee Maker,2025-07-09,Home & Kitchen,0.0,183.64,,20.0,2.0,0.0,0.0,2,9,28,7,3,190,0,0.9749279121818236,-0.22252093395631434,-0.4999999999999997,-0.8660254037844388,0.0,1,0.0,1,0.0,1,0.0,1,0.0,0.0,0.0,0.0,0.21428571428571427,0.25,0.7005289007176878,0.0,3.0,0.0,0,183.64,0.0,0.0,False,False,True,False,False,False,False,False,False,True,False,False,False,False,False,False,False,False,False,False,False,False,False,False,False,False,False,False,False,False,False,False,False,False,True,False
Pakistan,Coffee Maker,2025-07-10,Home & Kitchen,0.0,183.64,,20.0,2.0,0.0,0.0,3,10,28,7,3,191,0,0.43388373911755823,-0.900968867902419,-0.4999999999999997,-0.8660254037844388,0.0,1,0.0,1,0.0,1,0.0,1,0.0,0.0,0.0,0.0,0.21428571428571427,0.25,0.7005289007176878,0.0,3.0,0.0,0,183.64,0.0,0.0,False,False,True,False,False,False,False,False,False,True,False,False,False,False,False,False,False,False,False,False,False,False,False,False,False,False,False,False,False,False,False,False,False,False,True,False
Pakistan,Coffee Maker,2025-07-11,Home & Kitchen,0.0,183.64,,20.0,2.0,0.0,0.0,4,11,28,7,3,192,0,-0.433883739117558,-0.9009688679024191,-0.4999999999999997,-0.8660254037844388,0.0,1,0.0,1,2.0,1,1.0,1,0.0,0.0,0.0,0.0,0.21428571428571427,0.25,0.7005289007176878,0.0,3.0,0.0,0,183.64,0.0,0.0,False,False,True,False,False,False,False,False,False,True,False,False,False,False,False,False,False,False,False,False,False,False,False,False,False,False,False,False,False,False,False,False,False,False,True,False
Pakistan,Coffee Maker,2025-07-12,Home & Kitchen,0.0,183.64,,20.0,2.0,0.0,0.0,5,12,28,7,3,193,1,-0.9749279121818236,-0.2225209339563146,-0.4999999999999997,-0.8660254037844388,0.0,1,0.0,1,0.0,1,0.0,1,0.0,0.0,0.0,0.0,0.07142857142857142,0.21428571428571427,0.6862211530545107,0.0,3.0,0.0,0,183.64,0.0,0.0,False,False,True,False,False,False,False,False,False,True,False,False,False,False,False,False,False,False,False,False,False,False,False,False,False,False,False,False,False,False,False,False,False,False,True,False
Pakistan,Coffee Maker,2025-07-13,Home & Kitchen,0.0,183.64,,20.0,2.0,0.0,0.0,6,13,28,7,3,194,1,-0.7818314824680299,0.6234898018587334,-0.4999999999999997,-0.8660254037844388,0.0,1,0.0,1,0.0,1,0.0,1,0.0,0.0,0.0,0.0,0.07142857142857142,0.21428571428571427,0.6862211530545107,0.0,3.0,0.0,0,183.64,0.0,0.0,False,False,True,False,False,False,False,False,False,True,False,False,False,False,False,False,False,False,False,False,False,False,False,False,False,False,False,False,False,False,False,False,False,False,True,False
Pakistan,Coffee Maker,2025-07-14,Home & Kitchen,0.0,183.64,,20.0,2.0,0.0,0.0,0,14,29,7,3,195,0,0.0,1.0,-0.4999999999999997,-0.8660254037844388,0.0,1,0.0,1,0.0,1,0.0,1,0.0,0.0,0.0,0.0,0.07142857142857142,0.21428571428571427,0.6862211530545107,0.0,3.0,0.0,0,183.64,0.0,0.0,False,False,True,False,False,False,False,False,False,True,False,False,False,False,False,False,False,False,False,False,False,False,False,False,False,False,False,False,False,False,False,False,False,False,True,False
Pakistan,Coffee Maker,2025-07-15,Home & Kitchen,0.0,183.64,,20.0,2.0,0.0,0.0,1,15,29,7,3,196,0,0.7818314824680298,0.6234898018587336,-0.4999999999999997,-0.8660254037844388,0.0,1,0.0,1,1.0,1,0.0,1,0.0,0.0,0.0,0.0,0.07142857142857142,0.21428571428571427,0.6862211530545107,0.0,3.0,0.0,0,183.64,0.0,0.0,False,False,True,False,False,False,False,False,False,True,False,False,False,False,False,False,False,False,False,False,False,False,False,False,False,False,False,False,False,False,False,False,False,False,True,False
Pakistan,Coffee Maker,2025-07-16,Home & Kitchen,0.0,183.64,,20.0,2.0,0.0,0.0,2,16,29,7,3,197,0,0.9749279121818236,-0.22252093395631434,-0.4999999999999997,-0.8660254037844388,0.0,1,0.0,1,0.0,1,0.0,1,0.0,0.0,0.0,0.0,0.0,0.21428571428571427,0.6862211530545107,0.0,3.0,0.0,0,183.64,0.0,0.0,False,False,True,False,False,False,False,False,False,True,False,False,False,False,False,False,False,False,False,False,False,False,False,False,False,False,False,False,False,False,False,False,False,False,True,False
Pakistan,Coffee Maker,2025-07-17,Home & Kitchen,0.0,183.64,,20.0,2.0,0.0,0.0,3,17,29,7,3,198,0,0.43388373911755823,-0.900968867902419,-0.4999999999999997,-0.8660254037844388,0.0,1,0.0,1,0.0,1,0.0,1,0.0,0.0,0.0,0.0,0.0,0.21428571428571427,0.6862211530545107,0.0,3.0,0.0,0,183.64,0.0,0.0,False,False,True,False,False,False,False,False,False,True,False,False,False,False,False,False,False,False,False,False,False,False,False,False,False,False,False,False,False,False,False,False,False,False,True,False
Pakistan,Coffee Maker,2025-07-18,Home & Kitchen,0.0,183.64,,20.0,2.0,0.0,0.0,4,18,29,7,3,199,0,-0.433883739117558,-0.9009688679024191,-0.4999999999999997,-0.8660254037844388,0.0,1,0.0,1,0.0,1,0.0,1,0.0,0.0,0.0,0.0,0.0,0.21428571428571427,0.6862211530545107,0.0,3.0,0.0,0,183.64,0.0,0.0,False,False,True,False,False,False,False,False,False,True,False,False,False,False,False,False,False,False,False,False,False,False,False,False,False,False,False,False,False,False,False,False,False,False,True,False
Pakistan,Coffee Maker,2025-07-19,Home & Kitchen,5.0,244.78000000000003,0.09,20.0,2.0,1.0,1.0,5,19,29,7,3,200,1,-0.9749279121818236,-0.2225209339563146,-0.4999999999999997,-0.8660254037844388,0.0,1,0.0,1,0.0,1,0.0,1,0.0,0.0,0.0,0.0,0.0,0.21428571428571427,0.6862211530545107,0.0,3.0,0.0,1,183.64,61.14000000000004,0.3329340013069051,False,False,True,False,False,False,False,False,False,True,False,False,False,False,False,False,False,False,False,False,False,False,False,False,False,False,False,False,False,False,False,False,False,False,True,False
Pakistan,Coffee Maker,2025-07-20,Home & Kitchen,0.0,244.78000000000003,,20.0,2.0,0.0,0.0,6,20,29,7,3,201,1,-0.7818314824680299,0.6234898018587334,-0.4999999999999997,-0.8660254037844388,5.0,1,0.0,1,0.0,1,0.0,1,0.7142857142857143,1.8898223650461348,0.0,5.0,0.35714285714285715,0.39285714285714285,1.1333099904225348,0.0,5.0,1.8181818181818183,0,244.78000000000003,0.0,0.0,False,False,True,False,False,False,False,False,False,True,False,False,False,False,False,False,False,False,False,False,False,False,False,False,False,False,False,False,False,False,False,False,False,False,True,False
Pakistan,Coffee Maker,2025-07-21,Home & Kitchen,0.0,244.78000000000003,,20.0,2.0,0.0,0.0,0,21,30,7,3,202,0,0.0,1.0,-0.4999999999999997,-0.8660254037844388,0.0,1,0.0,1,0.0,1,3.0,1,0.7142857142857143,1.8898223650461348,0.0,5.0,0.35714285714285715,0.39285714285714285,1.1333099904225348,0.0,5.0,1.8181818181818183,0,244.78000000000003,0.0,0.0,False,False,True,False,False,False,False,False,False,True,False,False,False,False,False,False,False,False,False,False,False,False,False,False,False,False,False,False,False,False,False,False,False,False,True,False
Pakistan,Coffee Maker,2025-07-22,Home & Kitchen,0.0,244.78000000000003,,20.0,2.0,0.0,0.0,1,22,30,7,3,203,0,0.7818314824680298,0.6234898018587336,-0.4999999999999997,-0.8660254037844388,0.0,1,0.0,1,0.0,1,0.0,1,0.7142857142857143,1.8898223650461348,0.0,5.0,0.35714285714285715,0.2857142857142857,1.0131411680782783,0.0,5.0,2.5,0,244.78000000000003,0.0,0.0,False,False,True,False,False,False,False,False,False,True,False,False,False,False,False,False,False,False,False,False,False,False,False,False,False,False,False,False,False,False,False,False,False,False,True,False
Pakistan,Coffee Maker,2025-07-23,Home & Kitchen,0.0,244.78000000000003,,20.0,2.0,0.0,0.0,2,23,30,7,3,204,0,0.9749279121818236,-0.22252093395631434,-0.4999999999999997,-0.8660254037844388,0.0,1,0.0,1,0.0,1,0.0,1,0.7142857142857143,1.8898223650461348,0.0,5.0,0.35714285714285715,0.2857142857142857,1.0131411680782783,0.0,5.0,2.5,0,244.78000000000003,0.0,0.0,False,False,True,False,False,False,False,False,False,True,False,False,False,False,False,False,False,False,False,False,False,False,False,False,False,False,False,False,False,False,False,False,False,False,True,False
Pakistan,Coffee Maker,2025-07-24,Home & Kitchen,0.0,244.78000000000003,,20.0,2.0,0.0,0.0,3,24,30,7,3,205,0,0.43388373911755823,-0.900968867902419,-0.4999999999999997,-0.8660254037844388,0.0,1,0.0,1,0.0,1,0.0,1,0.7142857142857143,1.8898223650461348,0.0,5.0,0.35714285714285715,0.2857142857142857,1.0131411680782783,0.0,5.0,2.5,0,244.78000000000003,0.0,0.0,False,False,True,False,False,False,False,False,False,True,False,False,False,False,False,False,False,False,False,False,False,False,False,False,False,False,False,False,False,False,False,False,False,False,True,False
Pakistan,Coffee Maker,2025-07-25,Home & Kitchen,0.0,244.78000000000003,,20.0,2.0,0.0,0.0,4,25,30,7,3,206,0,-0.433883739117558,-0.9009688679024191,-0.4999999999999997,-0.8660254037844388,0.0,1,0.0,1,0.0,1,2.0,1,0.7142857142857143,1.8898223650461348,0.0,5.0,0.35714285714285715,0.2857142857142857,1.0131411680782783,0.0,5.0,2.5,0,244.78000000000003,0.0,0.0,False,False,True,False,False,False,False,False,False,True,False,False,False,False,False,False,False,False,False,False,False,False,False,False,False,False,False,False,False,False,False,False,False,False,True,False
Pakistan,Coffee Maker,2025-07-26,Home & Kitchen,0.0,244.78000000000003,,20.0,2.0,0.0,0.0,5,26,30,7,3,207,1,-0.9749279121818236,-0.2225209339563146,-0.4999999999999997,-0.8660254037844388,0.0,1,5.0,1,0.0,1,0.0,1,0.7142857142857143,1.8898223650461348,0.0,5.0,0.35714285714285715,0.21428571428571427,0.9567360740266391,0.0,5.0,3.3333333333333335,0,244.78000000000003,0.0,0.0,False,False,True,False,False,False,False,False,False,True,False,False,False,False,False,False,False,False,False,False,False,False,False,False,False,False,False,False,False,False,False,False,False,False,True,False
Pakistan,Coffee Maker,2025-07-27,Home & Kitchen,3.0,105.48,0.08,20.0,2.0,1.0,0.0,6,27,30,7,3,208,1,-0.7818314824680299,0.6234898018587334,-0.4999999999999997,-0.8660254037844388,0.0,1,0.0,1,0.0,1,0.0,1,0.0,0.0,0.0,0.0,0.35714285714285715,0.21428571428571427,0.9567360740266391,0.0,5.0,0.0,1,244.78000000000003,-139.3,-0.5690824413759293,False,False,True,False,False,False,False,False,False,True,False,False,False,False,False,False,False,False,False,False,False,False,False,False,False,False,False,False,False,False,False,False,False,False,True,False
Pakistan,Coffee Maker,2025-07-28,Home & Kitchen,0.0,105.48,,20.0,2.0,0.0,0.0,0,28,31,7,3,209,0,0.0,1.0,-0.4999999999999997,-0.8660254037844388,3.0,1,0.0,1,0.0,1,0.0,1,0.42857142857142855,1.1338934190276793,0.0,3.0,0.5714285714285714,0.32142857142857145,1.090483121902137,0.0,5.0,1.3333333333333333,0,105.48,0.0,0.0,False,False,True,False,False,False,False,False,False,True,False,False,False,False,False,False,False,False,False,False,False,False,False,False,False,False,False,False,False,False,False,False,False,False,True,False
Pakistan,Coffee Maker,2025-07-29,Home & Kitchen,0.0,105.48,,20.0,2.0,0.0,0.0,1,29,31,7,3,210,0,0.7818314824680298,0.6234898018587336,-0.4999999999999997,-0.8660254037844388,0.0,1,0.0,1,0.0,1,1.0,1,0.42857142857142855,1.1338934190276793,0.0,3.0,0.5714285714285714,0.32142857142857145,1.090483121902137,0.0,5.0,1.3333333333333333,0,105.48,0.0,0.0,False,False,True,False,False,False,False,False,False,True,False,False,False,False,False,False,False,False,False,False,False,False,False,False,False,False,False,False,False,False,False,False,False,False,True,False
Pakistan,Coffee Maker,2025-07-30,Home & Kitchen,0.0,105.48,,20.0,2.0,0.0,0.0,2,30,31,7,3,211,0,0.9749279121818236,-0.22252093395631434,-0.4999999999999997,-0.8660254037844388,0.0,1,0.0,1,0.0,1,0.0,1,0.42857142857142855,1.1338934190276793,0.0,3.0,0.5714285714285714,0.2857142857142857,1.0837911120705714,0.0,5.0,1.5,0,105.48,0.0,0.0,False,False,True,False,False,False,False,False,False,True,False,False,False,False,False,False,False,False,False,False,False,False,False,False,False,False,False,False,False,False,False,False,False,False,True,False
Pakistan,Coffee Maker,2025-07-31,Home & Kitchen,0.0,105.48,,20.0,2.0,0.0,0.0,3,31,31,7,3,212,0,0.43388373911755823,-0.900968867902419,-0.4999999999999997,-0.8660254037844388,0.0,1,0.0,1,0.0,1,0.0,1,0.42857142857142855,1.1338934190276793,0.0,3.0,0.5714285714285714,0.2857142857142857,1.0837911120705714,0.0,5.0,1.5,0,105.48,0.0,0.0,False,False,True,False,False,False,False,False,False,True,False,False,False,False,False,False,False,False,False,False,False,False,False,False,False,False,False,False,False,False,False,False,False,False,True,False
Pakistan,Coffee Maker,2025-08-01,Home & Kitchen,0.0,105.48,,20.0,2.0,0.0,0.0,4,1,31,8,3,213,0,-0.433883739117558,-0.9009688679024191,-0.8660254037844385,-0.5000000000000004,0.0,1,0.0,1,0.0,1,0.0,1,0.42857142857142855,1.1338934190276793,0.0,3.0,0.5714285714285714,0.2857142857142857,1.0837911120705714,0.0,5.0,1.5,0,105.48,0.0,0.0,False,False,True,False,False,False,False,False,False,True,False,False,False,False,False,False,False,False,False,False,False,False,False,False,False,False,False,False,False,False,False,False,False,False,True,False
Pakistan,Coffee Maker,2025-08-02,Home & Kitchen,0.0,105.48,,20.0,2.0,0.0,0.0,5,2,31,8,3,214,1,-0.9749279121818236,-0.2225209339563146,-0.8660254037844385,-0.5000000000000004,0.0,1,0.0,1,5.0,1,0.0,1,0.42857142857142855,1.1338934190276793,0.0,3.0,0.5714285714285714,0.2857142857142857,1.0837911120705714,0.0,5.0,1.5,0,105.48,0.0,0.0,False,False,True,False,False,False,False,False,False,True,False,False,False,False,False,False,False,False,False,False,False,False,False,False,False,False,False,False,False,False,False,False,False,False,True,False
Pakistan,Coffee Maker,2025-08-03,Home & Kitchen,0.0,105.48,,20.0,2.0,0.0,0.0,6,3,31,8,3,215,1,-0.7818314824680299,0.6234898018587334,-0.8660254037844385,-0.5000000000000004,0.0,1,3.0,1,0.0,1,0.0,1,0.42857142857142855,1.1338934190276793,0.0,3.0,0.21428571428571427,0.2857142857142857,1.0837911120705714,0.0,5.0,1.5,0,105.48,0.0,0.0,False,False,True,False,False,False,False,False,False,True,False,False,False,False,False,False,False,False,False,False,False,False,False,False,False,False,False,False,False,False,False,False,False,False,True,False
Pakistan,Coffee Maker,2025-08-04,Home & Kitchen,2.0,268.0,0.06,20.0,2.0,1.0,0.0,0,4,32,8,3,216,0,0.0,1.0,-0.8660254037844385,-0.5000000000000004,0.0,1,0.0,1,0.0,1,0.0,1,0.0,0.0,0.0,0.0,0.21428571428571427,0.2857142857142857,1.0837911120705714,0.0,5.0,0.0,1,105.48,162.51999999999998,1.5407660219946908,False,False,True,False,False,False,False,False,False,True,False,False,False,False,False,False,False,False,False,False,False,False,False,False,False,False,False,False,False,False,False,False,False,False,True,False
Pakistan,Coffee Maker,2025-08-05,Home & Kitchen,0.0,268.0,,20.0,2.0,0.0,0.0,1,5,32,8,3,217,0,0.7818314824680298,0.6234898018587336,-0.8660254037844385,-0.5000000000000004,2.0,1,0.0,1,0.0,1,0.0,1,0.2857142857142857,0.7559289460184505,0.0,2.0,0.35714285714285715,0.35714285714285715,1.1292175499576096,0.0,5.0,0.7999999999999999,0,268.0,0.0,0.0,False,False,True,False,False,False,False,False,False,True,False,False,False,False,False,False,False,False,False,False,False,False,False,False,False,False,False,False,False,False,False,False,False,False,True,False
Pakistan,Coffee Maker,2025-08-06,Home & Kitchen,0.0,268.0,,20.0,2.0,0.0,0.0,2,6,32,8,3,218,0,0.9749279121818236,-0.22252093395631434,-0.8660254037844385,-0.5000000000000004,0.0,1,0.0,1,0.0,1,0.0,1,0.2857142857142857,0.7559289460184505,0.0,2.0,0.35714285714285715,0.35714285714285715,1.1292175499576096,0.0,5.0,0.7999999999999999,0,268.0,0.0,0.0,False,False,True,False,False,False,False,False,False,True,False,False,False,False,False,False,False,False,False,False,False,False,False,False,False,False,False,False,False,False,False,False,False,False,True,False
Pakistan,Coffee Maker,2025-08-07,Home & Kitchen,0.0,268.0,,20.0,2.0,0.0,0.0,3,7,32,8,3,219,0,0.43388373911755823,-0.900968867902419,-0.8660254037844385,-0.5000000000000004,0.0,1,0.0,1,0.0,1,0.0,1,0.2857142857142857,0.7559289460184505,0.0,2.0,0.35714285714285715,0.35714285714285715,1.1292175499576096,0.0,5.0,0.7999999999999999,0,268.0,0.0,0.0,False,False,True,False,False,False,False,False,False,True,False,False,False,False,False,False,False,False,False,False,False,False,False,False,False,False,False,False,False,False,False,False,False,False,True,False
Pakistan,Coffee Maker,2025-08-08,Home & Kitchen,1.0,252.57,0.08,20.0,2.0,1.0,0.0,4,8,32,8,3,220,0,-0.433883739117558,-0.9009688679024191,-0.8660254037844385,-0.5000000000000004,0.0,1,0.0,1,0.0,1,0.0,1,0.2857142857142857,0.7559289460184505,0.0,2.0,0.35714285714285715,0.35714285714285715,1.1292175499576096,0.0,5.0,0.7999999999999999,1,268.0,-15.430000000000007,-0.05757462686567167,False,False,True,False,False,False,False,False,False,True,False,False,False,False,False,False,False,False,False,False,False,False,False,False,False,False,False,False,False,False,False,False,False,False,True,False
Pakistan,Coffee Maker,2025-08-09,Home & Kitchen,2.0,140.78,0.08,20.0,2.0,1.0,0.0,5,9,32,8,3,221,1,-0.9749279121818236,-0.2225209339563146,-0.8660254037844385,-0.5000000000000004,1.0,1,0.0,1,0.0,1,0.0,1,0.42857142857142855,0.7867957924694395,0.0,2.0,0.42857142857142855,0.39285714285714285,1.1333099904225348,0.0,5.0,1.0909090909090908,1,252.57,-111.78999999999999,-0.4426099695134022,False,False,True,False,False,False,False,False,False,True,False,False,False,False,False,False,False,False,False,False,False,False,False,False,False,False,False,False,False,False,False,False,False,False,True,False
Pakistan,Coffee Maker,2025-08-10,Home & Kitchen,0.0,140.78,,20.0,2.0,0.0,0.0,6,10,32,8,3,222,1,-0.7818314824680299,0.6234898018587334,-0.8660254037844385,-0.5000000000000004,2.0,1,0.0,1,3.0,1,0.0,1,0.7142857142857143,0.9511897312113391,0.0,2.0,0.5714285714285714,0.4642857142857143,1.170063083362436,0.0,5.0,1.5384615384615385,0,140.78,0.0,0.0,False,False,True,False,False,False,False,False,False,True,False,False,False,False,False,False,False,False,False,False,False,False,False,False,False,False,False,False,False,False,False,False,False,False,True,False
Pakistan,Coffee Maker,2025-08-11,Home & Kitchen,0.0,140.78,,20.0,2.0,0.0,0.0,0,11,33,8,3,223,0,0.0,1.0,-0.8660254037844385,-0.5000000000000004,0.0,1,2.0,1,0.0,1,0.0,1,0.7142857142857143,0.9511897312113391,0.0,2.0,0.35714285714285715,0.4642857142857143,1.170063083362436,0.0,5.0,1.5384615384615385,0,140.78,0.0,0.0,False,False,True,False,False,False,False,False,False,True,False,False,False,False,False,False,False,False,False,False,False,False,False,False,False,False,False,False,False,False,False,False,False,False,True,False
Pakistan,Coffee Maker,2025-08-12,Home & Kitchen,1.0,296.91,0.05,20.0,2.0,1.0,0.0,1,12,33,8,3,224,0,0.7818314824680298,0.6234898018587336,-0.8660254037844385,-0.5000000000000004,0.0,1,0.0,1,0.0,1,0.0,1,0.42857142857142855,0.7867957924694395,0.0,2.0,0.35714285714285715,0.4642857142857143,1.170063083362436,0.0,5.0,0.923076923076923,1,140.78,156.13000000000002,1.1090353743429466,False,False,True,False,False,False,False,False,False,True,False,False,False,False,False,False,False,False,False,False,False,False,False,False,False,False,False,False,False,False,False,False,False,False,True,False
Pakistan,Coffee Maker,2025-08-13,Home & Kitchen,2.0,54.98,0.04,20.0,2.0,1.0,0.0,2,13,33,8,3,225,0,0.9749279121818236,-0.22252093395631434,-0.8660254037844385,-0.5000000000000004,1.0,1,0.0,1,0.0,1,0.0,1,0.5714285714285714,0.7867957924694396,0.0,2.0,0.42857142857142855,0.5,1.1706281947614117,0.0,5.0,1.1428571428571428,1,296.91,-241.93000000000004,-0.8148260415614159,False,False,True,False,False,False,False,False,False,True,False,False,False,False,False,False,False,False,False,False,False,False,False,False,False,False,False,False,False,False,False,False,False,False,True,False
Pakistan,Coffee Maker,2025-08-14,Home & Kitchen,0.0,54.98,,20.0,2.0,0.0,0.0,3,14,33,8,3,226,0,0.43388373911755823,-0.900968867902419,-0.8660254037844385,-0.5000000000000004,2.0,1,0.0,1,0.0,1,0.0,1,0.8571428571428571,0.8997354108424345,0.0,2.0,0.5714285714285714,0.5714285714285714,1.1996472144565795,0.0,5.0,1.5,0,54.98,0.0,0.0,False,False,True,False,False,False,False,False,False,True,False,False,False,False,False,False,False,False,False,False,False,False,False,False,False,False,False,False,False,False,False,False,False,False,True,False
Pakistan,Coffee Maker,2025-08-15,Home & Kitchen,0.0,54.98,,20.0,2.0,0.0,0.0,4,15,33,8,3,227,0,-0.433883739117558,-0.9009688679024191,-0.8660254037844385,-0.5000000000000004,0.0,1,1.0,1,0.0,1,0.0,1,0.8571428571428571,0.8997354108424345,0.0,2.0,0.5714285714285714,0.5714285714285714,1.1996472144565795,0.0,5.0,1.5,0,54.98,0.0,0.0,False,False,True,False,False,False,False,False,False,True,False,False,False,False,False,False,False,False,False,False,False,False,False,False,False,False,False,False,False,False,False,False,False,False,True,False
Pakistan,Coffee Maker,2025-08-16,Home & Kitchen,0.0,54.98,,20.0,2.0,0.0,0.0,5,16,33,8,3,228,1,-0.9749279121818236,-0.2225209339563146,-0.8660254037844385,-0.5000000000000004,0.0,1,2.0,1,0.0,1,5.0,1,0.7142857142857143,0.9511897312113391,0.0,2.0,0.5714285714285714,0.5714285714285714,1.1996472144565795,0.0,5.0,1.25,0,54.98,0.0,0.0,False,False,True,False,False,False,False,False,False,True,False,False,False,False,False,False,False,False,False,False,False,False,False,False,False,False,False,False,False,False,False,False,False,False,True,False
Pakistan,Coffee Maker,2025-08-17,Home & Kitchen,0.0,54.98,,20.0,2.0,0.0,0.0,6,17,33,8,3,229,1,-0.7818314824680299,0.6234898018587334,-0.8660254037844385,-0.5000000000000004,0.0,1,0.0,1,0.0,1,0.0,1,0.42857142857142855,0.7867957924694395,0.0,2.0,0.5714285714285714,0.39285714285714285,0.8317445171438962,0.0,3.0,1.0909090909090908,0,54.98,0.0,0.0,False,False,True,False,False,False,False,False,False,True,False,False,False,False,False,False,False,False,False,False,False,False,False,False,False,False,False,False,False,False,False,False,False,False,True,False
Pakistan,Coffee Maker,2025-08-18,Home & Kitchen,0.0,54.98,,20.0,2.0,0.0,0.0,0,18,34,8,3,230,0,0.0,1.0,-0.8660254037844385,-0.5000000000000004,0.0,1,0.0,1,2.0,1,0.0,1,0.42857142857142855,0.7867957924694395,0.0,2.0,0.5714285714285714,0.39285714285714285,0.8317445171438962,0.0,3.0,1.0909090909090908,0,54.98,0.0,0.0,False,False,True,False,False,False,False,False,False,True,False,False,False,False,False,False,False,False,False,False,False,False,False,False,False,False,False,False,False,False,False,False,False,False,True,False
Pakistan,Coffee Maker,2025-08-19,Home & Kitchen,0.0,54.98,,20.0,2.0,0.0,0.0,1,19,34,8,3,231,0,0.7818314824680298,0.6234898018587336,-0.8660254037844385,-0.5000000000000004,0.0,1,1.0,1,0.0,1,0.0,1,0.42857142857142855,0.7867957924694395,0.0,2.0,0.42857142857142855,0.39285714285714285,0.8317445171438962,0.0,3.0,1.0909090909090908,0,54.98,0.0,0.0,False,False,True,False,False,False,False,False,False,True,False,False,False,False,False,False,False,False,False,False,False,False,False,False,False,False,False,False,False,False,False,False,False,False,True,False
Pakistan,Coffee Maker,2025-08-20,Home & Kitchen,0.0,54.98,,20.0,2.0,0.0,0.0,2,20,34,8,3,232,0,0.9749279121818236,-0.22252093395631434,-0.8660254037844385,-0.5000000000000004,0.0,1,2.0,1,0.0,1,0.0,1,0.2857142857142857,0.7559289460184505,0.0,2.0,0.42857142857142855,0.39285714285714285,0.8317445171438962,0.0,3.0,0.7272727272727273,0,54.98,0.0,0.0,False,False,True,False,False,False,False,False,False,True,False,False,False,False,False,False,False,False,False,False,False,False,False,False,False,False,False,False,False,False,False,False,False,False,True,False
Pakistan,Coffee Maker,2025-08-21,Home & Kitchen,0.0,54.98,,20.0,2.0,0.0,0.0,3,21,34,8,3,233,0,0.43388373911755823,-0.900968867902419,-0.8660254037844385,-0.5000000000000004,0.0,1,0.0,1,0.0,1,0.0,1,0.0,0.0,0.0,0.0,0.42857142857142855,0.39285714285714285,0.8317445171438962,0.0,3.0,0.0,0,54.98,0.0,0.0,False,False,True,False,False,False,False,False,False,True,False,False,False,False,False,False,False,False,False,False,False,False,False,False,False,False,False,False,False,False,False,False,False,False,True,False
Pakistan,Coffee Maker,2025-08-22,Home & Kitchen,0.0,54.98,,20.0,2.0,0.0,0.0,4,22,34,8,3,234,0,-0.433883739117558,-0.9009688679024191,-0.8660254037844385,-0.5000000000000004,0.0,1,0.0,1,1.0,1,0.0,1,0.0,0.0,0.0,0.0,0.42857142857142855,0.39285714285714285,0.8317445171438962,0.0,3.0,0.0,0,54.98,0.0,0.0,False,False,True,False,False,False,False,False,False,True,False,False,False,False,False,False,False,False,False,False,False,False,False,False,False,False,False,False,False,False,False,False,False,False,True,False
Pakistan,Coffee Maker,2025-08-23,Home & Kitchen,0.0,54.98,,20.0,2.0,0.0,0.0,5,23,34,8,3,235,1,-0.9749279121818236,-0.2225209339563146,-0.8660254037844385,-0.5000000000000004,0.0,1,0.0,1,2.0,1,0.0,1,0.0,0.0,0.0,0.0,0.35714285714285715,0.39285714285714285,0.8317445171438962,0.0,3.0,0.0,0,54.98,0.0,0.0,False,False,True,False,False,False,False,False,False,True,False,False,False,False,False,False,False,False,False,False,False,False,False,False,False,False,False,False,False,False,False,False,False,False,True,False
Pakistan,Coffee Maker,2025-08-24,Home & Kitchen,1.0,218.83,0.04,20.0,2.0,1.0,0.0,6,24,34,8,3,236,1,-0.7818314824680299,0.6234898018587334,-0.8660254037844385,-0.5000000000000004,0.0,1,0.0,1,0.0,1,3.0,1,0.0,0.0,0.0,0.0,0.21428571428571427,0.39285714285714285,0.8317445171438962,0.0,3.0,0.0,1,54.98,163.85000000000002,2.980174608948709,False,False,True,False,False,False,False,False,False,True,False,False,False,False,False,False,False,False,False,False,False,False,False,False,False,False,False,False,False,False,False,False,False,False,True,False
Pakistan,Coffee Maker,2025-08-25,Home & Kitchen,0.0,218.83,,20.0,2.0,0.0,0.0,0,25,35,8,3,237,0,0.0,1.0,-0.8660254037844385,-0.5000000000000004,1.0,1,0.0,1,0.0,1,0.0,1,0.14285714285714285,0.3779644730092191,0.0,1.0,0.2857142857142857,0.32142857142857145,0.669636243353576,0.0,2.0,0.44444444444444436,0,218.83,0.0,0.0,False,False,True,False,False,False,False,False,False,True,False,False,False,False,False,False,False,False,False,False,False,False,False,False,False,False,False,False,False,False,False,False,False,False,True,False
Pakistan,Coffee Maker,2025-08-26,Home & Kitchen,0.0,218.83,,20.0,2.0,0.0,0.0,1,26,35,8,3,238,0,0.7818314824680298,0.6234898018587336,-0.8660254037844385,-0.5000000000000004,0.0,1,0.0,1,1.0,1,0.0,1,0.14285714285714285,0.3779644730092191,0.0,1.0,0.2857142857142857,0.32142857142857145,0.669636243353576,0.0,2.0,0.44444444444444436,0,218.83,0.0,0.0,False,False,True,False,False,False,False,False,False,True,False,False,False,False,False,False,False,False,False,False,False,False,False,False,False,False,False,False,False,False,False,False,False,False,True,False
Pakistan,Coffee Maker,2025-08-27,Home & Kitchen,1.0,166.95,0.09,20.0,2.0,1.0,0.0,2,27,35,8,3,239,0,0.9749279121818236,-0.22252093395631434,-0.8660254037844385,-0.5000000000000004,0.0,1,0.0,1,2.0,1,0.0,1,0.14285714285714285,0.3779644730092191,0.0,1.0,0.21428571428571427,0.32142857142857145,0.669636243353576,0.0,2.0,0.44444444444444436,1,218.83,-51.880000000000024,-0.23707901110451043,False,False,True,False,False,False,False,False,False,True,False,False,False,False,False,False,False,False,False,False,False,False,False,False,False,False,False,False,False,False,False,False,False,False,True,False
Pakistan,Coffee Maker,2025-08-28,Home & Kitchen,2.0,178.03,0.08,20.0,2.0,1.0,0.0,3,28,35,8,3,240,0,0.43388373911755823,-0.900968867902419,-0.8660254037844385,-0.5000000000000004,1.0,1,0.0,1,0.0,1,0.0,1,0.2857142857142857,0.4879500364742605,0.0,1.0,0.14285714285714285,0.35714285714285715,0.6784669927988034,0.0,2.0,0.7999999999999999,1,166.95,11.080000000000013,0.06636717580113814,False,False,True,False,False,False,False,False,False,True,False,False,False,False,False,False,False,False,False,False,False,False,False,False,False,False,False,False,False,False,False,False,False,False,True,False
Pakistan,Coffee Maker,2025-08-29,Home & Kitchen,0.0,178.03,,20.0,2.0,0.0,0.0,4,29,35,8,3,241,0,-0.433883739117558,-0.9009688679024191,-0.8660254037844385,-0.5000000000000004,2.0,1,0.0,1,0.0,1,0.0,1,0.5714285714285714,0.7867957924694396,0.0,2.0,0.2857142857142857,0.42857142857142855,0.7417981870189099,0.0,2.0,1.3333333333333333,0,178.03,0.0,0.0,False,False,True,False,False,False,False,False,False,True,False,False,False,False,False,False,False,False,False,False,False,False,False,False,False,False,False,False,False,False,False,False,False,False,True,False
Pakistan,Coffee Maker,2025-08-30,Home & Kitchen,0.0,178.03,,20.0,2.0,0.0,0.0,5,30,35,8,3,242,1,-0.9749279121818236,-0.2225209339563146,-0.8660254037844385,-0.5000000000000004,0.0,1,0.0,1,0.0,1,0.0,1,0.5714285714285714,0.7867957924694396,0.0,2.0,0.2857142857142857,0.42857142857142855,0.7417981870189099,0.0,2.0,1.3333333333333333,0,178.03,0.0,0.0,False,False,True,False,False,False,False,False,False,True,False,False,False,False,False,False,False,False,False,False,False,False,False,False,False,False,False,False,False,False,False,False,False,False,True,False
Pakistan,Coffee Maker,2025-08-31,Home & Kitchen,0.0,178.03,,20.0,2.0,0.0,0.0,6,31,35,8,3,243,1,-0.7818314824680299,0.6234898018587334,-0.8660254037844385,-0.5000000000000004,0.0,1,1.0,1,0.0,1,0.0,1,0.5714285714285714,0.7867957924694396,0.0,2.0,0.2857142857142857,0.42857142857142855,0.7417981870189099,0.0,2.0,1.3333333333333333,0,178.03,0.0,0.0,False,False,True,False,False,False,False,False,False,True,False,False,False,False,False,False,False,False,False,False,False,False,False,False,False,False,False,False,False,False,False,False,False,False,True,False
Pakistan,Coffee Maker,2025-09-01,Home & Kitchen,0.0,178.03,,20.0,2.0,0.0,0.0,0,1,36,9,3,244,0,0.0,1.0,-1.0,-1.8369701987210297e-16,0.0,1,0.0,1,0.0,1,2.0,1,0.42857142857142855,0.7867957924694395,0.0,2.0,0.2857142857142857,0.42857142857142855,0.7417981870189099,0.0,2.0,1.0,0,178.03,0.0,0.0,False,False,True,False,False,False,False,False,False,True,False,False,False,False,False,False,False,False,False,False,False,False,False,False,False,False,False,False,False,False,False,False,False,False,True,False
Pakistan,Coffee Maker,2025-09-02,Home & Kitchen,0.0,178.03,,20.0,2.0,0.0,0.0,1,2,36,9,3,245,0,0.7818314824680298,0.6234898018587336,-1.0,-1.8369701987210297e-16,0.0,1,0.0,1,0.0,1,0.0,1,0.42857142857142855,0.7867957924694395,0.0,2.0,0.2857142857142857,0.35714285714285715,0.6784669927988034,0.0,2.0,1.2,0,178.03,0.0,0.0,False,False,True,False,False,False,False,False,False,True,False,False,False,False,False,False,False,False,False,False,False,False,False,False,False,False,False,False,False,False,False,False,False,False,True,False
Pakistan,Coffee Maker,2025-09-03,Home & Kitchen,0.0,178.03,,20.0,2.0,0.0,0.0,2,3,36,9,3,246,0,0.9749279121818236,-0.22252093395631434,-1.0,-1.8369701987210297e-16,0.0,1,1.0,1,0.0,1,0.0,1,0.42857142857142855,0.7867957924694395,0.0,2.0,0.2857142857142857,0.35714285714285715,0.6784669927988034,0.0,2.0,1.2,0,178.03,0.0,0.0,False,False,True,False,False,False,False,False,False,True,False,False,False,False,False,False,False,False,False,False,False,False,False,False,False,False,False,False,False,False,False,False,False,False,True,False
Pakistan,Coffee Maker,2025-09-04,Home & Kitchen,2.0,126.05,0.15,20.0,2.0,1.0,0.0,3,4,36,9,3,247,0,0.43388373911755823,-0.900968867902419,-1.0,-1.8369701987210297e-16,0.0,1,2.0,1,0.0,1,0.0,1,0.2857142857142857,0.7559289460184505,0.0,2.0,0.2857142857142857,0.35714285714285715,0.6784669927988034,0.0,2.0,0.7999999999999999,1,178.03,-51.980000000000004,-0.2919732629332135,False,False,True,False,False,False,False,False,False,True,False,False,False,False,False,False,False,False,False,False,False,False,False,False,False,False,False,False,False,False,False,False,False,False,True,False
Pakistan,Coffee Maker,2025-09-05,Home & Kitchen,0.0,126.05,,20.0,2.0,0.0,0.0,4,5,36,9,3,248,0,-0.433883739117558,-0.9009688679024191,-1.0,-1.8369701987210297e-16,2.0,1,0.0,1,0.0,1,1.0,1,0.2857142857142857,0.7559289460184505,0.0,2.0,0.42857142857142855,0.42857142857142855,0.7417981870189099,0.0,2.0,0.6666666666666666,0,126.05,0.0,0.0,False,False,True,False,False,False,False,False,False,True,False,False,False,False,False,False,False,False,False,False,False,False,False,False,False,False,False,False,False,False,False,False,False,False,True,False
Pakistan,Coffee Maker,2025-09-06,Home & Kitchen,0.0,126.05,,20.0,2.0,0.0,0.0,5,6,36,9,3,249,1,-0.9749279121818236,-0.2225209339563146,-1.0,-1.8369701987210297e-16,0.0,1,0.0,1,0.0,1,2.0,1,0.2857142857142857,0.7559289460184505,0.0,2.0,0.42857142857142855,0.39285714285714285,0.7373267889143761,0.0,2.0,0.7272727272727273,0,126.05,0.0,0.0,False,False,True,False,False,False,False,False,False,True,False,False,False,False,False,False,False,False,False,False,False,False,False,False,False,False,False,False,False,False,False,False,False,False,True,False
Pakistan,Coffee Maker,2025-09-07,Home & Kitchen,1.0,65.7,0.03,20.0,2.0,1.0,0.0,6,7,36,9,3,250,1,-0.7818314824680299,0.6234898018587334,-1.0,-1.8369701987210297e-16,0.0,1,0.0,1,1.0,1,0.0,1,0.2857142857142857,0.7559289460184505,0.0,2.0,0.42857142857142855,0.32142857142857145,0.669636243353576,0.0,2.0,0.8888888888888887,1,126.05,-60.349999999999994,-0.47877826259420864,False,False,True,False,False,False,False,False,False,True,False,False,False,False,False,False,False,False,False,False,False,False,False,False,False,False,False,False,False,False,False,False,False,False,True,False
Pakistan,Coffee Maker,2025-09-08,Home & Kitchen,0.0,65.7,,20.0,2.0,0.0,0.0,0,8,37,9,3,251,0,0.0,1.0,-1.0,-1.8369701987210297e-16,1.0,1,0.0,1,0.0,1,0.0,1,0.42857142857142855,0.7867957924694395,0.0,2.0,0.42857142857142855,0.35714285714285715,0.6784669927988034,0.0,2.0,1.2,0,65.7,0.0,0.0,False,False,True,False,False,False,False,False,False,True,False,False,False,False,False,False,False,False,False,False,False,False,False,False,False,False,False,False,False,False,False,False,False,False,True,False
Pakistan,Coffee Maker,2025-09-09,Home & Kitchen,0.0,65.7,,20.0,2.0,0.0,0.0,1,9,37,9,3,252,0,0.7818314824680298,0.6234898018587336,-1.0,-1.8369701987210297e-16,0.0,1,0.0,1,0.0,1,1.0,1,0.42857142857142855,0.7867957924694395,0.0,2.0,0.42857142857142855,0.35714285714285715,0.6784669927988034,0.0,2.0,1.2,0,65.7,0.0,0.0,False,False,True,False,False,False,False,False,False,True,False,False,False,False,False,False,False,False,False,False,False,False,False,False,False,False,False,False,False,False,False,False,False,False,True,False
Pakistan,Coffee Maker,2025-09-10,Home & Kitchen,0.0,65.7,,20.0,2.0,0.0,0.0,2,10,37,9,3,253,0,0.9749279121818236,-0.22252093395631434,-1.0,-1.8369701987210297e-16,0.0,1,0.0,1,1.0,1,2.0,1,0.42857142857142855,0.7867957924694395,0.0,2.0,0.42857142857142855,0.32142857142857145,0.669636243353576,0.0,2.0,1.3333333333333333,0,65.7,0.0,0.0,False,False,True,False,False,False,False,False,False,True,False,False,False,False,False,False,False,False,False,False,False,False,False,False,False,False,False,False,False,False,False,False,False,False,True,False
Pakistan,Coffee Maker,2025-09-11,Home & Kitchen,0.0,65.7,,20.0,2.0,0.0,0.0,3,11,37,9,3,254,0,0.43388373911755823,-0.900968867902419,-1.0,-1.8369701987210297e-16,0.0,1,2.0,1,2.0,1,0.0,1,0.42857142857142855,0.7867957924694395,0.0,2.0,0.35714285714285715,0.25,0.5853140973807002,0.0,2.0,1.7142857142857142,0,65.7,0.0,0.0,False,False,True,False,False,False,False,False,False,True,False,False,False,False,False,False,False,False,False,False,False,False,False,False,False,False,False,False,False,False,False,False,False,False,True,False
Pakistan,Coffee Maker,2025-09-12,Home & Kitchen,0.0,65.7,,20.0,2.0,0.0,0.0,4,12,37,9,3,255,0,-0.433883739117558,-0.9009688679024191,-1.0,-1.8369701987210297e-16,0.0,1,0.0,1,0.0,1,0.0,1,0.14285714285714285,0.377964473009219,0.0,1.0,0.21428571428571427,0.25,0.5853140973807002,0.0,2.0,0.5714285714285714,0,65.7,0.0,0.0,False,False,True,False,False,False,False,False,False,True,False,False,False,False,False,False,False,False,False,False,False,False,False,False,False,False,False,False,False,False,False,False,False,False,True,False
Pakistan,Coffee Maker,2025-09-13,Home & Kitchen,0.0,65.7,,20.0,2.0,0.0,0.0,5,13,37,9,3,256,1,-0.9749279121818236,-0.2225209339563146,-1.0,-1.8369701987210297e-16,0.0,1,0.0,1,0.0,1,0.0,1,0.14285714285714285,0.377964473009219,0.0,1.0,0.21428571428571427,0.25,0.5853140973807002,0.0,2.0,0.5714285714285714,0,65.7,0.0,0.0,False,False,True,False,False,False,False,False,False,True,False,False,False,False,False,False,False,False,False,False,False,False,False,False,False,False,False,False,False,False,False,False,False,False,True,False
Pakistan,Coffee Maker,2025-09-14,Home & Kitchen,0.0,65.7,,20.0,2.0,0.0,0.0,6,14,37,9,3,257,1,-0.7818314824680299,0.6234898018587334,-1.0,-1.8369701987210297e-16,0.0,1,1.0,1,0.0,1,0.0,1,0.14285714285714285,0.377964473009219,0.0,1.0,0.21428571428571427,0.25,0.5853140973807002,0.0,2.0,0.5714285714285714,0,65.7,0.0,0.0,False,False,True,False,False,False,False,False,False,True,False,False,False,False,False,False,False,False,False,False,False,False,False,False,False,False,False,False,False,False,False,False,False,False,True,False
Pakistan,Coffee Maker,2025-09-15,Home & Kitchen,0.0,65.7,,20.0,2.0,0.0,0.0,0,15,38,9,3,258,0,0.0,1.0,-1.0,-1.8369701987210297e-16,0.0,1,0.0,1,0.0,1,0.0,1,0.0,0.0,0.0,0.0,0.21428571428571427,0.25,0.5853140973807002,0.0,2.0,0.0,0,65.7,0.0,0.0,False,False,True,False,False,False,False,False,False,True,False,False,False,False,False,False,False,False,False,False,False,False,False,False,False,False,False,False,False,False,False,False,False,False,True,False
Pakistan,Coffee Maker,2025-09-16,Home & Kitchen,0.0,65.7,,20.0,2.0,0.0,0.0,1,16,38,9,3,259,0,0.7818314824680298,0.6234898018587336,-1.0,-1.8369701987210297e-16,0.0,1,0.0,1,0.0,1,0.0,1,0.0,0.0,0.0,0.0,0.21428571428571427,0.25,0.5853140973807002,0.0,2.0,0.0,0,65.7,0.0,0.0,False,False,True,False,False,False,False,False,False,True,False,False,False,False,False,False,False,False,False,False,False,False,False,False,False,False,False,False,False,False,False,False,False,False,True,False
Pakistan,Coffee Maker,2025-09-17,Home & Kitchen,0.0,65.7,,20.0,2.0,0.0,0.0,2,17,38,9,3,260,0,0.9749279121818236,-0.22252093395631434,-1.0,-1.8369701987210297e-16,0.0,1,0.0,1,0.0,1,0.0,1,0.0,0.0,0.0,0.0,0.21428571428571427,0.25,0.5853140973807002,0.0,2.0,0.0,0,65.7,0.0,0.0,False,False,True,False,False,False,False,False,False,True,False,False,False,False,False,False,False,False,False,False,False,False,False,False,False,False,False,False,False,False,False,False,False,False,True,False
Pakistan,Coffee Maker,2025-09-18,Home & Kitchen,0.0,65.7,,20.0,2.0,0.0,0.0,3,18,38,9,3,261,0,0.43388373911755823,-0.900968867902419,-1.0,-1.8369701987210297e-16,0.0,1,0.0,1,2.0,1,0.0,1,0.0,0.0,0.0,0.0,0.21428571428571427,0.25,0.5853140973807002,0.0,2.0,0.0,0,65.7,0.0,0.0,False,False,True,False,False,False,False,False,False,True,False,False,False,False,False,False,False,False,False,False,False,False,False,False,False,False,False,False,False,False,False,False,False,False,True,False
Pakistan,Coffee Maker,2025-09-19,Home & Kitchen,1.0,151.1,0.07,20.0,2.0,1.0,0.0,4,19,38,9,3,262,0,-0.433883739117558,-0.9009688679024191,-1.0,-1.8369701987210297e-16,0.0,1,0.0,1,0.0,1,0.0,1,0.0,0.0,0.0,0.0,0.07142857142857142,0.25,0.5853140973807002,0.0,2.0,0.0,1,65.7,85.39999999999999,1.2998477929984777,False,False,True,False,False,False,False,False,False,True,False,False,False,False,False,False,False,False,False,False,False,False,False,False,False,False,False,False,False,False,False,False,False,False,True,False
Pakistan,Coffee Maker,2025-09-20,Home & Kitchen,0.0,151.1,,20.0,2.0,0.0,0.0,5,20,38,9,3,263,1,-0.9749279121818236,-0.2225209339563146,-1.0,-1.8369701987210297e-16,1.0,1,0.0,1,0.0,1,0.0,1,0.14285714285714285,0.377964473009219,0.0,1.0,0.14285714285714285,0.2857142857142857,0.5998236072282842,0.0,2.0,0.5,0,151.1,0.0,0.0,False,False,True,False,False,False,False,False,False,True,False,False,False,False,False,False,False,False,False,False,False,False,False,False,False,False,False,False,False,False,False,False,False,False,True,False
Pakistan,Coffee Maker,2025-09-21,Home & Kitchen,2.0,250.35,0.07,20.0,2.0,1.0,0.0,6,21,38,9,3,264,1,-0.7818314824680299,0.6234898018587334,-1.0,-1.8369701987210297e-16,0.0,1,0.0,1,1.0,1,1.0,1,0.14285714285714285,0.377964473009219,0.0,1.0,0.14285714285714285,0.2857142857142857,0.5998236072282842,0.0,2.0,0.5,1,151.1,99.25,0.656849768365321,False,False,True,False,False,False,False,False,False,True,False,False,False,False,False,False,False,False,False,False,False,False,False,False,False,False,False,False,False,False,False,False,False,False,True,False
Pakistan,Coffee Maker,2025-09-22,Home & Kitchen,0.0,250.35,,20.0,2.0,0.0,0.0,0,22,39,9,3,265,0,0.0,1.0,-1.0,-1.8369701987210297e-16,2.0,1,0.0,1,0.0,1,0.0,1,0.42857142857142855,0.7867957924694395,0.0,2.0,0.21428571428571427,0.32142857142857145,0.669636243353576,0.0,2.0,1.3333333333333333,0,250.35,0.0,0.0,False,False,True,False,False,False,False,False,False,True,False,False,False,False,False,False,False,False,False,False,False,False,False,False,False,False,False,False,False,False,False,False,False,False,True,False
Pakistan,Coffee Maker,2025-09-23,Home & Kitchen,0.0,250.35,,20.0,2.0,0.0,0.0,1,23,39,9,3,266,0,0.7818314824680298,0.6234898018587336,-1.0,-1.8369701987210297e-16,0.0,1,0.0,1,0.0,1,0.0,1,0.42857142857142855,0.7867957924694395,0.0,2.0,0.21428571428571427,0.32142857142857145,0.669636243353576,0.0,2.0,1.3333333333333333,0,250.35,0.0,0.0,False,False,True,False,False,False,False,False,False,True,False,False,False,False,False,False,False,False,False,False,False,False,False,False,False,False,False,False,False,False,False,False,False,False,True,False
Pakistan,Coffee Maker,2025-09-24,Home & Kitchen,3.0,153.81,0.04,20.0,2.0,1.0,0.0,2,24,39,9,3,267,0,0.9749279121818236,-0.22252093395631434,-1.0,-1.8369701987210297e-16,0.0,1,0.0,1,0.0,1,1.0,1,0.42857142857142855,0.7867957924694395,0.0,2.0,0.21428571428571427,0.32142857142857145,0.669636243353576,0.0,2.0,1.3333333333333333,1,250.35,-96.53999999999999,-0.38562013181545834,False,False,True,False,False,False,False,False,False,True,False,False,False,False,False,False,False,False,False,False,False,False,False,False,False,False,False,False,False,False,False,False,False,False,True,False
Pakistan,Coffee Maker,2025-09-25,Home & Kitchen,0.0,153.81,,20.0,2.0,0.0,0.0,3,25,39,9,3,268,0,0.43388373911755823,-0.900968867902419,-1.0,-1.8369701987210297e-16,3.0,1,0.0,1,0.0,1,2.0,1,0.8571428571428571,1.2149857925879097,0.0,3.0,0.42857142857142855,0.39285714285714285,0.8317445171438962,0.0,3.0,2.1818181818181817,0,153.81,0.0,0.0,False,False,True,False,False,False,False,False,False,True,False,False,False,False,False,False,False,False,False,False,False,False,False,False,False,False,False,False,False,False,False,False,False,False,True,False
Pakistan,Coffee Maker,2025-09-26,Home & Kitchen,0.0,153.81,,20.0,2.0,0.0,0.0,4,26,39,9,3,269,0,-0.433883739117558,-0.9009688679024191,-1.0,-1.8369701987210297e-16,0.0,1,1.0,1,0.0,1,0.0,1,0.8571428571428571,1.2149857925879097,0.0,3.0,0.42857142857142855,0.32142857142857145,0.7723735149270965,0.0,3.0,2.6666666666666665,0,153.81,0.0,0.0,False,False,True,False,False,False,False,False,False,True,False,False,False,False,False,False,False,False,False,False,False,False,False,False,False,False,False,False,False,False,False,False,False,False,True,False
Pakistan,Coffee Maker,2025-09-27,Home & Kitchen,0.0,153.81,,20.0,2.0,0.0,0.0,5,27,39,9,3,270,1,-0.9749279121818236,-0.2225209339563146,-1.0,-1.8369701987210297e-16,0.0,1,0.0,1,0.0,1,0.0,1,0.7142857142857143,1.2535663410560154,0.0,3.0,0.42857142857142855,0.32142857142857145,0.7723735149270965,0.0,3.0,2.2222222222222223,0,153.81,0.0,0.0,False,False,True,False,False,False,False,False,False,True,False,False,False,False,False,False,False,False,False,False,False,False,False,False,False,False,False,False,False,False,False,False,False,False,True,False
Pakistan,Coffee Maker,2025-09-28,Home & Kitchen,0.0,153.81,,20.0,2.0,0.0,0.0,6,28,39,9,3,271,1,-0.7818314824680299,0.6234898018587334,-1.0,-1.8369701987210297e-16,0.0,1,2.0,1,0.0,1,0.0,1,0.7142857142857143,1.2535663410560154,0.0,3.0,0.42857142857142855,0.32142857142857145,0.7723735149270965,0.0,3.0,2.2222222222222223,0,153.81,0.0,0.0,False,False,True,False,False,False,False,False,False,True,False,False,False,False,False,False,False,False,False,False,False,False,False,False,False,False,False,False,False,False,False,False,False,False,True,False
Pakistan,Coffee Maker,2025-09-29,Home & Kitchen,0.0,153.81,,20.0,2.0,0.0,0.0,0,29,40,9,3,272,0,0.0,1.0,-1.0,-1.8369701987210297e-16,0.0,1,0.0,1,0.0,1,0.0,1,0.42857142857142855,1.1338934190276793,0.0,3.0,0.42857142857142855,0.32142857142857145,0.7723735149270965,0.0,3.0,1.3333333333333333,0,153.81,0.0,0.0,False,False,True,False,False,False,False,False,False,True,False,False,False,False,False,False,False,False,False,False,False,False,False,False,False,False,False,False,False,False,False,False,False,False,True,False
Pakistan,Coffee Maker,2025-09-30,Home & Kitchen,0.0,153.81,,20.0,2.0,0.0,0.0,1,30,40,9,3,273,0,0.7818314824680298,0.6234898018587336,-1.0,-1.8369701987210297e-16,0.0,1,0.0,1,0.0,1,0.0,1,0.42857142857142855,1.1338934190276793,0.0,3.0,0.42857142857142855,0.32142857142857145,0.7723735149270965,0.0,3.0,1.3333333333333333,0,153.81,0.0,0.0,False,False,True,False,False,False,False,False,False,True,False,False,False,False,False,False,False,False,False,False,False,False,False,False,False,False,False,False,False,False,False,False,False,False,True,False
Pakistan,Coffee Maker,2025-10-01,Home & Kitchen,0.0,153.81,,20.0,2.0,0.0,0.0,2,1,40,10,4,274,0,0.9749279121818236,-0.22252093395631434,-0.8660254037844386,0.5000000000000001,0.0,1,3.0,1,0.0,1,0.0,1,0.42857142857142855,1.1338934190276793,0.0,3.0,0.42857142857142855,0.32142857142857145,0.7723735149270965,0.0,3.0,1.3333333333333333,0,153.81,0.0,0.0,False,False,True,False,False,False,False,False,False,True,False,False,False,False,False,False,False,False,False,False,False,False,False,False,False,False,False,False,False,False,False,False,False,False,True,False
Pakistan,Coffee Maker,2025-10-02,Home & Kitchen,0.0,153.81,,20.0,2.0,0.0,0.0,3,2,40,10,4,275,0,0.43388373911755823,-0.900968867902419,-0.8660254037844386,0.5000000000000001,0.0,1,0.0,1,0.0,1,2.0,1,0.0,0.0,0.0,0.0,0.42857142857142855,0.32142857142857145,0.7723735149270965,0.0,3.0,0.0,0,153.81,0.0,0.0,False,False,True,False,False,False,False,False,False,True,False,False,False,False,False,False,False,False,False,False,False,False,False,False,False,False,False,False,False,False,False,False,False,False,True,False
Pakistan,Coffee Maker,2025-10-03,Home & Kitchen,3.0,104.24,0.07,20.0,2.0,1.0,0.0,4,3,40,10,4,276,0,-0.433883739117558,-0.9009688679024191,-0.8660254037844386,0.5000000000000001,0.0,1,0.0,1,1.0,1,0.0,1,0.0,0.0,0.0,0.0,0.42857142857142855,0.25,0.7005289007176877,0.0,3.0,0.0,1,153.81,-49.57000000000001,-0.3222807359729537,False,False,True,False,False,False,False,False,False,True,False,False,False,False,False,False,False,False,False,False,False,False,False,False,False,False,False,False,False,False,False,False,False,False,True,False
Pakistan,Coffee Maker,2025-10-04,Home & Kitchen,1.0,64.1,0.12,20.0,2.0,1.0,0.0,5,4,40,10,4,277,1,-0.9749279121818236,-0.2225209339563146,-0.8660254037844386,0.5000000000000001,3.0,1,0.0,1,0.0,1,0.0,1,0.42857142857142855,1.1338934190276793,0.0,3.0,0.5714285714285714,0.35714285714285715,0.8698354767504874,0.0,3.0,1.2,1,104.24,-40.14,-0.3850729086722947,False,False,True,False,False,False,False,False,False,True,False,False,False,False,False,False,False,False,False,False,False,False,False,False,False,False,False,False,False,False,False,False,False,False,True,False
Pakistan,Coffee Maker,2025-10-05,Home & Kitchen,0.0,64.1,,20.0,2.0,0.0,0.0,6,5,40,10,4,278,1,-0.7818314824680299,0.6234898018587334,-0.8660254037844386,0.5000000000000001,1.0,1,0.0,1,2.0,1,1.0,1,0.5714285714285714,1.1338934190276793,0.0,3.0,0.6428571428571429,0.39285714285714285,0.8751417118804287,0.0,3.0,1.4545454545454546,0,64.1,0.0,0.0,False,False,True,False,False,False,False,False,False,True,False,False,False,False,False,False,False,False,False,False,False,False,False,False,False,False,False,False,False,False,False,False,False,False,True,False
Pakistan,Coffee Maker,2025-10-06,Home & Kitchen,0.0,64.1,,20.0,2.0,0.0,0.0,0,6,41,10,4,279,0,0.0,1.0,-0.8660254037844386,0.5000000000000001,0.0,1,0.0,1,0.0,1,0.0,1,0.5714285714285714,1.1338934190276793,0.0,3.0,0.5,0.35714285714285715,0.8698354767504874,0.0,3.0,1.5999999999999999,0,64.1,0.0,0.0,False,False,True,False,False,False,False,False,False,True,False,False,False,False,False,False,False,False,False,False,False,False,False,False,False,False,False,False,False,False,False,False,False,False,True,False
Pakistan,Coffee Maker,2025-10-07,Home & Kitchen,0.0,64.1,,20.0,2.0,0.0,0.0,1,7,41,10,4,280,0,0.7818314824680298,0.6234898018587336,-0.8660254037844386,0.5000000000000001,0.0,1,0.0,1,0.0,1,0.0,1,0.5714285714285714,1.1338934190276793,0.0,3.0,0.5,0.35714285714285715,0.8698354767504874,0.0,3.0,1.5999999999999999,0,64.1,0.0,0.0,False,False,True,False,False,False,False,False,False,True,False,False,False,False,False,False,False,False,False,False,False,False,False,False,False,False,False,False,False,False,False,False,False,False,True,False
Pakistan,Coffee Maker,2025-10-08,Home & Kitchen,0.0,64.1,,20.0,2.0,0.0,0.0,2,8,41,10,4,281,0,0.9749279121818236,-0.22252093395631434,-0.8660254037844386,0.5000000000000001,0.0,1,0.0,1,3.0,1,0.0,1,0.5714285714285714,1.1338934190276793,0.0,3.0,0.5,0.35714285714285715,0.8698354767504874,0.0,3.0,1.5999999999999999,0,64.1,0.0,0.0,False,False,True,False,False,False,False,False,False,True,False,False,False,False,False,False,False,False,False,False,False,False,False,False,False,False,False,False,False,False,False,False,False,False,True,False
Pakistan,Coffee Maker,2025-10-09,Home & Kitchen,0.0,64.1,,20.0,2.0,0.0,0.0,3,9,41,10,4,282,0,0.43388373911755823,-0.900968867902419,-0.8660254037844386,0.5000000000000001,0.0,1,0.0,1,0.0,1,0.0,1,0.5714285714285714,1.1338934190276793,0.0,3.0,0.2857142857142857,0.35714285714285715,0.8698354767504874,0.0,3.0,1.5999999999999999,0,64.1,0.0,0.0,False,False,True,False,False,False,False,False,False,True,False,False,False,False,False,False,False,False,False,False,False,False,False,False,False,False,False,False,False,False,False,False,False,False,True,False
Pakistan,Coffee Maker,2025-10-10,Home & Kitchen,0.0,64.1,,20.0,2.0,0.0,0.0,4,10,41,10,4,283,0,-0.433883739117558,-0.9009688679024191,-0.8660254037844386,0.5000000000000001,0.0,1,3.0,1,0.0,1,0.0,1,0.5714285714285714,1.1338934190276793,0.0,3.0,0.2857142857142857,0.35714285714285715,0.8698354767504874,0.0,3.0,1.5999999999999999,0,64.1,0.0,0.0,False,False,True,False,False,False,False,False,False,True,False,False,False,False,False,False,False,False,False,False,False,False,False,False,False,False,False,False,False,False,False,False,False,False,True,False
Pakistan,Coffee Maker,2025-10-11,Home & Kitchen,0.0,64.1,,20.0,2.0,0.0,0.0,5,11,41,10,4,284,1,-0.9749279121818236,-0.2225209339563146,-0.8660254037844386,0.5000000000000001,0.0,1,1.0,1,0.0,1,0.0,1,0.14285714285714285,0.37796447300921887,0.0,1.0,0.2857142857142857,0.35714285714285715,0.8698354767504874,0.0,3.0,0.39999999999999997,0,64.1,0.0,0.0,False,False,True,False,False,False,False,False,False,True,False,False,False,False,False,False,False,False,False,False,False,False,False,False,False,False,False,False,False,False,False,False,False,False,True,False
Pakistan,Coffee Maker,2025-10-12,Home & Kitchen,0.0,64.1,,20.0,2.0,0.0,0.0,6,12,41,10,4,285,1,-0.7818314824680299,0.6234898018587334,-0.8660254037844386,0.5000000000000001,0.0,1,0.0,1,0.0,1,0.0,1,0.0,0.0,0.0,0.0,0.2857142857142857,0.35714285714285715,0.8698354767504874,0.0,3.0,0.0,0,64.1,0.0,0.0,False,False,True,False,False,False,False,False,False,True,False,False,False,False,False,False,False,False,False,False,False,False,False,False,False,False,False,False,False,False,False,False,False,False,True,False
Pakistan,Coffee Maker,2025-10-13,Home & Kitchen,0.0,64.1,,20.0,2.0,0.0,0.0,0,13,42,10,4,286,0,0.0,1.0,-0.8660254037844386,0.5000000000000001,0.0,1,0.0,1,0.0,1,0.0,1,0.0,0.0,0.0,0.0,0.2857142857142857,0.35714285714285715,0.8698354767504874,0.0,3.0,0.0,0,64.1,0.0,0.0,False,False,True,False,False,False,False,False,False,True,False,False,False,False,False,False,False,False,False,False,False,False,False,False,False,False,False,False,False,False,False,False,False,False,True,False
Pakistan,Coffee Maker,2025-10-14,Home & Kitchen,0.0,64.1,,20.0,2.0,0.0,0.0,1,14,42,10,4,287,0,0.7818314824680298,0.6234898018587336,-0.8660254037844386,0.5000000000000001,0.0,1,0.0,1,0.0,1,0.0,1,0.0,0.0,0.0,0.0,0.2857142857142857,0.35714285714285715,0.8698354767504874,0.0,3.0,0.0,0,64.1,0.0,0.0,False,False,True,False,False,False,False,False,False,True,False,False,False,False,False,False,False,False,False,False,False,False,False,False,False,False,False,False,False,False,False,False,False,False,True,False
Pakistan,Coffee Maker,2025-10-15,Home & Kitchen,0.0,64.1,,20.0,2.0,0.0,0.0,2,15,42,10,4,288,0,0.9749279121818236,-0.22252093395631434,-0.8660254037844386,0.5000000000000001,0.0,1,0.0,1,0.0,1,0.0,1,0.0,0.0,0.0,0.0,0.2857142857142857,0.35714285714285715,0.8698354767504874,0.0,3.0,0.0,0,64.1,0.0,0.0,False,False,True,False,False,False,False,False,False,True,False,False,False,False,False,False,False,False,False,False,False,False,False,False,False,False,False,False,False,False,False,False,False,False,True,False
Pakistan,Coffee Maker,2025-10-16,Home & Kitchen,0.0,64.1,,20.0,2.0,0.0,0.0,3,16,42,10,4,289,0,0.43388373911755823,-0.900968867902419,-0.8660254037844386,0.5000000000000001,0.0,1,0.0,1,0.0,1,0.0,1,0.0,0.0,0.0,0.0,0.2857142857142857,0.35714285714285715,0.8698354767504874,0.0,3.0,0.0,0,64.1,0.0,0.0,False,False,True,False,False,False,False,False,False,True,False,False,False,False,False,False,False,False,False,False,False,False,False,False,False,False,False,False,False,False,False,False,False,False,True,False
Pakistan,Coffee Maker,2025-10-17,Home & Kitchen,2.0,193.23,0.15,20.0,2.0,1.0,0.0,4,17,42,10,4,290,0,-0.433883739117558,-0.9009688679024191,-0.8660254037844386,0.5000000000000001,0.0,1,0.0,1,3.0,1,1.0,1,0.0,0.0,0.0,0.0,0.2857142857142857,0.35714285714285715,0.8698354767504874,0.0,3.0,0.0,1,64.1,129.13,2.0145085803432137,False,False,True,False,False,False,False,False,False,True,False,False,False,False,False,False,False,False,False,False,False,False,False,False,False,False,False,False,False,False,False,False,False,False,True,False
Pakistan,Coffee Maker,2025-10-18,Home & Kitchen,0.0,193.23,,20.0,2.0,0.0,0.0,5,18,42,10,4,291,1,-0.9749279121818236,-0.2225209339563146,-0.8660254037844386,0.5000000000000001,2.0,1,0.0,1,1.0,1,0.0,1,0.2857142857142857,0.7559289460184504,0.0,2.0,0.21428571428571427,0.39285714285714285,0.916486273736318,0.0,3.0,0.7272727272727273,0,193.23,0.0,0.0,False,False,True,False,False,False,False,False,False,True,False,False,False,False,False,False,False,False,False,False,False,False,False,False,False,False,False,False,False,False,False,False,False,False,True,False
Pakistan,Coffee Maker,2025-10-19,Home & Kitchen,0.0,193.23,,20.0,2.0,0.0,0.0,6,19,42,10,4,292,1,-0.7818314824680299,0.6234898018587334,-0.8660254037844386,0.5000000000000001,0.0,1,0.0,1,0.0,1,2.0,1,0.2857142857142857,0.7559289460184504,0.0,2.0,0.14285714285714285,0.39285714285714285,0.916486273736318,0.0,3.0,0.7272727272727273,0,193.23,0.0,0.0,False,False,True,False,False,False,False,False,False,True,False,False,False,False,False,False,False,False,False,False,False,False,False,False,False,False,False,False,False,False,False,False,False,False,True,False
Pakistan,Coffee Maker,2025-10-20,Home & Kitchen,0.0,193.23,,20.0,2.0,0.0,0.0,0,20,43,10,4,293,0,0.0,1.0,-0.8660254037844386,0.5000000000000001,0.0,1,0.0,1,0.0,1,0.0,1,0.2857142857142857,0.7559289460184504,0.0,2.0,0.14285714285714285,0.32142857142857145,0.8629652337776916,0.0,3.0,0.8888888888888887,0,193.23,0.0,0.0,False,False,True,False,False,False,False,False,False,True,False,False,False,False,False,False,False,False,False,False,False,False,False,False,False,False,False,False,False,False,False,False,False,False,True,False
Pakistan,Coffee Maker,2025-10-21,Home & Kitchen,0.0,193.23,,20.0,2.0,0.0,0.0,1,21,43,10,4,294,0,0.7818314824680298,0.6234898018587336,-0.8660254037844386,0.5000000000000001,0.0,1,0.0,1,0.0,1,0.0,1,0.2857142857142857,0.7559289460184504,0.0,2.0,0.14285714285714285,0.32142857142857145,0.8629652337776916,0.0,3.0,0.8888888888888887,0,193.23,0.0,0.0,False,False,True,False,False,False,False,False,False,True,False,False,False,False,False,False,False,False,False,False,False,False,False,False,False,False,False,False,False,False,False,False,False,False,True,False
Pakistan,Coffee Maker,2025-10-22,Home & Kitchen,0.0,193.23,,20.0,2.0,0.0,0.0,2,22,43,10,4,295,0,0.9749279121818236,-0.22252093395631434,-0.8660254037844386,0.5000000000000001,0.0,1,0.0,1,0.0,1,3.0,1,0.2857142857142857,0.7559289460184504,0.0,2.0,0.14285714285714285,0.32142857142857145,0.8629652337776916,0.0,3.0,0.8888888888888887,0,193.23,0.0,0.0,False,False,True,False,False,False,False,False,False,True,False,False,False,False,False,False,False,False,False,False,False,False,False,False,False,False,False,False,False,False,False,False,False,False,True,False
Pakistan,Coffee Maker,2025-10-23,Home & Kitchen,0.0,193.23,,20.0,2.0,0.0,0.0,3,23,43,10,4,296,0,0.43388373911755823,-0.900968867902419,-0.8660254037844386,0.5000000000000001,0.0,1,0.0,1,0.0,1,0.0,1,0.2857142857142857,0.7559289460184504,0.0,2.0,0.14285714285714285,0.21428571428571427,0.6862211530545106,0.0,3.0,1.3333333333333333,0,193.23,0.0,0.0,False,False,True,False,False,False,False,False,False,True,False,False,False,False,False,False,False,False,False,False,False,False,False,False,False,False,False,False,False,False,False,False,False,False,True,False
Pakistan,Coffee Maker,2025-10-24,Home & Kitchen,0.0,193.23,,20.0,2.0,0.0,0.0,4,24,43,10,4,297,0,-0.433883739117558,-0.9009688679024191,-0.8660254037844386,0.5000000000000001,0.0,1,2.0,1,0.0,1,0.0,1,0.2857142857142857,0.7559289460184504,0.0,2.0,0.14285714285714285,0.21428571428571427,0.6862211530545106,0.0,3.0,1.3333333333333333,0,193.23,0.0,0.0,False,False,True,False,False,False,False,False,False,True,False,False,False,False,False,False,False,False,False,False,False,False,False,False,False,False,False,False,False,False,False,False,False,False,True,False
Pakistan,Coffee Maker,2025-10-25,Home & Kitchen,0.0,193.23,,20.0,2.0,0.0,0.0,5,25,43,10,4,298,1,-0.9749279121818236,-0.2225209339563146,-0.8660254037844386,0.5000000000000001,0.0,1,0.0,1,0.0,1,0.0,1,0.0,0.0,0.0,0.0,0.14285714285714285,0.21428571428571427,0.6862211530545106,0.0,3.0,0.0,0,193.23,0.0,0.0,False,False,True,False,False,False,False,False,False,True,False,False,False,False,False,False,False,False,False,False,False,False,False,False,False,False,False,False,False,False,False,False,False,False,True,False
Pakistan,Coffee Maker,2025-10-26,Home & Kitchen,0.0,193.23,,20.0,2.0,0.0,0.0,6,26,43,10,4,299,1,-0.7818314824680299,0.6234898018587334,-0.8660254037844386,0.5000000000000001,0.0,1,0.0,1,0.0,1,0.0,1,0.0,0.0,0.0,0.0,0.14285714285714285,0.21428571428571427,0.6862211530545106,0.0,3.0,0.0,0,193.23,0.0,0.0,False,False,True,False,False,False,False,False,False,True,False,False,False,False,False,False,False,False,False,False,False,False,False,False,False,False,False,False,False,False,False,False,False,False,True,False
Pakistan,Coffee Maker,2025-10-27,Home & Kitchen,0.0,193.23,,20.0,2.0,0.0,0.0,0,27,44,10,4,300,0,0.0,1.0,-0.8660254037844386,0.5000000000000001,0.0,1,0.0,1,0.0,1,0.0,1,0.0,0.0,0.0,0.0,0.14285714285714285,0.21428571428571427,0.6862211530545106,0.0,3.0,0.0,0,193.23,0.0,0.0,False,False,True,False,False,False,False,False,False,True,False,False,False,False,False,False,False,False,False,False,False,False,False,False,False,False,False,False,False,False,False,False,False,False,True,False
Pakistan,Coffee Maker,2025-10-28,Home & Kitchen,0.0,193.23,,20.0,2.0,0.0,0.0,1,28,44,10,4,301,0,0.7818314824680298,0.6234898018587336,-0.8660254037844386,0.5000000000000001,0.0,1,0.0,1,0.0,1,0.0,1,0.0,0.0,0.0,0.0,0.14285714285714285,0.21428571428571427,0.6862211530545106,0.0,3.0,0.0,0,193.23,0.0,0.0,False,False,True,False,False,False,False,False,False,True,False,False,False,False,False,False,False,False,False,False,False,False,False,False,False,False,False,False,False,False,False,False,False,False,True,False
Pakistan,Coffee Maker,2025-10-29,Home & Kitchen,0.0,193.23,,20.0,2.0,0.0,0.0,2,29,44,10,4,302,0,0.9749279121818236,-0.22252093395631434,-0.8660254037844386,0.5000000000000001,0.0,1,0.0,1,0.0,1,0.0,1,0.0,0.0,0.0,0.0,0.14285714285714285,0.21428571428571427,0.6862211530545106,0.0,3.0,0.0,0,193.23,0.0,0.0,False,False,True,False,False,False,False,False,False,True,False,False,False,False,False,False,False,False,False,False,False,False,False,False,False,False,False,False,False,False,False,False,False,False,True,False
Pakistan,Coffee Maker,2025-10-30,Home & Kitchen,0.0,193.23,,20.0,2.0,0.0,0.0,3,30,44,10,4,303,0,0.43388373911755823,-0.900968867902419,-0.8660254037844386,0.5000000000000001,0.0,1,0.0,1,0.0,1,0.0,1,0.0,0.0,0.0,0.0,0.14285714285714285,0.21428571428571427,0.6862211530545106,0.0,3.0,0.0,0,193.23,0.0,0.0,False,False,True,False,False,False,False,False,False,True,False,False,False,False,False,False,False,False,False,False,False,False,False,False,False,False,False,False,False,False,False,False,False,False,True,False
Pakistan,Coffee Maker,2025-10-31,Home & Kitchen,0.0,193.23,,20.0,2.0,0.0,0.0,4,31,44,10,4,304,0,-0.433883739117558,-0.9009688679024191,-0.8660254037844386,0.5000000000000001,0.0,1,0.0,1,2.0,1,3.0,1,0.0,0.0,0.0,0.0,0.14285714285714285,0.21428571428571427,0.6862211530545106,0.0,3.0,0.0,0,193.23,0.0,0.0,False,False,True,False,False,False,False,False,False,True,False,False,False,False,False,False,False,False,False,False,False,False,False,False,False,False,False,False,False,False,False,False,False,False,True,False
Pakistan,Coffee Maker,2025-11-01,Home & Kitchen,0.0,193.23,,20.0,2.0,0.0,0.0,5,1,44,11,4,305,1,-0.9749279121818236,-0.2225209339563146,-0.5000000000000004,0.8660254037844384,0.0,1,0.0,1,0.0,1,1.0,1,0.0,0.0,0.0,0.0,0.0,0.10714285714285714,0.41626965212517514,0.0,2.0,0.0,0,193.23,0.0,0.0,False,False,True,False,False,False,False,False,False,True,False,False,False,False,False,False,False,False,False,False,False,False,False,False,False,False,False,False,False,False,False,False,False,False,True,False
Pakistan,Coffee Maker,2025-11-02,Home & Kitchen,0.0,193.23,,20.0,2.0,0.0,0.0,6,2,44,11,4,306,1,-0.7818314824680299,0.6234898018587334,-0.5000000000000004,0.8660254037844384,0.0,1,0.0,1,0.0,1,0.0,1,0.0,0.0,0.0,0.0,0.0,0.07142857142857142,0.3779644730092153,0.0,2.0,0.0,0,193.23,0.0,0.0,False,False,True,False,False,False,False,False,False,True,False,False,False,False,False,False,False,False,False,False,False,False,False,False,False,False,False,False,False,False,False,False,False,False,True,False
Pakistan,Coffee Maker,2025-11-03,Home & Kitchen,9.0,113.66999999999999,0.27,20.0,2.0,1.0,1.0,0,3,45,11,4,307,0,0.0,1.0,-0.5000000000000004,0.8660254037844384,0.0,1,0.0,1,0.0,1,0.0,1,0.0,0.0,0.0,0.0,0.0,0.07142857142857142,0.3779644730092153,0.0,2.0,0.0,1,193.23,-79.56,-0.4117373078714486,False,False,True,False,False,False,False,False,False,True,False,False,False,False,False,False,False,False,False,False,False,False,False,False,False,False,False,False,False,False,False,False,False,False,True,False
Pakistan,Coffee Maker,2025-11-04,Home & Kitchen,0.0,113.66999999999999,,20.0,2.0,0.0,0.0,1,4,45,11,4,308,0,0.7818314824680298,0.6234898018587336,-0.5000000000000004,0.8660254037844384,9.0,1,0.0,1,0.0,1,0.0,1,1.2857142857142858,3.4016802570830444,0.0,9.0,0.6428571428571429,0.39285714285714285,1.7286107827082502,0.0,9.0,3.272727272727273,0,113.66999999999999,0.0,0.0,False,False,True,False,False,False,False,False,False,True,False,False,False,False,False,False,False,False,False,False,False,False,False,False,False,False,False,False,False,False,False,False,False,False,True,False
Pakistan,Coffee Maker,2025-11-05,Home & Kitchen,0.0,113.66999999999999,,20.0,2.0,0.0,0.0,2,5,45,11,4,309,0,0.9749279121818236,-0.22252093395631434,-0.5000000000000004,0.8660254037844384,0.0,1,0.0,1,0.0,1,0.0,1,1.2857142857142858,3.4016802570830444,0.0,9.0,0.6428571428571429,0.39285714285714285,1.7286107827082502,0.0,9.0,3.272727272727273,0,113.66999999999999,0.0,0.0,False,False,True,False,False,False,False,False,False,True,False,False,False,False,False,False,False,False,False,False,False,False,False,False,False,False,False,False,False,False,False,False,False,False,True,False
Pakistan,Coffee Maker,2025-11-06,Home & Kitchen,3.0,133.87,0.28,20.0,2.0,1.0,0.0,3,6,45,11,4,310,0,0.43388373911755823,-0.900968867902419,-0.5000000000000004,0.8660254037844384,0.0,1,0.0,1,0.0,1,0.0,1,1.2857142857142858,3.4016802570830444,0.0,9.0,0.6428571428571429,0.39285714285714285,1.7286107827082502,0.0,9.0,3.272727272727273,1,113.66999999999999,20.200000000000017,0.1777073986100116,False,False,True,False,False,False,False,False,False,True,False,False,False,False,False,False,False,False,False,False,False,False,False,False,False,False,False,False,False,False,False,False,False,False,True,False
Pakistan,Coffee Maker,2025-11-07,Home & Kitchen,3.0,214.27,0.25,20.0,2.0,1.0,0.0,4,7,45,11,4,311,0,-0.433883739117558,-0.9009688679024191,-0.5000000000000004,0.8660254037844384,3.0,1,0.0,1,0.0,1,0.0,1,1.7142857142857142,3.4016802570830444,0.0,9.0,0.8571428571428571,0.5,1.7950549357114989,0.0,9.0,3.4285714285714284,1,133.87,80.4,0.6005826548143721,False,False,True,False,False,False,False,False,False,True,False,False,False,False,False,False,False,False,False,False,False,False,False,False,False,False,False,False,False,False,False,False,False,False,True,False
Pakistan,Coffee Maker,2025-11-08,Home & Kitchen,0.0,214.27,,20.0,2.0,0.0,0.0,5,8,45,11,4,312,1,-0.9749279121818236,-0.2225209339563146,-0.5000000000000004,0.8660254037844384,3.0,1,0.0,1,0.0,1,0.0,1,2.142857142857143,3.33809184158512,0.0,9.0,1.0714285714285714,0.6071428571428571,1.852711440710526,0.0,9.0,3.5294117647058827,0,214.27,0.0,0.0,False,False,True,False,False,False,False,False,False,True,False,False,False,False,False,False,False,False,False,False,False,False,False,False,False,False,False,False,False,False,False,False,False,False,True,False
Pakistan,Coffee Maker,2025-11-09,Home & Kitchen,5.0,253.7,0.2,20.0,2.0,1.0,1.0,6,9,45,11,4,313,1,-0.7818314824680299,0.6234898018587334,-0.5000000000000004,0.8660254037844384,0.0,1,0.0,1,0.0,1,0.0,1,2.142857142857143,3.33809184158512,0.0,9.0,1.0714285714285714,0.6071428571428571,1.852711440710526,0.0,9.0,3.5294117647058827,1,214.27,39.42999999999998,0.1840201614785083,False,False,True,False,False,False,False,False,False,True,False,False,False,False,False,False,False,False,False,False,False,False,False,False,False,False,False,False,False,False,False,False,False,False,True,False
Pakistan,Coffee Maker,2025-11-10,Home & Kitchen,0.0,253.7,,20.0,2.0,0.0,0.0,0,10,46,11,4,314,0,0.0,1.0,-0.5000000000000004,0.8660254037844384,5.0,1,9.0,1,0.0,1,0.0,1,2.857142857142857,3.33809184158512,0.0,9.0,1.4285714285714286,0.7857142857142857,2.024976320979851,0.0,9.0,3.6363636363636367,0,253.7,0.0,0.0,False,False,True,False,False,False,False,False,False,True,False,False,False,False,False,False,False,False,False,False,False,False,False,False,False,False,False,False,False,False,False,False,False,False,True,False
Pakistan,Coffee Maker,2025-11-11,Home & Kitchen,0.0,253.7,,20.0,2.0,0.0,0.0,1,11,46,11,4,315,0,0.7818314824680298,0.6234898018587336,-0.5000000000000004,0.8660254037844384,0.0,1,0.0,1,0.0,1,0.0,1,1.5714285714285714,2.0701966780270618,0.0,5.0,1.4285714285714286,0.7857142857142857,2.024976320979851,0.0,9.0,2.0,0,253.7,0.0,0.0,False,False,True,False,False,False,False,False,False,True,False,False,False,False,False,False,False,False,False,False,False,False,False,False,False,False,False,False,False,False,False,False,False,False,True,False
Pakistan,Coffee Maker,2025-11-12,Home & Kitchen,0.0,253.7,,20.0,2.0,0.0,0.0,2,12,46,11,4,316,0,0.9749279121818236,-0.22252093395631434,-0.5000000000000004,0.8660254037844384,0.0,1,0.0,1,0.0,1,0.0,1,1.5714285714285714,2.0701966780270618,0.0,5.0,1.4285714285714286,0.7857142857142857,2.024976320979851,0.0,9.0,2.0,0,253.7,0.0,0.0,False,False,True,False,False,False,False,False,False,True,False,False,False,False,False,False,False,False,False,False,False,False,False,False,False,False,False,False,False,False,False,False,False,False,True,False
Pakistan,Coffee Maker,2025-11-13,Home & Kitchen,0.0,253.7,,20.0,2.0,0.0,0.0,3,13,46,11,4,317,0,0.43388373911755823,-0.900968867902419,-0.5000000000000004,0.8660254037844384,0.0,1,3.0,1,0.0,1,0.0,1,1.5714285714285714,2.0701966780270618,0.0,5.0,1.4285714285714286,0.7857142857142857,2.024976320979851,0.0,9.0,2.0,0,253.7,0.0,0.0,False,False,True,False,False,False,False,False,False,True,False,False,False,False,False,False,False,False,False,False,False,False,False,False,False,False,False,False,False,False,False,False,False,False,True,False
Pakistan,Coffee Maker,2025-11-14,Home & Kitchen,0.0,253.7,,20.0,2.0,0.0,0.0,4,14,46,11,4,318,0,-0.433883739117558,-0.9009688679024191,-0.5000000000000004,0.8660254037844384,0.0,1,3.0,1,0.0,1,2.0,1,1.1428571428571428,2.0354009783964284,0.0,5.0,1.4285714285714286,0.7857142857142857,2.024976320979851,0.0,9.0,1.4545454545454546,0,253.7,0.0,0.0,False,False,True,False,False,False,False,False,False,True,False,False,False,False,False,False,False,False,False,False,False,False,False,False,False,False,False,False,False,False,False,False,False,False,True,False
Pakistan,Coffee Maker,2025-11-15,Home & Kitchen,0.0,253.7,,20.0,2.0,0.0,0.0,5,15,46,11,4,319,1,-0.9749279121818236,-0.2225209339563146,-0.5000000000000004,0.8660254037844384,0.0,1,0.0,1,0.0,1,0.0,1,0.7142857142857143,1.8898223650461348,0.0,5.0,1.4285714285714286,0.7142857142857143,2.0158105227158765,0.0,9.0,1.0,0,253.7,0.0,0.0,False,False,True,False,False,False,False,False,False,True,False,False,False,False,False,False,False,False,False,False,False,False,False,False,False,False,False,False,False,False,False,False,False,False,True,False
Pakistan,Coffee Maker,2025-11-16,Home & Kitchen,0.0,253.7,,20.0,2.0,0.0,0.0,6,16,46,11,4,320,1,-0.7818314824680299,0.6234898018587334,-0.5000000000000004,0.8660254037844384,0.0,1,5.0,1,0.0,1,0.0,1,0.7142857142857143,1.8898223650461348,0.0,5.0,1.4285714285714286,0.7142857142857143,2.0158105227158765,0.0,9.0,1.0,0,253.7,0.0,0.0,False,False,True,False,False,False,False,False,False,True,False,False,False,False,False,False,False,False,False,False,False,False,False,False,False,False,False,False,False,False,False,False,False,False,True,False
Pakistan,Coffee Maker,2025-11-17,Home & Kitchen,0.0,253.7,,20.0,2.0,0.0,0.0,0,17,47,11,4,321,0,0.0,1.0,-0.5000000000000004,0.8660254037844384,0.0,1,0.0,1,9.0,1,0.0,1,0.0,0.0,0.0,0.0,1.4285714285714286,0.7142857142857143,2.0158105227158765,0.0,9.0,0.0,0,253.7,0.0,0.0,False,False,True,False,False,False,False,False,False,True,False,False,False,False,False,False,False,False,False,False,False,False,False,False,False,False,False,False,False,False,False,False,False,False,True,False
Pakistan,Coffee Maker,2025-11-18,Home & Kitchen,4.0,30.78,0.21,20.0,2.0,1.0,0.0,1,18,47,11,4,322,0,0.7818314824680298,0.6234898018587336,-0.5000000000000004,0.8660254037844384,0.0,1,0.0,1,0.0,1,0.0,1,0.0,0.0,0.0,0.0,0.7857142857142857,0.7142857142857143,2.0158105227158765,0.0,9.0,0.0,1,253.7,-222.92,-0.8786756011036657,False,False,True,False,False,False,False,False,False,True,False,False,False,False,False,False,False,False,False,False,False,False,False,False,False,False,False,False,False,False,False,False,False,False,True,False
Pakistan,Coffee Maker,2025-11-19,Home & Kitchen,5.0,59.46,0.21,20.0,2.0,1.0,1.0,2,19,47,11,4,323,0,0.9749279121818236,-0.22252093395631434,-0.5000000000000004,0.8660254037844384,4.0,1,0.0,1,0.0,1,0.0,1,0.5714285714285714,1.5118578920369068,0.0,4.0,1.0714285714285714,0.8571428571428571,2.103159628578015,0.0,9.0,0.6666666666666666,1,30.78,28.68,0.9317738791423001,False,False,True,False,False,False,False,False,False,True,False,False,False,False,False,False,False,False,False,False,False,False,False,False,False,False,False,False,False,False,False,False,False,False,True,False
Pakistan,Coffee Maker,2025-11-20,Home & Kitchen,0.0,59.46,,20.0,2.0,0.0,0.0,3,20,47,11,4,324,0,0.43388373911755823,-0.900968867902419,-0.5000000000000004,0.8660254037844384,5.0,1,0.0,1,3.0,1,0.0,1,1.2857142857142858,2.2146697055682814,0.0,5.0,1.4285714285714286,1.0357142857142858,2.235772181747783,0.0,9.0,1.2413793103448276,0,59.46,0.0,0.0,False,False,True,False,False,False,False,False,False,True,False,False,False,False,False,False,False,False,False,False,False,False,False,False,False,False,False,False,False,False,False,False,False,False,True,False
Pakistan,Coffee Maker,2025-11-21,Home & Kitchen,0.0,59.46,,20.0,2.0,0.0,0.0,4,21,47,11,4,325,0,-0.433883739117558,-0.9009688679024191,-0.5000000000000004,0.8660254037844384,0.0,1,0.0,1,3.0,1,0.0,1,1.2857142857142858,2.2146697055682814,0.0,5.0,1.2142857142857142,1.0357142857142858,2.235772181747783,0.0,9.0,1.2413793103448276,0,59.46,0.0,0.0,False,False,True,False,False,False,False,False,False,True,False,False,False,False,False,False,False,False,False,False,False,False,False,False,False,False,False,False,False,False,False,False,False,False,True,False
Pakistan,Coffee Maker,2025-11-22,Home & Kitchen,0.0,59.46,,20.0,2.0,0.0,0.0,5,22,47,11,4,326,1,-0.9749279121818236,-0.2225209339563146,-0.5000000000000004,0.8660254037844384,0.0,1,0.0,1,0.0,1,0.0,1,1.2857142857142858,2.2146697055682814,0.0,5.0,1.0,1.0357142857142858,2.235772181747783,0.0,9.0,1.2413793103448276,0,59.46,0.0,0.0,False,False,True,False,False,False,False,False,False,True,False,False,False,False,False,False,False,False,False,False,False,False,False,False,False,False,False,False,False,False,False,False,False,False,True,False
Pakistan,Coffee Maker,2025-11-23,Home & Kitchen,4.0,210.27,0.17,20.0,2.0,1.0,0.0,6,23,47,11,4,327,1,-0.7818314824680299,0.6234898018587334,-0.5000000000000004,0.8660254037844384,0.0,1,0.0,1,5.0,1,0.0,1,1.2857142857142858,2.2146697055682814,0.0,5.0,1.0,1.0357142857142858,2.235772181747783,0.0,9.0,1.2413793103448276,1,59.46,150.81,2.536326942482341,False,False,True,False,False,False,False,False,False,True,False,False,False,False,False,False,False,False,False,False,False,False,False,False,False,False,False,False,False,False,False,False,False,False,True,False
Pakistan,Coffee Maker,2025-11-24,Home & Kitchen,0.0,210.27,,20.0,2.0,0.0,0.0,0,24,48,11,4,328,0,0.0,1.0,-0.5000000000000004,0.8660254037844384,4.0,1,0.0,1,0.0,1,0.0,1,1.8571428571428572,2.340126166724878,0.0,5.0,0.9285714285714286,1.1785714285714286,2.294172511653713,0.0,9.0,1.5757575757575757,0,210.27,0.0,0.0,False,False,True,False,False,False,False,False,False,True,False,False,False,False,False,False,False,False,False,False,False,False,False,False,False,False,False,False,False,False,False,False,False,False,True,False
Pakistan,Coffee Maker,2025-11-25,Home & Kitchen,0.0,210.27,,20.0,2.0,0.0,0.0,1,25,48,11,4,329,0,0.7818314824680298,0.6234898018587336,-0.5000000000000004,0.8660254037844384,0.0,1,4.0,1,0.0,1,0.0,1,1.8571428571428572,2.340126166724878,0.0,5.0,0.9285714285714286,1.1785714285714286,2.294172511653713,0.0,9.0,1.5757575757575757,0,210.27,0.0,0.0,False,False,True,False,False,False,False,False,False,True,False,False,False,False,False,False,False,False,False,False,False,False,False,False,False,False,False,False,False,False,False,False,False,False,True,False
