store_id,product_id,date,category,sales,price,Discount_Applied,safety_stock,lead_time_days,promotion,is_outlier,day_of_week,day_of_month,week_of_year,month,quarter,day_of_year,is_weekend,sin_day_of_week,cos_day_of_week,sin_month,cos_month,lag_1,has_lag_1,lag_7,has_lag_7,lag_14,has_lag_14,lag_28,has_lag_28,rolling_mean_7,rolling_std_7,rolling_min_7,rolling_max_7,rolling_mean_14,rolling_mean_28,rolling_std_28,rolling_min_28,rolling_max_28,trend_ratio,is_promotion,previous_price,price_change,price_change_pct,store_id_Germany,store_id_India,store_id_Pakistan,store_id_UAE,store_id_UK,store_id_USA,product_id_4K Smart TV,product_id_Air Fryer,product_id_Blender,product_id_Coffee Maker,product_id_Cotton T-Shirt,product_id_Cycling Helmet,product_id_Denim Jeans,product_id_Dumbbell Set,product_id_Face Wash,product_id_Football,product_id_Formal Shirt,product_id_Gaming Laptop,product_id_Hair Serum,product_id_Lipstick Set,product_id_Microwave Oven,product_id_Moisturizing Cream,product_id_Perfume,product_id_Running Shoes,product_id_Smartphone 128GB,product_id_Smartwatch,product_id_Tennis Racket,product_id_Vacuum Cleaner,product_id_Winter Jacket,product_id_Wireless Noise-Canceling Headphones,product_id_Yoga Mat,category_Apparel,category_Beauty,category_Electronics,category_Home & Kitchen,category_Sports
USA,Air Fryer,2025-05-23,Home & Kitchen,0.0,249.47,,20.0,2.0,0.0,0.0,4,23,21,5,2,143,0,-0.433883739117558,-0.9009688679024191,0.49999999999999994,-0.8660254037844387,3.0,1,3.0,1,2.0,1,0.0,1,1.5714285714285714,1.5118578920369101,0.0,3.0,0.9285714285714286,0.5,1.036375450343201,0.0,3.0,3.142857142857143,0,249.47,0.0,0.0,False,False,False,False,False,True,False,True,False,False,False,False,False,False,False,False,False,False,False,False,False,False,False,False,False,False,False,False,False,False,False,False,False,False,True,False
USA,Air Fryer,2025-05-24,Home & Kitchen,0.0,249.47,,20.0,2.0,0.0,0.0,5,24,21,5,2,144,1,-0.9749279121818236,-0.2225209339563146,0.49999999999999994,-0.8660254037844387,0.0,1,0.0,1,0.0,1,0.0,1,1.1428571428571428,1.4638501094228011,0.0,3.0,0.7857142857142857,0.5,1.036375450343201,0.0,3.0,2.2857142857142856,0,249.47,0.0,0.0,False,False,False,False,False,True,False,True,False,False,False,False,False,False,False,False,False,False,False,False,False,False,False,False,False,False,False,False,False,False,False,False,False,False,True,False
USA,Air Fryer,2025-05-25,Home & Kitchen,0.0,249.47,,20.0,2.0,0.0,0.0,6,25,21,5,2,145,1,-0.7818314824680299,0.6234898018587334,0.49999999999999994,-0.8660254037844387,0.0,1,2.0,1,0.0,1,0.0,1,1.1428571428571428,1.4638501094228011,0.0,3.0,0.7857142857142857,0.5,1.036375450343201,0.0,3.0,2.2857142857142856,0,249.47,0.0,0.0,False,False,False,False,False,True,False,True,False,False,False,False,False,False,False,False,False,False,False,False,False,False,False,False,False,False,False,False,False,False,False,False,False,False,True,False
USA,Air Fryer,2025-05-26,Home & Kitchen,0.0,249.47,,20.0,2.0,0.0,0.0,0,26,22,5,2,146,0,0.0,1.0,0.49999999999999994,-0.8660254037844387,0.0,1,3.0,1,0.0,1,0.0,1,0.8571428571428571,1.4638501094228014,0.0,3.0,0.7857142857142857,0.5,1.036375450343201,0.0,3.0,1.7142857142857142,0,249.47,0.0,0.0,False,False,False,False,False,True,False,True,False,False,False,False,False,False,False,False,False,False,False,False,False,False,False,False,False,False,False,False,False,False,False,False,False,False,True,False
USA,Air Fryer,2025-05-27,Home & Kitchen,0.0,249.47,,20.0,2.0,0.0,0.0,1,27,22,5,2,147,0,0.7818314824680298,0.6234898018587336,0.49999999999999994,-0.8660254037844387,0.0,1,0.0,1,0.0,1,0.0,1,0.42857142857142855,1.1338934190276835,0.0,3.0,0.7857142857142857,0.5,1.036375450343201,0.0,3.0,0.8571428571428571,0,249.47,0.0,0.0,False,False,False,False,False,True,False,True,False,False,False,False,False,False,False,False,False,False,False,False,False,False,False,False,False,False,False,False,False,False,False,False,False,False,True,False
USA,Air Fryer,2025-05-28,Home & Kitchen,2.0,233.84,0.09,20.0,2.0,1.0,0.0,2,28,22,5,2,148,0,0.9749279121818236,-0.22252093395631434,0.49999999999999994,-0.8660254037844387,0.0,1,0.0,1,0.0,1,0.0,1,0.42857142857142855,1.1338934190276835,0.0,3.0,0.7857142857142857,0.5,1.036375450343201,0.0,3.0,0.8571428571428571,1,249.47,-15.629999999999995,-0.06265282398685211,False,False,False,False,False,True,False,True,False,False,False,False,False,False,False,False,False,False,False,False,False,False,False,False,False,False,False,False,False,False,False,False,False,False,True,False
USA,Air Fryer,2025-05-29,Home & Kitchen,0.0,233.84,,20.0,2.0,0.0,0.0,3,29,22,5,2,149,0,0.43388373911755823,-0.900968867902419,0.49999999999999994,-0.8660254037844387,2.0,1,3.0,1,0.0,1,0.0,1,0.7142857142857143,1.2535663410560192,0.0,3.0,0.9285714285714286,0.5714285714285714,1.069044967649697,0.0,3.0,1.25,0,233.84,0.0,0.0,False,False,False,False,False,True,False,True,False,False,False,False,False,False,False,False,False,False,False,False,False,False,False,False,False,False,False,False,False,False,False,False,False,False,True,False
USA,Air Fryer,2025-05-30,Home & Kitchen,2.0,39.05,0.06,20.0,2.0,1.0,0.0,4,30,22,5,2,150,0,-0.433883739117558,-0.9009688679024191,0.49999999999999994,-0.8660254037844387,0.0,1,0.0,1,3.0,1,0.0,1,0.2857142857142857,0.7559289460184573,0.0,2.0,0.9285714285714286,0.5714285714285714,1.069044967649697,0.0,3.0,0.5,1,233.84,-194.79000000000002,-0.8330054738282587,False,False,False,False,False,True,False,True,False,False,False,False,False,False,False,False,False,False,False,False,False,False,False,False,False,False,False,False,False,False,False,False,False,False,True,False
USA,Air Fryer,2025-05-31,Home & Kitchen,0.0,39.05,,20.0,2.0,0.0,0.0,5,31,22,5,2,151,1,-0.9749279121818236,-0.2225209339563146,0.49999999999999994,-0.8660254037844387,2.0,1,0.0,1,0.0,1,0.0,1,0.5714285714285714,0.9759000729485353,0.0,2.0,0.8571428571428571,0.6428571428571429,1.0959280090672925,0.0,3.0,0.8888888888888887,0,39.05,0.0,0.0,False,False,False,False,False,True,False,True,False,False,False,False,False,False,False,False,False,False,False,False,False,False,False,False,False,False,False,False,False,False,False,False,False,False,True,False
USA,Air Fryer,2025-06-01,Home & Kitchen,0.0,39.05,,20.0,2.0,0.0,0.0,6,1,22,6,2,152,1,-0.7818314824680299,0.6234898018587334,1.2246467991473532e-16,-1.0,0.0,1,0.0,1,2.0,1,0.0,1,0.5714285714285714,0.9759000729485353,0.0,2.0,0.8571428571428571,0.6428571428571429,1.0959280090672925,0.0,3.0,0.8888888888888887,0,39.05,0.0,0.0,False,False,False,False,False,True,False,True,False,False,False,False,False,False,False,False,False,False,False,False,False,False,False,False,False,False,False,False,False,False,False,False,False,False,True,False
USA,Air Fryer,2025-06-02,Home & Kitchen,0.0,39.05,,20.0,2.0,0.0,0.0,0,2,23,6,2,153,0,0.0,1.0,1.2246467991473532e-16,-1.0,0.0,1,0.0,1,3.0,1,0.0,1,0.5714285714285714,0.9759000729485353,0.0,2.0,0.7142857142857143,0.6428571428571429,1.0959280090672925,0.0,3.0,0.8888888888888887,0,39.05,0.0,0.0,False,False,False,False,False,True,False,True,False,False,False,False,False,False,False,False,False,False,False,False,False,False,False,False,False,False,False,False,False,False,False,False,False,False,True,False
USA,Air Fryer,2025-06-03,Home & Kitchen,0.0,39.05,,20.0,2.0,0.0,0.0,1,3,23,6,2,154,0,0.7818314824680298,0.6234898018587336,1.2246467991473532e-16,-1.0,0.0,1,0.0,1,0.0,1,0.0,1,0.5714285714285714,0.9759000729485353,0.0,2.0,0.5,0.6428571428571429,1.0959280090672925,0.0,3.0,0.8888888888888887,0,39.05,0.0,0.0,False,False,False,False,False,True,False,True,False,False,False,False,False,False,False,False,False,False,False,False,False,False,False,False,False,False,False,False,False,False,False,False,False,False,True,False
USA,Air Fryer,2025-06-04,Home & Kitchen,3.0,55.73,0.02,20.0,2.0,1.0,0.0,2,4,23,6,2,155,0,0.9749279121818236,-0.22252093395631434,1.2246467991473532e-16,-1.0,0.0,1,2.0,1,0.0,1,1.0,1,0.5714285714285714,0.9759000729485353,0.0,2.0,0.5,0.6428571428571429,1.0959280090672925,0.0,3.0,0.8888888888888887,1,39.05,16.68,0.4271446862996159,False,False,False,False,False,True,False,True,False,False,False,False,False,False,False,False,False,False,False,False,False,False,False,False,False,False,False,False,False,False,False,False,False,False,True,False
USA,Air Fryer,2025-06-05,Home & Kitchen,0.0,55.73,,20.0,2.0,0.0,0.0,3,5,23,6,2,156,0,0.43388373911755823,-0.900968867902419,1.2246467991473532e-16,-1.0,3.0,1,0.0,1,3.0,1,0.0,1,0.7142857142857143,1.2535663410560192,0.0,3.0,0.7142857142857143,0.7142857142857143,1.181873680570557,0.0,3.0,1.0,0,55.73,0.0,0.0,False,False,False,False,False,True,False,True,False,False,False,False,False,False,False,False,False,False,False,False,False,False,False,False,False,False,False,False,False,False,False,False,False,False,True,False
USA,Air Fryer,2025-06-06,Home & Kitchen,0.0,55.73,,20.0,2.0,0.0,0.0,4,6,23,6,2,157,0,-0.433883739117558,-0.9009688679024191,1.2246467991473532e-16,-1.0,0.0,1,2.0,1,0.0,1,2.0,1,0.7142857142857143,1.2535663410560192,0.0,3.0,0.5,0.7142857142857143,1.181873680570557,0.0,3.0,1.0,0,55.73,0.0,0.0,False,False,False,False,False,True,False,True,False,False,False,False,False,False,False,False,False,False,False,False,False,False,False,False,False,False,False,False,False,False,False,False,False,False,True,False
USA,Air Fryer,2025-06-07,Home & Kitchen,0.0,55.73,,20.0,2.0,0.0,0.0,5,7,23,6,2,158,1,-0.9749279121818236,-0.2225209339563146,1.2246467991473532e-16,-1.0,0.0,1,0.0,1,0.0,1,0.0,1,0.42857142857142855,1.1338934190276835,0.0,3.0,0.5,0.6428571428571429,1.1615534207286153,0.0,3.0,0.6666666666666666,0,55.73,0.0,0.0,False,False,False,False,False,True,False,True,False,False,False,False,False,False,False,False,False,False,False,False,False,False,False,False,False,False,False,False,False,False,False,False,False,False,True,False
USA,Air Fryer,2025-06-08,Home & Kitchen,0.0,55.73,,20.0,2.0,0.0,0.0,6,8,23,6,2,159,1,-0.7818314824680299,0.6234898018587334,1.2246467991473532e-16,-1.0,0.0,1,0.0,1,0.0,1,0.0,1,0.42857142857142855,1.1338934190276835,0.0,3.0,0.5,0.6428571428571429,1.1615534207286153,0.0,3.0,0.6666666666666666,0,55.73,0.0,0.0,False,False,False,False,False,True,False,True,False,False,False,False,False,False,False,False,False,False,False,False,False,False,False,False,False,False,False,False,False,False,False,False,False,False,True,False
USA,Air Fryer,2025-06-09,Home & Kitchen,4.0,99.435,0.13,20.0,2.0,1.0,0.0,0,9,24,6,2,160,0,0.0,1.0,1.2246467991473532e-16,-1.0,0.0,1,0.0,1,0.0,1,0.0,1,0.42857142857142855,1.1338934190276835,0.0,3.0,0.5,0.6428571428571429,1.1615534207286153,0.0,3.0,0.6666666666666666,1,55.73,43.705000000000005,0.7842275255697112,False,False,False,False,False,True,False,True,False,False,False,False,False,False,False,False,False,False,False,False,False,False,False,False,False,False,False,False,False,False,False,False,False,False,True,False
USA,Air Fryer,2025-06-10,Home & Kitchen,0.0,99.435,,20.0,2.0,0.0,0.0,1,10,24,6,2,161,0,0.7818314824680298,0.6234898018587336,1.2246467991473532e-16,-1.0,4.0,1,0.0,1,0.0,1,0.0,1,1.0,1.7320508075688785,0.0,4.0,0.7857142857142857,0.7857142857142857,1.3153549825650597,0.0,4.0,1.2727272727272727,0,99.435,0.0,0.0,False,False,False,False,False,True,False,True,False,False,False,False,False,False,False,False,False,False,False,False,False,False,False,False,False,False,False,False,False,False,False,False,False,False,True,False
USA,Air Fryer,2025-06-11,Home & Kitchen,0.0,99.435,,20.0,2.0,0.0,0.0,2,11,24,6,2,162,0,0.9749279121818236,-0.22252093395631434,1.2246467991473532e-16,-1.0,0.0,1,3.0,1,2.0,1,0.0,1,1.0,1.7320508075688785,0.0,4.0,0.7857142857142857,0.7857142857142857,1.3153549825650597,0.0,4.0,1.2727272727272727,0,99.435,0.0,0.0,False,False,False,False,False,True,False,True,False,False,False,False,False,False,False,False,False,False,False,False,False,False,False,False,False,False,False,False,False,False,False,False,False,False,True,False
USA,Air Fryer,2025-06-12,Home & Kitchen,0.0,99.435,,20.0,2.0,0.0,0.0,3,12,24,6,2,163,0,0.43388373911755823,-0.900968867902419,1.2246467991473532e-16,-1.0,0.0,1,0.0,1,0.0,1,0.0,1,0.5714285714285714,1.5118578920369106,0.0,4.0,0.6428571428571429,0.7857142857142857,1.3153549825650597,0.0,4.0,0.7272727272727273,0,99.435,0.0,0.0,False,False,False,False,False,True,False,True,False,False,False,False,False,False,False,False,False,False,False,False,False,False,False,False,False,False,False,False,False,False,False,False,False,False,True,False
USA,Air Fryer,2025-06-13,Home & Kitchen,3.0,109.48,0.07,20.0,2.0,1.0,0.0,4,13,24,6,2,164,0,-0.433883739117558,-0.9009688679024191,1.2246467991473532e-16,-1.0,0.0,1,0.0,1,2.0,1,3.0,1,0.5714285714285714,1.5118578920369106,0.0,4.0,0.6428571428571429,0.7857142857142857,1.3153549825650597,0.0,4.0,0.7272727272727273,1,99.435,10.045000000000002,0.10102076733544528,False,False,False,False,False,True,False,True,False,False,False,False,False,False,False,False,False,False,False,False,False,False,False,False,False,False,False,False,False,False,False,False,False,False,True,False
USA,Air Fryer,2025-06-14,Home & Kitchen,0.0,109.48,,20.0,2.0,0.0,0.0,5,14,24,6,2,165,1,-0.9749279121818236,-0.2225209339563146,1.2246467991473532e-16,-1.0,3.0,1,0.0,1,0.0,1,0.0,1,1.0,1.7320508075688785,0.0,4.0,0.7142857142857143,0.7857142857142857,1.3153549825650597,0.0,4.0,1.2727272727272727,0,109.48,0.0,0.0,False,False,False,False,False,True,False,True,False,False,False,False,False,False,False,False,False,False,False,False,False,False,False,False,False,False,False,False,False,False,False,False,False,False,True,False
USA,Air Fryer,2025-06-15,Home & Kitchen,0.0,109.48,,20.0,2.0,0.0,0.0,6,15,24,6,2,166,1,-0.7818314824680299,0.6234898018587334,1.2246467991473532e-16,-1.0,0.0,1,0.0,1,0.0,1,2.0,1,1.0,1.7320508075688785,0.0,4.0,0.7142857142857143,0.7857142857142857,1.3153549825650597,0.0,4.0,1.2727272727272727,0,109.48,0.0,0.0,False,False,False,False,False,True,False,True,False,False,False,False,False,False,False,False,False,False,False,False,False,False,False,False,False,False,False,False,False,False,False,False,False,False,True,False
USA,Air Fryer,2025-06-16,Home & Kitchen,0.0,109.48,,20.0,2.0,0.0,0.0,0,16,25,6,2,167,0,0.0,1.0,1.2246467991473532e-16,-1.0,0.0,1,4.0,1,0.0,1,3.0,1,1.0,1.7320508075688785,0.0,4.0,0.7142857142857143,0.7142857142857143,1.3012000972647102,0.0,4.0,1.4,0,109.48,0.0,0.0,False,False,False,False,False,True,False,True,False,False,False,False,False,False,False,False,False,False,False,False,False,False,False,False,False,False,False,False,False,False,False,False,False,False,True,False
USA,Air Fryer,2025-06-17,Home & Kitchen,0.0,109.48,,20.0,2.0,0.0,0.0,1,17,25,6,2,168,0,0.7818314824680298,0.6234898018587336,1.2246467991473532e-16,-1.0,0.0,1,0.0,1,0.0,1,0.0,1,0.42857142857142855,1.1338934190276835,0.0,3.0,0.7142857142857143,0.6071428571428571,1.2274419565151564,0.0,4.0,0.7058823529411765,0,109.48,0.0,0.0,False,False,False,False,False,True,False,True,False,False,False,False,False,False,False,False,False,False,False,False,False,False,False,False,False,False,False,False,False,False,False,False,False,False,True,False
USA,Air Fryer,2025-06-18,Home & Kitchen,0.0,109.48,,20.0,2.0,0.0,0.0,2,18,25,6,2,169,0,0.9749279121818236,-0.22252093395631434,1.2246467991473532e-16,-1.0,0.0,1,0.0,1,3.0,1,0.0,1,0.42857142857142855,1.1338934190276835,0.0,3.0,0.7142857142857143,0.6071428571428571,1.2274419565151564,0.0,4.0,0.7058823529411765,0,109.48,0.0,0.0,False,False,False,False,False,True,False,True,False,False,False,False,False,False,False,False,False,False,False,False,False,False,False,False,False,False,False,False,False,False,False,False,False,False,True,False
USA,Air Fryer,2025-06-19,Home & Kitchen,0.0,109.48,,20.0,2.0,0.0,0.0,3,19,25,6,2,170,0,0.43388373911755823,-0.900968867902419,1.2246467991473532e-16,-1.0,0.0,1,0.0,1,0.0,1,3.0,1,0.42857142857142855,1.1338934190276835,0.0,3.0,0.5,0.6071428571428571,1.2274419565151564,0.0,4.0,0.7058823529411765,0,109.48,0.0,0.0,False,False,False,False,False,True,False,True,False,False,False,False,False,False,False,False,False,False,False,False,False,False,False,False,False,False,False,False,False,False,False,False,False,False,True,False
USA,Air Fryer,2025-06-20,Home & Kitchen,0.0,109.48,,20.0,2.0,0.0,0.0,4,20,25,6,2,171,0,-0.433883739117558,-0.9009688679024191,1.2246467991473532e-16,-1.0,0.0,1,3.0,1,0.0,1,0.0,1,0.42857142857142855,1.1338934190276835,0.0,3.0,0.5,0.5,1.1385500851066215,0.0,4.0,0.8571428571428571,0,109.48,0.0,0.0,False,False,False,False,False,True,False,True,False,False,False,False,False,False,False,False,False,False,False,False,False,False,False,False,False,False,False,False,False,False,False,False,False,False,True,False
USA,Air Fryer,2025-06-21,Home & Kitchen,1.0,266.55,0.08,20.0,2.0,1.0,0.0,5,21,25,6,2,172,1,-0.9749279121818236,-0.2225209339563146,1.2246467991473532e-16,-1.0,0.0,1,0.0,1,0.0,1,0.0,1,0.0,0.0,0.0,0.0,0.5,0.5,1.1385500851066215,0.0,4.0,0.0,1,109.48,157.07,1.4346912678114723,False,False,False,False,False,True,False,True,False,False,False,False,False,False,False,False,False,False,False,False,False,False,False,False,False,False,False,False,False,False,False,False,False,False,True,False
USA,Air Fryer,2025-06-22,Home & Kitchen,0.0,266.55,,20.0,2.0,0.0,0.0,6,22,25,6,2,173,1,-0.7818314824680299,0.6234898018587334,1.2246467991473532e-16,-1.0,1.0,1,0.0,1,0.0,1,0.0,1,0.14285714285714285,0.37796447300923286,0.0,1.0,0.5714285714285714,0.5357142857142857,1.1379690439434387,0.0,4.0,0.26666666666666666,0,266.55,0.0,0.0,False,False,False,False,False,True,False,True,False,False,False,False,False,False,False,False,False,False,False,False,False,False,False,False,False,False,False,False,False,False,False,False,False,False,True,False
USA,Air Fryer,2025-06-23,Home & Kitchen,0.0,266.55,,20.0,2.0,0.0,0.0,0,23,26,6,2,174,0,0.0,1.0,1.2246467991473532e-16,-1.0,0.0,1,0.0,1,4.0,1,0.0,1,0.14285714285714285,0.37796447300923286,0.0,1.0,0.5714285714285714,0.5357142857142857,1.1379690439434387,0.0,4.0,0.26666666666666666,0,266.55,0.0,0.0,False,False,False,False,False,True,False,True,False,False,False,False,False,False,False,False,False,False,False,False,False,False,False,False,False,False,False,False,False,False,False,False,False,False,True,False
USA,Air Fryer,2025-06-24,Home & Kitchen,2.0,110.465,0.15,20.0,2.0,1.0,0.0,1,24,26,6,2,175,0,0.7818314824680298,0.6234898018587336,1.2246467991473532e-16,-1.0,0.0,1,0.0,1,0.0,1,0.0,1,0.14285714285714285,0.37796447300923286,0.0,1.0,0.2857142857142857,0.5357142857142857,1.1379690439434387,0.0,4.0,0.26666666666666666,1,266.55,-156.085,-0.5855749390358281,False,False,False,False,False,True,False,True,False,False,False,False,False,False,False,False,False,False,False,False,False,False,False,False,False,False,False,False,False,False,False,False,False,False,True,False
USA,Air Fryer,2025-06-25,Home & Kitchen,0.0,110.465,,20.0,2.0,0.0,0.0,2,25,26,6,2,176,0,0.9749279121818236,-0.22252093395631434,1.2246467991473532e-16,-1.0,2.0,1,0.0,1,0.0,1,2.0,1,0.42857142857142855,0.7867957924694458,0.0,2.0,0.42857142857142855,0.6071428571428571,1.165532328365716,0.0,4.0,0.7058823529411765,0,110.465,0.0,0.0,False,False,False,False,False,True,False,True,False,False,False,False,False,False,False,False,False,False,False,False,False,False,False,False,False,False,False,False,False,False,False,False,False,False,True,False
USA,Air Fryer,2025-06-26,Home & Kitchen,0.0,110.465,,20.0,2.0,0.0,0.0,3,26,26,6,2,177,0,0.43388373911755823,-0.900968867902419,1.2246467991473532e-16,-1.0,0.0,1,0.0,1,0.0,1,0.0,1,0.42857142857142855,0.7867957924694458,0.0,2.0,0.42857142857142855,0.5357142857142857,1.1379690439434387,0.0,4.0,0.7999999999999999,0,110.465,0.0,0.0,False,False,False,False,False,True,False,True,False,False,False,False,False,False,False,False,False,False,False,False,False,False,False,False,False,False,False,False,False,False,False,False,False,False,True,False
USA,Air Fryer,2025-06-27,Home & Kitchen,0.0,110.465,,20.0,2.0,0.0,0.0,4,27,26,6,2,178,0,-0.433883739117558,-0.9009688679024191,1.2246467991473532e-16,-1.0,0.0,1,0.0,1,3.0,1,2.0,1,0.42857142857142855,0.7867957924694458,0.0,2.0,0.42857142857142855,0.5357142857142857,1.1379690439434387,0.0,4.0,0.7999999999999999,0,110.465,0.0,0.0,False,False,False,False,False,True,False,True,False,False,False,False,False,False,False,False,False,False,False,False,False,False,False,False,False,False,False,False,False,False,False,False,False,False,True,False
USA,Air Fryer,2025-06-28,Home & Kitchen,0.0,110.465,,20.0,2.0,0.0,0.0,5,28,26,6,2,179,1,-0.9749279121818236,-0.2225209339563146,1.2246467991473532e-16,-1.0,0.0,1,1.0,1,0.0,1,0.0,1,0.42857142857142855,0.7867957924694458,0.0,2.0,0.21428571428571427,0.4642857142857143,1.104943198042085,0.0,4.0,0.923076923076923,0,110.465,0.0,0.0,False,False,False,False,False,True,False,True,False,False,False,False,False,False,False,False,False,False,False,False,False,False,False,False,False,False,False,False,False,False,False,False,False,False,True,False
USA,Air Fryer,2025-06-29,Home & Kitchen,2.0,295.02,0.11,20.0,2.0,1.0,0.0,6,29,26,6,2,180,1,-0.7818314824680299,0.6234898018587334,1.2246467991473532e-16,-1.0,0.0,1,0.0,1,0.0,1,0.0,1,0.2857142857142857,0.7559289460184572,0.0,2.0,0.21428571428571427,0.4642857142857143,1.104943198042085,0.0,4.0,0.6153846153846153,1,110.465,184.55499999999998,1.6707101796949257,False,False,False,False,False,True,False,True,False,False,False,False,False,False,False,False,False,False,False,False,False,False,False,False,False,False,False,False,False,False,False,False,False,False,True,False
USA,Air Fryer,2025-06-30,Home & Kitchen,0.0,295.02,,20.0,2.0,0.0,0.0,0,30,27,6,2,181,0,0.0,1.0,1.2246467991473532e-16,-1.0,2.0,1,0.0,1,0.0,1,0.0,1,0.5714285714285714,0.9759000729485352,0.0,2.0,0.35714285714285715,0.5357142857142857,1.1379690439434387,0.0,4.0,1.0666666666666667,0,295.02,0.0,0.0,False,False,False,False,False,True,False,True,False,False,False,False,False,False,False,False,False,False,False,False,False,False,False,False,False,False,False,False,False,False,False,False,False,False,True,False
USA,Air Fryer,2025-07-01,Home & Kitchen,2.0,171.55,0.12,20.0,2.0,1.0,0.0,1,1,27,7,3,182,0,0.7818314824680298,0.6234898018587336,-0.4999999999999997,-0.8660254037844388,0.0,1,2.0,1,0.0,1,0.0,1,0.5714285714285714,0.9759000729485352,0.0,2.0,0.35714285714285715,0.5357142857142857,1.1379690439434387,0.0,4.0,1.0666666666666667,1,295.02,-123.46999999999997,-0.41851399905091174,False,False,False,False,False,True,False,True,False,False,False,False,False,False,False,False,False,False,False,False,False,False,False,False,False,False,False,False,False,False,False,False,False,False,True,False
USA,Air Fryer,2025-07-02,Home & Kitchen,0.0,171.55,,20.0,2.0,0.0,0.0,2,2,27,7,3,183,0,0.9749279121818236,-0.22252093395631434,-0.4999999999999997,-0.8660254037844388,2.0,1,0.0,1,0.0,1,3.0,1,0.5714285714285714,0.9759000729485352,0.0,2.0,0.5,0.6071428571428571,1.165532328365716,0.0,4.0,0.9411764705882353,0,171.55,0.0,0.0,False,False,False,False,False,True,False,True,False,False,False,False,False,False,False,False,False,False,False,False,False,False,False,False,False,False,False,False,False,False,False,False,False,False,True,False
USA,Air Fryer,2025-07-03,Home & Kitchen,0.0,171.55,,20.0,2.0,0.0,0.0,3,3,27,7,3,184,0,0.43388373911755823,-0.900968867902419,-0.4999999999999997,-0.8660254037844388,0.0,1,0.0,1,0.0,1,0.0,1,0.5714285714285714,0.9759000729485352,0.0,2.0,0.5,0.5,1.071516751221439,0.0,4.0,1.1428571428571428,0,171.55,0.0,0.0,False,False,False,False,False,True,False,True,False,False,False,False,False,False,False,False,False,False,False,False,False,False,False,False,False,False,False,False,False,False,False,False,False,False,True,False
USA,Air Fryer,2025-07-04,Home & Kitchen,0.0,171.55,,20.0,2.0,0.0,0.0,4,4,27,7,3,185,0,-0.433883739117558,-0.9009688679024191,-0.4999999999999997,-0.8660254037844388,0.0,1,0.0,1,0.0,1,0.0,1,0.5714285714285714,0.9759000729485352,0.0,2.0,0.5,0.5,1.071516751221439,0.0,4.0,1.1428571428571428,0,171.55,0.0,0.0,False,False,False,False,False,True,False,True,False,False,False,False,False,False,False,False,False,False,False,False,False,False,False,False,False,False,False,False,False,False,False,False,False,False,True,False
USA,Air Fryer,2025-07-05,Home & Kitchen,0.0,171.55,,20.0,2.0,0.0,0.0,5,5,27,7,3,186,1,-0.9749279121818236,-0.2225209339563146,-0.4999999999999997,-0.8660254037844388,0.0,1,0.0,1,1.0,1,0.0,1,0.5714285714285714,0.9759000729485352,0.0,2.0,0.5,0.5,1.071516751221439,0.0,4.0,1.1428571428571428,0,171.55,0.0,0.0,False,False,False,False,False,True,False,True,False,False,False,False,False,False,False,False,False,False,False,False,False,False,False,False,False,False,False,False,False,False,False,False,False,False,True,False
USA,Air Fryer,2025-07-06,Home & Kitchen,0.0,171.55,,20.0,2.0,0.0,0.0,6,6,27,7,3,187,1,-0.7818314824680299,0.6234898018587334,-0.4999999999999997,-0.8660254037844388,0.0,1,2.0,1,0.0,1,0.0,1,0.5714285714285714,0.9759000729485352,0.0,2.0,0.42857142857142855,0.5,1.071516751221439,0.0,4.0,1.1428571428571428,0,171.55,0.0,0.0,False,False,False,False,False,True,False,True,False,False,False,False,False,False,False,False,False,False,False,False,False,False,False,False,False,False,False,False,False,False,False,False,False,False,True,False
USA,Air Fryer,2025-07-07,Home & Kitchen,3.0,270.91,0.11,20.0,2.0,1.0,0.0,0,7,28,7,3,188,0,0.0,1.0,-0.4999999999999997,-0.8660254037844388,0.0,1,0.0,1,0.0,1,4.0,1,0.2857142857142857,0.7559289460184572,0.0,2.0,0.42857142857142855,0.5,1.071516751221439,0.0,4.0,0.5714285714285714,1,171.55,99.36000000000001,0.5791897406004081,False,False,False,False,False,True,False,True,False,False,False,False,False,False,False,False,False,False,False,False,False,False,False,False,False,False,False,False,False,False,False,False,False,False,True,False
USA,Air Fryer,2025-07-08,Home & Kitchen,0.0,270.91,,20.0,2.0,0.0,0.0,1,8,28,7,3,189,0,0.7818314824680298,0.6234898018587336,-0.4999999999999997,-0.8660254037844388,3.0,1,2.0,1,2.0,1,0.0,1,0.7142857142857143,1.253566341056019,0.0,3.0,0.6428571428571429,0.4642857142857143,0.9615628812527933,0.0,3.0,1.5384615384615385,0,270.91,0.0,0.0,False,False,False,False,False,True,False,True,False,False,False,False,False,False,False,False,False,False,False,False,False,False,False,False,False,False,False,False,False,False,False,False,False,False,True,False
USA,Air Fryer,2025-07-09,Home & Kitchen,0.0,270.91,,20.0,2.0,0.0,0.0,2,9,28,7,3,190,0,0.9749279121818236,-0.22252093395631434,-0.4999999999999997,-0.8660254037844388,0.0,1,0.0,1,0.0,1,0.0,1,0.42857142857142855,1.1338934190276835,0.0,3.0,0.5,0.4642857142857143,0.9615628812527933,0.0,3.0,0.923076923076923,0,270.91,0.0,0.0,False,False,False,False,False,True,False,True,False,False,False,False,False,False,False,False,False,False,False,False,False,False,False,False,False,False,False,False,False,False,False,False,False,False,True,False
USA,Air Fryer,2025-07-10,Home & Kitchen,3.0,141.26,0.08,20.0,2.0,1.0,0.0,3,10,28,7,3,191,0,0.43388373911755823,-0.900968867902419,-0.4999999999999997,-0.8660254037844388,0.0,1,0.0,1,0.0,1,0.0,1,0.42857142857142855,1.1338934190276835,0.0,3.0,0.5,0.4642857142857143,0.9615628812527933,0.0,3.0,0.923076923076923,1,270.91,-129.65000000000003,-0.4785722195563103,False,False,False,False,False,True,False,True,False,False,False,False,False,False,False,False,False,False,False,False,False,False,False,False,False,False,False,False,False,False,False,False,False,False,True,False
USA,Air Fryer,2025-07-11,Home & Kitchen,0.0,141.26,,20.0,2.0,0.0,0.0,4,11,28,7,3,192,0,-0.433883739117558,-0.9009688679024191,-0.4999999999999997,-0.8660254037844388,3.0,1,0.0,1,0.0,1,3.0,1,0.8571428571428571,1.463850109422801,0.0,3.0,0.7142857142857143,0.5714285714285714,1.069044967649697,0.0,3.0,1.5,0,141.26,0.0,0.0,False,False,False,False,False,True,False,True,False,False,False,False,False,False,False,False,False,False,False,False,False,False,False,False,False,False,False,False,False,False,False,False,False,False,True,False
USA,Air Fryer,2025-07-12,Home & Kitchen,0.0,141.26,,20.0,2.0,0.0,0.0,5,12,28,7,3,193,1,-0.9749279121818236,-0.2225209339563146,-0.4999999999999997,-0.8660254037844388,0.0,1,0.0,1,0.0,1,0.0,1,0.8571428571428571,1.463850109422801,0.0,3.0,0.7142857142857143,0.4642857142857143,0.9615628812527933,0.0,3.0,1.846153846153846,0,141.26,0.0,0.0,False,False,False,False,False,True,False,True,False,False,False,False,False,False,False,False,False,False,False,False,False,False,False,False,False,False,False,False,False,False,False,False,False,False,True,False
USA,Air Fryer,2025-07-13,Home & Kitchen,1.0,138.38,0.1,20.0,2.0,1.0,0.0,6,13,28,7,3,194,1,-0.7818314824680299,0.6234898018587334,-0.4999999999999997,-0.8660254037844388,0.0,1,0.0,1,2.0,1,0.0,1,0.8571428571428571,1.463850109422801,0.0,3.0,0.7142857142857143,0.4642857142857143,0.9615628812527933,0.0,3.0,1.846153846153846,1,141.26,-2.8799999999999955,-0.020387937137193796,False,False,False,False,False,True,False,True,False,False,False,False,False,False,False,False,False,False,False,False,False,False,False,False,False,False,False,False,False,False,False,False,False,False,True,False
USA,Air Fryer,2025-07-14,Home & Kitchen,0.0,138.38,,20.0,2.0,0.0,0.0,0,14,29,7,3,195,0,0.0,1.0,-0.4999999999999997,-0.8660254037844388,1.0,1,3.0,1,0.0,1,0.0,1,1.0,1.4142135623730963,0.0,3.0,0.6428571428571429,0.5,0.9622504486493757,0.0,3.0,2.0,0,138.38,0.0,0.0,False,False,False,False,False,True,False,True,False,False,False,False,False,False,False,False,False,False,False,False,False,False,False,False,False,False,False,False,False,False,False,False,False,False,True,False
USA,Air Fryer,2025-07-15,Home & Kitchen,3.0,222.76,0.06,20.0,2.0,1.0,0.0,1,15,29,7,3,196,0,0.7818314824680298,0.6234898018587336,-0.4999999999999997,-0.8660254037844388,0.0,1,0.0,1,2.0,1,0.0,1,0.5714285714285714,1.1338934190276835,0.0,3.0,0.6428571428571429,0.5,0.9622504486493757,0.0,3.0,1.1428571428571428,1,138.38,84.38,0.6097701980054921,False,False,False,False,False,True,False,True,False,False,False,False,False,False,False,False,False,False,False,False,False,False,False,False,False,False,False,False,False,False,False,False,False,False,True,False
USA,Air Fryer,2025-07-16,Home & Kitchen,0.0,222.76,,20.0,2.0,0.0,0.0,2,16,29,7,3,197,0,0.9749279121818236,-0.22252093395631434,-0.4999999999999997,-0.8660254037844388,3.0,1,0.0,1,0.0,1,0.0,1,1.0,1.4142135623730963,0.0,3.0,0.7142857142857143,0.6071428571428571,1.0659471779799339,0.0,3.0,1.647058823529412,0,222.76,0.0,0.0,False,False,False,False,False,True,False,True,False,False,False,False,False,False,False,False,False,False,False,False,False,False,False,False,False,False,False,False,False,False,False,False,False,False,True,False
USA,Air Fryer,2025-07-17,Home & Kitchen,0.0,222.76,,20.0,2.0,0.0,0.0,3,17,29,7,3,198,0,0.43388373911755823,-0.900968867902419,-0.4999999999999997,-0.8660254037844388,0.0,1,3.0,1,0.0,1,0.0,1,1.0,1.4142135623730963,0.0,3.0,0.7142857142857143,0.6071428571428571,1.0659471779799339,0.0,3.0,1.647058823529412,0,222.76,0.0,0.0,False,False,False,False,False,True,False,True,False,False,False,False,False,False,False,False,False,False,False,False,False,False,False,False,False,False,False,False,False,False,False,False,False,False,True,False
USA,Air Fryer,2025-07-18,Home & Kitchen,0.0,222.76,,20.0,2.0,0.0,0.0,4,18,29,7,3,199,0,-0.433883739117558,-0.9009688679024191,-0.4999999999999997,-0.8660254037844388,0.0,1,0.0,1,0.0,1,0.0,1,0.5714285714285714,1.1338934190276835,0.0,3.0,0.7142857142857143,0.6071428571428571,1.0659471779799339,0.0,3.0,0.9411764705882353,0,222.76,0.0,0.0,False,False,False,False,False,True,False,True,False,False,False,False,False,False,False,False,False,False,False,False,False,False,False,False,False,False,False,False,False,False,False,False,False,False,True,False
USA,Air Fryer,2025-07-19,Home & Kitchen,0.0,222.76,,20.0,2.0,0.0,0.0,5,19,29,7,3,200,1,-0.9749279121818236,-0.2225209339563146,-0.4999999999999997,-0.8660254037844388,0.0,1,0.0,1,0.0,1,1.0,1,0.5714285714285714,1.1338934190276835,0.0,3.0,0.7142857142857143,0.6071428571428571,1.0659471779799339,0.0,3.0,0.9411764705882353,0,222.76,0.0,0.0,False,False,False,False,False,True,False,True,False,False,False,False,False,False,False,False,False,False,False,False,False,False,False,False,False,False,False,False,False,False,False,False,False,False,True,False
USA,Air Fryer,2025-07-20,Home & Kitchen,0.0,222.76,,20.0,2.0,0.0,0.0,6,20,29,7,3,201,1,-0.7818314824680299,0.6234898018587334,-0.4999999999999997,-0.8660254037844388,0.0,1,1.0,1,0.0,1,0.0,1,0.5714285714285714,1.1338934190276835,0.0,3.0,0.7142857142857143,0.5714285714285714,1.069044967649697,0.0,3.0,1.0,0,222.76,0.0,0.0,False,False,False,False,False,True,False,True,False,False,False,False,False,False,False,False,False,False,False,False,False,False,False,False,False,False,False,False,False,False,False,False,False,False,True,False
USA,Air Fryer,2025-07-21,Home & Kitchen,0.0,222.76,,20.0,2.0,0.0,0.0,0,21,30,7,3,202,0,0.0,1.0,-0.4999999999999997,-0.8660254037844388,0.0,1,0.0,1,3.0,1,0.0,1,0.42857142857142855,1.1338934190276835,0.0,3.0,0.7142857142857143,0.5714285714285714,1.069044967649697,0.0,3.0,0.75,0,222.76,0.0,0.0,False,False,False,False,False,True,False,True,False,False,False,False,False,False,False,False,False,False,False,False,False,False,False,False,False,False,False,False,False,False,False,False,False,False,True,False
USA,Air Fryer,2025-07-22,Home & Kitchen,0.0,222.76,,20.0,2.0,0.0,0.0,1,22,30,7,3,203,0,0.7818314824680298,0.6234898018587336,-0.4999999999999997,-0.8660254037844388,0.0,1,3.0,1,0.0,1,2.0,1,0.42857142857142855,1.1338934190276835,0.0,3.0,0.5,0.5714285714285714,1.069044967649697,0.0,3.0,0.75,0,222.76,0.0,0.0,False,False,False,False,False,True,False,True,False,False,False,False,False,False,False,False,False,False,False,False,False,False,False,False,False,False,False,False,False,False,False,False,False,False,True,False
USA,Air Fryer,2025-07-23,Home & Kitchen,0.0,222.76,,20.0,2.0,0.0,0.0,2,23,30,7,3,204,0,0.9749279121818236,-0.22252093395631434,-0.4999999999999997,-0.8660254037844388,0.0,1,0.0,1,0.0,1,0.0,1,0.0,0.0,0.0,0.0,0.5,0.5,1.0363754503432012,0.0,3.0,0.0,0,222.76,0.0,0.0,False,False,False,False,False,True,False,True,False,False,False,False,False,False,False,False,False,False,False,False,False,False,False,False,False,False,False,False,False,False,False,False,False,False,True,False
USA,Air Fryer,2025-07-24,Home & Kitchen,0.0,222.76,,20.0,2.0,0.0,0.0,3,24,30,7,3,205,0,0.43388373911755823,-0.900968867902419,-0.4999999999999997,-0.8660254037844388,0.0,1,0.0,1,3.0,1,0.0,1,0.0,0.0,0.0,0.0,0.5,0.5,1.0363754503432012,0.0,3.0,0.0,0,222.76,0.0,0.0,False,False,False,False,False,True,False,True,False,False,False,False,False,False,False,False,False,False,False,False,False,False,False,False,False,False,False,False,False,False,False,False,False,False,True,False
USA,Air Fryer,2025-07-25,Home & Kitchen,0.0,222.76,,20.0,2.0,0.0,0.0,4,25,30,7,3,206,0,-0.433883739117558,-0.9009688679024191,-0.4999999999999997,-0.8660254037844388,0.0,1,0.0,1,0.0,1,0.0,1,0.0,0.0,0.0,0.0,0.2857142857142857,0.5,1.0363754503432012,0.0,3.0,0.0,0,222.76,0.0,0.0,False,False,False,False,False,True,False,True,False,False,False,False,False,False,False,False,False,False,False,False,False,False,False,False,False,False,False,False,False,False,False,False,False,False,True,False
USA,Air Fryer,2025-07-26,Home & Kitchen,3.0,213.21,0.01,20.0,2.0,1.0,0.0,5,26,30,7,3,207,1,-0.9749279121818236,-0.2225209339563146,-0.4999999999999997,-0.8660254037844388,0.0,1,0.0,1,0.0,1,0.0,1,0.0,0.0,0.0,0.0,0.2857142857142857,0.5,1.0363754503432012,0.0,3.0,0.0,1,222.76,-9.549999999999983,-0.04287125157119763,False,False,False,False,False,True,False,True,False,False,False,False,False,False,False,False,False,False,False,False,False,False,False,False,False,False,False,False,False,False,False,False,False,False,True,False
USA,Air Fryer,2025-07-27,Home & Kitchen,0.0,213.21,,20.0,2.0,0.0,0.0,6,27,30,7,3,208,1,-0.7818314824680299,0.6234898018587334,-0.4999999999999997,-0.8660254037844388,3.0,1,0.0,1,1.0,1,2.0,1,0.42857142857142855,1.1338934190276835,0.0,3.0,0.5,0.6071428571428571,1.1333099904225379,0.0,3.0,0.7058823529411765,0,213.21,0.0,0.0,False,False,False,False,False,True,False,True,False,False,False,False,False,False,False,False,False,False,False,False,False,False,False,False,False,False,False,False,False,False,False,False,False,False,True,False
USA,Air Fryer,2025-07-28,Home & Kitchen,0.0,213.21,,20.0,2.0,0.0,0.0,0,28,31,7,3,209,0,0.0,1.0,-0.4999999999999997,-0.8660254037844388,0.0,1,0.0,1,0.0,1,0.0,1,0.42857142857142855,1.1338934190276835,0.0,3.0,0.42857142857142855,0.5357142857142857,1.1049431980420847,0.0,3.0,0.7999999999999999,0,213.21,0.0,0.0,False,False,False,False,False,True,False,True,False,False,False,False,False,False,False,False,False,False,False,False,False,False,False,False,False,False,False,False,False,False,False,False,False,False,True,False
USA,Air Fryer,2025-07-29,Home & Kitchen,2.0,207.66,0.11,20.0,2.0,1.0,0.0,1,29,31,7,3,210,0,0.7818314824680298,0.6234898018587336,-0.4999999999999997,-0.8660254037844388,0.0,1,0.0,1,3.0,1,2.0,1,0.42857142857142855,1.1338934190276835,0.0,3.0,0.42857142857142855,0.5357142857142857,1.1049431980420847,0.0,3.0,0.7999999999999999,1,213.21,-5.550000000000011,-0.026030673983396705,False,False,False,False,False,True,False,True,False,False,False,False,False,False,False,False,False,False,False,False,False,False,False,False,False,False,False,False,False,False,False,False,False,False,True,False
USA,Air Fryer,2025-07-30,Home & Kitchen,0.0,207.66,,20.0,2.0,0.0,0.0,2,30,31,7,3,211,0,0.9749279121818236,-0.22252093395631434,-0.4999999999999997,-0.8660254037844388,2.0,1,0.0,1,0.0,1,0.0,1,0.7142857142857143,1.253566341056019,0.0,3.0,0.35714285714285715,0.5357142857142857,1.1049431980420847,0.0,3.0,1.3333333333333335,0,207.66,0.0,0.0,False,False,False,False,False,True,False,True,False,False,False,False,False,False,False,False,False,False,False,False,False,False,False,False,False,False,False,False,False,False,False,False,False,False,True,False
USA,Air Fryer,2025-07-31,Home & Kitchen,0.0,207.66,,20.0,2.0,0.0,0.0,3,31,31,7,3,212,0,0.43388373911755823,-0.900968867902419,-0.4999999999999997,-0.8660254037844388,0.0,1,0.0,1,0.0,1,0.0,1,0.7142857142857143,1.253566341056019,0.0,3.0,0.35714285714285715,0.5357142857142857,1.1049431980420847,0.0,3.0,1.3333333333333335,0,207.66,0.0,0.0,False,False,False,False,False,True,False,True,False,False,False,False,False,False,False,False,False,False,False,False,False,False,False,False,False,False,False,False,False,False,False,False,False,False,True,False
USA,Air Fryer,2025-08-01,Home & Kitchen,0.0,207.66,,20.0,2.0,0.0,0.0,4,1,31,8,3,213,0,-0.433883739117558,-0.9009688679024191,-0.8660254037844385,-0.5000000000000004,0.0,1,0.0,1,0.0,1,0.0,1,0.7142857142857143,1.253566341056019,0.0,3.0,0.35714285714285715,0.5357142857142857,1.1049431980420847,0.0,3.0,1.3333333333333335,0,207.66,0.0,0.0,False,False,False,False,False,True,False,True,False,False,False,False,False,False,False,False,False,False,False,False,False,False,False,False,False,False,False,False,False,False,False,False,False,False,True,False
USA,Air Fryer,2025-08-02,Home & Kitchen,2.0,124.81,0.04,20.0,2.0,1.0,0.0,5,2,31,8,3,214,1,-0.9749279121818236,-0.2225209339563146,-0.8660254037844385,-0.5000000000000004,0.0,1,3.0,1,0.0,1,0.0,1,0.7142857142857143,1.253566341056019,0.0,3.0,0.35714285714285715,0.5357142857142857,1.1049431980420847,0.0,3.0,1.3333333333333335,1,207.66,-82.85,-0.39896946932485794,False,False,False,False,False,True,False,True,False,False,False,False,False,False,False,False,False,False,False,False,False,False,False,False,False,False,False,False,False,False,False,False,False,False,True,False
USA,Air Fryer,2025-08-03,Home & Kitchen,0.0,124.81,,20.0,2.0,0.0,0.0,6,3,31,8,3,215,1,-0.7818314824680299,0.6234898018587334,-0.8660254037844385,-0.5000000000000004,2.0,1,0.0,1,0.0,1,0.0,1,0.5714285714285714,0.9759000729485351,0.0,2.0,0.5,0.6071428571428571,1.1333099904225379,0.0,3.0,0.9411764705882353,0,124.81,0.0,0.0,False,False,False,False,False,True,False,True,False,False,False,False,False,False,False,False,False,False,False,False,False,False,False,False,False,False,False,False,False,False,False,False,False,False,True,False
USA,Air Fryer,2025-08-04,Home & Kitchen,0.0,124.81,,20.0,2.0,0.0,0.0,0,4,32,8,3,216,0,0.0,1.0,-0.8660254037844385,-0.5000000000000004,0.0,1,0.0,1,0.0,1,3.0,1,0.5714285714285714,0.9759000729485351,0.0,2.0,0.5,0.6071428571428571,1.1333099904225379,0.0,3.0,0.9411764705882353,0,124.81,0.0,0.0,False,False,False,False,False,True,False,True,False,False,False,False,False,False,False,False,False,False,False,False,False,False,False,False,False,False,False,False,False,False,False,False,False,False,True,False
USA,Air Fryer,2025-08-05,Home & Kitchen,0.0,124.81,,20.0,2.0,0.0,0.0,1,5,32,8,3,217,0,0.7818314824680298,0.6234898018587336,-0.8660254037844385,-0.5000000000000004,0.0,1,2.0,1,0.0,1,0.0,1,0.5714285714285714,0.9759000729485351,0.0,2.0,0.5,0.5,1.0363754503432012,0.0,3.0,1.1428571428571428,0,124.81,0.0,0.0,False,False,False,False,False,True,False,True,False,False,False,False,False,False,False,False,False,False,False,False,False,False,False,False,False,False,False,False,False,False,False,False,False,False,True,False
USA,Air Fryer,2025-08-06,Home & Kitchen,3.0,127.89,0.01,20.0,2.0,1.0,0.0,2,6,32,8,3,218,0,0.9749279121818236,-0.22252093395631434,-0.8660254037844385,-0.5000000000000004,0.0,1,0.0,1,0.0,1,0.0,1,0.2857142857142857,0.7559289460184571,0.0,2.0,0.5,0.5,1.0363754503432012,0.0,3.0,0.5714285714285714,1,124.81,3.0799999999999983,0.02467750981491866,False,False,False,False,False,True,False,True,False,False,False,False,False,False,False,False,False,False,False,False,False,False,False,False,False,False,False,False,False,False,False,False,False,False,True,False
USA,Air Fryer,2025-08-07,Home & Kitchen,0.0,127.89,,20.0,2.0,0.0,0.0,3,7,32,8,3,219,0,0.43388373911755823,-0.900968867902419,-0.8660254037844385,-0.5000000000000004,3.0,1,0.0,1,0.0,1,3.0,1,0.7142857142857143,1.253566341056019,0.0,3.0,0.7142857142857143,0.6071428571428571,1.1333099904225379,0.0,3.0,1.1764705882352942,0,127.89,0.0,0.0,False,False,False,False,False,True,False,True,False,False,False,False,False,False,False,False,False,False,False,False,False,False,False,False,False,False,False,False,False,False,False,False,False,False,True,False
USA,Air Fryer,2025-08-08,Home & Kitchen,1.0,227.32,0.09,20.0,2.0,1.0,0.0,4,8,32,8,3,220,0,-0.433883739117558,-0.9009688679024191,-0.8660254037844385,-0.5000000000000004,0.0,1,0.0,1,0.0,1,0.0,1,0.7142857142857143,1.253566341056019,0.0,3.0,0.7142857142857143,0.5,1.0363754503432012,0.0,3.0,1.4285714285714286,1,127.89,99.42999999999999,0.7774650089921026,False,False,False,False,False,True,False,True,False,False,False,False,False,False,False,False,False,False,False,False,False,False,False,False,False,False,False,False,False,False,False,False,False,False,True,False
USA,Air Fryer,2025-08-09,Home & Kitchen,0.0,227.32,,20.0,2.0,0.0,0.0,5,9,32,8,3,221,1,-0.9749279121818236,-0.2225209339563146,-0.8660254037844385,-0.5000000000000004,1.0,1,2.0,1,3.0,1,0.0,1,0.8571428571428571,1.2149857925879133,0.0,3.0,0.7857142857142857,0.5357142857142857,1.0357370915204889,0.0,3.0,1.5999999999999999,0,227.32,0.0,0.0,False,False,False,False,False,True,False,True,False,False,False,False,False,False,False,False,False,False,False,False,False,False,False,False,False,False,False,False,False,False,False,False,False,False,True,False
USA,Air Fryer,2025-08-10,Home & Kitchen,0.0,227.32,,20.0,2.0,0.0,0.0,6,10,32,8,3,222,1,-0.7818314824680299,0.6234898018587334,-0.8660254037844385,-0.5000000000000004,0.0,1,0.0,1,0.0,1,1.0,1,0.5714285714285714,1.1338934190276835,0.0,3.0,0.5714285714285714,0.5357142857142857,1.0357370915204889,0.0,3.0,1.0666666666666667,0,227.32,0.0,0.0,False,False,False,False,False,True,False,True,False,False,False,False,False,False,False,False,False,False,False,False,False,False,False,False,False,False,False,False,False,False,False,False,False,False,True,False
USA,Air Fryer,2025-08-11,Home & Kitchen,0.0,227.32,,20.0,2.0,0.0,0.0,0,11,33,8,3,223,0,0.0,1.0,-0.8660254037844385,-0.5000000000000004,0.0,1,0.0,1,0.0,1,0.0,1,0.5714285714285714,1.1338934190276835,0.0,3.0,0.5714285714285714,0.5,1.0363754503432012,0.0,3.0,1.1428571428571428,0,227.32,0.0,0.0,False,False,False,False,False,True,False,True,False,False,False,False,False,False,False,False,False,False,False,False,False,False,False,False,False,False,False,False,False,False,False,False,False,False,True,False
USA,Air Fryer,2025-08-12,Home & Kitchen,0.0,227.32,,20.0,2.0,0.0,0.0,1,12,33,8,3,224,0,0.7818314824680298,0.6234898018587336,-0.8660254037844385,-0.5000000000000004,0.0,1,0.0,1,2.0,1,3.0,1,0.5714285714285714,1.1338934190276835,0.0,3.0,0.5714285714285714,0.5,1.0363754503432012,0.0,3.0,1.1428571428571428,0,227.32,0.0,0.0,False,False,False,False,False,True,False,True,False,False,False,False,False,False,False,False,False,False,False,False,False,False,False,False,False,False,False,False,False,False,False,False,False,False,True,False
USA,Air Fryer,2025-08-13,Home & Kitchen,0.0,227.32,,20.0,2.0,0.0,0.0,2,13,33,8,3,225,0,0.9749279121818236,-0.22252093395631434,-0.8660254037844385,-0.5000000000000004,0.0,1,3.0,1,0.0,1,0.0,1,0.5714285714285714,1.1338934190276835,0.0,3.0,0.42857142857142855,0.39285714285714285,0.9164862737363224,0.0,3.0,1.4545454545454546,0,227.32,0.0,0.0,False,False,False,False,False,True,False,True,False,False,False,False,False,False,False,False,False,False,False,False,False,False,False,False,False,False,False,False,False,False,False,False,False,False,True,False
USA,Air Fryer,2025-08-14,Home & Kitchen,0.0,227.32,,20.0,2.0,0.0,0.0,3,14,33,8,3,226,0,0.43388373911755823,-0.900968867902419,-0.8660254037844385,-0.5000000000000004,0.0,1,0.0,1,0.0,1,0.0,1,0.14285714285714285,0.37796447300923286,0.0,1.0,0.42857142857142855,0.39285714285714285,0.9164862737363224,0.0,3.0,0.36363636363636365,0,227.32,0.0,0.0,False,False,False,False,False,True,False,True,False,False,False,False,False,False,False,False,False,False,False,False,False,False,False,False,False,False,False,False,False,False,False,False,False,False,True,False
USA,Air Fryer,2025-08-15,Home & Kitchen,0.0,227.32,,20.0,2.0,0.0,0.0,4,15,33,8,3,227,0,-0.433883739117558,-0.9009688679024191,-0.8660254037844385,-0.5000000000000004,0.0,1,1.0,1,0.0,1,0.0,1,0.14285714285714285,0.37796447300923286,0.0,1.0,0.42857142857142855,0.39285714285714285,0.9164862737363224,0.0,3.0,0.36363636363636365,0,227.32,0.0,0.0,False,False,False,False,False,True,False,True,False,False,False,False,False,False,False,False,False,False,False,False,False,False,False,False,False,False,False,False,False,False,False,False,False,False,True,False
USA,Air Fryer,2025-08-16,Home & Kitchen,0.0,227.32,,20.0,2.0,0.0,0.0,5,16,33,8,3,228,1,-0.9749279121818236,-0.2225209339563146,-0.8660254037844385,-0.5000000000000004,0.0,1,0.0,1,2.0,1,0.0,1,0.0,0.0,0.0,0.0,0.42857142857142855,0.39285714285714285,0.9164862737363224,0.0,3.0,0.0,0,227.32,0.0,0.0,False,False,False,False,False,True,False,True,False,False,False,False,False,False,False,False,False,False,False,False,False,False,False,False,False,False,False,False,False,False,False,False,False,False,True,False
USA,Air Fryer,2025-08-17,Home & Kitchen,0.0,227.32,,20.0,2.0,0.0,0.0,6,17,33,8,3,229,1,-0.7818314824680299,0.6234898018587334,-0.8660254037844385,-0.5000000000000004,0.0,1,0.0,1,0.0,1,0.0,1,0.0,0.0,0.0,0.0,0.2857142857142857,0.39285714285714285,0.9164862737363224,0.0,3.0,0.0,0,227.32,0.0,0.0,False,False,False,False,False,True,False,True,False,False,False,False,False,False,False,False,False,False,False,False,False,False,False,False,False,False,False,False,False,False,False,False,False,False,True,False
USA,Air Fryer,2025-08-18,Home & Kitchen,0.0,227.32,,20.0,2.0,0.0,0.0,0,18,34,8,3,230,0,0.0,1.0,-0.8660254037844385,-0.5000000000000004,0.0,1,0.0,1,0.0,1,0.0,1,0.0,0.0,0.0,0.0,0.2857142857142857,0.39285714285714285,0.9164862737363224,0.0,3.0,0.0,0,227.32,0.0,0.0,False,False,False,False,False,True,False,True,False,False,False,False,False,False,False,False,False,False,False,False,False,False,False,False,False,False,False,False,False,False,False,False,False,False,True,False
USA,Air Fryer,2025-08-19,Home & Kitchen,0.0,227.32,,20.0,2.0,0.0,0.0,1,19,34,8,3,231,0,0.7818314824680298,0.6234898018587336,-0.8660254037844385,-0.5000000000000004,0.0,1,0.0,1,0.0,1,0.0,1,0.0,0.0,0.0,0.0,0.2857142857142857,0.39285714285714285,0.9164862737363224,0.0,3.0,0.0,0,227.32,0.0,0.0,False,False,False,False,False,True,False,True,False,False,False,False,False,False,False,False,False,False,False,False,False,False,False,False,False,False,False,False,False,False,False,False,False,False,True,False
USA,Air Fryer,2025-08-20,Home & Kitchen,1.0,257.02,0.02,20.0,2.0,1.0,0.0,2,20,34,8,3,232,0,0.9749279121818236,-0.22252093395631434,-0.8660254037844385,-0.5000000000000004,0.0,1,0.0,1,3.0,1,0.0,1,0.0,0.0,0.0,0.0,0.2857142857142857,0.39285714285714285,0.9164862737363224,0.0,3.0,0.0,1,227.32,29.69999999999999,0.13065282421256375,False,False,False,False,False,True,False,True,False,False,False,False,False,False,False,False,False,False,False,False,False,False,False,False,False,False,False,False,False,False,False,False,False,False,True,False
USA,Air Fryer,2025-08-21,Home & Kitchen,3.0,234.77,0.03,20.0,2.0,1.0,0.0,3,21,34,8,3,233,0,0.43388373911755823,-0.900968867902419,-0.8660254037844385,-0.5000000000000004,1.0,1,0.0,1,0.0,1,0.0,1,0.14285714285714285,0.37796447300923286,0.0,1.0,0.14285714285714285,0.42857142857142855,0.9200874124564719,0.0,3.0,0.3333333333333333,1,257.02,-22.24999999999997,-0.0865691385884366,False,False,False,False,False,True,False,True,False,False,False,False,False,False,False,False,False,False,False,False,False,False,False,False,False,False,False,False,False,False,False,False,False,False,True,False
USA,Air Fryer,2025-08-22,Home & Kitchen,0.0,234.77,,20.0,2.0,0.0,0.0,4,22,34,8,3,234,0,-0.433883739117558,-0.9009688679024191,-0.8660254037844385,-0.5000000000000004,3.0,1,0.0,1,1.0,1,0.0,1,0.5714285714285714,1.1338934190276835,0.0,3.0,0.35714285714285715,0.5357142857142857,1.0357370915204889,0.0,3.0,1.0666666666666667,0,234.77,0.0,0.0,False,False,False,False,False,True,False,True,False,False,False,False,False,False,False,False,False,False,False,False,False,False,False,False,False,False,False,False,False,False,False,False,False,False,True,False
USA,Air Fryer,2025-08-23,Home & Kitchen,0.0,234.77,,20.0,2.0,0.0,0.0,5,23,34,8,3,235,1,-0.9749279121818236,-0.2225209339563146,-0.8660254037844385,-0.5000000000000004,0.0,1,0.0,1,0.0,1,3.0,1,0.5714285714285714,1.1338934190276835,0.0,3.0,0.2857142857142857,0.5357142857142857,1.0357370915204889,0.0,3.0,1.0666666666666667,0,234.77,0.0,0.0,False,False,False,False,False,True,False,True,False,False,False,False,False,False,False,False,False,False,False,False,False,False,False,False,False,False,False,False,False,False,False,False,False,False,True,False
USA,Air Fryer,2025-08-24,Home & Kitchen,0.0,234.77,,20.0,2.0,0.0,0.0,6,24,34,8,3,236,1,-0.7818314824680299,0.6234898018587334,-0.8660254037844385,-0.5000000000000004,0.0,1,0.0,1,0.0,1,0.0,1,0.5714285714285714,1.1338934190276835,0.0,3.0,0.2857142857142857,0.42857142857142855,0.9200874124564717,0.0,3.0,1.3333333333333333,0,234.77,0.0,0.0,False,False,False,False,False,True,False,True,False,False,False,False,False,False,False,False,False,False,False,False,False,False,False,False,False,False,False,False,False,False,False,False,False,False,True,False
USA,Air Fryer,2025-08-25,Home & Kitchen,0.0,234.77,,20.0,2.0,0.0,0.0,0,25,35,8,3,237,0,0.0,1.0,-0.8660254037844385,-0.5000000000000004,0.0,1,0.0,1,0.0,1,0.0,1,0.5714285714285714,1.1338934190276835,0.0,3.0,0.2857142857142857,0.42857142857142855,0.9200874124564717,0.0,3.0,1.3333333333333333,0,234.77,0.0,0.0,False,False,False,False,False,True,False,True,False,False,False,False,False,False,False,False,False,False,False,False,False,False,False,False,False,False,False,False,False,False,False,False,False,False,True,False
USA,Air Fryer,2025-08-26,Home & Kitchen,0.0,234.77,,20.0,2.0,0.0,0.0,1,26,35,8,3,238,0,0.7818314824680298,0.6234898018587336,-0.8660254037844385,-0.5000000000000004,0.0,1,0.0,1,0.0,1,2.0,1,0.5714285714285714,1.1338934190276835,0.0,3.0,0.2857142857142857,0.42857142857142855,0.9200874124564717,0.0,3.0,1.3333333333333333,0,234.77,0.0,0.0,False,False,False,False,False,True,False,True,False,False,False,False,False,False,False,False,False,False,False,False,False,False,False,False,False,False,False,False,False,False,False,False,False,False,True,False
USA,Air Fryer,2025-08-27,Home & Kitchen,0.0,234.77,,20.0,2.0,0.0,0.0,2,27,35,8,3,239,0,0.9749279121818236,-0.22252093395631434,-0.8660254037844385,-0.5000000000000004,0.0,1,1.0,1,0.0,1,0.0,1,0.5714285714285714,1.1338934190276835,0.0,3.0,0.2857142857142857,0.35714285714285715,0.8698354767504921,0.0,3.0,1.5999999999999999,0,234.77,0.0,0.0,False,False,False,False,False,True,False,True,False,False,False,False,False,False,False,False,False,False,False,False,False,False,False,False,False,False,False,False,False,False,False,False,False,False,True,False
USA,Air Fryer,2025-08-28,Home & Kitchen,1.0,162.89,0.08,20.0,2.0,1.0,0.0,3,28,35,8,3,240,0,0.43388373911755823,-0.900968867902419,-0.8660254037844385,-0.5000000000000004,0.0,1,3.0,1,0.0,1,0.0,1,0.42857142857142855,1.1338934190276835,0.0,3.0,0.2857142857142857,0.35714285714285715,0.8698354767504921,0.0,3.0,1.2,1,234.77,-71.88000000000002,-0.30617199812582535,False,False,False,False,False,True,False,True,False,False,False,False,False,False,False,False,False,False,False,False,False,False,False,False,False,False,False,False,False,False,False,False,False,False,True,False
USA,Air Fryer,2025-08-29,Home & Kitchen,0.0,162.89,,20.0,2.0,0.0,0.0,4,29,35,8,3,241,0,-0.433883739117558,-0.9009688679024191,-0.8660254037844385,-0.5000000000000004,1.0,1,0.0,1,0.0,1,0.0,1,0.14285714285714285,0.37796447300923264,0.0,1.0,0.35714285714285715,0.39285714285714285,0.8751417118804331,0.0,3.0,0.36363636363636365,0,162.89,0.0,0.0,False,False,False,False,False,True,False,True,False,False,False,False,False,False,False,False,False,False,False,False,False,False,False,False,False,False,False,False,False,False,False,False,False,False,True,False
USA,Air Fryer,2025-08-30,Home & Kitchen,3.0,108.53,0.14,20.0,2.0,1.0,0.0,5,30,35,8,3,242,1,-0.9749279121818236,-0.2225209339563146,-0.8660254037844385,-0.5000000000000004,0.0,1,0.0,1,0.0,1,2.0,1,0.14285714285714285,0.37796447300923264,0.0,1.0,0.35714285714285715,0.39285714285714285,0.8751417118804331,0.0,3.0,0.36363636363636365,1,162.89,-54.359999999999985,-0.33372214377800963,False,False,False,False,False,True,False,True,False,False,False,False,False,False,False,False,False,False,False,False,False,False,False,False,False,False,False,False,False,False,False,False,False,False,True,False
USA,Air Fryer,2025-08-31,Home & Kitchen,0.0,108.53,,20.0,2.0,0.0,0.0,6,31,35,8,3,243,1,-0.7818314824680299,0.6234898018587334,-0.8660254037844385,-0.5000000000000004,3.0,1,0.0,1,0.0,1,0.0,1,0.5714285714285714,1.1338934190276835,0.0,3.0,0.5714285714285714,0.42857142857142855,0.9594972228385654,0.0,3.0,1.3333333333333333,0,108.53,0.0,0.0,False,False,False,False,False,True,False,True,False,False,False,False,False,False,False,False,False,False,False,False,False,False,False,False,False,False,False,False,False,False,False,False,False,False,True,False
USA,Air Fryer,2025-09-01,Home & Kitchen,0.0,108.53,,20.0,2.0,0.0,0.0,0,1,36,9,3,244,0,0.0,1.0,-1.0,-1.8369701987210297e-16,0.0,1,0.0,1,0.0,1,0.0,1,0.5714285714285714,1.1338934190276835,0.0,3.0,0.5714285714285714,0.42857142857142855,0.9594972228385654,0.0,3.0,1.3333333333333333,0,108.53,0.0,0.0,False,False,False,False,False,True,False,True,False,False,False,False,False,False,False,False,False,False,False,False,False,False,False,False,False,False,False,False,False,False,False,False,False,False,True,False
USA,Air Fryer,2025-09-02,Home & Kitchen,0.0,108.53,,20.0,2.0,0.0,0.0,1,2,36,9,3,245,0,0.7818314824680298,0.6234898018587336,-1.0,-1.8369701987210297e-16,0.0,1,0.0,1,0.0,1,0.0,1,0.5714285714285714,1.1338934190276835,0.0,3.0,0.5714285714285714,0.42857142857142855,0.9594972228385654,0.0,3.0,1.3333333333333333,0,108.53,0.0,0.0,False,False,False,False,False,True,False,True,False,False,False,False,False,False,False,False,False,False,False,False,False,False,False,False,False,False,False,False,False,False,False,False,False,False,True,False
USA,Air Fryer,2025-09-03,Home & Kitchen,0.0,108.53,,20.0,2.0,0.0,0.0,2,3,36,9,3,246,0,0.9749279121818236,-0.22252093395631434,-1.0,-1.8369701987210297e-16,0.0,1,0.0,1,1.0,1,3.0,1,0.5714285714285714,1.1338934190276835,0.0,3.0,0.5714285714285714,0.42857142857142855,0.9594972228385654,0.0,3.0,1.3333333333333333,0,108.53,0.0,0.0,False,False,False,False,False,True,False,True,False,False,False,False,False,False,False,False,False,False,False,False,False,False,False,False,False,False,False,False,False,False,False,False,False,False,True,False
USA,Air Fryer,2025-09-04,Home & Kitchen,0.0,108.53,,20.0,2.0,0.0,0.0,3,4,36,9,3,247,0,0.43388373911755823,-0.900968867902419,-1.0,-1.8369701987210297e-16,0.0,1,1.0,1,3.0,1,0.0,1,0.5714285714285714,1.1338934190276835,0.0,3.0,0.5,0.32142857142857145,0.8189230248533252,0.0,3.0,1.7777777777777775,0,108.53,0.0,0.0,False,False,False,False,False,True,False,True,False,False,False,False,False,False,False,False,False,False,False,False,False,False,False,False,False,False,False,False,False,False,False,False,False,False,True,False
USA,Air Fryer,2025-09-05,Home & Kitchen,0.0,108.53,,20.0,2.0,0.0,0.0,4,5,36,9,3,248,0,-0.433883739117558,-0.9009688679024191,-1.0,-1.8369701987210297e-16,0.0,1,0.0,1,0.0,1,1.0,1,0.42857142857142855,1.1338934190276835,0.0,3.0,0.2857142857142857,0.32142857142857145,0.8189230248533252,0.0,3.0,1.3333333333333333,0,108.53,0.0,0.0,False,False,False,False,False,True,False,True,False,False,False,False,False,False,False,False,False,False,False,False,False,False,False,False,False,False,False,False,False,False,False,False,False,False,True,False
USA,Air Fryer,2025-09-06,Home & Kitchen,0.0,108.53,,20.0,2.0,0.0,0.0,5,6,36,9,3,249,1,-0.9749279121818236,-0.2225209339563146,-1.0,-1.8369701987210297e-16,0.0,1,3.0,1,0.0,1,0.0,1,0.42857142857142855,1.1338934190276835,0.0,3.0,0.2857142857142857,0.2857142857142857,0.8099905283919409,0.0,3.0,1.5,0,108.53,0.0,0.0,False,False,False,False,False,True,False,True,False,False,False,False,False,False,False,False,False,False,False,False,False,False,False,False,False,False,False,False,False,False,False,False,False,False,True,False
USA,Air Fryer,2025-09-07,Home & Kitchen,0.0,108.53,,20.0,2.0,0.0,0.0,6,7,36,9,3,250,1,-0.7818314824680299,0.6234898018587334,-1.0,-1.8369701987210297e-16,0.0,1,0.0,1,0.0,1,0.0,1,0.0,0.0,0.0,0.0,0.2857142857142857,0.2857142857142857,0.8099905283919409,0.0,3.0,0.0,0,108.53,0.0,0.0,False,False,False,False,False,True,False,True,False,False,False,False,False,False,False,False,False,False,False,False,False,False,False,False,False,False,False,False,False,False,False,False,False,False,True,False
USA,Air Fryer,2025-09-08,Home & Kitchen,0.0,108.53,,20.0,2.0,0.0,0.0,0,8,37,9,3,251,0,0.0,1.0,-1.0,-1.8369701987210297e-16,0.0,1,0.0,1,0.0,1,0.0,1,0.0,0.0,0.0,0.0,0.2857142857142857,0.2857142857142857,0.8099905283919409,0.0,3.0,0.0,0,108.53,0.0,0.0,False,False,False,False,False,True,False,True,False,False,False,False,False,False,False,False,False,False,False,False,False,False,False,False,False,False,False,False,False,False,False,False,False,False,True,False
USA,Air Fryer,2025-09-09,Home & Kitchen,0.0,108.53,,20.0,2.0,0.0,0.0,1,9,37,9,3,252,0,0.7818314824680298,0.6234898018587336,-1.0,-1.8369701987210297e-16,0.0,1,0.0,1,0.0,1,0.0,1,0.0,0.0,0.0,0.0,0.2857142857142857,0.2857142857142857,0.8099905283919409,0.0,3.0,0.0,0,108.53,0.0,0.0,False,False,False,False,False,True,False,True,False,False,False,False,False,False,False,False,False,False,False,False,False,False,False,False,False,False,False,False,False,False,False,False,False,False,True,False
USA,Air Fryer,2025-09-10,Home & Kitchen,0.0,108.53,,20.0,2.0,0.0,0.0,2,10,37,9,3,253,0,0.9749279121818236,-0.22252093395631434,-1.0,-1.8369701987210297e-16,0.0,1,0.0,1,0.0,1,0.0,1,0.0,0.0,0.0,0.0,0.2857142857142857,0.2857142857142857,0.8099905283919409,0.0,3.0,0.0,0,108.53,0.0,0.0,False,False,False,False,False,True,False,True,False,False,False,False,False,False,False,False,False,False,False,False,False,False,False,False,False,False,False,False,False,False,False,False,False,False,True,False
USA,Air Fryer,2025-09-11,Home & Kitchen,0.0,108.53,,20.0,2.0,0.0,0.0,3,11,37,9,3,254,0,0.43388373911755823,-0.900968867902419,-1.0,-1.8369701987210297e-16,0.0,1,0.0,1,1.0,1,0.0,1,0.0,0.0,0.0,0.0,0.2857142857142857,0.2857142857142857,0.8099905283919409,0.0,3.0,0.0,0,108.53,0.0,0.0,False,False,False,False,False,True,False,True,False,False,False,False,False,False,False,False,False,False,False,False,False,False,False,False,False,False,False,False,False,False,False,False,False,False,True,False
USA,Air Fryer,2025-09-12,Home & Kitchen,3.0,263.26,0.06,20.0,2.0,1.0,0.0,4,12,37,9,3,255,0,-0.433883739117558,-0.9009688679024191,-1.0,-1.8369701987210297e-16,0.0,1,0.0,1,0.0,1,0.0,1,0.0,0.0,0.0,0.0,0.21428571428571427,0.2857142857142857,0.8099905283919409,0.0,3.0,0.0,1,108.53,154.73,1.4256887496544732,False,False,False,False,False,True,False,True,False,False,False,False,False,False,False,False,False,False,False,False,False,False,False,False,False,False,False,False,False,False,False,False,False,False,True,False
USA,Air Fryer,2025-09-13,Home & Kitchen,0.0,263.26,,20.0,2.0,0.0,0.0,5,13,37,9,3,256,1,-0.9749279121818236,-0.2225209339563146,-1.0,-1.8369701987210297e-16,3.0,1,0.0,1,3.0,1,0.0,1,0.42857142857142855,1.1338934190276835,0.0,3.0,0.42857142857142855,0.39285714285714285,0.9560445408144765,0.0,3.0,1.0909090909090908,0,263.26,0.0,0.0,False,False,False,False,False,True,False,True,False,False,False,False,False,False,False,False,False,False,False,False,False,False,False,False,False,False,False,False,False,False,False,False,False,False,True,False
USA,Air Fryer,2025-09-14,Home & Kitchen,0.0,263.26,,20.0,2.0,0.0,0.0,6,14,37,9,3,257,1,-0.7818314824680299,0.6234898018587334,-1.0,-1.8369701987210297e-16,0.0,1,0.0,1,0.0,1,0.0,1,0.42857142857142855,1.1338934190276835,0.0,3.0,0.21428571428571427,0.39285714285714285,0.9560445408144765,0.0,3.0,1.0909090909090908,0,263.26,0.0,0.0,False,False,False,False,False,True,False,True,False,False,False,False,False,False,False,False,False,False,False,False,False,False,False,False,False,False,False,False,False,False,False,False,False,False,True,False
USA,Air Fryer,2025-09-15,Home & Kitchen,0.0,263.26,,20.0,2.0,0.0,0.0,0,15,38,9,3,258,0,0.0,1.0,-1.0,-1.8369701987210297e-16,0.0,1,0.0,1,0.0,1,0.0,1,0.42857142857142855,1.1338934190276835,0.0,3.0,0.21428571428571427,0.39285714285714285,0.9560445408144765,0.0,3.0,1.0909090909090908,0,263.26,0.0,0.0,False,False,False,False,False,True,False,True,False,False,False,False,False,False,False,False,False,False,False,False,False,False,False,False,False,False,False,False,False,False,False,False,False,False,True,False
USA,Air Fryer,2025-09-16,Home & Kitchen,0.0,263.26,,20.0,2.0,0.0,0.0,1,16,38,9,3,259,0,0.7818314824680298,0.6234898018587336,-1.0,-1.8369701987210297e-16,0.0,1,0.0,1,0.0,1,0.0,1,0.42857142857142855,1.1338934190276835,0.0,3.0,0.21428571428571427,0.39285714285714285,0.9560445408144765,0.0,3.0,1.0909090909090908,0,263.26,0.0,0.0,False,False,False,False,False,True,False,True,False,False,False,False,False,False,False,False,False,False,False,False,False,False,False,False,False,False,False,False,False,False,False,False,False,False,True,False
USA,Air Fryer,2025-09-17,Home & Kitchen,0.0,263.26,,20.0,2.0,0.0,0.0,2,17,38,9,3,260,0,0.9749279121818236,-0.22252093395631434,-1.0,-1.8369701987210297e-16,0.0,1,0.0,1,0.0,1,1.0,1,0.42857142857142855,1.1338934190276835,0.0,3.0,0.21428571428571427,0.39285714285714285,0.9560445408144765,0.0,3.0,1.0909090909090908,0,263.26,0.0,0.0,False,False,False,False,False,True,False,True,False,False,False,False,False,False,False,False,False,False,False,False,False,False,False,False,False,False,False,False,False,False,False,False,False,False,True,False
USA,Air Fryer,2025-09-18,Home & Kitchen,0.0,263.26,,20.0,2.0,0.0,0.0,3,18,38,9,3,261,0,0.43388373911755823,-0.900968867902419,-1.0,-1.8369701987210297e-16,0.0,1,0.0,1,0.0,1,3.0,1,0.42857142857142855,1.1338934190276835,0.0,3.0,0.21428571428571427,0.35714285714285715,0.9511897312113415,0.0,3.0,1.2,0,263.26,0.0,0.0,False,False,False,False,False,True,False,True,False,False,False,False,False,False,False,False,False,False,False,False,False,False,False,False,False,False,False,False,False,False,False,False,False,False,True,False
USA,Air Fryer,2025-09-19,Home & Kitchen,0.0,263.26,,20.0,2.0,0.0,0.0,4,19,38,9,3,262,0,-0.433883739117558,-0.9009688679024191,-1.0,-1.8369701987210297e-16,0.0,1,3.0,1,0.0,1,0.0,1,0.42857142857142855,1.1338934190276835,0.0,3.0,0.21428571428571427,0.25,0.799305253885453,0.0,3.0,1.7142857142857142,0,263.26,0.0,0.0,False,False,False,False,False,True,False,True,False,False,False,False,False,False,False,False,False,False,False,False,False,False,False,False,False,False,False,False,False,False,False,False,False,False,True,False
USA,Air Fryer,2025-09-20,Home & Kitchen,0.0,263.26,,20.0,2.0,0.0,0.0,5,20,38,9,3,263,1,-0.9749279121818236,-0.2225209339563146,-1.0,-1.8369701987210297e-16,0.0,1,0.0,1,0.0,1,0.0,1,0.0,0.0,0.0,0.0,0.21428571428571427,0.25,0.799305253885453,0.0,3.0,0.0,0,263.26,0.0,0.0,False,False,False,False,False,True,False,True,False,False,False,False,False,False,False,False,False,False,False,False,False,False,False,False,False,False,False,False,False,False,False,False,False,False,True,False
USA,Air Fryer,2025-09-21,Home & Kitchen,0.0,263.26,,20.0,2.0,0.0,0.0,6,21,38,9,3,264,1,-0.7818314824680299,0.6234898018587334,-1.0,-1.8369701987210297e-16,0.0,1,0.0,1,0.0,1,0.0,1,0.0,0.0,0.0,0.0,0.21428571428571427,0.25,0.799305253885453,0.0,3.0,0.0,0,263.26,0.0,0.0,False,False,False,False,False,True,False,True,False,False,False,False,False,False,False,False,False,False,False,False,False,False,False,False,False,False,False,False,False,False,False,False,False,False,True,False
USA,Air Fryer,2025-09-22,Home & Kitchen,3.0,84.24,0.11,20.0,2.0,1.0,0.0,0,22,39,9,3,265,0,0.0,1.0,-1.0,-1.8369701987210297e-16,0.0,1,0.0,1,0.0,1,0.0,1,0.0,0.0,0.0,0.0,0.21428571428571427,0.25,0.799305253885453,0.0,3.0,0.0,1,263.26,-179.01999999999998,-0.6800121552837498,False,False,False,False,False,True,False,True,False,False,False,False,False,False,False,False,False,False,False,False,False,False,False,False,False,False,False,False,False,False,False,False,False,False,True,False
USA,Air Fryer,2025-09-23,Home & Kitchen,3.0,235.77,0.05,20.0,2.0,1.0,0.0,1,23,39,9,3,266,0,0.7818314824680298,0.6234898018587336,-1.0,-1.8369701987210297e-16,3.0,1,0.0,1,0.0,1,0.0,1,0.42857142857142855,1.1338934190276835,0.0,3.0,0.42857142857142855,0.35714285714285715,0.9511897312113415,0.0,3.0,1.2,1,84.24,151.53000000000003,1.7987891737891744,False,False,False,False,False,True,False,True,False,False,False,False,False,False,False,False,False,False,False,False,False,False,False,False,False,False,False,False,False,False,False,False,False,False,True,False
USA,Air Fryer,2025-09-24,Home & Kitchen,0.0,235.77,,20.0,2.0,0.0,0.0,2,24,39,9,3,267,0,0.9749279121818236,-0.22252093395631434,-1.0,-1.8369701987210297e-16,3.0,1,0.0,1,0.0,1,0.0,1,0.8571428571428571,1.463850109422801,0.0,3.0,0.6428571428571429,0.4642857142857143,1.0708993401928102,0.0,3.0,1.846153846153846,0,235.77,0.0,0.0,False,False,False,False,False,True,False,True,False,False,False,False,False,False,False,False,False,False,False,False,False,False,False,False,False,False,False,False,False,False,False,False,False,False,True,False
USA,Air Fryer,2025-09-25,Home & Kitchen,0.0,235.77,,20.0,2.0,0.0,0.0,3,25,39,9,3,268,0,0.43388373911755823,-0.900968867902419,-1.0,-1.8369701987210297e-16,0.0,1,0.0,1,0.0,1,1.0,1,0.8571428571428571,1.463850109422801,0.0,3.0,0.6428571428571429,0.4642857142857143,1.0708993401928102,0.0,3.0,1.846153846153846,0,235.77,0.0,0.0,False,False,False,False,False,True,False,True,False,False,False,False,False,False,False,False,False,False,False,False,False,False,False,False,False,False,False,False,False,False,False,False,False,False,True,False
USA,Air Fryer,2025-09-26,Home & Kitchen,0.0,235.77,,20.0,2.0,0.0,0.0,4,26,39,9,3,269,0,-0.433883739117558,-0.9009688679024191,-1.0,-1.8369701987210297e-16,0.0,1,0.0,1,3.0,1,0.0,1,0.8571428571428571,1.463850109422801,0.0,3.0,0.6428571428571429,0.42857142857142855,1.0690449676496971,0.0,3.0,2.0,0,235.77,0.0,0.0,False,False,False,False,False,True,False,True,False,False,False,False,False,False,False,False,False,False,False,False,False,False,False,False,False,False,False,False,False,False,False,False,False,False,True,False
USA,Air Fryer,2025-09-27,Home & Kitchen,0.0,235.77,,20.0,2.0,0.0,0.0,5,27,39,9,3,270,1,-0.9749279121818236,-0.2225209339563146,-1.0,-1.8369701987210297e-16,0.0,1,0.0,1,0.0,1,3.0,1,0.8571428571428571,1.463850109422801,0.0,3.0,0.42857142857142855,0.42857142857142855,1.0690449676496971,0.0,3.0,2.0,0,235.77,0.0,0.0,False,False,False,False,False,True,False,True,False,False,False,False,False,False,False,False,False,False,False,False,False,False,False,False,False,False,False,False,False,False,False,False,False,False,True,False
USA,Air Fryer,2025-09-28,Home & Kitchen,0.0,235.77,,20.0,2.0,0.0,0.0,6,28,39,9,3,271,1,-0.7818314824680299,0.6234898018587334,-1.0,-1.8369701987210297e-16,0.0,1,0.0,1,0.0,1,0.0,1,0.8571428571428571,1.463850109422801,0.0,3.0,0.42857142857142855,0.32142857142857145,0.9449111825230678,0.0,3.0,2.6666666666666665,0,235.77,0.0,0.0,False,False,False,False,False,True,False,True,False,False,False,False,False,False,False,False,False,False,False,False,False,False,False,False,False,False,False,False,False,False,False,False,False,False,True,False
USA,Air Fryer,2025-09-29,Home & Kitchen,0.0,235.77,,20.0,2.0,0.0,0.0,0,29,40,9,3,272,0,0.0,1.0,-1.0,-1.8369701987210297e-16,0.0,1,3.0,1,0.0,1,0.0,1,0.8571428571428571,1.463850109422801,0.0,3.0,0.42857142857142855,0.32142857142857145,0.9449111825230678,0.0,3.0,2.6666666666666665,0,235.77,0.0,0.0,False,False,False,False,False,True,False,True,False,False,False,False,False,False,False,False,False,False,False,False,False,False,False,False,False,False,False,False,False,False,False,False,False,False,True,False
USA,Air Fryer,2025-09-30,Home & Kitchen,2.0,113.54,0.09,20.0,2.0,1.0,0.0,1,30,40,9,3,273,0,0.7818314824680298,0.6234898018587336,-1.0,-1.8369701987210297e-16,0.0,1,3.0,1,0.0,1,0.0,1,0.42857142857142855,1.1338934190276835,0.0,3.0,0.42857142857142855,0.32142857142857145,0.9449111825230678,0.0,3.0,1.3333333333333333,1,235.77,-122.23,-0.5184289773932222,False,False,False,False,False,True,False,True,False,False,False,False,False,False,False,False,False,False,False,False,False,False,False,False,False,False,False,False,False,False,False,False,False,False,True,False
USA,Air Fryer,2025-10-01,Home & Kitchen,0.0,113.54,,20.0,2.0,0.0,0.0,2,1,40,10,4,274,0,0.9749279121818236,-0.22252093395631434,-0.8660254037844386,0.5000000000000001,2.0,1,0.0,1,0.0,1,0.0,1,0.2857142857142857,0.7559289460184572,0.0,2.0,0.5714285714285714,0.39285714285714285,0.9940297973880046,0.0,3.0,0.7272727272727273,0,113.54,0.0,0.0,False,False,False,False,False,True,False,True,False,False,False,False,False,False,False,False,False,False,False,False,False,False,False,False,False,False,False,False,False,False,False,False,False,False,True,False
USA,Air Fryer,2025-10-02,Home & Kitchen,0.0,113.54,,20.0,2.0,0.0,0.0,3,2,40,10,4,275,0,0.43388373911755823,-0.900968867902419,-0.8660254037844386,0.5000000000000001,0.0,1,0.0,1,0.0,1,0.0,1,0.2857142857142857,0.7559289460184572,0.0,2.0,0.5714285714285714,0.39285714285714285,0.9940297973880046,0.0,3.0,0.7272727272727273,0,113.54,0.0,0.0,False,False,False,False,False,True,False,True,False,False,False,False,False,False,False,False,False,False,False,False,False,False,False,False,False,False,False,False,False,False,False,False,False,False,True,False
USA,Air Fryer,2025-10-03,Home & Kitchen,0.0,113.54,,20.0,2.0,0.0,0.0,4,3,40,10,4,276,0,-0.433883739117558,-0.9009688679024191,-0.8660254037844386,0.5000000000000001,0.0,1,0.0,1,0.0,1,0.0,1,0.2857142857142857,0.7559289460184572,0.0,2.0,0.5714285714285714,0.39285714285714285,0.9940297973880046,0.0,3.0,0.7272727272727273,0,113.54,0.0,0.0,False,False,False,False,False,True,False,True,False,False,False,False,False,False,False,False,False,False,False,False,False,False,False,False,False,False,False,False,False,False,False,False,False,False,True,False
USA,Air Fryer,2025-10-04,Home & Kitchen,0.0,113.54,,20.0,2.0,0.0,0.0,5,4,40,10,4,277,1,-0.9749279121818236,-0.2225209339563146,-0.8660254037844386,0.5000000000000001,0.0,1,0.0,1,0.0,1,0.0,1,0.2857142857142857,0.7559289460184572,0.0,2.0,0.5714285714285714,0.39285714285714285,0.9940297973880046,0.0,3.0,0.7272727272727273,0,113.54,0.0,0.0,False,False,False,False,False,True,False,True,False,False,False,False,False,False,False,False,False,False,False,False,False,False,False,False,False,False,False,False,False,False,False,False,False,False,True,False
USA,Air Fryer,2025-10-05,Home & Kitchen,0.0,113.54,,20.0,2.0,0.0,0.0,6,5,40,10,4,278,1,-0.7818314824680299,0.6234898018587334,-0.8660254037844386,0.5000000000000001,0.0,1,0.0,1,0.0,1,0.0,1,0.2857142857142857,0.7559289460184572,0.0,2.0,0.5714285714285714,0.39285714285714285,0.9940297973880046,0.0,3.0,0.7272727272727273,0,113.54,0.0,0.0,False,False,False,False,False,True,False,True,False,False,False,False,False,False,False,False,False,False,False,False,False,False,False,False,False,False,False,False,False,False,False,False,False,False,True,False
USA,Air Fryer,2025-10-06,Home & Kitchen,0.0,113.54,,20.0,2.0,0.0,0.0,0,6,41,10,4,279,0,0.0,1.0,-0.8660254037844386,0.5000000000000001,0.0,1,0.0,1,3.0,1,0.0,1,0.2857142857142857,0.7559289460184572,0.0,2.0,0.5714285714285714,0.39285714285714285,0.9940297973880046,0.0,3.0,0.7272727272727273,0,113.54,0.0,0.0,False,False,False,False,False,True,False,True,False,False,False,False,False,False,False,False,False,False,False,False,False,False,False,False,False,False,False,False,False,False,False,False,False,False,True,False
USA,Air Fryer,2025-10-07,Home & Kitchen,0.0,113.54,,20.0,2.0,0.0,0.0,1,7,41,10,4,280,0,0.7818314824680298,0.6234898018587336,-0.8660254037844386,0.5000000000000001,0.0,1,2.0,1,3.0,1,0.0,1,0.2857142857142857,0.7559289460184572,0.0,2.0,0.35714285714285715,0.39285714285714285,0.9940297973880046,0.0,3.0,0.7272727272727273,0,113.54,0.0,0.0,False,False,False,False,False,True,False,True,False,False,False,False,False,False,False,False,False,False,False,False,False,False,False,False,False,False,False,False,False,False,False,False,False,False,True,False
USA,Air Fryer,2025-10-08,Home & Kitchen,0.0,113.54,,20.0,2.0,0.0,0.0,2,8,41,10,4,281,0,0.9749279121818236,-0.22252093395631434,-0.8660254037844386,0.5000000000000001,0.0,1,0.0,1,0.0,1,0.0,1,0.0,0.0,0.0,0.0,0.14285714285714285,0.39285714285714285,0.9940297973880046,0.0,3.0,0.0,0,113.54,0.0,0.0,False,False,False,False,False,True,False,True,False,False,False,False,False,False,False,False,False,False,False,False,False,False,False,False,False,False,False,False,False,False,False,False,False,False,True,False
USA,Air Fryer,2025-10-09,Home & Kitchen,0.0,113.54,,20.0,2.0,0.0,0.0,3,9,41,10,4,282,0,0.43388373911755823,-0.900968867902419,-0.8660254037844386,0.5000000000000001,0.0,1,0.0,1,0.0,1,0.0,1,0.0,0.0,0.0,0.0,0.14285714285714285,0.39285714285714285,0.9940297973880046,0.0,3.0,0.0,0,113.54,0.0,0.0,False,False,False,False,False,True,False,True,False,False,False,False,False,False,False,False,False,False,False,False,False,False,False,False,False,False,False,False,False,False,False,False,False,False,True,False
USA,Air Fryer,2025-10-10,Home & Kitchen,0.0,113.54,,20.0,2.0,0.0,0.0,4,10,41,10,4,283,0,-0.433883739117558,-0.9009688679024191,-0.8660254037844386,0.5000000000000001,0.0,1,0.0,1,0.0,1,3.0,1,0.0,0.0,0.0,0.0,0.14285714285714285,0.39285714285714285,0.9940297973880046,0.0,3.0,0.0,0,113.54,0.0,0.0,False,False,False,False,False,True,False,True,False,False,False,False,False,False,False,False,False,False,False,False,False,False,False,False,False,False,False,False,False,False,False,False,False,False,True,False
USA,Air Fryer,2025-10-11,Home & Kitchen,0.0,113.54,,20.0,2.0,0.0,0.0,5,11,41,10,4,284,1,-0.9749279121818236,-0.2225209339563146,-0.8660254037844386,0.5000000000000001,0.0,1,0.0,1,0.0,1,0.0,1,0.0,0.0,0.0,0.0,0.14285714285714285,0.2857142857142857,0.8544932592822074,0.0,3.0,0.0,0,113.54,0.0,0.0,False,False,False,False,False,True,False,True,False,False,False,False,False,False,False,False,False,False,False,False,False,False,False,False,False,False,False,False,False,False,False,False,False,False,True,False
USA,Air Fryer,2025-10-12,Home & Kitchen,0.0,113.54,,20.0,2.0,0.0,0.0,6,12,41,10,4,285,1,-0.7818314824680299,0.6234898018587334,-0.8660254037844386,0.5000000000000001,0.0,1,0.0,1,0.0,1,0.0,1,0.0,0.0,0.0,0.0,0.14285714285714285,0.2857142857142857,0.8544932592822074,0.0,3.0,0.0,0,113.54,0.0,0.0,False,False,False,False,False,True,False,True,False,False,False,False,False,False,False,False,False,False,False,False,False,False,False,False,False,False,False,False,False,False,False,False,False,False,True,False
USA,Air Fryer,2025-10-13,Home & Kitchen,0.0,113.54,,20.0,2.0,0.0,0.0,0,13,42,10,4,286,0,0.0,1.0,-0.8660254037844386,0.5000000000000001,0.0,1,0.0,1,0.0,1,0.0,1,0.0,0.0,0.0,0.0,0.14285714285714285,0.2857142857142857,0.8544932592822074,0.0,3.0,0.0,0,113.54,0.0,0.0,False,False,False,False,False,True,False,True,False,False,False,False,False,False,False,False,False,False,False,False,False,False,False,False,False,False,False,False,False,False,False,False,False,False,True,False
USA,Air Fryer,2025-10-14,Home & Kitchen,0.0,113.54,,20.0,2.0,0.0,0.0,1,14,42,10,4,287,0,0.7818314824680298,0.6234898018587336,-0.8660254037844386,0.5000000000000001,0.0,1,0.0,1,2.0,1,0.0,1,0.0,0.0,0.0,0.0,0.14285714285714285,0.2857142857142857,0.8544932592822074,0.0,3.0,0.0,0,113.54,0.0,0.0,False,False,False,False,False,True,False,True,False,False,False,False,False,False,False,False,False,False,False,False,False,False,False,False,False,False,False,False,False,False,False,False,False,False,True,False
USA,Air Fryer,2025-10-15,Home & Kitchen,0.0,113.54,,20.0,2.0,0.0,0.0,2,15,42,10,4,288,0,0.9749279121818236,-0.22252093395631434,-0.8660254037844386,0.5000000000000001,0.0,1,0.0,1,0.0,1,0.0,1,0.0,0.0,0.0,0.0,0.0,0.2857142857142857,0.8544932592822074,0.0,3.0,0.0,0,113.54,0.0,0.0,False,False,False,False,False,True,False,True,False,False,False,False,False,False,False,False,False,False,False,False,False,False,False,False,False,False,False,False,False,False,False,False,False,False,True,False
USA,Air Fryer,2025-10-16,Home & Kitchen,0.0,113.54,,20.0,2.0,0.0,0.0,3,16,42,10,4,289,0,0.43388373911755823,-0.900968867902419,-0.8660254037844386,0.5000000000000001,0.0,1,0.0,1,0.0,1,0.0,1,0.0,0.0,0.0,0.0,0.0,0.2857142857142857,0.8544932592822074,0.0,3.0,0.0,0,113.54,0.0,0.0,False,False,False,False,False,True,False,True,False,False,False,False,False,False,False,False,False,False,False,False,False,False,False,False,False,False,False,False,False,False,False,False,False,False,True,False
USA,Air Fryer,2025-10-17,Home & Kitchen,0.0,113.54,,20.0,2.0,0.0,0.0,4,17,42,10,4,290,0,-0.433883739117558,-0.9009688679024191,-0.8660254037844386,0.5000000000000001,0.0,1,0.0,1,0.0,1,0.0,1,0.0,0.0,0.0,0.0,0.0,0.2857142857142857,0.8544932592822074,0.0,3.0,0.0,0,113.54,0.0,0.0,False,False,False,False,False,True,False,True,False,False,False,False,False,False,False,False,False,False,False,False,False,False,False,False,False,False,False,False,False,False,False,False,False,False,True,False
USA,Air Fryer,2025-10-18,Home & Kitchen,0.0,113.54,,20.0,2.0,0.0,0.0,5,18,42,10,4,291,1,-0.9749279121818236,-0.2225209339563146,-0.8660254037844386,0.5000000000000001,0.0,1,0.0,1,0.0,1,0.0,1,0.0,0.0,0.0,0.0,0.0,0.2857142857142857,0.8544932592822074,0.0,3.0,0.0,0,113.54,0.0,0.0,False,False,False,False,False,True,False,True,False,False,False,False,False,False,False,False,False,False,False,False,False,False,False,False,False,False,False,False,False,False,False,False,False,False,True,False
USA,Air Fryer,2025-10-19,Home & Kitchen,0.0,113.54,,20.0,2.0,0.0,0.0,6,19,42,10,4,292,1,-0.7818314824680299,0.6234898018587334,-0.8660254037844386,0.5000000000000001,0.0,1,0.0,1,0.0,1,0.0,1,0.0,0.0,0.0,0.0,0.0,0.2857142857142857,0.8544932592822074,0.0,3.0,0.0,0,113.54,0.0,0.0,False,False,False,False,False,True,False,True,False,False,False,False,False,False,False,False,False,False,False,False,False,False,False,False,False,False,False,False,False,False,False,False,False,False,True,False
USA,Air Fryer,2025-10-20,Home & Kitchen,3.0,42.36,0.11,20.0,2.0,1.0,0.0,0,20,43,10,4,293,0,0.0,1.0,-0.8660254037844386,0.5000000000000001,0.0,1,0.0,1,0.0,1,3.0,1,0.0,0.0,0.0,0.0,0.0,0.2857142857142857,0.8544932592822074,0.0,3.0,0.0,1,113.54,-71.18,-0.6269156244495332,False,False,False,False,False,True,False,True,False,False,False,False,False,False,False,False,False,False,False,False,False,False,False,False,False,False,False,False,False,False,False,False,False,False,True,False
USA,Air Fryer,2025-10-21,Home & Kitchen,0.0,42.36,,20.0,2.0,0.0,0.0,1,21,43,10,4,294,0,0.7818314824680298,0.6234898018587336,-0.8660254037844386,0.5000000000000001,3.0,1,0.0,1,0.0,1,3.0,1,0.42857142857142855,1.1338934190276835,0.0,3.0,0.21428571428571427,0.2857142857142857,0.8544932592822074,0.0,3.0,1.5,0,42.36,0.0,0.0,False,False,False,False,False,True,False,True,False,False,False,False,False,False,False,False,False,False,False,False,False,False,False,False,False,False,False,False,False,False,False,False,False,False,True,False
USA,Air Fryer,2025-10-22,Home & Kitchen,2.0,167.25,0.07,20.0,2.0,1.0,0.0,2,22,43,10,4,295,0,0.9749279121818236,-0.22252093395631434,-0.8660254037844386,0.5000000000000001,0.0,1,0.0,1,0.0,1,0.0,1,0.42857142857142855,1.1338934190276835,0.0,3.0,0.21428571428571427,0.17857142857142858,0.6696362433535825,0.0,3.0,2.4,1,42.36,124.89,2.948300283286119,False,False,False,False,False,True,False,True,False,False,False,False,False,False,False,False,False,False,False,False,False,False,False,False,False,False,False,False,False,False,False,False,False,False,True,False
USA,Air Fryer,2025-10-23,Home & Kitchen,0.0,167.25,,20.0,2.0,0.0,0.0,3,23,43,10,4,296,0,0.43388373911755823,-0.900968867902419,-0.8660254037844386,0.5000000000000001,2.0,1,0.0,1,0.0,1,0.0,1,0.7142857142857143,1.253566341056019,0.0,3.0,0.35714285714285715,0.25,0.7515416254704822,0.0,3.0,2.857142857142857,0,167.25,0.0,0.0,False,False,False,False,False,True,False,True,False,False,False,False,False,False,False,False,False,False,False,False,False,False,False,False,False,False,False,False,False,False,False,False,False,False,True,False
USA,Air Fryer,2025-10-24,Home & Kitchen,0.0,167.25,,20.0,2.0,0.0,0.0,4,24,43,10,4,297,0,-0.433883739117558,-0.9009688679024191,-0.8660254037844386,0.5000000000000001,0.0,1,0.0,1,0.0,1,0.0,1,0.7142857142857143,1.253566341056019,0.0,3.0,0.35714285714285715,0.25,0.7515416254704822,0.0,3.0,2.857142857142857,0,167.25,0.0,0.0,False,False,False,False,False,True,False,True,False,False,False,False,False,False,False,False,False,False,False,False,False,False,False,False,False,False,False,False,False,False,False,False,False,False,True,False
USA,Air Fryer,2025-10-25,Home & Kitchen,0.0,167.25,,20.0,2.0,0.0,0.0,5,25,43,10,4,298,1,-0.9749279121818236,-0.2225209339563146,-0.8660254037844386,0.5000000000000001,0.0,1,0.0,1,0.0,1,0.0,1,0.7142857142857143,1.253566341056019,0.0,3.0,0.35714285714285715,0.25,0.7515416254704822,0.0,3.0,2.857142857142857,0,167.25,0.0,0.0,False,False,False,False,False,True,False,True,False,False,False,False,False,False,False,False,False,False,False,False,False,False,False,False,False,False,False,False,False,False,False,False,False,False,True,False
USA,Air Fryer,2025-10-26,Home & Kitchen,0.0,167.25,,20.0,2.0,0.0,0.0,6,26,43,10,4,299,1,-0.7818314824680299,0.6234898018587334,-0.8660254037844386,0.5000000000000001,0.0,1,0.0,1,0.0,1,0.0,1,0.7142857142857143,1.253566341056019,0.0,3.0,0.35714285714285715,0.25,0.7515416254704822,0.0,3.0,2.857142857142857,0,167.25,0.0,0.0,False,False,False,False,False,True,False,True,False,False,False,False,False,False,False,False,False,False,False,False,False,False,False,False,False,False,False,False,False,False,False,False,False,False,True,False
USA,Air Fryer,2025-10-27,Home & Kitchen,0.0,167.25,,20.0,2.0,0.0,0.0,0,27,44,10,4,300,0,0.0,1.0,-0.8660254037844386,0.5000000000000001,0.0,1,3.0,1,0.0,1,0.0,1,0.7142857142857143,1.253566341056019,0.0,3.0,0.35714285714285715,0.25,0.7515416254704822,0.0,3.0,2.857142857142857,0,167.25,0.0,0.0,False,False,False,False,False,True,False,True,False,False,False,False,False,False,False,False,False,False,False,False,False,False,False,False,False,False,False,False,False,False,False,False,False,False,True,False
USA,Air Fryer,2025-10-28,Home & Kitchen,0.0,167.25,,20.0,2.0,0.0,0.0,1,28,44,10,4,301,0,0.7818314824680298,0.6234898018587336,-0.8660254037844386,0.5000000000000001,0.0,1,0.0,1,0.0,1,2.0,1,0.2857142857142857,0.7559289460184571,0.0,2.0,0.35714285714285715,0.25,0.7515416254704822,0.0,3.0,1.1428571428571428,0,167.25,0.0,0.0,False,False,False,False,False,True,False,True,False,False,False,False,False,False,False,False,False,False,False,False,False,False,False,False,False,False,False,False,False,False,False,False,False,False,True,False
USA,Air Fryer,2025-10-29,Home & Kitchen,2.0,45.52,0.06,20.0,2.0,1.0,0.0,2,29,44,10,4,302,0,0.9749279121818236,-0.22252093395631434,-0.8660254037844386,0.5000000000000001,0.0,1,2.0,1,0.0,1,0.0,1,0.2857142857142857,0.7559289460184571,0.0,2.0,0.35714285714285715,0.17857142857142858,0.6696362433535825,0.0,3.0,1.5999999999999999,1,167.25,-121.72999999999999,-0.7278325859491778,False,False,False,False,False,True,False,True,False,False,False,False,False,False,False,False,False,False,False,False,False,False,False,False,False,False,False,False,False,False,False,False,False,False,True,False
USA,Air Fryer,2025-10-30,Home & Kitchen,0.0,45.52,,20.0,2.0,0.0,0.0,3,30,44,10,4,303,0,0.43388373911755823,-0.900968867902419,-0.8660254037844386,0.5000000000000001,2.0,1,0.0,1,0.0,1,0.0,1,0.2857142857142857,0.7559289460184571,0.0,2.0,0.5,0.25,0.7515416254704822,0.0,3.0,1.1428571428571428,0,45.52,0.0,0.0,False,False,False,False,False,True,False,True,False,False,False,False,False,False,False,False,False,False,False,False,False,False,False,False,False,False,False,False,False,False,False,False,False,False,True,False
USA,Air Fryer,2025-10-31,Home & Kitchen,0.0,45.52,,20.0,2.0,0.0,0.0,4,31,44,10,4,304,0,-0.433883739117558,-0.9009688679024191,-0.8660254037844386,0.5000000000000001,0.0,1,0.0,1,0.0,1,0.0,1,0.2857142857142857,0.7559289460184571,0.0,2.0,0.5,0.25,0.7515416254704822,0.0,3.0,1.1428571428571428,0,45.52,0.0,0.0,False,False,False,False,False,True,False,True,False,False,False,False,False,False,False,False,False,False,False,False,False,False,False,False,False,False,False,False,False,False,False,False,False,False,True,False
USA,Air Fryer,2025-11-01,Home & Kitchen,0.0,45.52,,20.0,2.0,0.0,0.0,5,1,44,11,4,305,1,-0.9749279121818236,-0.2225209339563146,-0.5000000000000004,0.8660254037844384,0.0,1,0.0,1,0.0,1,0.0,1,0.2857142857142857,0.7559289460184571,0.0,2.0,0.5,0.25,0.7515416254704822,0.0,3.0,1.1428571428571428,0,45.52,0.0,0.0,False,False,False,False,False,True,False,True,False,False,False,False,False,False,False,False,False,False,False,False,False,False,False,False,False,False,False,False,False,False,False,False,False,False,True,False
USA,Air Fryer,2025-11-02,Home & Kitchen,0.0,45.52,,20.0,2.0,0.0,0.0,6,2,44,11,4,306,1,-0.7818314824680299,0.6234898018587334,-0.5000000000000004,0.8660254037844384,0.0,1,0.0,1,0.0,1,0.0,1,0.2857142857142857,0.7559289460184571,0.0,2.0,0.5,0.25,0.7515416254704822,0.0,3.0,1.1428571428571428,0,45.52,0.0,0.0,False,False,False,False,False,True,False,True,False,False,False,False,False,False,False,False,False,False,False,False,False,False,False,False,False,False,False,False,False,False,False,False,False,False,True,False
USA,Air Fryer,2025-11-03,Home & Kitchen,0.0,45.52,,20.0,2.0,0.0,0.0,0,3,45,11,4,307,0,0.0,1.0,-0.5000000000000004,0.8660254037844384,0.0,1,0.0,1,3.0,1,0.0,1,0.2857142857142857,0.7559289460184571,0.0,2.0,0.5,0.25,0.7515416254704822,0.0,3.0,1.1428571428571428,0,45.52,0.0,0.0,False,False,False,False,False,True,False,True,False,False,False,False,False,False,False,False,False,False,False,False,False,False,False,False,False,False,False,False,False,False,False,False,False,False,True,False
USA,Air Fryer,2025-11-04,Home & Kitchen,0.0,45.52,,20.0,2.0,0.0,0.0,1,4,45,11,4,308,0,0.7818314824680298,0.6234898018587336,-0.5000000000000004,0.8660254037844384,0.0,1,0.0,1,0.0,1,0.0,1,0.2857142857142857,0.7559289460184571,0.0,2.0,0.2857142857142857,0.25,0.7515416254704822,0.0,3.0,1.1428571428571428,0,45.52,0.0,0.0,False,False,False,False,False,True,False,True,False,False,False,False,False,False,False,False,False,False,False,False,False,False,False,False,False,False,False,False,False,False,False,False,False,False,True,False
USA,Air Fryer,2025-11-05,Home & Kitchen,0.0,45.52,,20.0,2.0,0.0,0.0,2,5,45,11,4,309,0,0.9749279121818236,-0.22252093395631434,-0.5000000000000004,0.8660254037844384,0.0,1,2.0,1,2.0,1,0.0,1,0.2857142857142857,0.7559289460184571,0.0,2.0,0.2857142857142857,0.25,0.7515416254704822,0.0,3.0,1.1428571428571428,0,45.52,0.0,0.0,False,False,False,False,False,True,False,True,False,False,False,False,False,False,False,False,False,False,False,False,False,False,False,False,False,False,False,False,False,False,False,False,False,False,True,False
USA,Air Fryer,2025-11-06,Home & Kitchen,0.0,45.52,,20.0,2.0,0.0,0.0,3,6,45,11,4,310,0,0.43388373911755823,-0.900968867902419,-0.5000000000000004,0.8660254037844384,0.0,1,0.0,1,0.0,1,0.0,1,0.0,0.0,0.0,0.0,0.14285714285714285,0.25,0.7515416254704822,0.0,3.0,0.0,0,45.52,0.0,0.0,False,False,False,False,False,True,False,True,False,False,False,False,False,False,False,False,False,False,False,False,False,False,False,False,False,False,False,False,False,False,False,False,False,False,True,False
USA,Air Fryer,2025-11-07,Home & Kitchen,4.0,68.7,0.29,20.0,2.0,1.0,0.0,4,7,45,11,4,311,0,-0.433883739117558,-0.9009688679024191,-0.5000000000000004,0.8660254037844384,0.0,1,0.0,1,0.0,1,0.0,1,0.0,0.0,0.0,0.0,0.14285714285714285,0.25,0.7515416254704822,0.0,3.0,0.0,1,45.52,23.18,0.5092267135325131,False,False,False,False,False,True,False,True,False,False,False,False,False,False,False,False,False,False,False,False,False,False,False,False,False,False,False,False,False,False,False,False,False,False,True,False
USA,Air Fryer,2025-11-08,Home & Kitchen,0.0,68.7,,20.0,2.0,0.0,0.0,5,8,45,11,4,312,1,-0.9749279121818236,-0.2225209339563146,-0.5000000000000004,0.8660254037844384,4.0,1,0.0,1,0.0,1,0.0,1,0.5714285714285714,1.5118578920369101,0.0,4.0,0.42857142857142855,0.39285714285714285,1.0306159867619518,0.0,4.0,1.4545454545454546,0,68.7,0.0,0.0,False,False,False,False,False,True,False,True,False,False,False,False,False,False,False,False,False,False,False,False,False,False,False,False,False,False,False,False,False,False,False,False,False,False,True,False
USA,Air Fryer,2025-11-09,Home & Kitchen,0.0,68.7,,20.0,2.0,0.0,0.0,6,9,45,11,4,313,1,-0.7818314824680299,0.6234898018587334,-0.5000000000000004,0.8660254037844384,0.0,1,0.0,1,0.0,1,0.0,1,0.5714285714285714,1.5118578920369101,0.0,4.0,0.42857142857142855,0.39285714285714285,1.0306159867619518,0.0,4.0,1.4545454545454546,0,68.7,0.0,0.0,False,False,False,False,False,True,False,True,False,False,False,False,False,False,False,False,False,False,False,False,False,False,False,False,False,False,False,False,False,False,False,False,False,False,True,False
USA,Air Fryer,2025-11-10,Home & Kitchen,6.0,122.41499999999999,0.29,20.0,2.0,1.0,1.0,0,10,46,11,4,314,0,0.0,1.0,-0.5000000000000004,0.8660254037844384,0.0,1,0.0,1,0.0,1,0.0,1,0.5714285714285714,1.5118578920369101,0.0,4.0,0.42857142857142855,0.39285714285714285,1.0306159867619518,0.0,4.0,1.4545454545454546,1,68.7,53.71499999999999,0.7818777292576418,False,False,False,False,False,True,False,True,False,False,False,False,False,False,False,False,False,False,False,False,False,False,False,False,False,False,False,False,False,False,False,False,False,False,True,False
USA,Air Fryer,2025-11-11,Home & Kitchen,2.0,130.87,0.24,20.0,2.0,1.0,0.0,1,11,46,11,4,315,0,0.7818314824680298,0.6234898018587336,-0.5000000000000004,0.8660254037844384,6.0,1,0.0,1,0.0,1,0.0,1,1.4285714285714286,2.5071326821120357,0.0,6.0,0.8571428571428571,0.6071428571428571,1.4742050139924305,0.0,6.0,2.3529411764705883,1,122.41499999999999,8.455000000000013,0.06906833312911011,False,False,False,False,False,True,False,True,False,False,False,False,False,False,False,False,False,False,False,False,False,False,False,False,False,False,False,False,False,False,False,False,False,False,True,False
USA,Air Fryer,2025-11-12,Home & Kitchen,2.0,95.66,0.18,20.0,2.0,1.0,0.0,2,12,46,11,4,316,0,0.9749279121818236,-0.22252093395631434,-0.5000000000000004,0.8660254037844384,2.0,1,0.0,1,2.0,1,0.0,1,1.7142857142857142,2.4299715851758243,0.0,6.0,1.0,0.6785714285714286,1.4920423841803137,0.0,6.0,2.526315789473684,1,130.87,-35.21000000000001,-0.2690456177886453,False,False,False,False,False,True,False,True,False,False,False,False,False,False,False,False,False,False,False,False,False,False,False,False,False,False,False,False,False,False,False,False,False,False,True,False
USA,Air Fryer,2025-11-13,Home & Kitchen,2.0,290.81,0.21,20.0,2.0,1.0,0.0,3,13,46,11,4,317,0,0.43388373911755823,-0.900968867902419,-0.5000000000000004,0.8660254037844384,2.0,1,0.0,1,0.0,1,0.0,1,2.0,2.309401076758504,0.0,6.0,1.0,0.75,1.5061601901917727,0.0,6.0,2.6666666666666665,1,95.66,195.15,2.0400376332845496,False,False,False,False,False,True,False,True,False,False,False,False,False,False,False,False,False,False,False,False,False,False,False,False,False,False,False,False,False,False,False,False,False,False,True,False
USA,Air Fryer,2025-11-14,Home & Kitchen,0.0,290.81,,20.0,2.0,0.0,0.0,4,14,46,11,4,318,0,-0.433883739117558,-0.9009688679024191,-0.5000000000000004,0.8660254037844384,2.0,1,4.0,1,0.0,1,0.0,1,2.2857142857142856,2.138089935299396,0.0,6.0,1.1428571428571428,0.8214285714285714,1.5166623059417508,0.0,6.0,2.782608695652174,0,290.81,0.0,0.0,False,False,False,False,False,True,False,True,False,False,False,False,False,False,False,False,False,False,False,False,False,False,False,False,False,False,False,False,False,False,False,False,False,False,True,False
USA,Air Fryer,2025-11-15,Home & Kitchen,3.0,182.85,0.19,20.0,2.0,1.0,0.0,5,15,46,11,4,319,1,-0.9749279121818236,-0.2225209339563146,-0.5000000000000004,0.8660254037844384,0.0,1,0.0,1,0.0,1,0.0,1,1.7142857142857142,2.138089935299396,0.0,6.0,1.1428571428571428,0.8214285714285714,1.5166623059417508,0.0,6.0,2.0869565217391304,1,290.81,-107.96000000000001,-0.3712389532684571,False,False,False,False,False,True,False,True,False,False,False,False,False,False,False,False,False,False,False,False,False,False,False,False,False,False,False,False,False,False,False,False,False,False,True,False
USA,Air Fryer,2025-11-16,Home & Kitchen,0.0,182.85,,20.0,2.0,0.0,0.0,6,16,46,11,4,320,1,-0.7818314824680299,0.6234898018587334,-0.5000000000000004,0.8660254037844384,3.0,1,0.0,1,0.0,1,0.0,1,2.142857142857143,2.0354009783964306,0.0,6.0,1.3571428571428572,0.9285714285714286,1.5617789341495927,0.0,6.0,2.3076923076923075,0,182.85,0.0,0.0,False,False,False,False,False,True,False,True,False,False,False,False,False,False,False,False,False,False,False,False,False,False,False,False,False,False,False,False,False,False,False,False,False,False,True,False
USA,Air Fryer,2025-11-17,Home & Kitchen,0.0,182.85,,20.0,2.0,0.0,0.0,0,17,47,11,4,321,0,0.0,1.0,-0.5000000000000004,0.8660254037844384,0.0,1,6.0,1,0.0,1,3.0,1,2.142857142857143,2.0354009783964306,0.0,6.0,1.3571428571428572,0.9285714285714286,1.5617789341495927,0.0,6.0,2.3076923076923075,0,182.85,0.0,0.0,False,False,False,False,False,True,False,True,False,False,False,False,False,False,False,False,False,False,False,False,False,False,False,False,False,False,False,False,False,False,False,False,False,False,True,False
USA,Air Fryer,2025-11-18,Home & Kitchen,0.0,182.85,,20.0,2.0,0.0,0.0,1,18,47,11,4,322,0,0.7818314824680298,0.6234898018587336,-0.5000000000000004,0.8660254037844384,0.0,1,2.0,1,0.0,1,0.0,1,1.2857142857142858,1.2535663410560194,0.0,3.0,1.3571428571428572,0.8214285714285714,1.5166623059417508,0.0,6.0,1.565217391304348,0,182.85,0.0,0.0,False,False,False,False,False,True,False,True,False,False,False,False,False,False,False,False,False,False,False,False,False,False,False,False,False,False,False,False,False,False,False,False,False,False,True,False
USA,Air Fryer,2025-11-19,Home & Kitchen,0.0,182.85,,20.0,2.0,0.0,0.0,2,19,47,11,4,323,0,0.9749279121818236,-0.22252093395631434,-0.5000000000000004,0.8660254037844384,0.0,1,2.0,1,0.0,1,2.0,1,1.0,1.2909944487358078,0.0,3.0,1.3571428571428572,0.8214285714285714,1.5166623059417508,0.0,6.0,1.2173913043478262,0,182.85,0.0,0.0,False,False,False,False,False,True,False,True,False,False,False,False,False,False,False,False,False,False,False,False,False,False,False,False,False,False,False,False,False,False,False,False,False,False,True,False
USA,Air Fryer,2025-11-20,Home & Kitchen,0.0,182.85,,20.0,2.0,0.0,0.0,3,20,47,11,4,324,0,0.43388373911755823,-0.900968867902419,-0.5000000000000004,0.8660254037844384,0.0,1,2.0,1,0.0,1,0.0,1,0.7142857142857143,1.2535663410560196,0.0,3.0,1.3571428571428572,0.75,1.5061601901917727,0.0,6.0,0.9523809523809524,0,182.85,0.0,0.0,False,False,False,False,False,True,False,True,False,False,False,False,False,False,False,False,False,False,False,False,False,False,False,False,False,False,False,False,False,False,False,False,False,False,True,False
USA,Air Fryer,2025-11-21,Home & Kitchen,2.0,165.01,0.18,20.0,2.0,1.0,0.0,4,21,47,11,4,325,0,-0.433883739117558,-0.9009688679024191,-0.5000000000000004,0.8660254037844384,0.0,1,0.0,1,4.0,1,0.0,1,0.42857142857142855,1.1338934190276841,0.0,3.0,1.3571428571428572,0.75,1.5061601901917727,0.0,6.0,0.5714285714285714,1,182.85,-17.840000000000003,-0.09756631118403065,False,False,False,False,False,True,False,True,False,False,False,False,False,False,False,False,False,False,False,False,False,False,False,False,False,False,False,False,False,False,False,False,False,False,True,False
USA,Air Fryer,2025-11-22,Home & Kitchen,4.0,183.75,0.29,20.0,2.0,1.0,0.0,5,22,47,11,4,326,1,-0.9749279121818236,-0.2225209339563146,-0.5000000000000004,0.8660254037844384,2.0,1,3.0,1,0.0,1,0.0,1,0.7142857142857143,1.2535663410560196,0.0,3.0,1.2142857142857142,0.8214285714285714,1.5166623059417508,0.0,6.0,0.8695652173913044,1,165.01,18.74000000000001,0.11356887461365985,False,False,False,False,False,True,False,True,False,False,False,False,False,False,False,False,False,False,False,False,False,False,False,False,False,False,False,False,False,False,False,False,False,False,True,False
USA,Air Fryer,2025-11-23,Home & Kitchen,0.0,183.75,,20.0,2.0,0.0,0.0,6,23,47,11,4,327,1,-0.7818314824680299,0.6234898018587334,-0.5000000000000004,0.8660254037844384,4.0,1,0.0,1,0.0,1,0.0,1,0.8571428571428571,1.573591584938888,0.0,4.0,1.5,0.9642857142857143,1.6212053782007005,0.0,6.0,0.8888888888888888,0,183.75,0.0,0.0,False,False,False,False,False,True,False,True,False,False,False,False,False,False,False,False,False,False,False,False,False,False,False,False,False,False,False,False,False,False,False,False,False,False,True,False
USA,Air Fryer,2025-11-24,Home & Kitchen,4.0,227.3,0.21,20.0,2.0,1.0,0.0,0,24,48,11,4,328,0,0.0,1.0,-0.5000000000000004,0.8660254037844384,0.0,1,0.0,1,6.0,1,0.0,1,0.8571428571428571,1.573591584938888,0.0,4.0,1.5,0.9642857142857143,1.6212053782007005,0.0,6.0,0.8888888888888888,1,183.75,43.55000000000001,0.2370068027210885,False,False,False,False,False,True,False,True,False,False,False,False,False,False,False,False,False,False,False,False,False,False,False,False,False,False,False,False,False,False,False,False,False,False,True,False
USA,Air Fryer,2025-11-25,Home & Kitchen,2.0,167.17,0.23,20.0,2.0,1.0,0.0,1,25,48,11,4,329,0,0.7818314824680298,0.6234898018587336,-0.5000000000000004,0.8660254037844384,4.0,1,0.0,1,2.0,1,0.0,1,1.4285714285714286,1.902379462422685,0.0,4.0,1.3571428571428572,1.1071428571428572,1.7070504280838226,0.0,6.0,1.2903225806451613,1,227.3,-60.130000000000024,-0.2645402551693798,False,False,False,False,False,True,False,True,False,False,False,False,False,False,False,False,False,False,False,False,False,False,False,False,False,False,False,False,False,False,False,False,False,False,True,False
