store_id,product_id,date,category,sales,price,Discount_Applied,safety_stock,lead_time_days,promotion,is_outlier,day_of_week,day_of_month,week_of_year,month,quarter,day_of_year,is_weekend,sin_day_of_week,cos_day_of_week,sin_month,cos_month,lag_1,has_lag_1,lag_7,has_lag_7,lag_14,has_lag_14,lag_28,has_lag_28,rolling_mean_7,rolling_std_7,rolling_min_7,rolling_max_7,rolling_mean_14,rolling_mean_28,rolling_std_28,rolling_min_28,rolling_max_28,trend_ratio,is_promotion,previous_price,price_change,price_change_pct,store_id_Germany,store_id_India,store_id_Pakistan,store_id_UAE,store_id_UK,store_id_USA,product_id_4K Smart TV,product_id_Air Fryer,product_id_Blender,product_id_Coffee Maker,product_id_Cotton T-Shirt,product_id_Cycling Helmet,product_id_Denim Jeans,product_id_Dumbbell Set,product_id_Face Wash,product_id_Football,product_id_Formal Shirt,product_id_Gaming Laptop,product_id_Hair Serum,product_id_Lipstick Set,product_id_Microwave Oven,product_id_Moisturizing Cream,product_id_Perfume,product_id_Running Shoes,product_id_Smartphone 128GB,product_id_Smartwatch,product_id_Tennis Racket,product_id_Vacuum Cleaner,product_id_Winter Jacket,product_id_Wireless Noise-Canceling Headphones,product_id_Yoga Mat,category_Apparel,category_Beauty,category_Electronics,category_Home & Kitchen,category_Sports
India,Coffee Maker,2025-05-23,Home & Kitchen,0.0,182.81,,20.0,2.0,0.0,0.0,4,23,21,5,2,143,0,-0.433883739117558,-0.9009688679024191,0.49999999999999994,-0.8660254037844387,0.0,1,0.0,1,0.0,1,0.0,1,0.2857142857142857,0.7559289460184618,0.0,2.0,0.42857142857142855,0.21428571428571427,0.8325393042503675,0.0,4.0,1.3333333333333333,0,182.81,0.0,0.0,False,True,False,False,False,False,False,False,False,True,False,False,False,False,False,False,False,False,False,False,False,False,False,False,False,False,False,False,False,False,False,False,False,False,True,False
India,Coffee Maker,2025-05-24,Home & Kitchen,0.0,182.81,,20.0,2.0,0.0,0.0,5,24,21,5,2,144,1,-0.9749279121818236,-0.2225209339563146,0.49999999999999994,-0.8660254037844387,0.0,1,2.0,1,0.0,1,0.0,1,0.2857142857142857,0.7559289460184618,0.0,2.0,0.42857142857142855,0.21428571428571427,0.8325393042503675,0.0,4.0,1.3333333333333333,0,182.81,0.0,0.0,False,True,False,False,False,False,False,False,False,True,False,False,False,False,False,False,False,False,False,False,False,False,False,False,False,False,False,False,False,False,False,False,False,False,True,False
India,Coffee Maker,2025-05-25,Home & Kitchen,0.0,182.81,,20.0,2.0,0.0,0.0,6,25,21,5,2,145,1,-0.7818314824680299,0.6234898018587334,0.49999999999999994,-0.8660254037844387,0.0,1,0.0,1,0.0,1,0.0,1,0.0,0.0,0.0,0.0,0.42857142857142855,0.21428571428571427,0.8325393042503675,0.0,4.0,0.0,0,182.81,0.0,0.0,False,True,False,False,False,False,False,False,False,True,False,False,False,False,False,False,False,False,False,False,False,False,False,False,False,False,False,False,False,False,False,False,False,False,True,False
India,Coffee Maker,2025-05-26,Home & Kitchen,0.0,182.81,,20.0,2.0,0.0,0.0,0,26,22,5,2,146,0,0.0,1.0,0.49999999999999994,-0.8660254037844387,0.0,1,0.0,1,0.0,1,0.0,1,0.0,0.0,0.0,0.0,0.42857142857142855,0.21428571428571427,0.8325393042503675,0.0,4.0,0.0,0,182.81,0.0,0.0,False,True,False,False,False,False,False,False,False,True,False,False,False,False,False,False,False,False,False,False,False,False,False,False,False,False,False,False,False,False,False,False,False,False,True,False
India,Coffee Maker,2025-05-27,Home & Kitchen,0.0,182.81,,20.0,2.0,0.0,0.0,1,27,22,5,2,147,0,0.7818314824680298,0.6234898018587336,0.49999999999999994,-0.8660254037844387,0.0,1,0.0,1,0.0,1,0.0,1,0.0,0.0,0.0,0.0,0.42857142857142855,0.21428571428571427,0.8325393042503675,0.0,4.0,0.0,0,182.81,0.0,0.0,False,True,False,False,False,False,False,False,False,True,False,False,False,False,False,False,False,False,False,False,False,False,False,False,False,False,False,False,False,False,False,False,False,False,True,False
India,Coffee Maker,2025-05-28,Home & Kitchen,1.0,293.6,0.11,20.0,2.0,1.0,0.0,2,28,22,5,2,148,0,0.9749279121818236,-0.22252093395631434,0.49999999999999994,-0.8660254037844387,0.0,1,0.0,1,4.0,1,0.0,1,0.0,0.0,0.0,0.0,0.42857142857142855,0.21428571428571427,0.8325393042503675,0.0,4.0,0.0,1,182.81,110.79000000000002,0.6060390569443685,False,True,False,False,False,False,False,False,False,True,False,False,False,False,False,False,False,False,False,False,False,False,False,False,False,False,False,False,False,False,False,False,False,False,True,False
India,Coffee Maker,2025-05-29,Home & Kitchen,0.0,293.6,,20.0,2.0,0.0,0.0,3,29,22,5,2,149,0,0.43388373911755823,-0.900968867902419,0.49999999999999994,-0.8660254037844387,1.0,1,0.0,1,0.0,1,0.0,1,0.14285714285714285,0.37796447300924335,0.0,1.0,0.21428571428571427,0.25,0.8443713418650326,0.0,4.0,0.5714285714285714,0,293.6,0.0,0.0,False,True,False,False,False,False,False,False,False,True,False,False,False,False,False,False,False,False,False,False,False,False,False,False,False,False,False,False,False,False,False,False,False,False,True,False
India,Coffee Maker,2025-05-30,Home & Kitchen,0.0,293.6,,20.0,2.0,0.0,0.0,4,30,22,5,2,150,0,-0.433883739117558,-0.9009688679024191,0.49999999999999994,-0.8660254037844387,0.0,1,0.0,1,0.0,1,0.0,1,0.14285714285714285,0.37796447300924335,0.0,1.0,0.21428571428571427,0.25,0.8443713418650326,0.0,4.0,0.5714285714285714,0,293.6,0.0,0.0,False,True,False,False,False,False,False,False,False,True,False,False,False,False,False,False,False,False,False,False,False,False,False,False,False,False,False,False,False,False,False,False,False,False,True,False
India,Coffee Maker,2025-05-31,Home & Kitchen,0.0,293.6,,20.0,2.0,0.0,0.0,5,31,22,5,2,151,1,-0.9749279121818236,-0.2225209339563146,0.49999999999999994,-0.8660254037844387,0.0,1,0.0,1,2.0,1,0.0,1,0.14285714285714285,0.37796447300924335,0.0,1.0,0.21428571428571427,0.25,0.8443713418650326,0.0,4.0,0.5714285714285714,0,293.6,0.0,0.0,False,True,False,False,False,False,False,False,False,True,False,False,False,False,False,False,False,False,False,False,False,False,False,False,False,False,False,False,False,False,False,False,False,False,True,False
India,Coffee Maker,2025-06-01,Home & Kitchen,2.0,182.265,0.02,20.0,2.0,1.0,0.0,6,1,22,6,2,152,1,-0.7818314824680299,0.6234898018587334,1.2246467991473532e-16,-1.0,0.0,1,0.0,1,0.0,1,0.0,1,0.14285714285714285,0.37796447300924335,0.0,1.0,0.07142857142857142,0.25,0.8443713418650326,0.0,4.0,0.5714285714285714,1,293.6,-111.33500000000004,-0.37920640326975485,False,True,False,False,False,False,False,False,False,True,False,False,False,False,False,False,False,False,False,False,False,False,False,False,False,False,False,False,False,False,False,False,False,False,True,False
India,Coffee Maker,2025-06-02,Home & Kitchen,0.0,182.265,,20.0,2.0,0.0,0.0,0,2,23,6,2,153,0,0.0,1.0,1.2246467991473532e-16,-1.0,2.0,1,0.0,1,0.0,1,0.0,1,0.42857142857142855,0.7867957924694495,0.0,2.0,0.21428571428571427,0.32142857142857145,0.9048663264720715,0.0,4.0,1.3333333333333333,0,182.265,0.0,0.0,False,True,False,False,False,False,False,False,False,True,False,False,False,False,False,False,False,False,False,False,False,False,False,False,False,False,False,False,False,False,False,False,False,False,True,False
India,Coffee Maker,2025-06-03,Home & Kitchen,0.0,182.265,,20.0,2.0,0.0,0.0,1,3,23,6,2,154,0,0.7818314824680298,0.6234898018587336,1.2246467991473532e-16,-1.0,0.0,1,0.0,1,0.0,1,0.0,1,0.42857142857142855,0.7867957924694495,0.0,2.0,0.21428571428571427,0.32142857142857145,0.9048663264720715,0.0,4.0,1.3333333333333333,0,182.265,0.0,0.0,False,True,False,False,False,False,False,False,False,True,False,False,False,False,False,False,False,False,False,False,False,False,False,False,False,False,False,False,False,False,False,False,False,False,True,False
India,Coffee Maker,2025-06-04,Home & Kitchen,0.0,182.265,,20.0,2.0,0.0,0.0,2,4,23,6,2,155,0,0.9749279121818236,-0.22252093395631434,1.2246467991473532e-16,-1.0,0.0,1,1.0,1,0.0,1,0.0,1,0.42857142857142855,0.7867957924694495,0.0,2.0,0.21428571428571427,0.32142857142857145,0.9048663264720715,0.0,4.0,1.3333333333333333,0,182.265,0.0,0.0,False,True,False,False,False,False,False,False,False,True,False,False,False,False,False,False,False,False,False,False,False,False,False,False,False,False,False,False,False,False,False,False,False,False,True,False
India,Coffee Maker,2025-06-05,Home & Kitchen,0.0,182.265,,20.0,2.0,0.0,0.0,3,5,23,6,2,156,0,0.43388373911755823,-0.900968867902419,1.2246467991473532e-16,-1.0,0.0,1,0.0,1,0.0,1,0.0,1,0.2857142857142857,0.7559289460184617,0.0,2.0,0.21428571428571427,0.32142857142857145,0.9048663264720715,0.0,4.0,0.8888888888888887,0,182.265,0.0,0.0,False,True,False,False,False,False,False,False,False,True,False,False,False,False,False,False,False,False,False,False,False,False,False,False,False,False,False,False,False,False,False,False,False,False,True,False
India,Coffee Maker,2025-06-06,Home & Kitchen,3.0,121.13,0.01,20.0,2.0,1.0,0.0,4,6,23,6,2,157,0,-0.433883739117558,-0.9009688679024191,1.2246467991473532e-16,-1.0,0.0,1,0.0,1,0.0,1,0.0,1,0.2857142857142857,0.7559289460184618,0.0,2.0,0.21428571428571427,0.32142857142857145,0.9048663264720715,0.0,4.0,0.8888888888888887,1,182.265,-61.13499999999999,-0.33541820974954045,False,True,False,False,False,False,False,False,False,True,False,False,False,False,False,False,False,False,False,False,False,False,False,False,False,False,False,False,False,False,False,False,False,False,True,False
India,Coffee Maker,2025-06-07,Home & Kitchen,0.0,121.13,,20.0,2.0,0.0,0.0,5,7,23,6,2,158,1,-0.9749279121818236,-0.2225209339563146,1.2246467991473532e-16,-1.0,3.0,1,0.0,1,0.0,1,0.0,1,0.7142857142857143,1.2535663410560207,0.0,3.0,0.42857142857142855,0.42857142857142855,1.033819650027538,0.0,4.0,1.6666666666666667,0,121.13,0.0,0.0,False,True,False,False,False,False,False,False,False,True,False,False,False,False,False,False,False,False,False,False,False,False,False,False,False,False,False,False,False,False,False,False,False,False,True,False
India,Coffee Maker,2025-06-08,Home & Kitchen,0.0,121.13,,20.0,2.0,0.0,0.0,6,8,23,6,2,159,1,-0.7818314824680299,0.6234898018587334,1.2246467991473532e-16,-1.0,0.0,1,2.0,1,0.0,1,0.0,1,0.7142857142857143,1.2535663410560207,0.0,3.0,0.42857142857142855,0.42857142857142855,1.033819650027538,0.0,4.0,1.6666666666666667,0,121.13,0.0,0.0,False,True,False,False,False,False,False,False,False,True,False,False,False,False,False,False,False,False,False,False,False,False,False,False,False,False,False,False,False,False,False,False,False,False,True,False
India,Coffee Maker,2025-06-09,Home & Kitchen,0.0,121.13,,20.0,2.0,0.0,0.0,0,9,24,6,2,160,0,0.0,1.0,1.2246467991473532e-16,-1.0,0.0,1,0.0,1,0.0,1,0.0,1,0.42857142857142855,1.1338934190276861,0.0,3.0,0.42857142857142855,0.42857142857142855,1.033819650027538,0.0,4.0,1.0,0,121.13,0.0,0.0,False,True,False,False,False,False,False,False,False,True,False,False,False,False,False,False,False,False,False,False,False,False,False,False,False,False,False,False,False,False,False,False,False,False,True,False
India,Coffee Maker,2025-06-10,Home & Kitchen,0.0,121.13,,20.0,2.0,0.0,0.0,1,10,24,6,2,161,0,0.7818314824680298,0.6234898018587336,1.2246467991473532e-16,-1.0,0.0,1,0.0,1,0.0,1,0.0,1,0.42857142857142855,1.1338934190276861,0.0,3.0,0.42857142857142855,0.42857142857142855,1.033819650027538,0.0,4.0,1.0,0,121.13,0.0,0.0,False,True,False,False,False,False,False,False,False,True,False,False,False,False,False,False,False,False,False,False,False,False,False,False,False,False,False,False,False,False,False,False,False,False,True,False
India,Coffee Maker,2025-06-11,Home & Kitchen,0.0,121.13,,20.0,2.0,0.0,0.0,2,11,24,6,2,162,0,0.9749279121818236,-0.22252093395631434,1.2246467991473532e-16,-1.0,0.0,1,0.0,1,1.0,1,4.0,1,0.42857142857142855,1.1338934190276861,0.0,3.0,0.42857142857142855,0.42857142857142855,1.033819650027538,0.0,4.0,1.0,0,121.13,0.0,0.0,False,True,False,False,False,False,False,False,False,True,False,False,False,False,False,False,False,False,False,False,False,False,False,False,False,False,False,False,False,False,False,False,False,False,True,False
India,Coffee Maker,2025-06-12,Home & Kitchen,0.0,121.13,,20.0,2.0,0.0,0.0,3,12,24,6,2,163,0,0.43388373911755823,-0.900968867902419,1.2246467991473532e-16,-1.0,0.0,1,0.0,1,0.0,1,0.0,1,0.42857142857142855,1.1338934190276861,0.0,3.0,0.35714285714285715,0.2857142857142857,0.7628961803617677,0.0,3.0,1.5,0,121.13,0.0,0.0,False,True,False,False,False,False,False,False,False,True,False,False,False,False,False,False,False,False,False,False,False,False,False,False,False,False,False,False,False,False,False,False,False,False,True,False
India,Coffee Maker,2025-06-13,Home & Kitchen,0.0,121.13,,20.0,2.0,0.0,0.0,4,13,24,6,2,164,0,-0.433883739117558,-0.9009688679024191,1.2246467991473532e-16,-1.0,0.0,1,3.0,1,0.0,1,0.0,1,0.42857142857142855,1.1338934190276861,0.0,3.0,0.35714285714285715,0.2857142857142857,0.7628961803617677,0.0,3.0,1.5,0,121.13,0.0,0.0,False,True,False,False,False,False,False,False,False,True,False,False,False,False,False,False,False,False,False,False,False,False,False,False,False,False,False,False,False,False,False,False,False,False,True,False
India,Coffee Maker,2025-06-14,Home & Kitchen,0.0,121.13,,20.0,2.0,0.0,0.0,5,14,24,6,2,165,1,-0.9749279121818236,-0.2225209339563146,1.2246467991473532e-16,-1.0,0.0,1,0.0,1,0.0,1,2.0,1,0.0,0.0,0.0,0.0,0.35714285714285715,0.2857142857142857,0.7628961803617677,0.0,3.0,0.0,0,121.13,0.0,0.0,False,True,False,False,False,False,False,False,False,True,False,False,False,False,False,False,False,False,False,False,False,False,False,False,False,False,False,False,False,False,False,False,False,False,True,False
India,Coffee Maker,2025-06-15,Home & Kitchen,0.0,121.13,,20.0,2.0,0.0,0.0,6,15,24,6,2,166,1,-0.7818314824680299,0.6234898018587334,1.2246467991473532e-16,-1.0,0.0,1,0.0,1,2.0,1,0.0,1,0.0,0.0,0.0,0.0,0.35714285714285715,0.21428571428571427,0.6862211530545118,0.0,3.0,0.0,0,121.13,0.0,0.0,False,True,False,False,False,False,False,False,False,True,False,False,False,False,False,False,False,False,False,False,False,False,False,False,False,False,False,False,False,False,False,False,False,False,True,False
India,Coffee Maker,2025-06-16,Home & Kitchen,0.0,121.13,,20.0,2.0,0.0,0.0,0,16,25,6,2,167,0,0.0,1.0,1.2246467991473532e-16,-1.0,0.0,1,0.0,1,0.0,1,0.0,1,0.0,0.0,0.0,0.0,0.21428571428571427,0.21428571428571427,0.6862211530545118,0.0,3.0,0.0,0,121.13,0.0,0.0,False,True,False,False,False,False,False,False,False,True,False,False,False,False,False,False,False,False,False,False,False,False,False,False,False,False,False,False,False,False,False,False,False,False,True,False
India,Coffee Maker,2025-06-17,Home & Kitchen,0.0,121.13,,20.0,2.0,0.0,0.0,1,17,25,6,2,168,0,0.7818314824680298,0.6234898018587336,1.2246467991473532e-16,-1.0,0.0,1,0.0,1,0.0,1,0.0,1,0.0,0.0,0.0,0.0,0.21428571428571427,0.21428571428571427,0.6862211530545118,0.0,3.0,0.0,0,121.13,0.0,0.0,False,True,False,False,False,False,False,False,False,True,False,False,False,False,False,False,False,False,False,False,False,False,False,False,False,False,False,False,False,False,False,False,False,False,True,False
India,Coffee Maker,2025-06-18,Home & Kitchen,0.0,121.13,,20.0,2.0,0.0,0.0,2,18,25,6,2,169,0,0.9749279121818236,-0.22252093395631434,1.2246467991473532e-16,-1.0,0.0,1,0.0,1,0.0,1,0.0,1,0.0,0.0,0.0,0.0,0.21428571428571427,0.21428571428571427,0.6862211530545118,0.0,3.0,0.0,0,121.13,0.0,0.0,False,True,False,False,False,False,False,False,False,True,False,False,False,False,False,False,False,False,False,False,False,False,False,False,False,False,False,False,False,False,False,False,False,False,True,False
India,Coffee Maker,2025-06-19,Home & Kitchen,0.0,121.13,,20.0,2.0,0.0,0.0,3,19,25,6,2,170,0,0.43388373911755823,-0.900968867902419,1.2246467991473532e-16,-1.0,0.0,1,0.0,1,0.0,1,0.0,1,0.0,0.0,0.0,0.0,0.21428571428571427,0.21428571428571427,0.6862211530545118,0.0,3.0,0.0,0,121.13,0.0,0.0,False,True,False,False,False,False,False,False,False,True,False,False,False,False,False,False,False,False,False,False,False,False,False,False,False,False,False,False,False,False,False,False,False,False,True,False
India,Coffee Maker,2025-06-20,Home & Kitchen,0.0,121.13,,20.0,2.0,0.0,0.0,4,20,25,6,2,171,0,-0.433883739117558,-0.9009688679024191,1.2246467991473532e-16,-1.0,0.0,1,0.0,1,3.0,1,0.0,1,0.0,0.0,0.0,0.0,0.21428571428571427,0.21428571428571427,0.6862211530545118,0.0,3.0,0.0,0,121.13,0.0,0.0,False,True,False,False,False,False,False,False,False,True,False,False,False,False,False,False,False,False,False,False,False,False,False,False,False,False,False,False,False,False,False,False,False,False,True,False
India,Coffee Maker,2025-06-21,Home & Kitchen,0.0,121.13,,20.0,2.0,0.0,0.0,5,21,25,6,2,172,1,-0.9749279121818236,-0.2225209339563146,1.2246467991473532e-16,-1.0,0.0,1,0.0,1,0.0,1,0.0,1,0.0,0.0,0.0,0.0,0.0,0.21428571428571427,0.6862211530545118,0.0,3.0,0.0,0,121.13,0.0,0.0,False,True,False,False,False,False,False,False,False,True,False,False,False,False,False,False,False,False,False,False,False,False,False,False,False,False,False,False,False,False,False,False,False,False,True,False
India,Coffee Maker,2025-06-22,Home & Kitchen,0.0,121.13,,20.0,2.0,0.0,0.0,6,22,25,6,2,173,1,-0.7818314824680299,0.6234898018587334,1.2246467991473532e-16,-1.0,0.0,1,0.0,1,0.0,1,0.0,1,0.0,0.0,0.0,0.0,0.0,0.21428571428571427,0.6862211530545118,0.0,3.0,0.0,0,121.13,0.0,0.0,False,True,False,False,False,False,False,False,False,True,False,False,False,False,False,False,False,False,False,False,False,False,False,False,False,False,False,False,False,False,False,False,False,False,True,False
India,Coffee Maker,2025-06-23,Home & Kitchen,0.0,121.13,,20.0,2.0,0.0,0.0,0,23,26,6,2,174,0,0.0,1.0,1.2246467991473532e-16,-1.0,0.0,1,0.0,1,0.0,1,0.0,1,0.0,0.0,0.0,0.0,0.0,0.21428571428571427,0.6862211530545118,0.0,3.0,0.0,0,121.13,0.0,0.0,False,True,False,False,False,False,False,False,False,True,False,False,False,False,False,False,False,False,False,False,False,False,False,False,False,False,False,False,False,False,False,False,False,False,True,False
India,Coffee Maker,2025-06-24,Home & Kitchen,0.0,121.13,,20.0,2.0,0.0,0.0,1,24,26,6,2,175,0,0.7818314824680298,0.6234898018587336,1.2246467991473532e-16,-1.0,0.0,1,0.0,1,0.0,1,0.0,1,0.0,0.0,0.0,0.0,0.0,0.21428571428571427,0.6862211530545118,0.0,3.0,0.0,0,121.13,0.0,0.0,False,True,False,False,False,False,False,False,False,True,False,False,False,False,False,False,False,False,False,False,False,False,False,False,False,False,False,False,False,False,False,False,False,False,True,False
India,Coffee Maker,2025-06-25,Home & Kitchen,1.0,158.5,0.07,20.0,2.0,1.0,0.0,2,25,26,6,2,176,0,0.9749279121818236,-0.22252093395631434,1.2246467991473532e-16,-1.0,0.0,1,0.0,1,0.0,1,1.0,1,0.0,0.0,0.0,0.0,0.0,0.21428571428571427,0.6862211530545118,0.0,3.0,0.0,1,121.13,37.370000000000005,0.30851151655246434,False,True,False,False,False,False,False,False,False,True,False,False,False,False,False,False,False,False,False,False,False,False,False,False,False,False,False,False,False,False,False,False,False,False,True,False
India,Coffee Maker,2025-06-26,Home & Kitchen,1.0,134.1,0.12,20.0,2.0,1.0,0.0,3,26,26,6,2,177,0,0.43388373911755823,-0.900968867902419,1.2246467991473532e-16,-1.0,1.0,1,0.0,1,0.0,1,0.0,1,0.14285714285714285,0.3779644730092438,0.0,1.0,0.07142857142857142,0.21428571428571427,0.6862211530545118,0.0,3.0,0.6666666666666666,1,158.5,-24.400000000000006,-0.15394321766561517,False,True,False,False,False,False,False,False,False,True,False,False,False,False,False,False,False,False,False,False,False,False,False,False,False,False,False,False,False,False,False,False,False,False,True,False
India,Coffee Maker,2025-06-27,Home & Kitchen,0.0,134.1,,20.0,2.0,0.0,0.0,4,27,26,6,2,178,0,-0.433883739117558,-0.9009688679024191,1.2246467991473532e-16,-1.0,1.0,1,0.0,1,0.0,1,0.0,1,0.2857142857142857,0.4879500364742783,0.0,1.0,0.14285714285714285,0.25,0.7005289007176889,0.0,3.0,1.1428571428571428,0,134.1,0.0,0.0,False,True,False,False,False,False,False,False,False,True,False,False,False,False,False,False,False,False,False,False,False,False,False,False,False,False,False,False,False,False,False,False,False,False,True,False
India,Coffee Maker,2025-06-28,Home & Kitchen,0.0,134.1,,20.0,2.0,0.0,0.0,5,28,26,6,2,179,1,-0.9749279121818236,-0.2225209339563146,1.2246467991473532e-16,-1.0,0.0,1,0.0,1,0.0,1,0.0,1,0.2857142857142857,0.4879500364742783,0.0,1.0,0.14285714285714285,0.25,0.7005289007176889,0.0,3.0,1.1428571428571428,0,134.1,0.0,0.0,False,True,False,False,False,False,False,False,False,True,False,False,False,False,False,False,False,False,False,False,False,False,False,False,False,False,False,False,False,False,False,False,False,False,True,False
India,Coffee Maker,2025-06-29,Home & Kitchen,0.0,134.1,,20.0,2.0,0.0,0.0,6,29,26,6,2,180,1,-0.7818314824680299,0.6234898018587334,1.2246467991473532e-16,-1.0,0.0,1,0.0,1,0.0,1,2.0,1,0.2857142857142857,0.4879500364742783,0.0,1.0,0.14285714285714285,0.25,0.7005289007176889,0.0,3.0,1.1428571428571428,0,134.1,0.0,0.0,False,True,False,False,False,False,False,False,False,True,False,False,False,False,False,False,False,False,False,False,False,False,False,False,False,False,False,False,False,False,False,False,False,False,True,False
India,Coffee Maker,2025-06-30,Home & Kitchen,0.0,134.1,,20.0,2.0,0.0,0.0,0,30,27,6,2,181,0,0.0,1.0,1.2246467991473532e-16,-1.0,0.0,1,0.0,1,0.0,1,0.0,1,0.2857142857142857,0.4879500364742783,0.0,1.0,0.14285714285714285,0.17857142857142858,0.6118321864192969,0.0,3.0,1.5999999999999999,0,134.1,0.0,0.0,False,True,False,False,False,False,False,False,False,True,False,False,False,False,False,False,False,False,False,False,False,False,False,False,False,False,False,False,False,False,False,False,False,False,True,False
India,Coffee Maker,2025-07-01,Home & Kitchen,3.0,243.09,0.11,20.0,2.0,1.0,0.0,1,1,27,7,3,182,0,0.7818314824680298,0.6234898018587336,-0.4999999999999997,-0.8660254037844388,0.0,1,0.0,1,0.0,1,0.0,1,0.2857142857142857,0.4879500364742783,0.0,1.0,0.14285714285714285,0.17857142857142858,0.6118321864192969,0.0,3.0,1.5999999999999999,1,134.1,108.99000000000001,0.8127516778523491,False,True,False,False,False,False,False,False,False,True,False,False,False,False,False,False,False,False,False,False,False,False,False,False,False,False,False,False,False,False,False,False,False,False,True,False
India,Coffee Maker,2025-07-02,Home & Kitchen,0.0,243.09,,20.0,2.0,0.0,0.0,2,2,27,7,3,183,0,0.9749279121818236,-0.22252093395631434,-0.4999999999999997,-0.8660254037844388,3.0,1,1.0,1,0.0,1,0.0,1,0.7142857142857143,1.1126972805283772,0.0,3.0,0.35714285714285715,0.2857142857142857,0.8099905283919367,0.0,3.0,2.5,0,243.09,0.0,0.0,False,True,False,False,False,False,False,False,False,True,False,False,False,False,False,False,False,False,False,False,False,False,False,False,False,False,False,False,False,False,False,False,False,False,True,False
India,Coffee Maker,2025-07-03,Home & Kitchen,0.0,243.09,,20.0,2.0,0.0,0.0,3,3,27,7,3,184,0,0.43388373911755823,-0.900968867902419,-0.4999999999999997,-0.8660254037844388,0.0,1,1.0,1,0.0,1,0.0,1,0.5714285714285714,1.133893419027686,0.0,3.0,0.35714285714285715,0.2857142857142857,0.8099905283919367,0.0,3.0,2.0,0,243.09,0.0,0.0,False,True,False,False,False,False,False,False,False,True,False,False,False,False,False,False,False,False,False,False,False,False,False,False,False,False,False,False,False,False,False,False,False,False,True,False
India,Coffee Maker,2025-07-04,Home & Kitchen,0.0,243.09,,20.0,2.0,0.0,0.0,4,4,27,7,3,185,0,-0.433883739117558,-0.9009688679024191,-0.4999999999999997,-0.8660254037844388,0.0,1,0.0,1,0.0,1,3.0,1,0.42857142857142855,1.1338934190276864,0.0,3.0,0.35714285714285715,0.2857142857142857,0.8099905283919367,0.0,3.0,1.5,0,243.09,0.0,0.0,False,True,False,False,False,False,False,False,False,True,False,False,False,False,False,False,False,False,False,False,False,False,False,False,False,False,False,False,False,False,False,False,False,False,True,False
India,Coffee Maker,2025-07-05,Home & Kitchen,0.0,243.09,,20.0,2.0,0.0,0.0,5,5,27,7,3,186,1,-0.9749279121818236,-0.2225209339563146,-0.4999999999999997,-0.8660254037844388,0.0,1,0.0,1,0.0,1,0.0,1,0.42857142857142855,1.1338934190276864,0.0,3.0,0.35714285714285715,0.17857142857142858,0.6118321864192968,0.0,3.0,2.4,0,243.09,0.0,0.0,False,True,False,False,False,False,False,False,False,True,False,False,False,False,False,False,False,False,False,False,False,False,False,False,False,False,False,False,False,False,False,False,False,False,True,False
India,Coffee Maker,2025-07-06,Home & Kitchen,0.0,243.09,,20.0,2.0,0.0,0.0,6,6,27,7,3,187,1,-0.7818314824680299,0.6234898018587334,-0.4999999999999997,-0.8660254037844388,0.0,1,0.0,1,0.0,1,0.0,1,0.42857142857142855,1.1338934190276864,0.0,3.0,0.35714285714285715,0.17857142857142858,0.6118321864192968,0.0,3.0,2.4,0,243.09,0.0,0.0,False,True,False,False,False,False,False,False,False,True,False,False,False,False,False,False,False,False,False,False,False,False,False,False,False,False,False,False,False,False,False,False,False,False,True,False
India,Coffee Maker,2025-07-07,Home & Kitchen,0.0,243.09,,20.0,2.0,0.0,0.0,0,7,28,7,3,188,0,0.0,1.0,-0.4999999999999997,-0.8660254037844388,0.0,1,0.0,1,0.0,1,0.0,1,0.42857142857142855,1.1338934190276864,0.0,3.0,0.35714285714285715,0.17857142857142858,0.6118321864192968,0.0,3.0,2.4,0,243.09,0.0,0.0,False,True,False,False,False,False,False,False,False,True,False,False,False,False,False,False,False,False,False,False,False,False,False,False,False,False,False,False,False,False,False,False,False,False,True,False
India,Coffee Maker,2025-07-08,Home & Kitchen,1.0,169.08,0.04,20.0,2.0,1.0,0.0,1,8,28,7,3,189,0,0.7818314824680298,0.6234898018587336,-0.4999999999999997,-0.8660254037844388,0.0,1,3.0,1,0.0,1,0.0,1,0.42857142857142855,1.1338934190276864,0.0,3.0,0.35714285714285715,0.17857142857142858,0.6118321864192968,0.0,3.0,2.4,1,243.09,-74.00999999999999,-0.30445514007157837,False,True,False,False,False,False,False,False,False,True,False,False,False,False,False,False,False,False,False,False,False,False,False,False,False,False,False,False,False,False,False,False,False,False,True,False
India,Coffee Maker,2025-07-09,Home & Kitchen,0.0,169.08,,20.0,2.0,0.0,0.0,2,9,28,7,3,190,0,0.9749279121818236,-0.22252093395631434,-0.4999999999999997,-0.8660254037844388,1.0,1,0.0,1,1.0,1,0.0,1,0.14285714285714285,0.37796447300924413,0.0,1.0,0.42857142857142855,0.21428571428571427,0.6299407883487064,0.0,3.0,0.6666666666666666,0,169.08,0.0,0.0,False,True,False,False,False,False,False,False,False,True,False,False,False,False,False,False,False,False,False,False,False,False,False,False,False,False,False,False,False,False,False,False,False,False,True,False
India,Coffee Maker,2025-07-10,Home & Kitchen,0.0,169.08,,20.0,2.0,0.0,0.0,3,10,28,7,3,191,0,0.43388373911755823,-0.900968867902419,-0.4999999999999997,-0.8660254037844388,0.0,1,0.0,1,1.0,1,0.0,1,0.14285714285714285,0.37796447300924413,0.0,1.0,0.35714285714285715,0.21428571428571427,0.6299407883487064,0.0,3.0,0.6666666666666666,0,169.08,0.0,0.0,False,True,False,False,False,False,False,False,False,True,False,False,False,False,False,False,False,False,False,False,False,False,False,False,False,False,False,False,False,False,False,False,False,False,True,False
India,Coffee Maker,2025-07-11,Home & Kitchen,0.0,169.08,,20.0,2.0,0.0,0.0,4,11,28,7,3,192,0,-0.433883739117558,-0.9009688679024191,-0.4999999999999997,-0.8660254037844388,0.0,1,0.0,1,0.0,1,0.0,1,0.14285714285714285,0.37796447300924413,0.0,1.0,0.2857142857142857,0.21428571428571427,0.6299407883487064,0.0,3.0,0.6666666666666666,0,169.08,0.0,0.0,False,True,False,False,False,False,False,False,False,True,False,False,False,False,False,False,False,False,False,False,False,False,False,False,False,False,False,False,False,False,False,False,False,False,True,False
India,Coffee Maker,2025-07-12,Home & Kitchen,3.0,132.5,0.07,20.0,2.0,1.0,0.0,5,12,28,7,3,193,1,-0.9749279121818236,-0.2225209339563146,-0.4999999999999997,-0.8660254037844388,0.0,1,0.0,1,0.0,1,0.0,1,0.14285714285714285,0.37796447300924413,0.0,1.0,0.2857142857142857,0.21428571428571427,0.6299407883487064,0.0,3.0,0.6666666666666666,1,169.08,-36.58000000000001,-0.2163472912230897,False,True,False,False,False,False,False,False,False,True,False,False,False,False,False,False,False,False,False,False,False,False,False,False,False,False,False,False,False,False,False,False,False,False,True,False
India,Coffee Maker,2025-07-13,Home & Kitchen,0.0,132.5,,20.0,2.0,0.0,0.0,6,13,28,7,3,194,1,-0.7818314824680299,0.6234898018587334,-0.4999999999999997,-0.8660254037844388,3.0,1,0.0,1,0.0,1,0.0,1,0.5714285714285714,1.133893419027686,0.0,3.0,0.5,0.32142857142857145,0.8189230248533211,0.0,3.0,1.7777777777777775,0,132.5,0.0,0.0,False,True,False,False,False,False,False,False,False,True,False,False,False,False,False,False,False,False,False,False,False,False,False,False,False,False,False,False,False,False,False,False,False,False,True,False
India,Coffee Maker,2025-07-14,Home & Kitchen,2.0,142.67,0.08,20.0,2.0,1.0,0.0,0,14,29,7,3,195,0,0.0,1.0,-0.4999999999999997,-0.8660254037844388,0.0,1,0.0,1,0.0,1,0.0,1,0.5714285714285714,1.133893419027686,0.0,3.0,0.5,0.32142857142857145,0.8189230248533211,0.0,3.0,1.7777777777777775,1,132.5,10.169999999999987,0.07675471698113198,False,True,False,False,False,False,False,False,False,True,False,False,False,False,False,False,False,False,False,False,False,False,False,False,False,False,False,False,False,False,False,False,False,False,True,False
India,Coffee Maker,2025-07-15,Home & Kitchen,2.0,49.42,0.01,20.0,2.0,1.0,0.0,1,15,29,7,3,196,0,0.7818314824680298,0.6234898018587336,-0.4999999999999997,-0.8660254037844388,2.0,1,1.0,1,3.0,1,0.0,1,0.8571428571428571,1.2149857925879148,0.0,3.0,0.6428571428571429,0.39285714285714285,0.8751417118804294,0.0,3.0,2.1818181818181817,1,142.67,-93.24999999999999,-0.6536062241536412,False,True,False,False,False,False,False,False,False,True,False,False,False,False,False,False,False,False,False,False,False,False,False,False,False,False,False,False,False,False,False,False,False,False,True,False
India,Coffee Maker,2025-07-16,Home & Kitchen,0.0,49.42,,20.0,2.0,0.0,0.0,2,16,29,7,3,197,0,0.9749279121818236,-0.22252093395631434,-0.4999999999999997,-0.8660254037844388,2.0,1,0.0,1,0.0,1,0.0,1,1.0,1.290994448735808,0.0,3.0,0.5714285714285714,0.4642857142857143,0.9222413461394435,0.0,3.0,2.1538461538461537,0,49.42,0.0,0.0,False,True,False,False,False,False,False,False,False,True,False,False,False,False,False,False,False,False,False,False,False,False,False,False,False,False,False,False,False,False,False,False,False,False,True,False
India,Coffee Maker,2025-07-17,Home & Kitchen,0.0,49.42,,20.0,2.0,0.0,0.0,3,17,29,7,3,198,0,0.43388373911755823,-0.900968867902419,-0.4999999999999997,-0.8660254037844388,0.0,1,0.0,1,0.0,1,0.0,1,1.0,1.290994448735808,0.0,3.0,0.5714285714285714,0.4642857142857143,0.9222413461394435,0.0,3.0,2.1538461538461537,0,49.42,0.0,0.0,False,True,False,False,False,False,False,False,False,True,False,False,False,False,False,False,False,False,False,False,False,False,False,False,False,False,False,False,False,False,False,False,False,False,True,False
India,Coffee Maker,2025-07-18,Home & Kitchen,1.0,100.52,0.14,20.0,2.0,1.0,0.0,4,18,29,7,3,199,0,-0.433883739117558,-0.9009688679024191,-0.4999999999999997,-0.8660254037844388,0.0,1,0.0,1,0.0,1,0.0,1,1.0,1.290994448735808,0.0,3.0,0.5714285714285714,0.4642857142857143,0.9222413461394435,0.0,3.0,2.1538461538461537,1,49.42,51.099999999999994,1.0339943342776203,False,True,False,False,False,False,False,False,False,True,False,False,False,False,False,False,False,False,False,False,False,False,False,False,False,False,False,False,False,False,False,False,False,False,True,False
India,Coffee Maker,2025-07-19,Home & Kitchen,1.0,273.4,0.04,20.0,2.0,1.0,0.0,5,19,29,7,3,200,1,-0.9749279121818236,-0.2225209339563146,-0.4999999999999997,-0.8660254037844388,1.0,1,3.0,1,0.0,1,0.0,1,1.1428571428571428,1.214985792587914,0.0,3.0,0.6428571428571429,0.5,0.922958206990893,0.0,3.0,2.2857142857142856,1,100.52,172.88,1.7198567449263829,False,True,False,False,False,False,False,False,False,True,False,False,False,False,False,False,False,False,False,False,False,False,False,False,False,False,False,False,False,False,False,False,False,False,True,False
India,Coffee Maker,2025-07-20,Home & Kitchen,0.0,273.4,,20.0,2.0,0.0,0.0,6,20,29,7,3,201,1,-0.7818314824680299,0.6234898018587334,-0.4999999999999997,-0.8660254037844388,1.0,1,0.0,1,0.0,1,0.0,1,0.8571428571428571,0.8997354108424415,0.0,2.0,0.7142857142857143,0.5357142857142857,0.9222413461394435,0.0,3.0,1.5999999999999999,0,273.4,0.0,0.0,False,True,False,False,False,False,False,False,False,True,False,False,False,False,False,False,False,False,False,False,False,False,False,False,False,False,False,False,False,False,False,False,False,False,True,False
India,Coffee Maker,2025-07-21,Home & Kitchen,0.0,273.4,,20.0,2.0,0.0,0.0,0,21,30,7,3,202,0,0.0,1.0,-0.4999999999999997,-0.8660254037844388,0.0,1,2.0,1,0.0,1,0.0,1,0.8571428571428571,0.8997354108424415,0.0,2.0,0.7142857142857143,0.5357142857142857,0.9222413461394435,0.0,3.0,1.5999999999999999,0,273.4,0.0,0.0,False,True,False,False,False,False,False,False,False,True,False,False,False,False,False,False,False,False,False,False,False,False,False,False,False,False,False,False,False,False,False,False,False,False,True,False
India,Coffee Maker,2025-07-22,Home & Kitchen,0.0,273.4,,20.0,2.0,0.0,0.0,1,22,30,7,3,203,0,0.7818314824680298,0.6234898018587336,-0.4999999999999997,-0.8660254037844388,0.0,1,2.0,1,1.0,1,0.0,1,0.5714285714285714,0.7867957924694492,0.0,2.0,0.7142857142857143,0.5357142857142857,0.9222413461394435,0.0,3.0,1.0666666666666667,0,273.4,0.0,0.0,False,True,False,False,False,False,False,False,False,True,False,False,False,False,False,False,False,False,False,False,False,False,False,False,False,False,False,False,False,False,False,False,False,False,True,False
India,Coffee Maker,2025-07-23,Home & Kitchen,3.0,182.88,0.07,20.0,2.0,1.0,0.0,2,23,30,7,3,204,0,0.9749279121818236,-0.22252093395631434,-0.4999999999999997,-0.8660254037844388,0.0,1,0.0,1,0.0,1,1.0,1,0.2857142857142857,0.4879500364742785,0.0,1.0,0.6428571428571429,0.5357142857142857,0.9222413461394435,0.0,3.0,0.5333333333333333,1,273.4,-90.51999999999998,-0.3310899780541331,False,True,False,False,False,False,False,False,False,True,False,False,False,False,False,False,False,False,False,False,False,False,False,False,False,False,False,False,False,False,False,False,False,False,True,False
India,Coffee Maker,2025-07-24,Home & Kitchen,0.0,182.88,,20.0,2.0,0.0,0.0,3,24,30,7,3,205,0,0.43388373911755823,-0.900968867902419,-0.4999999999999997,-0.8660254037844388,3.0,1,0.0,1,0.0,1,1.0,1,0.7142857142857143,1.1126972805283772,0.0,3.0,0.8571428571428571,0.6071428571428571,1.0306159867619484,0.0,3.0,1.1764705882352942,0,182.88,0.0,0.0,False,True,False,False,False,False,False,False,False,True,False,False,False,False,False,False,False,False,False,False,False,False,False,False,False,False,False,False,False,False,False,False,False,False,True,False
India,Coffee Maker,2025-07-25,Home & Kitchen,0.0,182.88,,20.0,2.0,0.0,0.0,4,25,30,7,3,206,0,-0.433883739117558,-0.9009688679024191,-0.4999999999999997,-0.8660254037844388,0.0,1,1.0,1,0.0,1,0.0,1,0.7142857142857143,1.1126972805283772,0.0,3.0,0.8571428571428571,0.5714285714285714,1.033819650027538,0.0,3.0,1.25,0,182.88,0.0,0.0,False,True,False,False,False,False,False,False,False,True,False,False,False,False,False,False,False,False,False,False,False,False,False,False,False,False,False,False,False,False,False,False,False,False,True,False
India,Coffee Maker,2025-07-26,Home & Kitchen,0.0,182.88,,20.0,2.0,0.0,0.0,5,26,30,7,3,207,1,-0.9749279121818236,-0.2225209339563146,-0.4999999999999997,-0.8660254037844388,0.0,1,1.0,1,3.0,1,0.0,1,0.5714285714285714,1.133893419027686,0.0,3.0,0.8571428571428571,0.5714285714285714,1.033819650027538,0.0,3.0,1.0,0,182.88,0.0,0.0,False,True,False,False,False,False,False,False,False,True,False,False,False,False,False,False,False,False,False,False,False,False,False,False,False,False,False,False,False,False,False,False,False,False,True,False
India,Coffee Maker,2025-07-27,Home & Kitchen,0.0,182.88,,20.0,2.0,0.0,0.0,6,27,30,7,3,208,1,-0.7818314824680299,0.6234898018587334,-0.4999999999999997,-0.8660254037844388,0.0,1,0.0,1,0.0,1,0.0,1,0.42857142857142855,1.1338934190276864,0.0,3.0,0.6428571428571429,0.5714285714285714,1.033819650027538,0.0,3.0,0.75,0,182.88,0.0,0.0,False,True,False,False,False,False,False,False,False,True,False,False,False,False,False,False,False,False,False,False,False,False,False,False,False,False,False,False,False,False,False,False,False,False,True,False
India,Coffee Maker,2025-07-28,Home & Kitchen,0.0,182.88,,20.0,2.0,0.0,0.0,0,28,31,7,3,209,0,0.0,1.0,-0.4999999999999997,-0.8660254037844388,0.0,1,0.0,1,2.0,1,0.0,1,0.42857142857142855,1.1338934190276864,0.0,3.0,0.6428571428571429,0.5714285714285714,1.033819650027538,0.0,3.0,0.75,0,182.88,0.0,0.0,False,True,False,False,False,False,False,False,False,True,False,False,False,False,False,False,False,False,False,False,False,False,False,False,False,False,False,False,False,False,False,False,False,False,True,False
India,Coffee Maker,2025-07-29,Home & Kitchen,0.0,182.88,,20.0,2.0,0.0,0.0,1,29,31,7,3,210,0,0.7818314824680298,0.6234898018587336,-0.4999999999999997,-0.8660254037844388,0.0,1,0.0,1,2.0,1,3.0,1,0.42857142857142855,1.1338934190276864,0.0,3.0,0.5,0.5714285714285714,1.033819650027538,0.0,3.0,0.75,0,182.88,0.0,0.0,False,True,False,False,False,False,False,False,False,True,False,False,False,False,False,False,False,False,False,False,False,False,False,False,False,False,False,False,False,False,False,False,False,False,True,False
India,Coffee Maker,2025-07-30,Home & Kitchen,0.0,182.88,,20.0,2.0,0.0,0.0,2,30,31,7,3,211,0,0.9749279121818236,-0.22252093395631434,-0.4999999999999997,-0.8660254037844388,0.0,1,3.0,1,0.0,1,0.0,1,0.42857142857142855,1.1338934190276864,0.0,3.0,0.35714285714285715,0.4642857142857143,0.9222413461394436,0.0,3.0,0.923076923076923,0,182.88,0.0,0.0,False,True,False,False,False,False,False,False,False,True,False,False,False,False,False,False,False,False,False,False,False,False,False,False,False,False,False,False,False,False,False,False,False,False,True,False
India,Coffee Maker,2025-07-31,Home & Kitchen,0.0,182.88,,20.0,2.0,0.0,0.0,3,31,31,7,3,212,0,0.43388373911755823,-0.900968867902419,-0.4999999999999997,-0.8660254037844388,0.0,1,0.0,1,0.0,1,0.0,1,0.0,0.0,0.0,0.0,0.35714285714285715,0.4642857142857143,0.9222413461394436,0.0,3.0,0.0,0,182.88,0.0,0.0,False,True,False,False,False,False,False,False,False,True,False,False,False,False,False,False,False,False,False,False,False,False,False,False,False,False,False,False,False,False,False,False,False,False,True,False
India,Coffee Maker,2025-08-01,Home & Kitchen,0.0,182.88,,20.0,2.0,0.0,0.0,4,1,31,8,3,213,0,-0.433883739117558,-0.9009688679024191,-0.8660254037844385,-0.5000000000000004,0.0,1,0.0,1,1.0,1,0.0,1,0.0,0.0,0.0,0.0,0.35714285714285715,0.4642857142857143,0.9222413461394436,0.0,3.0,0.0,0,182.88,0.0,0.0,False,True,False,False,False,False,False,False,False,True,False,False,False,False,False,False,False,False,False,False,False,False,False,False,False,False,False,False,False,False,False,False,False,False,True,False
India,Coffee Maker,2025-08-02,Home & Kitchen,3.0,73.3,0.03,20.0,2.0,1.0,0.0,5,2,31,8,3,214,1,-0.9749279121818236,-0.2225209339563146,-0.8660254037844385,-0.5000000000000004,0.0,1,0.0,1,1.0,1,0.0,1,0.0,0.0,0.0,0.0,0.2857142857142857,0.4642857142857143,0.9222413461394436,0.0,3.0,0.0,1,182.88,-109.58,-0.5991907261592301,False,True,False,False,False,False,False,False,False,True,False,False,False,False,False,False,False,False,False,False,False,False,False,False,False,False,False,False,False,False,False,False,False,False,True,False
India,Coffee Maker,2025-08-03,Home & Kitchen,4.0,164.105,0.12,20.0,2.0,1.0,0.0,6,3,31,8,3,215,1,-0.7818314824680299,0.6234898018587334,-0.8660254037844385,-0.5000000000000004,3.0,1,0.0,1,0.0,1,0.0,1,0.42857142857142855,1.1338934190276864,0.0,3.0,0.42857142857142855,0.5714285714285714,1.033819650027538,0.0,3.0,0.75,1,73.3,90.80499999999999,1.23881309686221,False,True,False,False,False,False,False,False,False,True,False,False,False,False,False,False,False,False,False,False,False,False,False,False,False,False,False,False,False,False,False,False,False,False,True,False
India,Coffee Maker,2025-08-04,Home & Kitchen,0.0,164.105,,20.0,2.0,0.0,0.0,0,4,32,8,3,216,0,0.0,1.0,-0.8660254037844385,-0.5000000000000004,4.0,1,0.0,1,0.0,1,0.0,1,1.0,1.732050807568879,0.0,4.0,0.7142857142857143,0.7142857142857143,1.2128064441201916,0.0,4.0,1.4,0,164.105,0.0,0.0,False,True,False,False,False,False,False,False,False,True,False,False,False,False,False,False,False,False,False,False,False,False,False,False,False,False,False,False,False,False,False,False,False,False,True,False
India,Coffee Maker,2025-08-05,Home & Kitchen,0.0,164.105,,20.0,2.0,0.0,0.0,1,5,32,8,3,217,0,0.7818314824680298,0.6234898018587336,-0.8660254037844385,-0.5000000000000004,0.0,1,0.0,1,0.0,1,1.0,1,1.0,1.732050807568879,0.0,4.0,0.7142857142857143,0.7142857142857143,1.2128064441201916,0.0,4.0,1.4,0,164.105,0.0,0.0,False,True,False,False,False,False,False,False,False,True,False,False,False,False,False,False,False,False,False,False,False,False,False,False,False,False,False,False,False,False,False,False,False,False,True,False
India,Coffee Maker,2025-08-06,Home & Kitchen,0.0,164.105,,20.0,2.0,0.0,0.0,2,6,32,8,3,218,0,0.9749279121818236,-0.22252093395631434,-0.8660254037844385,-0.5000000000000004,0.0,1,0.0,1,3.0,1,0.0,1,1.0,1.732050807568879,0.0,4.0,0.7142857142857143,0.6785714285714286,1.218790275416459,0.0,4.0,1.4736842105263157,0,164.105,0.0,0.0,False,True,False,False,False,False,False,False,False,True,False,False,False,False,False,False,False,False,False,False,False,False,False,False,False,False,False,False,False,False,False,False,False,False,True,False
India,Coffee Maker,2025-08-07,Home & Kitchen,0.0,164.105,,20.0,2.0,0.0,0.0,3,7,32,8,3,219,0,0.43388373911755823,-0.900968867902419,-0.8660254037844385,-0.5000000000000004,0.0,1,0.0,1,0.0,1,0.0,1,1.0,1.732050807568879,0.0,4.0,0.5,0.6785714285714286,1.218790275416459,0.0,4.0,1.4736842105263157,0,164.105,0.0,0.0,False,True,False,False,False,False,False,False,False,True,False,False,False,False,False,False,False,False,False,False,False,False,False,False,False,False,False,False,False,False,False,False,False,False,True,False
India,Coffee Maker,2025-08-08,Home & Kitchen,0.0,164.105,,20.0,2.0,0.0,0.0,4,8,32,8,3,220,0,-0.433883739117558,-0.9009688679024191,-0.8660254037844385,-0.5000000000000004,0.0,1,0.0,1,0.0,1,0.0,1,1.0,1.732050807568879,0.0,4.0,0.5,0.6785714285714286,1.218790275416459,0.0,4.0,1.4736842105263157,0,164.105,0.0,0.0,False,True,False,False,False,False,False,False,False,True,False,False,False,False,False,False,False,False,False,False,False,False,False,False,False,False,False,False,False,False,False,False,False,False,True,False
India,Coffee Maker,2025-08-09,Home & Kitchen,3.0,170.01,0.15,20.0,2.0,1.0,0.0,5,9,32,8,3,221,1,-0.9749279121818236,-0.2225209339563146,-0.8660254037844385,-0.5000000000000004,0.0,1,3.0,1,0.0,1,3.0,1,1.0,1.732050807568879,0.0,4.0,0.5,0.6785714285714286,1.218790275416459,0.0,4.0,1.4736842105263157,1,164.105,5.905000000000001,0.03598305962645868,False,True,False,False,False,False,False,False,False,True,False,False,False,False,False,False,False,False,False,False,False,False,False,False,False,False,False,False,False,False,False,False,False,False,True,False
India,Coffee Maker,2025-08-10,Home & Kitchen,0.0,170.01,,20.0,2.0,0.0,0.0,6,10,32,8,3,222,1,-0.7818314824680299,0.6234898018587334,-0.8660254037844385,-0.5000000000000004,3.0,1,4.0,1,0.0,1,0.0,1,1.0,1.732050807568879,0.0,4.0,0.7142857142857143,0.6785714285714286,1.218790275416459,0.0,4.0,1.4736842105263157,0,170.01,0.0,0.0,False,True,False,False,False,False,False,False,False,True,False,False,False,False,False,False,False,False,False,False,False,False,False,False,False,False,False,False,False,False,False,False,False,False,True,False
India,Coffee Maker,2025-08-11,Home & Kitchen,0.0,170.01,,20.0,2.0,0.0,0.0,0,11,33,8,3,223,0,0.0,1.0,-0.8660254037844385,-0.5000000000000004,0.0,1,0.0,1,0.0,1,2.0,1,0.42857142857142855,1.1338934190276864,0.0,3.0,0.7142857142857143,0.6785714285714286,1.218790275416459,0.0,4.0,0.631578947368421,0,170.01,0.0,0.0,False,True,False,False,False,False,False,False,False,True,False,False,False,False,False,False,False,False,False,False,False,False,False,False,False,False,False,False,False,False,False,False,False,False,True,False
India,Coffee Maker,2025-08-12,Home & Kitchen,0.0,170.01,,20.0,2.0,0.0,0.0,1,12,33,8,3,224,0,0.7818314824680298,0.6234898018587336,-0.8660254037844385,-0.5000000000000004,0.0,1,0.0,1,0.0,1,2.0,1,0.42857142857142855,1.1338934190276864,0.0,3.0,0.7142857142857143,0.6071428571428571,1.1968874978625497,0.0,4.0,0.7058823529411765,0,170.01,0.0,0.0,False,True,False,False,False,False,False,False,False,True,False,False,False,False,False,False,False,False,False,False,False,False,False,False,False,False,False,False,False,False,False,False,False,False,True,False
India,Coffee Maker,2025-08-13,Home & Kitchen,0.0,170.01,,20.0,2.0,0.0,0.0,2,13,33,8,3,225,0,0.9749279121818236,-0.22252093395631434,-0.8660254037844385,-0.5000000000000004,0.0,1,0.0,1,0.0,1,0.0,1,0.42857142857142855,1.1338934190276864,0.0,3.0,0.7142857142857143,0.5357142857142857,1.1700630833624364,0.0,4.0,0.7999999999999999,0,170.01,0.0,0.0,False,True,False,False,False,False,False,False,False,True,False,False,False,False,False,False,False,False,False,False,False,False,False,False,False,False,False,False,False,False,False,False,False,False,True,False
India,Coffee Maker,2025-08-14,Home & Kitchen,0.0,170.01,,20.0,2.0,0.0,0.0,3,14,33,8,3,226,0,0.43388373911755823,-0.900968867902419,-0.8660254037844385,-0.5000000000000004,0.0,1,0.0,1,0.0,1,0.0,1,0.42857142857142855,1.1338934190276864,0.0,3.0,0.7142857142857143,0.5357142857142857,1.1700630833624364,0.0,4.0,0.7999999999999999,0,170.01,0.0,0.0,False,True,False,False,False,False,False,False,False,True,False,False,False,False,False,False,False,False,False,False,False,False,False,False,False,False,False,False,False,False,False,False,False,False,True,False
India,Coffee Maker,2025-08-15,Home & Kitchen,0.0,170.01,,20.0,2.0,0.0,0.0,4,15,33,8,3,227,0,-0.433883739117558,-0.9009688679024191,-0.8660254037844385,-0.5000000000000004,0.0,1,0.0,1,0.0,1,1.0,1,0.42857142857142855,1.1338934190276864,0.0,3.0,0.7142857142857143,0.5357142857142857,1.1700630833624364,0.0,4.0,0.7999999999999999,0,170.01,0.0,0.0,False,True,False,False,False,False,False,False,False,True,False,False,False,False,False,False,False,False,False,False,False,False,False,False,False,False,False,False,False,False,False,False,False,False,True,False
India,Coffee Maker,2025-08-16,Home & Kitchen,0.0,170.01,,20.0,2.0,0.0,0.0,5,16,33,8,3,228,1,-0.9749279121818236,-0.2225209339563146,-0.8660254037844385,-0.5000000000000004,0.0,1,3.0,1,3.0,1,1.0,1,0.42857142857142855,1.1338934190276864,0.0,3.0,0.7142857142857143,0.5,1.1706281947614123,0.0,4.0,0.8571428571428571,0,170.01,0.0,0.0,False,True,False,False,False,False,False,False,False,True,False,False,False,False,False,False,False,False,False,False,False,False,False,False,False,False,False,False,False,False,False,False,False,False,True,False
India,Coffee Maker,2025-08-17,Home & Kitchen,0.0,170.01,,20.0,2.0,0.0,0.0,6,17,33,8,3,229,1,-0.7818314824680299,0.6234898018587334,-0.8660254037844385,-0.5000000000000004,0.0,1,0.0,1,4.0,1,0.0,1,0.0,0.0,0.0,0.0,0.5,0.4642857142857143,1.1700630833624364,0.0,4.0,0.0,0,170.01,0.0,0.0,False,True,False,False,False,False,False,False,False,True,False,False,False,False,False,False,False,False,False,False,False,False,False,False,False,False,False,False,False,False,False,False,False,False,True,False
India,Coffee Maker,2025-08-18,Home & Kitchen,0.0,170.01,,20.0,2.0,0.0,0.0,0,18,34,8,3,230,0,0.0,1.0,-0.8660254037844385,-0.5000000000000004,0.0,1,0.0,1,0.0,1,0.0,1,0.0,0.0,0.0,0.0,0.21428571428571427,0.4642857142857143,1.1700630833624364,0.0,4.0,0.0,0,170.01,0.0,0.0,False,True,False,False,False,False,False,False,False,True,False,False,False,False,False,False,False,False,False,False,False,False,False,False,False,False,False,False,False,False,False,False,False,False,True,False
India,Coffee Maker,2025-08-19,Home & Kitchen,0.0,170.01,,20.0,2.0,0.0,0.0,1,19,34,8,3,231,0,0.7818314824680298,0.6234898018587336,-0.8660254037844385,-0.5000000000000004,0.0,1,0.0,1,0.0,1,0.0,1,0.0,0.0,0.0,0.0,0.21428571428571427,0.4642857142857143,1.1700630833624364,0.0,4.0,0.0,0,170.01,0.0,0.0,False,True,False,False,False,False,False,False,False,True,False,False,False,False,False,False,False,False,False,False,False,False,False,False,False,False,False,False,False,False,False,False,False,False,True,False
India,Coffee Maker,2025-08-20,Home & Kitchen,0.0,170.01,,20.0,2.0,0.0,0.0,2,20,34,8,3,232,0,0.9749279121818236,-0.22252093395631434,-0.8660254037844385,-0.5000000000000004,0.0,1,0.0,1,0.0,1,3.0,1,0.0,0.0,0.0,0.0,0.21428571428571427,0.4642857142857143,1.1700630833624364,0.0,4.0,0.0,0,170.01,0.0,0.0,False,True,False,False,False,False,False,False,False,True,False,False,False,False,False,False,False,False,False,False,False,False,False,False,False,False,False,False,False,False,False,False,False,False,True,False
India,Coffee Maker,2025-08-21,Home & Kitchen,0.0,170.01,,20.0,2.0,0.0,0.0,3,21,34,8,3,233,0,0.43388373911755823,-0.900968867902419,-0.8660254037844385,-0.5000000000000004,0.0,1,0.0,1,0.0,1,0.0,1,0.0,0.0,0.0,0.0,0.21428571428571427,0.35714285714285715,1.0615950861718038,0.0,4.0,0.0,0,170.01,0.0,0.0,False,True,False,False,False,False,False,False,False,True,False,False,False,False,False,False,False,False,False,False,False,False,False,False,False,False,False,False,False,False,False,False,False,False,True,False
India,Coffee Maker,2025-08-22,Home & Kitchen,0.0,170.01,,20.0,2.0,0.0,0.0,4,22,34,8,3,234,0,-0.433883739117558,-0.9009688679024191,-0.8660254037844385,-0.5000000000000004,0.0,1,0.0,1,0.0,1,0.0,1,0.0,0.0,0.0,0.0,0.21428571428571427,0.35714285714285715,1.0615950861718038,0.0,4.0,0.0,0,170.01,0.0,0.0,False,True,False,False,False,False,False,False,False,True,False,False,False,False,False,False,False,False,False,False,False,False,False,False,False,False,False,False,False,False,False,False,False,False,True,False
India,Coffee Maker,2025-08-23,Home & Kitchen,0.0,170.01,,20.0,2.0,0.0,0.0,5,23,34,8,3,235,1,-0.9749279121818236,-0.2225209339563146,-0.8660254037844385,-0.5000000000000004,0.0,1,0.0,1,3.0,1,0.0,1,0.0,0.0,0.0,0.0,0.21428571428571427,0.35714285714285715,1.0615950861718038,0.0,4.0,0.0,0,170.01,0.0,0.0,False,True,False,False,False,False,False,False,False,True,False,False,False,False,False,False,False,False,False,False,False,False,False,False,False,False,False,False,False,False,False,False,False,False,True,False
India,Coffee Maker,2025-08-24,Home & Kitchen,0.0,170.01,,20.0,2.0,0.0,0.0,6,24,34,8,3,236,1,-0.7818314824680299,0.6234898018587334,-0.8660254037844385,-0.5000000000000004,0.0,1,0.0,1,0.0,1,0.0,1,0.0,0.0,0.0,0.0,0.0,0.35714285714285715,1.0615950861718038,0.0,4.0,0.0,0,170.01,0.0,0.0,False,True,False,False,False,False,False,False,False,True,False,False,False,False,False,False,False,False,False,False,False,False,False,False,False,False,False,False,False,False,False,False,False,False,True,False
India,Coffee Maker,2025-08-25,Home & Kitchen,2.0,94.01,0.0,20.0,2.0,0.0,0.0,0,25,35,8,3,237,0,0.0,1.0,-0.8660254037844385,-0.5000000000000004,0.0,1,0.0,1,0.0,1,0.0,1,0.0,0.0,0.0,0.0,0.0,0.35714285714285715,1.0615950861718038,0.0,4.0,0.0,0,170.01,-75.99999999999999,-0.4470325274983824,False,True,False,False,False,False,False,False,False,True,False,False,False,False,False,False,False,False,False,False,False,False,False,False,False,False,False,False,False,False,False,False,False,False,True,False
India,Coffee Maker,2025-08-26,Home & Kitchen,0.0,94.01,,20.0,2.0,0.0,0.0,1,26,35,8,3,238,0,0.7818314824680298,0.6234898018587336,-0.8660254037844385,-0.5000000000000004,2.0,1,0.0,1,0.0,1,0.0,1,0.2857142857142857,0.7559289460184623,0.0,2.0,0.14285714285714285,0.42857142857142855,1.1031460542154923,0.0,4.0,0.6666666666666666,0,94.01,0.0,0.0,False,True,False,False,False,False,False,False,False,True,False,False,False,False,False,False,False,False,False,False,False,False,False,False,False,False,False,False,False,False,False,False,False,False,True,False
India,Coffee Maker,2025-08-27,Home & Kitchen,0.0,94.01,,20.0,2.0,0.0,0.0,2,27,35,8,3,239,0,0.9749279121818236,-0.22252093395631434,-0.8660254037844385,-0.5000000000000004,0.0,1,0.0,1,0.0,1,0.0,1,0.2857142857142857,0.7559289460184623,0.0,2.0,0.14285714285714285,0.42857142857142855,1.1031460542154923,0.0,4.0,0.6666666666666666,0,94.01,0.0,0.0,False,True,False,False,False,False,False,False,False,True,False,False,False,False,False,False,False,False,False,False,False,False,False,False,False,False,False,False,False,False,False,False,False,False,True,False
India,Coffee Maker,2025-08-28,Home & Kitchen,0.0,94.01,,20.0,2.0,0.0,0.0,3,28,35,8,3,240,0,0.43388373911755823,-0.900968867902419,-0.8660254037844385,-0.5000000000000004,0.0,1,0.0,1,0.0,1,0.0,1,0.2857142857142857,0.7559289460184623,0.0,2.0,0.14285714285714285,0.42857142857142855,1.1031460542154923,0.0,4.0,0.6666666666666666,0,94.01,0.0,0.0,False,True,False,False,False,False,False,False,False,True,False,False,False,False,False,False,False,False,False,False,False,False,False,False,False,False,False,False,False,False,False,False,False,False,True,False
India,Coffee Maker,2025-08-29,Home & Kitchen,0.0,94.01,,20.0,2.0,0.0,0.0,4,29,35,8,3,241,0,-0.433883739117558,-0.9009688679024191,-0.8660254037844385,-0.5000000000000004,0.0,1,0.0,1,0.0,1,0.0,1,0.2857142857142857,0.7559289460184623,0.0,2.0,0.14285714285714285,0.42857142857142855,1.1031460542154923,0.0,4.0,0.6666666666666666,0,94.01,0.0,0.0,False,True,False,False,False,False,False,False,False,True,False,False,False,False,False,False,False,False,False,False,False,False,False,False,False,False,False,False,False,False,False,False,False,False,True,False
India,Coffee Maker,2025-08-30,Home & Kitchen,2.0,170.63,0.14,20.0,2.0,1.0,0.0,5,30,35,8,3,242,1,-0.9749279121818236,-0.2225209339563146,-0.8660254037844385,-0.5000000000000004,0.0,1,0.0,1,0.0,1,3.0,1,0.2857142857142857,0.7559289460184623,0.0,2.0,0.14285714285714285,0.42857142857142855,1.1031460542154923,0.0,4.0,0.6666666666666666,1,94.01,76.61999999999999,0.8150196787575789,False,True,False,False,False,False,False,False,False,True,False,False,False,False,False,False,False,False,False,False,False,False,False,False,False,False,False,False,False,False,False,False,False,False,True,False
India,Coffee Maker,2025-08-31,Home & Kitchen,0.0,170.63,,20.0,2.0,0.0,0.0,6,31,35,8,3,243,1,-0.7818314824680299,0.6234898018587334,-0.8660254037844385,-0.5000000000000004,2.0,1,0.0,1,0.0,1,4.0,1,0.5714285714285714,0.9759000729485381,0.0,2.0,0.2857142857142857,0.39285714285714285,1.0306159867619487,0.0,4.0,1.4545454545454546,0,170.63,0.0,0.0,False,True,False,False,False,False,False,False,False,True,False,False,False,False,False,False,False,False,False,False,False,False,False,False,False,False,False,False,False,False,False,False,False,False,True,False
India,Coffee Maker,2025-09-01,Home & Kitchen,0.0,170.63,,20.0,2.0,0.0,0.0,0,1,36,9,3,244,0,0.0,1.0,-1.0,-1.8369701987210297e-16,0.0,1,2.0,1,0.0,1,0.0,1,0.5714285714285714,0.9759000729485381,0.0,2.0,0.2857142857142857,0.25,0.7515416254704776,0.0,3.0,2.2857142857142856,0,170.63,0.0,0.0,False,True,False,False,False,False,False,False,False,True,False,False,False,False,False,False,False,False,False,False,False,False,False,False,False,False,False,False,False,False,False,False,False,False,True,False
India,Coffee Maker,2025-09-02,Home & Kitchen,0.0,170.63,,20.0,2.0,0.0,0.0,1,2,36,9,3,245,0,0.7818314824680298,0.6234898018587336,-1.0,-1.8369701987210297e-16,0.0,1,0.0,1,0.0,1,0.0,1,0.2857142857142857,0.7559289460184623,0.0,2.0,0.2857142857142857,0.25,0.7515416254704776,0.0,3.0,1.1428571428571428,0,170.63,0.0,0.0,False,True,False,False,False,False,False,False,False,True,False,False,False,False,False,False,False,False,False,False,False,False,False,False,False,False,False,False,False,False,False,False,False,False,True,False
India,Coffee Maker,2025-09-03,Home & Kitchen,0.0,170.63,,20.0,2.0,0.0,0.0,2,3,36,9,3,246,0,0.9749279121818236,-0.22252093395631434,-1.0,-1.8369701987210297e-16,0.0,1,0.0,1,0.0,1,0.0,1,0.2857142857142857,0.7559289460184623,0.0,2.0,0.2857142857142857,0.25,0.7515416254704776,0.0,3.0,1.1428571428571428,0,170.63,0.0,0.0,False,True,False,False,False,False,False,False,False,True,False,False,False,False,False,False,False,False,False,False,False,False,False,False,False,False,False,False,False,False,False,False,False,False,True,False
India,Coffee Maker,2025-09-04,Home & Kitchen,0.0,170.63,,20.0,2.0,0.0,0.0,3,4,36,9,3,247,0,0.43388373911755823,-0.900968867902419,-1.0,-1.8369701987210297e-16,0.0,1,0.0,1,0.0,1,0.0,1,0.2857142857142857,0.7559289460184623,0.0,2.0,0.2857142857142857,0.25,0.7515416254704776,0.0,3.0,1.1428571428571428,0,170.63,0.0,0.0,False,True,False,False,False,False,False,False,False,True,False,False,False,False,False,False,False,False,False,False,False,False,False,False,False,False,False,False,False,False,False,False,False,False,True,False
India,Coffee Maker,2025-09-05,Home & Kitchen,0.0,170.63,,20.0,2.0,0.0,0.0,4,5,36,9,3,248,0,-0.433883739117558,-0.9009688679024191,-1.0,-1.8369701987210297e-16,0.0,1,0.0,1,0.0,1,0.0,1,0.2857142857142857,0.7559289460184623,0.0,2.0,0.2857142857142857,0.25,0.7515416254704776,0.0,3.0,1.1428571428571428,0,170.63,0.0,0.0,False,True,False,False,False,False,False,False,False,True,False,False,False,False,False,False,False,False,False,False,False,False,False,False,False,False,False,False,False,False,False,False,False,False,True,False
India,Coffee Maker,2025-09-06,Home & Kitchen,0.0,170.63,,20.0,2.0,0.0,0.0,5,6,36,9,3,249,1,-0.9749279121818236,-0.2225209339563146,-1.0,-1.8369701987210297e-16,0.0,1,2.0,1,0.0,1,3.0,1,0.2857142857142857,0.7559289460184623,0.0,2.0,0.2857142857142857,0.25,0.7515416254704776,0.0,3.0,1.1428571428571428,0,170.63,0.0,0.0,False,True,False,False,False,False,False,False,False,True,False,False,False,False,False,False,False,False,False,False,False,False,False,False,False,False,False,False,False,False,False,False,False,False,True,False
India,Coffee Maker,2025-09-07,Home & Kitchen,0.0,170.63,,20.0,2.0,0.0,0.0,6,7,36,9,3,250,1,-0.7818314824680299,0.6234898018587334,-1.0,-1.8369701987210297e-16,0.0,1,0.0,1,0.0,1,0.0,1,0.0,0.0,0.0,0.0,0.2857142857142857,0.14285714285714285,0.5245305283129554,0.0,2.0,0.0,0,170.63,0.0,0.0,False,True,False,False,False,False,False,False,False,True,False,False,False,False,False,False,False,False,False,False,False,False,False,False,False,False,False,False,False,False,False,False,False,False,True,False
India,Coffee Maker,2025-09-08,Home & Kitchen,0.0,170.63,,20.0,2.0,0.0,0.0,0,8,37,9,3,251,0,0.0,1.0,-1.0,-1.8369701987210297e-16,0.0,1,0.0,1,2.0,1,0.0,1,0.0,0.0,0.0,0.0,0.2857142857142857,0.14285714285714285,0.5245305283129554,0.0,2.0,0.0,0,170.63,0.0,0.0,False,True,False,False,False,False,False,False,False,True,False,False,False,False,False,False,False,False,False,False,False,False,False,False,False,False,False,False,False,False,False,False,False,False,True,False
India,Coffee Maker,2025-09-09,Home & Kitchen,0.0,170.63,,20.0,2.0,0.0,0.0,1,9,37,9,3,252,0,0.7818314824680298,0.6234898018587336,-1.0,-1.8369701987210297e-16,0.0,1,0.0,1,0.0,1,0.0,1,0.0,0.0,0.0,0.0,0.14285714285714285,0.14285714285714285,0.5245305283129554,0.0,2.0,0.0,0,170.63,0.0,0.0,False,True,False,False,False,False,False,False,False,True,False,False,False,False,False,False,False,False,False,False,False,False,False,False,False,False,False,False,False,False,False,False,False,False,True,False
India,Coffee Maker,2025-09-10,Home & Kitchen,0.0,170.63,,20.0,2.0,0.0,0.0,2,10,37,9,3,253,0,0.9749279121818236,-0.22252093395631434,-1.0,-1.8369701987210297e-16,0.0,1,0.0,1,0.0,1,0.0,1,0.0,0.0,0.0,0.0,0.14285714285714285,0.14285714285714285,0.5245305283129554,0.0,2.0,0.0,0,170.63,0.0,0.0,False,True,False,False,False,False,False,False,False,True,False,False,False,False,False,False,False,False,False,False,False,False,False,False,False,False,False,False,False,False,False,False,False,False,True,False
India,Coffee Maker,2025-09-11,Home & Kitchen,0.0,170.63,,20.0,2.0,0.0,0.0,3,11,37,9,3,254,0,0.43388373911755823,-0.900968867902419,-1.0,-1.8369701987210297e-16,0.0,1,0.0,1,0.0,1,0.0,1,0.0,0.0,0.0,0.0,0.14285714285714285,0.14285714285714285,0.5245305283129554,0.0,2.0,0.0,0,170.63,0.0,0.0,False,True,False,False,False,False,False,False,False,True,False,False,False,False,False,False,False,False,False,False,False,False,False,False,False,False,False,False,False,False,False,False,False,False,True,False
India,Coffee Maker,2025-09-12,Home & Kitchen,3.0,43.29,0.0,20.0,2.0,0.0,0.0,4,12,37,9,3,255,0,-0.433883739117558,-0.9009688679024191,-1.0,-1.8369701987210297e-16,0.0,1,0.0,1,0.0,1,0.0,1,0.0,0.0,0.0,0.0,0.14285714285714285,0.14285714285714285,0.5245305283129554,0.0,2.0,0.0,0,170.63,-127.34,-0.746293148918713,False,True,False,False,False,False,False,False,False,True,False,False,False,False,False,False,False,False,False,False,False,False,False,False,False,False,False,False,False,False,False,False,False,False,True,False
India,Coffee Maker,2025-09-13,Home & Kitchen,0.0,43.29,,20.0,2.0,0.0,0.0,5,13,37,9,3,256,1,-0.9749279121818236,-0.2225209339563146,-1.0,-1.8369701987210297e-16,3.0,1,0.0,1,2.0,1,0.0,1,0.42857142857142855,1.1338934190276864,0.0,3.0,0.35714285714285715,0.25,0.7515416254704776,0.0,3.0,1.7142857142857142,0,43.29,0.0,0.0,False,True,False,False,False,False,False,False,False,True,False,False,False,False,False,False,False,False,False,False,False,False,False,False,False,False,False,False,False,False,False,False,False,False,True,False
India,Coffee Maker,2025-09-14,Home & Kitchen,0.0,43.29,,20.0,2.0,0.0,0.0,6,14,37,9,3,257,1,-0.7818314824680299,0.6234898018587334,-1.0,-1.8369701987210297e-16,0.0,1,0.0,1,0.0,1,0.0,1,0.42857142857142855,1.1338934190276864,0.0,3.0,0.21428571428571427,0.25,0.7515416254704776,0.0,3.0,1.7142857142857142,0,43.29,0.0,0.0,False,True,False,False,False,False,False,False,False,True,False,False,False,False,False,False,False,False,False,False,False,False,False,False,False,False,False,False,False,False,False,False,False,False,True,False
India,Coffee Maker,2025-09-15,Home & Kitchen,0.0,43.29,,20.0,2.0,0.0,0.0,0,15,38,9,3,258,0,0.0,1.0,-1.0,-1.8369701987210297e-16,0.0,1,0.0,1,0.0,1,0.0,1,0.42857142857142855,1.1338934190276864,0.0,3.0,0.21428571428571427,0.25,0.7515416254704776,0.0,3.0,1.7142857142857142,0,43.29,0.0,0.0,False,True,False,False,False,False,False,False,False,True,False,False,False,False,False,False,False,False,False,False,False,False,False,False,False,False,False,False,False,False,False,False,False,False,True,False
India,Coffee Maker,2025-09-16,Home & Kitchen,0.0,43.29,,20.0,2.0,0.0,0.0,1,16,38,9,3,259,0,0.7818314824680298,0.6234898018587336,-1.0,-1.8369701987210297e-16,0.0,1,0.0,1,0.0,1,0.0,1,0.42857142857142855,1.1338934190276864,0.0,3.0,0.21428571428571427,0.25,0.7515416254704776,0.0,3.0,1.7142857142857142,0,43.29,0.0,0.0,False,True,False,False,False,False,False,False,False,True,False,False,False,False,False,False,False,False,False,False,False,False,False,False,False,False,False,False,False,False,False,False,False,False,True,False
India,Coffee Maker,2025-09-17,Home & Kitchen,0.0,43.29,,20.0,2.0,0.0,0.0,2,17,38,9,3,260,0,0.9749279121818236,-0.22252093395631434,-1.0,-1.8369701987210297e-16,0.0,1,0.0,1,0.0,1,0.0,1,0.42857142857142855,1.1338934190276864,0.0,3.0,0.21428571428571427,0.25,0.7515416254704776,0.0,3.0,1.7142857142857142,0,43.29,0.0,0.0,False,True,False,False,False,False,False,False,False,True,False,False,False,False,False,False,False,False,False,False,False,False,False,False,False,False,False,False,False,False,False,False,False,False,True,False
India,Coffee Maker,2025-09-18,Home & Kitchen,0.0,43.29,,20.0,2.0,0.0,0.0,3,18,38,9,3,261,0,0.43388373911755823,-0.900968867902419,-1.0,-1.8369701987210297e-16,0.0,1,0.0,1,0.0,1,0.0,1,0.42857142857142855,1.1338934190276864,0.0,3.0,0.21428571428571427,0.25,0.7515416254704776,0.0,3.0,1.7142857142857142,0,43.29,0.0,0.0,False,True,False,False,False,False,False,False,False,True,False,False,False,False,False,False,False,False,False,False,False,False,False,False,False,False,False,False,False,False,False,False,False,False,True,False
India,Coffee Maker,2025-09-19,Home & Kitchen,0.0,43.29,,20.0,2.0,0.0,0.0,4,19,38,9,3,262,0,-0.433883739117558,-0.9009688679024191,-1.0,-1.8369701987210297e-16,0.0,1,3.0,1,0.0,1,0.0,1,0.42857142857142855,1.1338934190276864,0.0,3.0,0.21428571428571427,0.25,0.7515416254704776,0.0,3.0,1.7142857142857142,0,43.29,0.0,0.0,False,True,False,False,False,False,False,False,False,True,False,False,False,False,False,False,False,False,False,False,False,False,False,False,False,False,False,False,False,False,False,False,False,False,True,False
India,Coffee Maker,2025-09-20,Home & Kitchen,3.0,141.85,0.07,20.0,2.0,1.0,0.0,5,20,38,9,3,263,1,-0.9749279121818236,-0.2225209339563146,-1.0,-1.8369701987210297e-16,0.0,1,0.0,1,0.0,1,0.0,1,0.0,0.0,0.0,0.0,0.21428571428571427,0.25,0.7515416254704776,0.0,3.0,0.0,1,43.29,98.56,2.2767382767382767,False,True,False,False,False,False,False,False,False,True,False,False,False,False,False,False,False,False,False,False,False,False,False,False,False,False,False,False,False,False,False,False,False,False,True,False
India,Coffee Maker,2025-09-21,Home & Kitchen,0.0,141.85,,20.0,2.0,0.0,0.0,6,21,38,9,3,264,1,-0.7818314824680299,0.6234898018587334,-1.0,-1.8369701987210297e-16,3.0,1,0.0,1,0.0,1,0.0,1,0.42857142857142855,1.1338934190276864,0.0,3.0,0.42857142857142855,0.35714285714285715,0.9114207758701924,0.0,3.0,1.2,0,141.85,0.0,0.0,False,True,False,False,False,False,False,False,False,True,False,False,False,False,False,False,False,False,False,False,False,False,False,False,False,False,False,False,False,False,False,False,False,False,True,False
India,Coffee Maker,2025-09-22,Home & Kitchen,0.0,141.85,,20.0,2.0,0.0,0.0,0,22,39,9,3,265,0,0.0,1.0,-1.0,-1.8369701987210297e-16,0.0,1,0.0,1,0.0,1,2.0,1,0.42857142857142855,1.1338934190276864,0.0,3.0,0.42857142857142855,0.35714285714285715,0.9114207758701924,0.0,3.0,1.2,0,141.85,0.0,0.0,False,True,False,False,False,False,False,False,False,True,False,False,False,False,False,False,False,False,False,False,False,False,False,False,False,False,False,False,False,False,False,False,False,False,True,False
India,Coffee Maker,2025-09-23,Home & Kitchen,3.0,172.51000000000002,0.14,20.0,2.0,1.0,0.0,1,23,39,9,3,266,0,0.7818314824680298,0.6234898018587336,-1.0,-1.8369701987210297e-16,0.0,1,0.0,1,0.0,1,0.0,1,0.42857142857142855,1.1338934190276864,0.0,3.0,0.42857142857142855,0.2857142857142857,0.8544932592822035,0.0,3.0,1.5,1,141.85,30.660000000000025,0.21614381388790996,False,True,False,False,False,False,False,False,False,True,False,False,False,False,False,False,False,False,False,False,False,False,False,False,False,False,False,False,False,False,False,False,False,False,True,False
India,Coffee Maker,2025-09-24,Home & Kitchen,0.0,172.51000000000002,,20.0,2.0,0.0,0.0,2,24,39,9,3,267,0,0.9749279121818236,-0.22252093395631434,-1.0,-1.8369701987210297e-16,3.0,1,0.0,1,0.0,1,0.0,1,0.8571428571428571,1.4638501094228022,0.0,3.0,0.6428571428571429,0.39285714285714285,0.9940297973880013,0.0,3.0,2.1818181818181817,0,172.51000000000002,0.0,0.0,False,True,False,False,False,False,False,False,False,True,False,False,False,False,False,False,False,False,False,False,False,False,False,False,False,False,False,False,False,False,False,False,False,False,True,False
India,Coffee Maker,2025-09-25,Home & Kitchen,0.0,172.51000000000002,,20.0,2.0,0.0,0.0,3,25,39,9,3,268,0,0.43388373911755823,-0.900968867902419,-1.0,-1.8369701987210297e-16,0.0,1,0.0,1,0.0,1,0.0,1,0.8571428571428571,1.4638501094228022,0.0,3.0,0.6428571428571429,0.39285714285714285,0.9940297973880013,0.0,3.0,2.1818181818181817,0,172.51000000000002,0.0,0.0,False,True,False,False,False,False,False,False,False,True,False,False,False,False,False,False,False,False,False,False,False,False,False,False,False,False,False,False,False,False,False,False,False,False,True,False
India,Coffee Maker,2025-09-26,Home & Kitchen,0.0,172.51000000000002,,20.0,2.0,0.0,0.0,4,26,39,9,3,269,0,-0.433883739117558,-0.9009688679024191,-1.0,-1.8369701987210297e-16,0.0,1,0.0,1,3.0,1,0.0,1,0.8571428571428571,1.4638501094228022,0.0,3.0,0.6428571428571429,0.39285714285714285,0.9940297973880013,0.0,3.0,2.1818181818181817,0,172.51000000000002,0.0,0.0,False,True,False,False,False,False,False,False,False,True,False,False,False,False,False,False,False,False,False,False,False,False,False,False,False,False,False,False,False,False,False,False,False,False,True,False
India,Coffee Maker,2025-09-27,Home & Kitchen,0.0,172.51000000000002,,20.0,2.0,0.0,0.0,5,27,39,9,3,270,1,-0.9749279121818236,-0.2225209339563146,-1.0,-1.8369701987210297e-16,0.0,1,3.0,1,0.0,1,2.0,1,0.8571428571428571,1.4638501094228022,0.0,3.0,0.42857142857142855,0.39285714285714285,0.9940297973880013,0.0,3.0,2.1818181818181817,0,172.51000000000002,0.0,0.0,False,True,False,False,False,False,False,False,False,True,False,False,False,False,False,False,False,False,False,False,False,False,False,False,False,False,False,False,False,False,False,False,False,False,True,False
India,Coffee Maker,2025-09-28,Home & Kitchen,2.0,101.65,0.1,20.0,2.0,1.0,0.0,6,28,39,9,3,271,1,-0.7818314824680299,0.6234898018587334,-1.0,-1.8369701987210297e-16,0.0,1,0.0,1,0.0,1,0.0,1,0.42857142857142855,1.1338934190276864,0.0,3.0,0.42857142857142855,0.32142857142857145,0.9449111825230644,0.0,3.0,1.3333333333333333,1,172.51000000000002,-70.86000000000001,-0.410758796591502,False,True,False,False,False,False,False,False,False,True,False,False,False,False,False,False,False,False,False,False,False,False,False,False,False,False,False,False,False,False,False,False,False,False,True,False
India,Coffee Maker,2025-09-29,Home & Kitchen,0.0,101.65,,20.0,2.0,0.0,0.0,0,29,40,9,3,272,0,0.0,1.0,-1.0,-1.8369701987210297e-16,2.0,1,0.0,1,0.0,1,0.0,1,0.7142857142857143,1.253566341056021,0.0,3.0,0.5714285714285714,0.39285714285714285,0.9940297973880013,0.0,3.0,1.8181818181818183,0,101.65,0.0,0.0,False,True,False,False,False,False,False,False,False,True,False,False,False,False,False,False,False,False,False,False,False,False,False,False,False,False,False,False,False,False,False,False,False,False,True,False
India,Coffee Maker,2025-09-30,Home & Kitchen,0.0,101.65,,20.0,2.0,0.0,0.0,1,30,40,9,3,273,0,0.7818314824680298,0.6234898018587336,-1.0,-1.8369701987210297e-16,0.0,1,3.0,1,0.0,1,0.0,1,0.7142857142857143,1.253566341056021,0.0,3.0,0.5714285714285714,0.39285714285714285,0.9940297973880013,0.0,3.0,1.8181818181818183,0,101.65,0.0,0.0,False,True,False,False,False,False,False,False,False,True,False,False,False,False,False,False,False,False,False,False,False,False,False,False,False,False,False,False,False,False,False,False,False,False,True,False
India,Coffee Maker,2025-10-01,Home & Kitchen,0.0,101.65,,20.0,2.0,0.0,0.0,2,1,40,10,4,274,0,0.9749279121818236,-0.22252093395631434,-0.8660254037844386,0.5000000000000001,0.0,1,0.0,1,0.0,1,0.0,1,0.2857142857142857,0.7559289460184625,0.0,2.0,0.5714285714285714,0.39285714285714285,0.9940297973880013,0.0,3.0,0.7272727272727273,0,101.65,0.0,0.0,False,True,False,False,False,False,False,False,False,True,False,False,False,False,False,False,False,False,False,False,False,False,False,False,False,False,False,False,False,False,False,False,False,False,True,False
India,Coffee Maker,2025-10-02,Home & Kitchen,0.0,101.65,,20.0,2.0,0.0,0.0,3,2,40,10,4,275,0,0.43388373911755823,-0.900968867902419,-0.8660254037844386,0.5000000000000001,0.0,1,0.0,1,0.0,1,0.0,1,0.2857142857142857,0.7559289460184625,0.0,2.0,0.5714285714285714,0.39285714285714285,0.9940297973880013,0.0,3.0,0.7272727272727273,0,101.65,0.0,0.0,False,True,False,False,False,False,False,False,False,True,False,False,False,False,False,False,False,False,False,False,False,False,False,False,False,False,False,False,False,False,False,False,False,False,True,False
India,Coffee Maker,2025-10-03,Home & Kitchen,0.0,101.65,,20.0,2.0,0.0,0.0,4,3,40,10,4,276,0,-0.433883739117558,-0.9009688679024191,-0.8660254037844386,0.5000000000000001,0.0,1,0.0,1,0.0,1,0.0,1,0.2857142857142857,0.7559289460184625,0.0,2.0,0.5714285714285714,0.39285714285714285,0.9940297973880013,0.0,3.0,0.7272727272727273,0,101.65,0.0,0.0,False,True,False,False,False,False,False,False,False,True,False,False,False,False,False,False,False,False,False,False,False,False,False,False,False,False,False,False,False,False,False,False,False,False,True,False
India,Coffee Maker,2025-10-04,Home & Kitchen,0.0,101.65,,20.0,2.0,0.0,0.0,5,4,40,10,4,277,1,-0.9749279121818236,-0.2225209339563146,-0.8660254037844386,0.5000000000000001,0.0,1,0.0,1,3.0,1,0.0,1,0.2857142857142857,0.7559289460184625,0.0,2.0,0.5714285714285714,0.39285714285714285,0.9940297973880013,0.0,3.0,0.7272727272727273,0,101.65,0.0,0.0,False,True,False,False,False,False,False,False,False,True,False,False,False,False,False,False,False,False,False,False,False,False,False,False,False,False,False,False,False,False,False,False,False,False,True,False
India,Coffee Maker,2025-10-05,Home & Kitchen,0.0,101.65,,20.0,2.0,0.0,0.0,6,5,40,10,4,278,1,-0.7818314824680299,0.6234898018587334,-0.8660254037844386,0.5000000000000001,0.0,1,2.0,1,0.0,1,0.0,1,0.2857142857142857,0.7559289460184625,0.0,2.0,0.35714285714285715,0.39285714285714285,0.9940297973880013,0.0,3.0,0.7272727272727273,0,101.65,0.0,0.0,False,True,False,False,False,False,False,False,False,True,False,False,False,False,False,False,False,False,False,False,False,False,False,False,False,False,False,False,False,False,False,False,False,False,True,False
India,Coffee Maker,2025-10-06,Home & Kitchen,3.0,188.71,0.12,20.0,2.0,1.0,0.0,0,6,41,10,4,279,0,0.0,1.0,-0.8660254037844386,0.5000000000000001,0.0,1,0.0,1,0.0,1,0.0,1,0.0,0.0,0.0,0.0,0.35714285714285715,0.39285714285714285,0.9940297973880013,0.0,3.0,0.0,1,101.65,87.06,0.8564682734874569,False,True,False,False,False,False,False,False,False,True,False,False,False,False,False,False,False,False,False,False,False,False,False,False,False,False,False,False,False,False,False,False,False,False,True,False
India,Coffee Maker,2025-10-07,Home & Kitchen,0.0,188.71,,20.0,2.0,0.0,0.0,1,7,41,10,4,280,0,0.7818314824680298,0.6234898018587336,-0.8660254037844386,0.5000000000000001,3.0,1,0.0,1,3.0,1,0.0,1,0.42857142857142855,1.1338934190276866,0.0,3.0,0.5714285714285714,0.5,1.1055415967851299,0.0,3.0,0.8571428571428571,0,188.71,0.0,0.0,False,True,False,False,False,False,False,False,False,True,False,False,False,False,False,False,False,False,False,False,False,False,False,False,False,False,False,False,False,False,False,False,False,False,True,False
India,Coffee Maker,2025-10-08,Home & Kitchen,0.0,188.71,,20.0,2.0,0.0,0.0,2,8,41,10,4,281,0,0.9749279121818236,-0.22252093395631434,-0.8660254037844386,0.5000000000000001,0.0,1,0.0,1,0.0,1,0.0,1,0.42857142857142855,1.1338934190276866,0.0,3.0,0.35714285714285715,0.5,1.1055415967851299,0.0,3.0,0.8571428571428571,0,188.71,0.0,0.0,False,True,False,False,False,False,False,False,False,True,False,False,False,False,False,False,False,False,False,False,False,False,False,False,False,False,False,False,False,False,False,False,False,False,True,False
India,Coffee Maker,2025-10-09,Home & Kitchen,0.0,188.71,,20.0,2.0,0.0,0.0,3,9,41,10,4,282,0,0.43388373911755823,-0.900968867902419,-0.8660254037844386,0.5000000000000001,0.0,1,0.0,1,0.0,1,0.0,1,0.42857142857142855,1.1338934190276866,0.0,3.0,0.35714285714285715,0.5,1.1055415967851299,0.0,3.0,0.8571428571428571,0,188.71,0.0,0.0,False,True,False,False,False,False,False,False,False,True,False,False,False,False,False,False,False,False,False,False,False,False,False,False,False,False,False,False,False,False,False,False,False,False,True,False
India,Coffee Maker,2025-10-10,Home & Kitchen,0.0,188.71,,20.0,2.0,0.0,0.0,4,10,41,10,4,283,0,-0.433883739117558,-0.9009688679024191,-0.8660254037844386,0.5000000000000001,0.0,1,0.0,1,0.0,1,3.0,1,0.42857142857142855,1.1338934190276866,0.0,3.0,0.35714285714285715,0.5,1.1055415967851299,0.0,3.0,0.8571428571428571,0,188.71,0.0,0.0,False,True,False,False,False,False,False,False,False,True,False,False,False,False,False,False,False,False,False,False,False,False,False,False,False,False,False,False,False,False,False,False,False,False,True,False
India,Coffee Maker,2025-10-11,Home & Kitchen,3.0,98.48,0.07,20.0,2.0,1.0,0.0,5,11,41,10,4,284,1,-0.9749279121818236,-0.2225209339563146,-0.8660254037844386,0.5000000000000001,0.0,1,0.0,1,0.0,1,0.0,1,0.42857142857142855,1.1338934190276866,0.0,3.0,0.35714285714285715,0.39285714285714285,0.9940297973880012,0.0,3.0,1.0909090909090908,1,188.71,-90.23,-0.4781410630067299,False,True,False,False,False,False,False,False,False,True,False,False,False,False,False,False,False,False,False,False,False,False,False,False,False,False,False,False,False,False,False,False,False,False,True,False
India,Coffee Maker,2025-10-12,Home & Kitchen,3.0,183.16,0.02,20.0,2.0,1.0,0.0,6,12,41,10,4,285,1,-0.7818314824680299,0.6234898018587334,-0.8660254037844386,0.5000000000000001,3.0,1,0.0,1,2.0,1,0.0,1,0.8571428571428571,1.4638501094228025,0.0,3.0,0.5714285714285714,0.5,1.1055415967851299,0.0,3.0,1.7142857142857142,1,98.48,84.67999999999999,0.8598700243704305,False,True,False,False,False,False,False,False,False,True,False,False,False,False,False,False,False,False,False,False,False,False,False,False,False,False,False,False,False,False,False,False,False,False,True,False
India,Coffee Maker,2025-10-13,Home & Kitchen,2.0,175.09,0.12,20.0,2.0,1.0,0.0,0,13,42,10,4,286,0,0.0,1.0,-0.8660254037844386,0.5000000000000001,3.0,1,3.0,1,0.0,1,0.0,1,1.2857142857142858,1.6035674514745477,0.0,3.0,0.6428571428571429,0.6071428571428571,1.1968874978625499,0.0,3.0,2.11764705882353,1,183.16,-8.069999999999993,-0.044059838392662115,False,True,False,False,False,False,False,False,False,True,False,False,False,False,False,False,False,False,False,False,False,False,False,False,False,False,False,False,False,False,False,False,False,False,True,False
India,Coffee Maker,2025-10-14,Home & Kitchen,3.0,47.2,0.03,20.0,2.0,1.0,0.0,1,14,42,10,4,287,0,0.7818314824680298,0.6234898018587336,-0.8660254037844386,0.5000000000000001,2.0,1,0.0,1,0.0,1,0.0,1,1.1428571428571428,1.4638501094228016,0.0,3.0,0.7857142857142857,0.6785714285714286,1.218790275416459,0.0,3.0,1.6842105263157894,1,175.09,-127.89,-0.730424353189788,False,True,False,False,False,False,False,False,False,True,False,False,False,False,False,False,False,False,False,False,False,False,False,False,False,False,False,False,False,False,False,False,False,False,True,False
India,Coffee Maker,2025-10-15,Home & Kitchen,0.0,47.2,,20.0,2.0,0.0,0.0,2,15,42,10,4,288,0,0.9749279121818236,-0.22252093395631434,-0.8660254037844386,0.5000000000000001,3.0,1,0.0,1,0.0,1,0.0,1,1.5714285714285714,1.5118578920369097,0.0,3.0,1.0,0.7857142857142857,1.2868895275370955,0.0,3.0,2.0,0,47.2,0.0,0.0,False,True,False,False,False,False,False,False,False,True,False,False,False,False,False,False,False,False,False,False,False,False,False,False,False,False,False,False,False,False,False,False,False,False,True,False
India,Coffee Maker,2025-10-16,Home & Kitchen,0.0,47.2,,20.0,2.0,0.0,0.0,3,16,42,10,4,289,0,0.43388373911755823,-0.900968867902419,-0.8660254037844386,0.5000000000000001,0.0,1,0.0,1,0.0,1,0.0,1,1.5714285714285714,1.5118578920369097,0.0,3.0,1.0,0.7857142857142857,1.2868895275370955,0.0,3.0,2.0,0,47.2,0.0,0.0,False,True,False,False,False,False,False,False,False,True,False,False,False,False,False,False,False,False,False,False,False,False,False,False,False,False,False,False,False,False,False,False,False,False,True,False
India,Coffee Maker,2025-10-17,Home & Kitchen,0.0,47.2,,20.0,2.0,0.0,0.0,4,17,42,10,4,290,0,-0.433883739117558,-0.9009688679024191,-0.8660254037844386,0.5000000000000001,0.0,1,0.0,1,0.0,1,0.0,1,1.5714285714285714,1.5118578920369097,0.0,3.0,1.0,0.7857142857142857,1.2868895275370955,0.0,3.0,2.0,0,47.2,0.0,0.0,False,True,False,False,False,False,False,False,False,True,False,False,False,False,False,False,False,False,False,False,False,False,False,False,False,False,False,False,False,False,False,False,False,False,True,False
India,Coffee Maker,2025-10-18,Home & Kitchen,0.0,47.2,,20.0,2.0,0.0,0.0,5,18,42,10,4,291,1,-0.9749279121818236,-0.2225209339563146,-0.8660254037844386,0.5000000000000001,0.0,1,3.0,1,0.0,1,3.0,1,1.5714285714285714,1.5118578920369097,0.0,3.0,1.0,0.7857142857142857,1.2868895275370955,0.0,3.0,2.0,0,47.2,0.0,0.0,False,True,False,False,False,False,False,False,False,True,False,False,False,False,False,False,False,False,False,False,False,False,False,False,False,False,False,False,False,False,False,False,False,False,True,False
India,Coffee Maker,2025-10-19,Home & Kitchen,0.0,47.2,,20.0,2.0,0.0,0.0,6,19,42,10,4,292,1,-0.7818314824680299,0.6234898018587334,-0.8660254037844386,0.5000000000000001,0.0,1,3.0,1,0.0,1,0.0,1,1.1428571428571428,1.4638501094228016,0.0,3.0,1.0,0.6785714285714286,1.218790275416459,0.0,3.0,1.6842105263157894,0,47.2,0.0,0.0,False,True,False,False,False,False,False,False,False,True,False,False,False,False,False,False,False,False,False,False,False,False,False,False,False,False,False,False,False,False,False,False,False,False,True,False
India,Coffee Maker,2025-10-20,Home & Kitchen,0.0,47.2,,20.0,2.0,0.0,0.0,0,20,43,10,4,293,0,0.0,1.0,-0.8660254037844386,0.5000000000000001,0.0,1,2.0,1,3.0,1,0.0,1,0.7142857142857143,1.2535663410560212,0.0,3.0,1.0,0.6785714285714286,1.218790275416459,0.0,3.0,1.0526315789473684,0,47.2,0.0,0.0,False,True,False,False,False,False,False,False,False,True,False,False,False,False,False,False,False,False,False,False,False,False,False,False,False,False,False,False,False,False,False,False,False,False,True,False
India,Coffee Maker,2025-10-21,Home & Kitchen,0.0,47.2,,20.0,2.0,0.0,0.0,1,21,43,10,4,294,0,0.7818314824680298,0.6234898018587336,-0.8660254037844386,0.5000000000000001,0.0,1,3.0,1,0.0,1,3.0,1,0.42857142857142855,1.1338934190276868,0.0,3.0,0.7857142857142857,0.6785714285714286,1.218790275416459,0.0,3.0,0.631578947368421,0,47.2,0.0,0.0,False,True,False,False,False,False,False,False,False,True,False,False,False,False,False,False,False,False,False,False,False,False,False,False,False,False,False,False,False,False,False,False,False,False,True,False
India,Coffee Maker,2025-10-22,Home & Kitchen,0.0,47.2,,20.0,2.0,0.0,0.0,2,22,43,10,4,295,0,0.9749279121818236,-0.22252093395631434,-0.8660254037844386,0.5000000000000001,0.0,1,0.0,1,0.0,1,0.0,1,0.0,0.0,0.0,0.0,0.7857142857142857,0.5714285714285714,1.1362241376617925,0.0,3.0,0.0,0,47.2,0.0,0.0,False,True,False,False,False,False,False,False,False,True,False,False,False,False,False,False,False,False,False,False,False,False,False,False,False,False,False,False,False,False,False,False,False,False,True,False
India,Coffee Maker,2025-10-23,Home & Kitchen,0.0,47.2,,20.0,2.0,0.0,0.0,3,23,43,10,4,296,0,0.43388373911755823,-0.900968867902419,-0.8660254037844386,0.5000000000000001,0.0,1,0.0,1,0.0,1,0.0,1,0.0,0.0,0.0,0.0,0.7857142857142857,0.5714285714285714,1.1362241376617925,0.0,3.0,0.0,0,47.2,0.0,0.0,False,True,False,False,False,False,False,False,False,True,False,False,False,False,False,False,False,False,False,False,False,False,False,False,False,False,False,False,False,False,False,False,False,False,True,False
India,Coffee Maker,2025-10-24,Home & Kitchen,0.0,47.2,,20.0,2.0,0.0,0.0,4,24,43,10,4,297,0,-0.433883739117558,-0.9009688679024191,-0.8660254037844386,0.5000000000000001,0.0,1,0.0,1,0.0,1,0.0,1,0.0,0.0,0.0,0.0,0.7857142857142857,0.5714285714285714,1.1362241376617925,0.0,3.0,0.0,0,47.2,0.0,0.0,False,True,False,False,False,False,False,False,False,True,False,False,False,False,False,False,False,False,False,False,False,False,False,False,False,False,False,False,False,False,False,False,False,False,True,False
India,Coffee Maker,2025-10-25,Home & Kitchen,0.0,47.2,,20.0,2.0,0.0,0.0,5,25,43,10,4,298,1,-0.9749279121818236,-0.2225209339563146,-0.8660254037844386,0.5000000000000001,0.0,1,0.0,1,3.0,1,0.0,1,0.0,0.0,0.0,0.0,0.7857142857142857,0.5714285714285714,1.1362241376617925,0.0,3.0,0.0,0,47.2,0.0,0.0,False,True,False,False,False,False,False,False,False,True,False,False,False,False,False,False,False,False,False,False,False,False,False,False,False,False,False,False,False,False,False,False,False,False,True,False
India,Coffee Maker,2025-10-26,Home & Kitchen,0.0,47.2,,20.0,2.0,0.0,0.0,6,26,43,10,4,299,1,-0.7818314824680299,0.6234898018587334,-0.8660254037844386,0.5000000000000001,0.0,1,0.0,1,3.0,1,2.0,1,0.0,0.0,0.0,0.0,0.5714285714285714,0.5714285714285714,1.1362241376617925,0.0,3.0,0.0,0,47.2,0.0,0.0,False,True,False,False,False,False,False,False,False,True,False,False,False,False,False,False,False,False,False,False,False,False,False,False,False,False,False,False,False,False,False,False,False,False,True,False
India,Coffee Maker,2025-10-27,Home & Kitchen,0.0,47.2,,20.0,2.0,0.0,0.0,0,27,44,10,4,300,0,0.0,1.0,-0.8660254037844386,0.5000000000000001,0.0,1,0.0,1,2.0,1,0.0,1,0.0,0.0,0.0,0.0,0.35714285714285715,0.5,1.1055415967851303,0.0,3.0,0.0,0,47.2,0.0,0.0,False,True,False,False,False,False,False,False,False,True,False,False,False,False,False,False,False,False,False,False,False,False,False,False,False,False,False,False,False,False,False,False,False,False,True,False
India,Coffee Maker,2025-10-28,Home & Kitchen,0.0,47.2,,20.0,2.0,0.0,0.0,1,28,44,10,4,301,0,0.7818314824680298,0.6234898018587336,-0.8660254037844386,0.5000000000000001,0.0,1,0.0,1,3.0,1,0.0,1,0.0,0.0,0.0,0.0,0.21428571428571427,0.5,1.1055415967851303,0.0,3.0,0.0,0,47.2,0.0,0.0,False,True,False,False,False,False,False,False,False,True,False,False,False,False,False,False,False,False,False,False,False,False,False,False,False,False,False,False,False,False,False,False,False,False,True,False
India,Coffee Maker,2025-10-29,Home & Kitchen,0.0,47.2,,20.0,2.0,0.0,0.0,2,29,44,10,4,302,0,0.9749279121818236,-0.22252093395631434,-0.8660254037844386,0.5000000000000001,0.0,1,0.0,1,0.0,1,0.0,1,0.0,0.0,0.0,0.0,0.0,0.5,1.1055415967851303,0.0,3.0,0.0,0,47.2,0.0,0.0,False,True,False,False,False,False,False,False,False,True,False,False,False,False,False,False,False,False,False,False,False,False,False,False,False,False,False,False,False,False,False,False,False,False,True,False
India,Coffee Maker,2025-10-30,Home & Kitchen,0.0,47.2,,20.0,2.0,0.0,0.0,3,30,44,10,4,303,0,0.43388373911755823,-0.900968867902419,-0.8660254037844386,0.5000000000000001,0.0,1,0.0,1,0.0,1,0.0,1,0.0,0.0,0.0,0.0,0.0,0.5,1.1055415967851303,0.0,3.0,0.0,0,47.2,0.0,0.0,False,True,False,False,False,False,False,False,False,True,False,False,False,False,False,False,False,False,False,False,False,False,False,False,False,False,False,False,False,False,False,False,False,False,True,False
India,Coffee Maker,2025-10-31,Home & Kitchen,0.0,47.2,,20.0,2.0,0.0,0.0,4,31,44,10,4,304,0,-0.433883739117558,-0.9009688679024191,-0.8660254037844386,0.5000000000000001,0.0,1,0.0,1,0.0,1,0.0,1,0.0,0.0,0.0,0.0,0.0,0.5,1.1055415967851303,0.0,3.0,0.0,0,47.2,0.0,0.0,False,True,False,False,False,False,False,False,False,True,False,False,False,False,False,False,False,False,False,False,False,False,False,False,False,False,False,False,False,False,False,False,False,False,True,False
India,Coffee Maker,2025-11-01,Home & Kitchen,0.0,47.2,,20.0,2.0,0.0,0.0,5,1,44,11,4,305,1,-0.9749279121818236,-0.2225209339563146,-0.5000000000000004,0.8660254037844384,0.0,1,0.0,1,0.0,1,0.0,1,0.0,0.0,0.0,0.0,0.0,0.5,1.1055415967851303,0.0,3.0,0.0,0,47.2,0.0,0.0,False,True,False,False,False,False,False,False,False,True,False,False,False,False,False,False,False,False,False,False,False,False,False,False,False,False,False,False,False,False,False,False,False,False,True,False
India,Coffee Maker,2025-11-02,Home & Kitchen,0.0,47.2,,20.0,2.0,0.0,0.0,6,2,44,11,4,306,1,-0.7818314824680299,0.6234898018587334,-0.5000000000000004,0.8660254037844384,0.0,1,0.0,1,0.0,1,0.0,1,0.0,0.0,0.0,0.0,0.0,0.5,1.1055415967851303,0.0,3.0,0.0,0,47.2,0.0,0.0,False,True,False,False,False,False,False,False,False,True,False,False,False,False,False,False,False,False,False,False,False,False,False,False,False,False,False,False,False,False,False,False,False,False,True,False
India,Coffee Maker,2025-11-03,Home & Kitchen,0.0,47.2,,20.0,2.0,0.0,0.0,0,3,45,11,4,307,0,0.0,1.0,-0.5000000000000004,0.8660254037844384,0.0,1,0.0,1,0.0,1,3.0,1,0.0,0.0,0.0,0.0,0.0,0.5,1.1055415967851303,0.0,3.0,0.0,0,47.2,0.0,0.0,False,True,False,False,False,False,False,False,False,True,False,False,False,False,False,False,False,False,False,False,False,False,False,False,False,False,False,False,False,False,False,False,False,False,True,False
India,Coffee Maker,2025-11-04,Home & Kitchen,0.0,47.2,,20.0,2.0,0.0,0.0,1,4,45,11,4,308,0,0.7818314824680298,0.6234898018587336,-0.5000000000000004,0.8660254037844384,0.0,1,0.0,1,0.0,1,0.0,1,0.0,0.0,0.0,0.0,0.0,0.39285714285714285,0.9940297973880016,0.0,3.0,0.0,0,47.2,0.0,0.0,False,True,False,False,False,False,False,False,False,True,False,False,False,False,False,False,False,False,False,False,False,False,False,False,False,False,False,False,False,False,False,False,False,False,True,False
India,Coffee Maker,2025-11-05,Home & Kitchen,0.0,47.2,,20.0,2.0,0.0,0.0,2,5,45,11,4,309,0,0.9749279121818236,-0.22252093395631434,-0.5000000000000004,0.8660254037844384,0.0,1,0.0,1,0.0,1,0.0,1,0.0,0.0,0.0,0.0,0.0,0.39285714285714285,0.9940297973880016,0.0,3.0,0.0,0,47.2,0.0,0.0,False,True,False,False,False,False,False,False,False,True,False,False,False,False,False,False,False,False,False,False,False,False,False,False,False,False,False,False,False,False,False,False,False,False,True,False
India,Coffee Maker,2025-11-06,Home & Kitchen,0.0,47.2,,20.0,2.0,0.0,0.0,3,6,45,11,4,310,0,0.43388373911755823,-0.900968867902419,-0.5000000000000004,0.8660254037844384,0.0,1,0.0,1,0.0,1,0.0,1,0.0,0.0,0.0,0.0,0.0,0.39285714285714285,0.9940297973880016,0.0,3.0,0.0,0,47.2,0.0,0.0,False,True,False,False,False,False,False,False,False,True,False,False,False,False,False,False,False,False,False,False,False,False,False,False,False,False,False,False,False,False,False,False,False,False,True,False
India,Coffee Maker,2025-11-07,Home & Kitchen,0.0,47.2,,20.0,2.0,0.0,0.0,4,7,45,11,4,311,0,-0.433883739117558,-0.9009688679024191,-0.5000000000000004,0.8660254037844384,0.0,1,0.0,1,0.0,1,0.0,1,0.0,0.0,0.0,0.0,0.0,0.39285714285714285,0.9940297973880016,0.0,3.0,0.0,0,47.2,0.0,0.0,False,True,False,False,False,False,False,False,False,True,False,False,False,False,False,False,False,False,False,False,False,False,False,False,False,False,False,False,False,False,False,False,False,False,True,False
India,Coffee Maker,2025-11-08,Home & Kitchen,0.0,47.2,,20.0,2.0,0.0,0.0,5,8,45,11,4,312,1,-0.9749279121818236,-0.2225209339563146,-0.5000000000000004,0.8660254037844384,0.0,1,0.0,1,0.0,1,3.0,1,0.0,0.0,0.0,0.0,0.0,0.39285714285714285,0.9940297973880016,0.0,3.0,0.0,0,47.2,0.0,0.0,False,True,False,False,False,False,False,False,False,True,False,False,False,False,False,False,False,False,False,False,False,False,False,False,False,False,False,False,False,False,False,False,False,False,True,False
India,Coffee Maker,2025-11-09,Home & Kitchen,0.0,47.2,,20.0,2.0,0.0,0.0,6,9,45,11,4,313,1,-0.7818314824680299,0.6234898018587334,-0.5000000000000004,0.8660254037844384,0.0,1,0.0,1,0.0,1,3.0,1,0.0,0.0,0.0,0.0,0.0,0.2857142857142857,0.8544932592822038,0.0,3.0,0.0,0,47.2,0.0,0.0,False,True,False,False,False,False,False,False,False,True,False,False,False,False,False,False,False,False,False,False,False,False,False,False,False,False,False,False,False,False,False,False,False,False,True,False
India,Coffee Maker,2025-11-10,Home & Kitchen,0.0,47.2,,20.0,2.0,0.0,0.0,0,10,46,11,4,314,0,0.0,1.0,-0.5000000000000004,0.8660254037844384,0.0,1,0.0,1,0.0,1,2.0,1,0.0,0.0,0.0,0.0,0.0,0.17857142857142858,0.6696362433535775,0.0,3.0,0.0,0,47.2,0.0,0.0,False,True,False,False,False,False,False,False,False,True,False,False,False,False,False,False,False,False,False,False,False,False,False,False,False,False,False,False,False,False,False,False,False,False,True,False
India,Coffee Maker,2025-11-11,Home & Kitchen,0.0,47.2,,20.0,2.0,0.0,0.0,1,11,46,11,4,315,0,0.7818314824680298,0.6234898018587336,-0.5000000000000004,0.8660254037844384,0.0,1,0.0,1,0.0,1,3.0,1,0.0,0.0,0.0,0.0,0.0,0.10714285714285714,0.5669467095138351,0.0,3.0,0.0,0,47.2,0.0,0.0,False,True,False,False,False,False,False,False,False,True,False,False,False,False,False,False,False,False,False,False,False,False,False,False,False,False,False,False,False,False,False,False,False,False,True,False
India,Coffee Maker,2025-11-12,Home & Kitchen,0.0,47.2,,20.0,2.0,0.0,0.0,2,12,46,11,4,316,0,0.9749279121818236,-0.22252093395631434,-0.5000000000000004,0.8660254037844384,0.0,1,0.0,1,0.0,1,0.0,1,0.0,0.0,0.0,0.0,0.0,0.0,0.0,0.0,0.0,0.0,0,47.2,0.0,0.0,False,True,False,False,False,False,False,False,False,True,False,False,False,False,False,False,False,False,False,False,False,False,False,False,False,False,False,False,False,False,False,False,False,False,True,False
India,Coffee Maker,2025-11-13,Home & Kitchen,2.0,158.74,0.24,20.0,2.0,1.0,0.0,3,13,46,11,4,317,0,0.43388373911755823,-0.900968867902419,-0.5000000000000004,0.8660254037844384,0.0,1,0.0,1,0.0,1,0.0,1,0.0,0.0,0.0,0.0,0.0,0.0,0.0,0.0,0.0,0.0,1,47.2,111.54,2.363135593220339,False,True,False,False,False,False,False,False,False,True,False,False,False,False,False,False,False,False,False,False,False,False,False,False,False,False,False,False,False,False,False,False,False,False,True,False
India,Coffee Maker,2025-11-14,Home & Kitchen,4.0,162.78,0.19,20.0,2.0,1.0,0.0,4,14,46,11,4,318,0,-0.433883739117558,-0.9009688679024191,-0.5000000000000004,0.8660254037844384,2.0,1,0.0,1,0.0,1,0.0,1,0.2857142857142857,0.755928946018463,0.0,2.0,0.14285714285714285,0.07142857142857142,0.37796447300921865,0.0,2.0,4.0,1,158.74,4.039999999999992,0.025450422073831372,False,True,False,False,False,False,False,False,False,True,False,False,False,False,False,False,False,False,False,False,False,False,False,False,False,False,False,False,False,False,False,False,False,False,True,False
India,Coffee Maker,2025-11-15,Home & Kitchen,0.0,162.78,,20.0,2.0,0.0,0.0,5,15,46,11,4,319,1,-0.9749279121818236,-0.2225209339563146,-0.5000000000000004,0.8660254037844384,4.0,1,0.0,1,0.0,1,0.0,1,0.8571428571428571,1.5735915849388888,0.0,4.0,0.42857142857142855,0.21428571428571427,0.8325393042503678,0.0,4.0,4.0,0,162.78,0.0,0.0,False,True,False,False,False,False,False,False,False,True,False,False,False,False,False,False,False,False,False,False,False,False,False,False,False,False,False,False,False,False,False,False,False,False,True,False
India,Coffee Maker,2025-11-16,Home & Kitchen,0.0,162.78,,20.0,2.0,0.0,0.0,6,16,46,11,4,320,1,-0.7818314824680299,0.6234898018587334,-0.5000000000000004,0.8660254037844384,0.0,1,0.0,1,0.0,1,0.0,1,0.8571428571428571,1.5735915849388888,0.0,4.0,0.42857142857142855,0.21428571428571427,0.8325393042503678,0.0,4.0,4.0,0,162.78,0.0,0.0,False,True,False,False,False,False,False,False,False,True,False,False,False,False,False,False,False,False,False,False,False,False,False,False,False,False,False,False,False,False,False,False,False,False,True,False
India,Coffee Maker,2025-11-17,Home & Kitchen,6.0,115.07,0.22,20.0,2.0,1.0,1.0,0,17,47,11,4,321,0,0.0,1.0,-0.5000000000000004,0.8660254037844384,0.0,1,0.0,1,0.0,1,0.0,1,0.8571428571428571,1.5735915849388888,0.0,4.0,0.42857142857142855,0.21428571428571427,0.8325393042503678,0.0,4.0,4.0,1,162.78,-47.71000000000001,-0.2930949748126306,False,True,False,False,False,False,False,False,False,True,False,False,False,False,False,False,False,False,False,False,False,False,False,False,False,False,False,False,False,False,False,False,False,False,True,False
India,Coffee Maker,2025-11-18,Home & Kitchen,7.0,235.715,0.19,20.0,2.0,1.0,1.0,1,18,47,11,4,322,0,0.7818314824680298,0.6234898018587336,-0.5000000000000004,0.8660254037844384,6.0,1,0.0,1,0.0,1,0.0,1,1.7142857142857142,2.4299715851758235,0.0,6.0,0.8571428571428571,0.42857142857142855,1.3724423061090316,0.0,6.0,4.0,1,115.07,120.64500000000001,1.0484487703137222,False,True,False,False,False,False,False,False,False,True,False,False,False,False,False,False,False,False,False,False,False,False,False,False,False,False,False,False,False,False,False,False,False,False,True,False
India,Coffee Maker,2025-11-19,Home & Kitchen,0.0,235.715,,20.0,2.0,0.0,0.0,2,19,47,11,4,323,0,0.9749279121818236,-0.22252093395631434,-0.5000000000000004,0.8660254037844384,7.0,1,0.0,1,0.0,1,0.0,1,2.7142857142857144,2.984084768360627,0.0,7.0,1.3571428571428572,0.6785714285714286,1.8469909749036824,0.0,7.0,4.0,0,235.715,0.0,0.0,False,True,False,False,False,False,False,False,False,True,False,False,False,False,False,False,False,False,False,False,False,False,False,False,False,False,False,False,False,False,False,False,False,False,True,False
India,Coffee Maker,2025-11-20,Home & Kitchen,9.0,209.87666666666667,0.26,20.0,2.0,1.0,1.0,3,20,47,11,4,324,0,0.43388373911755823,-0.900968867902419,-0.5000000000000004,0.8660254037844384,0.0,1,2.0,1,0.0,1,0.0,1,2.7142857142857144,2.984084768360627,0.0,7.0,1.3571428571428572,0.6785714285714286,1.8469909749036824,0.0,7.0,4.0,1,235.715,-25.83833333333334,-0.10961683954493069,False,True,False,False,False,False,False,False,False,True,False,False,False,False,False,False,False,False,False,False,False,False,False,False,False,False,False,False,False,False,False,False,False,False,True,False
India,Coffee Maker,2025-11-21,Home & Kitchen,0.0,209.87666666666667,,20.0,2.0,0.0,0.0,4,21,47,11,4,325,0,-0.433883739117558,-0.9009688679024191,-0.5000000000000004,0.8660254037844384,9.0,1,4.0,1,0.0,1,0.0,1,3.7142857142857144,3.7733400639347656,0.0,9.0,2.0,1.0,2.4190601174530255,0.0,9.0,3.7142857142857144,0,209.87666666666667,0.0,0.0,False,True,False,False,False,False,False,False,False,True,False,False,False,False,False,False,False,False,False,False,False,False,False,False,False,False,False,False,False,False,False,False,False,False,True,False
India,Coffee Maker,2025-11-22,Home & Kitchen,2.0,215.62,0.16,20.0,2.0,1.0,0.0,5,22,47,11,4,326,1,-0.9749279121818236,-0.2225209339563146,-0.5000000000000004,0.8660254037844384,0.0,1,0.0,1,0.0,1,0.0,1,3.142857142857143,4.017817460121494,0.0,9.0,2.0,1.0,2.4190601174530255,0.0,9.0,3.142857142857143,1,209.87666666666667,5.743333333333339,0.027365278020424724,False,True,False,False,False,False,False,False,False,True,False,False,False,False,False,False,False,False,False,False,False,False,False,False,False,False,False,False,False,False,False,False,False,False,True,False
India,Coffee Maker,2025-11-23,Home & Kitchen,0.0,215.62,,20.0,2.0,0.0,0.0,6,23,47,11,4,327,1,-0.7818314824680299,0.6234898018587334,-0.5000000000000004,0.8660254037844384,2.0,1,0.0,1,0.0,1,0.0,1,3.4285714285714284,3.8234863173611076,0.0,9.0,2.142857142857143,1.0714285714285714,2.4179662624943385,0.0,9.0,3.1999999999999997,0,215.62,0.0,0.0,False,True,False,False,False,False,False,False,False,True,False,False,False,False,False,False,False,False,False,False,False,False,False,False,False,False,False,False,False,False,False,False,False,False,True,False
India,Coffee Maker,2025-11-24,Home & Kitchen,2.0,103.4,0.2,20.0,2.0,1.0,0.0,0,24,48,11,4,328,0,0.0,1.0,-0.5000000000000004,0.8660254037844384,0.0,1,6.0,1,0.0,1,0.0,1,3.4285714285714284,3.8234863173611076,0.0,9.0,2.142857142857143,1.0714285714285714,2.4179662624943385,0.0,9.0,3.1999999999999997,1,215.62,-112.22,-0.520452648177349,False,True,False,False,False,False,False,False,False,True,False,False,False,False,False,False,False,False,False,False,False,False,False,False,False,False,False,False,False,False,False,False,False,False,True,False
India,Coffee Maker,2025-11-25,Home & Kitchen,3.0,195.18,0.22,20.0,2.0,1.0,0.0,1,25,48,11,4,329,0,0.7818314824680298,0.6234898018587336,-0.5000000000000004,0.8660254037844384,2.0,1,7.0,1,0.0,1,0.0,1,2.857142857142857,3.6709931185158147,0.0,9.0,2.2857142857142856,1.1428571428571428,2.4146817245110843,0.0,9.0,2.5,1,103.4,91.78,0.8876208897485492,False,True,False,False,False,False,False,False,False,True,False,False,False,False,False,False,False,False,False,False,False,False,False,False,False,False,False,False,False,False,False,False,False,False,True,False
