store_id,product_id,date,category,sales,price,Discount_Applied,safety_stock,lead_time_days,promotion,is_outlier,day_of_week,day_of_month,week_of_year,month,quarter,day_of_year,is_weekend,sin_day_of_week,cos_day_of_week,sin_month,cos_month,lag_1,has_lag_1,lag_7,has_lag_7,lag_14,has_lag_14,lag_28,has_lag_28,rolling_mean_7,rolling_std_7,rolling_min_7,rolling_max_7,rolling_mean_14,rolling_mean_28,rolling_std_28,rolling_min_28,rolling_max_28,trend_ratio,is_promotion,previous_price,price_change,price_change_pct,store_id_Germany,store_id_India,store_id_Pakistan,store_id_UAE,store_id_UK,store_id_USA,product_id_4K Smart TV,product_id_Air Fryer,product_id_Blender,product_id_Coffee Maker,product_id_Cotton T-Shirt,product_id_Cycling Helmet,product_id_Denim Jeans,product_id_Dumbbell Set,product_id_Face Wash,product_id_Football,product_id_Formal Shirt,product_id_Gaming Laptop,product_id_Hair Serum,product_id_Lipstick Set,product_id_Microwave Oven,product_id_Moisturizing Cream,product_id_Perfume,product_id_Running Shoes,product_id_Smartphone 128GB,product_id_Smartwatch,product_id_Tennis Racket,product_id_Vacuum Cleaner,product_id_Winter Jacket,product_id_Wireless Noise-Canceling Headphones,product_id_Yoga Mat,category_Apparel,category_Beauty,category_Electronics,category_Home & Kitchen,category_Sports
Pakistan,Wireless Noise-Canceling Headphones,2025-05-23,Electronics,0.0,164.76,,20.0,2.0,0.0,0.0,4,23,21,5,2,143,0,-0.433883739117558,-0.9009688679024191,0.49999999999999994,-0.8660254037844387,1.0,1,0.0,1,0.0,1,0.0,1,0.8571428571428571,1.214985792587915,0.0,3.0,0.7142857142857143,0.35714285714285715,0.8261595987093922,0.0,3.0,2.4,0,164.76,0.0,0.0,False,False,True,False,False,False,False,False,False,False,False,False,False,False,False,False,False,False,False,False,False,False,False,False,False,False,False,False,False,True,False,False,False,True,False,False
Pakistan,Wireless Noise-Canceling Headphones,2025-05-24,Electronics,0.0,164.76,,20.0,2.0,0.0,0.0,5,24,21,5,2,144,1,-0.9749279121818236,-0.2225209339563146,0.49999999999999994,-0.8660254037844387,0.0,1,0.0,1,0.0,1,0.0,1,0.8571428571428571,1.214985792587915,0.0,3.0,0.7142857142857143,0.35714285714285715,0.8261595987093922,0.0,3.0,2.4,0,164.76,0.0,0.0,False,False,True,False,False,False,False,False,False,False,False,False,False,False,False,False,False,False,False,False,False,False,False,False,False,False,False,False,False,True,False,False,False,True,False,False
Pakistan,Wireless Noise-Canceling Headphones,2025-05-25,Electronics,0.0,164.76,,20.0,2.0,0.0,0.0,6,25,21,5,2,145,1,-0.7818314824680299,0.6234898018587334,0.49999999999999994,-0.8660254037844387,0.0,1,3.0,1,0.0,1,0.0,1,0.8571428571428571,1.214985792587915,0.0,3.0,0.7142857142857143,0.35714285714285715,0.8261595987093922,0.0,3.0,2.4,0,164.76,0.0,0.0,False,False,True,False,False,False,False,False,False,False,False,False,False,False,False,False,False,False,False,False,False,False,False,False,False,False,False,False,False,True,False,False,False,True,False,False
Pakistan,Wireless Noise-Canceling Headphones,2025-05-26,Electronics,0.0,164.76,,20.0,2.0,0.0,0.0,0,26,22,5,2,146,0,0.0,1.0,0.49999999999999994,-0.8660254037844387,0.0,1,0.0,1,0.0,1,0.0,1,0.42857142857142855,0.7867957924694503,0.0,2.0,0.7142857142857143,0.35714285714285715,0.8261595987093922,0.0,3.0,1.2,0,164.76,0.0,0.0,False,False,True,False,False,False,False,False,False,False,False,False,False,False,False,False,False,False,False,False,False,False,False,False,False,False,False,False,False,True,False,False,False,True,False,False
Pakistan,Wireless Noise-Canceling Headphones,2025-05-27,Electronics,0.0,164.76,,20.0,2.0,0.0,0.0,1,27,22,5,2,147,0,0.7818314824680298,0.6234898018587336,0.49999999999999994,-0.8660254037844387,0.0,1,0.0,1,2.0,1,0.0,1,0.42857142857142855,0.7867957924694503,0.0,2.0,0.7142857142857143,0.35714285714285715,0.8261595987093922,0.0,3.0,1.2,0,164.76,0.0,0.0,False,False,True,False,False,False,False,False,False,False,False,False,False,False,False,False,False,False,False,False,False,False,False,False,False,False,False,False,False,True,False,False,False,True,False,False
Pakistan,Wireless Noise-Canceling Headphones,2025-05-28,Electronics,0.0,164.76,,20.0,2.0,0.0,0.0,2,28,22,5,2,148,0,0.9749279121818236,-0.22252093395631434,0.49999999999999994,-0.8660254037844387,0.0,1,2.0,1,2.0,1,0.0,1,0.42857142857142855,0.7867957924694503,0.0,2.0,0.5714285714285714,0.35714285714285715,0.8261595987093922,0.0,3.0,1.2,0,164.76,0.0,0.0,False,False,True,False,False,False,False,False,False,False,False,False,False,False,False,False,False,False,False,False,False,False,False,False,False,False,False,False,False,True,False,False,False,True,False,False
Pakistan,Wireless Noise-Canceling Headphones,2025-05-29,Electronics,0.0,164.76,,20.0,2.0,0.0,0.0,3,29,22,5,2,149,0,0.43388373911755823,-0.900968867902419,0.49999999999999994,-0.8660254037844387,0.0,1,1.0,1,0.0,1,0.0,1,0.14285714285714285,0.3779644730092451,0.0,1.0,0.42857142857142855,0.35714285714285715,0.8261595987093922,0.0,3.0,0.39999999999999997,0,164.76,0.0,0.0,False,False,True,False,False,False,False,False,False,False,False,False,False,False,False,False,False,False,False,False,False,False,False,False,False,False,False,False,False,True,False,False,False,True,False,False
Pakistan,Wireless Noise-Canceling Headphones,2025-05-30,Electronics,2.0,1109.07,0.07,20.0,2.0,1.0,0.0,4,30,22,5,2,150,0,-0.433883739117558,-0.9009688679024191,0.49999999999999994,-0.8660254037844387,0.0,1,0.0,1,0.0,1,0.0,1,0.0,0.0,0.0,0.0,0.42857142857142855,0.35714285714285715,0.8261595987093922,0.0,3.0,0.0,1,164.76,944.31,5.731427530954115,False,False,True,False,False,False,False,False,False,False,False,False,False,False,False,False,False,False,False,False,False,False,False,False,False,False,False,False,False,True,False,False,False,True,False,False
Pakistan,Wireless Noise-Canceling Headphones,2025-05-31,Electronics,0.0,1109.07,,20.0,2.0,0.0,0.0,5,31,22,5,2,151,1,-0.9749279121818236,-0.2225209339563146,0.49999999999999994,-0.8660254037844387,2.0,1,0.0,1,0.0,1,0.0,1,0.2857142857142857,0.7559289460184626,0.0,2.0,0.5714285714285714,0.42857142857142855,0.8789122666607596,0.0,3.0,0.6666666666666666,0,1109.07,0.0,0.0,False,False,True,False,False,False,False,False,False,False,False,False,False,False,False,False,False,False,False,False,False,False,False,False,False,False,False,False,False,True,False,False,False,True,False,False
Pakistan,Wireless Noise-Canceling Headphones,2025-06-01,Electronics,0.0,1109.07,,20.0,2.0,0.0,0.0,6,1,22,6,2,152,1,-0.7818314824680299,0.6234898018587334,1.2246467991473532e-16,-1.0,0.0,1,0.0,1,3.0,1,0.0,1,0.2857142857142857,0.7559289460184626,0.0,2.0,0.5714285714285714,0.42857142857142855,0.8789122666607596,0.0,3.0,0.6666666666666666,0,1109.07,0.0,0.0,False,False,True,False,False,False,False,False,False,False,False,False,False,False,False,False,False,False,False,False,False,False,False,False,False,False,False,False,False,True,False,False,False,True,False,False
Pakistan,Wireless Noise-Canceling Headphones,2025-06-02,Electronics,0.0,1109.07,,20.0,2.0,0.0,0.0,0,2,23,6,2,153,0,0.0,1.0,1.2246467991473532e-16,-1.0,0.0,1,0.0,1,0.0,1,0.0,1,0.2857142857142857,0.7559289460184626,0.0,2.0,0.35714285714285715,0.42857142857142855,0.8789122666607596,0.0,3.0,0.6666666666666666,0,1109.07,0.0,0.0,False,False,True,False,False,False,False,False,False,False,False,False,False,False,False,False,False,False,False,False,False,False,False,False,False,False,False,False,False,True,False,False,False,True,False,False
Pakistan,Wireless Noise-Canceling Headphones,2025-06-03,Electronics,0.0,1109.07,,20.0,2.0,0.0,0.0,1,3,23,6,2,154,0,0.7818314824680298,0.6234898018587336,1.2246467991473532e-16,-1.0,0.0,1,0.0,1,0.0,1,0.0,1,0.2857142857142857,0.7559289460184626,0.0,2.0,0.35714285714285715,0.42857142857142855,0.8789122666607596,0.0,3.0,0.6666666666666666,0,1109.07,0.0,0.0,False,False,True,False,False,False,False,False,False,False,False,False,False,False,False,False,False,False,False,False,False,False,False,False,False,False,False,False,False,True,False,False,False,True,False,False
Pakistan,Wireless Noise-Canceling Headphones,2025-06-04,Electronics,3.0,514.7,0.14,20.0,2.0,1.0,0.0,2,4,23,6,2,155,0,0.9749279121818236,-0.22252093395631434,1.2246467991473532e-16,-1.0,0.0,1,0.0,1,2.0,1,0.0,1,0.2857142857142857,0.7559289460184626,0.0,2.0,0.35714285714285715,0.42857142857142855,0.8789122666607596,0.0,3.0,0.6666666666666666,1,1109.07,-594.3699999999999,-0.5359174804115159,False,False,True,False,False,False,False,False,False,False,False,False,False,False,False,False,False,False,False,False,False,False,False,False,False,False,False,False,False,True,False,False,False,True,False,False
Pakistan,Wireless Noise-Canceling Headphones,2025-06-05,Electronics,0.0,514.7,,20.0,2.0,0.0,0.0,3,5,23,6,2,156,0,0.43388373911755823,-0.900968867902419,1.2246467991473532e-16,-1.0,3.0,1,0.0,1,1.0,1,0.0,1,0.7142857142857143,1.253566341056021,0.0,3.0,0.42857142857142855,0.5357142857142857,0.9993384054849644,0.0,3.0,1.3333333333333335,0,514.7,0.0,0.0,False,False,True,False,False,False,False,False,False,False,False,False,False,False,False,False,False,False,False,False,False,False,False,False,False,False,False,False,False,True,False,False,False,True,False,False
Pakistan,Wireless Noise-Canceling Headphones,2025-06-06,Electronics,0.0,514.7,,20.0,2.0,0.0,0.0,4,6,23,6,2,157,0,-0.433883739117558,-0.9009688679024191,1.2246467991473532e-16,-1.0,0.0,1,2.0,1,0.0,1,0.0,1,0.7142857142857143,1.253566341056021,0.0,3.0,0.35714285714285715,0.5357142857142857,0.9993384054849644,0.0,3.0,1.3333333333333335,0,514.7,0.0,0.0,False,False,True,False,False,False,False,False,False,False,False,False,False,False,False,False,False,False,False,False,False,False,False,False,False,False,False,False,False,True,False,False,False,True,False,False
Pakistan,Wireless Noise-Canceling Headphones,2025-06-07,Electronics,2.0,894.69,0.14,20.0,2.0,1.0,0.0,5,7,23,6,2,158,1,-0.9749279121818236,-0.2225209339563146,1.2246467991473532e-16,-1.0,0.0,1,0.0,1,0.0,1,0.0,1,0.42857142857142855,1.1338934190276866,0.0,3.0,0.35714285714285715,0.5357142857142857,0.9993384054849644,0.0,3.0,0.7999999999999999,1,514.7,379.99,0.738274723139693,False,False,True,False,False,False,False,False,False,False,False,False,False,False,False,False,False,False,False,False,False,False,False,False,False,False,False,False,False,True,False,False,False,True,False,False
Pakistan,Wireless Noise-Canceling Headphones,2025-06-08,Electronics,0.0,894.69,,20.0,2.0,0.0,0.0,6,8,23,6,2,159,1,-0.7818314824680299,0.6234898018587334,1.2246467991473532e-16,-1.0,2.0,1,0.0,1,0.0,1,0.0,1,0.7142857142857143,1.253566341056021,0.0,3.0,0.5,0.6071428571428571,1.0306159867619438,0.0,3.0,1.1764705882352942,0,894.69,0.0,0.0,False,False,True,False,False,False,False,False,False,False,False,False,False,False,False,False,False,False,False,False,False,False,False,False,False,False,False,False,False,True,False,False,False,True,False,False
Pakistan,Wireless Noise-Canceling Headphones,2025-06-09,Electronics,2.0,447.82,0.12,20.0,2.0,1.0,0.0,0,9,24,6,2,160,0,0.0,1.0,1.2246467991473532e-16,-1.0,0.0,1,0.0,1,0.0,1,0.0,1,0.7142857142857143,1.253566341056021,0.0,3.0,0.5,0.6071428571428571,1.0306159867619438,0.0,3.0,1.1764705882352942,1,894.69,-446.87000000000006,-0.4994690898523511,False,False,True,False,False,False,False,False,False,False,False,False,False,False,False,False,False,False,False,False,False,False,False,False,False,False,False,False,False,True,False,False,False,True,False,False
Pakistan,Wireless Noise-Canceling Headphones,2025-06-10,Electronics,1.0,817.5,0.11,20.0,2.0,1.0,0.0,1,10,24,6,2,161,0,0.7818314824680298,0.6234898018587336,1.2246467991473532e-16,-1.0,2.0,1,0.0,1,0.0,1,2.0,1,1.0,1.2909944487358083,0.0,3.0,0.6428571428571429,0.6785714285714286,1.0559731838826916,0.0,3.0,1.4736842105263157,1,447.82,369.68,0.8255102496538789,False,False,True,False,False,False,False,False,False,False,False,False,False,False,False,False,False,False,False,False,False,False,False,False,False,False,False,False,False,True,False,False,False,True,False,False
Pakistan,Wireless Noise-Canceling Headphones,2025-06-11,Electronics,0.0,817.5,,20.0,2.0,0.0,0.0,2,11,24,6,2,162,0,0.9749279121818236,-0.22252093395631434,1.2246467991473532e-16,-1.0,1.0,1,3.0,1,0.0,1,2.0,1,1.1428571428571428,1.2149857925879142,0.0,3.0,0.7142857142857143,0.6428571428571429,1.0261140545329435,0.0,3.0,1.7777777777777775,0,817.5,0.0,0.0,False,False,True,False,False,False,False,False,False,False,False,False,False,False,False,False,False,False,False,False,False,False,False,False,False,False,False,False,False,True,False,False,False,True,False,False
Pakistan,Wireless Noise-Canceling Headphones,2025-06-12,Electronics,0.0,817.5,,20.0,2.0,0.0,0.0,3,12,24,6,2,163,0,0.43388373911755823,-0.900968867902419,1.2246467991473532e-16,-1.0,0.0,1,0.0,1,0.0,1,0.0,1,0.7142857142857143,0.9511897312113466,0.0,2.0,0.7142857142857143,0.5714285714285714,0.997350988724119,0.0,3.0,1.25,0,817.5,0.0,0.0,False,False,True,False,False,False,False,False,False,False,False,False,False,False,False,False,False,False,False,False,False,False,False,False,False,False,False,False,False,True,False,False,False,True,False,False
Pakistan,Wireless Noise-Canceling Headphones,2025-06-13,Electronics,1.0,667.05,0.05,20.0,2.0,1.0,0.0,4,13,24,6,2,164,0,-0.433883739117558,-0.9009688679024191,1.2246467991473532e-16,-1.0,0.0,1,0.0,1,2.0,1,0.0,1,0.7142857142857143,0.9511897312113466,0.0,2.0,0.7142857142857143,0.5714285714285714,0.997350988724119,0.0,3.0,1.25,1,817.5,-150.45000000000005,-0.18403669724770647,False,False,True,False,False,False,False,False,False,False,False,False,False,False,False,False,False,False,False,False,False,False,False,False,False,False,False,False,False,True,False,False,False,True,False,False
Pakistan,Wireless Noise-Canceling Headphones,2025-06-14,Electronics,0.0,667.05,,20.0,2.0,0.0,0.0,5,14,24,6,2,165,1,-0.9749279121818236,-0.2225209339563146,1.2246467991473532e-16,-1.0,1.0,1,2.0,1,0.0,1,0.0,1,0.8571428571428571,0.8997354108424419,0.0,2.0,0.6428571428571429,0.6071428571428571,0.9940297973879964,0.0,3.0,1.411764705882353,0,667.05,0.0,0.0,False,False,True,False,False,False,False,False,False,False,False,False,False,False,False,False,False,False,False,False,False,False,False,False,False,False,False,False,False,True,False,False,False,True,False,False
Pakistan,Wireless Noise-Canceling Headphones,2025-06-15,Electronics,0.0,667.05,,20.0,2.0,0.0,0.0,6,15,24,6,2,166,1,-0.7818314824680299,0.6234898018587334,1.2246467991473532e-16,-1.0,0.0,1,0.0,1,0.0,1,3.0,1,0.5714285714285714,0.7867957924694498,0.0,2.0,0.6428571428571429,0.6071428571428571,0.9940297973879964,0.0,3.0,0.9411764705882353,0,667.05,0.0,0.0,False,False,True,False,False,False,False,False,False,False,False,False,False,False,False,False,False,False,False,False,False,False,False,False,False,False,False,False,False,True,False,False,False,True,False,False
Pakistan,Wireless Noise-Canceling Headphones,2025-06-16,Electronics,0.0,667.05,,20.0,2.0,0.0,0.0,0,16,25,6,2,167,0,0.0,1.0,1.2246467991473532e-16,-1.0,0.0,1,2.0,1,0.0,1,0.0,1,0.5714285714285714,0.7867957924694498,0.0,2.0,0.6428571428571429,0.5,0.8819171036881869,0.0,3.0,1.1428571428571428,0,667.05,0.0,0.0,False,False,True,False,False,False,False,False,False,False,False,False,False,False,False,False,False,False,False,False,False,False,False,False,False,False,False,False,False,True,False,False,False,True,False,False
Pakistan,Wireless Noise-Canceling Headphones,2025-06-17,Electronics,0.0,667.05,,20.0,2.0,0.0,0.0,1,17,25,6,2,168,0,0.7818314824680298,0.6234898018587336,1.2246467991473532e-16,-1.0,0.0,1,1.0,1,0.0,1,0.0,1,0.2857142857142857,0.4879500364742797,0.0,1.0,0.6428571428571429,0.5,0.8819171036881869,0.0,3.0,0.5714285714285714,0,667.05,0.0,0.0,False,False,True,False,False,False,False,False,False,False,False,False,False,False,False,False,False,False,False,False,False,False,False,False,False,False,False,False,False,True,False,False,False,True,False,False
Pakistan,Wireless Noise-Canceling Headphones,2025-06-18,Electronics,2.0,534.57,0.14,20.0,2.0,1.0,0.0,2,18,25,6,2,169,0,0.9749279121818236,-0.22252093395631434,1.2246467991473532e-16,-1.0,0.0,1,0.0,1,3.0,1,2.0,1,0.14285714285714285,0.3779644730092457,0.0,1.0,0.6428571428571429,0.5,0.8819171036881869,0.0,3.0,0.2857142857142857,1,667.05,-132.4799999999999,-0.19860580166404304,False,False,True,False,False,False,False,False,False,False,False,False,False,False,False,False,False,False,False,False,False,False,False,False,False,False,False,False,False,True,False,False,False,True,False,False
Pakistan,Wireless Noise-Canceling Headphones,2025-06-19,Electronics,0.0,534.57,,20.0,2.0,0.0,0.0,3,19,25,6,2,170,0,0.43388373911755823,-0.900968867902419,1.2246467991473532e-16,-1.0,2.0,1,0.0,1,0.0,1,1.0,1,0.42857142857142855,0.7867957924694505,0.0,2.0,0.5714285714285714,0.5,0.8819171036881869,0.0,3.0,0.8571428571428571,0,534.57,0.0,0.0,False,False,True,False,False,False,False,False,False,False,False,False,False,False,False,False,False,False,False,False,False,False,False,False,False,False,False,False,False,True,False,False,False,True,False,False
Pakistan,Wireless Noise-Canceling Headphones,2025-06-20,Electronics,0.0,534.57,,20.0,2.0,0.0,0.0,4,20,25,6,2,171,0,-0.433883739117558,-0.9009688679024191,1.2246467991473532e-16,-1.0,0.0,1,1.0,1,0.0,1,0.0,1,0.42857142857142855,0.7867957924694505,0.0,2.0,0.5714285714285714,0.4642857142857143,0.8811668550592496,0.0,3.0,0.923076923076923,0,534.57,0.0,0.0,False,False,True,False,False,False,False,False,False,False,False,False,False,False,False,False,False,False,False,False,False,False,False,False,False,False,False,False,False,True,False,False,False,True,False,False
Pakistan,Wireless Noise-Canceling Headphones,2025-06-21,Electronics,3.0,317.08,0.1,20.0,2.0,1.0,0.0,5,21,25,6,2,172,1,-0.9749279121818236,-0.2225209339563146,1.2246467991473532e-16,-1.0,0.0,1,0.0,1,2.0,1,0.0,1,0.2857142857142857,0.7559289460184628,0.0,2.0,0.5714285714285714,0.4642857142857143,0.8811668550592496,0.0,3.0,0.6153846153846153,1,534.57,-217.49000000000007,-0.40685036571449956,False,False,True,False,False,False,False,False,False,False,False,False,False,False,False,False,False,False,False,False,False,False,False,False,False,False,False,False,False,True,False,False,False,True,False,False
Pakistan,Wireless Noise-Canceling Headphones,2025-06-22,Electronics,0.0,317.08,,20.0,2.0,0.0,0.0,6,22,25,6,2,173,1,-0.7818314824680299,0.6234898018587334,1.2246467991473532e-16,-1.0,3.0,1,0.0,1,0.0,1,0.0,1,0.7142857142857143,1.2535663410560212,0.0,3.0,0.6428571428571429,0.5714285714285714,0.997350988724119,0.0,3.0,1.25,0,317.08,0.0,0.0,False,False,True,False,False,False,False,False,False,False,False,False,False,False,False,False,False,False,False,False,False,False,False,False,False,False,False,False,False,True,False,False,False,True,False,False
Pakistan,Wireless Noise-Canceling Headphones,2025-06-23,Electronics,0.0,317.08,,20.0,2.0,0.0,0.0,0,23,26,6,2,174,0,0.0,1.0,1.2246467991473532e-16,-1.0,0.0,1,0.0,1,2.0,1,0.0,1,0.7142857142857143,1.2535663410560212,0.0,3.0,0.6428571428571429,0.5714285714285714,0.997350988724119,0.0,3.0,1.25,0,317.08,0.0,0.0,False,False,True,False,False,False,False,False,False,False,False,False,False,False,False,False,False,False,False,False,False,False,False,False,False,False,False,False,False,True,False,False,False,True,False,False
Pakistan,Wireless Noise-Canceling Headphones,2025-06-24,Electronics,1.0,823.09,0.05,20.0,2.0,1.0,0.0,1,24,26,6,2,175,0,0.7818314824680298,0.6234898018587336,1.2246467991473532e-16,-1.0,0.0,1,0.0,1,1.0,1,0.0,1,0.7142857142857143,1.2535663410560212,0.0,3.0,0.5,0.5714285714285714,0.997350988724119,0.0,3.0,1.25,1,317.08,506.01000000000005,1.595843320297717,False,False,True,False,False,False,False,False,False,False,False,False,False,False,False,False,False,False,False,False,False,False,False,False,False,False,False,False,False,True,False,False,False,True,False,False
Pakistan,Wireless Noise-Canceling Headphones,2025-06-25,Electronics,3.0,1208.21,0.03,20.0,2.0,1.0,0.0,2,25,26,6,2,176,0,0.9749279121818236,-0.22252093395631434,1.2246467991473532e-16,-1.0,1.0,1,2.0,1,0.0,1,0.0,1,0.8571428571428571,1.214985792587915,0.0,3.0,0.5,0.6071428571428571,0.9940297973879964,0.0,3.0,1.411764705882353,1,823.09,385.12,0.46789536988664665,False,False,True,False,False,False,False,False,False,False,False,False,False,False,False,False,False,False,False,False,False,False,False,False,False,False,False,False,False,True,False,False,False,True,False,False
Pakistan,Wireless Noise-Canceling Headphones,2025-06-26,Electronics,1.0,572.4,0.05,20.0,2.0,1.0,0.0,3,26,26,6,2,177,0,0.43388373911755823,-0.900968867902419,1.2246467991473532e-16,-1.0,3.0,1,0.0,1,0.0,1,0.0,1,1.0,1.4142135623730974,0.0,3.0,0.7142857142857143,0.7142857142857143,1.0837911120705679,0.0,3.0,1.4,1,1208.21,-635.8100000000001,-0.5262412991119094,False,False,True,False,False,False,False,False,False,False,False,False,False,False,False,False,False,False,False,False,False,False,False,False,False,False,False,False,False,True,False,False,False,True,False,False
Pakistan,Wireless Noise-Canceling Headphones,2025-06-27,Electronics,2.0,1284.96,0.01,20.0,2.0,1.0,0.0,4,27,26,6,2,178,0,-0.433883739117558,-0.9009688679024191,1.2246467991473532e-16,-1.0,1.0,1,0.0,1,1.0,1,2.0,1,1.1428571428571428,1.3451854182691005,0.0,3.0,0.7857142857142857,0.75,1.0758287072798307,0.0,3.0,1.5238095238095237,1,572.4,712.5600000000001,1.2448637316561846,False,False,True,False,False,False,False,False,False,False,False,False,False,False,False,False,False,False,False,False,False,False,False,False,False,False,False,False,False,True,False,False,False,True,False,False
Pakistan,Wireless Noise-Canceling Headphones,2025-06-28,Electronics,3.0,1378.68,0.1,20.0,2.0,1.0,0.0,5,28,26,6,2,179,1,-0.9749279121818236,-0.2225209339563146,1.2246467991473532e-16,-1.0,2.0,1,3.0,1,0.0,1,0.0,1,1.4285714285714286,1.2724180205607047,0.0,3.0,0.8571428571428571,0.75,1.0758287072798307,0.0,3.0,1.9047619047619049,1,1284.96,93.72000000000003,0.07293612252521481,False,False,True,False,False,False,False,False,False,False,False,False,False,False,False,False,False,False,False,False,False,False,False,False,False,False,False,False,False,True,False,False,False,True,False,False
Pakistan,Wireless Noise-Canceling Headphones,2025-06-29,Electronics,0.0,1378.68,,20.0,2.0,0.0,0.0,6,29,26,6,2,180,1,-0.7818314824680299,0.6234898018587334,1.2246467991473532e-16,-1.0,3.0,1,0.0,1,0.0,1,0.0,1,1.4285714285714286,1.2724180205607047,0.0,3.0,1.0714285714285714,0.8571428571428571,1.145499590645626,0.0,3.0,1.6666666666666667,0,1378.68,0.0,0.0,False,False,True,False,False,False,False,False,False,False,False,False,False,False,False,False,False,False,False,False,False,False,False,False,False,False,False,False,False,True,False,False,False,True,False,False
Pakistan,Wireless Noise-Canceling Headphones,2025-06-30,Electronics,0.0,1378.68,,20.0,2.0,0.0,0.0,0,30,27,6,2,181,0,0.0,1.0,1.2246467991473532e-16,-1.0,0.0,1,0.0,1,0.0,1,0.0,1,1.4285714285714286,1.2724180205607047,0.0,3.0,1.0714285714285714,0.8571428571428571,1.145499590645626,0.0,3.0,1.6666666666666667,0,1378.68,0.0,0.0,False,False,True,False,False,False,False,False,False,False,False,False,False,False,False,False,False,False,False,False,False,False,False,False,False,False,False,False,False,True,False,False,False,True,False,False
Pakistan,Wireless Noise-Canceling Headphones,2025-07-01,Electronics,0.0,1378.68,,20.0,2.0,0.0,0.0,1,1,27,7,3,182,0,0.7818314824680298,0.6234898018587336,-0.4999999999999997,-0.8660254037844388,0.0,1,1.0,1,0.0,1,0.0,1,1.4285714285714286,1.2724180205607047,0.0,3.0,1.0714285714285714,0.8571428571428571,1.145499590645626,0.0,3.0,1.6666666666666667,0,1378.68,0.0,0.0,False,False,True,False,False,False,False,False,False,False,False,False,False,False,False,False,False,False,False,False,False,False,False,False,False,False,False,False,False,True,False,False,False,True,False,False
Pakistan,Wireless Noise-Canceling Headphones,2025-07-02,Electronics,0.0,1378.68,,20.0,2.0,0.0,0.0,2,2,27,7,3,183,0,0.9749279121818236,-0.22252093395631434,-0.4999999999999997,-0.8660254037844388,0.0,1,3.0,1,2.0,1,3.0,1,1.2857142857142858,1.3801311186847098,0.0,3.0,1.0714285714285714,0.8571428571428571,1.145499590645626,0.0,3.0,1.5000000000000002,0,1378.68,0.0,0.0,False,False,True,False,False,False,False,False,False,False,False,False,False,False,False,False,False,False,False,False,False,False,False,False,False,False,False,False,False,True,False,False,False,True,False,False
Pakistan,Wireless Noise-Canceling Headphones,2025-07-03,Electronics,0.0,1378.68,,20.0,2.0,0.0,0.0,3,3,27,7,3,184,0,0.43388373911755823,-0.900968867902419,-0.4999999999999997,-0.8660254037844388,0.0,1,1.0,1,0.0,1,0.0,1,0.8571428571428571,1.214985792587915,0.0,3.0,0.9285714285714286,0.75,1.0758287072798307,0.0,3.0,1.1428571428571428,0,1378.68,0.0,0.0,False,False,True,False,False,False,False,False,False,False,False,False,False,False,False,False,False,False,False,False,False,False,False,False,False,False,False,False,False,True,False,False,False,True,False,False
Pakistan,Wireless Noise-Canceling Headphones,2025-07-04,Electronics,6.0,588.65,0.09,20.0,2.0,1.0,0.0,4,4,27,7,3,185,0,-0.433883739117558,-0.9009688679024191,-0.4999999999999997,-0.8660254037844388,0.0,1,2.0,1,0.0,1,0.0,1,0.7142857142857143,1.2535663410560212,0.0,3.0,0.9285714285714286,0.75,1.0758287072798307,0.0,3.0,0.9523809523809524,1,1378.68,-790.0300000000001,-0.5730336263672499,False,False,True,False,False,False,False,False,False,False,False,False,False,False,False,False,False,False,False,False,False,False,False,False,False,False,False,False,False,True,False,False,False,True,False,False
Pakistan,Wireless Noise-Canceling Headphones,2025-07-05,Electronics,0.0,588.65,,20.0,2.0,0.0,0.0,5,5,27,7,3,186,1,-0.9749279121818236,-0.2225209339563146,-0.4999999999999997,-0.8660254037844388,6.0,1,3.0,1,3.0,1,2.0,1,1.2857142857142858,2.36038737740833,0.0,6.0,1.3571428571428572,0.9642857142857143,1.452511053241367,0.0,6.0,1.3333333333333335,0,588.65,0.0,0.0,False,False,True,False,False,False,False,False,False,False,False,False,False,False,False,False,False,False,False,False,False,False,False,False,False,False,False,False,False,True,False,False,False,True,False,False
Pakistan,Wireless Noise-Canceling Headphones,2025-07-06,Electronics,6.0,800.655,0.14,20.0,2.0,1.0,0.0,6,6,27,7,3,187,1,-0.7818314824680299,0.6234898018587334,-0.4999999999999997,-0.8660254037844388,0.0,1,0.0,1,0.0,1,0.0,1,0.8571428571428571,2.267786838055365,0.0,6.0,1.1428571428571428,0.8928571428571429,1.4488638132020326,0.0,6.0,0.9599999999999999,1,588.65,212.005,0.3601545910133356,False,False,True,False,False,False,False,False,False,False,False,False,False,False,False,False,False,False,False,False,False,False,False,False,False,False,False,False,False,True,False,False,False,True,False,False
Pakistan,Wireless Noise-Canceling Headphones,2025-07-07,Electronics,0.0,800.655,,20.0,2.0,0.0,0.0,0,7,28,7,3,188,0,0.0,1.0,-0.4999999999999997,-0.8660254037844388,6.0,1,0.0,1,0.0,1,2.0,1,1.7142857142857142,2.9277002188455996,0.0,6.0,1.5714285714285714,1.1071428571428572,1.7286107827082489,0.0,6.0,1.5483870967741933,0,800.655,0.0,0.0,False,False,True,False,False,False,False,False,False,False,False,False,False,False,False,False,False,False,False,False,False,False,False,False,False,False,False,False,False,True,False,False,False,True,False,False
Pakistan,Wireless Noise-Canceling Headphones,2025-07-08,Electronics,0.0,800.655,,20.0,2.0,0.0,0.0,1,8,28,7,3,189,0,0.7818314824680298,0.6234898018587336,-0.4999999999999997,-0.8660254037844388,0.0,1,0.0,1,1.0,1,1.0,1,1.7142857142857142,2.9277002188455996,0.0,6.0,1.5714285714285714,1.0357142857142858,1.731668920052917,0.0,6.0,1.6551724137931032,0,800.655,0.0,0.0,False,False,True,False,False,False,False,False,False,False,False,False,False,False,False,False,False,False,False,False,False,False,False,False,False,False,False,False,False,True,False,False,False,True,False,False
Pakistan,Wireless Noise-Canceling Headphones,2025-07-09,Electronics,0.0,800.655,,20.0,2.0,0.0,0.0,2,9,28,7,3,190,0,0.9749279121818236,-0.22252093395631434,-0.4999999999999997,-0.8660254037844388,0.0,1,0.0,1,3.0,1,0.0,1,1.7142857142857142,2.9277002188455996,0.0,6.0,1.5,1.0,1.7427096823731207,0.0,6.0,1.7142857142857142,0,800.655,0.0,0.0,False,False,True,False,False,False,False,False,False,False,False,False,False,False,False,False,False,False,False,False,False,False,False,False,False,False,False,False,False,True,False,False,False,True,False,False
Pakistan,Wireless Noise-Canceling Headphones,2025-07-10,Electronics,3.0,135.6,0.08,20.0,2.0,1.0,0.0,3,10,28,7,3,191,0,0.43388373911755823,-0.900968867902419,-0.4999999999999997,-0.8660254037844388,0.0,1,0.0,1,1.0,1,0.0,1,1.7142857142857142,2.9277002188455996,0.0,6.0,1.2857142857142858,1.0,1.7427096823731207,0.0,6.0,1.7142857142857142,1,800.655,-665.055,-0.8306386645933641,False,False,True,False,False,False,False,False,False,False,False,False,False,False,False,False,False,False,False,False,False,False,False,False,False,False,False,False,False,True,False,False,False,True,False,False
Pakistan,Wireless Noise-Canceling Headphones,2025-07-11,Electronics,3.0,1232.57,0.14,20.0,2.0,1.0,0.0,4,11,28,7,3,192,0,-0.433883739117558,-0.9009688679024191,-0.4999999999999997,-0.8660254037844388,3.0,1,6.0,1,2.0,1,1.0,1,2.142857142857143,2.853569193634025,0.0,6.0,1.4285714285714286,1.1071428571428572,1.7709442075467463,0.0,6.0,1.9354838709677418,1,135.6,1096.97,8.089749262536873,False,False,True,False,False,False,False,False,False,False,False,False,False,False,False,False,False,False,False,False,False,False,False,False,False,False,False,False,False,True,False,False,False,True,False,False
Pakistan,Wireless Noise-Canceling Headphones,2025-07-12,Electronics,0.0,1232.57,,20.0,2.0,0.0,0.0,5,12,28,7,3,193,1,-0.9749279121818236,-0.2225209339563146,-0.4999999999999997,-0.8660254037844388,3.0,1,0.0,1,3.0,1,0.0,1,1.7142857142857142,2.3603873774083297,0.0,6.0,1.5,1.1785714285714286,1.806440564543296,0.0,6.0,1.4545454545454544,0,1232.57,0.0,0.0,False,False,True,False,False,False,False,False,False,False,False,False,False,False,False,False,False,False,False,False,False,False,False,False,False,False,False,False,False,True,False,False,False,True,False,False
Pakistan,Wireless Noise-Canceling Headphones,2025-07-13,Electronics,0.0,1232.57,,20.0,2.0,0.0,0.0,6,13,28,7,3,194,1,-0.7818314824680299,0.6234898018587334,-0.4999999999999997,-0.8660254037844388,0.0,1,6.0,1,0.0,1,0.0,1,1.7142857142857142,2.3603873774083297,0.0,6.0,1.2857142857142858,1.1785714285714286,1.806440564543296,0.0,6.0,1.4545454545454544,0,1232.57,0.0,0.0,False,False,True,False,False,False,False,False,False,False,False,False,False,False,False,False,False,False,False,False,False,False,False,False,False,False,False,False,False,True,False,False,False,True,False,False
Pakistan,Wireless Noise-Canceling Headphones,2025-07-14,Electronics,0.0,1232.57,,20.0,2.0,0.0,0.0,0,14,29,7,3,195,0,0.0,1.0,-0.4999999999999997,-0.8660254037844388,0.0,1,0.0,1,0.0,1,0.0,1,0.8571428571428571,1.4638501094228025,0.0,3.0,1.2857142857142858,1.1785714285714286,1.806440564543296,0.0,6.0,0.7272727272727272,0,1232.57,0.0,0.0,False,False,True,False,False,False,False,False,False,False,False,False,False,False,False,False,False,False,False,False,False,False,False,False,False,False,False,False,False,True,False,False,False,True,False,False
Pakistan,Wireless Noise-Canceling Headphones,2025-07-15,Electronics,3.0,485.29,0.15,20.0,2.0,1.0,0.0,1,15,29,7,3,196,0,0.7818314824680298,0.6234898018587336,-0.4999999999999997,-0.8660254037844388,0.0,1,0.0,1,0.0,1,0.0,1,0.8571428571428571,1.4638501094228025,0.0,3.0,1.2857142857142858,1.1785714285714286,1.806440564543296,0.0,6.0,0.7272727272727272,1,1232.57,-747.28,-0.6062779395896379,False,False,True,False,False,False,False,False,False,False,False,False,False,False,False,False,False,False,False,False,False,False,False,False,False,False,False,False,False,True,False,False,False,True,False,False
Pakistan,Wireless Noise-Canceling Headphones,2025-07-16,Electronics,5.0,745.86,0.09,20.0,2.0,1.0,0.0,2,16,29,7,3,197,0,0.9749279121818236,-0.22252093395631434,-0.4999999999999997,-0.8660254037844388,3.0,1,0.0,1,0.0,1,2.0,1,1.2857142857142858,1.6035674514745475,0.0,3.0,1.5,1.2857142857142858,1.8228415517403898,0.0,6.0,1.0,1,485.29,260.57,0.5369366770384718,False,False,True,False,False,False,False,False,False,False,False,False,False,False,False,False,False,False,False,False,False,False,False,False,False,False,False,False,False,True,False,False,False,True,False,False
Pakistan,Wireless Noise-Canceling Headphones,2025-07-17,Electronics,1.0,347.93,0.12,20.0,2.0,1.0,0.0,3,17,29,7,3,198,0,0.43388373911755823,-0.900968867902419,-0.4999999999999997,-0.8660254037844388,5.0,1,3.0,1,0.0,1,0.0,1,2.0,1.9999999999999993,0.0,5.0,1.8571428571428572,1.3928571428571428,1.9501051389373967,0.0,6.0,1.435897435897436,1,745.86,-397.93,-0.5335183546510069,False,False,True,False,False,False,False,False,False,False,False,False,False,False,False,False,False,False,False,False,False,False,False,False,False,False,False,False,False,True,False,False,False,True,False,False
Pakistan,Wireless Noise-Canceling Headphones,2025-07-18,Electronics,0.0,347.93,,20.0,2.0,0.0,0.0,4,18,29,7,3,199,0,-0.433883739117558,-0.9009688679024191,-0.4999999999999997,-0.8660254037844388,1.0,1,3.0,1,6.0,1,0.0,1,1.7142857142857142,1.9760470401187076,0.0,5.0,1.9285714285714286,1.4285714285714286,1.9327311596416419,0.0,6.0,1.2,0,347.93,0.0,0.0,False,False,True,False,False,False,False,False,False,False,False,False,False,False,False,False,False,False,False,False,False,False,False,False,False,False,False,False,False,True,False,False,False,True,False,False
Pakistan,Wireless Noise-Canceling Headphones,2025-07-19,Electronics,0.0,347.93,,20.0,2.0,0.0,0.0,5,19,29,7,3,200,1,-0.9749279121818236,-0.2225209339563146,-0.4999999999999997,-0.8660254037844388,0.0,1,0.0,1,0.0,1,3.0,1,1.2857142857142858,1.9760470401187087,0.0,5.0,1.5,1.4285714285714286,1.9327311596416419,0.0,6.0,0.9,0,347.93,0.0,0.0,False,False,True,False,False,False,False,False,False,False,False,False,False,False,False,False,False,False,False,False,False,False,False,False,False,False,False,False,False,True,False,False,False,True,False,False
Pakistan,Wireless Noise-Canceling Headphones,2025-07-20,Electronics,5.0,584.55,0.15,20.0,2.0,1.0,0.0,6,20,29,7,3,201,1,-0.7818314824680299,0.6234898018587334,-0.4999999999999997,-0.8660254037844388,0.0,1,0.0,1,6.0,1,0.0,1,1.2857142857142858,1.9760470401187087,0.0,5.0,1.5,1.3214285714285714,1.9255316039140846,0.0,6.0,0.972972972972973,1,347.93,236.61999999999995,0.6800793263012673,False,False,True,False,False,False,False,False,False,False,False,False,False,False,False,False,False,False,False,False,False,False,False,False,False,False,False,False,False,True,False,False,False,True,False,False
Pakistan,Wireless Noise-Canceling Headphones,2025-07-21,Electronics,3.0,1412.91,0.09,20.0,2.0,1.0,0.0,0,21,30,7,3,202,0,0.0,1.0,-0.4999999999999997,-0.8660254037844388,5.0,1,0.0,1,0.0,1,0.0,1,2.0,2.3094010767585025,0.0,5.0,1.4285714285714286,1.5,2.027587510099404,0.0,6.0,1.3333333333333333,1,584.55,828.3600000000001,1.417090069284065,False,False,True,False,False,False,False,False,False,False,False,False,False,False,False,False,False,False,False,False,False,False,False,False,False,False,False,False,False,True,False,False,False,True,False,False
Pakistan,Wireless Noise-Canceling Headphones,2025-07-22,Electronics,0.0,1412.91,,20.0,2.0,0.0,0.0,1,22,30,7,3,203,0,0.7818314824680298,0.6234898018587336,-0.4999999999999997,-0.8660254037844388,3.0,1,3.0,1,0.0,1,1.0,1,2.4285714285714284,2.149196970742238,0.0,5.0,1.6428571428571428,1.6071428571428572,2.0246496855521303,0.0,6.0,1.5111111111111108,0,1412.91,0.0,0.0,False,False,True,False,False,False,False,False,False,False,False,False,False,False,False,False,False,False,False,False,False,False,False,False,False,False,False,False,False,True,False,False,False,True,False,False
Pakistan,Wireless Noise-Canceling Headphones,2025-07-23,Electronics,3.0,990.1,0.04,20.0,2.0,1.0,0.0,2,23,30,7,3,204,0,0.9749279121818236,-0.22252093395631434,-0.4999999999999997,-0.8660254037844388,0.0,1,5.0,1,0.0,1,3.0,1,2.0,2.3094010767585025,0.0,5.0,1.6428571428571428,1.5714285714285714,2.0444789507094883,0.0,6.0,1.2727272727272727,1,1412.91,-422.81000000000006,-0.2992476520089744,False,False,True,False,False,False,False,False,False,False,False,False,False,False,False,False,False,False,False,False,False,False,False,False,False,False,False,False,False,True,False,False,False,True,False,False
Pakistan,Wireless Noise-Canceling Headphones,2025-07-24,Electronics,3.0,1294.94,0.12,20.0,2.0,1.0,0.0,3,24,30,7,3,205,0,0.43388373911755823,-0.900968867902419,-0.4999999999999997,-0.8660254037844388,3.0,1,1.0,1,3.0,1,1.0,1,1.7142857142857142,1.9760470401187076,0.0,5.0,1.8571428571428572,1.5714285714285714,2.0444789507094883,0.0,6.0,1.0909090909090908,1,990.1,304.84000000000003,0.30788809211190793,False,False,True,False,False,False,False,False,False,False,False,False,False,False,False,False,False,False,False,False,False,False,False,False,False,False,False,False,False,True,False,False,False,True,False,False
Pakistan,Wireless Noise-Canceling Headphones,2025-07-25,Electronics,0.0,1294.94,,20.0,2.0,0.0,0.0,4,25,30,7,3,206,0,-0.433883739117558,-0.9009688679024191,-0.4999999999999997,-0.8660254037844388,3.0,1,0.0,1,3.0,1,2.0,1,2.0,1.9999999999999993,0.0,5.0,1.8571428571428572,1.6428571428571428,2.058663459163549,0.0,6.0,1.2173913043478262,0,1294.94,0.0,0.0,False,False,True,False,False,False,False,False,False,False,False,False,False,False,False,False,False,False,False,False,False,False,False,False,False,False,False,False,False,True,False,False,False,True,False,False
Pakistan,Wireless Noise-Canceling Headphones,2025-07-26,Electronics,0.0,1294.94,,20.0,2.0,0.0,0.0,5,26,30,7,3,207,1,-0.9749279121818236,-0.2225209339563146,-0.4999999999999997,-0.8660254037844388,0.0,1,0.0,1,0.0,1,3.0,1,2.0,1.9999999999999993,0.0,5.0,1.6428571428571428,1.5714285714285714,2.0803947529356823,0.0,6.0,1.2727272727272727,0,1294.94,0.0,0.0,False,False,True,False,False,False,False,False,False,False,False,False,False,False,False,False,False,False,False,False,False,False,False,False,False,False,False,False,False,True,False,False,False,True,False,False
Pakistan,Wireless Noise-Canceling Headphones,2025-07-27,Electronics,0.0,1294.94,,20.0,2.0,0.0,0.0,6,27,30,7,3,208,1,-0.7818314824680299,0.6234898018587334,-0.4999999999999997,-0.8660254037844388,0.0,1,5.0,1,0.0,1,0.0,1,2.0,1.9999999999999993,0.0,5.0,1.6428571428571428,1.4642857142857142,2.081348260625927,0.0,6.0,1.3658536585365855,0,1294.94,0.0,0.0,False,False,True,False,False,False,False,False,False,False,False,False,False,False,False,False,False,False,False,False,False,False,False,False,False,False,False,False,False,True,False,False,False,True,False,False
Pakistan,Wireless Noise-Canceling Headphones,2025-07-28,Electronics,1.0,684.52,0.1,20.0,2.0,1.0,0.0,0,28,31,7,3,209,0,0.0,1.0,-0.4999999999999997,-0.8660254037844388,0.0,1,3.0,1,0.0,1,0.0,1,1.2857142857142858,1.6035674514745477,0.0,3.0,1.6428571428571428,1.4642857142857142,2.081348260625927,0.0,6.0,0.878048780487805,1,1294.94,-610.4200000000001,-0.47138863576690815,False,False,True,False,False,False,False,False,False,False,False,False,False,False,False,False,False,False,False,False,False,False,False,False,False,False,False,False,False,True,False,False,False,True,False,False
Pakistan,Wireless Noise-Canceling Headphones,2025-07-29,Electronics,0.0,684.52,,20.0,2.0,0.0,0.0,1,29,31,7,3,210,0,0.7818314824680298,0.6234898018587336,-0.4999999999999997,-0.8660254037844388,1.0,1,0.0,1,3.0,1,0.0,1,1.0,1.4142135623730976,0.0,3.0,1.7142857142857142,1.5,2.0637972912229654,0.0,6.0,0.6666666666666666,0,684.52,0.0,0.0,False,False,True,False,False,False,False,False,False,False,False,False,False,False,False,False,False,False,False,False,False,False,False,False,False,False,False,False,False,True,False,False,False,True,False,False
Pakistan,Wireless Noise-Canceling Headphones,2025-07-30,Electronics,0.0,684.52,,20.0,2.0,0.0,0.0,2,30,31,7,3,211,0,0.9749279121818236,-0.22252093395631434,-0.4999999999999997,-0.8660254037844388,0.0,1,3.0,1,5.0,1,0.0,1,1.0,1.4142135623730976,0.0,3.0,1.5,1.5,2.0637972912229654,0.0,6.0,0.6666666666666666,0,684.52,0.0,0.0,False,False,True,False,False,False,False,False,False,False,False,False,False,False,False,False,False,False,False,False,False,False,False,False,False,False,False,False,False,True,False,False,False,True,False,False
Pakistan,Wireless Noise-Canceling Headphones,2025-07-31,Electronics,0.0,684.52,,20.0,2.0,0.0,0.0,3,31,31,7,3,212,0,0.43388373911755823,-0.900968867902419,-0.4999999999999997,-0.8660254037844388,0.0,1,3.0,1,1.0,1,0.0,1,0.5714285714285714,1.1338934190276866,0.0,3.0,1.1428571428571428,1.5,2.0637972912229654,0.0,6.0,0.38095238095238093,0,684.52,0.0,0.0,False,False,True,False,False,False,False,False,False,False,False,False,False,False,False,False,False,False,False,False,False,False,False,False,False,False,False,False,False,True,False,False,False,True,False,False
Pakistan,Wireless Noise-Canceling Headphones,2025-08-01,Electronics,0.0,684.52,,20.0,2.0,0.0,0.0,4,1,31,8,3,213,0,-0.433883739117558,-0.9009688679024191,-0.8660254037844385,-0.5000000000000004,0.0,1,0.0,1,0.0,1,6.0,1,0.14285714285714285,0.37796447300924785,0.0,1.0,1.0714285714285714,1.5,2.0637972912229654,0.0,6.0,0.09523809523809523,0,684.52,0.0,0.0,False,False,True,False,False,False,False,False,False,False,False,False,False,False,False,False,False,False,False,False,False,False,False,False,False,False,False,False,False,True,False,False,False,True,False,False
Pakistan,Wireless Noise-Canceling Headphones,2025-08-02,Electronics,0.0,684.52,,20.0,2.0,0.0,0.0,5,2,31,8,3,214,1,-0.9749279121818236,-0.2225209339563146,-0.8660254037844385,-0.5000000000000004,0.0,1,0.0,1,0.0,1,0.0,1,0.14285714285714285,0.37796447300924785,0.0,1.0,1.0714285714285714,1.2857142857142858,1.8828100129788807,0.0,6.0,0.11111111111111109,0,684.52,0.0,0.0,False,False,True,False,False,False,False,False,False,False,False,False,False,False,False,False,False,False,False,False,False,False,False,False,False,False,False,False,False,True,False,False,False,True,False,False
Pakistan,Wireless Noise-Canceling Headphones,2025-08-03,Electronics,0.0,684.52,,20.0,2.0,0.0,0.0,6,3,31,8,3,215,1,-0.7818314824680299,0.6234898018587334,-0.8660254037844385,-0.5000000000000004,0.0,1,0.0,1,5.0,1,6.0,1,0.14285714285714285,0.37796447300924785,0.0,1.0,1.0714285714285714,1.2857142857142858,1.8828100129788807,0.0,6.0,0.11111111111111109,0,684.52,0.0,0.0,False,False,True,False,False,False,False,False,False,False,False,False,False,False,False,False,False,False,False,False,False,False,False,False,False,False,False,False,False,True,False,False,False,True,False,False
Pakistan,Wireless Noise-Canceling Headphones,2025-08-04,Electronics,0.0,684.52,,20.0,2.0,0.0,0.0,0,4,32,8,3,216,0,0.0,1.0,-0.8660254037844385,-0.5000000000000004,0.0,1,1.0,1,3.0,1,0.0,1,0.14285714285714285,0.37796447300924785,0.0,1.0,0.7142857142857143,1.0714285714285714,1.653919506943951,0.0,5.0,0.13333333333333333,0,684.52,0.0,0.0,False,False,True,False,False,False,False,False,False,False,False,False,False,False,False,False,False,False,False,False,False,False,False,False,False,False,False,False,False,True,False,False,False,True,False,False
Pakistan,Wireless Noise-Canceling Headphones,2025-08-05,Electronics,0.0,684.52,,20.0,2.0,0.0,0.0,1,5,32,8,3,217,0,0.7818314824680298,0.6234898018587336,-0.8660254037844385,-0.5000000000000004,0.0,1,0.0,1,0.0,1,0.0,1,0.0,0.0,0.0,0.0,0.5,1.0714285714285714,1.653919506943951,0.0,5.0,0.0,0,684.52,0.0,0.0,False,False,True,False,False,False,False,False,False,False,False,False,False,False,False,False,False,False,False,False,False,False,False,False,False,False,False,False,False,True,False,False,False,True,False,False
Pakistan,Wireless Noise-Canceling Headphones,2025-08-06,Electronics,6.0,787.905,0.12,20.0,2.0,1.0,0.0,2,6,32,8,3,218,0,0.9749279121818236,-0.22252093395631434,-0.8660254037844385,-0.5000000000000004,0.0,1,0.0,1,3.0,1,0.0,1,0.0,0.0,0.0,0.0,0.5,1.0714285714285714,1.653919506943951,0.0,5.0,0.0,1,684.52,103.38499999999999,0.15103284053059077,False,False,True,False,False,False,False,False,False,False,False,False,False,False,False,False,False,False,False,False,False,False,False,False,False,False,False,False,False,True,False,False,False,True,False,False
Pakistan,Wireless Noise-Canceling Headphones,2025-08-07,Electronics,0.0,787.905,,20.0,2.0,0.0,0.0,3,7,32,8,3,219,0,0.43388373911755823,-0.900968867902419,-0.8660254037844385,-0.5000000000000004,6.0,1,0.0,1,3.0,1,3.0,1,0.8571428571428571,2.267786838055365,0.0,6.0,0.7142857142857143,1.2857142857142858,1.8828100129788807,0.0,6.0,0.6666666666666666,0,787.905,0.0,0.0,False,False,True,False,False,False,False,False,False,False,False,False,False,False,False,False,False,False,False,False,False,False,False,False,False,False,False,False,False,True,False,False,False,True,False,False
Pakistan,Wireless Noise-Canceling Headphones,2025-08-08,Electronics,0.0,787.905,,20.0,2.0,0.0,0.0,4,8,32,8,3,220,0,-0.433883739117558,-0.9009688679024191,-0.8660254037844385,-0.5000000000000004,0.0,1,0.0,1,0.0,1,3.0,1,0.8571428571428571,2.267786838055365,0.0,6.0,0.5,1.1785714285714286,1.8669359216239112,0.0,6.0,0.7272727272727272,0,787.905,0.0,0.0,False,False,True,False,False,False,False,False,False,False,False,False,False,False,False,False,False,False,False,False,False,False,False,False,False,False,False,False,False,True,False,False,False,True,False,False
Pakistan,Wireless Noise-Canceling Headphones,2025-08-09,Electronics,1.0,424.99,0.04,20.0,2.0,1.0,0.0,5,9,32,8,3,221,1,-0.9749279121818236,-0.2225209339563146,-0.8660254037844385,-0.5000000000000004,0.0,1,0.0,1,0.0,1,0.0,1,0.8571428571428571,2.267786838055365,0.0,6.0,0.5,1.0714285714285714,1.8444826922788915,0.0,6.0,0.7999999999999999,1,787.905,-362.91499999999996,-0.46060756055615837,False,False,True,False,False,False,False,False,False,False,False,False,False,False,False,False,False,False,False,False,False,False,False,False,False,False,False,False,False,True,False,False,False,True,False,False
Pakistan,Wireless Noise-Canceling Headphones,2025-08-10,Electronics,0.0,424.99,,20.0,2.0,0.0,0.0,6,10,32,8,3,222,1,-0.7818314824680299,0.6234898018587334,-0.8660254037844385,-0.5000000000000004,1.0,1,0.0,1,0.0,1,0.0,1,1.0,2.236067977499791,0.0,6.0,0.5714285714285714,1.1071428571428572,1.8326116905841223,0.0,6.0,0.9032258064516129,0,424.99,0.0,0.0,False,False,True,False,False,False,False,False,False,False,False,False,False,False,False,False,False,False,False,False,False,False,False,False,False,False,False,False,False,True,False,False,False,True,False,False
Pakistan,Wireless Noise-Canceling Headphones,2025-08-11,Electronics,0.0,424.99,,20.0,2.0,0.0,0.0,0,11,33,8,3,223,0,0.0,1.0,-0.8660254037844385,-0.5000000000000004,0.0,1,0.0,1,1.0,1,0.0,1,1.0,2.236067977499791,0.0,6.0,0.5714285714285714,1.1071428571428572,1.8326116905841223,0.0,6.0,0.9032258064516129,0,424.99,0.0,0.0,False,False,True,False,False,False,False,False,False,False,False,False,False,False,False,False,False,False,False,False,False,False,False,False,False,False,False,False,False,True,False,False,False,True,False,False
Pakistan,Wireless Noise-Canceling Headphones,2025-08-12,Electronics,1.0,1251.86,0.13,20.0,2.0,1.0,0.0,1,12,33,8,3,224,0,0.7818314824680298,0.6234898018587336,-0.8660254037844385,-0.5000000000000004,0.0,1,0.0,1,0.0,1,3.0,1,1.0,2.236067977499791,0.0,6.0,0.5,1.1071428571428572,1.8326116905841223,0.0,6.0,0.9032258064516129,1,424.99,826.8699999999999,1.9456222499352922,False,False,True,False,False,False,False,False,False,False,False,False,False,False,False,False,False,False,False,False,False,False,False,False,False,False,False,False,False,True,False,False,False,True,False,False
Pakistan,Wireless Noise-Canceling Headphones,2025-08-13,Electronics,0.0,1251.86,,20.0,2.0,0.0,0.0,2,13,33,8,3,225,0,0.9749279121818236,-0.22252093395631434,-0.8660254037844385,-0.5000000000000004,1.0,1,6.0,1,0.0,1,5.0,1,1.1428571428571428,2.1930626551751358,0.0,6.0,0.5714285714285714,1.0357142857142858,1.7946864547601222,0.0,6.0,1.1034482758620687,0,1251.86,0.0,0.0,False,False,True,False,False,False,False,False,False,False,False,False,False,False,False,False,False,False,False,False,False,False,False,False,False,False,False,False,False,True,False,False,False,True,False,False
Pakistan,Wireless Noise-Canceling Headphones,2025-08-14,Electronics,0.0,1251.86,,20.0,2.0,0.0,0.0,3,14,33,8,3,226,0,0.43388373911755823,-0.900968867902419,-0.8660254037844385,-0.5000000000000004,0.0,1,0.0,1,0.0,1,1.0,1,0.2857142857142857,0.4879500364742814,0.0,1.0,0.5714285714285714,0.8571428571428571,1.6265001215808836,0.0,6.0,0.3333333333333333,0,1251.86,0.0,0.0,False,False,True,False,False,False,False,False,False,False,False,False,False,False,False,False,False,False,False,False,False,False,False,False,False,False,False,False,False,True,False,False,False,True,False,False
Pakistan,Wireless Noise-Canceling Headphones,2025-08-15,Electronics,0.0,1251.86,,20.0,2.0,0.0,0.0,4,15,33,8,3,227,0,-0.433883739117558,-0.9009688679024191,-0.8660254037844385,-0.5000000000000004,0.0,1,0.0,1,0.0,1,0.0,1,0.2857142857142857,0.4879500364742814,0.0,1.0,0.5714285714285714,0.8214285714285714,1.6342077348473494,0.0,6.0,0.34782608695652173,0,1251.86,0.0,0.0,False,False,True,False,False,False,False,False,False,False,False,False,False,False,False,False,False,False,False,False,False,False,False,False,False,False,False,False,False,True,False,False,False,True,False,False
Pakistan,Wireless Noise-Canceling Headphones,2025-08-16,Electronics,0.0,1251.86,,20.0,2.0,0.0,0.0,5,16,33,8,3,228,1,-0.9749279121818236,-0.2225209339563146,-0.8660254037844385,-0.5000000000000004,0.0,1,1.0,1,0.0,1,0.0,1,0.2857142857142857,0.4879500364742814,0.0,1.0,0.5714285714285714,0.8214285714285714,1.6342077348473494,0.0,6.0,0.34782608695652173,0,1251.86,0.0,0.0,False,False,True,False,False,False,False,False,False,False,False,False,False,False,False,False,False,False,False,False,False,False,False,False,False,False,False,False,False,True,False,False,False,True,False,False
Pakistan,Wireless Noise-Canceling Headphones,2025-08-17,Electronics,0.0,1251.86,,20.0,2.0,0.0,0.0,6,17,33,8,3,229,1,-0.7818314824680299,0.6234898018587334,-0.8660254037844385,-0.5000000000000004,0.0,1,0.0,1,0.0,1,5.0,1,0.14285714285714285,0.3779644730092482,0.0,1.0,0.5714285714285714,0.8214285714285714,1.6342077348473494,0.0,6.0,0.17391304347826086,0,1251.86,0.0,0.0,False,False,True,False,False,False,False,False,False,False,False,False,False,False,False,False,False,False,False,False,False,False,False,False,False,False,False,False,False,True,False,False,False,True,False,False
Pakistan,Wireless Noise-Canceling Headphones,2025-08-18,Electronics,0.0,1251.86,,20.0,2.0,0.0,0.0,0,18,34,8,3,230,0,0.0,1.0,-0.8660254037844385,-0.5000000000000004,0.0,1,0.0,1,0.0,1,3.0,1,0.14285714285714285,0.3779644730092482,0.0,1.0,0.5714285714285714,0.6428571428571429,1.419814430083382,0.0,6.0,0.22222222222222218,0,1251.86,0.0,0.0,False,False,True,False,False,False,False,False,False,False,False,False,False,False,False,False,False,False,False,False,False,False,False,False,False,False,False,False,False,True,False,False,False,True,False,False
Pakistan,Wireless Noise-Canceling Headphones,2025-08-19,Electronics,5.0,1080.61,0.11,20.0,2.0,1.0,0.0,1,19,34,8,3,231,0,0.7818314824680298,0.6234898018587336,-0.8660254037844385,-0.5000000000000004,0.0,1,1.0,1,0.0,1,0.0,1,0.14285714285714285,0.3779644730092482,0.0,1.0,0.5714285714285714,0.5357142857142857,1.3466595945123048,0.0,6.0,0.26666666666666666,1,1251.86,-171.25,-0.1367964468870321,False,False,True,False,False,False,False,False,False,False,False,False,False,False,False,False,False,False,False,False,False,False,False,False,False,False,False,False,False,True,False,False,False,True,False,False
Pakistan,Wireless Noise-Canceling Headphones,2025-08-20,Electronics,0.0,1080.61,,20.0,2.0,0.0,0.0,2,20,34,8,3,232,0,0.9749279121818236,-0.22252093395631434,-0.8660254037844385,-0.5000000000000004,5.0,1,0.0,1,6.0,1,3.0,1,0.7142857142857143,1.889822365046139,0.0,5.0,0.9285714285714286,0.7142857142857143,1.583646585553889,0.0,6.0,1.0,0,1080.61,0.0,0.0,False,False,True,False,False,False,False,False,False,False,False,False,False,False,False,False,False,False,False,False,False,False,False,False,False,False,False,False,False,True,False,False,False,True,False,False
Pakistan,Wireless Noise-Canceling Headphones,2025-08-21,Electronics,1.0,1440.22,0.02,20.0,2.0,1.0,0.0,3,21,34,8,3,233,0,0.43388373911755823,-0.900968867902419,-0.8660254037844385,-0.5000000000000004,0.0,1,0.0,1,0.0,1,3.0,1,0.7142857142857143,1.889822365046139,0.0,5.0,0.5,0.6071428571428571,1.5236235005501042,0.0,6.0,1.1764705882352942,1,1080.61,359.6100000000001,0.3327842607416183,False,False,True,False,False,False,False,False,False,False,False,False,False,False,False,False,False,False,False,False,False,False,False,False,False,False,False,False,False,True,False,False,False,True,False,False
Pakistan,Wireless Noise-Canceling Headphones,2025-08-22,Electronics,1.0,1373.79,0.07,20.0,2.0,1.0,0.0,4,22,34,8,3,234,0,-0.433883739117558,-0.9009688679024191,-0.8660254037844385,-0.5000000000000004,1.0,1,0.0,1,0.0,1,0.0,1,0.8571428571428571,1.8644544714716111,0.0,5.0,0.5714285714285714,0.5357142857142857,1.4525110532413656,0.0,6.0,1.5999999999999999,1,1440.22,-66.43000000000006,-0.04612489758509121,False,False,True,False,False,False,False,False,False,False,False,False,False,False,False,False,False,False,False,False,False,False,False,False,False,False,False,False,False,True,False,False,False,True,False,False
Pakistan,Wireless Noise-Canceling Headphones,2025-08-23,Electronics,0.0,1373.79,,20.0,2.0,0.0,0.0,5,23,34,8,3,235,1,-0.9749279121818236,-0.2225209339563146,-0.8660254037844385,-0.5000000000000004,1.0,1,0.0,1,1.0,1,0.0,1,1.0,1.8257418583505558,0.0,5.0,0.6428571428571429,0.5714285714285714,1.4511444124621393,0.0,6.0,1.75,0,1373.79,0.0,0.0,False,False,True,False,False,False,False,False,False,False,False,False,False,False,False,False,False,False,False,False,False,False,False,False,False,False,False,False,False,True,False,False,False,True,False,False
Pakistan,Wireless Noise-Canceling Headphones,2025-08-24,Electronics,0.0,1373.79,,20.0,2.0,0.0,0.0,6,24,34,8,3,236,1,-0.7818314824680299,0.6234898018587334,-0.8660254037844385,-0.5000000000000004,0.0,1,0.0,1,0.0,1,0.0,1,1.0,1.8257418583505558,0.0,5.0,0.5714285714285714,0.5714285714285714,1.4511444124621393,0.0,6.0,1.75,0,1373.79,0.0,0.0,False,False,True,False,False,False,False,False,False,False,False,False,False,False,False,False,False,False,False,False,False,False,False,False,False,False,False,False,False,True,False,False,False,True,False,False
Pakistan,Wireless Noise-Canceling Headphones,2025-08-25,Electronics,0.0,1373.79,,20.0,2.0,0.0,0.0,0,25,35,8,3,237,0,0.0,1.0,-0.8660254037844385,-0.5000000000000004,0.0,1,0.0,1,0.0,1,1.0,1,1.0,1.8257418583505558,0.0,5.0,0.5714285714285714,0.5714285714285714,1.4511444124621393,0.0,6.0,1.75,0,1373.79,0.0,0.0,False,False,True,False,False,False,False,False,False,False,False,False,False,False,False,False,False,False,False,False,False,False,False,False,False,False,False,False,False,True,False,False,False,True,False,False
Pakistan,Wireless Noise-Canceling Headphones,2025-08-26,Electronics,0.0,1373.79,,20.0,2.0,0.0,0.0,1,26,35,8,3,238,0,0.7818314824680298,0.6234898018587336,-0.8660254037844385,-0.5000000000000004,0.0,1,5.0,1,1.0,1,0.0,1,1.0,1.8257418583505558,0.0,5.0,0.5714285714285714,0.5357142857142857,1.4525110532413656,0.0,6.0,1.8666666666666667,0,1373.79,0.0,0.0,False,False,True,False,False,False,False,False,False,False,False,False,False,False,False,False,False,False,False,False,False,False,False,False,False,False,False,False,False,True,False,False,False,True,False,False
Pakistan,Wireless Noise-Canceling Headphones,2025-08-27,Electronics,3.0,833.5749999999999,0.13,20.0,2.0,1.0,0.0,2,27,35,8,3,239,0,0.9749279121818236,-0.22252093395631434,-0.8660254037844385,-0.5000000000000004,0.0,1,0.0,1,0.0,1,0.0,1,0.2857142857142857,0.48795003647428203,0.0,1.0,0.5,0.5357142857142857,1.4525110532413656,0.0,6.0,0.5333333333333333,1,1373.79,-540.215,-0.3932296784806994,False,False,True,False,False,False,False,False,False,False,False,False,False,False,False,False,False,False,False,False,False,False,False,False,False,False,False,False,False,True,False,False,False,True,False,False
Pakistan,Wireless Noise-Canceling Headphones,2025-08-28,Electronics,0.0,833.5749999999999,,20.0,2.0,0.0,0.0,3,28,35,8,3,240,0,0.43388373911755823,-0.900968867902419,-0.8660254037844385,-0.5000000000000004,3.0,1,1.0,1,0.0,1,0.0,1,0.7142857142857143,1.1126972805283786,0.0,3.0,0.7142857142857143,0.6428571428571429,1.5205818991982294,0.0,6.0,1.1111111111111112,0,833.5749999999999,0.0,0.0,False,False,True,False,False,False,False,False,False,False,False,False,False,False,False,False,False,False,False,False,False,False,False,False,False,False,False,False,False,True,False,False,False,True,False,False
Pakistan,Wireless Noise-Canceling Headphones,2025-08-29,Electronics,0.0,833.5749999999999,,20.0,2.0,0.0,0.0,4,29,35,8,3,241,0,-0.433883739117558,-0.9009688679024191,-0.8660254037844385,-0.5000000000000004,0.0,1,1.0,1,0.0,1,0.0,1,0.5714285714285714,1.133893419027687,0.0,3.0,0.7142857142857143,0.6428571428571429,1.5205818991982294,0.0,6.0,0.8888888888888887,0,833.5749999999999,0.0,0.0,False,False,True,False,False,False,False,False,False,False,False,False,False,False,False,False,False,False,False,False,False,False,False,False,False,False,False,False,False,True,False,False,False,True,False,False
Pakistan,Wireless Noise-Canceling Headphones,2025-08-30,Electronics,1.0,1423.34,0.12,20.0,2.0,1.0,0.0,5,30,35,8,3,242,1,-0.9749279121818236,-0.2225209339563146,-0.8660254037844385,-0.5000000000000004,0.0,1,0.0,1,0.0,1,0.0,1,0.42857142857142855,1.1338934190276877,0.0,3.0,0.7142857142857143,0.6428571428571429,1.5205818991982294,0.0,6.0,0.6666666666666666,1,833.5749999999999,589.765,0.7075128212818284,False,False,True,False,False,False,False,False,False,False,False,False,False,False,False,False,False,False,False,False,False,False,False,False,False,False,False,False,False,True,False,False,False,True,False,False
Pakistan,Wireless Noise-Canceling Headphones,2025-08-31,Electronics,0.0,1423.34,,20.0,2.0,0.0,0.0,6,31,35,8,3,243,1,-0.7818314824680299,0.6234898018587334,-0.8660254037844385,-0.5000000000000004,1.0,1,0.0,1,0.0,1,0.0,1,0.5714285714285714,1.133893419027687,0.0,3.0,0.7857142857142857,0.6785714285714286,1.5166623059417454,0.0,6.0,0.8421052631578947,0,1423.34,0.0,0.0,False,False,True,False,False,False,False,False,False,False,False,False,False,False,False,False,False,False,False,False,False,False,False,False,False,False,False,False,False,True,False,False,False,True,False,False
Pakistan,Wireless Noise-Canceling Headphones,2025-09-01,Electronics,2.0,1270.76,0.08,20.0,2.0,1.0,0.0,0,1,36,9,3,244,0,0.0,1.0,-1.0,-1.8369701987210297e-16,0.0,1,0.0,1,0.0,1,0.0,1,0.5714285714285714,1.133893419027687,0.0,3.0,0.7857142857142857,0.6785714285714286,1.5166623059417454,0.0,6.0,0.8421052631578947,1,1423.34,-152.57999999999993,-0.10719856113086117,False,False,True,False,False,False,False,False,False,False,False,False,False,False,False,False,False,False,False,False,False,False,False,False,False,False,False,False,False,True,False,False,False,True,False,False
Pakistan,Wireless Noise-Canceling Headphones,2025-09-02,Electronics,0.0,1270.76,,20.0,2.0,0.0,0.0,1,2,36,9,3,245,0,0.7818314824680298,0.6234898018587336,-1.0,-1.8369701987210297e-16,2.0,1,0.0,1,5.0,1,0.0,1,0.8571428571428571,1.2149857925879157,0.0,3.0,0.9285714285714286,0.75,1.5305530348839846,0.0,6.0,1.1428571428571428,0,1270.76,0.0,0.0,False,False,True,False,False,False,False,False,False,False,False,False,False,False,False,False,False,False,False,False,False,False,False,False,False,False,False,False,False,True,False,False,False,True,False,False
Pakistan,Wireless Noise-Canceling Headphones,2025-09-03,Electronics,0.0,1270.76,,20.0,2.0,0.0,0.0,2,3,36,9,3,246,0,0.9749279121818236,-0.22252093395631434,-1.0,-1.8369701987210297e-16,0.0,1,3.0,1,0.0,1,6.0,1,0.8571428571428571,1.2149857925879157,0.0,3.0,0.5714285714285714,0.75,1.5305530348839846,0.0,6.0,1.1428571428571428,0,1270.76,0.0,0.0,False,False,True,False,False,False,False,False,False,False,False,False,False,False,False,False,False,False,False,False,False,False,False,False,False,False,False,False,False,True,False,False,False,True,False,False
Pakistan,Wireless Noise-Canceling Headphones,2025-09-04,Electronics,0.0,1270.76,,20.0,2.0,0.0,0.0,3,4,36,9,3,247,0,0.43388373911755823,-0.900968867902419,-1.0,-1.8369701987210297e-16,0.0,1,0.0,1,1.0,1,0.0,1,0.42857142857142855,0.7867957924694519,0.0,2.0,0.5714285714285714,0.5357142857142857,1.1379690439434311,0.0,5.0,0.7999999999999999,0,1270.76,0.0,0.0,False,False,True,False,False,False,False,False,False,False,False,False,False,False,False,False,False,False,False,False,False,False,False,False,False,False,False,False,False,True,False,False,False,True,False,False
Pakistan,Wireless Noise-Canceling Headphones,2025-09-05,Electronics,0.0,1270.76,,20.0,2.0,0.0,0.0,4,5,36,9,3,248,0,-0.433883739117558,-0.9009688679024191,-1.0,-1.8369701987210297e-16,0.0,1,0.0,1,1.0,1,0.0,1,0.42857142857142855,0.7867957924694519,0.0,2.0,0.5,0.5357142857142857,1.1379690439434311,0.0,5.0,0.7999999999999999,0,1270.76,0.0,0.0,False,False,True,False,False,False,False,False,False,False,False,False,False,False,False,False,False,False,False,False,False,False,False,False,False,False,False,False,False,True,False,False,False,True,False,False
Pakistan,Wireless Noise-Canceling Headphones,2025-09-06,Electronics,0.0,1270.76,,20.0,2.0,0.0,0.0,5,6,36,9,3,249,1,-0.9749279121818236,-0.2225209339563146,-1.0,-1.8369701987210297e-16,0.0,1,1.0,1,0.0,1,1.0,1,0.42857142857142855,0.7867957924694519,0.0,2.0,0.42857142857142855,0.5357142857142857,1.1379690439434311,0.0,5.0,0.7999999999999999,0,1270.76,0.0,0.0,False,False,True,False,False,False,False,False,False,False,False,False,False,False,False,False,False,False,False,False,False,False,False,False,False,False,False,False,False,True,False,False,False,True,False,False
Pakistan,Wireless Noise-Canceling Headphones,2025-09-07,Electronics,0.0,1270.76,,20.0,2.0,0.0,0.0,6,7,36,9,3,250,1,-0.7818314824680299,0.6234898018587334,-1.0,-1.8369701987210297e-16,0.0,1,0.0,1,0.0,1,0.0,1,0.2857142857142857,0.7559289460184645,0.0,2.0,0.42857142857142855,0.5,1.138550085106614,0.0,5.0,0.5714285714285714,0,1270.76,0.0,0.0,False,False,True,False,False,False,False,False,False,False,False,False,False,False,False,False,False,False,False,False,False,False,False,False,False,False,False,False,False,True,False,False,False,True,False,False
Pakistan,Wireless Noise-Canceling Headphones,2025-09-08,Electronics,3.0,131.28,0.11,20.0,2.0,1.0,0.0,0,8,37,9,3,251,0,0.0,1.0,-1.0,-1.8369701987210297e-16,0.0,1,2.0,1,0.0,1,0.0,1,0.2857142857142857,0.7559289460184645,0.0,2.0,0.42857142857142855,0.5,1.138550085106614,0.0,5.0,0.5714285714285714,1,1270.76,-1139.48,-0.8966917435235607,False,False,True,False,False,False,False,False,False,False,False,False,False,False,False,False,False,False,False,False,False,False,False,False,False,False,False,False,False,True,False,False,False,True,False,False
Pakistan,Wireless Noise-Canceling Headphones,2025-09-09,Electronics,0.0,131.28,,20.0,2.0,0.0,0.0,1,9,37,9,3,252,0,0.7818314824680298,0.6234898018587336,-1.0,-1.8369701987210297e-16,3.0,1,0.0,1,0.0,1,1.0,1,0.42857142857142855,1.1338934190276877,0.0,3.0,0.6428571428571429,0.6071428571428571,1.2274419565151498,0.0,5.0,0.7058823529411765,0,131.28,0.0,0.0,False,False,True,False,False,False,False,False,False,False,False,False,False,False,False,False,False,False,False,False,False,False,False,False,False,False,False,False,False,True,False,False,False,True,False,False
Pakistan,Wireless Noise-Canceling Headphones,2025-09-10,Electronics,0.0,131.28,,20.0,2.0,0.0,0.0,2,10,37,9,3,253,0,0.9749279121818236,-0.22252093395631434,-1.0,-1.8369701987210297e-16,0.0,1,0.0,1,3.0,1,0.0,1,0.42857142857142855,1.1338934190276877,0.0,3.0,0.6428571428571429,0.5714285714285714,1.2301331282538062,0.0,5.0,0.75,0,131.28,0.0,0.0,False,False,True,False,False,False,False,False,False,False,False,False,False,False,False,False,False,False,False,False,False,False,False,False,False,False,False,False,False,True,False,False,False,True,False,False
Pakistan,Wireless Noise-Canceling Headphones,2025-09-11,Electronics,0.0,131.28,,20.0,2.0,0.0,0.0,3,11,37,9,3,254,0,0.43388373911755823,-0.900968867902419,-1.0,-1.8369701987210297e-16,0.0,1,0.0,1,0.0,1,0.0,1,0.42857142857142855,1.1338934190276877,0.0,3.0,0.42857142857142855,0.5714285714285714,1.2301331282538062,0.0,5.0,0.75,0,131.28,0.0,0.0,False,False,True,False,False,False,False,False,False,False,False,False,False,False,False,False,False,False,False,False,False,False,False,False,False,False,False,False,False,True,False,False,False,True,False,False
Pakistan,Wireless Noise-Canceling Headphones,2025-09-12,Electronics,3.0,1061.31,0.09,20.0,2.0,1.0,0.0,4,12,37,9,3,255,0,-0.433883739117558,-0.9009688679024191,-1.0,-1.8369701987210297e-16,0.0,1,0.0,1,0.0,1,0.0,1,0.42857142857142855,1.1338934190276877,0.0,3.0,0.42857142857142855,0.5714285714285714,1.2301331282538062,0.0,5.0,0.75,1,131.28,930.03,7.0843235831809865,False,False,True,False,False,False,False,False,False,False,False,False,False,False,False,False,False,False,False,False,False,False,False,False,False,False,False,False,False,True,False,False,False,True,False,False
Pakistan,Wireless Noise-Canceling Headphones,2025-09-13,Electronics,0.0,1061.31,,20.0,2.0,0.0,0.0,5,13,37,9,3,256,1,-0.9749279121818236,-0.2225209339563146,-1.0,-1.8369701987210297e-16,3.0,1,0.0,1,1.0,1,0.0,1,0.8571428571428571,1.4638501094228031,0.0,3.0,0.6428571428571429,0.6785714285714286,1.306779230655255,0.0,5.0,1.263157894736842,0,1061.31,0.0,0.0,False,False,True,False,False,False,False,False,False,False,False,False,False,False,False,False,False,False,False,False,False,False,False,False,False,False,False,False,False,True,False,False,False,True,False,False
Pakistan,Wireless Noise-Canceling Headphones,2025-09-14,Electronics,0.0,1061.31,,20.0,2.0,0.0,0.0,6,14,37,9,3,257,1,-0.7818314824680299,0.6234898018587334,-1.0,-1.8369701987210297e-16,0.0,1,0.0,1,0.0,1,0.0,1,0.8571428571428571,1.4638501094228031,0.0,3.0,0.5714285714285714,0.6785714285714286,1.306779230655255,0.0,5.0,1.263157894736842,0,1061.31,0.0,0.0,False,False,True,False,False,False,False,False,False,False,False,False,False,False,False,False,False,False,False,False,False,False,False,False,False,False,False,False,False,True,False,False,False,True,False,False
Pakistan,Wireless Noise-Canceling Headphones,2025-09-15,Electronics,0.0,1061.31,,20.0,2.0,0.0,0.0,0,15,38,9,3,258,0,0.0,1.0,-1.0,-1.8369701987210297e-16,0.0,1,3.0,1,2.0,1,0.0,1,0.8571428571428571,1.4638501094228031,0.0,3.0,0.5714285714285714,0.6785714285714286,1.306779230655255,0.0,5.0,1.263157894736842,0,1061.31,0.0,0.0,False,False,True,False,False,False,False,False,False,False,False,False,False,False,False,False,False,False,False,False,False,False,False,False,False,False,False,False,False,True,False,False,False,True,False,False
Pakistan,Wireless Noise-Canceling Headphones,2025-09-16,Electronics,0.0,1061.31,,20.0,2.0,0.0,0.0,1,16,38,9,3,259,0,0.7818314824680298,0.6234898018587336,-1.0,-1.8369701987210297e-16,0.0,1,0.0,1,0.0,1,5.0,1,0.42857142857142855,1.1338934190276877,0.0,3.0,0.42857142857142855,0.6785714285714286,1.306779230655255,0.0,5.0,0.631578947368421,0,1061.31,0.0,0.0,False,False,True,False,False,False,False,False,False,False,False,False,False,False,False,False,False,False,False,False,False,False,False,False,False,False,False,False,False,True,False,False,False,True,False,False
Pakistan,Wireless Noise-Canceling Headphones,2025-09-17,Electronics,0.0,1061.31,,20.0,2.0,0.0,0.0,2,17,38,9,3,260,0,0.9749279121818236,-0.22252093395631434,-1.0,-1.8369701987210297e-16,0.0,1,0.0,1,0.0,1,0.0,1,0.42857142857142855,1.1338934190276877,0.0,3.0,0.42857142857142855,0.5,0.9999999999999907,0.0,3.0,0.8571428571428571,0,1061.31,0.0,0.0,False,False,True,False,False,False,False,False,False,False,False,False,False,False,False,False,False,False,False,False,False,False,False,False,False,False,False,False,False,True,False,False,False,True,False,False
Pakistan,Wireless Noise-Canceling Headphones,2025-09-18,Electronics,1.0,351.07,0.02,20.0,2.0,1.0,0.0,3,18,38,9,3,261,0,0.43388373911755823,-0.900968867902419,-1.0,-1.8369701987210297e-16,0.0,1,0.0,1,0.0,1,1.0,1,0.42857142857142855,1.1338934190276877,0.0,3.0,0.42857142857142855,0.5,0.9999999999999907,0.0,3.0,0.8571428571428571,1,1061.31,-710.24,-0.669210692446128,False,False,True,False,False,False,False,False,False,False,False,False,False,False,False,False,False,False,False,False,False,False,False,False,False,False,False,False,False,True,False,False,False,True,False,False
Pakistan,Wireless Noise-Canceling Headphones,2025-09-19,Electronics,6.0,925.48,0.15,20.0,2.0,1.0,0.0,4,19,38,9,3,262,0,-0.433883739117558,-0.9009688679024191,-1.0,-1.8369701987210297e-16,1.0,1,3.0,1,0.0,1,1.0,1,0.5714285714285714,1.133893419027687,0.0,3.0,0.5,0.5,0.9999999999999907,0.0,3.0,1.1428571428571428,1,351.07,574.4100000000001,1.6361694249010172,False,False,True,False,False,False,False,False,False,False,False,False,False,False,False,False,False,False,False,False,False,False,False,False,False,False,False,False,False,True,False,False,False,True,False,False
Pakistan,Wireless Noise-Canceling Headphones,2025-09-20,Electronics,6.0,766.29,0.15,20.0,2.0,1.0,0.0,5,20,38,9,3,263,1,-0.9749279121818236,-0.2225209339563146,-1.0,-1.8369701987210297e-16,6.0,1,0.0,1,0.0,1,0.0,1,1.0,2.2360679774997916,0.0,6.0,0.9285714285714286,0.6785714285714286,1.441541649777179,0.0,6.0,1.4736842105263157,1,925.48,-159.19000000000005,-0.17200803907161694,False,False,True,False,False,False,False,False,False,False,False,False,False,False,False,False,False,False,False,False,False,False,False,False,False,False,False,False,False,True,False,False,False,True,False,False
Pakistan,Wireless Noise-Canceling Headphones,2025-09-21,Electronics,0.0,766.29,,20.0,2.0,0.0,0.0,6,21,38,9,3,264,1,-0.7818314824680299,0.6234898018587334,-1.0,-1.8369701987210297e-16,6.0,1,0.0,1,0.0,1,0.0,1,1.8571428571428572,2.853569193634026,0.0,6.0,1.3571428571428572,0.8928571428571429,1.7499055152119776,0.0,6.0,2.08,0,766.29,0.0,0.0,False,False,True,False,False,False,False,False,False,False,False,False,False,False,False,False,False,False,False,False,False,False,False,False,False,False,False,False,False,True,False,False,False,True,False,False
Pakistan,Wireless Noise-Canceling Headphones,2025-09-22,Electronics,2.0,178.26,0.08,20.0,2.0,1.0,0.0,0,22,39,9,3,265,0,0.0,1.0,-1.0,-1.8369701987210297e-16,0.0,1,0.0,1,3.0,1,0.0,1,1.8571428571428572,2.853569193634026,0.0,6.0,1.3571428571428572,0.8928571428571429,1.7499055152119776,0.0,6.0,2.08,1,766.29,-588.03,-0.7673726657009748,False,False,True,False,False,False,False,False,False,False,False,False,False,False,False,False,False,False,False,False,False,False,False,False,False,False,False,False,False,True,False,False,False,True,False,False
Pakistan,Wireless Noise-Canceling Headphones,2025-09-23,Electronics,0.0,178.26,,20.0,2.0,0.0,0.0,1,23,39,9,3,266,0,0.7818314824680298,0.6234898018587336,-1.0,-1.8369701987210297e-16,2.0,1,0.0,1,0.0,1,0.0,1,2.142857142857143,2.7342623276105886,0.0,6.0,1.2857142857142858,0.9642857142857143,1.7529265023814626,0.0,6.0,2.2222222222222223,0,178.26,0.0,0.0,False,False,True,False,False,False,False,False,False,False,False,False,False,False,False,False,False,False,False,False,False,False,False,False,False,False,False,False,False,True,False,False,False,True,False,False
Pakistan,Wireless Noise-Canceling Headphones,2025-09-24,Electronics,0.0,178.26,,20.0,2.0,0.0,0.0,2,24,39,9,3,267,0,0.9749279121818236,-0.22252093395631434,-1.0,-1.8369701987210297e-16,0.0,1,0.0,1,0.0,1,3.0,1,2.142857142857143,2.7342623276105886,0.0,6.0,1.2857142857142858,0.9642857142857143,1.7529265023814626,0.0,6.0,2.2222222222222223,0,178.26,0.0,0.0,False,False,True,False,False,False,False,False,False,False,False,False,False,False,False,False,False,False,False,False,False,False,False,False,False,False,False,False,False,True,False,False,False,True,False,False
Pakistan,Wireless Noise-Canceling Headphones,2025-09-25,Electronics,0.0,178.26,,20.0,2.0,0.0,0.0,3,25,39,9,3,268,0,0.43388373911755823,-0.900968867902419,-1.0,-1.8369701987210297e-16,0.0,1,1.0,1,0.0,1,0.0,1,2.142857142857143,2.7342623276105886,0.0,6.0,1.2857142857142858,0.8571428571428571,1.7151673218082621,0.0,6.0,2.5,0,178.26,0.0,0.0,False,False,True,False,False,False,False,False,False,False,False,False,False,False,False,False,False,False,False,False,False,False,False,False,False,False,False,False,False,True,False,False,False,True,False,False
Pakistan,Wireless Noise-Canceling Headphones,2025-09-26,Electronics,0.0,178.26,,20.0,2.0,0.0,0.0,4,26,39,9,3,269,0,-0.433883739117558,-0.9009688679024191,-1.0,-1.8369701987210297e-16,0.0,1,6.0,1,3.0,1,0.0,1,2.0,2.82842712474619,0.0,6.0,1.2857142857142858,0.8571428571428571,1.7151673218082621,0.0,6.0,2.3333333333333335,0,178.26,0.0,0.0,False,False,True,False,False,False,False,False,False,False,False,False,False,False,False,False,False,False,False,False,False,False,False,False,False,False,False,False,False,True,False,False,False,True,False,False
Pakistan,Wireless Noise-Canceling Headphones,2025-09-27,Electronics,0.0,178.26,,20.0,2.0,0.0,0.0,5,27,39,9,3,270,1,-0.9749279121818236,-0.2225209339563146,-1.0,-1.8369701987210297e-16,0.0,1,6.0,1,0.0,1,1.0,1,1.1428571428571428,2.267786838055365,0.0,6.0,1.0714285714285714,0.8571428571428571,1.7151673218082621,0.0,6.0,1.3333333333333333,0,178.26,0.0,0.0,False,False,True,False,False,False,False,False,False,False,False,False,False,False,False,False,False,False,False,False,False,False,False,False,False,False,False,False,False,True,False,False,False,True,False,False
Pakistan,Wireless Noise-Canceling Headphones,2025-09-28,Electronics,4.0,478.33,0.08,20.0,2.0,1.0,0.0,6,28,39,9,3,271,1,-0.7818314824680299,0.6234898018587334,-1.0,-1.8369701987210297e-16,0.0,1,0.0,1,0.0,1,0.0,1,0.2857142857142857,0.7559289460184656,0.0,2.0,1.0714285714285714,0.8214285714285714,1.7224782195810782,0.0,6.0,0.34782608695652173,1,178.26,300.07,1.683327723549871,False,False,True,False,False,False,False,False,False,False,False,False,False,False,False,False,False,False,False,False,False,False,False,False,False,False,False,False,False,True,False,False,False,True,False,False
Pakistan,Wireless Noise-Canceling Headphones,2025-09-29,Electronics,0.0,478.33,,20.0,2.0,0.0,0.0,0,29,40,9,3,272,0,0.0,1.0,-1.0,-1.8369701987210297e-16,4.0,1,2.0,1,0.0,1,2.0,1,0.8571428571428571,1.57359158493889,0.0,4.0,1.3571428571428572,0.9642857142857143,1.8152061990235517,0.0,6.0,0.8888888888888888,0,478.33,0.0,0.0,False,False,True,False,False,False,False,False,False,False,False,False,False,False,False,False,False,False,False,False,False,False,False,False,False,False,False,False,False,True,False,False,False,True,False,False
Pakistan,Wireless Noise-Canceling Headphones,2025-09-30,Electronics,0.0,478.33,,20.0,2.0,0.0,0.0,1,30,40,9,3,273,0,0.7818314824680298,0.6234898018587336,-1.0,-1.8369701987210297e-16,0.0,1,0.0,1,0.0,1,0.0,1,0.5714285714285714,1.5118578920369137,0.0,4.0,1.3571428571428572,0.8928571428571429,1.8122890316921083,0.0,6.0,0.6399999999999999,0,478.33,0.0,0.0,False,False,True,False,False,False,False,False,False,False,False,False,False,False,False,False,False,False,False,False,False,False,False,False,False,False,False,False,False,True,False,False,False,True,False,False
Pakistan,Wireless Noise-Canceling Headphones,2025-10-01,Electronics,0.0,478.33,,20.0,2.0,0.0,0.0,2,1,40,10,4,274,0,0.9749279121818236,-0.22252093395631434,-0.8660254037844386,0.5000000000000001,0.0,1,0.0,1,0.0,1,0.0,1,0.5714285714285714,1.5118578920369137,0.0,4.0,1.3571428571428572,0.8928571428571429,1.8122890316921083,0.0,6.0,0.6399999999999999,0,478.33,0.0,0.0,False,False,True,False,False,False,False,False,False,False,False,False,False,False,False,False,False,False,False,False,False,False,False,False,False,False,False,False,False,True,False,False,False,True,False,False
Pakistan,Wireless Noise-Canceling Headphones,2025-10-02,Electronics,0.0,478.33,,20.0,2.0,0.0,0.0,3,2,40,10,4,275,0,0.43388373911755823,-0.900968867902419,-0.8660254037844386,0.5000000000000001,0.0,1,0.0,1,1.0,1,0.0,1,0.5714285714285714,1.5118578920369137,0.0,4.0,1.3571428571428572,0.8928571428571429,1.8122890316921083,0.0,6.0,0.6399999999999999,0,478.33,0.0,0.0,False,False,True,False,False,False,False,False,False,False,False,False,False,False,False,False,False,False,False,False,False,False,False,False,False,False,False,False,False,True,False,False,False,True,False,False
Pakistan,Wireless Noise-Canceling Headphones,2025-10-03,Electronics,0.0,478.33,,20.0,2.0,0.0,0.0,4,3,40,10,4,276,0,-0.433883739117558,-0.9009688679024191,-0.8660254037844386,0.5000000000000001,0.0,1,0.0,1,6.0,1,0.0,1,0.5714285714285714,1.5118578920369137,0.0,4.0,1.2857142857142858,0.8928571428571429,1.8122890316921083,0.0,6.0,0.6399999999999999,0,478.33,0.0,0.0,False,False,True,False,False,False,False,False,False,False,False,False,False,False,False,False,False,False,False,False,False,False,False,False,False,False,False,False,False,True,False,False,False,True,False,False
Pakistan,Wireless Noise-Canceling Headphones,2025-10-04,Electronics,0.0,478.33,,20.0,2.0,0.0,0.0,5,4,40,10,4,277,1,-0.9749279121818236,-0.2225209339563146,-0.8660254037844386,0.5000000000000001,0.0,1,0.0,1,6.0,1,0.0,1,0.5714285714285714,1.5118578920369137,0.0,4.0,0.8571428571428571,0.8928571428571429,1.8122890316921083,0.0,6.0,0.6399999999999999,0,478.33,0.0,0.0,False,False,True,False,False,False,False,False,False,False,False,False,False,False,False,False,False,False,False,False,False,False,False,False,False,False,False,False,False,True,False,False,False,True,False,False
Pakistan,Wireless Noise-Canceling Headphones,2025-10-05,Electronics,0.0,478.33,,20.0,2.0,0.0,0.0,6,5,40,10,4,278,1,-0.7818314824680299,0.6234898018587334,-0.8660254037844386,0.5000000000000001,0.0,1,4.0,1,0.0,1,0.0,1,0.5714285714285714,1.5118578920369137,0.0,4.0,0.42857142857142855,0.8928571428571429,1.8122890316921083,0.0,6.0,0.6399999999999999,0,478.33,0.0,0.0,False,False,True,False,False,False,False,False,False,False,False,False,False,False,False,False,False,False,False,False,False,False,False,False,False,False,False,False,False,True,False,False,False,True,False,False
Pakistan,Wireless Noise-Canceling Headphones,2025-10-06,Electronics,0.0,478.33,,20.0,2.0,0.0,0.0,0,6,41,10,4,279,0,0.0,1.0,-0.8660254037844386,0.5000000000000001,0.0,1,0.0,1,2.0,1,3.0,1,0.0,0.0,0.0,0.0,0.42857142857142855,0.8928571428571429,1.8122890316921083,0.0,6.0,0.0,0,478.33,0.0,0.0,False,False,True,False,False,False,False,False,False,False,False,False,False,False,False,False,False,False,False,False,False,False,False,False,False,False,False,False,False,True,False,False,False,True,False,False
Pakistan,Wireless Noise-Canceling Headphones,2025-10-07,Electronics,0.0,478.33,,20.0,2.0,0.0,0.0,1,7,41,10,4,280,0,0.7818314824680298,0.6234898018587336,-0.8660254037844386,0.5000000000000001,0.0,1,0.0,1,0.0,1,0.0,1,0.0,0.0,0.0,0.0,0.2857142857142857,0.7857142857142857,1.7713176275208582,0.0,6.0,0.0,0,478.33,0.0,0.0,False,False,True,False,False,False,False,False,False,False,False,False,False,False,False,False,False,False,False,False,False,False,False,False,False,False,False,False,False,True,False,False,False,True,False,False
Pakistan,Wireless Noise-Canceling Headphones,2025-10-08,Electronics,0.0,478.33,,20.0,2.0,0.0,0.0,2,8,41,10,4,281,0,0.9749279121818236,-0.22252093395631434,-0.8660254037844386,0.5000000000000001,0.0,1,0.0,1,0.0,1,0.0,1,0.0,0.0,0.0,0.0,0.2857142857142857,0.7857142857142857,1.7713176275208582,0.0,6.0,0.0,0,478.33,0.0,0.0,False,False,True,False,False,False,False,False,False,False,False,False,False,False,False,False,False,False,False,False,False,False,False,False,False,False,False,False,False,True,False,False,False,True,False,False
Pakistan,Wireless Noise-Canceling Headphones,2025-10-09,Electronics,0.0,478.33,,20.0,2.0,0.0,0.0,3,9,41,10,4,282,0,0.43388373911755823,-0.900968867902419,-0.8660254037844386,0.5000000000000001,0.0,1,0.0,1,0.0,1,0.0,1,0.0,0.0,0.0,0.0,0.2857142857142857,0.7857142857142857,1.7713176275208582,0.0,6.0,0.0,0,478.33,0.0,0.0,False,False,True,False,False,False,False,False,False,False,False,False,False,False,False,False,False,False,False,False,False,False,False,False,False,False,False,False,False,True,False,False,False,True,False,False
Pakistan,Wireless Noise-Canceling Headphones,2025-10-10,Electronics,0.0,478.33,,20.0,2.0,0.0,0.0,4,10,41,10,4,283,0,-0.433883739117558,-0.9009688679024191,-0.8660254037844386,0.5000000000000001,0.0,1,0.0,1,0.0,1,3.0,1,0.0,0.0,0.0,0.0,0.2857142857142857,0.7857142857142857,1.7713176275208582,0.0,6.0,0.0,0,478.33,0.0,0.0,False,False,True,False,False,False,False,False,False,False,False,False,False,False,False,False,False,False,False,False,False,False,False,False,False,False,False,False,False,True,False,False,False,True,False,False
Pakistan,Wireless Noise-Canceling Headphones,2025-10-11,Electronics,0.0,478.33,,20.0,2.0,0.0,0.0,5,11,41,10,4,284,1,-0.9749279121818236,-0.2225209339563146,-0.8660254037844386,0.5000000000000001,0.0,1,0.0,1,0.0,1,0.0,1,0.0,0.0,0.0,0.0,0.2857142857142857,0.6785714285714286,1.722478219581078,0.0,6.0,0.0,0,478.33,0.0,0.0,False,False,True,False,False,False,False,False,False,False,False,False,False,False,False,False,False,False,False,False,False,False,False,False,False,False,False,False,False,True,False,False,False,True,False,False
Pakistan,Wireless Noise-Canceling Headphones,2025-10-12,Electronics,2.0,1253.08,0.12,20.0,2.0,1.0,0.0,6,12,41,10,4,285,1,-0.7818314824680299,0.6234898018587334,-0.8660254037844386,0.5000000000000001,0.0,1,0.0,1,4.0,1,0.0,1,0.0,0.0,0.0,0.0,0.2857142857142857,0.6785714285714286,1.722478219581078,0.0,6.0,0.0,1,478.33,774.75,1.6196976982417997,False,False,True,False,False,False,False,False,False,False,False,False,False,False,False,False,False,False,False,False,False,False,False,False,False,False,False,False,False,True,False,False,False,True,False,False
Pakistan,Wireless Noise-Canceling Headphones,2025-10-13,Electronics,2.0,1271.64,0.14,20.0,2.0,1.0,0.0,0,13,42,10,4,286,0,0.0,1.0,-0.8660254037844386,0.5000000000000001,2.0,1,0.0,1,0.0,1,0.0,1,0.2857142857142857,0.7559289460184657,0.0,2.0,0.14285714285714285,0.75,1.7347216662217726,0.0,6.0,0.38095238095238093,1,1253.08,18.560000000000173,0.014811504453027879,False,False,True,False,False,False,False,False,False,False,False,False,False,False,False,False,False,False,False,False,False,False,False,False,False,False,False,False,False,True,False,False,False,True,False,False
Pakistan,Wireless Noise-Canceling Headphones,2025-10-14,Electronics,3.0,133.24,0.06,20.0,2.0,1.0,0.0,1,14,42,10,4,287,0,0.7818314824680298,0.6234898018587336,-0.8660254037844386,0.5000000000000001,2.0,1,0.0,1,0.0,1,0.0,1,0.5714285714285714,0.9759000729485404,0.0,2.0,0.2857142857142857,0.8214285714285714,1.7438478405541222,0.0,6.0,0.6956521739130435,1,1271.64,-1138.4,-0.8952219181529364,False,False,True,False,False,False,False,False,False,False,False,False,False,False,False,False,False,False,False,False,False,False,False,False,False,False,False,False,False,True,False,False,False,True,False,False
Pakistan,Wireless Noise-Canceling Headphones,2025-10-15,Electronics,0.0,133.24,,20.0,2.0,0.0,0.0,2,15,42,10,4,288,0,0.9749279121818236,-0.22252093395631434,-0.8660254037844386,0.5000000000000001,3.0,1,0.0,1,0.0,1,0.0,1,1.0,1.2909944487358094,0.0,3.0,0.5,0.9285714285714286,1.7832257792815147,0.0,6.0,1.0769230769230769,0,133.24,0.0,0.0,False,False,True,False,False,False,False,False,False,False,False,False,False,False,False,False,False,False,False,False,False,False,False,False,False,False,False,False,False,True,False,False,False,True,False,False
Pakistan,Wireless Noise-Canceling Headphones,2025-10-16,Electronics,3.0,939.04,0.12,20.0,2.0,1.0,0.0,3,16,42,10,4,289,0,0.43388373911755823,-0.900968867902419,-0.8660254037844386,0.5000000000000001,0.0,1,0.0,1,0.0,1,1.0,1,1.0,1.2909944487358094,0.0,3.0,0.5,0.9285714285714286,1.7832257792815147,0.0,6.0,1.0769230769230769,1,133.24,805.8,6.047733413389372,False,False,True,False,False,False,False,False,False,False,False,False,False,False,False,False,False,False,False,False,False,False,False,False,False,False,False,False,False,True,False,False,False,True,False,False
Pakistan,Wireless Noise-Canceling Headphones,2025-10-17,Electronics,1.0,110.63,0.02,20.0,2.0,1.0,0.0,4,17,42,10,4,290,0,-0.433883739117558,-0.9009688679024191,-0.8660254037844386,0.5000000000000001,3.0,1,0.0,1,0.0,1,6.0,1,1.4285714285714286,1.3972762620115455,0.0,3.0,0.7142857142857143,1.0,1.82574185835055,0.0,6.0,1.4285714285714286,1,939.04,-828.41,-0.8821881921962855,False,False,True,False,False,False,False,False,False,False,False,False,False,False,False,False,False,False,False,False,False,False,False,False,False,False,False,False,False,True,False,False,False,True,False,False
Pakistan,Wireless Noise-Canceling Headphones,2025-10-18,Electronics,3.0,144.94,0.07,20.0,2.0,1.0,0.0,5,18,42,10,4,291,1,-0.9749279121818236,-0.2225209339563146,-0.8660254037844386,0.5000000000000001,1.0,1,0.0,1,0.0,1,6.0,1,1.5714285714285714,1.272418020560705,0.0,3.0,0.7857142857142857,0.8214285714285714,1.5408889072021412,0.0,6.0,1.9130434782608696,1,110.63,34.31,0.3101328753502667,False,False,True,False,False,False,False,False,False,False,False,False,False,False,False,False,False,False,False,False,False,False,False,False,False,False,False,False,False,True,False,False,False,True,False,False
Pakistan,Wireless Noise-Canceling Headphones,2025-10-19,Electronics,0.0,144.94,,20.0,2.0,0.0,0.0,6,19,42,10,4,292,1,-0.7818314824680299,0.6234898018587334,-0.8660254037844386,0.5000000000000001,3.0,1,2.0,1,0.0,1,0.0,1,2.0,1.154700538379251,0.0,3.0,1.0,0.7142857142857143,1.2429696476477328,0.0,4.0,2.8,0,144.94,0.0,0.0,False,False,True,False,False,False,False,False,False,False,False,False,False,False,False,False,False,False,False,False,False,False,False,False,False,False,False,False,False,True,False,False,False,True,False,False
Pakistan,Wireless Noise-Canceling Headphones,2025-10-20,Electronics,0.0,144.94,,20.0,2.0,0.0,0.0,0,20,43,10,4,293,0,0.0,1.0,-0.8660254037844386,0.5000000000000001,0.0,1,2.0,1,0.0,1,2.0,1,1.7142857142857142,1.3801311186847092,0.0,3.0,1.0,0.7142857142857143,1.2429696476477328,0.0,4.0,2.4,0,144.94,0.0,0.0,False,False,True,False,False,False,False,False,False,False,False,False,False,False,False,False,False,False,False,False,False,False,False,False,False,False,False,False,False,True,False,False,False,True,False,False
Pakistan,Wireless Noise-Canceling Headphones,2025-10-21,Electronics,0.0,144.94,,20.0,2.0,0.0,0.0,1,21,43,10,4,294,0,0.7818314824680298,0.6234898018587336,-0.8660254037844386,0.5000000000000001,0.0,1,3.0,1,0.0,1,0.0,1,1.4285714285714286,1.5118578920369108,0.0,3.0,1.0,0.6428571428571429,1.2236643728385987,0.0,4.0,2.2222222222222223,0,144.94,0.0,0.0,False,False,True,False,False,False,False,False,False,False,False,False,False,False,False,False,False,False,False,False,False,False,False,False,False,False,False,False,False,True,False,False,False,True,False,False
Pakistan,Wireless Noise-Canceling Headphones,2025-10-22,Electronics,0.0,144.94,,20.0,2.0,0.0,0.0,2,22,43,10,4,295,0,0.9749279121818236,-0.22252093395631434,-0.8660254037844386,0.5000000000000001,0.0,1,0.0,1,0.0,1,0.0,1,1.0,1.4142135623730987,0.0,3.0,1.0,0.6428571428571429,1.2236643728385987,0.0,4.0,1.5555555555555554,0,144.94,0.0,0.0,False,False,True,False,False,False,False,False,False,False,False,False,False,False,False,False,False,False,False,False,False,False,False,False,False,False,False,False,False,True,False,False,False,True,False,False
Pakistan,Wireless Noise-Canceling Headphones,2025-10-23,Electronics,0.0,144.94,,20.0,2.0,0.0,0.0,3,23,43,10,4,296,0,0.43388373911755823,-0.900968867902419,-0.8660254037844386,0.5000000000000001,0.0,1,3.0,1,0.0,1,0.0,1,1.0,1.4142135623730987,0.0,3.0,1.0,0.6428571428571429,1.2236643728385987,0.0,4.0,1.5555555555555554,0,144.94,0.0,0.0,False,False,True,False,False,False,False,False,False,False,False,False,False,False,False,False,False,False,False,False,False,False,False,False,False,False,False,False,False,True,False,False,False,True,False,False
Pakistan,Wireless Noise-Canceling Headphones,2025-10-24,Electronics,0.0,144.94,,20.0,2.0,0.0,0.0,4,24,43,10,4,297,0,-0.433883739117558,-0.9009688679024191,-0.8660254037844386,0.5000000000000001,0.0,1,1.0,1,0.0,1,0.0,1,0.5714285714285714,1.1338934190276881,0.0,3.0,1.0,0.6428571428571429,1.2236643728385987,0.0,4.0,0.8888888888888887,0,144.94,0.0,0.0,False,False,True,False,False,False,False,False,False,False,False,False,False,False,False,False,False,False,False,False,False,False,False,False,False,False,False,False,False,True,False,False,False,True,False,False
Pakistan,Wireless Noise-Canceling Headphones,2025-10-25,Electronics,4.0,470.72999999999996,0.1,20.0,2.0,1.0,0.0,5,25,43,10,4,298,1,-0.9749279121818236,-0.2225209339563146,-0.8660254037844386,0.5000000000000001,0.0,1,3.0,1,0.0,1,0.0,1,0.42857142857142855,1.1338934190276888,0.0,3.0,1.0,0.6428571428571429,1.2236643728385987,0.0,4.0,0.6666666666666666,1,144.94,325.78999999999996,2.2477576928384155,False,False,True,False,False,False,False,False,False,False,False,False,False,False,False,False,False,False,False,False,False,False,False,False,False,False,False,False,False,True,False,False,False,True,False,False
Pakistan,Wireless Noise-Canceling Headphones,2025-10-26,Electronics,0.0,470.72999999999996,,20.0,2.0,0.0,0.0,6,26,43,10,4,299,1,-0.7818314824680299,0.6234898018587334,-0.8660254037844386,0.5000000000000001,4.0,1,0.0,1,2.0,1,4.0,1,0.5714285714285714,1.5118578920369137,0.0,4.0,1.2857142857142858,0.7857142857142857,1.3705133630530069,0.0,4.0,0.7272727272727273,0,470.72999999999996,0.0,0.0,False,False,True,False,False,False,False,False,False,False,False,False,False,False,False,False,False,False,False,False,False,False,False,False,False,False,False,False,False,True,False,False,False,True,False,False
Pakistan,Wireless Noise-Canceling Headphones,2025-10-27,Electronics,0.0,470.72999999999996,,20.0,2.0,0.0,0.0,0,27,44,10,4,300,0,0.0,1.0,-0.8660254037844386,0.5000000000000001,0.0,1,0.0,1,2.0,1,0.0,1,0.5714285714285714,1.5118578920369137,0.0,4.0,1.1428571428571428,0.6428571428571429,1.2236643728385987,0.0,4.0,0.8888888888888887,0,470.72999999999996,0.0,0.0,False,False,True,False,False,False,False,False,False,False,False,False,False,False,False,False,False,False,False,False,False,False,False,False,False,False,False,False,False,True,False,False,False,True,False,False
Pakistan,Wireless Noise-Canceling Headphones,2025-10-28,Electronics,0.0,470.72999999999996,,20.0,2.0,0.0,0.0,1,28,44,10,4,301,0,0.7818314824680298,0.6234898018587336,-0.8660254037844386,0.5000000000000001,0.0,1,0.0,1,3.0,1,0.0,1,0.5714285714285714,1.5118578920369137,0.0,4.0,1.0,0.6428571428571429,1.2236643728385987,0.0,4.0,0.8888888888888887,0,470.72999999999996,0.0,0.0,False,False,True,False,False,False,False,False,False,False,False,False,False,False,False,False,False,False,False,False,False,False,False,False,False,False,False,False,False,True,False,False,False,True,False,False
Pakistan,Wireless Noise-Canceling Headphones,2025-10-29,Electronics,0.0,470.72999999999996,,20.0,2.0,0.0,0.0,2,29,44,10,4,302,0,0.9749279121818236,-0.22252093395631434,-0.8660254037844386,0.5000000000000001,0.0,1,0.0,1,0.0,1,0.0,1,0.5714285714285714,1.5118578920369137,0.0,4.0,0.7857142857142857,0.6428571428571429,1.2236643728385987,0.0,4.0,0.8888888888888887,0,470.72999999999996,0.0,0.0,False,False,True,False,False,False,False,False,False,False,False,False,False,False,False,False,False,False,False,False,False,False,False,False,False,False,False,False,False,True,False,False,False,True,False,False
Pakistan,Wireless Noise-Canceling Headphones,2025-10-30,Electronics,0.0,470.72999999999996,,20.0,2.0,0.0,0.0,3,30,44,10,4,303,0,0.43388373911755823,-0.900968867902419,-0.8660254037844386,0.5000000000000001,0.0,1,0.0,1,3.0,1,0.0,1,0.5714285714285714,1.5118578920369137,0.0,4.0,0.7857142857142857,0.6428571428571429,1.2236643728385987,0.0,4.0,0.8888888888888887,0,470.72999999999996,0.0,0.0,False,False,True,False,False,False,False,False,False,False,False,False,False,False,False,False,False,False,False,False,False,False,False,False,False,False,False,False,False,True,False,False,False,True,False,False
Pakistan,Wireless Noise-Canceling Headphones,2025-10-31,Electronics,0.0,470.72999999999996,,20.0,2.0,0.0,0.0,4,31,44,10,4,304,0,-0.433883739117558,-0.9009688679024191,-0.8660254037844386,0.5000000000000001,0.0,1,0.0,1,1.0,1,0.0,1,0.5714285714285714,1.5118578920369137,0.0,4.0,0.5714285714285714,0.6428571428571429,1.2236643728385987,0.0,4.0,0.8888888888888887,0,470.72999999999996,0.0,0.0,False,False,True,False,False,False,False,False,False,False,False,False,False,False,False,False,False,False,False,False,False,False,False,False,False,False,False,False,False,True,False,False,False,True,False,False
Pakistan,Wireless Noise-Canceling Headphones,2025-11-01,Electronics,4.0,745.24,0.21,20.0,2.0,1.0,0.0,5,1,44,11,4,305,1,-0.9749279121818236,-0.2225209339563146,-0.5000000000000004,0.8660254037844384,0.0,1,4.0,1,3.0,1,0.0,1,0.5714285714285714,1.5118578920369137,0.0,4.0,0.5,0.6428571428571429,1.2236643728385987,0.0,4.0,0.8888888888888887,1,470.72999999999996,274.51000000000005,0.583158073630319,False,False,True,False,False,False,False,False,False,False,False,False,False,False,False,False,False,False,False,False,False,False,False,False,False,False,False,False,False,True,False,False,False,True,False,False
Pakistan,Wireless Noise-Canceling Headphones,2025-11-02,Electronics,4.0,119.69,0.19,20.0,2.0,1.0,0.0,6,2,44,11,4,306,1,-0.7818314824680299,0.6234898018587334,-0.5000000000000004,0.8660254037844384,4.0,1,0.0,1,0.0,1,0.0,1,0.5714285714285714,1.5118578920369137,0.0,4.0,0.5714285714285714,0.7857142857142857,1.3705133630530069,0.0,4.0,0.7272727272727273,1,745.24,-625.55,-0.8393940207181578,False,False,True,False,False,False,False,False,False,False,False,False,False,False,False,False,False,False,False,False,False,False,False,False,False,False,False,False,False,True,False,False,False,True,False,False
Pakistan,Wireless Noise-Canceling Headphones,2025-11-03,Electronics,4.0,407.63,0.15,20.0,2.0,1.0,0.0,0,3,45,11,4,307,0,0.0,1.0,-0.5000000000000004,0.8660254037844384,4.0,1,0.0,1,0.0,1,0.0,1,1.1428571428571428,1.9518001458970684,0.0,4.0,0.8571428571428571,0.9285714285714286,1.4889362702719022,0.0,4.0,1.2307692307692306,1,119.69,287.94,2.4057147631381066,False,False,True,False,False,False,False,False,False,False,False,False,False,False,False,False,False,False,False,False,False,False,False,False,False,False,False,False,False,True,False,False,False,True,False,False
Pakistan,Wireless Noise-Canceling Headphones,2025-11-04,Electronics,0.0,407.63,,20.0,2.0,0.0,0.0,1,4,45,11,4,308,0,0.7818314824680298,0.6234898018587336,-0.5000000000000004,0.8660254037844384,4.0,1,0.0,1,0.0,1,0.0,1,1.7142857142857142,2.1380899352993956,0.0,4.0,1.1428571428571428,1.0714285714285714,1.5853162186855658,0.0,4.0,1.5999999999999999,0,407.63,0.0,0.0,False,False,True,False,False,False,False,False,False,False,False,False,False,False,False,False,False,False,False,False,False,False,False,False,False,False,False,False,False,True,False,False,False,True,False,False
Pakistan,Wireless Noise-Canceling Headphones,2025-11-05,Electronics,3.0,1361.71,0.25,20.0,2.0,1.0,0.0,2,5,45,11,4,309,0,0.9749279121818236,-0.22252093395631434,-0.5000000000000004,0.8660254037844384,0.0,1,0.0,1,0.0,1,0.0,1,1.7142857142857142,2.1380899352993956,0.0,4.0,1.1428571428571428,1.0714285714285714,1.5853162186855658,0.0,4.0,1.5999999999999999,1,407.63,954.08,2.340553933714398,False,False,True,False,False,False,False,False,False,False,False,False,False,False,False,False,False,False,False,False,False,False,False,False,False,False,False,False,False,True,False,False,False,True,False,False
Pakistan,Wireless Noise-Canceling Headphones,2025-11-06,Electronics,7.0,762.63,0.28,20.0,2.0,1.0,0.0,3,6,45,11,4,310,0,0.43388373911755823,-0.900968867902419,-0.5000000000000004,0.8660254037844384,3.0,1,0.0,1,0.0,1,0.0,1,2.142857142857143,2.035400978396429,0.0,4.0,1.3571428571428572,1.1785714285714286,1.611384760558705,0.0,4.0,1.8181818181818181,1,1361.71,-599.08,-0.43994683155738007,False,False,True,False,False,False,False,False,False,False,False,False,False,False,False,False,False,False,False,False,False,False,False,False,False,False,False,False,False,True,False,False,False,True,False,False
Pakistan,Wireless Noise-Canceling Headphones,2025-11-07,Electronics,0.0,762.63,,20.0,2.0,0.0,0.0,4,7,45,11,4,311,0,-0.433883739117558,-0.9009688679024191,-0.5000000000000004,0.8660254037844384,7.0,1,0.0,1,0.0,1,0.0,1,3.142857142857143,2.4784787961282078,0.0,7.0,1.8571428571428572,1.4285714285714286,1.9327311596416419,0.0,7.0,2.1999999999999997,0,762.63,0.0,0.0,False,False,True,False,False,False,False,False,False,False,False,False,False,False,False,False,False,False,False,False,False,False,False,False,False,False,False,False,False,True,False,False,False,True,False,False
Pakistan,Wireless Noise-Canceling Headphones,2025-11-08,Electronics,4.0,302.35,0.2,20.0,2.0,1.0,0.0,5,8,45,11,4,312,1,-0.9749279121818236,-0.2225209339563146,-0.5000000000000004,0.8660254037844384,0.0,1,4.0,1,4.0,1,0.0,1,3.142857142857143,2.4784787961282078,0.0,7.0,1.8571428571428572,1.4285714285714286,1.9327311596416419,0.0,7.0,2.1999999999999997,1,762.63,-460.28,-0.603543002504491,False,False,True,False,False,False,False,False,False,False,False,False,False,False,False,False,False,False,False,False,False,False,False,False,False,False,False,False,False,True,False,False,False,True,False,False
Pakistan,Wireless Noise-Canceling Headphones,2025-11-09,Electronics,12.0,543.1475,0.26,20.0,2.0,1.0,1.0,6,9,45,11,4,313,1,-0.7818314824680299,0.6234898018587334,-0.5000000000000004,0.8660254037844384,4.0,1,4.0,1,0.0,1,2.0,1,3.142857142857143,2.4784787961282078,0.0,7.0,1.8571428571428572,1.5714285714285714,1.970684623068307,0.0,7.0,2.0,1,302.35,240.7975,0.7964197122540102,False,False,True,False,False,False,False,False,False,False,False,False,False,False,False,False,False,False,False,False,False,False,False,False,False,False,False,False,False,True,False,False,False,True,False,False
Pakistan,Wireless Noise-Canceling Headphones,2025-11-10,Electronics,0.0,543.1475,,20.0,2.0,0.0,0.0,0,10,46,11,4,314,0,0.0,1.0,-0.5000000000000004,0.8660254037844384,12.0,1,4.0,1,0.0,1,2.0,1,4.285714285714286,4.191828786034629,0.0,12.0,2.7142857142857144,1.9285714285714286,2.787917999598763,0.0,12.0,2.2222222222222223,0,543.1475,0.0,0.0,False,False,True,False,False,False,False,False,False,False,False,False,False,False,False,False,False,False,False,False,False,False,False,False,False,False,False,False,False,True,False,False,False,True,False,False
Pakistan,Wireless Noise-Canceling Headphones,2025-11-11,Electronics,0.0,543.1475,,20.0,2.0,0.0,0.0,1,11,46,11,4,315,0,0.7818314824680298,0.6234898018587336,-0.5000000000000004,0.8660254037844384,0.0,1,0.0,1,0.0,1,3.0,1,3.7142857142857144,4.498677054212184,0.0,12.0,2.7142857142857144,1.8571428571428572,2.8115408417381915,0.0,12.0,2.0,0,543.1475,0.0,0.0,False,False,True,False,False,False,False,False,False,False,False,False,False,False,False,False,False,False,False,False,False,False,False,False,False,False,False,False,False,True,False,False,False,True,False,False
Pakistan,Wireless Noise-Canceling Headphones,2025-11-12,Electronics,0.0,543.1475,,20.0,2.0,0.0,0.0,2,12,46,11,4,316,0,0.9749279121818236,-0.22252093395631434,-0.5000000000000004,0.8660254037844384,0.0,1,3.0,1,0.0,1,0.0,1,3.7142857142857144,4.498677054212184,0.0,12.0,2.7142857142857144,1.75,2.823512391016235,0.0,12.0,2.122448979591837,0,543.1475,0.0,0.0,False,False,True,False,False,False,False,False,False,False,False,False,False,False,False,False,False,False,False,False,False,False,False,False,False,False,False,False,False,True,False,False,False,True,False,False
Pakistan,Wireless Noise-Canceling Headphones,2025-11-13,Electronics,8.0,590.8666666666667,0.28,20.0,2.0,1.0,1.0,3,13,46,11,4,317,0,0.43388373911755823,-0.900968867902419,-0.5000000000000004,0.8660254037844384,0.0,1,7.0,1,0.0,1,3.0,1,3.2857142857142856,4.715728494951255,0.0,12.0,2.7142857142857144,1.75,2.823512391016235,0.0,12.0,1.8775510204081631,1,543.1475,47.71916666666664,0.08785673627636441,False,False,True,False,False,False,False,False,False,False,False,False,False,False,False,False,False,False,False,False,False,False,False,False,False,False,False,False,False,True,False,False,False,True,False,False
Pakistan,Wireless Noise-Canceling Headphones,2025-11-14,Electronics,0.0,590.8666666666667,,20.0,2.0,0.0,0.0,4,14,46,11,4,318,0,-0.433883739117558,-0.9009688679024191,-0.5000000000000004,0.8660254037844384,8.0,1,0.0,1,0.0,1,1.0,1,3.4285714285714284,4.859943170351645,0.0,12.0,3.2857142857142856,1.9285714285714286,3.0541843965357303,0.0,12.0,1.7777777777777777,0,590.8666666666667,0.0,0.0,False,False,True,False,False,False,False,False,False,False,False,False,False,False,False,False,False,False,False,False,False,False,False,False,False,False,False,False,False,True,False,False,False,True,False,False
Pakistan,Wireless Noise-Canceling Headphones,2025-11-15,Electronics,14.0,718.9466666666667,0.29,20.0,2.0,1.0,1.0,5,15,46,11,4,319,1,-0.9749279121818236,-0.2225209339563146,-0.5000000000000004,0.8660254037844384,0.0,1,4.0,1,4.0,1,3.0,1,3.4285714285714284,4.859943170351645,0.0,12.0,3.2857142857142856,1.8928571428571428,3.0712439959305864,0.0,12.0,1.8113207547169812,1,590.8666666666667,128.08000000000004,0.2167663319417805,False,False,True,False,False,False,False,False,False,False,False,False,False,False,False,False,False,False,False,False,False,False,False,False,False,False,False,False,False,True,False,False,False,True,False,False
Pakistan,Wireless Noise-Canceling Headphones,2025-11-16,Electronics,0.0,718.9466666666667,,20.0,2.0,0.0,0.0,6,16,46,11,4,320,1,-0.7818314824680299,0.6234898018587334,-0.5000000000000004,0.8660254037844384,14.0,1,12.0,1,4.0,1,0.0,1,4.857142857142857,6.309478885734049,0.0,14.0,4.0,2.2857142857142856,3.8283266130366482,0.0,14.0,2.125,0,718.9466666666667,0.0,0.0,False,False,True,False,False,False,False,False,False,False,False,False,False,False,False,False,False,False,False,False,False,False,False,False,False,False,False,False,False,True,False,False,False,True,False,False
Pakistan,Wireless Noise-Canceling Headphones,2025-11-17,Electronics,0.0,718.9466666666667,,20.0,2.0,0.0,0.0,0,17,47,11,4,321,0,0.0,1.0,-0.5000000000000004,0.8660254037844384,0.0,1,0.0,1,4.0,1,0.0,1,3.142857142857143,5.639993245521115,0.0,14.0,3.7142857142857144,2.2857142857142856,3.8283266130366482,0.0,14.0,1.375,0,718.9466666666667,0.0,0.0,False,False,True,False,False,False,False,False,False,False,False,False,False,False,False,False,False,False,False,False,False,False,False,False,False,False,False,False,False,True,False,False,False,True,False,False
Pakistan,Wireless Noise-Canceling Headphones,2025-11-18,Electronics,2.0,1374.49,0.25,20.0,2.0,1.0,0.0,1,18,47,11,4,322,0,0.7818314824680298,0.6234898018587336,-0.5000000000000004,0.8660254037844384,0.0,1,0.0,1,0.0,1,0.0,1,3.142857142857143,5.639993245521115,0.0,14.0,3.4285714285714284,2.2857142857142856,3.8283266130366482,0.0,14.0,1.375,1,718.9466666666667,655.5433333333333,0.9118107972774985,False,False,True,False,False,False,False,False,False,False,False,False,False,False,False,False,False,False,False,False,False,False,False,False,False,False,False,False,False,True,False,False,False,True,False,False
Pakistan,Wireless Noise-Canceling Headphones,2025-11-19,Electronics,0.0,1374.49,,20.0,2.0,0.0,0.0,2,19,47,11,4,323,0,0.9749279121818236,-0.22252093395631434,-0.5000000000000004,0.8660254037844384,2.0,1,0.0,1,3.0,1,0.0,1,3.4285714285714284,5.503245795502347,0.0,14.0,3.5714285714285716,2.357142857142857,3.8026724103342717,0.0,14.0,1.4545454545454544,0,1374.49,0.0,0.0,False,False,True,False,False,False,False,False,False,False,False,False,False,False,False,False,False,False,False,False,False,False,False,False,False,False,False,False,False,True,False,False,False,True,False,False
Pakistan,Wireless Noise-Canceling Headphones,2025-11-20,Electronics,0.0,1374.49,,20.0,2.0,0.0,0.0,3,20,47,11,4,324,0,0.43388373911755823,-0.900968867902419,-0.5000000000000004,0.8660254037844384,0.0,1,8.0,1,7.0,1,0.0,1,3.4285714285714284,5.503245795502347,0.0,14.0,3.357142857142857,2.357142857142857,3.8026724103342717,0.0,14.0,1.4545454545454544,0,1374.49,0.0,0.0,False,False,True,False,False,False,False,False,False,False,False,False,False,False,False,False,False,False,False,False,False,False,False,False,False,False,False,False,False,True,False,False,False,True,False,False
Pakistan,Wireless Noise-Canceling Headphones,2025-11-21,Electronics,12.0,1023.91,0.26,20.0,2.0,1.0,1.0,4,21,47,11,4,325,0,-0.433883739117558,-0.9009688679024191,-0.5000000000000004,0.8660254037844384,0.0,1,0.0,1,0.0,1,0.0,1,2.2857142857142856,5.219012860502955,0.0,14.0,2.857142857142857,2.357142857142857,3.8026724103342717,0.0,14.0,0.9696969696969696,1,1374.49,-350.58000000000004,-0.2550618774963805,False,False,True,False,False,False,False,False,False,False,False,False,False,False,False,False,False,False,False,False,False,False,False,False,False,False,False,False,False,True,False,False,False,True,False,False
Pakistan,Wireless Noise-Canceling Headphones,2025-11-22,Electronics,0.0,1023.91,,20.0,2.0,0.0,0.0,5,22,47,11,4,326,1,-0.9749279121818236,-0.2225209339563146,-0.5000000000000004,0.8660254037844384,12.0,1,14.0,1,4.0,1,4.0,1,4.0,6.218252702059208,0.0,14.0,3.7142857142857144,2.7857142857142856,4.1842486192787955,0.0,14.0,1.435897435897436,0,1023.91,0.0,0.0,False,False,True,False,False,False,False,False,False,False,False,False,False,False,False,False,False,False,False,False,False,False,False,False,False,False,False,False,False,True,False,False,False,True,False,False
Pakistan,Wireless Noise-Canceling Headphones,2025-11-23,Electronics,5.0,87.3,0.28,20.0,2.0,1.0,0.0,6,23,47,11,4,327,1,-0.7818314824680299,0.6234898018587334,-0.5000000000000004,0.8660254037844384,0.0,1,0.0,1,12.0,1,0.0,1,2.0,4.47213595499958,0.0,12.0,3.4285714285714284,2.642857142857143,4.209462759020053,0.0,14.0,0.7567567567567568,1,1023.91,-936.61,-0.914738600072272,False,False,True,False,False,False,False,False,False,False,False,False,False,False,False,False,False,False,False,False,False,False,False,False,False,False,False,False,False,True,False,False,False,True,False,False
Pakistan,Wireless Noise-Canceling Headphones,2025-11-24,Electronics,8.0,557.9233333333333,0.28,20.0,2.0,1.0,1.0,0,24,48,11,4,328,0,0.0,1.0,-0.5000000000000004,0.8660254037844384,5.0,1,0.0,1,0.0,1,0.0,1,2.7142857142857144,4.498677054212186,0.0,12.0,2.9285714285714284,2.8214285714285716,4.199237774120189,0.0,14.0,0.9620253164556962,1,87.3,470.6233333333333,5.390874379534173,False,False,True,False,False,False,False,False,False,False,False,False,False,False,False,False,False,False,False,False,False,False,False,False,False,False,False,False,False,True,False,False,False,True,False,False
Pakistan,Wireless Noise-Canceling Headphones,2025-11-25,Electronics,0.0,557.9233333333333,,20.0,2.0,0.0,0.0,1,25,48,11,4,329,0,0.7818314824680298,0.6234898018587336,-0.5000000000000004,0.8660254037844384,8.0,1,2.0,1,0.0,1,0.0,1,3.857142857142857,4.705619740571599,0.0,12.0,3.5,3.107142857142857,4.271692228772398,0.0,14.0,1.2413793103448276,0,557.9233333333333,0.0,0.0,False,False,True,False,False,False,False,False,False,False,False,False,False,False,False,False,False,False,False,False,False,False,False,False,False,False,False,False,False,True,False,False,False,True,False,False
